customer_id,customer_name,region,segment,order_id,order_date,amount,warehouse_id
CUST-JOIN-0001,Freight Account 1,Europe,Startup,ORD-00001,2026-08-01,938.89,WH-CHICAGO
CUST-JOIN-0001,Freight Account 1,Europe,Startup,ORD-07501,2026-08-21,4257.24,WH-DETROIT
CUST-JOIN-0002,Freight Account 2,North America,Startup,ORD-00002,2026-08-01,7585.45,WH-CHICAGO
CUST-JOIN-0002,Freight Account 2,North America,Startup,ORD-07502,2026-08-21,1104.83,WH-MIAMI
CUST-JOIN-0003,Freight Account 3,Asia Pacific,Startup,ORD-00003,2026-08-01,4563.49,WH-NEWYORK
CUST-JOIN-0003,Freight Account 3,Asia Pacific,Startup,ORD-07503,2026-08-21,2859.86,WH-DETROIT
CUST-JOIN-0004,Freight Account 4,Europe,SMB,ORD-00004,2026-08-01,4518.19,WH-NEWYORK
CUST-JOIN-0004,Freight Account 4,Europe,SMB,ORD-07504,2026-08-21,2315.51,WH-MIAMI
CUST-JOIN-0005,Freight Account 5,Europe,Startup,ORD-00005,2026-08-01,3092.29,WH-NEWYORK
CUST-JOIN-0005,Freight Account 5,Europe,Startup,ORD-07505,2026-08-22,3669.51,WH-MIAMI
CUST-JOIN-0006,Freight Account 6,Europe,SMB,ORD-00006,2026-08-01,4942.7,WH-MIAMI
CUST-JOIN-0006,Freight Account 6,Europe,SMB,ORD-07506,2026-08-22,2812.7,WH-DETROIT
CUST-JOIN-0007,Freight Account 7,North America,Startup,ORD-00007,2026-08-01,2130.75,WH-MIAMI
CUST-JOIN-0007,Freight Account 7,North America,Startup,ORD-07507,2026-08-22,3179.06,WH-NEWYORK
CUST-JOIN-0008,Freight Account 8,North America,Startup,ORD-00008,2026-08-01,6780.65,WH-NEWYORK
CUST-JOIN-0008,Freight Account 8,North America,Startup,ORD-07508,2026-08-22,1163.66,WH-CHICAGO
CUST-JOIN-0009,Freight Account 9,Europe,SMB,ORD-00009,2026-08-01,5885.98,WH-DETROIT
CUST-JOIN-0009,Freight Account 9,Europe,SMB,ORD-07509,2026-08-22,606.59,WH-MIAMI
CUST-JOIN-0010,Freight Account 10,Europe,SMB,ORD-00010,2026-08-01,1094.15,WH-DETROIT
CUST-JOIN-0010,Freight Account 10,Europe,SMB,ORD-07510,2026-08-22,767.87,WH-CHICAGO
CUST-JOIN-0011,Freight Account 11,Europe,Startup,ORD-00011,2026-08-01,5787.37,WH-NEWYORK
CUST-JOIN-0011,Freight Account 11,Europe,Startup,ORD-07511,2026-08-22,2386.84,WH-CHICAGO
CUST-JOIN-0012,Freight Account 12,Europe,SMB,ORD-00012,2026-08-01,1438.84,WH-CHICAGO
CUST-JOIN-0012,Freight Account 12,Europe,SMB,ORD-07512,2026-08-22,4913.01,WH-MIAMI
CUST-JOIN-0013,Freight Account 13,Asia Pacific,Startup,ORD-00013,2026-08-01,6674.4,WH-NEWYORK
CUST-JOIN-0013,Freight Account 13,Asia Pacific,Startup,ORD-07513,2026-08-22,2252.31,WH-MIAMI
CUST-JOIN-0014,Freight Account 14,Europe,Startup,ORD-00014,2026-08-01,6292.62,WH-NEWYORK
CUST-JOIN-0014,Freight Account 14,Europe,Startup,ORD-07514,2026-08-22,1265.33,WH-MIAMI
CUST-JOIN-0015,Freight Account 15,Europe,Startup,ORD-00015,2026-08-01,3964.71,WH-CHICAGO
CUST-JOIN-0015,Freight Account 15,Europe,Startup,ORD-07515,2026-08-22,417.5,WH-MIAMI
CUST-JOIN-0016,Freight Account 16,Europe,Startup,ORD-00016,2026-08-01,3914.93,WH-MIAMI
CUST-JOIN-0016,Freight Account 16,Europe,Startup,ORD-07516,2026-08-22,3888.24,WH-DETROIT
CUST-JOIN-0017,Freight Account 17,Europe,SMB,ORD-00017,2026-08-01,5327.61,WH-CHICAGO
CUST-JOIN-0017,Freight Account 17,Europe,SMB,ORD-07517,2026-08-22,2035.53,WH-NEWYORK
CUST-JOIN-0018,Freight Account 18,North America,SMB,ORD-00018,2026-08-01,1079.03,WH-DETROIT
CUST-JOIN-0018,Freight Account 18,North America,SMB,ORD-07518,2026-08-22,1569.35,WH-MIAMI
CUST-JOIN-0019,Freight Account 19,North America,Startup,ORD-00019,2026-08-01,4001.61,WH-MIAMI
CUST-JOIN-0019,Freight Account 19,North America,Startup,ORD-07519,2026-08-22,3794.02,WH-NEWYORK
CUST-JOIN-0020,Freight Account 20,Europe,SMB,ORD-00020,2026-08-01,5401.13,WH-NEWYORK
CUST-JOIN-0020,Freight Account 20,Europe,SMB,ORD-07520,2026-08-22,605.27,WH-DETROIT
CUST-JOIN-0021,Freight Account 21,Asia Pacific,Startup,ORD-00021,2026-08-01,5831.37,WH-MIAMI
CUST-JOIN-0021,Freight Account 21,Asia Pacific,Startup,ORD-07521,2026-08-22,407.93,WH-MIAMI
CUST-JOIN-0022,Freight Account 22,Asia Pacific,Startup,ORD-00022,2026-08-01,6860.12,WH-DETROIT
CUST-JOIN-0022,Freight Account 22,Asia Pacific,Startup,ORD-07522,2026-08-22,1403.95,WH-DETROIT
CUST-JOIN-0023,Freight Account 23,Europe,Startup,ORD-00023,2026-08-01,7053.36,WH-CHICAGO
CUST-JOIN-0023,Freight Account 23,Europe,Startup,ORD-07523,2026-08-22,6130.95,WH-MIAMI
CUST-JOIN-0024,Freight Account 24,North America,SMB,ORD-00024,2026-08-01,5080.49,WH-MIAMI
CUST-JOIN-0024,Freight Account 24,North America,SMB,ORD-07524,2026-08-22,3044.23,WH-CHICAGO
CUST-JOIN-0025,Freight Account 25,Asia Pacific,Enterprise,ORD-00025,2026-08-02,7927.23,WH-CHICAGO
CUST-JOIN-0025,Freight Account 25,Asia Pacific,Enterprise,ORD-07525,2026-08-22,7606.93,WH-MIAMI
CUST-JOIN-0026,Freight Account 26,North America,SMB,ORD-00026,2026-08-02,7547.14,WH-CHICAGO
CUST-JOIN-0026,Freight Account 26,North America,SMB,ORD-07526,2026-08-22,4528.4,WH-CHICAGO
CUST-JOIN-0027,Freight Account 27,Asia Pacific,Startup,ORD-00027,2026-08-02,7343.22,WH-DETROIT
CUST-JOIN-0027,Freight Account 27,Asia Pacific,Startup,ORD-07527,2026-08-22,651.43,WH-NEWYORK
CUST-JOIN-0028,Freight Account 28,Europe,SMB,ORD-00028,2026-08-02,3537.97,WH-MIAMI
CUST-JOIN-0028,Freight Account 28,Europe,SMB,ORD-07528,2026-08-22,7065.84,WH-DETROIT
CUST-JOIN-0029,Freight Account 29,Europe,Startup,ORD-00029,2026-08-02,1562.03,WH-CHICAGO
CUST-JOIN-0029,Freight Account 29,Europe,Startup,ORD-07529,2026-08-23,805.69,WH-DETROIT
CUST-JOIN-0030,Freight Account 30,Asia Pacific,Startup,ORD-00030,2026-08-02,1124.22,WH-DETROIT
CUST-JOIN-0030,Freight Account 30,Asia Pacific,Startup,ORD-07530,2026-08-23,646.58,WH-CHICAGO
CUST-JOIN-0031,Freight Account 31,North America,Startup,ORD-00031,2026-08-02,2500.4,WH-NEWYORK
CUST-JOIN-0031,Freight Account 31,North America,Startup,ORD-07531,2026-08-23,1759.33,WH-MIAMI
CUST-JOIN-0032,Freight Account 32,North America,Startup,ORD-00032,2026-08-02,5208.47,WH-CHICAGO
CUST-JOIN-0032,Freight Account 32,North America,Startup,ORD-07532,2026-08-23,330.96,WH-CHICAGO
CUST-JOIN-0033,Freight Account 33,Europe,Startup,ORD-00033,2026-08-02,3068.32,WH-DETROIT
CUST-JOIN-0033,Freight Account 33,Europe,Startup,ORD-07533,2026-08-23,3439.9,WH-CHICAGO
CUST-JOIN-0034,Freight Account 34,Asia Pacific,Startup,ORD-00034,2026-08-02,866.82,WH-CHICAGO
CUST-JOIN-0034,Freight Account 34,Asia Pacific,Startup,ORD-07534,2026-08-23,7532.81,WH-DETROIT
CUST-JOIN-0035,Freight Account 35,Europe,Startup,ORD-00035,2026-08-02,6839.05,WH-MIAMI
CUST-JOIN-0035,Freight Account 35,Europe,Startup,ORD-07535,2026-08-23,6869.47,WH-NEWYORK
CUST-JOIN-0036,Freight Account 36,North America,Startup,ORD-00036,2026-08-02,1610.39,WH-NEWYORK
CUST-JOIN-0036,Freight Account 36,North America,Startup,ORD-07536,2026-08-23,7498.45,WH-DETROIT
CUST-JOIN-0037,Freight Account 37,Europe,SMB,ORD-00037,2026-08-02,2244.56,WH-MIAMI
CUST-JOIN-0037,Freight Account 37,Europe,SMB,ORD-07537,2026-08-23,2917.76,WH-DETROIT
CUST-JOIN-0038,Freight Account 38,Europe,Startup,ORD-00038,2026-08-02,1578.82,WH-NEWYORK
CUST-JOIN-0038,Freight Account 38,Europe,Startup,ORD-07538,2026-08-23,2181.04,WH-DETROIT
CUST-JOIN-0039,Freight Account 39,North America,SMB,ORD-00039,2026-08-02,5469.89,WH-CHICAGO
CUST-JOIN-0039,Freight Account 39,North America,SMB,ORD-07539,2026-08-23,4649.07,WH-DETROIT
CUST-JOIN-0040,Freight Account 40,North America,Startup,ORD-00040,2026-08-02,7521.04,WH-DETROIT
CUST-JOIN-0040,Freight Account 40,North America,Startup,ORD-07540,2026-08-23,526.7,WH-NEWYORK
CUST-JOIN-0041,Freight Account 41,Europe,Startup,ORD-00041,2026-08-02,652.31,WH-MIAMI
CUST-JOIN-0041,Freight Account 41,Europe,Startup,ORD-07541,2026-08-23,5612.34,WH-MIAMI
CUST-JOIN-0042,Freight Account 42,North America,Startup,ORD-00042,2026-08-02,203.4,WH-MIAMI
CUST-JOIN-0042,Freight Account 42,North America,Startup,ORD-07542,2026-08-23,6439.54,WH-DETROIT
CUST-JOIN-0043,Freight Account 43,Asia Pacific,Startup,ORD-00043,2026-08-02,4269.25,WH-DETROIT
CUST-JOIN-0043,Freight Account 43,Asia Pacific,Startup,ORD-07543,2026-08-23,5113.45,WH-MIAMI
CUST-JOIN-0044,Freight Account 44,Asia Pacific,Startup,ORD-00044,2026-08-02,4373.57,WH-DETROIT
CUST-JOIN-0044,Freight Account 44,Asia Pacific,Startup,ORD-07544,2026-08-23,7801.34,WH-CHICAGO
CUST-JOIN-0045,Freight Account 45,North America,Startup,ORD-00045,2026-08-02,2908.46,WH-NEWYORK
CUST-JOIN-0045,Freight Account 45,North America,Startup,ORD-07545,2026-08-23,2859.84,WH-NEWYORK
CUST-JOIN-0046,Freight Account 46,Europe,Startup,ORD-00046,2026-08-02,3418.03,WH-CHICAGO
CUST-JOIN-0046,Freight Account 46,Europe,Startup,ORD-07546,2026-08-23,6583.19,WH-CHICAGO
CUST-JOIN-0047,Freight Account 47,Europe,SMB,ORD-00047,2026-08-02,3305.67,WH-CHICAGO
CUST-JOIN-0047,Freight Account 47,Europe,SMB,ORD-07547,2026-08-23,2280.12,WH-MIAMI
CUST-JOIN-0048,Freight Account 48,Asia Pacific,Startup,ORD-00048,2026-08-02,914.83,WH-NEWYORK
CUST-JOIN-0048,Freight Account 48,Asia Pacific,Startup,ORD-07548,2026-08-23,4831.61,WH-DETROIT
CUST-JOIN-0049,Freight Account 49,Asia Pacific,Startup,ORD-00049,2026-08-03,6132.96,WH-NEWYORK
CUST-JOIN-0049,Freight Account 49,Asia Pacific,Startup,ORD-07549,2026-08-23,3045.81,WH-DETROIT
CUST-JOIN-0050,Freight Account 50,Asia Pacific,Startup,ORD-00050,2026-08-03,724.3,WH-NEWYORK
CUST-JOIN-0050,Freight Account 50,Asia Pacific,Startup,ORD-07550,2026-08-23,3620.15,WH-CHICAGO
CUST-JOIN-0051,Freight Account 51,North America,Startup,ORD-00051,2026-08-03,1857.66,WH-MIAMI
CUST-JOIN-0051,Freight Account 51,North America,Startup,ORD-07551,2026-08-23,6948.2,WH-CHICAGO
CUST-JOIN-0052,Freight Account 52,Europe,Startup,ORD-00052,2026-08-03,1450.09,WH-CHICAGO
CUST-JOIN-0052,Freight Account 52,Europe,Startup,ORD-07552,2026-08-23,6338.32,WH-NEWYORK
CUST-JOIN-0053,Freight Account 53,Europe,SMB,ORD-00053,2026-08-03,2536.85,WH-CHICAGO
CUST-JOIN-0053,Freight Account 53,Europe,SMB,ORD-07553,2026-08-24,1162.98,WH-NEWYORK
CUST-JOIN-0054,Freight Account 54,Europe,Startup,ORD-00054,2026-08-03,6461.75,WH-MIAMI
CUST-JOIN-0054,Freight Account 54,Europe,Startup,ORD-07554,2026-08-24,6173.61,WH-NEWYORK
CUST-JOIN-0055,Freight Account 55,Europe,SMB,ORD-00055,2026-08-03,5536.88,WH-NEWYORK
CUST-JOIN-0055,Freight Account 55,Europe,SMB,ORD-07555,2026-08-24,1945.59,WH-DETROIT
CUST-JOIN-0056,Freight Account 56,Europe,SMB,ORD-00056,2026-08-03,3366.21,WH-CHICAGO
CUST-JOIN-0056,Freight Account 56,Europe,SMB,ORD-07556,2026-08-24,5542.49,WH-NEWYORK
CUST-JOIN-0057,Freight Account 57,Europe,SMB,ORD-00057,2026-08-03,6629.24,WH-CHICAGO
CUST-JOIN-0057,Freight Account 57,Europe,SMB,ORD-07557,2026-08-24,2421.32,WH-DETROIT
CUST-JOIN-0058,Freight Account 58,Europe,Startup,ORD-00058,2026-08-03,3784.19,WH-DETROIT
CUST-JOIN-0058,Freight Account 58,Europe,Startup,ORD-07558,2026-08-24,4507.04,WH-CHICAGO
CUST-JOIN-0059,Freight Account 59,Europe,Startup,ORD-00059,2026-08-03,1269.27,WH-MIAMI
CUST-JOIN-0059,Freight Account 59,Europe,Startup,ORD-07559,2026-08-24,573.4,WH-NEWYORK
CUST-JOIN-0060,Freight Account 60,Asia Pacific,SMB,ORD-00060,2026-08-03,616.24,WH-NEWYORK
CUST-JOIN-0060,Freight Account 60,Asia Pacific,SMB,ORD-07560,2026-08-24,4598.56,WH-CHICAGO
CUST-JOIN-0061,Freight Account 61,North America,Startup,ORD-00061,2026-08-03,2981.98,WH-DETROIT
CUST-JOIN-0061,Freight Account 61,North America,Startup,ORD-07561,2026-08-24,850.5,WH-NEWYORK
CUST-JOIN-0062,Freight Account 62,Europe,Startup,ORD-00062,2026-08-03,7190.46,WH-MIAMI
CUST-JOIN-0062,Freight Account 62,Europe,Startup,ORD-07562,2026-08-24,2158.83,WH-CHICAGO
CUST-JOIN-0063,Freight Account 63,North America,SMB,ORD-00063,2026-08-03,3847.08,WH-CHICAGO
CUST-JOIN-0063,Freight Account 63,North America,SMB,ORD-07563,2026-08-24,7163.5,WH-MIAMI
CUST-JOIN-0064,Freight Account 64,Europe,Startup,ORD-00064,2026-08-03,2516.06,WH-DETROIT
CUST-JOIN-0064,Freight Account 64,Europe,Startup,ORD-07564,2026-08-24,3071.94,WH-NEWYORK
CUST-JOIN-0065,Freight Account 65,Asia Pacific,Startup,ORD-00065,2026-08-03,3439.72,WH-CHICAGO
CUST-JOIN-0065,Freight Account 65,Asia Pacific,Startup,ORD-07565,2026-08-24,582.78,WH-DETROIT
CUST-JOIN-0066,Freight Account 66,Asia Pacific,Startup,ORD-00066,2026-08-03,2014.67,WH-DETROIT
CUST-JOIN-0066,Freight Account 66,Asia Pacific,Startup,ORD-07566,2026-08-24,5628.09,WH-DETROIT
CUST-JOIN-0067,Freight Account 67,North America,SMB,ORD-00067,2026-08-03,1280.64,WH-CHICAGO
CUST-JOIN-0067,Freight Account 67,North America,SMB,ORD-07567,2026-08-24,5316.26,WH-CHICAGO
CUST-JOIN-0068,Freight Account 68,Asia Pacific,Enterprise,ORD-00068,2026-08-03,4016.5,WH-MIAMI
CUST-JOIN-0068,Freight Account 68,Asia Pacific,Enterprise,ORD-07568,2026-08-24,3206.23,WH-MIAMI
CUST-JOIN-0069,Freight Account 69,Asia Pacific,SMB,ORD-00069,2026-08-03,7578.15,WH-MIAMI
CUST-JOIN-0069,Freight Account 69,Asia Pacific,SMB,ORD-07569,2026-08-24,7662.19,WH-NEWYORK
CUST-JOIN-0070,Freight Account 70,Asia Pacific,Startup,ORD-00070,2026-08-03,1273.49,WH-DETROIT
CUST-JOIN-0070,Freight Account 70,Asia Pacific,Startup,ORD-07570,2026-08-24,5202.69,WH-NEWYORK
CUST-JOIN-0071,Freight Account 71,Europe,Startup,ORD-00071,2026-08-03,3352.95,WH-DETROIT
CUST-JOIN-0071,Freight Account 71,Europe,Startup,ORD-07571,2026-08-24,6845.06,WH-NEWYORK
CUST-JOIN-0072,Freight Account 72,North America,Startup,ORD-00072,2026-08-03,5522.18,WH-DETROIT
CUST-JOIN-0072,Freight Account 72,North America,Startup,ORD-07572,2026-08-24,2007.06,WH-DETROIT
CUST-JOIN-0073,Freight Account 73,Asia Pacific,SMB,ORD-00073,2026-08-04,691.48,WH-CHICAGO
CUST-JOIN-0073,Freight Account 73,Asia Pacific,SMB,ORD-07573,2026-08-24,2236.6,WH-CHICAGO
CUST-JOIN-0074,Freight Account 74,Europe,Enterprise,ORD-00074,2026-08-04,5783.02,WH-CHICAGO
CUST-JOIN-0074,Freight Account 74,Europe,Enterprise,ORD-07574,2026-08-24,4384.79,WH-NEWYORK
CUST-JOIN-0075,Freight Account 75,North America,Startup,ORD-00075,2026-08-04,1874.24,WH-CHICAGO
CUST-JOIN-0075,Freight Account 75,North America,Startup,ORD-07575,2026-08-24,3775.46,WH-MIAMI
CUST-JOIN-0076,Freight Account 76,Europe,SMB,ORD-00076,2026-08-04,2799.97,WH-DETROIT
CUST-JOIN-0076,Freight Account 76,Europe,SMB,ORD-07576,2026-08-24,6497.85,WH-CHICAGO
CUST-JOIN-0077,Freight Account 77,Europe,SMB,ORD-00077,2026-08-04,5904.22,WH-NEWYORK
CUST-JOIN-0077,Freight Account 77,Europe,SMB,ORD-07577,2026-08-25,2650.61,WH-CHICAGO
CUST-JOIN-0078,Freight Account 78,Asia Pacific,SMB,ORD-00078,2026-08-04,6795.74,WH-MIAMI
CUST-JOIN-0078,Freight Account 78,Asia Pacific,SMB,ORD-07578,2026-08-25,4249.39,WH-DETROIT
CUST-JOIN-0079,Freight Account 79,Europe,SMB,ORD-00079,2026-08-04,3013.72,WH-NEWYORK
CUST-JOIN-0079,Freight Account 79,Europe,SMB,ORD-07579,2026-08-25,5979.37,WH-CHICAGO
CUST-JOIN-0080,Freight Account 80,Europe,Startup,ORD-00080,2026-08-04,413.85,WH-MIAMI
CUST-JOIN-0080,Freight Account 80,Europe,Startup,ORD-07580,2026-08-25,2186.59,WH-NEWYORK
CUST-JOIN-0081,Freight Account 81,Asia Pacific,SMB,ORD-00081,2026-08-04,3673.57,WH-MIAMI
CUST-JOIN-0081,Freight Account 81,Asia Pacific,SMB,ORD-07581,2026-08-25,6862.75,WH-NEWYORK
CUST-JOIN-0082,Freight Account 82,North America,SMB,ORD-00082,2026-08-04,720.19,WH-CHICAGO
CUST-JOIN-0082,Freight Account 82,North America,SMB,ORD-07582,2026-08-25,4354.14,WH-MIAMI
CUST-JOIN-0083,Freight Account 83,North America,SMB,ORD-00083,2026-08-04,3149.4,WH-DETROIT
CUST-JOIN-0083,Freight Account 83,North America,SMB,ORD-07583,2026-08-25,3125.45,WH-CHICAGO
CUST-JOIN-0084,Freight Account 84,Europe,SMB,ORD-00084,2026-08-04,6189.68,WH-NEWYORK
CUST-JOIN-0084,Freight Account 84,Europe,SMB,ORD-07584,2026-08-25,6360.53,WH-NEWYORK
CUST-JOIN-0085,Freight Account 85,Europe,Startup,ORD-00085,2026-08-04,1496.72,WH-NEWYORK
CUST-JOIN-0085,Freight Account 85,Europe,Startup,ORD-07585,2026-08-25,2049.01,WH-DETROIT
CUST-JOIN-0086,Freight Account 86,Asia Pacific,Startup,ORD-00086,2026-08-04,3045.59,WH-DETROIT
CUST-JOIN-0086,Freight Account 86,Asia Pacific,Startup,ORD-07586,2026-08-25,5160.65,WH-MIAMI
CUST-JOIN-0087,Freight Account 87,North America,Startup,ORD-00087,2026-08-04,4775.84,WH-MIAMI
CUST-JOIN-0087,Freight Account 87,North America,Startup,ORD-07587,2026-08-25,460.9,WH-DETROIT
CUST-JOIN-0088,Freight Account 88,Asia Pacific,Startup,ORD-00088,2026-08-04,7066.05,WH-NEWYORK
CUST-JOIN-0088,Freight Account 88,Asia Pacific,Startup,ORD-07588,2026-08-25,3795.4,WH-MIAMI
CUST-JOIN-0089,Freight Account 89,Asia Pacific,SMB,ORD-00089,2026-08-04,5490.93,WH-DETROIT
CUST-JOIN-0089,Freight Account 89,Asia Pacific,SMB,ORD-07589,2026-08-25,3306.31,WH-CHICAGO
CUST-JOIN-0090,Freight Account 90,North America,Startup,ORD-00090,2026-08-04,7999.26,WH-DETROIT
CUST-JOIN-0090,Freight Account 90,North America,Startup,ORD-07590,2026-08-25,3178.08,WH-MIAMI
CUST-JOIN-0091,Freight Account 91,Europe,SMB,ORD-00091,2026-08-04,7822.78,WH-CHICAGO
CUST-JOIN-0091,Freight Account 91,Europe,SMB,ORD-07591,2026-08-25,5214.2,WH-DETROIT
CUST-JOIN-0092,Freight Account 92,Europe,Startup,ORD-00092,2026-08-04,7193.68,WH-NEWYORK
CUST-JOIN-0092,Freight Account 92,Europe,Startup,ORD-07592,2026-08-25,1450.6,WH-DETROIT
CUST-JOIN-0093,Freight Account 93,Asia Pacific,SMB,ORD-00093,2026-08-04,813.95,WH-NEWYORK
CUST-JOIN-0093,Freight Account 93,Asia Pacific,SMB,ORD-07593,2026-08-25,5215.03,WH-DETROIT
CUST-JOIN-0094,Freight Account 94,Asia Pacific,SMB,ORD-00094,2026-08-04,7777.36,WH-NEWYORK
CUST-JOIN-0094,Freight Account 94,Asia Pacific,SMB,ORD-07594,2026-08-25,4606.74,WH-NEWYORK
CUST-JOIN-0095,Freight Account 95,Asia Pacific,Startup,ORD-00095,2026-08-04,5162.79,WH-MIAMI
CUST-JOIN-0095,Freight Account 95,Asia Pacific,Startup,ORD-07595,2026-08-25,3445.47,WH-NEWYORK
CUST-JOIN-0096,Freight Account 96,Asia Pacific,Startup,ORD-00096,2026-08-04,2471.64,WH-NEWYORK
CUST-JOIN-0096,Freight Account 96,Asia Pacific,Startup,ORD-07596,2026-08-25,2255.47,WH-CHICAGO
CUST-JOIN-0097,Freight Account 97,North America,SMB,ORD-00097,2026-08-05,1706.86,WH-CHICAGO
CUST-JOIN-0097,Freight Account 97,North America,SMB,ORD-07597,2026-08-25,777.74,WH-DETROIT
CUST-JOIN-0098,Freight Account 98,Europe,Startup,ORD-00098,2026-08-05,2899.0,WH-NEWYORK
CUST-JOIN-0098,Freight Account 98,Europe,Startup,ORD-07598,2026-08-25,1942.35,WH-CHICAGO
CUST-JOIN-0099,Freight Account 99,Asia Pacific,Startup,ORD-00099,2026-08-05,2912.62,WH-DETROIT
CUST-JOIN-0099,Freight Account 99,Asia Pacific,Startup,ORD-07599,2026-08-25,5237.22,WH-MIAMI
CUST-JOIN-0100,Freight Account 100,North America,Enterprise,ORD-00100,2026-08-05,5371.75,WH-DETROIT
CUST-JOIN-0100,Freight Account 100,North America,Enterprise,ORD-07600,2026-08-25,5799.96,WH-MIAMI
CUST-JOIN-0101,Freight Account 101,Europe,Startup,ORD-00101,2026-08-05,7390.9,WH-MIAMI
CUST-JOIN-0101,Freight Account 101,Europe,Startup,ORD-07601,2026-08-26,840.58,WH-NEWYORK
CUST-JOIN-0102,Freight Account 102,North America,Startup,ORD-00102,2026-08-05,3717.14,WH-DETROIT
CUST-JOIN-0102,Freight Account 102,North America,Startup,ORD-07602,2026-08-26,2884.33,WH-DETROIT
CUST-JOIN-0103,Freight Account 103,Europe,Startup,ORD-00103,2026-08-05,923.11,WH-NEWYORK
CUST-JOIN-0103,Freight Account 103,Europe,Startup,ORD-07603,2026-08-26,2165.25,WH-MIAMI
CUST-JOIN-0104,Freight Account 104,North America,SMB,ORD-00104,2026-08-05,6016.3,WH-NEWYORK
CUST-JOIN-0104,Freight Account 104,North America,SMB,ORD-07604,2026-08-26,4397.24,WH-MIAMI
CUST-JOIN-0105,Freight Account 105,Europe,Startup,ORD-00105,2026-08-05,5216.05,WH-DETROIT
CUST-JOIN-0105,Freight Account 105,Europe,Startup,ORD-07605,2026-08-26,7117.34,WH-DETROIT
CUST-JOIN-0106,Freight Account 106,Asia Pacific,SMB,ORD-00106,2026-08-05,4173.18,WH-DETROIT
CUST-JOIN-0106,Freight Account 106,Asia Pacific,SMB,ORD-07606,2026-08-26,966.2,WH-DETROIT
CUST-JOIN-0107,Freight Account 107,Europe,SMB,ORD-00107,2026-08-05,1992.94,WH-DETROIT
CUST-JOIN-0107,Freight Account 107,Europe,SMB,ORD-07607,2026-08-26,7495.5,WH-NEWYORK
CUST-JOIN-0108,Freight Account 108,North America,SMB,ORD-00108,2026-08-05,7613.96,WH-MIAMI
CUST-JOIN-0108,Freight Account 108,North America,SMB,ORD-07608,2026-08-26,4931.16,WH-MIAMI
CUST-JOIN-0109,Freight Account 109,Europe,Startup,ORD-00109,2026-08-05,4921.02,WH-DETROIT
CUST-JOIN-0109,Freight Account 109,Europe,Startup,ORD-07609,2026-08-26,4249.8,WH-MIAMI
CUST-JOIN-0110,Freight Account 110,Asia Pacific,SMB,ORD-00110,2026-08-05,4820.23,WH-NEWYORK
CUST-JOIN-0110,Freight Account 110,Asia Pacific,SMB,ORD-07610,2026-08-26,6938.82,WH-MIAMI
CUST-JOIN-0111,Freight Account 111,Asia Pacific,SMB,ORD-00111,2026-08-05,720.38,WH-CHICAGO
CUST-JOIN-0111,Freight Account 111,Asia Pacific,SMB,ORD-07611,2026-08-26,5155.48,WH-MIAMI
CUST-JOIN-0112,Freight Account 112,Europe,Enterprise,ORD-00112,2026-08-05,4224.65,WH-MIAMI
CUST-JOIN-0112,Freight Account 112,Europe,Enterprise,ORD-07612,2026-08-26,2014.38,WH-DETROIT
CUST-JOIN-0113,Freight Account 113,Europe,SMB,ORD-00113,2026-08-05,7212.11,WH-CHICAGO
CUST-JOIN-0113,Freight Account 113,Europe,SMB,ORD-07613,2026-08-26,1182.76,WH-MIAMI
CUST-JOIN-0114,Freight Account 114,North America,Startup,ORD-00114,2026-08-05,628.92,WH-CHICAGO
CUST-JOIN-0114,Freight Account 114,North America,Startup,ORD-07614,2026-08-26,4706.22,WH-DETROIT
CUST-JOIN-0115,Freight Account 115,Asia Pacific,Startup,ORD-00115,2026-08-05,4236.24,WH-CHICAGO
CUST-JOIN-0115,Freight Account 115,Asia Pacific,Startup,ORD-07615,2026-08-26,3065.53,WH-DETROIT
CUST-JOIN-0116,Freight Account 116,North America,SMB,ORD-00116,2026-08-05,654.15,WH-DETROIT
CUST-JOIN-0116,Freight Account 116,North America,SMB,ORD-07616,2026-08-26,6164.41,WH-CHICAGO
CUST-JOIN-0117,Freight Account 117,North America,Startup,ORD-00117,2026-08-05,4105.3,WH-DETROIT
CUST-JOIN-0117,Freight Account 117,North America,Startup,ORD-07617,2026-08-26,445.95,WH-NEWYORK
CUST-JOIN-0118,Freight Account 118,Europe,Startup,ORD-00118,2026-08-05,699.97,WH-DETROIT
CUST-JOIN-0118,Freight Account 118,Europe,Startup,ORD-07618,2026-08-26,5140.26,WH-CHICAGO
CUST-JOIN-0119,Freight Account 119,Asia Pacific,SMB,ORD-00119,2026-08-05,2987.06,WH-CHICAGO
CUST-JOIN-0119,Freight Account 119,Asia Pacific,SMB,ORD-07619,2026-08-26,3263.14,WH-DETROIT
CUST-JOIN-0120,Freight Account 120,Asia Pacific,SMB,ORD-00120,2026-08-05,5271.03,WH-MIAMI
CUST-JOIN-0120,Freight Account 120,Asia Pacific,SMB,ORD-07620,2026-08-26,271.9,WH-MIAMI
CUST-JOIN-0121,Freight Account 121,North America,SMB,ORD-00121,2026-08-06,3926.33,WH-DETROIT
CUST-JOIN-0121,Freight Account 121,North America,SMB,ORD-07621,2026-08-26,6300.35,WH-CHICAGO
CUST-JOIN-0122,Freight Account 122,North America,Startup,ORD-00122,2026-08-06,429.36,WH-DETROIT
CUST-JOIN-0122,Freight Account 122,North America,Startup,ORD-07622,2026-08-26,5150.7,WH-NEWYORK
CUST-JOIN-0123,Freight Account 123,Europe,Enterprise,ORD-00123,2026-08-06,6372.4,WH-NEWYORK
CUST-JOIN-0123,Freight Account 123,Europe,Enterprise,ORD-07623,2026-08-26,2672.94,WH-DETROIT
CUST-JOIN-0124,Freight Account 124,North America,SMB,ORD-00124,2026-08-06,1948.69,WH-NEWYORK
CUST-JOIN-0124,Freight Account 124,North America,SMB,ORD-07624,2026-08-26,3783.57,WH-NEWYORK
CUST-JOIN-0125,Freight Account 125,Europe,SMB,ORD-00125,2026-08-06,4417.56,WH-MIAMI
CUST-JOIN-0125,Freight Account 125,Europe,SMB,ORD-07625,2026-08-27,2395.4,WH-NEWYORK
CUST-JOIN-0126,Freight Account 126,Asia Pacific,Startup,ORD-00126,2026-08-06,1775.55,WH-NEWYORK
CUST-JOIN-0126,Freight Account 126,Asia Pacific,Startup,ORD-07626,2026-08-27,2370.56,WH-CHICAGO
CUST-JOIN-0127,Freight Account 127,Europe,SMB,ORD-00127,2026-08-06,6445.71,WH-MIAMI
CUST-JOIN-0127,Freight Account 127,Europe,SMB,ORD-07627,2026-08-27,3715.34,WH-MIAMI
CUST-JOIN-0128,Freight Account 128,Europe,Startup,ORD-00128,2026-08-06,4760.39,WH-CHICAGO
CUST-JOIN-0128,Freight Account 128,Europe,Startup,ORD-07628,2026-08-27,4272.84,WH-NEWYORK
CUST-JOIN-0129,Freight Account 129,Europe,Startup,ORD-00129,2026-08-06,3321.47,WH-NEWYORK
CUST-JOIN-0129,Freight Account 129,Europe,Startup,ORD-07629,2026-08-27,3137.21,WH-MIAMI
CUST-JOIN-0130,Freight Account 130,North America,Startup,ORD-00130,2026-08-06,227.21,WH-DETROIT
CUST-JOIN-0130,Freight Account 130,North America,Startup,ORD-07630,2026-08-27,2434.85,WH-NEWYORK
CUST-JOIN-0131,Freight Account 131,North America,SMB,ORD-00131,2026-08-06,5882.39,WH-MIAMI
CUST-JOIN-0131,Freight Account 131,North America,SMB,ORD-07631,2026-08-27,2895.23,WH-MIAMI
CUST-JOIN-0132,Freight Account 132,North America,SMB,ORD-00132,2026-08-06,2398.52,WH-CHICAGO
CUST-JOIN-0132,Freight Account 132,North America,SMB,ORD-07632,2026-08-27,4766.95,WH-NEWYORK
CUST-JOIN-0133,Freight Account 133,Europe,Startup,ORD-00133,2026-08-06,4290.56,WH-MIAMI
CUST-JOIN-0133,Freight Account 133,Europe,Startup,ORD-07633,2026-08-27,3818.0,WH-CHICAGO
CUST-JOIN-0134,Freight Account 134,Asia Pacific,SMB,ORD-00134,2026-08-06,2708.47,WH-DETROIT
CUST-JOIN-0134,Freight Account 134,Asia Pacific,SMB,ORD-07634,2026-08-27,6801.27,WH-DETROIT
CUST-JOIN-0135,Freight Account 135,North America,Startup,ORD-00135,2026-08-06,4036.45,WH-CHICAGO
CUST-JOIN-0135,Freight Account 135,North America,Startup,ORD-07635,2026-08-27,3177.53,WH-NEWYORK
CUST-JOIN-0136,Freight Account 136,Asia Pacific,Startup,ORD-00136,2026-08-06,1690.8,WH-CHICAGO
CUST-JOIN-0136,Freight Account 136,Asia Pacific,Startup,ORD-07636,2026-08-27,6899.01,WH-NEWYORK
CUST-JOIN-0137,Freight Account 137,Europe,Enterprise,ORD-00137,2026-08-06,5305.45,WH-CHICAGO
CUST-JOIN-0137,Freight Account 137,Europe,Enterprise,ORD-07637,2026-08-27,3756.56,WH-MIAMI
CUST-JOIN-0138,Freight Account 138,Asia Pacific,SMB,ORD-00138,2026-08-06,6789.63,WH-NEWYORK
CUST-JOIN-0138,Freight Account 138,Asia Pacific,SMB,ORD-07638,2026-08-27,5068.44,WH-NEWYORK
CUST-JOIN-0139,Freight Account 139,Asia Pacific,Startup,ORD-00139,2026-08-06,2317.54,WH-MIAMI
CUST-JOIN-0139,Freight Account 139,Asia Pacific,Startup,ORD-07639,2026-08-27,5167.63,WH-DETROIT
CUST-JOIN-0140,Freight Account 140,North America,SMB,ORD-00140,2026-08-06,6678.49,WH-DETROIT
CUST-JOIN-0140,Freight Account 140,North America,SMB,ORD-07640,2026-08-27,2399.76,WH-CHICAGO
CUST-JOIN-0141,Freight Account 141,North America,SMB,ORD-00141,2026-08-06,5654.89,WH-DETROIT
CUST-JOIN-0141,Freight Account 141,North America,SMB,ORD-07641,2026-08-27,1315.79,WH-CHICAGO
CUST-JOIN-0142,Freight Account 142,North America,SMB,ORD-00142,2026-08-06,696.04,WH-MIAMI
CUST-JOIN-0142,Freight Account 142,North America,SMB,ORD-07642,2026-08-27,1505.25,WH-DETROIT
CUST-JOIN-0143,Freight Account 143,Europe,Enterprise,ORD-00143,2026-08-06,7810.15,WH-NEWYORK
CUST-JOIN-0143,Freight Account 143,Europe,Enterprise,ORD-07643,2026-08-27,766.4,WH-DETROIT
CUST-JOIN-0144,Freight Account 144,Asia Pacific,SMB,ORD-00144,2026-08-06,3071.78,WH-NEWYORK
CUST-JOIN-0144,Freight Account 144,Asia Pacific,SMB,ORD-07644,2026-08-27,2464.74,WH-CHICAGO
CUST-JOIN-0145,Freight Account 145,Europe,SMB,ORD-00145,2026-08-07,2074.26,WH-MIAMI
CUST-JOIN-0145,Freight Account 145,Europe,SMB,ORD-07645,2026-08-27,2998.0,WH-DETROIT
CUST-JOIN-0146,Freight Account 146,Europe,SMB,ORD-00146,2026-08-07,6790.5,WH-MIAMI
CUST-JOIN-0146,Freight Account 146,Europe,SMB,ORD-07646,2026-08-27,7019.5,WH-CHICAGO
CUST-JOIN-0147,Freight Account 147,Europe,SMB,ORD-00147,2026-08-07,2711.77,WH-NEWYORK
CUST-JOIN-0147,Freight Account 147,Europe,SMB,ORD-07647,2026-08-27,3759.32,WH-CHICAGO
CUST-JOIN-0148,Freight Account 148,Europe,SMB,ORD-00148,2026-08-07,4824.85,WH-NEWYORK
CUST-JOIN-0148,Freight Account 148,Europe,SMB,ORD-07648,2026-08-27,6716.92,WH-CHICAGO
CUST-JOIN-0149,Freight Account 149,Asia Pacific,Startup,ORD-00149,2026-08-07,4682.45,WH-MIAMI
CUST-JOIN-0149,Freight Account 149,Asia Pacific,Startup,ORD-07649,2026-08-28,4278.37,WH-CHICAGO
CUST-JOIN-0150,Freight Account 150,Asia Pacific,Startup,ORD-00150,2026-08-07,6626.58,WH-DETROIT
CUST-JOIN-0150,Freight Account 150,Asia Pacific,Startup,ORD-07650,2026-08-28,402.59,WH-DETROIT
CUST-JOIN-0151,Freight Account 151,North America,SMB,ORD-00151,2026-08-07,3035.14,WH-CHICAGO
CUST-JOIN-0151,Freight Account 151,North America,SMB,ORD-07651,2026-08-28,376.29,WH-MIAMI
CUST-JOIN-0152,Freight Account 152,Asia Pacific,Startup,ORD-00152,2026-08-07,4481.49,WH-MIAMI
CUST-JOIN-0152,Freight Account 152,Asia Pacific,Startup,ORD-07652,2026-08-28,3621.66,WH-NEWYORK
CUST-JOIN-0153,Freight Account 153,Europe,SMB,ORD-00153,2026-08-07,1303.28,WH-NEWYORK
CUST-JOIN-0153,Freight Account 153,Europe,SMB,ORD-07653,2026-08-28,7466.33,WH-DETROIT
CUST-JOIN-0154,Freight Account 154,Europe,SMB,ORD-00154,2026-08-07,3287.35,WH-MIAMI
CUST-JOIN-0154,Freight Account 154,Europe,SMB,ORD-07654,2026-08-28,2239.65,WH-MIAMI
CUST-JOIN-0155,Freight Account 155,North America,SMB,ORD-00155,2026-08-07,2104.11,WH-CHICAGO
CUST-JOIN-0155,Freight Account 155,North America,SMB,ORD-07655,2026-08-28,2726.67,WH-NEWYORK
CUST-JOIN-0156,Freight Account 156,Europe,SMB,ORD-00156,2026-08-07,3238.6,WH-DETROIT
CUST-JOIN-0156,Freight Account 156,Europe,SMB,ORD-07656,2026-08-28,2416.96,WH-MIAMI
CUST-JOIN-0157,Freight Account 157,North America,Startup,ORD-00157,2026-08-07,5344.05,WH-DETROIT
CUST-JOIN-0157,Freight Account 157,North America,Startup,ORD-07657,2026-08-28,4258.71,WH-NEWYORK
CUST-JOIN-0158,Freight Account 158,Europe,Startup,ORD-00158,2026-08-07,1155.25,WH-NEWYORK
CUST-JOIN-0158,Freight Account 158,Europe,Startup,ORD-07658,2026-08-28,1180.11,WH-MIAMI
CUST-JOIN-0159,Freight Account 159,Europe,Enterprise,ORD-00159,2026-08-07,7368.45,WH-MIAMI
CUST-JOIN-0159,Freight Account 159,Europe,Enterprise,ORD-07659,2026-08-28,4075.11,WH-NEWYORK
CUST-JOIN-0160,Freight Account 160,Asia Pacific,SMB,ORD-00160,2026-08-07,5630.06,WH-MIAMI
CUST-JOIN-0160,Freight Account 160,Asia Pacific,SMB,ORD-07660,2026-08-28,4202.86,WH-NEWYORK
CUST-JOIN-0161,Freight Account 161,Europe,SMB,ORD-00161,2026-08-07,7069.76,WH-MIAMI
CUST-JOIN-0161,Freight Account 161,Europe,SMB,ORD-07661,2026-08-28,954.6,WH-MIAMI
CUST-JOIN-0162,Freight Account 162,Europe,SMB,ORD-00162,2026-08-07,3877.41,WH-DETROIT
CUST-JOIN-0162,Freight Account 162,Europe,SMB,ORD-07662,2026-08-28,5704.23,WH-NEWYORK
CUST-JOIN-0163,Freight Account 163,Europe,SMB,ORD-00163,2026-08-07,4238.07,WH-MIAMI
CUST-JOIN-0163,Freight Account 163,Europe,SMB,ORD-07663,2026-08-28,4152.21,WH-DETROIT
CUST-JOIN-0164,Freight Account 164,Europe,Startup,ORD-00164,2026-08-07,4957.08,WH-MIAMI
CUST-JOIN-0164,Freight Account 164,Europe,Startup,ORD-07664,2026-08-28,3625.39,WH-DETROIT
CUST-JOIN-0165,Freight Account 165,Europe,SMB,ORD-00165,2026-08-07,2972.38,WH-MIAMI
CUST-JOIN-0165,Freight Account 165,Europe,SMB,ORD-07665,2026-08-28,7954.25,WH-NEWYORK
CUST-JOIN-0166,Freight Account 166,Europe,Startup,ORD-00166,2026-08-07,6491.29,WH-CHICAGO
CUST-JOIN-0166,Freight Account 166,Europe,Startup,ORD-07666,2026-08-28,2238.1,WH-DETROIT
CUST-JOIN-0167,Freight Account 167,Europe,SMB,ORD-00167,2026-08-07,3974.49,WH-MIAMI
CUST-JOIN-0167,Freight Account 167,Europe,SMB,ORD-07667,2026-08-28,4706.69,WH-MIAMI
CUST-JOIN-0168,Freight Account 168,Europe,SMB,ORD-00168,2026-08-07,1456.07,WH-NEWYORK
CUST-JOIN-0168,Freight Account 168,Europe,SMB,ORD-07668,2026-08-28,1365.94,WH-MIAMI
CUST-JOIN-0169,Freight Account 169,Europe,Startup,ORD-00169,2026-08-08,3384.95,WH-MIAMI
CUST-JOIN-0169,Freight Account 169,Europe,Startup,ORD-07669,2026-08-28,6626.93,WH-CHICAGO
CUST-JOIN-0170,Freight Account 170,Europe,SMB,ORD-00170,2026-08-08,5623.24,WH-MIAMI
CUST-JOIN-0170,Freight Account 170,Europe,SMB,ORD-07670,2026-08-28,3011.41,WH-MIAMI
CUST-JOIN-0171,Freight Account 171,Europe,Enterprise,ORD-00171,2026-08-08,5281.44,WH-CHICAGO
CUST-JOIN-0171,Freight Account 171,Europe,Enterprise,ORD-07671,2026-08-28,1638.21,WH-NEWYORK
CUST-JOIN-0172,Freight Account 172,North America,SMB,ORD-00172,2026-08-08,5347.55,WH-CHICAGO
CUST-JOIN-0172,Freight Account 172,North America,SMB,ORD-07672,2026-08-28,5324.61,WH-NEWYORK
CUST-JOIN-0173,Freight Account 173,Europe,Startup,ORD-00173,2026-08-08,5589.1,WH-DETROIT
CUST-JOIN-0173,Freight Account 173,Europe,Startup,ORD-07673,2026-08-29,2997.03,WH-NEWYORK
CUST-JOIN-0174,Freight Account 174,Europe,SMB,ORD-00174,2026-08-08,333.14,WH-DETROIT
CUST-JOIN-0174,Freight Account 174,Europe,SMB,ORD-07674,2026-08-29,1530.88,WH-CHICAGO
CUST-JOIN-0175,Freight Account 175,North America,Startup,ORD-00175,2026-08-08,3689.91,WH-MIAMI
CUST-JOIN-0175,Freight Account 175,North America,Startup,ORD-07675,2026-08-29,5337.28,WH-DETROIT
CUST-JOIN-0176,Freight Account 176,North America,Startup,ORD-00176,2026-08-08,6496.14,WH-CHICAGO
CUST-JOIN-0176,Freight Account 176,North America,Startup,ORD-07676,2026-08-29,331.31,WH-NEWYORK
CUST-JOIN-0177,Freight Account 177,Europe,Startup,ORD-00177,2026-08-08,4087.08,WH-CHICAGO
CUST-JOIN-0177,Freight Account 177,Europe,Startup,ORD-07677,2026-08-29,1052.38,WH-MIAMI
CUST-JOIN-0178,Freight Account 178,Europe,SMB,ORD-00178,2026-08-08,4075.33,WH-DETROIT
CUST-JOIN-0178,Freight Account 178,Europe,SMB,ORD-07678,2026-08-29,5783.4,WH-MIAMI
CUST-JOIN-0179,Freight Account 179,Asia Pacific,Startup,ORD-00179,2026-08-08,1581.83,WH-NEWYORK
CUST-JOIN-0179,Freight Account 179,Asia Pacific,Startup,ORD-07679,2026-08-29,4687.24,WH-NEWYORK
CUST-JOIN-0180,Freight Account 180,Asia Pacific,SMB,ORD-00180,2026-08-08,1878.21,WH-CHICAGO
CUST-JOIN-0180,Freight Account 180,Asia Pacific,SMB,ORD-07680,2026-08-29,2047.59,WH-NEWYORK
CUST-JOIN-0181,Freight Account 181,Asia Pacific,SMB,ORD-00181,2026-08-08,3589.4,WH-MIAMI
CUST-JOIN-0181,Freight Account 181,Asia Pacific,SMB,ORD-07681,2026-08-29,4746.95,WH-MIAMI
CUST-JOIN-0182,Freight Account 182,Europe,Startup,ORD-00182,2026-08-08,243.51,WH-MIAMI
CUST-JOIN-0182,Freight Account 182,Europe,Startup,ORD-07682,2026-08-29,825.07,WH-DETROIT
CUST-JOIN-0183,Freight Account 183,North America,Startup,ORD-00183,2026-08-08,322.91,WH-NEWYORK
CUST-JOIN-0183,Freight Account 183,North America,Startup,ORD-07683,2026-08-29,5825.94,WH-NEWYORK
CUST-JOIN-0184,Freight Account 184,North America,SMB,ORD-00184,2026-08-08,1764.22,WH-NEWYORK
CUST-JOIN-0184,Freight Account 184,North America,SMB,ORD-07684,2026-08-29,6933.84,WH-NEWYORK
CUST-JOIN-0185,Freight Account 185,Europe,Enterprise,ORD-00185,2026-08-08,3536.69,WH-CHICAGO
CUST-JOIN-0185,Freight Account 185,Europe,Enterprise,ORD-07685,2026-08-29,1261.93,WH-NEWYORK
CUST-JOIN-0186,Freight Account 186,Asia Pacific,SMB,ORD-00186,2026-08-08,7754.41,WH-NEWYORK
CUST-JOIN-0186,Freight Account 186,Asia Pacific,SMB,ORD-07686,2026-08-29,4464.16,WH-MIAMI
CUST-JOIN-0187,Freight Account 187,Europe,Enterprise,ORD-00187,2026-08-08,6555.38,WH-NEWYORK
CUST-JOIN-0187,Freight Account 187,Europe,Enterprise,ORD-07687,2026-08-29,2308.57,WH-NEWYORK
CUST-JOIN-0188,Freight Account 188,Asia Pacific,SMB,ORD-00188,2026-08-08,7987.79,WH-MIAMI
CUST-JOIN-0188,Freight Account 188,Asia Pacific,SMB,ORD-07688,2026-08-29,4365.73,WH-MIAMI
CUST-JOIN-0189,Freight Account 189,North America,Enterprise,ORD-00189,2026-08-08,3174.98,WH-DETROIT
CUST-JOIN-0189,Freight Account 189,North America,Enterprise,ORD-07689,2026-08-29,835.83,WH-CHICAGO
CUST-JOIN-0190,Freight Account 190,Asia Pacific,SMB,ORD-00190,2026-08-08,7403.45,WH-DETROIT
CUST-JOIN-0190,Freight Account 190,Asia Pacific,SMB,ORD-07690,2026-08-29,4168.42,WH-DETROIT
CUST-JOIN-0191,Freight Account 191,Europe,Startup,ORD-00191,2026-08-08,1198.61,WH-NEWYORK
CUST-JOIN-0191,Freight Account 191,Europe,Startup,ORD-07691,2026-08-29,4602.55,WH-MIAMI
CUST-JOIN-0192,Freight Account 192,North America,Startup,ORD-00192,2026-08-08,7737.96,WH-CHICAGO
CUST-JOIN-0192,Freight Account 192,North America,Startup,ORD-07692,2026-08-29,2864.87,WH-NEWYORK
CUST-JOIN-0193,Freight Account 193,Europe,SMB,ORD-00193,2026-08-09,2772.27,WH-CHICAGO
CUST-JOIN-0193,Freight Account 193,Europe,SMB,ORD-07693,2026-08-29,6976.77,WH-CHICAGO
CUST-JOIN-0194,Freight Account 194,Europe,Startup,ORD-00194,2026-08-09,7786.98,WH-NEWYORK
CUST-JOIN-0194,Freight Account 194,Europe,Startup,ORD-07694,2026-08-29,5213.04,WH-CHICAGO
CUST-JOIN-0195,Freight Account 195,Asia Pacific,SMB,ORD-00195,2026-08-09,2528.23,WH-MIAMI
CUST-JOIN-0195,Freight Account 195,Asia Pacific,SMB,ORD-07695,2026-08-29,6444.44,WH-DETROIT
CUST-JOIN-0196,Freight Account 196,Europe,Startup,ORD-00196,2026-08-09,263.95,WH-CHICAGO
CUST-JOIN-0196,Freight Account 196,Europe,Startup,ORD-07696,2026-08-29,4845.91,WH-MIAMI
CUST-JOIN-0197,Freight Account 197,North America,Enterprise,ORD-00197,2026-08-09,3086.8,WH-NEWYORK
CUST-JOIN-0197,Freight Account 197,North America,Enterprise,ORD-07697,2026-08-30,6530.11,WH-MIAMI
CUST-JOIN-0198,Freight Account 198,Asia Pacific,Startup,ORD-00198,2026-08-09,5822.41,WH-MIAMI
CUST-JOIN-0198,Freight Account 198,Asia Pacific,Startup,ORD-07698,2026-08-30,5228.04,WH-MIAMI
CUST-JOIN-0199,Freight Account 199,Asia Pacific,SMB,ORD-00199,2026-08-09,4214.93,WH-MIAMI
CUST-JOIN-0199,Freight Account 199,Asia Pacific,SMB,ORD-07699,2026-08-30,1210.4,WH-DETROIT
CUST-JOIN-0200,Freight Account 200,North America,Startup,ORD-00200,2026-08-09,5005.29,WH-MIAMI
CUST-JOIN-0200,Freight Account 200,North America,Startup,ORD-07700,2026-08-30,6539.17,WH-MIAMI
CUST-JOIN-0201,Freight Account 201,North America,Startup,ORD-00201,2026-08-09,7644.18,WH-MIAMI
CUST-JOIN-0201,Freight Account 201,North America,Startup,ORD-07701,2026-08-30,1123.72,WH-NEWYORK
CUST-JOIN-0202,Freight Account 202,Asia Pacific,SMB,ORD-00202,2026-08-09,1130.92,WH-MIAMI
CUST-JOIN-0202,Freight Account 202,Asia Pacific,SMB,ORD-07702,2026-08-30,1625.72,WH-MIAMI
CUST-JOIN-0203,Freight Account 203,Europe,Enterprise,ORD-00203,2026-08-09,2844.86,WH-MIAMI
CUST-JOIN-0203,Freight Account 203,Europe,Enterprise,ORD-07703,2026-08-30,4302.53,WH-MIAMI
CUST-JOIN-0204,Freight Account 204,Asia Pacific,Startup,ORD-00204,2026-08-09,6516.93,WH-MIAMI
CUST-JOIN-0204,Freight Account 204,Asia Pacific,Startup,ORD-07704,2026-08-30,5273.15,WH-DETROIT
CUST-JOIN-0205,Freight Account 205,Asia Pacific,SMB,ORD-00205,2026-08-09,536.93,WH-MIAMI
CUST-JOIN-0205,Freight Account 205,Asia Pacific,SMB,ORD-07705,2026-08-30,5314.04,WH-CHICAGO
CUST-JOIN-0206,Freight Account 206,Europe,Enterprise,ORD-00206,2026-08-09,769.64,WH-MIAMI
CUST-JOIN-0206,Freight Account 206,Europe,Enterprise,ORD-07706,2026-08-30,5645.58,WH-NEWYORK
CUST-JOIN-0207,Freight Account 207,Europe,Startup,ORD-00207,2026-08-09,5287.49,WH-NEWYORK
CUST-JOIN-0207,Freight Account 207,Europe,Startup,ORD-07707,2026-08-30,7234.72,WH-DETROIT
CUST-JOIN-0208,Freight Account 208,Europe,Startup,ORD-00208,2026-08-09,6962.53,WH-DETROIT
CUST-JOIN-0208,Freight Account 208,Europe,Startup,ORD-07708,2026-08-30,1768.63,WH-MIAMI
CUST-JOIN-0209,Freight Account 209,Europe,SMB,ORD-00209,2026-08-09,5669.62,WH-NEWYORK
CUST-JOIN-0209,Freight Account 209,Europe,SMB,ORD-07709,2026-08-30,5571.22,WH-CHICAGO
CUST-JOIN-0210,Freight Account 210,Europe,Startup,ORD-00210,2026-08-09,5291.82,WH-MIAMI
CUST-JOIN-0210,Freight Account 210,Europe,Startup,ORD-07710,2026-08-30,7397.21,WH-CHICAGO
CUST-JOIN-0211,Freight Account 211,Asia Pacific,Startup,ORD-00211,2026-08-09,1322.55,WH-CHICAGO
CUST-JOIN-0211,Freight Account 211,Asia Pacific,Startup,ORD-07711,2026-08-30,5443.4,WH-DETROIT
CUST-JOIN-0212,Freight Account 212,Asia Pacific,SMB,ORD-00212,2026-08-09,7616.84,WH-DETROIT
CUST-JOIN-0212,Freight Account 212,Asia Pacific,SMB,ORD-07712,2026-08-30,802.65,WH-DETROIT
CUST-JOIN-0213,Freight Account 213,Asia Pacific,Startup,ORD-00213,2026-08-09,2982.59,WH-MIAMI
CUST-JOIN-0213,Freight Account 213,Asia Pacific,Startup,ORD-07713,2026-08-30,2512.35,WH-NEWYORK
CUST-JOIN-0214,Freight Account 214,Europe,SMB,ORD-00214,2026-08-09,6910.09,WH-MIAMI
CUST-JOIN-0214,Freight Account 214,Europe,SMB,ORD-07714,2026-08-30,7010.19,WH-CHICAGO
CUST-JOIN-0215,Freight Account 215,North America,Startup,ORD-00215,2026-08-09,1777.7,WH-DETROIT
CUST-JOIN-0215,Freight Account 215,North America,Startup,ORD-07715,2026-08-30,312.16,WH-DETROIT
CUST-JOIN-0216,Freight Account 216,Asia Pacific,Startup,ORD-00216,2026-08-09,1733.78,WH-NEWYORK
CUST-JOIN-0216,Freight Account 216,Asia Pacific,Startup,ORD-07716,2026-08-30,5832.8,WH-MIAMI
CUST-JOIN-0217,Freight Account 217,Asia Pacific,Startup,ORD-00217,2026-08-10,4175.73,WH-MIAMI
CUST-JOIN-0217,Freight Account 217,Asia Pacific,Startup,ORD-07717,2026-08-30,6180.23,WH-DETROIT
CUST-JOIN-0218,Freight Account 218,Asia Pacific,SMB,ORD-00218,2026-08-10,456.24,WH-DETROIT
CUST-JOIN-0218,Freight Account 218,Asia Pacific,SMB,ORD-07718,2026-08-30,5488.94,WH-DETROIT
CUST-JOIN-0219,Freight Account 219,Asia Pacific,SMB,ORD-00219,2026-08-10,5822.92,WH-MIAMI
CUST-JOIN-0219,Freight Account 219,Asia Pacific,SMB,ORD-07719,2026-08-30,5795.88,WH-NEWYORK
CUST-JOIN-0220,Freight Account 220,North America,Startup,ORD-00220,2026-08-10,5884.86,WH-CHICAGO
CUST-JOIN-0220,Freight Account 220,North America,Startup,ORD-07720,2026-08-30,5421.35,WH-DETROIT
CUST-JOIN-0221,Freight Account 221,Asia Pacific,Startup,ORD-00221,2026-08-10,852.06,WH-NEWYORK
CUST-JOIN-0221,Freight Account 221,Asia Pacific,Startup,ORD-07721,2026-08-31,4738.39,WH-NEWYORK
CUST-JOIN-0222,Freight Account 222,Asia Pacific,SMB,ORD-00222,2026-08-10,4973.31,WH-NEWYORK
CUST-JOIN-0222,Freight Account 222,Asia Pacific,SMB,ORD-07722,2026-08-31,7025.88,WH-NEWYORK
CUST-JOIN-0223,Freight Account 223,North America,Startup,ORD-00223,2026-08-10,5587.48,WH-MIAMI
CUST-JOIN-0223,Freight Account 223,North America,Startup,ORD-07723,2026-08-31,2607.55,WH-DETROIT
CUST-JOIN-0224,Freight Account 224,Europe,Startup,ORD-00224,2026-08-10,4597.23,WH-NEWYORK
CUST-JOIN-0224,Freight Account 224,Europe,Startup,ORD-07724,2026-08-31,5230.79,WH-NEWYORK
CUST-JOIN-0225,Freight Account 225,North America,SMB,ORD-00225,2026-08-10,4292.86,WH-DETROIT
CUST-JOIN-0225,Freight Account 225,North America,SMB,ORD-07725,2026-08-31,5684.82,WH-CHICAGO
CUST-JOIN-0226,Freight Account 226,Europe,SMB,ORD-00226,2026-08-10,6983.09,WH-DETROIT
CUST-JOIN-0226,Freight Account 226,Europe,SMB,ORD-07726,2026-08-31,5442.48,WH-MIAMI
CUST-JOIN-0227,Freight Account 227,North America,Startup,ORD-00227,2026-08-10,387.2,WH-MIAMI
CUST-JOIN-0227,Freight Account 227,North America,Startup,ORD-07727,2026-08-31,6025.94,WH-NEWYORK
CUST-JOIN-0228,Freight Account 228,North America,Startup,ORD-00228,2026-08-10,3911.43,WH-CHICAGO
CUST-JOIN-0228,Freight Account 228,North America,Startup,ORD-07728,2026-08-31,1741.9,WH-NEWYORK
CUST-JOIN-0229,Freight Account 229,Asia Pacific,SMB,ORD-00229,2026-08-10,1853.0,WH-DETROIT
CUST-JOIN-0229,Freight Account 229,Asia Pacific,SMB,ORD-07729,2026-08-31,7992.8,WH-NEWYORK
CUST-JOIN-0230,Freight Account 230,North America,Startup,ORD-00230,2026-08-10,4790.92,WH-DETROIT
CUST-JOIN-0230,Freight Account 230,North America,Startup,ORD-07730,2026-08-31,220.07,WH-DETROIT
CUST-JOIN-0231,Freight Account 231,Europe,Startup,ORD-00231,2026-08-10,3679.56,WH-CHICAGO
CUST-JOIN-0231,Freight Account 231,Europe,Startup,ORD-07731,2026-08-31,4766.03,WH-DETROIT
CUST-JOIN-0232,Freight Account 232,Asia Pacific,SMB,ORD-00232,2026-08-10,2619.54,WH-NEWYORK
CUST-JOIN-0232,Freight Account 232,Asia Pacific,SMB,ORD-07732,2026-08-31,4943.43,WH-CHICAGO
CUST-JOIN-0233,Freight Account 233,Europe,Startup,ORD-00233,2026-08-10,3730.48,WH-MIAMI
CUST-JOIN-0233,Freight Account 233,Europe,Startup,ORD-07733,2026-08-31,5163.98,WH-NEWYORK
CUST-JOIN-0234,Freight Account 234,Europe,Startup,ORD-00234,2026-08-10,3736.57,WH-NEWYORK
CUST-JOIN-0234,Freight Account 234,Europe,Startup,ORD-07734,2026-08-31,7290.32,WH-MIAMI
CUST-JOIN-0235,Freight Account 235,Europe,Startup,ORD-00235,2026-08-10,5692.61,WH-CHICAGO
CUST-JOIN-0235,Freight Account 235,Europe,Startup,ORD-07735,2026-08-31,7957.38,WH-NEWYORK
CUST-JOIN-0236,Freight Account 236,Europe,SMB,ORD-00236,2026-08-10,6665.41,WH-NEWYORK
CUST-JOIN-0236,Freight Account 236,Europe,SMB,ORD-07736,2026-08-31,2022.7,WH-DETROIT
CUST-JOIN-0237,Freight Account 237,Asia Pacific,Startup,ORD-00237,2026-08-10,2370.12,WH-MIAMI
CUST-JOIN-0237,Freight Account 237,Asia Pacific,Startup,ORD-07737,2026-08-31,276.83,WH-DETROIT
CUST-JOIN-0238,Freight Account 238,North America,Enterprise,ORD-00238,2026-08-10,4719.15,WH-NEWYORK
CUST-JOIN-0238,Freight Account 238,North America,Enterprise,ORD-07738,2026-08-31,503.03,WH-CHICAGO
CUST-JOIN-0239,Freight Account 239,Asia Pacific,Startup,ORD-00239,2026-08-10,223.08,WH-NEWYORK
CUST-JOIN-0239,Freight Account 239,Asia Pacific,Startup,ORD-07739,2026-08-31,2557.8,WH-MIAMI
CUST-JOIN-0240,Freight Account 240,North America,SMB,ORD-00240,2026-08-10,2400.97,WH-MIAMI
CUST-JOIN-0240,Freight Account 240,North America,SMB,ORD-07740,2026-08-31,4567.11,WH-CHICAGO
CUST-JOIN-0241,Freight Account 241,North America,Enterprise,ORD-00241,2026-08-11,4537.29,WH-NEWYORK
CUST-JOIN-0241,Freight Account 241,North America,Enterprise,ORD-07741,2026-08-31,1512.74,WH-DETROIT
CUST-JOIN-0242,Freight Account 242,Asia Pacific,Startup,ORD-00242,2026-08-11,7518.73,WH-CHICAGO
CUST-JOIN-0242,Freight Account 242,Asia Pacific,Startup,ORD-07742,2026-08-31,776.19,WH-NEWYORK
CUST-JOIN-0243,Freight Account 243,Asia Pacific,SMB,ORD-00243,2026-08-11,2611.61,WH-CHICAGO
CUST-JOIN-0243,Freight Account 243,Asia Pacific,SMB,ORD-07743,2026-08-31,440.03,WH-MIAMI
CUST-JOIN-0244,Freight Account 244,North America,Startup,ORD-00244,2026-08-11,5951.74,WH-CHICAGO
CUST-JOIN-0244,Freight Account 244,North America,Startup,ORD-07744,2026-08-31,2496.71,WH-NEWYORK
CUST-JOIN-0245,Freight Account 245,North America,SMB,ORD-00245,2026-08-11,3531.39,WH-CHICAGO
CUST-JOIN-0245,Freight Account 245,North America,SMB,ORD-07745,2026-09-01,2427.36,WH-CHICAGO
CUST-JOIN-0246,Freight Account 246,Asia Pacific,Startup,ORD-00246,2026-08-11,5480.89,WH-NEWYORK
CUST-JOIN-0246,Freight Account 246,Asia Pacific,Startup,ORD-07746,2026-09-01,6790.29,WH-DETROIT
CUST-JOIN-0247,Freight Account 247,North America,SMB,ORD-00247,2026-08-11,5082.14,WH-NEWYORK
CUST-JOIN-0247,Freight Account 247,North America,SMB,ORD-07747,2026-09-01,7035.6,WH-MIAMI
CUST-JOIN-0248,Freight Account 248,Asia Pacific,Startup,ORD-00248,2026-08-11,7229.43,WH-DETROIT
CUST-JOIN-0248,Freight Account 248,Asia Pacific,Startup,ORD-07748,2026-09-01,5123.49,WH-NEWYORK
CUST-JOIN-0249,Freight Account 249,Asia Pacific,Enterprise,ORD-00249,2026-08-11,1493.86,WH-MIAMI
CUST-JOIN-0249,Freight Account 249,Asia Pacific,Enterprise,ORD-07749,2026-09-01,1811.07,WH-CHICAGO
CUST-JOIN-0250,Freight Account 250,Asia Pacific,SMB,ORD-00250,2026-08-11,3986.84,WH-DETROIT
CUST-JOIN-0250,Freight Account 250,Asia Pacific,SMB,ORD-07750,2026-09-01,5379.38,WH-CHICAGO
CUST-JOIN-0251,Freight Account 251,Asia Pacific,SMB,ORD-00251,2026-08-11,3942.54,WH-NEWYORK
CUST-JOIN-0251,Freight Account 251,Asia Pacific,SMB,ORD-07751,2026-09-01,4502.86,WH-NEWYORK
CUST-JOIN-0252,Freight Account 252,North America,Startup,ORD-00252,2026-08-11,3261.3,WH-CHICAGO
CUST-JOIN-0252,Freight Account 252,North America,Startup,ORD-07752,2026-09-01,5276.49,WH-DETROIT
CUST-JOIN-0253,Freight Account 253,Asia Pacific,Startup,ORD-00253,2026-08-11,4700.61,WH-NEWYORK
CUST-JOIN-0253,Freight Account 253,Asia Pacific,Startup,ORD-07753,2026-09-01,1708.72,WH-CHICAGO
CUST-JOIN-0254,Freight Account 254,Europe,SMB,ORD-00254,2026-08-11,5158.06,WH-NEWYORK
CUST-JOIN-0254,Freight Account 254,Europe,SMB,ORD-07754,2026-09-01,7207.58,WH-CHICAGO
CUST-JOIN-0255,Freight Account 255,North America,Startup,ORD-00255,2026-08-11,2508.32,WH-DETROIT
CUST-JOIN-0255,Freight Account 255,North America,Startup,ORD-07755,2026-09-01,603.01,WH-CHICAGO
CUST-JOIN-0256,Freight Account 256,Asia Pacific,SMB,ORD-00256,2026-08-11,1926.3,WH-MIAMI
CUST-JOIN-0256,Freight Account 256,Asia Pacific,SMB,ORD-07756,2026-09-01,5273.46,WH-NEWYORK
CUST-JOIN-0257,Freight Account 257,North America,Enterprise,ORD-00257,2026-08-11,811.31,WH-NEWYORK
CUST-JOIN-0257,Freight Account 257,North America,Enterprise,ORD-07757,2026-09-01,2364.27,WH-MIAMI
CUST-JOIN-0258,Freight Account 258,North America,Startup,ORD-00258,2026-08-11,7745.42,WH-NEWYORK
CUST-JOIN-0258,Freight Account 258,North America,Startup,ORD-07758,2026-09-01,2229.08,WH-DETROIT
CUST-JOIN-0259,Freight Account 259,North America,Startup,ORD-00259,2026-08-11,1155.7,WH-MIAMI
CUST-JOIN-0259,Freight Account 259,North America,Startup,ORD-07759,2026-09-01,3714.74,WH-NEWYORK
CUST-JOIN-0260,Freight Account 260,Europe,SMB,ORD-00260,2026-08-11,6390.07,WH-DETROIT
CUST-JOIN-0260,Freight Account 260,Europe,SMB,ORD-07760,2026-09-01,6452.26,WH-CHICAGO
CUST-JOIN-0261,Freight Account 261,North America,Startup,ORD-00261,2026-08-11,4780.37,WH-CHICAGO
CUST-JOIN-0261,Freight Account 261,North America,Startup,ORD-07761,2026-09-01,6767.07,WH-NEWYORK
CUST-JOIN-0262,Freight Account 262,North America,Startup,ORD-00262,2026-08-11,4040.81,WH-CHICAGO
CUST-JOIN-0262,Freight Account 262,North America,Startup,ORD-07762,2026-09-01,7364.03,WH-MIAMI
CUST-JOIN-0263,Freight Account 263,North America,Startup,ORD-00263,2026-08-11,3546.13,WH-CHICAGO
CUST-JOIN-0263,Freight Account 263,North America,Startup,ORD-07763,2026-09-01,1361.84,WH-MIAMI
CUST-JOIN-0264,Freight Account 264,Europe,SMB,ORD-00264,2026-08-11,5279.16,WH-MIAMI
CUST-JOIN-0264,Freight Account 264,Europe,SMB,ORD-07764,2026-09-01,572.27,WH-NEWYORK
CUST-JOIN-0265,Freight Account 265,Europe,Startup,ORD-00265,2026-08-12,3341.7,WH-NEWYORK
CUST-JOIN-0265,Freight Account 265,Europe,Startup,ORD-07765,2026-09-01,7863.83,WH-NEWYORK
CUST-JOIN-0266,Freight Account 266,Europe,Enterprise,ORD-00266,2026-08-12,6965.73,WH-DETROIT
CUST-JOIN-0266,Freight Account 266,Europe,Enterprise,ORD-07766,2026-09-01,1786.82,WH-CHICAGO
CUST-JOIN-0267,Freight Account 267,Asia Pacific,Startup,ORD-00267,2026-08-12,806.74,WH-MIAMI
CUST-JOIN-0267,Freight Account 267,Asia Pacific,Startup,ORD-07767,2026-09-01,1015.89,WH-DETROIT
CUST-JOIN-0268,Freight Account 268,Europe,SMB,ORD-00268,2026-08-12,1437.97,WH-CHICAGO
CUST-JOIN-0268,Freight Account 268,Europe,SMB,ORD-07768,2026-09-01,6402.39,WH-CHICAGO
CUST-JOIN-0269,Freight Account 269,Asia Pacific,SMB,ORD-00269,2026-08-12,7680.35,WH-CHICAGO
CUST-JOIN-0269,Freight Account 269,Asia Pacific,SMB,ORD-07769,2026-09-02,1837.11,WH-CHICAGO
CUST-JOIN-0270,Freight Account 270,Europe,SMB,ORD-00270,2026-08-12,3721.81,WH-DETROIT
CUST-JOIN-0270,Freight Account 270,Europe,SMB,ORD-07770,2026-09-02,6816.33,WH-NEWYORK
CUST-JOIN-0271,Freight Account 271,Europe,Startup,ORD-00271,2026-08-12,6400.12,WH-DETROIT
CUST-JOIN-0271,Freight Account 271,Europe,Startup,ORD-07771,2026-09-02,7346.01,WH-NEWYORK
CUST-JOIN-0272,Freight Account 272,Europe,SMB,ORD-00272,2026-08-12,4227.02,WH-NEWYORK
CUST-JOIN-0272,Freight Account 272,Europe,SMB,ORD-07772,2026-09-02,5851.85,WH-DETROIT
CUST-JOIN-0273,Freight Account 273,Europe,Enterprise,ORD-00273,2026-08-12,6059.01,WH-NEWYORK
CUST-JOIN-0273,Freight Account 273,Europe,Enterprise,ORD-07773,2026-09-02,4440.78,WH-DETROIT
CUST-JOIN-0274,Freight Account 274,Asia Pacific,Startup,ORD-00274,2026-08-12,2998.22,WH-DETROIT
CUST-JOIN-0274,Freight Account 274,Asia Pacific,Startup,ORD-07774,2026-09-02,567.23,WH-CHICAGO
CUST-JOIN-0275,Freight Account 275,North America,Startup,ORD-00275,2026-08-12,5403.43,WH-DETROIT
CUST-JOIN-0275,Freight Account 275,North America,Startup,ORD-07775,2026-09-02,2095.08,WH-DETROIT
CUST-JOIN-0276,Freight Account 276,Europe,Startup,ORD-00276,2026-08-12,5827.79,WH-DETROIT
CUST-JOIN-0276,Freight Account 276,Europe,Startup,ORD-07776,2026-09-02,3473.78,WH-MIAMI
CUST-JOIN-0277,Freight Account 277,Asia Pacific,Startup,ORD-00277,2026-08-12,1619.04,WH-CHICAGO
CUST-JOIN-0277,Freight Account 277,Asia Pacific,Startup,ORD-07777,2026-09-02,5928.33,WH-CHICAGO
CUST-JOIN-0278,Freight Account 278,North America,SMB,ORD-00278,2026-08-12,2461.87,WH-DETROIT
CUST-JOIN-0278,Freight Account 278,North America,SMB,ORD-07778,2026-09-02,3019.69,WH-NEWYORK
CUST-JOIN-0279,Freight Account 279,Asia Pacific,SMB,ORD-00279,2026-08-12,5894.99,WH-DETROIT
CUST-JOIN-0279,Freight Account 279,Asia Pacific,SMB,ORD-07779,2026-09-02,7381.76,WH-MIAMI
CUST-JOIN-0280,Freight Account 280,Asia Pacific,Enterprise,ORD-00280,2026-08-12,7679.77,WH-CHICAGO
CUST-JOIN-0280,Freight Account 280,Asia Pacific,Enterprise,ORD-07780,2026-09-02,6817.17,WH-CHICAGO
CUST-JOIN-0281,Freight Account 281,Asia Pacific,Startup,ORD-00281,2026-08-12,7381.94,WH-DETROIT
CUST-JOIN-0281,Freight Account 281,Asia Pacific,Startup,ORD-07781,2026-09-02,3112.62,WH-DETROIT
CUST-JOIN-0282,Freight Account 282,Asia Pacific,Startup,ORD-00282,2026-08-12,1719.56,WH-MIAMI
CUST-JOIN-0282,Freight Account 282,Asia Pacific,Startup,ORD-07782,2026-09-02,658.48,WH-MIAMI
CUST-JOIN-0283,Freight Account 283,Europe,SMB,ORD-00283,2026-08-12,2502.62,WH-NEWYORK
CUST-JOIN-0283,Freight Account 283,Europe,SMB,ORD-07783,2026-09-02,5169.82,WH-DETROIT
CUST-JOIN-0284,Freight Account 284,North America,SMB,ORD-00284,2026-08-12,4911.71,WH-MIAMI
CUST-JOIN-0284,Freight Account 284,North America,SMB,ORD-07784,2026-09-02,5532.68,WH-CHICAGO
CUST-JOIN-0285,Freight Account 285,Asia Pacific,SMB,ORD-00285,2026-08-12,288.2,WH-NEWYORK
CUST-JOIN-0285,Freight Account 285,Asia Pacific,SMB,ORD-07785,2026-09-02,3383.44,WH-CHICAGO
CUST-JOIN-0286,Freight Account 286,Europe,Startup,ORD-00286,2026-08-12,638.34,WH-MIAMI
CUST-JOIN-0286,Freight Account 286,Europe,Startup,ORD-07786,2026-09-02,2245.72,WH-DETROIT
CUST-JOIN-0287,Freight Account 287,North America,Startup,ORD-00287,2026-08-12,7181.15,WH-DETROIT
CUST-JOIN-0287,Freight Account 287,North America,Startup,ORD-07787,2026-09-02,5016.48,WH-NEWYORK
CUST-JOIN-0288,Freight Account 288,Europe,SMB,ORD-00288,2026-08-12,2440.75,WH-DETROIT
CUST-JOIN-0288,Freight Account 288,Europe,SMB,ORD-07788,2026-09-02,3645.92,WH-NEWYORK
CUST-JOIN-0289,Freight Account 289,Europe,SMB,ORD-00289,2026-08-13,942.02,WH-MIAMI
CUST-JOIN-0289,Freight Account 289,Europe,SMB,ORD-07789,2026-09-02,4962.29,WH-DETROIT
CUST-JOIN-0290,Freight Account 290,Asia Pacific,Enterprise,ORD-00290,2026-08-13,5052.32,WH-NEWYORK
CUST-JOIN-0290,Freight Account 290,Asia Pacific,Enterprise,ORD-07790,2026-09-02,7621.84,WH-CHICAGO
CUST-JOIN-0291,Freight Account 291,Europe,SMB,ORD-00291,2026-08-13,3169.72,WH-DETROIT
CUST-JOIN-0291,Freight Account 291,Europe,SMB,ORD-07791,2026-09-02,6911.42,WH-DETROIT
CUST-JOIN-0292,Freight Account 292,Europe,Startup,ORD-00292,2026-08-13,672.85,WH-MIAMI
CUST-JOIN-0292,Freight Account 292,Europe,Startup,ORD-07792,2026-09-02,512.05,WH-DETROIT
CUST-JOIN-0293,Freight Account 293,North America,Startup,ORD-00293,2026-08-13,7990.94,WH-MIAMI
CUST-JOIN-0293,Freight Account 293,North America,Startup,ORD-07793,2026-09-03,7215.29,WH-DETROIT
CUST-JOIN-0294,Freight Account 294,North America,SMB,ORD-00294,2026-08-13,3312.55,WH-NEWYORK
CUST-JOIN-0294,Freight Account 294,North America,SMB,ORD-07794,2026-09-03,1740.13,WH-MIAMI
CUST-JOIN-0295,Freight Account 295,Asia Pacific,Startup,ORD-00295,2026-08-13,2797.21,WH-CHICAGO
CUST-JOIN-0295,Freight Account 295,Asia Pacific,Startup,ORD-07795,2026-09-03,2420.09,WH-MIAMI
CUST-JOIN-0296,Freight Account 296,Asia Pacific,SMB,ORD-00296,2026-08-13,2503.98,WH-CHICAGO
CUST-JOIN-0296,Freight Account 296,Asia Pacific,SMB,ORD-07796,2026-09-03,6119.42,WH-DETROIT
CUST-JOIN-0297,Freight Account 297,Europe,Startup,ORD-00297,2026-08-13,1353.33,WH-NEWYORK
CUST-JOIN-0297,Freight Account 297,Europe,Startup,ORD-07797,2026-09-03,2561.94,WH-NEWYORK
CUST-JOIN-0298,Freight Account 298,North America,Startup,ORD-00298,2026-08-13,7606.8,WH-CHICAGO
CUST-JOIN-0298,Freight Account 298,North America,Startup,ORD-07798,2026-09-03,3840.56,WH-DETROIT
CUST-JOIN-0299,Freight Account 299,Europe,Startup,ORD-00299,2026-08-13,5362.26,WH-NEWYORK
CUST-JOIN-0299,Freight Account 299,Europe,Startup,ORD-07799,2026-09-03,5465.04,WH-CHICAGO
CUST-JOIN-0300,Freight Account 300,North America,Enterprise,ORD-00300,2026-08-13,4359.09,WH-NEWYORK
CUST-JOIN-0300,Freight Account 300,North America,Enterprise,ORD-07800,2026-09-03,3711.91,WH-DETROIT
CUST-JOIN-0301,Freight Account 301,Europe,SMB,ORD-00301,2026-08-13,1098.88,WH-MIAMI
CUST-JOIN-0301,Freight Account 301,Europe,SMB,ORD-07801,2026-09-03,6669.1,WH-NEWYORK
CUST-JOIN-0302,Freight Account 302,North America,Startup,ORD-00302,2026-08-13,6891.57,WH-MIAMI
CUST-JOIN-0302,Freight Account 302,North America,Startup,ORD-07802,2026-09-03,7742.52,WH-DETROIT
CUST-JOIN-0303,Freight Account 303,Europe,Enterprise,ORD-00303,2026-08-13,691.27,WH-NEWYORK
CUST-JOIN-0303,Freight Account 303,Europe,Enterprise,ORD-07803,2026-09-03,5823.44,WH-MIAMI
CUST-JOIN-0304,Freight Account 304,North America,Startup,ORD-00304,2026-08-13,3466.1,WH-NEWYORK
CUST-JOIN-0304,Freight Account 304,North America,Startup,ORD-07804,2026-09-03,3048.98,WH-DETROIT
CUST-JOIN-0305,Freight Account 305,North America,Startup,ORD-00305,2026-08-13,1696.32,WH-CHICAGO
CUST-JOIN-0305,Freight Account 305,North America,Startup,ORD-07805,2026-09-03,3985.5,WH-NEWYORK
CUST-JOIN-0306,Freight Account 306,North America,Startup,ORD-00306,2026-08-13,5037.12,WH-MIAMI
CUST-JOIN-0306,Freight Account 306,North America,Startup,ORD-07806,2026-09-03,5584.32,WH-CHICAGO
CUST-JOIN-0307,Freight Account 307,North America,Startup,ORD-00307,2026-08-13,7481.23,WH-CHICAGO
CUST-JOIN-0307,Freight Account 307,North America,Startup,ORD-07807,2026-09-03,4716.39,WH-DETROIT
CUST-JOIN-0308,Freight Account 308,Europe,SMB,ORD-00308,2026-08-13,1532.32,WH-DETROIT
CUST-JOIN-0308,Freight Account 308,Europe,SMB,ORD-07808,2026-09-03,2755.86,WH-CHICAGO
CUST-JOIN-0309,Freight Account 309,Asia Pacific,SMB,ORD-00309,2026-08-13,1977.97,WH-CHICAGO
CUST-JOIN-0309,Freight Account 309,Asia Pacific,SMB,ORD-07809,2026-09-03,4889.34,WH-MIAMI
CUST-JOIN-0310,Freight Account 310,Asia Pacific,SMB,ORD-00310,2026-08-13,1013.87,WH-MIAMI
CUST-JOIN-0310,Freight Account 310,Asia Pacific,SMB,ORD-07810,2026-09-03,1596.45,WH-DETROIT
CUST-JOIN-0311,Freight Account 311,Asia Pacific,SMB,ORD-00311,2026-08-13,336.91,WH-DETROIT
CUST-JOIN-0311,Freight Account 311,Asia Pacific,SMB,ORD-07811,2026-09-03,7051.94,WH-CHICAGO
CUST-JOIN-0312,Freight Account 312,Europe,Enterprise,ORD-00312,2026-08-13,2953.54,WH-DETROIT
CUST-JOIN-0312,Freight Account 312,Europe,Enterprise,ORD-07812,2026-09-03,1202.43,WH-CHICAGO
CUST-JOIN-0313,Freight Account 313,North America,SMB,ORD-00313,2026-08-14,6331.47,WH-NEWYORK
CUST-JOIN-0313,Freight Account 313,North America,SMB,ORD-07813,2026-09-03,4227.47,WH-CHICAGO
CUST-JOIN-0314,Freight Account 314,Asia Pacific,Startup,ORD-00314,2026-08-14,4589.19,WH-CHICAGO
CUST-JOIN-0314,Freight Account 314,Asia Pacific,Startup,ORD-07814,2026-09-03,599.66,WH-MIAMI
CUST-JOIN-0315,Freight Account 315,North America,SMB,ORD-00315,2026-08-14,1485.98,WH-DETROIT
CUST-JOIN-0315,Freight Account 315,North America,SMB,ORD-07815,2026-09-03,819.12,WH-MIAMI
CUST-JOIN-0316,Freight Account 316,North America,Startup,ORD-00316,2026-08-14,6217.66,WH-CHICAGO
CUST-JOIN-0316,Freight Account 316,North America,Startup,ORD-07816,2026-09-03,538.44,WH-CHICAGO
CUST-JOIN-0317,Freight Account 317,Europe,Startup,ORD-00317,2026-08-14,4706.17,WH-NEWYORK
CUST-JOIN-0317,Freight Account 317,Europe,Startup,ORD-07817,2026-09-04,7956.46,WH-DETROIT
CUST-JOIN-0318,Freight Account 318,North America,Startup,ORD-00318,2026-08-14,5208.51,WH-DETROIT
CUST-JOIN-0318,Freight Account 318,North America,Startup,ORD-07818,2026-09-04,7996.73,WH-MIAMI
CUST-JOIN-0319,Freight Account 319,North America,SMB,ORD-00319,2026-08-14,4746.22,WH-NEWYORK
CUST-JOIN-0319,Freight Account 319,North America,SMB,ORD-07819,2026-09-04,2133.45,WH-MIAMI
CUST-JOIN-0320,Freight Account 320,Asia Pacific,Startup,ORD-00320,2026-08-14,7454.3,WH-CHICAGO
CUST-JOIN-0320,Freight Account 320,Asia Pacific,Startup,ORD-07820,2026-09-04,487.62,WH-CHICAGO
CUST-JOIN-0321,Freight Account 321,North America,SMB,ORD-00321,2026-08-14,6451.06,WH-CHICAGO
CUST-JOIN-0321,Freight Account 321,North America,SMB,ORD-07821,2026-09-04,5925.74,WH-DETROIT
CUST-JOIN-0322,Freight Account 322,Europe,Startup,ORD-00322,2026-08-14,7252.3,WH-DETROIT
CUST-JOIN-0322,Freight Account 322,Europe,Startup,ORD-07822,2026-09-04,2801.38,WH-NEWYORK
CUST-JOIN-0323,Freight Account 323,North America,Startup,ORD-00323,2026-08-14,3902.66,WH-DETROIT
CUST-JOIN-0323,Freight Account 323,North America,Startup,ORD-07823,2026-09-04,7709.34,WH-DETROIT
CUST-JOIN-0324,Freight Account 324,Europe,SMB,ORD-00324,2026-08-14,4336.07,WH-MIAMI
CUST-JOIN-0324,Freight Account 324,Europe,SMB,ORD-07824,2026-09-04,2900.49,WH-CHICAGO
CUST-JOIN-0325,Freight Account 325,Asia Pacific,SMB,ORD-00325,2026-08-14,5335.43,WH-NEWYORK
CUST-JOIN-0325,Freight Account 325,Asia Pacific,SMB,ORD-07825,2026-09-04,3555.09,WH-NEWYORK
CUST-JOIN-0326,Freight Account 326,Europe,Startup,ORD-00326,2026-08-14,7963.93,WH-CHICAGO
CUST-JOIN-0326,Freight Account 326,Europe,Startup,ORD-07826,2026-09-04,2432.9,WH-DETROIT
CUST-JOIN-0327,Freight Account 327,Asia Pacific,Startup,ORD-00327,2026-08-14,1637.52,WH-CHICAGO
CUST-JOIN-0327,Freight Account 327,Asia Pacific,Startup,ORD-07827,2026-09-04,7564.59,WH-NEWYORK
CUST-JOIN-0328,Freight Account 328,North America,SMB,ORD-00328,2026-08-14,1269.9,WH-DETROIT
CUST-JOIN-0328,Freight Account 328,North America,SMB,ORD-07828,2026-09-04,483.51,WH-NEWYORK
CUST-JOIN-0329,Freight Account 329,Asia Pacific,SMB,ORD-00329,2026-08-14,2909.23,WH-NEWYORK
CUST-JOIN-0329,Freight Account 329,Asia Pacific,SMB,ORD-07829,2026-09-04,5740.98,WH-NEWYORK
CUST-JOIN-0330,Freight Account 330,North America,SMB,ORD-00330,2026-08-14,6705.14,WH-DETROIT
CUST-JOIN-0330,Freight Account 330,North America,SMB,ORD-07830,2026-09-04,2786.58,WH-DETROIT
CUST-JOIN-0331,Freight Account 331,Asia Pacific,Startup,ORD-00331,2026-08-14,4937.95,WH-MIAMI
CUST-JOIN-0331,Freight Account 331,Asia Pacific,Startup,ORD-07831,2026-09-04,6751.36,WH-MIAMI
CUST-JOIN-0332,Freight Account 332,North America,Startup,ORD-00332,2026-08-14,1459.21,WH-CHICAGO
CUST-JOIN-0332,Freight Account 332,North America,Startup,ORD-07832,2026-09-04,4256.26,WH-MIAMI
CUST-JOIN-0333,Freight Account 333,North America,SMB,ORD-00333,2026-08-14,1801.61,WH-CHICAGO
CUST-JOIN-0333,Freight Account 333,North America,SMB,ORD-07833,2026-09-04,1313.97,WH-DETROIT
CUST-JOIN-0334,Freight Account 334,Asia Pacific,SMB,ORD-00334,2026-08-14,6574.23,WH-NEWYORK
CUST-JOIN-0334,Freight Account 334,Asia Pacific,SMB,ORD-07834,2026-09-04,1455.59,WH-NEWYORK
CUST-JOIN-0335,Freight Account 335,North America,SMB,ORD-00335,2026-08-14,1187.91,WH-NEWYORK
CUST-JOIN-0335,Freight Account 335,North America,SMB,ORD-07835,2026-09-04,2347.0,WH-MIAMI
CUST-JOIN-0336,Freight Account 336,Europe,SMB,ORD-00336,2026-08-14,3402.36,WH-CHICAGO
CUST-JOIN-0336,Freight Account 336,Europe,SMB,ORD-07836,2026-09-04,5639.59,WH-NEWYORK
CUST-JOIN-0337,Freight Account 337,Europe,Startup,ORD-00337,2026-08-15,2575.71,WH-CHICAGO
CUST-JOIN-0337,Freight Account 337,Europe,Startup,ORD-07837,2026-09-04,6982.9,WH-DETROIT
CUST-JOIN-0338,Freight Account 338,Europe,SMB,ORD-00338,2026-08-15,6732.96,WH-CHICAGO
CUST-JOIN-0338,Freight Account 338,Europe,SMB,ORD-07838,2026-09-04,839.61,WH-MIAMI
CUST-JOIN-0339,Freight Account 339,North America,Startup,ORD-00339,2026-08-15,4772.42,WH-CHICAGO
CUST-JOIN-0339,Freight Account 339,North America,Startup,ORD-07839,2026-09-04,2487.71,WH-NEWYORK
CUST-JOIN-0340,Freight Account 340,North America,SMB,ORD-00340,2026-08-15,1246.13,WH-NEWYORK
CUST-JOIN-0340,Freight Account 340,North America,SMB,ORD-07840,2026-09-04,4611.46,WH-MIAMI
CUST-JOIN-0341,Freight Account 341,Europe,SMB,ORD-00341,2026-08-15,7413.25,WH-CHICAGO
CUST-JOIN-0341,Freight Account 341,Europe,SMB,ORD-07841,2026-09-05,3341.36,WH-NEWYORK
CUST-JOIN-0342,Freight Account 342,Europe,Enterprise,ORD-00342,2026-08-15,1171.13,WH-CHICAGO
CUST-JOIN-0342,Freight Account 342,Europe,Enterprise,ORD-07842,2026-09-05,5897.89,WH-DETROIT
CUST-JOIN-0343,Freight Account 343,North America,SMB,ORD-00343,2026-08-15,725.36,WH-DETROIT
CUST-JOIN-0343,Freight Account 343,North America,SMB,ORD-07843,2026-09-05,252.77,WH-NEWYORK
CUST-JOIN-0344,Freight Account 344,Asia Pacific,SMB,ORD-00344,2026-08-15,3862.18,WH-DETROIT
CUST-JOIN-0344,Freight Account 344,Asia Pacific,SMB,ORD-07844,2026-09-05,1010.69,WH-DETROIT
CUST-JOIN-0345,Freight Account 345,Europe,SMB,ORD-00345,2026-08-15,5739.78,WH-MIAMI
CUST-JOIN-0345,Freight Account 345,Europe,SMB,ORD-07845,2026-09-05,1774.15,WH-NEWYORK
CUST-JOIN-0346,Freight Account 346,Europe,SMB,ORD-00346,2026-08-15,2746.24,WH-NEWYORK
CUST-JOIN-0346,Freight Account 346,Europe,SMB,ORD-07846,2026-09-05,1555.32,WH-MIAMI
CUST-JOIN-0347,Freight Account 347,North America,Startup,ORD-00347,2026-08-15,2320.54,WH-CHICAGO
CUST-JOIN-0347,Freight Account 347,North America,Startup,ORD-07847,2026-09-05,629.43,WH-NEWYORK
CUST-JOIN-0348,Freight Account 348,North America,Startup,ORD-00348,2026-08-15,5512.57,WH-DETROIT
CUST-JOIN-0348,Freight Account 348,North America,Startup,ORD-07848,2026-09-05,5598.25,WH-CHICAGO
CUST-JOIN-0349,Freight Account 349,Europe,SMB,ORD-00349,2026-08-15,1190.6,WH-CHICAGO
CUST-JOIN-0349,Freight Account 349,Europe,SMB,ORD-07849,2026-09-05,5318.81,WH-DETROIT
CUST-JOIN-0350,Freight Account 350,North America,Startup,ORD-00350,2026-08-15,2076.83,WH-CHICAGO
CUST-JOIN-0350,Freight Account 350,North America,Startup,ORD-07850,2026-09-05,293.45,WH-CHICAGO
CUST-JOIN-0351,Freight Account 351,Europe,Startup,ORD-00351,2026-08-15,6536.25,WH-DETROIT
CUST-JOIN-0351,Freight Account 351,Europe,Startup,ORD-07851,2026-09-05,3260.41,WH-DETROIT
CUST-JOIN-0352,Freight Account 352,Europe,SMB,ORD-00352,2026-08-15,7004.04,WH-DETROIT
CUST-JOIN-0352,Freight Account 352,Europe,SMB,ORD-07852,2026-09-05,6365.87,WH-MIAMI
CUST-JOIN-0353,Freight Account 353,Asia Pacific,SMB,ORD-00353,2026-08-15,3706.72,WH-NEWYORK
CUST-JOIN-0353,Freight Account 353,Asia Pacific,SMB,ORD-07853,2026-09-05,1644.3,WH-NEWYORK
CUST-JOIN-0354,Freight Account 354,Europe,SMB,ORD-00354,2026-08-15,4476.52,WH-MIAMI
CUST-JOIN-0354,Freight Account 354,Europe,SMB,ORD-07854,2026-09-05,2884.3,WH-CHICAGO
CUST-JOIN-0355,Freight Account 355,Europe,Startup,ORD-00355,2026-08-15,1006.97,WH-NEWYORK
CUST-JOIN-0355,Freight Account 355,Europe,Startup,ORD-07855,2026-09-05,897.61,WH-CHICAGO
CUST-JOIN-0356,Freight Account 356,Europe,Startup,ORD-00356,2026-08-15,3405.57,WH-CHICAGO
CUST-JOIN-0356,Freight Account 356,Europe,Startup,ORD-07856,2026-09-05,2961.22,WH-CHICAGO
CUST-JOIN-0357,Freight Account 357,Asia Pacific,Startup,ORD-00357,2026-08-15,2215.8,WH-DETROIT
CUST-JOIN-0357,Freight Account 357,Asia Pacific,Startup,ORD-07857,2026-09-05,3802.48,WH-CHICAGO
CUST-JOIN-0358,Freight Account 358,Europe,SMB,ORD-00358,2026-08-15,2599.62,WH-MIAMI
CUST-JOIN-0358,Freight Account 358,Europe,SMB,ORD-07858,2026-09-05,3340.73,WH-CHICAGO
CUST-JOIN-0359,Freight Account 359,North America,Startup,ORD-00359,2026-08-15,3405.53,WH-MIAMI
CUST-JOIN-0359,Freight Account 359,North America,Startup,ORD-07859,2026-09-05,4138.11,WH-MIAMI
CUST-JOIN-0360,Freight Account 360,Europe,Enterprise,ORD-00360,2026-08-15,6918.97,WH-MIAMI
CUST-JOIN-0360,Freight Account 360,Europe,Enterprise,ORD-07860,2026-09-05,2023.0,WH-DETROIT
CUST-JOIN-0361,Freight Account 361,North America,SMB,ORD-00361,2026-08-16,4913.58,WH-NEWYORK
CUST-JOIN-0361,Freight Account 361,North America,SMB,ORD-07861,2026-09-05,5886.68,WH-MIAMI
CUST-JOIN-0362,Freight Account 362,North America,Startup,ORD-00362,2026-08-16,3578.62,WH-CHICAGO
CUST-JOIN-0362,Freight Account 362,North America,Startup,ORD-07862,2026-09-05,2644.14,WH-DETROIT
CUST-JOIN-0363,Freight Account 363,North America,Startup,ORD-00363,2026-08-16,6413.28,WH-MIAMI
CUST-JOIN-0363,Freight Account 363,North America,Startup,ORD-07863,2026-09-05,7782.36,WH-DETROIT
CUST-JOIN-0364,Freight Account 364,Europe,SMB,ORD-00364,2026-08-16,6929.87,WH-NEWYORK
CUST-JOIN-0364,Freight Account 364,Europe,SMB,ORD-07864,2026-09-05,6989.43,WH-NEWYORK
CUST-JOIN-0365,Freight Account 365,Asia Pacific,Startup,ORD-00365,2026-08-16,4239.98,WH-NEWYORK
CUST-JOIN-0365,Freight Account 365,Asia Pacific,Startup,ORD-07865,2026-09-06,1339.27,WH-DETROIT
CUST-JOIN-0366,Freight Account 366,Asia Pacific,SMB,ORD-00366,2026-08-16,7285.54,WH-MIAMI
CUST-JOIN-0366,Freight Account 366,Asia Pacific,SMB,ORD-07866,2026-09-06,1134.04,WH-MIAMI
CUST-JOIN-0367,Freight Account 367,North America,Startup,ORD-00367,2026-08-16,1994.45,WH-DETROIT
CUST-JOIN-0367,Freight Account 367,North America,Startup,ORD-07867,2026-09-06,7215.85,WH-MIAMI
CUST-JOIN-0368,Freight Account 368,North America,SMB,ORD-00368,2026-08-16,2784.92,WH-DETROIT
CUST-JOIN-0368,Freight Account 368,North America,SMB,ORD-07868,2026-09-06,1769.72,WH-DETROIT
CUST-JOIN-0369,Freight Account 369,Europe,Enterprise,ORD-00369,2026-08-16,4716.17,WH-DETROIT
CUST-JOIN-0369,Freight Account 369,Europe,Enterprise,ORD-07869,2026-09-06,5772.34,WH-CHICAGO
CUST-JOIN-0370,Freight Account 370,North America,Startup,ORD-00370,2026-08-16,5201.11,WH-NEWYORK
CUST-JOIN-0370,Freight Account 370,North America,Startup,ORD-07870,2026-09-06,3437.05,WH-NEWYORK
CUST-JOIN-0371,Freight Account 371,Asia Pacific,Startup,ORD-00371,2026-08-16,4902.14,WH-MIAMI
CUST-JOIN-0371,Freight Account 371,Asia Pacific,Startup,ORD-07871,2026-09-06,5972.53,WH-MIAMI
CUST-JOIN-0372,Freight Account 372,North America,Startup,ORD-00372,2026-08-16,6009.7,WH-MIAMI
CUST-JOIN-0372,Freight Account 372,North America,Startup,ORD-07872,2026-09-06,1307.06,WH-NEWYORK
CUST-JOIN-0373,Freight Account 373,Asia Pacific,Startup,ORD-00373,2026-08-16,4382.93,WH-MIAMI
CUST-JOIN-0373,Freight Account 373,Asia Pacific,Startup,ORD-07873,2026-09-06,7991.4,WH-DETROIT
CUST-JOIN-0374,Freight Account 374,Europe,Enterprise,ORD-00374,2026-08-16,5435.88,WH-CHICAGO
CUST-JOIN-0374,Freight Account 374,Europe,Enterprise,ORD-07874,2026-09-06,6670.98,WH-MIAMI
CUST-JOIN-0375,Freight Account 375,Europe,Enterprise,ORD-00375,2026-08-16,2519.21,WH-NEWYORK
CUST-JOIN-0375,Freight Account 375,Europe,Enterprise,ORD-07875,2026-09-06,7844.26,WH-DETROIT
CUST-JOIN-0376,Freight Account 376,Asia Pacific,Enterprise,ORD-00376,2026-08-16,1587.17,WH-CHICAGO
CUST-JOIN-0376,Freight Account 376,Asia Pacific,Enterprise,ORD-07876,2026-09-06,3912.57,WH-NEWYORK
CUST-JOIN-0377,Freight Account 377,North America,SMB,ORD-00377,2026-08-16,474.44,WH-CHICAGO
CUST-JOIN-0377,Freight Account 377,North America,SMB,ORD-07877,2026-09-06,1558.4,WH-MIAMI
CUST-JOIN-0378,Freight Account 378,Asia Pacific,Startup,ORD-00378,2026-08-16,221.14,WH-DETROIT
CUST-JOIN-0378,Freight Account 378,Asia Pacific,Startup,ORD-07878,2026-09-06,4346.27,WH-MIAMI
CUST-JOIN-0379,Freight Account 379,North America,Startup,ORD-00379,2026-08-16,1599.3,WH-NEWYORK
CUST-JOIN-0379,Freight Account 379,North America,Startup,ORD-07879,2026-09-06,2798.1,WH-CHICAGO
CUST-JOIN-0380,Freight Account 380,North America,Startup,ORD-00380,2026-08-16,2692.59,WH-MIAMI
CUST-JOIN-0380,Freight Account 380,North America,Startup,ORD-07880,2026-09-06,3681.46,WH-CHICAGO
CUST-JOIN-0381,Freight Account 381,Asia Pacific,Startup,ORD-00381,2026-08-16,7182.16,WH-NEWYORK
CUST-JOIN-0381,Freight Account 381,Asia Pacific,Startup,ORD-07881,2026-09-06,7581.3,WH-NEWYORK
CUST-JOIN-0382,Freight Account 382,Europe,SMB,ORD-00382,2026-08-16,5567.59,WH-NEWYORK
CUST-JOIN-0382,Freight Account 382,Europe,SMB,ORD-07882,2026-09-06,7437.82,WH-NEWYORK
CUST-JOIN-0383,Freight Account 383,Asia Pacific,SMB,ORD-00383,2026-08-16,7329.56,WH-NEWYORK
CUST-JOIN-0383,Freight Account 383,Asia Pacific,SMB,ORD-07883,2026-09-06,1528.86,WH-CHICAGO
CUST-JOIN-0384,Freight Account 384,Europe,SMB,ORD-00384,2026-08-16,6173.49,WH-NEWYORK
CUST-JOIN-0384,Freight Account 384,Europe,SMB,ORD-07884,2026-09-06,5600.55,WH-MIAMI
CUST-JOIN-0385,Freight Account 385,Europe,Startup,ORD-00385,2026-08-17,258.13,WH-DETROIT
CUST-JOIN-0385,Freight Account 385,Europe,Startup,ORD-07885,2026-09-06,2320.24,WH-CHICAGO
CUST-JOIN-0386,Freight Account 386,Europe,Startup,ORD-00386,2026-08-17,4860.67,WH-CHICAGO
CUST-JOIN-0386,Freight Account 386,Europe,Startup,ORD-07886,2026-09-06,7859.93,WH-MIAMI
CUST-JOIN-0387,Freight Account 387,North America,Enterprise,ORD-00387,2026-08-17,2277.1,WH-CHICAGO
CUST-JOIN-0387,Freight Account 387,North America,Enterprise,ORD-07887,2026-09-06,1734.44,WH-NEWYORK
CUST-JOIN-0388,Freight Account 388,Europe,SMB,ORD-00388,2026-08-17,3304.05,WH-MIAMI
CUST-JOIN-0388,Freight Account 388,Europe,SMB,ORD-07888,2026-09-06,2257.77,WH-CHICAGO
CUST-JOIN-0389,Freight Account 389,North America,SMB,ORD-00389,2026-08-17,792.08,WH-CHICAGO
CUST-JOIN-0389,Freight Account 389,North America,SMB,ORD-07889,2026-09-07,2523.22,WH-MIAMI
CUST-JOIN-0390,Freight Account 390,Europe,Startup,ORD-00390,2026-08-17,3013.76,WH-DETROIT
CUST-JOIN-0390,Freight Account 390,Europe,Startup,ORD-07890,2026-09-07,6381.49,WH-DETROIT
CUST-JOIN-0391,Freight Account 391,Asia Pacific,Startup,ORD-00391,2026-08-17,3498.22,WH-MIAMI
CUST-JOIN-0391,Freight Account 391,Asia Pacific,Startup,ORD-07891,2026-09-07,2535.97,WH-DETROIT
CUST-JOIN-0392,Freight Account 392,North America,Startup,ORD-00392,2026-08-17,789.24,WH-DETROIT
CUST-JOIN-0392,Freight Account 392,North America,Startup,ORD-07892,2026-09-07,1221.72,WH-DETROIT
CUST-JOIN-0393,Freight Account 393,Asia Pacific,Startup,ORD-00393,2026-08-17,2581.48,WH-DETROIT
CUST-JOIN-0393,Freight Account 393,Asia Pacific,Startup,ORD-07893,2026-09-07,7531.64,WH-NEWYORK
CUST-JOIN-0394,Freight Account 394,Europe,SMB,ORD-00394,2026-08-17,3831.43,WH-DETROIT
CUST-JOIN-0394,Freight Account 394,Europe,SMB,ORD-07894,2026-09-07,2563.09,WH-MIAMI
CUST-JOIN-0395,Freight Account 395,North America,SMB,ORD-00395,2026-08-17,315.1,WH-NEWYORK
CUST-JOIN-0395,Freight Account 395,North America,SMB,ORD-07895,2026-09-07,5298.31,WH-NEWYORK
CUST-JOIN-0396,Freight Account 396,North America,Startup,ORD-00396,2026-08-17,3677.84,WH-NEWYORK
CUST-JOIN-0396,Freight Account 396,North America,Startup,ORD-07896,2026-09-07,2078.38,WH-MIAMI
CUST-JOIN-0397,Freight Account 397,North America,Enterprise,ORD-00397,2026-08-17,1655.26,WH-NEWYORK
CUST-JOIN-0397,Freight Account 397,North America,Enterprise,ORD-07897,2026-09-07,3985.46,WH-CHICAGO
CUST-JOIN-0398,Freight Account 398,Asia Pacific,Startup,ORD-00398,2026-08-17,1189.94,WH-DETROIT
CUST-JOIN-0398,Freight Account 398,Asia Pacific,Startup,ORD-07898,2026-09-07,1006.04,WH-DETROIT
CUST-JOIN-0399,Freight Account 399,Asia Pacific,Startup,ORD-00399,2026-08-17,5829.05,WH-CHICAGO
CUST-JOIN-0399,Freight Account 399,Asia Pacific,Startup,ORD-07899,2026-09-07,5096.69,WH-MIAMI
CUST-JOIN-0400,Freight Account 400,North America,Startup,ORD-00400,2026-08-17,7418.2,WH-DETROIT
CUST-JOIN-0400,Freight Account 400,North America,Startup,ORD-07900,2026-09-07,553.59,WH-NEWYORK
CUST-JOIN-0401,Freight Account 401,Europe,SMB,ORD-00401,2026-08-17,2423.26,WH-NEWYORK
CUST-JOIN-0401,Freight Account 401,Europe,SMB,ORD-07901,2026-09-07,2414.51,WH-DETROIT
CUST-JOIN-0402,Freight Account 402,Europe,SMB,ORD-00402,2026-08-17,4381.13,WH-NEWYORK
CUST-JOIN-0402,Freight Account 402,Europe,SMB,ORD-07902,2026-09-07,4368.59,WH-DETROIT
CUST-JOIN-0403,Freight Account 403,Europe,Startup,ORD-00403,2026-08-17,7002.48,WH-NEWYORK
CUST-JOIN-0403,Freight Account 403,Europe,Startup,ORD-07903,2026-09-07,6239.18,WH-MIAMI
CUST-JOIN-0404,Freight Account 404,Europe,Startup,ORD-00404,2026-08-17,5361.47,WH-DETROIT
CUST-JOIN-0404,Freight Account 404,Europe,Startup,ORD-07904,2026-09-07,1564.22,WH-MIAMI
CUST-JOIN-0405,Freight Account 405,North America,Startup,ORD-00405,2026-08-17,2342.89,WH-DETROIT
CUST-JOIN-0405,Freight Account 405,North America,Startup,ORD-07905,2026-09-07,2104.65,WH-NEWYORK
CUST-JOIN-0406,Freight Account 406,Europe,Startup,ORD-00406,2026-08-17,1623.77,WH-CHICAGO
CUST-JOIN-0406,Freight Account 406,Europe,Startup,ORD-07906,2026-09-07,2923.84,WH-MIAMI
CUST-JOIN-0407,Freight Account 407,Asia Pacific,Startup,ORD-00407,2026-08-17,4228.11,WH-MIAMI
CUST-JOIN-0407,Freight Account 407,Asia Pacific,Startup,ORD-07907,2026-09-07,2042.85,WH-DETROIT
CUST-JOIN-0408,Freight Account 408,North America,SMB,ORD-00408,2026-08-17,3101.18,WH-DETROIT
CUST-JOIN-0408,Freight Account 408,North America,SMB,ORD-07908,2026-09-07,924.18,WH-NEWYORK
CUST-JOIN-0409,Freight Account 409,North America,SMB,ORD-00409,2026-08-18,6682.93,WH-DETROIT
CUST-JOIN-0409,Freight Account 409,North America,SMB,ORD-07909,2026-09-07,5733.4,WH-DETROIT
CUST-JOIN-0410,Freight Account 410,North America,SMB,ORD-00410,2026-08-18,1069.72,WH-DETROIT
CUST-JOIN-0410,Freight Account 410,North America,SMB,ORD-07910,2026-09-07,334.76,WH-DETROIT
CUST-JOIN-0411,Freight Account 411,Europe,Startup,ORD-00411,2026-08-18,1680.9,WH-CHICAGO
CUST-JOIN-0411,Freight Account 411,Europe,Startup,ORD-07911,2026-09-07,2490.61,WH-DETROIT
CUST-JOIN-0412,Freight Account 412,North America,Enterprise,ORD-00412,2026-08-18,4358.9,WH-MIAMI
CUST-JOIN-0412,Freight Account 412,North America,Enterprise,ORD-07912,2026-09-07,4289.98,WH-DETROIT
CUST-JOIN-0413,Freight Account 413,North America,Enterprise,ORD-00413,2026-08-18,1586.02,WH-DETROIT
CUST-JOIN-0413,Freight Account 413,North America,Enterprise,ORD-07913,2026-09-08,3260.07,WH-NEWYORK
CUST-JOIN-0414,Freight Account 414,North America,Startup,ORD-00414,2026-08-18,984.02,WH-MIAMI
CUST-JOIN-0414,Freight Account 414,North America,Startup,ORD-07914,2026-09-08,5705.44,WH-MIAMI
CUST-JOIN-0415,Freight Account 415,Asia Pacific,Startup,ORD-00415,2026-08-18,5919.03,WH-CHICAGO
CUST-JOIN-0415,Freight Account 415,Asia Pacific,Startup,ORD-07915,2026-09-08,5581.76,WH-CHICAGO
CUST-JOIN-0416,Freight Account 416,North America,Startup,ORD-00416,2026-08-18,2374.27,WH-NEWYORK
CUST-JOIN-0416,Freight Account 416,North America,Startup,ORD-07916,2026-09-08,7884.26,WH-DETROIT
CUST-JOIN-0417,Freight Account 417,Asia Pacific,Startup,ORD-00417,2026-08-18,7432.62,WH-MIAMI
CUST-JOIN-0417,Freight Account 417,Asia Pacific,Startup,ORD-07917,2026-09-08,4322.45,WH-DETROIT
CUST-JOIN-0418,Freight Account 418,Europe,Startup,ORD-00418,2026-08-18,6146.21,WH-DETROIT
CUST-JOIN-0418,Freight Account 418,Europe,Startup,ORD-07918,2026-09-08,6777.82,WH-CHICAGO
CUST-JOIN-0419,Freight Account 419,Asia Pacific,Enterprise,ORD-00419,2026-08-18,6671.08,WH-CHICAGO
CUST-JOIN-0419,Freight Account 419,Asia Pacific,Enterprise,ORD-07919,2026-09-08,3190.29,WH-CHICAGO
CUST-JOIN-0420,Freight Account 420,North America,SMB,ORD-00420,2026-08-18,5542.71,WH-DETROIT
CUST-JOIN-0420,Freight Account 420,North America,SMB,ORD-07920,2026-09-08,1594.43,WH-DETROIT
CUST-JOIN-0421,Freight Account 421,North America,Startup,ORD-00421,2026-08-18,451.45,WH-CHICAGO
CUST-JOIN-0421,Freight Account 421,North America,Startup,ORD-07921,2026-09-08,1218.73,WH-CHICAGO
CUST-JOIN-0422,Freight Account 422,North America,Enterprise,ORD-00422,2026-08-18,5863.56,WH-DETROIT
CUST-JOIN-0422,Freight Account 422,North America,Enterprise,ORD-07922,2026-09-08,623.04,WH-DETROIT
CUST-JOIN-0423,Freight Account 423,Asia Pacific,Enterprise,ORD-00423,2026-08-18,2242.72,WH-CHICAGO
CUST-JOIN-0423,Freight Account 423,Asia Pacific,Enterprise,ORD-07923,2026-09-08,5434.55,WH-DETROIT
CUST-JOIN-0424,Freight Account 424,Asia Pacific,Startup,ORD-00424,2026-08-18,5347.13,WH-NEWYORK
CUST-JOIN-0424,Freight Account 424,Asia Pacific,Startup,ORD-07924,2026-09-08,7393.06,WH-MIAMI
CUST-JOIN-0425,Freight Account 425,North America,Startup,ORD-00425,2026-08-18,4790.01,WH-NEWYORK
CUST-JOIN-0425,Freight Account 425,North America,Startup,ORD-07925,2026-09-08,3299.62,WH-CHICAGO
CUST-JOIN-0426,Freight Account 426,Europe,Startup,ORD-00426,2026-08-18,7540.72,WH-NEWYORK
CUST-JOIN-0426,Freight Account 426,Europe,Startup,ORD-07926,2026-09-08,321.95,WH-CHICAGO
CUST-JOIN-0427,Freight Account 427,Asia Pacific,Startup,ORD-00427,2026-08-18,6717.09,WH-DETROIT
CUST-JOIN-0427,Freight Account 427,Asia Pacific,Startup,ORD-07927,2026-09-08,579.54,WH-MIAMI
CUST-JOIN-0428,Freight Account 428,Europe,SMB,ORD-00428,2026-08-18,3823.52,WH-CHICAGO
CUST-JOIN-0428,Freight Account 428,Europe,SMB,ORD-07928,2026-09-08,6354.54,WH-NEWYORK
CUST-JOIN-0429,Freight Account 429,Europe,SMB,ORD-00429,2026-08-18,1098.57,WH-CHICAGO
CUST-JOIN-0429,Freight Account 429,Europe,SMB,ORD-07929,2026-09-08,2760.96,WH-DETROIT
CUST-JOIN-0430,Freight Account 430,Europe,Startup,ORD-00430,2026-08-18,1437.84,WH-CHICAGO
CUST-JOIN-0430,Freight Account 430,Europe,Startup,ORD-07930,2026-09-08,1762.88,WH-NEWYORK
CUST-JOIN-0431,Freight Account 431,Europe,SMB,ORD-00431,2026-08-18,1931.3,WH-NEWYORK
CUST-JOIN-0431,Freight Account 431,Europe,SMB,ORD-07931,2026-09-08,1815.36,WH-DETROIT
CUST-JOIN-0432,Freight Account 432,Asia Pacific,Startup,ORD-00432,2026-08-18,1066.06,WH-NEWYORK
CUST-JOIN-0432,Freight Account 432,Asia Pacific,Startup,ORD-07932,2026-09-08,5890.17,WH-NEWYORK
CUST-JOIN-0433,Freight Account 433,Asia Pacific,SMB,ORD-00433,2026-08-19,4513.16,WH-DETROIT
CUST-JOIN-0433,Freight Account 433,Asia Pacific,SMB,ORD-07933,2026-09-08,4103.87,WH-NEWYORK
CUST-JOIN-0434,Freight Account 434,Asia Pacific,SMB,ORD-00434,2026-08-19,4974.97,WH-CHICAGO
CUST-JOIN-0434,Freight Account 434,Asia Pacific,SMB,ORD-07934,2026-09-08,1542.35,WH-NEWYORK
CUST-JOIN-0435,Freight Account 435,North America,Startup,ORD-00435,2026-08-19,479.95,WH-NEWYORK
CUST-JOIN-0435,Freight Account 435,North America,Startup,ORD-07935,2026-09-08,2432.13,WH-DETROIT
CUST-JOIN-0436,Freight Account 436,North America,Startup,ORD-00436,2026-08-19,4937.85,WH-NEWYORK
CUST-JOIN-0436,Freight Account 436,North America,Startup,ORD-07936,2026-09-08,329.32,WH-DETROIT
CUST-JOIN-0437,Freight Account 437,North America,SMB,ORD-00437,2026-08-19,6304.73,WH-CHICAGO
CUST-JOIN-0437,Freight Account 437,North America,SMB,ORD-07937,2026-09-09,4838.84,WH-NEWYORK
CUST-JOIN-0438,Freight Account 438,Europe,Startup,ORD-00438,2026-08-19,3575.75,WH-NEWYORK
CUST-JOIN-0438,Freight Account 438,Europe,Startup,ORD-07938,2026-09-09,5236.68,WH-MIAMI
CUST-JOIN-0439,Freight Account 439,North America,Enterprise,ORD-00439,2026-08-19,840.56,WH-DETROIT
CUST-JOIN-0439,Freight Account 439,North America,Enterprise,ORD-07939,2026-09-09,523.51,WH-CHICAGO
CUST-JOIN-0440,Freight Account 440,North America,SMB,ORD-00440,2026-08-19,5404.89,WH-MIAMI
CUST-JOIN-0440,Freight Account 440,North America,SMB,ORD-07940,2026-09-09,3296.4,WH-NEWYORK
CUST-JOIN-0441,Freight Account 441,North America,Startup,ORD-00441,2026-08-19,4039.65,WH-MIAMI
CUST-JOIN-0441,Freight Account 441,North America,Startup,ORD-07941,2026-09-09,6536.72,WH-CHICAGO
CUST-JOIN-0442,Freight Account 442,Asia Pacific,SMB,ORD-00442,2026-08-19,7200.93,WH-CHICAGO
CUST-JOIN-0442,Freight Account 442,Asia Pacific,SMB,ORD-07942,2026-09-09,4440.41,WH-MIAMI
CUST-JOIN-0443,Freight Account 443,Europe,Startup,ORD-00443,2026-08-19,1034.03,WH-NEWYORK
CUST-JOIN-0443,Freight Account 443,Europe,Startup,ORD-07943,2026-09-09,3408.27,WH-CHICAGO
CUST-JOIN-0444,Freight Account 444,Asia Pacific,SMB,ORD-00444,2026-08-19,1978.43,WH-CHICAGO
CUST-JOIN-0444,Freight Account 444,Asia Pacific,SMB,ORD-07944,2026-09-09,1040.68,WH-NEWYORK
CUST-JOIN-0445,Freight Account 445,Asia Pacific,Startup,ORD-00445,2026-08-19,6269.16,WH-MIAMI
CUST-JOIN-0445,Freight Account 445,Asia Pacific,Startup,ORD-07945,2026-09-09,1670.08,WH-NEWYORK
CUST-JOIN-0446,Freight Account 446,Asia Pacific,Startup,ORD-00446,2026-08-19,1983.66,WH-MIAMI
CUST-JOIN-0446,Freight Account 446,Asia Pacific,Startup,ORD-07946,2026-09-09,1467.57,WH-DETROIT
CUST-JOIN-0447,Freight Account 447,Asia Pacific,Enterprise,ORD-00447,2026-08-19,2887.25,WH-CHICAGO
CUST-JOIN-0447,Freight Account 447,Asia Pacific,Enterprise,ORD-07947,2026-09-09,6469.91,WH-NEWYORK
CUST-JOIN-0448,Freight Account 448,North America,SMB,ORD-00448,2026-08-19,5295.89,WH-NEWYORK
CUST-JOIN-0448,Freight Account 448,North America,SMB,ORD-07948,2026-09-09,657.94,WH-CHICAGO
CUST-JOIN-0449,Freight Account 449,Asia Pacific,SMB,ORD-00449,2026-08-19,1796.69,WH-MIAMI
CUST-JOIN-0449,Freight Account 449,Asia Pacific,SMB,ORD-07949,2026-09-09,2117.23,WH-DETROIT
CUST-JOIN-0450,Freight Account 450,Europe,SMB,ORD-00450,2026-08-19,4936.41,WH-CHICAGO
CUST-JOIN-0450,Freight Account 450,Europe,SMB,ORD-07950,2026-09-09,5295.02,WH-DETROIT
CUST-JOIN-0451,Freight Account 451,North America,Startup,ORD-00451,2026-08-19,5429.28,WH-NEWYORK
CUST-JOIN-0451,Freight Account 451,North America,Startup,ORD-07951,2026-09-09,4927.61,WH-DETROIT
CUST-JOIN-0452,Freight Account 452,North America,Startup,ORD-00452,2026-08-19,1239.24,WH-MIAMI
CUST-JOIN-0452,Freight Account 452,North America,Startup,ORD-07952,2026-09-09,4239.5,WH-DETROIT
CUST-JOIN-0453,Freight Account 453,North America,SMB,ORD-00453,2026-08-19,3906.86,WH-DETROIT
CUST-JOIN-0453,Freight Account 453,North America,SMB,ORD-07953,2026-09-09,7479.71,WH-CHICAGO
CUST-JOIN-0454,Freight Account 454,Asia Pacific,SMB,ORD-00454,2026-08-19,4718.78,WH-NEWYORK
CUST-JOIN-0454,Freight Account 454,Asia Pacific,SMB,ORD-07954,2026-09-09,3795.44,WH-NEWYORK
CUST-JOIN-0455,Freight Account 455,North America,SMB,ORD-00455,2026-08-19,2146.69,WH-NEWYORK
CUST-JOIN-0455,Freight Account 455,North America,SMB,ORD-07955,2026-09-09,1045.09,WH-DETROIT
CUST-JOIN-0456,Freight Account 456,Europe,Startup,ORD-00456,2026-08-19,702.77,WH-MIAMI
CUST-JOIN-0456,Freight Account 456,Europe,Startup,ORD-07956,2026-09-09,883.64,WH-NEWYORK
CUST-JOIN-0457,Freight Account 457,North America,Enterprise,ORD-00457,2026-08-20,2816.38,WH-MIAMI
CUST-JOIN-0457,Freight Account 457,North America,Enterprise,ORD-07957,2026-09-09,7987.89,WH-NEWYORK
CUST-JOIN-0458,Freight Account 458,North America,Startup,ORD-00458,2026-08-20,4249.11,WH-CHICAGO
CUST-JOIN-0458,Freight Account 458,North America,Startup,ORD-07958,2026-09-09,6825.44,WH-DETROIT
CUST-JOIN-0459,Freight Account 459,Europe,Startup,ORD-00459,2026-08-20,6816.26,WH-MIAMI
CUST-JOIN-0459,Freight Account 459,Europe,Startup,ORD-07959,2026-09-09,5432.1,WH-NEWYORK
CUST-JOIN-0460,Freight Account 460,Asia Pacific,Startup,ORD-00460,2026-08-20,3592.05,WH-MIAMI
CUST-JOIN-0460,Freight Account 460,Asia Pacific,Startup,ORD-07960,2026-09-09,1902.61,WH-MIAMI
CUST-JOIN-0461,Freight Account 461,Europe,Startup,ORD-00461,2026-08-20,7114.49,WH-DETROIT
CUST-JOIN-0461,Freight Account 461,Europe,Startup,ORD-07961,2026-09-10,1267.02,WH-MIAMI
CUST-JOIN-0462,Freight Account 462,Asia Pacific,Startup,ORD-00462,2026-08-20,7522.1,WH-DETROIT
CUST-JOIN-0462,Freight Account 462,Asia Pacific,Startup,ORD-07962,2026-09-10,6663.04,WH-NEWYORK
CUST-JOIN-0463,Freight Account 463,North America,Startup,ORD-00463,2026-08-20,6484.41,WH-MIAMI
CUST-JOIN-0463,Freight Account 463,North America,Startup,ORD-07963,2026-09-10,5844.98,WH-MIAMI
CUST-JOIN-0464,Freight Account 464,North America,SMB,ORD-00464,2026-08-20,2272.18,WH-NEWYORK
CUST-JOIN-0464,Freight Account 464,North America,SMB,ORD-07964,2026-09-10,6654.18,WH-NEWYORK
CUST-JOIN-0465,Freight Account 465,North America,SMB,ORD-00465,2026-08-20,333.62,WH-MIAMI
CUST-JOIN-0465,Freight Account 465,North America,SMB,ORD-07965,2026-09-10,3334.04,WH-DETROIT
CUST-JOIN-0466,Freight Account 466,Europe,Startup,ORD-00466,2026-08-20,6496.12,WH-NEWYORK
CUST-JOIN-0466,Freight Account 466,Europe,Startup,ORD-07966,2026-09-10,4629.21,WH-NEWYORK
CUST-JOIN-0467,Freight Account 467,Europe,Enterprise,ORD-00467,2026-08-20,1581.51,WH-CHICAGO
CUST-JOIN-0467,Freight Account 467,Europe,Enterprise,ORD-07967,2026-09-10,3938.41,WH-MIAMI
CUST-JOIN-0468,Freight Account 468,Europe,Startup,ORD-00468,2026-08-20,3289.68,WH-DETROIT
CUST-JOIN-0468,Freight Account 468,Europe,Startup,ORD-07968,2026-09-10,5465.33,WH-DETROIT
CUST-JOIN-0469,Freight Account 469,Europe,Startup,ORD-00469,2026-08-20,1125.01,WH-DETROIT
CUST-JOIN-0469,Freight Account 469,Europe,Startup,ORD-07969,2026-09-10,799.17,WH-DETROIT
CUST-JOIN-0470,Freight Account 470,Europe,SMB,ORD-00470,2026-08-20,2910.65,WH-CHICAGO
CUST-JOIN-0470,Freight Account 470,Europe,SMB,ORD-07970,2026-09-10,7754.53,WH-MIAMI
CUST-JOIN-0471,Freight Account 471,North America,Startup,ORD-00471,2026-08-20,3169.58,WH-DETROIT
CUST-JOIN-0471,Freight Account 471,North America,Startup,ORD-07971,2026-09-10,6890.0,WH-DETROIT
CUST-JOIN-0472,Freight Account 472,Asia Pacific,Startup,ORD-00472,2026-08-20,5694.68,WH-MIAMI
CUST-JOIN-0472,Freight Account 472,Asia Pacific,Startup,ORD-07972,2026-09-10,3795.14,WH-CHICAGO
CUST-JOIN-0473,Freight Account 473,Europe,SMB,ORD-00473,2026-08-20,4222.11,WH-CHICAGO
CUST-JOIN-0473,Freight Account 473,Europe,SMB,ORD-07973,2026-09-10,7824.76,WH-MIAMI
CUST-JOIN-0474,Freight Account 474,Asia Pacific,Startup,ORD-00474,2026-08-20,5574.91,WH-NEWYORK
CUST-JOIN-0474,Freight Account 474,Asia Pacific,Startup,ORD-07974,2026-09-10,1323.21,WH-NEWYORK
CUST-JOIN-0475,Freight Account 475,Europe,Startup,ORD-00475,2026-08-20,5052.51,WH-DETROIT
CUST-JOIN-0475,Freight Account 475,Europe,Startup,ORD-07975,2026-09-10,7418.76,WH-NEWYORK
CUST-JOIN-0476,Freight Account 476,North America,Startup,ORD-00476,2026-08-20,3848.94,WH-DETROIT
CUST-JOIN-0476,Freight Account 476,North America,Startup,ORD-07976,2026-09-10,3999.86,WH-CHICAGO
CUST-JOIN-0477,Freight Account 477,Europe,Startup,ORD-00477,2026-08-20,4661.6,WH-DETROIT
CUST-JOIN-0477,Freight Account 477,Europe,Startup,ORD-07977,2026-09-10,306.76,WH-DETROIT
CUST-JOIN-0478,Freight Account 478,North America,SMB,ORD-00478,2026-08-20,1418.57,WH-MIAMI
CUST-JOIN-0478,Freight Account 478,North America,SMB,ORD-07978,2026-09-10,991.08,WH-MIAMI
CUST-JOIN-0479,Freight Account 479,North America,Startup,ORD-00479,2026-08-20,6412.45,WH-DETROIT
CUST-JOIN-0479,Freight Account 479,North America,Startup,ORD-07979,2026-09-10,3029.81,WH-NEWYORK
CUST-JOIN-0480,Freight Account 480,North America,Enterprise,ORD-00480,2026-08-20,1813.98,WH-MIAMI
CUST-JOIN-0480,Freight Account 480,North America,Enterprise,ORD-07980,2026-09-10,272.69,WH-DETROIT
CUST-JOIN-0481,Freight Account 481,North America,SMB,ORD-00481,2026-08-21,6538.38,WH-CHICAGO
CUST-JOIN-0481,Freight Account 481,North America,SMB,ORD-07981,2026-09-10,6599.03,WH-DETROIT
CUST-JOIN-0482,Freight Account 482,Asia Pacific,SMB,ORD-00482,2026-08-21,3399.99,WH-DETROIT
CUST-JOIN-0482,Freight Account 482,Asia Pacific,SMB,ORD-07982,2026-09-10,4612.37,WH-MIAMI
CUST-JOIN-0483,Freight Account 483,North America,Startup,ORD-00483,2026-08-21,2189.3,WH-MIAMI
CUST-JOIN-0483,Freight Account 483,North America,Startup,ORD-07983,2026-09-10,7400.22,WH-DETROIT
CUST-JOIN-0484,Freight Account 484,Europe,Startup,ORD-00484,2026-08-21,4680.94,WH-DETROIT
CUST-JOIN-0484,Freight Account 484,Europe,Startup,ORD-07984,2026-09-10,7485.92,WH-NEWYORK
CUST-JOIN-0485,Freight Account 485,Europe,SMB,ORD-00485,2026-08-21,7201.96,WH-MIAMI
CUST-JOIN-0485,Freight Account 485,Europe,SMB,ORD-07985,2026-09-11,6855.62,WH-CHICAGO
CUST-JOIN-0486,Freight Account 486,Europe,Startup,ORD-00486,2026-08-21,3444.48,WH-DETROIT
CUST-JOIN-0486,Freight Account 486,Europe,Startup,ORD-07986,2026-09-11,3943.02,WH-CHICAGO
CUST-JOIN-0487,Freight Account 487,North America,SMB,ORD-00487,2026-08-21,2766.22,WH-MIAMI
CUST-JOIN-0487,Freight Account 487,North America,SMB,ORD-07987,2026-09-11,3501.41,WH-NEWYORK
CUST-JOIN-0488,Freight Account 488,North America,Startup,ORD-00488,2026-08-21,6612.66,WH-NEWYORK
CUST-JOIN-0488,Freight Account 488,North America,Startup,ORD-07988,2026-09-11,1225.18,WH-CHICAGO
CUST-JOIN-0489,Freight Account 489,North America,Startup,ORD-00489,2026-08-21,6599.39,WH-NEWYORK
CUST-JOIN-0489,Freight Account 489,North America,Startup,ORD-07989,2026-09-11,2092.26,WH-NEWYORK
CUST-JOIN-0490,Freight Account 490,Europe,Startup,ORD-00490,2026-08-21,5403.83,WH-NEWYORK
CUST-JOIN-0490,Freight Account 490,Europe,Startup,ORD-07990,2026-09-11,4540.85,WH-DETROIT
CUST-JOIN-0491,Freight Account 491,North America,SMB,ORD-00491,2026-08-21,7135.65,WH-CHICAGO
CUST-JOIN-0491,Freight Account 491,North America,SMB,ORD-07991,2026-09-11,1712.89,WH-NEWYORK
CUST-JOIN-0492,Freight Account 492,Europe,Startup,ORD-00492,2026-08-21,5854.81,WH-NEWYORK
CUST-JOIN-0492,Freight Account 492,Europe,Startup,ORD-07992,2026-09-11,1096.47,WH-NEWYORK
CUST-JOIN-0493,Freight Account 493,Asia Pacific,Startup,ORD-00493,2026-08-21,5219.84,WH-CHICAGO
CUST-JOIN-0493,Freight Account 493,Asia Pacific,Startup,ORD-07993,2026-09-11,737.84,WH-CHICAGO
CUST-JOIN-0494,Freight Account 494,Europe,SMB,ORD-00494,2026-08-21,2577.0,WH-CHICAGO
CUST-JOIN-0494,Freight Account 494,Europe,SMB,ORD-07994,2026-09-11,2171.03,WH-NEWYORK
CUST-JOIN-0495,Freight Account 495,North America,SMB,ORD-00495,2026-08-21,735.39,WH-CHICAGO
CUST-JOIN-0495,Freight Account 495,North America,SMB,ORD-07995,2026-09-11,5079.91,WH-MIAMI
CUST-JOIN-0496,Freight Account 496,North America,SMB,ORD-00496,2026-08-21,2471.2,WH-DETROIT
CUST-JOIN-0496,Freight Account 496,North America,SMB,ORD-07996,2026-09-11,6544.89,WH-CHICAGO
CUST-JOIN-0497,Freight Account 497,Asia Pacific,SMB,ORD-00497,2026-08-21,2259.09,WH-MIAMI
CUST-JOIN-0497,Freight Account 497,Asia Pacific,SMB,ORD-07997,2026-09-11,700.28,WH-DETROIT
CUST-JOIN-0498,Freight Account 498,Asia Pacific,SMB,ORD-00498,2026-08-21,5966.98,WH-CHICAGO
CUST-JOIN-0498,Freight Account 498,Asia Pacific,SMB,ORD-07998,2026-09-11,2191.45,WH-MIAMI
CUST-JOIN-0499,Freight Account 499,Europe,Startup,ORD-00499,2026-08-21,5501.96,WH-MIAMI
CUST-JOIN-0499,Freight Account 499,Europe,Startup,ORD-07999,2026-09-11,4438.05,WH-DETROIT
CUST-JOIN-0500,Freight Account 500,Europe,SMB,ORD-00500,2026-08-21,4317.92,WH-CHICAGO
CUST-JOIN-0500,Freight Account 500,Europe,SMB,ORD-08000,2026-09-11,6656.34,WH-CHICAGO
CUST-JOIN-0501,Freight Account 501,Asia Pacific,Startup,ORD-00501,2026-08-21,1827.47,WH-NEWYORK
CUST-JOIN-0501,Freight Account 501,Asia Pacific,Startup,ORD-08001,2026-08-01,6687.15,WH-DETROIT
CUST-JOIN-0502,Freight Account 502,Europe,Startup,ORD-00502,2026-08-21,6230.33,WH-NEWYORK
CUST-JOIN-0502,Freight Account 502,Europe,Startup,ORD-08002,2026-08-01,210.24,WH-CHICAGO
CUST-JOIN-0503,Freight Account 503,Asia Pacific,SMB,ORD-00503,2026-08-21,6996.9,WH-DETROIT
CUST-JOIN-0503,Freight Account 503,Asia Pacific,SMB,ORD-08003,2026-08-01,7427.11,WH-MIAMI
CUST-JOIN-0504,Freight Account 504,Asia Pacific,SMB,ORD-00504,2026-08-21,3685.26,WH-MIAMI
CUST-JOIN-0504,Freight Account 504,Asia Pacific,SMB,ORD-08004,2026-08-01,2963.12,WH-NEWYORK
CUST-JOIN-0505,Freight Account 505,North America,SMB,ORD-00505,2026-08-22,1233.24,WH-MIAMI
CUST-JOIN-0505,Freight Account 505,North America,SMB,ORD-08005,2026-08-01,2135.01,WH-CHICAGO
CUST-JOIN-0506,Freight Account 506,North America,Enterprise,ORD-00506,2026-08-22,3817.7,WH-CHICAGO
CUST-JOIN-0506,Freight Account 506,North America,Enterprise,ORD-08006,2026-08-01,7664.74,WH-DETROIT
CUST-JOIN-0507,Freight Account 507,Europe,Startup,ORD-00507,2026-08-22,1131.97,WH-NEWYORK
CUST-JOIN-0507,Freight Account 507,Europe,Startup,ORD-08007,2026-08-01,1394.25,WH-MIAMI
CUST-JOIN-0508,Freight Account 508,Asia Pacific,Startup,ORD-00508,2026-08-22,6238.88,WH-NEWYORK
CUST-JOIN-0508,Freight Account 508,Asia Pacific,Startup,ORD-08008,2026-08-01,5908.06,WH-MIAMI
CUST-JOIN-0509,Freight Account 509,North America,Enterprise,ORD-00509,2026-08-22,4779.91,WH-DETROIT
CUST-JOIN-0509,Freight Account 509,North America,Enterprise,ORD-08009,2026-08-01,5509.26,WH-NEWYORK
CUST-JOIN-0510,Freight Account 510,Europe,SMB,ORD-00510,2026-08-22,780.4,WH-MIAMI
CUST-JOIN-0510,Freight Account 510,Europe,SMB,ORD-08010,2026-08-01,1594.93,WH-DETROIT
CUST-JOIN-0511,Freight Account 511,Europe,SMB,ORD-00511,2026-08-22,4289.3,WH-NEWYORK
CUST-JOIN-0511,Freight Account 511,Europe,SMB,ORD-08011,2026-08-01,2777.62,WH-DETROIT
CUST-JOIN-0512,Freight Account 512,North America,SMB,ORD-00512,2026-08-22,2978.58,WH-CHICAGO
CUST-JOIN-0512,Freight Account 512,North America,SMB,ORD-08012,2026-08-01,5959.6,WH-MIAMI
CUST-JOIN-0513,Freight Account 513,North America,Startup,ORD-00513,2026-08-22,4689.79,WH-NEWYORK
CUST-JOIN-0513,Freight Account 513,North America,Startup,ORD-08013,2026-08-01,4668.57,WH-NEWYORK
CUST-JOIN-0514,Freight Account 514,North America,Startup,ORD-00514,2026-08-22,5291.01,WH-DETROIT
CUST-JOIN-0514,Freight Account 514,North America,Startup,ORD-08014,2026-08-01,1959.32,WH-CHICAGO
CUST-JOIN-0515,Freight Account 515,North America,SMB,ORD-00515,2026-08-22,1405.91,WH-NEWYORK
CUST-JOIN-0515,Freight Account 515,North America,SMB,ORD-08015,2026-08-01,4242.68,WH-NEWYORK
CUST-JOIN-0516,Freight Account 516,Asia Pacific,SMB,ORD-00516,2026-08-22,5505.26,WH-MIAMI
CUST-JOIN-0516,Freight Account 516,Asia Pacific,SMB,ORD-08016,2026-08-01,6401.38,WH-CHICAGO
CUST-JOIN-0517,Freight Account 517,Europe,SMB,ORD-00517,2026-08-22,3786.64,WH-NEWYORK
CUST-JOIN-0517,Freight Account 517,Europe,SMB,ORD-08017,2026-08-01,3477.29,WH-DETROIT
CUST-JOIN-0518,Freight Account 518,North America,Startup,ORD-00518,2026-08-22,2934.55,WH-MIAMI
CUST-JOIN-0518,Freight Account 518,North America,Startup,ORD-08018,2026-08-01,3066.33,WH-NEWYORK
CUST-JOIN-0519,Freight Account 519,North America,Startup,ORD-00519,2026-08-22,1389.49,WH-DETROIT
CUST-JOIN-0519,Freight Account 519,North America,Startup,ORD-08019,2026-08-01,6579.99,WH-DETROIT
CUST-JOIN-0520,Freight Account 520,Asia Pacific,SMB,ORD-00520,2026-08-22,1152.58,WH-NEWYORK
CUST-JOIN-0520,Freight Account 520,Asia Pacific,SMB,ORD-08020,2026-08-01,6142.41,WH-CHICAGO
CUST-JOIN-0521,Freight Account 521,Europe,Startup,ORD-00521,2026-08-22,2320.27,WH-NEWYORK
CUST-JOIN-0521,Freight Account 521,Europe,Startup,ORD-08021,2026-08-01,5269.87,WH-CHICAGO
CUST-JOIN-0522,Freight Account 522,Asia Pacific,SMB,ORD-00522,2026-08-22,5889.5,WH-MIAMI
CUST-JOIN-0522,Freight Account 522,Asia Pacific,SMB,ORD-08022,2026-08-01,6908.42,WH-CHICAGO
CUST-JOIN-0523,Freight Account 523,Asia Pacific,SMB,ORD-00523,2026-08-22,1978.02,WH-DETROIT
CUST-JOIN-0523,Freight Account 523,Asia Pacific,SMB,ORD-08023,2026-08-01,5576.66,WH-DETROIT
CUST-JOIN-0524,Freight Account 524,Europe,Startup,ORD-00524,2026-08-22,3849.6,WH-DETROIT
CUST-JOIN-0524,Freight Account 524,Europe,Startup,ORD-08024,2026-08-01,7209.18,WH-MIAMI
CUST-JOIN-0525,Freight Account 525,North America,Startup,ORD-00525,2026-08-22,756.51,WH-MIAMI
CUST-JOIN-0525,Freight Account 525,North America,Startup,ORD-08025,2026-08-02,905.97,WH-MIAMI
CUST-JOIN-0526,Freight Account 526,North America,SMB,ORD-00526,2026-08-22,794.81,WH-DETROIT
CUST-JOIN-0526,Freight Account 526,North America,SMB,ORD-08026,2026-08-02,4348.37,WH-MIAMI
CUST-JOIN-0527,Freight Account 527,Europe,Startup,ORD-00527,2026-08-22,1943.42,WH-MIAMI
CUST-JOIN-0527,Freight Account 527,Europe,Startup,ORD-08027,2026-08-02,6225.43,WH-NEWYORK
CUST-JOIN-0528,Freight Account 528,Asia Pacific,SMB,ORD-00528,2026-08-22,6994.05,WH-MIAMI
CUST-JOIN-0528,Freight Account 528,Asia Pacific,SMB,ORD-08028,2026-08-02,6446.67,WH-MIAMI
CUST-JOIN-0529,Freight Account 529,Asia Pacific,Startup,ORD-00529,2026-08-23,3298.1,WH-MIAMI
CUST-JOIN-0529,Freight Account 529,Asia Pacific,Startup,ORD-08029,2026-08-02,4678.51,WH-DETROIT
CUST-JOIN-0530,Freight Account 530,Asia Pacific,SMB,ORD-00530,2026-08-23,6108.04,WH-NEWYORK
CUST-JOIN-0530,Freight Account 530,Asia Pacific,SMB,ORD-08030,2026-08-02,5461.67,WH-DETROIT
CUST-JOIN-0531,Freight Account 531,North America,SMB,ORD-00531,2026-08-23,3322.29,WH-DETROIT
CUST-JOIN-0531,Freight Account 531,North America,SMB,ORD-08031,2026-08-02,2243.29,WH-DETROIT
CUST-JOIN-0532,Freight Account 532,Asia Pacific,SMB,ORD-00532,2026-08-23,6258.69,WH-CHICAGO
CUST-JOIN-0532,Freight Account 532,Asia Pacific,SMB,ORD-08032,2026-08-02,1270.38,WH-MIAMI
CUST-JOIN-0533,Freight Account 533,Asia Pacific,Startup,ORD-00533,2026-08-23,4760.94,WH-MIAMI
CUST-JOIN-0533,Freight Account 533,Asia Pacific,Startup,ORD-08033,2026-08-02,1077.05,WH-NEWYORK
CUST-JOIN-0534,Freight Account 534,Asia Pacific,Startup,ORD-00534,2026-08-23,2804.12,WH-MIAMI
CUST-JOIN-0534,Freight Account 534,Asia Pacific,Startup,ORD-08034,2026-08-02,542.74,WH-CHICAGO
CUST-JOIN-0535,Freight Account 535,Asia Pacific,Startup,ORD-00535,2026-08-23,7825.22,WH-DETROIT
CUST-JOIN-0535,Freight Account 535,Asia Pacific,Startup,ORD-08035,2026-08-02,7282.6,WH-MIAMI
CUST-JOIN-0536,Freight Account 536,North America,SMB,ORD-00536,2026-08-23,2121.38,WH-DETROIT
CUST-JOIN-0536,Freight Account 536,North America,SMB,ORD-08036,2026-08-02,890.75,WH-DETROIT
CUST-JOIN-0537,Freight Account 537,Asia Pacific,Startup,ORD-00537,2026-08-23,5122.88,WH-CHICAGO
CUST-JOIN-0537,Freight Account 537,Asia Pacific,Startup,ORD-08037,2026-08-02,7736.26,WH-MIAMI
CUST-JOIN-0538,Freight Account 538,North America,Startup,ORD-00538,2026-08-23,550.95,WH-MIAMI
CUST-JOIN-0538,Freight Account 538,North America,Startup,ORD-08038,2026-08-02,5119.35,WH-MIAMI
CUST-JOIN-0539,Freight Account 539,Asia Pacific,Startup,ORD-00539,2026-08-23,5800.83,WH-CHICAGO
CUST-JOIN-0539,Freight Account 539,Asia Pacific,Startup,ORD-08039,2026-08-02,7982.79,WH-NEWYORK
CUST-JOIN-0540,Freight Account 540,Europe,Startup,ORD-00540,2026-08-23,3622.65,WH-DETROIT
CUST-JOIN-0540,Freight Account 540,Europe,Startup,ORD-08040,2026-08-02,7906.76,WH-CHICAGO
CUST-JOIN-0541,Freight Account 541,Europe,Enterprise,ORD-00541,2026-08-23,7113.96,WH-MIAMI
CUST-JOIN-0541,Freight Account 541,Europe,Enterprise,ORD-08041,2026-08-02,1324.7,WH-CHICAGO
CUST-JOIN-0542,Freight Account 542,North America,SMB,ORD-00542,2026-08-23,6553.41,WH-CHICAGO
CUST-JOIN-0542,Freight Account 542,North America,SMB,ORD-08042,2026-08-02,4035.19,WH-MIAMI
CUST-JOIN-0543,Freight Account 543,North America,Startup,ORD-00543,2026-08-23,2664.98,WH-CHICAGO
CUST-JOIN-0543,Freight Account 543,North America,Startup,ORD-08043,2026-08-02,310.74,WH-CHICAGO
CUST-JOIN-0544,Freight Account 544,North America,Startup,ORD-00544,2026-08-23,3915.73,WH-DETROIT
CUST-JOIN-0544,Freight Account 544,North America,Startup,ORD-08044,2026-08-02,4063.34,WH-MIAMI
CUST-JOIN-0545,Freight Account 545,North America,Startup,ORD-00545,2026-08-23,6700.26,WH-DETROIT
CUST-JOIN-0545,Freight Account 545,North America,Startup,ORD-08045,2026-08-02,5771.68,WH-DETROIT
CUST-JOIN-0546,Freight Account 546,Asia Pacific,SMB,ORD-00546,2026-08-23,7787.32,WH-DETROIT
CUST-JOIN-0546,Freight Account 546,Asia Pacific,SMB,ORD-08046,2026-08-02,438.93,WH-CHICAGO
CUST-JOIN-0547,Freight Account 547,North America,SMB,ORD-00547,2026-08-23,7740.4,WH-CHICAGO
CUST-JOIN-0547,Freight Account 547,North America,SMB,ORD-08047,2026-08-02,6149.09,WH-CHICAGO
CUST-JOIN-0548,Freight Account 548,North America,Enterprise,ORD-00548,2026-08-23,6484.75,WH-DETROIT
CUST-JOIN-0548,Freight Account 548,North America,Enterprise,ORD-08048,2026-08-02,7780.27,WH-NEWYORK
CUST-JOIN-0549,Freight Account 549,Asia Pacific,SMB,ORD-00549,2026-08-23,5660.34,WH-NEWYORK
CUST-JOIN-0549,Freight Account 549,Asia Pacific,SMB,ORD-08049,2026-08-03,6183.0,WH-DETROIT
CUST-JOIN-0550,Freight Account 550,North America,SMB,ORD-00550,2026-08-23,7999.97,WH-DETROIT
CUST-JOIN-0550,Freight Account 550,North America,SMB,ORD-08050,2026-08-03,7479.64,WH-CHICAGO
CUST-JOIN-0551,Freight Account 551,Europe,SMB,ORD-00551,2026-08-23,1011.97,WH-CHICAGO
CUST-JOIN-0551,Freight Account 551,Europe,SMB,ORD-08051,2026-08-03,4476.08,WH-NEWYORK
CUST-JOIN-0552,Freight Account 552,Asia Pacific,SMB,ORD-00552,2026-08-23,1713.73,WH-CHICAGO
CUST-JOIN-0552,Freight Account 552,Asia Pacific,SMB,ORD-08052,2026-08-03,722.27,WH-CHICAGO
CUST-JOIN-0553,Freight Account 553,North America,Enterprise,ORD-00553,2026-08-24,7663.71,WH-NEWYORK
CUST-JOIN-0553,Freight Account 553,North America,Enterprise,ORD-08053,2026-08-03,4658.06,WH-MIAMI
CUST-JOIN-0554,Freight Account 554,Asia Pacific,Startup,ORD-00554,2026-08-24,3233.76,WH-DETROIT
CUST-JOIN-0554,Freight Account 554,Asia Pacific,Startup,ORD-08054,2026-08-03,2561.0,WH-NEWYORK
CUST-JOIN-0555,Freight Account 555,North America,SMB,ORD-00555,2026-08-24,6378.95,WH-CHICAGO
CUST-JOIN-0555,Freight Account 555,North America,SMB,ORD-08055,2026-08-03,4815.9,WH-MIAMI
CUST-JOIN-0556,Freight Account 556,North America,SMB,ORD-00556,2026-08-24,3025.53,WH-MIAMI
CUST-JOIN-0556,Freight Account 556,North America,SMB,ORD-08056,2026-08-03,837.61,WH-DETROIT
CUST-JOIN-0557,Freight Account 557,North America,SMB,ORD-00557,2026-08-24,2030.67,WH-CHICAGO
CUST-JOIN-0557,Freight Account 557,North America,SMB,ORD-08057,2026-08-03,3892.17,WH-CHICAGO
CUST-JOIN-0558,Freight Account 558,North America,Startup,ORD-00558,2026-08-24,4177.56,WH-NEWYORK
CUST-JOIN-0558,Freight Account 558,North America,Startup,ORD-08058,2026-08-03,1118.45,WH-NEWYORK
CUST-JOIN-0559,Freight Account 559,North America,SMB,ORD-00559,2026-08-24,6568.57,WH-CHICAGO
CUST-JOIN-0559,Freight Account 559,North America,SMB,ORD-08059,2026-08-03,7803.23,WH-NEWYORK
CUST-JOIN-0560,Freight Account 560,North America,Startup,ORD-00560,2026-08-24,3208.86,WH-CHICAGO
CUST-JOIN-0560,Freight Account 560,North America,Startup,ORD-08060,2026-08-03,3968.48,WH-DETROIT
CUST-JOIN-0561,Freight Account 561,Asia Pacific,SMB,ORD-00561,2026-08-24,3268.09,WH-NEWYORK
CUST-JOIN-0561,Freight Account 561,Asia Pacific,SMB,ORD-08061,2026-08-03,1563.49,WH-MIAMI
CUST-JOIN-0562,Freight Account 562,Europe,SMB,ORD-00562,2026-08-24,5470.55,WH-DETROIT
CUST-JOIN-0562,Freight Account 562,Europe,SMB,ORD-08062,2026-08-03,5608.93,WH-DETROIT
CUST-JOIN-0563,Freight Account 563,North America,Enterprise,ORD-00563,2026-08-24,6859.08,WH-MIAMI
CUST-JOIN-0563,Freight Account 563,North America,Enterprise,ORD-08063,2026-08-03,2945.64,WH-DETROIT
CUST-JOIN-0564,Freight Account 564,Europe,SMB,ORD-00564,2026-08-24,7897.31,WH-DETROIT
CUST-JOIN-0564,Freight Account 564,Europe,SMB,ORD-08064,2026-08-03,206.83,WH-NEWYORK
CUST-JOIN-0565,Freight Account 565,Europe,Startup,ORD-00565,2026-08-24,1615.64,WH-MIAMI
CUST-JOIN-0565,Freight Account 565,Europe,Startup,ORD-08065,2026-08-03,7257.38,WH-CHICAGO
CUST-JOIN-0566,Freight Account 566,North America,SMB,ORD-00566,2026-08-24,4162.12,WH-CHICAGO
CUST-JOIN-0566,Freight Account 566,North America,SMB,ORD-08066,2026-08-03,6802.94,WH-MIAMI
CUST-JOIN-0567,Freight Account 567,North America,Startup,ORD-00567,2026-08-24,611.34,WH-MIAMI
CUST-JOIN-0567,Freight Account 567,North America,Startup,ORD-08067,2026-08-03,3690.95,WH-MIAMI
CUST-JOIN-0568,Freight Account 568,North America,Startup,ORD-00568,2026-08-24,3781.25,WH-NEWYORK
CUST-JOIN-0568,Freight Account 568,North America,Startup,ORD-08068,2026-08-03,7997.01,WH-MIAMI
CUST-JOIN-0569,Freight Account 569,Europe,Startup,ORD-00569,2026-08-24,937.97,WH-NEWYORK
CUST-JOIN-0569,Freight Account 569,Europe,Startup,ORD-08069,2026-08-03,2416.91,WH-NEWYORK
CUST-JOIN-0570,Freight Account 570,Europe,Startup,ORD-00570,2026-08-24,6537.63,WH-CHICAGO
CUST-JOIN-0570,Freight Account 570,Europe,Startup,ORD-08070,2026-08-03,2124.07,WH-CHICAGO
CUST-JOIN-0571,Freight Account 571,Europe,SMB,ORD-00571,2026-08-24,5656.21,WH-MIAMI
CUST-JOIN-0571,Freight Account 571,Europe,SMB,ORD-08071,2026-08-03,6285.52,WH-NEWYORK
CUST-JOIN-0572,Freight Account 572,Europe,SMB,ORD-00572,2026-08-24,1255.45,WH-CHICAGO
CUST-JOIN-0572,Freight Account 572,Europe,SMB,ORD-08072,2026-08-03,952.34,WH-MIAMI
CUST-JOIN-0573,Freight Account 573,Europe,Startup,ORD-00573,2026-08-24,2496.96,WH-CHICAGO
CUST-JOIN-0573,Freight Account 573,Europe,Startup,ORD-08073,2026-08-04,3569.81,WH-DETROIT
CUST-JOIN-0574,Freight Account 574,North America,Enterprise,ORD-00574,2026-08-24,7804.48,WH-NEWYORK
CUST-JOIN-0574,Freight Account 574,North America,Enterprise,ORD-08074,2026-08-04,4601.5,WH-CHICAGO
CUST-JOIN-0575,Freight Account 575,Asia Pacific,Startup,ORD-00575,2026-08-24,1388.9,WH-CHICAGO
CUST-JOIN-0575,Freight Account 575,Asia Pacific,Startup,ORD-08075,2026-08-04,7243.2,WH-MIAMI
CUST-JOIN-0576,Freight Account 576,Asia Pacific,Startup,ORD-00576,2026-08-24,572.81,WH-NEWYORK
CUST-JOIN-0576,Freight Account 576,Asia Pacific,Startup,ORD-08076,2026-08-04,877.2,WH-NEWYORK
CUST-JOIN-0577,Freight Account 577,Europe,Startup,ORD-00577,2026-08-25,5920.85,WH-NEWYORK
CUST-JOIN-0577,Freight Account 577,Europe,Startup,ORD-08077,2026-08-04,5317.51,WH-NEWYORK
CUST-JOIN-0578,Freight Account 578,Asia Pacific,Startup,ORD-00578,2026-08-25,5862.49,WH-MIAMI
CUST-JOIN-0578,Freight Account 578,Asia Pacific,Startup,ORD-08078,2026-08-04,3030.7,WH-MIAMI
CUST-JOIN-0579,Freight Account 579,North America,SMB,ORD-00579,2026-08-25,791.6,WH-DETROIT
CUST-JOIN-0579,Freight Account 579,North America,SMB,ORD-08079,2026-08-04,4941.07,WH-NEWYORK
CUST-JOIN-0580,Freight Account 580,Europe,Startup,ORD-00580,2026-08-25,4508.45,WH-DETROIT
CUST-JOIN-0580,Freight Account 580,Europe,Startup,ORD-08080,2026-08-04,4964.37,WH-DETROIT
CUST-JOIN-0581,Freight Account 581,Europe,Startup,ORD-00581,2026-08-25,7803.63,WH-DETROIT
CUST-JOIN-0581,Freight Account 581,Europe,Startup,ORD-08081,2026-08-04,6425.92,WH-MIAMI
CUST-JOIN-0582,Freight Account 582,Asia Pacific,SMB,ORD-00582,2026-08-25,1105.47,WH-DETROIT
CUST-JOIN-0582,Freight Account 582,Asia Pacific,SMB,ORD-08082,2026-08-04,2059.65,WH-CHICAGO
CUST-JOIN-0583,Freight Account 583,Europe,Startup,ORD-00583,2026-08-25,5468.5,WH-CHICAGO
CUST-JOIN-0583,Freight Account 583,Europe,Startup,ORD-08083,2026-08-04,1468.21,WH-CHICAGO
CUST-JOIN-0584,Freight Account 584,North America,Startup,ORD-00584,2026-08-25,7923.37,WH-CHICAGO
CUST-JOIN-0584,Freight Account 584,North America,Startup,ORD-08084,2026-08-04,4938.34,WH-CHICAGO
CUST-JOIN-0585,Freight Account 585,Asia Pacific,Startup,ORD-00585,2026-08-25,1199.44,WH-MIAMI
CUST-JOIN-0585,Freight Account 585,Asia Pacific,Startup,ORD-08085,2026-08-04,5346.49,WH-CHICAGO
CUST-JOIN-0586,Freight Account 586,Europe,Startup,ORD-00586,2026-08-25,4090.87,WH-MIAMI
CUST-JOIN-0586,Freight Account 586,Europe,Startup,ORD-08086,2026-08-04,2124.15,WH-CHICAGO
CUST-JOIN-0587,Freight Account 587,Asia Pacific,Enterprise,ORD-00587,2026-08-25,4438.37,WH-CHICAGO
CUST-JOIN-0587,Freight Account 587,Asia Pacific,Enterprise,ORD-08087,2026-08-04,6339.71,WH-DETROIT
CUST-JOIN-0588,Freight Account 588,Asia Pacific,Enterprise,ORD-00588,2026-08-25,6542.73,WH-CHICAGO
CUST-JOIN-0588,Freight Account 588,Asia Pacific,Enterprise,ORD-08088,2026-08-04,2836.51,WH-NEWYORK
CUST-JOIN-0589,Freight Account 589,North America,Startup,ORD-00589,2026-08-25,6643.32,WH-NEWYORK
CUST-JOIN-0589,Freight Account 589,North America,Startup,ORD-08089,2026-08-04,2142.2,WH-DETROIT
CUST-JOIN-0590,Freight Account 590,North America,Startup,ORD-00590,2026-08-25,4215.26,WH-MIAMI
CUST-JOIN-0590,Freight Account 590,North America,Startup,ORD-08090,2026-08-04,4328.8,WH-DETROIT
CUST-JOIN-0591,Freight Account 591,Asia Pacific,Startup,ORD-00591,2026-08-25,1252.27,WH-DETROIT
CUST-JOIN-0591,Freight Account 591,Asia Pacific,Startup,ORD-08091,2026-08-04,4042.53,WH-DETROIT
CUST-JOIN-0592,Freight Account 592,Asia Pacific,SMB,ORD-00592,2026-08-25,615.11,WH-MIAMI
CUST-JOIN-0592,Freight Account 592,Asia Pacific,SMB,ORD-08092,2026-08-04,515.71,WH-DETROIT
CUST-JOIN-0593,Freight Account 593,Asia Pacific,Startup,ORD-00593,2026-08-25,5379.74,WH-CHICAGO
CUST-JOIN-0593,Freight Account 593,Asia Pacific,Startup,ORD-08093,2026-08-04,7269.77,WH-CHICAGO
CUST-JOIN-0594,Freight Account 594,Asia Pacific,Startup,ORD-00594,2026-08-25,2467.83,WH-CHICAGO
CUST-JOIN-0594,Freight Account 594,Asia Pacific,Startup,ORD-08094,2026-08-04,4859.23,WH-DETROIT
CUST-JOIN-0595,Freight Account 595,Asia Pacific,SMB,ORD-00595,2026-08-25,5828.79,WH-NEWYORK
CUST-JOIN-0595,Freight Account 595,Asia Pacific,SMB,ORD-08095,2026-08-04,1461.81,WH-DETROIT
CUST-JOIN-0596,Freight Account 596,Europe,Startup,ORD-00596,2026-08-25,529.54,WH-MIAMI
CUST-JOIN-0596,Freight Account 596,Europe,Startup,ORD-08096,2026-08-04,6089.63,WH-CHICAGO
CUST-JOIN-0597,Freight Account 597,Europe,SMB,ORD-00597,2026-08-25,5601.16,WH-DETROIT
CUST-JOIN-0597,Freight Account 597,Europe,SMB,ORD-08097,2026-08-05,7175.27,WH-DETROIT
CUST-JOIN-0598,Freight Account 598,North America,Startup,ORD-00598,2026-08-25,226.9,WH-MIAMI
CUST-JOIN-0598,Freight Account 598,North America,Startup,ORD-08098,2026-08-05,3678.39,WH-NEWYORK
CUST-JOIN-0599,Freight Account 599,Europe,SMB,ORD-00599,2026-08-25,4390.71,WH-DETROIT
CUST-JOIN-0599,Freight Account 599,Europe,SMB,ORD-08099,2026-08-05,1174.95,WH-DETROIT
CUST-JOIN-0600,Freight Account 600,Europe,Startup,ORD-00600,2026-08-25,2212.36,WH-CHICAGO
CUST-JOIN-0600,Freight Account 600,Europe,Startup,ORD-08100,2026-08-05,6565.79,WH-CHICAGO
CUST-JOIN-0601,Freight Account 601,Europe,Enterprise,ORD-00601,2026-08-26,1959.33,WH-NEWYORK
CUST-JOIN-0601,Freight Account 601,Europe,Enterprise,ORD-08101,2026-08-05,5999.39,WH-MIAMI
CUST-JOIN-0602,Freight Account 602,Europe,SMB,ORD-00602,2026-08-26,424.77,WH-NEWYORK
CUST-JOIN-0602,Freight Account 602,Europe,SMB,ORD-08102,2026-08-05,3705.8,WH-MIAMI
CUST-JOIN-0603,Freight Account 603,North America,Enterprise,ORD-00603,2026-08-26,5846.71,WH-NEWYORK
CUST-JOIN-0603,Freight Account 603,North America,Enterprise,ORD-08103,2026-08-05,4576.95,WH-CHICAGO
CUST-JOIN-0604,Freight Account 604,Asia Pacific,Startup,ORD-00604,2026-08-26,1666.58,WH-CHICAGO
CUST-JOIN-0604,Freight Account 604,Asia Pacific,Startup,ORD-08104,2026-08-05,4494.07,WH-NEWYORK
CUST-JOIN-0605,Freight Account 605,Europe,SMB,ORD-00605,2026-08-26,5360.05,WH-NEWYORK
CUST-JOIN-0605,Freight Account 605,Europe,SMB,ORD-08105,2026-08-05,6296.92,WH-CHICAGO
CUST-JOIN-0606,Freight Account 606,Asia Pacific,SMB,ORD-00606,2026-08-26,7556.32,WH-MIAMI
CUST-JOIN-0606,Freight Account 606,Asia Pacific,SMB,ORD-08106,2026-08-05,431.53,WH-NEWYORK
CUST-JOIN-0607,Freight Account 607,North America,Startup,ORD-00607,2026-08-26,6219.01,WH-NEWYORK
CUST-JOIN-0607,Freight Account 607,North America,Startup,ORD-08107,2026-08-05,2605.68,WH-CHICAGO
CUST-JOIN-0608,Freight Account 608,Asia Pacific,Enterprise,ORD-00608,2026-08-26,4998.35,WH-DETROIT
CUST-JOIN-0608,Freight Account 608,Asia Pacific,Enterprise,ORD-08108,2026-08-05,6631.83,WH-DETROIT
CUST-JOIN-0609,Freight Account 609,North America,SMB,ORD-00609,2026-08-26,7686.15,WH-CHICAGO
CUST-JOIN-0609,Freight Account 609,North America,SMB,ORD-08109,2026-08-05,6806.58,WH-NEWYORK
CUST-JOIN-0610,Freight Account 610,North America,Enterprise,ORD-00610,2026-08-26,4154.84,WH-MIAMI
CUST-JOIN-0610,Freight Account 610,North America,Enterprise,ORD-08110,2026-08-05,2348.99,WH-MIAMI
CUST-JOIN-0611,Freight Account 611,Asia Pacific,Startup,ORD-00611,2026-08-26,4216.95,WH-MIAMI
CUST-JOIN-0611,Freight Account 611,Asia Pacific,Startup,ORD-08111,2026-08-05,4249.92,WH-MIAMI
CUST-JOIN-0612,Freight Account 612,Europe,SMB,ORD-00612,2026-08-26,6152.92,WH-DETROIT
CUST-JOIN-0612,Freight Account 612,Europe,SMB,ORD-08112,2026-08-05,1479.93,WH-MIAMI
CUST-JOIN-0613,Freight Account 613,North America,Startup,ORD-00613,2026-08-26,6665.29,WH-DETROIT
CUST-JOIN-0613,Freight Account 613,North America,Startup,ORD-08113,2026-08-05,3245.56,WH-CHICAGO
CUST-JOIN-0614,Freight Account 614,Europe,SMB,ORD-00614,2026-08-26,1509.08,WH-NEWYORK
CUST-JOIN-0614,Freight Account 614,Europe,SMB,ORD-08114,2026-08-05,3858.91,WH-CHICAGO
CUST-JOIN-0615,Freight Account 615,Europe,Startup,ORD-00615,2026-08-26,7886.04,WH-MIAMI
CUST-JOIN-0615,Freight Account 615,Europe,Startup,ORD-08115,2026-08-05,3459.35,WH-DETROIT
CUST-JOIN-0616,Freight Account 616,North America,SMB,ORD-00616,2026-08-26,6493.21,WH-DETROIT
CUST-JOIN-0616,Freight Account 616,North America,SMB,ORD-08116,2026-08-05,1035.71,WH-DETROIT
CUST-JOIN-0617,Freight Account 617,North America,Startup,ORD-00617,2026-08-26,4201.29,WH-CHICAGO
CUST-JOIN-0617,Freight Account 617,North America,Startup,ORD-08117,2026-08-05,901.32,WH-NEWYORK
CUST-JOIN-0618,Freight Account 618,Asia Pacific,Startup,ORD-00618,2026-08-26,6678.54,WH-DETROIT
CUST-JOIN-0618,Freight Account 618,Asia Pacific,Startup,ORD-08118,2026-08-05,6134.32,WH-NEWYORK
CUST-JOIN-0619,Freight Account 619,North America,Startup,ORD-00619,2026-08-26,2157.27,WH-MIAMI
CUST-JOIN-0619,Freight Account 619,North America,Startup,ORD-08119,2026-08-05,3981.55,WH-MIAMI
CUST-JOIN-0620,Freight Account 620,Asia Pacific,SMB,ORD-00620,2026-08-26,3177.67,WH-DETROIT
CUST-JOIN-0620,Freight Account 620,Asia Pacific,SMB,ORD-08120,2026-08-05,4410.82,WH-NEWYORK
CUST-JOIN-0621,Freight Account 621,North America,Startup,ORD-00621,2026-08-26,2448.13,WH-DETROIT
CUST-JOIN-0621,Freight Account 621,North America,Startup,ORD-08121,2026-08-06,1976.93,WH-DETROIT
CUST-JOIN-0622,Freight Account 622,North America,Enterprise,ORD-00622,2026-08-26,723.56,WH-CHICAGO
CUST-JOIN-0622,Freight Account 622,North America,Enterprise,ORD-08122,2026-08-06,3118.18,WH-DETROIT
CUST-JOIN-0623,Freight Account 623,North America,Enterprise,ORD-00623,2026-08-26,6221.66,WH-MIAMI
CUST-JOIN-0623,Freight Account 623,North America,Enterprise,ORD-08123,2026-08-06,6328.06,WH-CHICAGO
CUST-JOIN-0624,Freight Account 624,Europe,SMB,ORD-00624,2026-08-26,3521.32,WH-DETROIT
CUST-JOIN-0624,Freight Account 624,Europe,SMB,ORD-08124,2026-08-06,7769.9,WH-DETROIT
CUST-JOIN-0625,Freight Account 625,Asia Pacific,SMB,ORD-00625,2026-08-27,2867.76,WH-CHICAGO
CUST-JOIN-0625,Freight Account 625,Asia Pacific,SMB,ORD-08125,2026-08-06,7328.28,WH-NEWYORK
CUST-JOIN-0626,Freight Account 626,North America,Startup,ORD-00626,2026-08-27,6054.41,WH-DETROIT
CUST-JOIN-0626,Freight Account 626,North America,Startup,ORD-08126,2026-08-06,3007.36,WH-NEWYORK
CUST-JOIN-0627,Freight Account 627,North America,Startup,ORD-00627,2026-08-27,4577.74,WH-CHICAGO
CUST-JOIN-0627,Freight Account 627,North America,Startup,ORD-08127,2026-08-06,6664.71,WH-NEWYORK
CUST-JOIN-0628,Freight Account 628,North America,SMB,ORD-00628,2026-08-27,1642.37,WH-DETROIT
CUST-JOIN-0628,Freight Account 628,North America,SMB,ORD-08128,2026-08-06,3074.95,WH-DETROIT
CUST-JOIN-0629,Freight Account 629,Europe,SMB,ORD-00629,2026-08-27,5428.67,WH-MIAMI
CUST-JOIN-0629,Freight Account 629,Europe,SMB,ORD-08129,2026-08-06,4184.71,WH-CHICAGO
CUST-JOIN-0630,Freight Account 630,Asia Pacific,SMB,ORD-00630,2026-08-27,5867.14,WH-MIAMI
CUST-JOIN-0630,Freight Account 630,Asia Pacific,SMB,ORD-08130,2026-08-06,493.22,WH-DETROIT
CUST-JOIN-0631,Freight Account 631,Europe,Startup,ORD-00631,2026-08-27,2640.76,WH-NEWYORK
CUST-JOIN-0631,Freight Account 631,Europe,Startup,ORD-08131,2026-08-06,5690.43,WH-DETROIT
CUST-JOIN-0632,Freight Account 632,North America,Startup,ORD-00632,2026-08-27,6978.19,WH-NEWYORK
CUST-JOIN-0632,Freight Account 632,North America,Startup,ORD-08132,2026-08-06,1345.4,WH-DETROIT
CUST-JOIN-0633,Freight Account 633,North America,Startup,ORD-00633,2026-08-27,4568.17,WH-NEWYORK
CUST-JOIN-0633,Freight Account 633,North America,Startup,ORD-08133,2026-08-06,7992.4,WH-MIAMI
CUST-JOIN-0634,Freight Account 634,North America,Startup,ORD-00634,2026-08-27,338.02,WH-MIAMI
CUST-JOIN-0634,Freight Account 634,North America,Startup,ORD-08134,2026-08-06,3750.26,WH-MIAMI
CUST-JOIN-0635,Freight Account 635,North America,Startup,ORD-00635,2026-08-27,5630.22,WH-DETROIT
CUST-JOIN-0635,Freight Account 635,North America,Startup,ORD-08135,2026-08-06,5523.92,WH-MIAMI
CUST-JOIN-0636,Freight Account 636,North America,Startup,ORD-00636,2026-08-27,1554.93,WH-CHICAGO
CUST-JOIN-0636,Freight Account 636,North America,Startup,ORD-08136,2026-08-06,7210.79,WH-DETROIT
CUST-JOIN-0637,Freight Account 637,North America,Startup,ORD-00637,2026-08-27,2942.41,WH-DETROIT
CUST-JOIN-0637,Freight Account 637,North America,Startup,ORD-08137,2026-08-06,5517.83,WH-MIAMI
CUST-JOIN-0638,Freight Account 638,Europe,Startup,ORD-00638,2026-08-27,667.96,WH-CHICAGO
CUST-JOIN-0638,Freight Account 638,Europe,Startup,ORD-08138,2026-08-06,1409.83,WH-DETROIT
CUST-JOIN-0639,Freight Account 639,Asia Pacific,Startup,ORD-00639,2026-08-27,451.54,WH-MIAMI
CUST-JOIN-0639,Freight Account 639,Asia Pacific,Startup,ORD-08139,2026-08-06,7849.81,WH-NEWYORK
CUST-JOIN-0640,Freight Account 640,Europe,Startup,ORD-00640,2026-08-27,520.47,WH-NEWYORK
CUST-JOIN-0640,Freight Account 640,Europe,Startup,ORD-08140,2026-08-06,702.01,WH-NEWYORK
CUST-JOIN-0641,Freight Account 641,Europe,SMB,ORD-00641,2026-08-27,5080.24,WH-DETROIT
CUST-JOIN-0641,Freight Account 641,Europe,SMB,ORD-08141,2026-08-06,7128.16,WH-DETROIT
CUST-JOIN-0642,Freight Account 642,Europe,SMB,ORD-00642,2026-08-27,5421.77,WH-CHICAGO
CUST-JOIN-0642,Freight Account 642,Europe,SMB,ORD-08142,2026-08-06,6038.61,WH-NEWYORK
CUST-JOIN-0643,Freight Account 643,Europe,Startup,ORD-00643,2026-08-27,7558.46,WH-MIAMI
CUST-JOIN-0643,Freight Account 643,Europe,Startup,ORD-08143,2026-08-06,5794.95,WH-MIAMI
CUST-JOIN-0644,Freight Account 644,North America,Startup,ORD-00644,2026-08-27,4314.68,WH-MIAMI
CUST-JOIN-0644,Freight Account 644,North America,Startup,ORD-08144,2026-08-06,3074.72,WH-MIAMI
CUST-JOIN-0645,Freight Account 645,Asia Pacific,Startup,ORD-00645,2026-08-27,1319.87,WH-MIAMI
CUST-JOIN-0645,Freight Account 645,Asia Pacific,Startup,ORD-08145,2026-08-07,2100.92,WH-NEWYORK
CUST-JOIN-0646,Freight Account 646,North America,Startup,ORD-00646,2026-08-27,933.12,WH-DETROIT
CUST-JOIN-0646,Freight Account 646,North America,Startup,ORD-08146,2026-08-07,7820.13,WH-CHICAGO
CUST-JOIN-0647,Freight Account 647,Europe,Startup,ORD-00647,2026-08-27,5595.1,WH-MIAMI
CUST-JOIN-0647,Freight Account 647,Europe,Startup,ORD-08147,2026-08-07,7028.72,WH-CHICAGO
CUST-JOIN-0648,Freight Account 648,Asia Pacific,Startup,ORD-00648,2026-08-27,2042.69,WH-NEWYORK
CUST-JOIN-0648,Freight Account 648,Asia Pacific,Startup,ORD-08148,2026-08-07,7464.04,WH-DETROIT
CUST-JOIN-0649,Freight Account 649,Asia Pacific,SMB,ORD-00649,2026-08-28,2790.07,WH-DETROIT
CUST-JOIN-0649,Freight Account 649,Asia Pacific,SMB,ORD-08149,2026-08-07,5610.83,WH-NEWYORK
CUST-JOIN-0650,Freight Account 650,Europe,Startup,ORD-00650,2026-08-28,5018.96,WH-CHICAGO
CUST-JOIN-0650,Freight Account 650,Europe,Startup,ORD-08150,2026-08-07,4008.68,WH-MIAMI
CUST-JOIN-0651,Freight Account 651,North America,Startup,ORD-00651,2026-08-28,1566.83,WH-NEWYORK
CUST-JOIN-0651,Freight Account 651,North America,Startup,ORD-08151,2026-08-07,2539.62,WH-CHICAGO
CUST-JOIN-0652,Freight Account 652,North America,Startup,ORD-00652,2026-08-28,6888.61,WH-NEWYORK
CUST-JOIN-0652,Freight Account 652,North America,Startup,ORD-08152,2026-08-07,6866.78,WH-NEWYORK
CUST-JOIN-0653,Freight Account 653,Asia Pacific,SMB,ORD-00653,2026-08-28,1170.68,WH-NEWYORK
CUST-JOIN-0653,Freight Account 653,Asia Pacific,SMB,ORD-08153,2026-08-07,6883.4,WH-NEWYORK
CUST-JOIN-0654,Freight Account 654,Asia Pacific,Startup,ORD-00654,2026-08-28,3312.31,WH-NEWYORK
CUST-JOIN-0654,Freight Account 654,Asia Pacific,Startup,ORD-08154,2026-08-07,3683.87,WH-MIAMI
CUST-JOIN-0655,Freight Account 655,Asia Pacific,Enterprise,ORD-00655,2026-08-28,3964.66,WH-NEWYORK
CUST-JOIN-0655,Freight Account 655,Asia Pacific,Enterprise,ORD-08155,2026-08-07,1176.34,WH-DETROIT
CUST-JOIN-0656,Freight Account 656,Europe,SMB,ORD-00656,2026-08-28,1608.4,WH-CHICAGO
CUST-JOIN-0656,Freight Account 656,Europe,SMB,ORD-08156,2026-08-07,1211.44,WH-NEWYORK
CUST-JOIN-0657,Freight Account 657,Asia Pacific,SMB,ORD-00657,2026-08-28,6310.29,WH-DETROIT
CUST-JOIN-0657,Freight Account 657,Asia Pacific,SMB,ORD-08157,2026-08-07,4236.38,WH-DETROIT
CUST-JOIN-0658,Freight Account 658,Europe,Startup,ORD-00658,2026-08-28,3059.05,WH-NEWYORK
CUST-JOIN-0658,Freight Account 658,Europe,Startup,ORD-08158,2026-08-07,6720.36,WH-NEWYORK
CUST-JOIN-0659,Freight Account 659,North America,SMB,ORD-00659,2026-08-28,6392.54,WH-DETROIT
CUST-JOIN-0659,Freight Account 659,North America,SMB,ORD-08159,2026-08-07,967.46,WH-NEWYORK
CUST-JOIN-0660,Freight Account 660,Europe,Startup,ORD-00660,2026-08-28,6266.48,WH-MIAMI
CUST-JOIN-0660,Freight Account 660,Europe,Startup,ORD-08160,2026-08-07,6542.4,WH-CHICAGO
CUST-JOIN-0661,Freight Account 661,North America,Startup,ORD-00661,2026-08-28,2389.29,WH-MIAMI
CUST-JOIN-0661,Freight Account 661,North America,Startup,ORD-08161,2026-08-07,4992.85,WH-DETROIT
CUST-JOIN-0662,Freight Account 662,Asia Pacific,SMB,ORD-00662,2026-08-28,6692.39,WH-NEWYORK
CUST-JOIN-0662,Freight Account 662,Asia Pacific,SMB,ORD-08162,2026-08-07,2581.1,WH-CHICAGO
CUST-JOIN-0663,Freight Account 663,North America,SMB,ORD-00663,2026-08-28,449.33,WH-MIAMI
CUST-JOIN-0663,Freight Account 663,North America,SMB,ORD-08163,2026-08-07,7973.73,WH-CHICAGO
CUST-JOIN-0664,Freight Account 664,North America,SMB,ORD-00664,2026-08-28,3020.61,WH-DETROIT
CUST-JOIN-0664,Freight Account 664,North America,SMB,ORD-08164,2026-08-07,676.89,WH-NEWYORK
CUST-JOIN-0665,Freight Account 665,Asia Pacific,Startup,ORD-00665,2026-08-28,2615.45,WH-MIAMI
CUST-JOIN-0665,Freight Account 665,Asia Pacific,Startup,ORD-08165,2026-08-07,6168.2,WH-MIAMI
CUST-JOIN-0666,Freight Account 666,North America,Startup,ORD-00666,2026-08-28,6475.76,WH-CHICAGO
CUST-JOIN-0666,Freight Account 666,North America,Startup,ORD-08166,2026-08-07,4152.5,WH-CHICAGO
CUST-JOIN-0667,Freight Account 667,Asia Pacific,Enterprise,ORD-00667,2026-08-28,295.72,WH-NEWYORK
CUST-JOIN-0667,Freight Account 667,Asia Pacific,Enterprise,ORD-08167,2026-08-07,2674.01,WH-DETROIT
CUST-JOIN-0668,Freight Account 668,Europe,Startup,ORD-00668,2026-08-28,4648.14,WH-NEWYORK
CUST-JOIN-0668,Freight Account 668,Europe,Startup,ORD-08168,2026-08-07,5228.89,WH-MIAMI
CUST-JOIN-0669,Freight Account 669,North America,Startup,ORD-00669,2026-08-28,4723.27,WH-NEWYORK
CUST-JOIN-0669,Freight Account 669,North America,Startup,ORD-08169,2026-08-08,1326.08,WH-MIAMI
CUST-JOIN-0670,Freight Account 670,Europe,SMB,ORD-00670,2026-08-28,6446.26,WH-CHICAGO
CUST-JOIN-0670,Freight Account 670,Europe,SMB,ORD-08170,2026-08-08,619.1,WH-CHICAGO
CUST-JOIN-0671,Freight Account 671,Europe,SMB,ORD-00671,2026-08-28,3013.44,WH-MIAMI
CUST-JOIN-0671,Freight Account 671,Europe,SMB,ORD-08171,2026-08-08,7454.28,WH-CHICAGO
CUST-JOIN-0672,Freight Account 672,North America,Startup,ORD-00672,2026-08-28,1994.62,WH-CHICAGO
CUST-JOIN-0672,Freight Account 672,North America,Startup,ORD-08172,2026-08-08,2803.34,WH-DETROIT
CUST-JOIN-0673,Freight Account 673,Asia Pacific,Startup,ORD-00673,2026-08-29,2182.96,WH-MIAMI
CUST-JOIN-0673,Freight Account 673,Asia Pacific,Startup,ORD-08173,2026-08-08,4758.42,WH-NEWYORK
CUST-JOIN-0674,Freight Account 674,Asia Pacific,Startup,ORD-00674,2026-08-29,698.39,WH-MIAMI
CUST-JOIN-0674,Freight Account 674,Asia Pacific,Startup,ORD-08174,2026-08-08,6292.1,WH-DETROIT
CUST-JOIN-0675,Freight Account 675,Europe,Startup,ORD-00675,2026-08-29,5530.39,WH-CHICAGO
CUST-JOIN-0675,Freight Account 675,Europe,Startup,ORD-08175,2026-08-08,3253.29,WH-DETROIT
CUST-JOIN-0676,Freight Account 676,Europe,Startup,ORD-00676,2026-08-29,5296.59,WH-CHICAGO
CUST-JOIN-0676,Freight Account 676,Europe,Startup,ORD-08176,2026-08-08,351.59,WH-CHICAGO
CUST-JOIN-0677,Freight Account 677,Europe,Startup,ORD-00677,2026-08-29,7189.63,WH-MIAMI
CUST-JOIN-0677,Freight Account 677,Europe,Startup,ORD-08177,2026-08-08,4565.41,WH-NEWYORK
CUST-JOIN-0678,Freight Account 678,Europe,SMB,ORD-00678,2026-08-29,5290.02,WH-NEWYORK
CUST-JOIN-0678,Freight Account 678,Europe,SMB,ORD-08178,2026-08-08,2676.06,WH-NEWYORK
CUST-JOIN-0679,Freight Account 679,North America,Enterprise,ORD-00679,2026-08-29,6641.99,WH-DETROIT
CUST-JOIN-0679,Freight Account 679,North America,Enterprise,ORD-08179,2026-08-08,7159.63,WH-DETROIT
CUST-JOIN-0680,Freight Account 680,North America,SMB,ORD-00680,2026-08-29,7297.14,WH-CHICAGO
CUST-JOIN-0680,Freight Account 680,North America,SMB,ORD-08180,2026-08-08,5283.23,WH-CHICAGO
CUST-JOIN-0681,Freight Account 681,Asia Pacific,SMB,ORD-00681,2026-08-29,6900.44,WH-DETROIT
CUST-JOIN-0681,Freight Account 681,Asia Pacific,SMB,ORD-08181,2026-08-08,1823.24,WH-MIAMI
CUST-JOIN-0682,Freight Account 682,North America,Enterprise,ORD-00682,2026-08-29,1996.61,WH-NEWYORK
CUST-JOIN-0682,Freight Account 682,North America,Enterprise,ORD-08182,2026-08-08,247.35,WH-NEWYORK
CUST-JOIN-0683,Freight Account 683,North America,Startup,ORD-00683,2026-08-29,417.19,WH-NEWYORK
CUST-JOIN-0683,Freight Account 683,North America,Startup,ORD-08183,2026-08-08,6518.24,WH-MIAMI
CUST-JOIN-0684,Freight Account 684,North America,SMB,ORD-00684,2026-08-29,7754.5,WH-DETROIT
CUST-JOIN-0684,Freight Account 684,North America,SMB,ORD-08184,2026-08-08,2681.07,WH-NEWYORK
CUST-JOIN-0685,Freight Account 685,Europe,Startup,ORD-00685,2026-08-29,1508.13,WH-DETROIT
CUST-JOIN-0685,Freight Account 685,Europe,Startup,ORD-08185,2026-08-08,3965.41,WH-NEWYORK
CUST-JOIN-0686,Freight Account 686,Asia Pacific,SMB,ORD-00686,2026-08-29,1256.28,WH-CHICAGO
CUST-JOIN-0686,Freight Account 686,Asia Pacific,SMB,ORD-08186,2026-08-08,7259.88,WH-NEWYORK
CUST-JOIN-0687,Freight Account 687,North America,SMB,ORD-00687,2026-08-29,3588.46,WH-MIAMI
CUST-JOIN-0687,Freight Account 687,North America,SMB,ORD-08187,2026-08-08,998.43,WH-DETROIT
CUST-JOIN-0688,Freight Account 688,Asia Pacific,Startup,ORD-00688,2026-08-29,3783.02,WH-CHICAGO
CUST-JOIN-0688,Freight Account 688,Asia Pacific,Startup,ORD-08188,2026-08-08,1623.13,WH-CHICAGO
CUST-JOIN-0689,Freight Account 689,Europe,Startup,ORD-00689,2026-08-29,429.79,WH-MIAMI
CUST-JOIN-0689,Freight Account 689,Europe,Startup,ORD-08189,2026-08-08,1944.3,WH-NEWYORK
CUST-JOIN-0690,Freight Account 690,Asia Pacific,Startup,ORD-00690,2026-08-29,1221.52,WH-NEWYORK
CUST-JOIN-0690,Freight Account 690,Asia Pacific,Startup,ORD-08190,2026-08-08,2541.4,WH-DETROIT
CUST-JOIN-0691,Freight Account 691,Asia Pacific,SMB,ORD-00691,2026-08-29,4818.41,WH-MIAMI
CUST-JOIN-0691,Freight Account 691,Asia Pacific,SMB,ORD-08191,2026-08-08,7327.99,WH-CHICAGO
CUST-JOIN-0692,Freight Account 692,Asia Pacific,SMB,ORD-00692,2026-08-29,3488.25,WH-MIAMI
CUST-JOIN-0692,Freight Account 692,Asia Pacific,SMB,ORD-08192,2026-08-08,437.97,WH-MIAMI
CUST-JOIN-0693,Freight Account 693,North America,SMB,ORD-00693,2026-08-29,7044.96,WH-MIAMI
CUST-JOIN-0693,Freight Account 693,North America,SMB,ORD-08193,2026-08-09,4883.38,WH-MIAMI
CUST-JOIN-0694,Freight Account 694,Asia Pacific,SMB,ORD-00694,2026-08-29,1783.19,WH-NEWYORK
CUST-JOIN-0694,Freight Account 694,Asia Pacific,SMB,ORD-08194,2026-08-09,7012.31,WH-NEWYORK
CUST-JOIN-0695,Freight Account 695,Asia Pacific,Startup,ORD-00695,2026-08-29,3861.79,WH-MIAMI
CUST-JOIN-0695,Freight Account 695,Asia Pacific,Startup,ORD-08195,2026-08-09,6252.75,WH-CHICAGO
CUST-JOIN-0696,Freight Account 696,Europe,Startup,ORD-00696,2026-08-29,722.26,WH-NEWYORK
CUST-JOIN-0696,Freight Account 696,Europe,Startup,ORD-08196,2026-08-09,4691.33,WH-MIAMI
CUST-JOIN-0697,Freight Account 697,Asia Pacific,SMB,ORD-00697,2026-08-30,4385.91,WH-DETROIT
CUST-JOIN-0697,Freight Account 697,Asia Pacific,SMB,ORD-08197,2026-08-09,970.72,WH-CHICAGO
CUST-JOIN-0698,Freight Account 698,Asia Pacific,Startup,ORD-00698,2026-08-30,4006.96,WH-CHICAGO
CUST-JOIN-0698,Freight Account 698,Asia Pacific,Startup,ORD-08198,2026-08-09,7228.85,WH-CHICAGO
CUST-JOIN-0699,Freight Account 699,North America,Startup,ORD-00699,2026-08-30,2682.6,WH-CHICAGO
CUST-JOIN-0699,Freight Account 699,North America,Startup,ORD-08199,2026-08-09,801.13,WH-MIAMI
CUST-JOIN-0700,Freight Account 700,North America,Enterprise,ORD-00700,2026-08-30,1836.66,WH-DETROIT
CUST-JOIN-0700,Freight Account 700,North America,Enterprise,ORD-08200,2026-08-09,1331.92,WH-MIAMI
CUST-JOIN-0701,Freight Account 701,North America,SMB,ORD-00701,2026-08-30,3020.45,WH-MIAMI
CUST-JOIN-0701,Freight Account 701,North America,SMB,ORD-08201,2026-08-09,460.28,WH-NEWYORK
CUST-JOIN-0702,Freight Account 702,North America,SMB,ORD-00702,2026-08-30,6945.23,WH-NEWYORK
CUST-JOIN-0702,Freight Account 702,North America,SMB,ORD-08202,2026-08-09,4041.23,WH-MIAMI
CUST-JOIN-0703,Freight Account 703,Europe,Startup,ORD-00703,2026-08-30,3444.82,WH-DETROIT
CUST-JOIN-0703,Freight Account 703,Europe,Startup,ORD-08203,2026-08-09,6318.79,WH-CHICAGO
CUST-JOIN-0704,Freight Account 704,North America,Startup,ORD-00704,2026-08-30,344.24,WH-CHICAGO
CUST-JOIN-0704,Freight Account 704,North America,Startup,ORD-08204,2026-08-09,3651.78,WH-DETROIT
CUST-JOIN-0705,Freight Account 705,North America,Startup,ORD-00705,2026-08-30,3503.32,WH-CHICAGO
CUST-JOIN-0705,Freight Account 705,North America,Startup,ORD-08205,2026-08-09,1566.21,WH-MIAMI
CUST-JOIN-0706,Freight Account 706,Asia Pacific,SMB,ORD-00706,2026-08-30,2106.54,WH-DETROIT
CUST-JOIN-0706,Freight Account 706,Asia Pacific,SMB,ORD-08206,2026-08-09,3332.51,WH-MIAMI
CUST-JOIN-0707,Freight Account 707,Europe,Startup,ORD-00707,2026-08-30,5801.93,WH-CHICAGO
CUST-JOIN-0707,Freight Account 707,Europe,Startup,ORD-08207,2026-08-09,7952.82,WH-MIAMI
CUST-JOIN-0708,Freight Account 708,Asia Pacific,Startup,ORD-00708,2026-08-30,5268.11,WH-DETROIT
CUST-JOIN-0708,Freight Account 708,Asia Pacific,Startup,ORD-08208,2026-08-09,4874.6,WH-DETROIT
CUST-JOIN-0709,Freight Account 709,North America,Startup,ORD-00709,2026-08-30,7867.3,WH-DETROIT
CUST-JOIN-0709,Freight Account 709,North America,Startup,ORD-08209,2026-08-09,4760.79,WH-MIAMI
CUST-JOIN-0710,Freight Account 710,Europe,Startup,ORD-00710,2026-08-30,5159.22,WH-CHICAGO
CUST-JOIN-0710,Freight Account 710,Europe,Startup,ORD-08210,2026-08-09,2840.27,WH-NEWYORK
CUST-JOIN-0711,Freight Account 711,Asia Pacific,Startup,ORD-00711,2026-08-30,453.31,WH-CHICAGO
CUST-JOIN-0711,Freight Account 711,Asia Pacific,Startup,ORD-08211,2026-08-09,6622.99,WH-DETROIT
CUST-JOIN-0712,Freight Account 712,Europe,Startup,ORD-00712,2026-08-30,6995.01,WH-NEWYORK
CUST-JOIN-0712,Freight Account 712,Europe,Startup,ORD-08212,2026-08-09,5157.84,WH-NEWYORK
CUST-JOIN-0713,Freight Account 713,Europe,SMB,ORD-00713,2026-08-30,7594.78,WH-CHICAGO
CUST-JOIN-0713,Freight Account 713,Europe,SMB,ORD-08213,2026-08-09,4133.36,WH-DETROIT
CUST-JOIN-0714,Freight Account 714,Europe,SMB,ORD-00714,2026-08-30,6962.8,WH-CHICAGO
CUST-JOIN-0714,Freight Account 714,Europe,SMB,ORD-08214,2026-08-09,5107.47,WH-CHICAGO
CUST-JOIN-0715,Freight Account 715,Europe,Enterprise,ORD-00715,2026-08-30,4391.51,WH-CHICAGO
CUST-JOIN-0715,Freight Account 715,Europe,Enterprise,ORD-08215,2026-08-09,6068.99,WH-DETROIT
CUST-JOIN-0716,Freight Account 716,North America,Startup,ORD-00716,2026-08-30,6199.29,WH-DETROIT
CUST-JOIN-0716,Freight Account 716,North America,Startup,ORD-08216,2026-08-09,7702.81,WH-MIAMI
CUST-JOIN-0717,Freight Account 717,Europe,SMB,ORD-00717,2026-08-30,659.91,WH-NEWYORK
CUST-JOIN-0717,Freight Account 717,Europe,SMB,ORD-08217,2026-08-10,1520.16,WH-MIAMI
CUST-JOIN-0718,Freight Account 718,North America,SMB,ORD-00718,2026-08-30,4636.58,WH-MIAMI
CUST-JOIN-0718,Freight Account 718,North America,SMB,ORD-08218,2026-08-10,3185.47,WH-DETROIT
CUST-JOIN-0719,Freight Account 719,North America,Startup,ORD-00719,2026-08-30,2571.49,WH-MIAMI
CUST-JOIN-0719,Freight Account 719,North America,Startup,ORD-08219,2026-08-10,1794.55,WH-NEWYORK
CUST-JOIN-0720,Freight Account 720,Europe,SMB,ORD-00720,2026-08-30,4889.66,WH-MIAMI
CUST-JOIN-0720,Freight Account 720,Europe,SMB,ORD-08220,2026-08-10,6203.33,WH-CHICAGO
CUST-JOIN-0721,Freight Account 721,Europe,SMB,ORD-00721,2026-08-31,3318.9,WH-NEWYORK
CUST-JOIN-0721,Freight Account 721,Europe,SMB,ORD-08221,2026-08-10,7723.5,WH-MIAMI
CUST-JOIN-0722,Freight Account 722,North America,Startup,ORD-00722,2026-08-31,7080.31,WH-MIAMI
CUST-JOIN-0722,Freight Account 722,North America,Startup,ORD-08222,2026-08-10,4694.08,WH-NEWYORK
CUST-JOIN-0723,Freight Account 723,North America,Startup,ORD-00723,2026-08-31,2411.31,WH-NEWYORK
CUST-JOIN-0723,Freight Account 723,North America,Startup,ORD-08223,2026-08-10,6414.03,WH-DETROIT
CUST-JOIN-0724,Freight Account 724,North America,Startup,ORD-00724,2026-08-31,3942.64,WH-NEWYORK
CUST-JOIN-0724,Freight Account 724,North America,Startup,ORD-08224,2026-08-10,3247.39,WH-DETROIT
CUST-JOIN-0725,Freight Account 725,Asia Pacific,Startup,ORD-00725,2026-08-31,5144.8,WH-MIAMI
CUST-JOIN-0725,Freight Account 725,Asia Pacific,Startup,ORD-08225,2026-08-10,5615.09,WH-CHICAGO
CUST-JOIN-0726,Freight Account 726,Europe,Startup,ORD-00726,2026-08-31,6102.94,WH-MIAMI
CUST-JOIN-0726,Freight Account 726,Europe,Startup,ORD-08226,2026-08-10,6558.42,WH-NEWYORK
CUST-JOIN-0727,Freight Account 727,Asia Pacific,Startup,ORD-00727,2026-08-31,3944.2,WH-MIAMI
CUST-JOIN-0727,Freight Account 727,Asia Pacific,Startup,ORD-08227,2026-08-10,4158.08,WH-DETROIT
CUST-JOIN-0728,Freight Account 728,Asia Pacific,SMB,ORD-00728,2026-08-31,2218.35,WH-CHICAGO
CUST-JOIN-0728,Freight Account 728,Asia Pacific,SMB,ORD-08228,2026-08-10,6797.48,WH-NEWYORK
CUST-JOIN-0729,Freight Account 729,Europe,Startup,ORD-00729,2026-08-31,749.69,WH-CHICAGO
CUST-JOIN-0729,Freight Account 729,Europe,Startup,ORD-08229,2026-08-10,1156.31,WH-CHICAGO
CUST-JOIN-0730,Freight Account 730,North America,Startup,ORD-00730,2026-08-31,2470.35,WH-DETROIT
CUST-JOIN-0730,Freight Account 730,North America,Startup,ORD-08230,2026-08-10,7123.38,WH-MIAMI
CUST-JOIN-0731,Freight Account 731,North America,Startup,ORD-00731,2026-08-31,1227.61,WH-MIAMI
CUST-JOIN-0731,Freight Account 731,North America,Startup,ORD-08231,2026-08-10,2104.4,WH-NEWYORK
CUST-JOIN-0732,Freight Account 732,Asia Pacific,SMB,ORD-00732,2026-08-31,2208.32,WH-NEWYORK
CUST-JOIN-0732,Freight Account 732,Asia Pacific,SMB,ORD-08232,2026-08-10,7821.04,WH-MIAMI
CUST-JOIN-0733,Freight Account 733,Europe,SMB,ORD-00733,2026-08-31,4040.67,WH-NEWYORK
CUST-JOIN-0733,Freight Account 733,Europe,SMB,ORD-08233,2026-08-10,6960.52,WH-CHICAGO
CUST-JOIN-0734,Freight Account 734,North America,Enterprise,ORD-00734,2026-08-31,659.71,WH-DETROIT
CUST-JOIN-0734,Freight Account 734,North America,Enterprise,ORD-08234,2026-08-10,3614.25,WH-CHICAGO
CUST-JOIN-0735,Freight Account 735,Asia Pacific,SMB,ORD-00735,2026-08-31,6159.83,WH-CHICAGO
CUST-JOIN-0735,Freight Account 735,Asia Pacific,SMB,ORD-08235,2026-08-10,5306.7,WH-DETROIT
CUST-JOIN-0736,Freight Account 736,Asia Pacific,Startup,ORD-00736,2026-08-31,2095.64,WH-MIAMI
CUST-JOIN-0736,Freight Account 736,Asia Pacific,Startup,ORD-08236,2026-08-10,2166.61,WH-CHICAGO
CUST-JOIN-0737,Freight Account 737,Asia Pacific,SMB,ORD-00737,2026-08-31,4340.19,WH-CHICAGO
CUST-JOIN-0737,Freight Account 737,Asia Pacific,SMB,ORD-08237,2026-08-10,3753.24,WH-CHICAGO
CUST-JOIN-0738,Freight Account 738,North America,Startup,ORD-00738,2026-08-31,5622.27,WH-CHICAGO
CUST-JOIN-0738,Freight Account 738,North America,Startup,ORD-08238,2026-08-10,4315.47,WH-CHICAGO
CUST-JOIN-0739,Freight Account 739,Europe,Startup,ORD-00739,2026-08-31,813.49,WH-MIAMI
CUST-JOIN-0739,Freight Account 739,Europe,Startup,ORD-08239,2026-08-10,270.68,WH-MIAMI
CUST-JOIN-0740,Freight Account 740,North America,SMB,ORD-00740,2026-08-31,989.63,WH-NEWYORK
CUST-JOIN-0740,Freight Account 740,North America,SMB,ORD-08240,2026-08-10,4187.67,WH-MIAMI
CUST-JOIN-0741,Freight Account 741,North America,SMB,ORD-00741,2026-08-31,5287.12,WH-NEWYORK
CUST-JOIN-0741,Freight Account 741,North America,SMB,ORD-08241,2026-08-11,4005.18,WH-CHICAGO
CUST-JOIN-0742,Freight Account 742,North America,Enterprise,ORD-00742,2026-08-31,7751.16,WH-NEWYORK
CUST-JOIN-0742,Freight Account 742,North America,Enterprise,ORD-08242,2026-08-11,1729.31,WH-CHICAGO
CUST-JOIN-0743,Freight Account 743,Asia Pacific,Startup,ORD-00743,2026-08-31,6995.97,WH-MIAMI
CUST-JOIN-0743,Freight Account 743,Asia Pacific,Startup,ORD-08243,2026-08-11,3857.62,WH-NEWYORK
CUST-JOIN-0744,Freight Account 744,Asia Pacific,Startup,ORD-00744,2026-08-31,4701.97,WH-MIAMI
CUST-JOIN-0744,Freight Account 744,Asia Pacific,Startup,ORD-08244,2026-08-11,7867.0,WH-CHICAGO
CUST-JOIN-0745,Freight Account 745,Asia Pacific,Startup,ORD-00745,2026-09-01,4079.81,WH-CHICAGO
CUST-JOIN-0745,Freight Account 745,Asia Pacific,Startup,ORD-08245,2026-08-11,2690.59,WH-CHICAGO
CUST-JOIN-0746,Freight Account 746,Europe,Startup,ORD-00746,2026-09-01,6434.5,WH-DETROIT
CUST-JOIN-0746,Freight Account 746,Europe,Startup,ORD-08246,2026-08-11,2729.44,WH-MIAMI
CUST-JOIN-0747,Freight Account 747,Asia Pacific,Enterprise,ORD-00747,2026-09-01,6967.32,WH-DETROIT
CUST-JOIN-0747,Freight Account 747,Asia Pacific,Enterprise,ORD-08247,2026-08-11,5230.67,WH-DETROIT
CUST-JOIN-0748,Freight Account 748,North America,SMB,ORD-00748,2026-09-01,5467.83,WH-DETROIT
CUST-JOIN-0748,Freight Account 748,North America,SMB,ORD-08248,2026-08-11,7567.06,WH-CHICAGO
CUST-JOIN-0749,Freight Account 749,Asia Pacific,Startup,ORD-00749,2026-09-01,6579.17,WH-CHICAGO
CUST-JOIN-0749,Freight Account 749,Asia Pacific,Startup,ORD-08249,2026-08-11,7468.58,WH-CHICAGO
CUST-JOIN-0750,Freight Account 750,North America,SMB,ORD-00750,2026-09-01,5916.56,WH-DETROIT
CUST-JOIN-0750,Freight Account 750,North America,SMB,ORD-08250,2026-08-11,3904.75,WH-NEWYORK
CUST-JOIN-0751,Freight Account 751,North America,SMB,ORD-00751,2026-09-01,6595.39,WH-MIAMI
CUST-JOIN-0751,Freight Account 751,North America,SMB,ORD-08251,2026-08-11,944.65,WH-DETROIT
CUST-JOIN-0752,Freight Account 752,North America,Startup,ORD-00752,2026-09-01,2861.9,WH-MIAMI
CUST-JOIN-0752,Freight Account 752,North America,Startup,ORD-08252,2026-08-11,5959.57,WH-MIAMI
CUST-JOIN-0753,Freight Account 753,Europe,Startup,ORD-00753,2026-09-01,4380.56,WH-MIAMI
CUST-JOIN-0753,Freight Account 753,Europe,Startup,ORD-08253,2026-08-11,4527.23,WH-MIAMI
CUST-JOIN-0754,Freight Account 754,North America,SMB,ORD-00754,2026-09-01,7107.55,WH-CHICAGO
CUST-JOIN-0754,Freight Account 754,North America,SMB,ORD-08254,2026-08-11,1835.47,WH-NEWYORK
CUST-JOIN-0755,Freight Account 755,North America,Startup,ORD-00755,2026-09-01,2506.65,WH-DETROIT
CUST-JOIN-0755,Freight Account 755,North America,Startup,ORD-08255,2026-08-11,3955.4,WH-CHICAGO
CUST-JOIN-0756,Freight Account 756,Europe,Startup,ORD-00756,2026-09-01,7681.88,WH-NEWYORK
CUST-JOIN-0756,Freight Account 756,Europe,Startup,ORD-08256,2026-08-11,5485.11,WH-MIAMI
CUST-JOIN-0757,Freight Account 757,Europe,SMB,ORD-00757,2026-09-01,6373.3,WH-DETROIT
CUST-JOIN-0757,Freight Account 757,Europe,SMB,ORD-08257,2026-08-11,7109.78,WH-NEWYORK
CUST-JOIN-0758,Freight Account 758,North America,SMB,ORD-00758,2026-09-01,6875.79,WH-CHICAGO
CUST-JOIN-0758,Freight Account 758,North America,SMB,ORD-08258,2026-08-11,5525.18,WH-DETROIT
CUST-JOIN-0759,Freight Account 759,Asia Pacific,SMB,ORD-00759,2026-09-01,6871.11,WH-MIAMI
CUST-JOIN-0759,Freight Account 759,Asia Pacific,SMB,ORD-08259,2026-08-11,6018.39,WH-DETROIT
CUST-JOIN-0760,Freight Account 760,Europe,Enterprise,ORD-00760,2026-09-01,1656.84,WH-DETROIT
CUST-JOIN-0760,Freight Account 760,Europe,Enterprise,ORD-08260,2026-08-11,4246.36,WH-CHICAGO
CUST-JOIN-0761,Freight Account 761,Asia Pacific,Startup,ORD-00761,2026-09-01,2289.33,WH-CHICAGO
CUST-JOIN-0761,Freight Account 761,Asia Pacific,Startup,ORD-08261,2026-08-11,2129.93,WH-CHICAGO
CUST-JOIN-0762,Freight Account 762,North America,SMB,ORD-00762,2026-09-01,1242.69,WH-MIAMI
CUST-JOIN-0762,Freight Account 762,North America,SMB,ORD-08262,2026-08-11,263.66,WH-NEWYORK
CUST-JOIN-0763,Freight Account 763,Europe,Enterprise,ORD-00763,2026-09-01,2263.46,WH-NEWYORK
CUST-JOIN-0763,Freight Account 763,Europe,Enterprise,ORD-08263,2026-08-11,2709.91,WH-CHICAGO
CUST-JOIN-0764,Freight Account 764,Europe,Startup,ORD-00764,2026-09-01,5288.4,WH-NEWYORK
CUST-JOIN-0764,Freight Account 764,Europe,Startup,ORD-08264,2026-08-11,1013.85,WH-CHICAGO
CUST-JOIN-0765,Freight Account 765,North America,Startup,ORD-00765,2026-09-01,1696.66,WH-DETROIT
CUST-JOIN-0765,Freight Account 765,North America,Startup,ORD-08265,2026-08-12,5289.1,WH-MIAMI
CUST-JOIN-0766,Freight Account 766,Asia Pacific,Startup,ORD-00766,2026-09-01,6283.06,WH-CHICAGO
CUST-JOIN-0766,Freight Account 766,Asia Pacific,Startup,ORD-08266,2026-08-12,6313.58,WH-MIAMI
CUST-JOIN-0767,Freight Account 767,Asia Pacific,SMB,ORD-00767,2026-09-01,3363.32,WH-CHICAGO
CUST-JOIN-0767,Freight Account 767,Asia Pacific,SMB,ORD-08267,2026-08-12,1774.34,WH-CHICAGO
CUST-JOIN-0768,Freight Account 768,Asia Pacific,Startup,ORD-00768,2026-09-01,3532.6,WH-MIAMI
CUST-JOIN-0768,Freight Account 768,Asia Pacific,Startup,ORD-08268,2026-08-12,674.34,WH-NEWYORK
CUST-JOIN-0769,Freight Account 769,Europe,Startup,ORD-00769,2026-09-02,1706.29,WH-MIAMI
CUST-JOIN-0769,Freight Account 769,Europe,Startup,ORD-08269,2026-08-12,4797.35,WH-MIAMI
CUST-JOIN-0770,Freight Account 770,Europe,Enterprise,ORD-00770,2026-09-02,1777.53,WH-MIAMI
CUST-JOIN-0770,Freight Account 770,Europe,Enterprise,ORD-08270,2026-08-12,2074.69,WH-CHICAGO
CUST-JOIN-0771,Freight Account 771,Asia Pacific,Startup,ORD-00771,2026-09-02,6656.11,WH-NEWYORK
CUST-JOIN-0771,Freight Account 771,Asia Pacific,Startup,ORD-08271,2026-08-12,6293.04,WH-MIAMI
CUST-JOIN-0772,Freight Account 772,Europe,Startup,ORD-00772,2026-09-02,5971.48,WH-CHICAGO
CUST-JOIN-0772,Freight Account 772,Europe,Startup,ORD-08272,2026-08-12,3106.5,WH-NEWYORK
CUST-JOIN-0773,Freight Account 773,North America,SMB,ORD-00773,2026-09-02,6175.48,WH-DETROIT
CUST-JOIN-0773,Freight Account 773,North America,SMB,ORD-08273,2026-08-12,3091.34,WH-DETROIT
CUST-JOIN-0774,Freight Account 774,North America,Startup,ORD-00774,2026-09-02,1602.92,WH-MIAMI
CUST-JOIN-0774,Freight Account 774,North America,Startup,ORD-08274,2026-08-12,3781.42,WH-NEWYORK
CUST-JOIN-0775,Freight Account 775,North America,SMB,ORD-00775,2026-09-02,2324.74,WH-CHICAGO
CUST-JOIN-0775,Freight Account 775,North America,SMB,ORD-08275,2026-08-12,6740.42,WH-MIAMI
CUST-JOIN-0776,Freight Account 776,Asia Pacific,Startup,ORD-00776,2026-09-02,4721.24,WH-MIAMI
CUST-JOIN-0776,Freight Account 776,Asia Pacific,Startup,ORD-08276,2026-08-12,440.48,WH-NEWYORK
CUST-JOIN-0777,Freight Account 777,Europe,SMB,ORD-00777,2026-09-02,5868.54,WH-NEWYORK
CUST-JOIN-0777,Freight Account 777,Europe,SMB,ORD-08277,2026-08-12,7545.97,WH-NEWYORK
CUST-JOIN-0778,Freight Account 778,Europe,SMB,ORD-00778,2026-09-02,7812.11,WH-MIAMI
CUST-JOIN-0778,Freight Account 778,Europe,SMB,ORD-08278,2026-08-12,4777.94,WH-DETROIT
CUST-JOIN-0779,Freight Account 779,Asia Pacific,Startup,ORD-00779,2026-09-02,4723.84,WH-MIAMI
CUST-JOIN-0779,Freight Account 779,Asia Pacific,Startup,ORD-08279,2026-08-12,541.38,WH-CHICAGO
CUST-JOIN-0780,Freight Account 780,Asia Pacific,Enterprise,ORD-00780,2026-09-02,2145.11,WH-DETROIT
CUST-JOIN-0780,Freight Account 780,Asia Pacific,Enterprise,ORD-08280,2026-08-12,6064.64,WH-NEWYORK
CUST-JOIN-0781,Freight Account 781,Asia Pacific,SMB,ORD-00781,2026-09-02,7042.85,WH-DETROIT
CUST-JOIN-0781,Freight Account 781,Asia Pacific,SMB,ORD-08281,2026-08-12,1925.52,WH-NEWYORK
CUST-JOIN-0782,Freight Account 782,Asia Pacific,SMB,ORD-00782,2026-09-02,1274.84,WH-NEWYORK
CUST-JOIN-0782,Freight Account 782,Asia Pacific,SMB,ORD-08282,2026-08-12,7045.88,WH-CHICAGO
CUST-JOIN-0783,Freight Account 783,Asia Pacific,SMB,ORD-00783,2026-09-02,5176.83,WH-DETROIT
CUST-JOIN-0783,Freight Account 783,Asia Pacific,SMB,ORD-08283,2026-08-12,5458.4,WH-MIAMI
CUST-JOIN-0784,Freight Account 784,North America,SMB,ORD-00784,2026-09-02,1687.82,WH-MIAMI
CUST-JOIN-0784,Freight Account 784,North America,SMB,ORD-08284,2026-08-12,1918.61,WH-MIAMI
CUST-JOIN-0785,Freight Account 785,Asia Pacific,Startup,ORD-00785,2026-09-02,651.01,WH-DETROIT
CUST-JOIN-0785,Freight Account 785,Asia Pacific,Startup,ORD-08285,2026-08-12,5084.38,WH-NEWYORK
CUST-JOIN-0786,Freight Account 786,Asia Pacific,Enterprise,ORD-00786,2026-09-02,1811.83,WH-CHICAGO
CUST-JOIN-0786,Freight Account 786,Asia Pacific,Enterprise,ORD-08286,2026-08-12,1223.64,WH-NEWYORK
CUST-JOIN-0787,Freight Account 787,North America,Startup,ORD-00787,2026-09-02,761.46,WH-NEWYORK
CUST-JOIN-0787,Freight Account 787,North America,Startup,ORD-08287,2026-08-12,2761.18,WH-MIAMI
CUST-JOIN-0788,Freight Account 788,North America,Startup,ORD-00788,2026-09-02,6823.68,WH-DETROIT
CUST-JOIN-0788,Freight Account 788,North America,Startup,ORD-08288,2026-08-12,1221.17,WH-NEWYORK
CUST-JOIN-0789,Freight Account 789,North America,Startup,ORD-00789,2026-09-02,507.36,WH-MIAMI
CUST-JOIN-0789,Freight Account 789,North America,Startup,ORD-08289,2026-08-13,2914.51,WH-DETROIT
CUST-JOIN-0790,Freight Account 790,Europe,SMB,ORD-00790,2026-09-02,5038.95,WH-CHICAGO
CUST-JOIN-0790,Freight Account 790,Europe,SMB,ORD-08290,2026-08-13,7624.41,WH-MIAMI
CUST-JOIN-0791,Freight Account 791,Asia Pacific,Enterprise,ORD-00791,2026-09-02,5846.24,WH-MIAMI
CUST-JOIN-0791,Freight Account 791,Asia Pacific,Enterprise,ORD-08291,2026-08-13,7407.93,WH-CHICAGO
CUST-JOIN-0792,Freight Account 792,North America,Startup,ORD-00792,2026-09-02,705.81,WH-DETROIT
CUST-JOIN-0792,Freight Account 792,North America,Startup,ORD-08292,2026-08-13,6645.62,WH-MIAMI
CUST-JOIN-0793,Freight Account 793,Asia Pacific,SMB,ORD-00793,2026-09-03,746.63,WH-DETROIT
CUST-JOIN-0793,Freight Account 793,Asia Pacific,SMB,ORD-08293,2026-08-13,2118.58,WH-DETROIT
CUST-JOIN-0794,Freight Account 794,Asia Pacific,SMB,ORD-00794,2026-09-03,2971.76,WH-CHICAGO
CUST-JOIN-0794,Freight Account 794,Asia Pacific,SMB,ORD-08294,2026-08-13,2279.58,WH-MIAMI
CUST-JOIN-0795,Freight Account 795,Europe,SMB,ORD-00795,2026-09-03,4193.58,WH-DETROIT
CUST-JOIN-0795,Freight Account 795,Europe,SMB,ORD-08295,2026-08-13,7745.19,WH-DETROIT
CUST-JOIN-0796,Freight Account 796,North America,Enterprise,ORD-00796,2026-09-03,3975.57,WH-CHICAGO
CUST-JOIN-0796,Freight Account 796,North America,Enterprise,ORD-08296,2026-08-13,1886.07,WH-DETROIT
CUST-JOIN-0797,Freight Account 797,North America,Startup,ORD-00797,2026-09-03,2345.85,WH-CHICAGO
CUST-JOIN-0797,Freight Account 797,North America,Startup,ORD-08297,2026-08-13,696.19,WH-MIAMI
CUST-JOIN-0798,Freight Account 798,North America,SMB,ORD-00798,2026-09-03,1397.2,WH-NEWYORK
CUST-JOIN-0798,Freight Account 798,North America,SMB,ORD-08298,2026-08-13,7128.37,WH-NEWYORK
CUST-JOIN-0799,Freight Account 799,Asia Pacific,Startup,ORD-00799,2026-09-03,3202.28,WH-CHICAGO
CUST-JOIN-0799,Freight Account 799,Asia Pacific,Startup,ORD-08299,2026-08-13,6494.63,WH-NEWYORK
CUST-JOIN-0800,Freight Account 800,Europe,SMB,ORD-00800,2026-09-03,4626.54,WH-DETROIT
CUST-JOIN-0800,Freight Account 800,Europe,SMB,ORD-08300,2026-08-13,5738.26,WH-NEWYORK
CUST-JOIN-0801,Freight Account 801,Asia Pacific,Startup,ORD-00801,2026-09-03,2712.7,WH-CHICAGO
CUST-JOIN-0801,Freight Account 801,Asia Pacific,Startup,ORD-08301,2026-08-13,5079.73,WH-DETROIT
CUST-JOIN-0802,Freight Account 802,Europe,Enterprise,ORD-00802,2026-09-03,5105.06,WH-DETROIT
CUST-JOIN-0802,Freight Account 802,Europe,Enterprise,ORD-08302,2026-08-13,5133.74,WH-CHICAGO
CUST-JOIN-0803,Freight Account 803,Europe,Startup,ORD-00803,2026-09-03,7183.91,WH-NEWYORK
CUST-JOIN-0803,Freight Account 803,Europe,Startup,ORD-08303,2026-08-13,5920.08,WH-NEWYORK
CUST-JOIN-0804,Freight Account 804,Asia Pacific,Startup,ORD-00804,2026-09-03,7419.53,WH-DETROIT
CUST-JOIN-0804,Freight Account 804,Asia Pacific,Startup,ORD-08304,2026-08-13,5981.5,WH-MIAMI
CUST-JOIN-0805,Freight Account 805,North America,Startup,ORD-00805,2026-09-03,7971.82,WH-DETROIT
CUST-JOIN-0805,Freight Account 805,North America,Startup,ORD-08305,2026-08-13,5770.36,WH-DETROIT
CUST-JOIN-0806,Freight Account 806,Asia Pacific,Startup,ORD-00806,2026-09-03,1683.19,WH-MIAMI
CUST-JOIN-0806,Freight Account 806,Asia Pacific,Startup,ORD-08306,2026-08-13,1961.24,WH-DETROIT
CUST-JOIN-0807,Freight Account 807,Asia Pacific,Startup,ORD-00807,2026-09-03,904.77,WH-NEWYORK
CUST-JOIN-0807,Freight Account 807,Asia Pacific,Startup,ORD-08307,2026-08-13,5477.27,WH-DETROIT
CUST-JOIN-0808,Freight Account 808,North America,Startup,ORD-00808,2026-09-03,6479.27,WH-DETROIT
CUST-JOIN-0808,Freight Account 808,North America,Startup,ORD-08308,2026-08-13,3111.09,WH-DETROIT
CUST-JOIN-0809,Freight Account 809,North America,SMB,ORD-00809,2026-09-03,7671.46,WH-CHICAGO
CUST-JOIN-0809,Freight Account 809,North America,SMB,ORD-08309,2026-08-13,639.21,WH-DETROIT
CUST-JOIN-0810,Freight Account 810,North America,Startup,ORD-00810,2026-09-03,5476.7,WH-DETROIT
CUST-JOIN-0810,Freight Account 810,North America,Startup,ORD-08310,2026-08-13,3205.71,WH-DETROIT
CUST-JOIN-0811,Freight Account 811,North America,Startup,ORD-00811,2026-09-03,6559.64,WH-DETROIT
CUST-JOIN-0811,Freight Account 811,North America,Startup,ORD-08311,2026-08-13,7567.84,WH-DETROIT
CUST-JOIN-0812,Freight Account 812,Asia Pacific,Enterprise,ORD-00812,2026-09-03,1333.11,WH-CHICAGO
CUST-JOIN-0812,Freight Account 812,Asia Pacific,Enterprise,ORD-08312,2026-08-13,6772.89,WH-DETROIT
CUST-JOIN-0813,Freight Account 813,North America,Startup,ORD-00813,2026-09-03,7080.8,WH-NEWYORK
CUST-JOIN-0813,Freight Account 813,North America,Startup,ORD-08313,2026-08-14,3987.22,WH-CHICAGO
CUST-JOIN-0814,Freight Account 814,North America,SMB,ORD-00814,2026-09-03,4224.47,WH-DETROIT
CUST-JOIN-0814,Freight Account 814,North America,SMB,ORD-08314,2026-08-14,7039.69,WH-NEWYORK
CUST-JOIN-0815,Freight Account 815,Europe,Startup,ORD-00815,2026-09-03,4724.6,WH-MIAMI
CUST-JOIN-0815,Freight Account 815,Europe,Startup,ORD-08315,2026-08-14,6029.64,WH-DETROIT
CUST-JOIN-0816,Freight Account 816,North America,Startup,ORD-00816,2026-09-03,780.93,WH-CHICAGO
CUST-JOIN-0816,Freight Account 816,North America,Startup,ORD-08316,2026-08-14,1173.85,WH-DETROIT
CUST-JOIN-0817,Freight Account 817,Asia Pacific,SMB,ORD-00817,2026-09-04,7610.78,WH-DETROIT
CUST-JOIN-0817,Freight Account 817,Asia Pacific,SMB,ORD-08317,2026-08-14,3230.3,WH-CHICAGO
CUST-JOIN-0818,Freight Account 818,North America,Startup,ORD-00818,2026-09-04,5174.56,WH-DETROIT
CUST-JOIN-0818,Freight Account 818,North America,Startup,ORD-08318,2026-08-14,7850.18,WH-MIAMI
CUST-JOIN-0819,Freight Account 819,Europe,Enterprise,ORD-00819,2026-09-04,5163.1,WH-NEWYORK
CUST-JOIN-0819,Freight Account 819,Europe,Enterprise,ORD-08319,2026-08-14,3682.6,WH-MIAMI
CUST-JOIN-0820,Freight Account 820,North America,SMB,ORD-00820,2026-09-04,3631.5,WH-CHICAGO
CUST-JOIN-0820,Freight Account 820,North America,SMB,ORD-08320,2026-08-14,1568.84,WH-DETROIT
CUST-JOIN-0821,Freight Account 821,North America,SMB,ORD-00821,2026-09-04,3931.32,WH-CHICAGO
CUST-JOIN-0821,Freight Account 821,North America,SMB,ORD-08321,2026-08-14,4785.9,WH-CHICAGO
CUST-JOIN-0822,Freight Account 822,North America,Startup,ORD-00822,2026-09-04,1151.33,WH-MIAMI
CUST-JOIN-0822,Freight Account 822,North America,Startup,ORD-08322,2026-08-14,3673.47,WH-NEWYORK
CUST-JOIN-0823,Freight Account 823,Europe,SMB,ORD-00823,2026-09-04,3524.56,WH-MIAMI
CUST-JOIN-0823,Freight Account 823,Europe,SMB,ORD-08323,2026-08-14,5711.86,WH-MIAMI
CUST-JOIN-0824,Freight Account 824,North America,Startup,ORD-00824,2026-09-04,1081.23,WH-CHICAGO
CUST-JOIN-0824,Freight Account 824,North America,Startup,ORD-08324,2026-08-14,5507.34,WH-CHICAGO
CUST-JOIN-0825,Freight Account 825,Europe,Startup,ORD-00825,2026-09-04,7577.67,WH-CHICAGO
CUST-JOIN-0825,Freight Account 825,Europe,Startup,ORD-08325,2026-08-14,1767.7,WH-CHICAGO
CUST-JOIN-0826,Freight Account 826,Asia Pacific,SMB,ORD-00826,2026-09-04,4878.35,WH-CHICAGO
CUST-JOIN-0826,Freight Account 826,Asia Pacific,SMB,ORD-08326,2026-08-14,7785.45,WH-CHICAGO
CUST-JOIN-0827,Freight Account 827,North America,SMB,ORD-00827,2026-09-04,4983.01,WH-DETROIT
CUST-JOIN-0827,Freight Account 827,North America,SMB,ORD-08327,2026-08-14,3574.7,WH-NEWYORK
CUST-JOIN-0828,Freight Account 828,Asia Pacific,SMB,ORD-00828,2026-09-04,6652.59,WH-MIAMI
CUST-JOIN-0828,Freight Account 828,Asia Pacific,SMB,ORD-08328,2026-08-14,257.05,WH-DETROIT
CUST-JOIN-0829,Freight Account 829,North America,SMB,ORD-00829,2026-09-04,1464.28,WH-MIAMI
CUST-JOIN-0829,Freight Account 829,North America,SMB,ORD-08329,2026-08-14,6202.14,WH-MIAMI
CUST-JOIN-0830,Freight Account 830,Europe,Startup,ORD-00830,2026-09-04,1439.29,WH-CHICAGO
CUST-JOIN-0830,Freight Account 830,Europe,Startup,ORD-08330,2026-08-14,3055.6,WH-DETROIT
CUST-JOIN-0831,Freight Account 831,Europe,Startup,ORD-00831,2026-09-04,6487.36,WH-NEWYORK
CUST-JOIN-0831,Freight Account 831,Europe,Startup,ORD-08331,2026-08-14,227.34,WH-CHICAGO
CUST-JOIN-0832,Freight Account 832,Europe,Startup,ORD-00832,2026-09-04,5683.57,WH-DETROIT
CUST-JOIN-0832,Freight Account 832,Europe,Startup,ORD-08332,2026-08-14,1303.28,WH-DETROIT
CUST-JOIN-0833,Freight Account 833,North America,SMB,ORD-00833,2026-09-04,7834.84,WH-MIAMI
CUST-JOIN-0833,Freight Account 833,North America,SMB,ORD-08333,2026-08-14,6792.58,WH-MIAMI
CUST-JOIN-0834,Freight Account 834,Asia Pacific,SMB,ORD-00834,2026-09-04,5014.35,WH-CHICAGO
CUST-JOIN-0834,Freight Account 834,Asia Pacific,SMB,ORD-08334,2026-08-14,7764.97,WH-CHICAGO
CUST-JOIN-0835,Freight Account 835,Asia Pacific,Startup,ORD-00835,2026-09-04,7989.44,WH-CHICAGO
CUST-JOIN-0835,Freight Account 835,Asia Pacific,Startup,ORD-08335,2026-08-14,516.69,WH-NEWYORK
CUST-JOIN-0836,Freight Account 836,Europe,Startup,ORD-00836,2026-09-04,2074.18,WH-CHICAGO
CUST-JOIN-0836,Freight Account 836,Europe,Startup,ORD-08336,2026-08-14,7427.68,WH-DETROIT
CUST-JOIN-0837,Freight Account 837,North America,SMB,ORD-00837,2026-09-04,944.91,WH-NEWYORK
CUST-JOIN-0837,Freight Account 837,North America,SMB,ORD-08337,2026-08-15,2476.09,WH-MIAMI
CUST-JOIN-0838,Freight Account 838,North America,SMB,ORD-00838,2026-09-04,6433.03,WH-MIAMI
CUST-JOIN-0838,Freight Account 838,North America,SMB,ORD-08338,2026-08-15,2894.83,WH-CHICAGO
CUST-JOIN-0839,Freight Account 839,Asia Pacific,Startup,ORD-00839,2026-09-04,426.62,WH-DETROIT
CUST-JOIN-0839,Freight Account 839,Asia Pacific,Startup,ORD-08339,2026-08-15,4117.02,WH-CHICAGO
CUST-JOIN-0840,Freight Account 840,North America,SMB,ORD-00840,2026-09-04,6292.38,WH-DETROIT
CUST-JOIN-0840,Freight Account 840,North America,SMB,ORD-08340,2026-08-15,6768.88,WH-DETROIT
CUST-JOIN-0841,Freight Account 841,North America,Startup,ORD-00841,2026-09-05,7370.92,WH-CHICAGO
CUST-JOIN-0841,Freight Account 841,North America,Startup,ORD-08341,2026-08-15,2743.9,WH-CHICAGO
CUST-JOIN-0842,Freight Account 842,Europe,SMB,ORD-00842,2026-09-05,2768.47,WH-DETROIT
CUST-JOIN-0842,Freight Account 842,Europe,SMB,ORD-08342,2026-08-15,5008.04,WH-CHICAGO
CUST-JOIN-0843,Freight Account 843,North America,Enterprise,ORD-00843,2026-09-05,2840.39,WH-NEWYORK
CUST-JOIN-0843,Freight Account 843,North America,Enterprise,ORD-08343,2026-08-15,518.31,WH-DETROIT
CUST-JOIN-0844,Freight Account 844,Asia Pacific,Startup,ORD-00844,2026-09-05,4590.11,WH-CHICAGO
CUST-JOIN-0844,Freight Account 844,Asia Pacific,Startup,ORD-08344,2026-08-15,3108.31,WH-DETROIT
CUST-JOIN-0845,Freight Account 845,North America,SMB,ORD-00845,2026-09-05,5737.89,WH-NEWYORK
CUST-JOIN-0845,Freight Account 845,North America,SMB,ORD-08345,2026-08-15,5541.34,WH-NEWYORK
CUST-JOIN-0846,Freight Account 846,Europe,SMB,ORD-00846,2026-09-05,2099.62,WH-MIAMI
CUST-JOIN-0846,Freight Account 846,Europe,SMB,ORD-08346,2026-08-15,3229.62,WH-NEWYORK
CUST-JOIN-0847,Freight Account 847,North America,SMB,ORD-00847,2026-09-05,1379.31,WH-DETROIT
CUST-JOIN-0847,Freight Account 847,North America,SMB,ORD-08347,2026-08-15,6847.74,WH-CHICAGO
CUST-JOIN-0848,Freight Account 848,Asia Pacific,Startup,ORD-00848,2026-09-05,5007.4,WH-DETROIT
CUST-JOIN-0848,Freight Account 848,Asia Pacific,Startup,ORD-08348,2026-08-15,1181.07,WH-DETROIT
CUST-JOIN-0849,Freight Account 849,North America,Startup,ORD-00849,2026-09-05,7880.83,WH-DETROIT
CUST-JOIN-0849,Freight Account 849,North America,Startup,ORD-08349,2026-08-15,1271.36,WH-CHICAGO
CUST-JOIN-0850,Freight Account 850,Asia Pacific,SMB,ORD-00850,2026-09-05,6691.33,WH-MIAMI
CUST-JOIN-0850,Freight Account 850,Asia Pacific,SMB,ORD-08350,2026-08-15,3621.11,WH-NEWYORK
CUST-JOIN-0851,Freight Account 851,Europe,Startup,ORD-00851,2026-09-05,3239.95,WH-DETROIT
CUST-JOIN-0851,Freight Account 851,Europe,Startup,ORD-08351,2026-08-15,2639.94,WH-NEWYORK
CUST-JOIN-0852,Freight Account 852,Europe,Enterprise,ORD-00852,2026-09-05,1605.58,WH-DETROIT
CUST-JOIN-0852,Freight Account 852,Europe,Enterprise,ORD-08352,2026-08-15,4035.99,WH-CHICAGO
CUST-JOIN-0853,Freight Account 853,Europe,Startup,ORD-00853,2026-09-05,580.85,WH-DETROIT
CUST-JOIN-0853,Freight Account 853,Europe,Startup,ORD-08353,2026-08-15,3434.03,WH-DETROIT
CUST-JOIN-0854,Freight Account 854,Asia Pacific,Startup,ORD-00854,2026-09-05,760.48,WH-DETROIT
CUST-JOIN-0854,Freight Account 854,Asia Pacific,Startup,ORD-08354,2026-08-15,7613.42,WH-MIAMI
CUST-JOIN-0855,Freight Account 855,Europe,Startup,ORD-00855,2026-09-05,644.58,WH-MIAMI
CUST-JOIN-0855,Freight Account 855,Europe,Startup,ORD-08355,2026-08-15,998.11,WH-DETROIT
CUST-JOIN-0856,Freight Account 856,Asia Pacific,SMB,ORD-00856,2026-09-05,4509.16,WH-DETROIT
CUST-JOIN-0856,Freight Account 856,Asia Pacific,SMB,ORD-08356,2026-08-15,1231.08,WH-CHICAGO
CUST-JOIN-0857,Freight Account 857,North America,Startup,ORD-00857,2026-09-05,2943.67,WH-NEWYORK
CUST-JOIN-0857,Freight Account 857,North America,Startup,ORD-08357,2026-08-15,1329.59,WH-CHICAGO
CUST-JOIN-0858,Freight Account 858,Asia Pacific,Startup,ORD-00858,2026-09-05,7770.38,WH-NEWYORK
CUST-JOIN-0858,Freight Account 858,Asia Pacific,Startup,ORD-08358,2026-08-15,390.62,WH-MIAMI
CUST-JOIN-0859,Freight Account 859,Asia Pacific,Startup,ORD-00859,2026-09-05,4943.78,WH-NEWYORK
CUST-JOIN-0859,Freight Account 859,Asia Pacific,Startup,ORD-08359,2026-08-15,4638.35,WH-CHICAGO
CUST-JOIN-0860,Freight Account 860,Asia Pacific,SMB,ORD-00860,2026-09-05,4438.52,WH-NEWYORK
CUST-JOIN-0860,Freight Account 860,Asia Pacific,SMB,ORD-08360,2026-08-15,3563.24,WH-DETROIT
CUST-JOIN-0861,Freight Account 861,Asia Pacific,Startup,ORD-00861,2026-09-05,5420.8,WH-DETROIT
CUST-JOIN-0861,Freight Account 861,Asia Pacific,Startup,ORD-08361,2026-08-16,2976.32,WH-DETROIT
CUST-JOIN-0862,Freight Account 862,North America,Enterprise,ORD-00862,2026-09-05,1245.77,WH-MIAMI
CUST-JOIN-0862,Freight Account 862,North America,Enterprise,ORD-08362,2026-08-16,5282.22,WH-MIAMI
CUST-JOIN-0863,Freight Account 863,Europe,SMB,ORD-00863,2026-09-05,6829.44,WH-MIAMI
CUST-JOIN-0863,Freight Account 863,Europe,SMB,ORD-08363,2026-08-16,5577.69,WH-DETROIT
CUST-JOIN-0864,Freight Account 864,Asia Pacific,SMB,ORD-00864,2026-09-05,2156.7,WH-DETROIT
CUST-JOIN-0864,Freight Account 864,Asia Pacific,SMB,ORD-08364,2026-08-16,3478.27,WH-DETROIT
CUST-JOIN-0865,Freight Account 865,Asia Pacific,SMB,ORD-00865,2026-09-06,5452.13,WH-DETROIT
CUST-JOIN-0865,Freight Account 865,Asia Pacific,SMB,ORD-08365,2026-08-16,3502.2,WH-CHICAGO
CUST-JOIN-0866,Freight Account 866,North America,SMB,ORD-00866,2026-09-06,7931.96,WH-NEWYORK
CUST-JOIN-0866,Freight Account 866,North America,SMB,ORD-08366,2026-08-16,6564.98,WH-CHICAGO
CUST-JOIN-0867,Freight Account 867,Asia Pacific,Startup,ORD-00867,2026-09-06,5348.32,WH-MIAMI
CUST-JOIN-0867,Freight Account 867,Asia Pacific,Startup,ORD-08367,2026-08-16,3441.84,WH-DETROIT
CUST-JOIN-0868,Freight Account 868,Asia Pacific,Startup,ORD-00868,2026-09-06,6280.9,WH-DETROIT
CUST-JOIN-0868,Freight Account 868,Asia Pacific,Startup,ORD-08368,2026-08-16,5069.42,WH-CHICAGO
CUST-JOIN-0869,Freight Account 869,North America,SMB,ORD-00869,2026-09-06,7824.28,WH-MIAMI
CUST-JOIN-0869,Freight Account 869,North America,SMB,ORD-08369,2026-08-16,4923.72,WH-DETROIT
CUST-JOIN-0870,Freight Account 870,Europe,SMB,ORD-00870,2026-09-06,3483.32,WH-MIAMI
CUST-JOIN-0870,Freight Account 870,Europe,SMB,ORD-08370,2026-08-16,2970.69,WH-CHICAGO
CUST-JOIN-0871,Freight Account 871,Asia Pacific,SMB,ORD-00871,2026-09-06,5899.22,WH-MIAMI
CUST-JOIN-0871,Freight Account 871,Asia Pacific,SMB,ORD-08371,2026-08-16,4835.28,WH-DETROIT
CUST-JOIN-0872,Freight Account 872,Asia Pacific,Startup,ORD-00872,2026-09-06,2681.35,WH-CHICAGO
CUST-JOIN-0872,Freight Account 872,Asia Pacific,Startup,ORD-08372,2026-08-16,2141.37,WH-CHICAGO
CUST-JOIN-0873,Freight Account 873,Europe,SMB,ORD-00873,2026-09-06,7800.24,WH-NEWYORK
CUST-JOIN-0873,Freight Account 873,Europe,SMB,ORD-08373,2026-08-16,6900.26,WH-NEWYORK
CUST-JOIN-0874,Freight Account 874,Asia Pacific,Startup,ORD-00874,2026-09-06,2185.57,WH-CHICAGO
CUST-JOIN-0874,Freight Account 874,Asia Pacific,Startup,ORD-08374,2026-08-16,2972.67,WH-NEWYORK
CUST-JOIN-0875,Freight Account 875,Europe,Startup,ORD-00875,2026-09-06,2734.71,WH-CHICAGO
CUST-JOIN-0875,Freight Account 875,Europe,Startup,ORD-08375,2026-08-16,1786.05,WH-NEWYORK
CUST-JOIN-0876,Freight Account 876,Europe,SMB,ORD-00876,2026-09-06,6338.19,WH-CHICAGO
CUST-JOIN-0876,Freight Account 876,Europe,SMB,ORD-08376,2026-08-16,4589.03,WH-MIAMI
CUST-JOIN-0877,Freight Account 877,Asia Pacific,Startup,ORD-00877,2026-09-06,2382.65,WH-DETROIT
CUST-JOIN-0877,Freight Account 877,Asia Pacific,Startup,ORD-08377,2026-08-16,6641.83,WH-DETROIT
CUST-JOIN-0878,Freight Account 878,Europe,Startup,ORD-00878,2026-09-06,610.42,WH-CHICAGO
CUST-JOIN-0878,Freight Account 878,Europe,Startup,ORD-08378,2026-08-16,7870.97,WH-NEWYORK
CUST-JOIN-0879,Freight Account 879,North America,Startup,ORD-00879,2026-09-06,4237.12,WH-MIAMI
CUST-JOIN-0879,Freight Account 879,North America,Startup,ORD-08379,2026-08-16,1839.06,WH-NEWYORK
CUST-JOIN-0880,Freight Account 880,Asia Pacific,Startup,ORD-00880,2026-09-06,4414.45,WH-MIAMI
CUST-JOIN-0880,Freight Account 880,Asia Pacific,Startup,ORD-08380,2026-08-16,1816.0,WH-DETROIT
CUST-JOIN-0881,Freight Account 881,Europe,SMB,ORD-00881,2026-09-06,846.22,WH-NEWYORK
CUST-JOIN-0881,Freight Account 881,Europe,SMB,ORD-08381,2026-08-16,3476.17,WH-MIAMI
CUST-JOIN-0882,Freight Account 882,Europe,SMB,ORD-00882,2026-09-06,4716.01,WH-NEWYORK
CUST-JOIN-0882,Freight Account 882,Europe,SMB,ORD-08382,2026-08-16,5774.84,WH-CHICAGO
CUST-JOIN-0883,Freight Account 883,Europe,SMB,ORD-00883,2026-09-06,7155.49,WH-DETROIT
CUST-JOIN-0883,Freight Account 883,Europe,SMB,ORD-08383,2026-08-16,3586.48,WH-MIAMI
CUST-JOIN-0884,Freight Account 884,Asia Pacific,Startup,ORD-00884,2026-09-06,4851.42,WH-NEWYORK
CUST-JOIN-0884,Freight Account 884,Asia Pacific,Startup,ORD-08384,2026-08-16,759.86,WH-MIAMI
CUST-JOIN-0885,Freight Account 885,Europe,Startup,ORD-00885,2026-09-06,389.01,WH-CHICAGO
CUST-JOIN-0885,Freight Account 885,Europe,Startup,ORD-08385,2026-08-17,819.43,WH-CHICAGO
CUST-JOIN-0886,Freight Account 886,North America,SMB,ORD-00886,2026-09-06,2576.89,WH-CHICAGO
CUST-JOIN-0886,Freight Account 886,North America,SMB,ORD-08386,2026-08-17,3003.72,WH-CHICAGO
CUST-JOIN-0887,Freight Account 887,Europe,SMB,ORD-00887,2026-09-06,7664.96,WH-MIAMI
CUST-JOIN-0887,Freight Account 887,Europe,SMB,ORD-08387,2026-08-17,1443.97,WH-DETROIT
CUST-JOIN-0888,Freight Account 888,Europe,Enterprise,ORD-00888,2026-09-06,7604.03,WH-CHICAGO
CUST-JOIN-0888,Freight Account 888,Europe,Enterprise,ORD-08388,2026-08-17,7884.84,WH-CHICAGO
CUST-JOIN-0889,Freight Account 889,North America,SMB,ORD-00889,2026-09-07,4232.97,WH-NEWYORK
CUST-JOIN-0889,Freight Account 889,North America,SMB,ORD-08389,2026-08-17,4859.93,WH-NEWYORK
CUST-JOIN-0890,Freight Account 890,Asia Pacific,Startup,ORD-00890,2026-09-07,1745.04,WH-NEWYORK
CUST-JOIN-0890,Freight Account 890,Asia Pacific,Startup,ORD-08390,2026-08-17,3423.35,WH-MIAMI
CUST-JOIN-0891,Freight Account 891,North America,Startup,ORD-00891,2026-09-07,6530.61,WH-MIAMI
CUST-JOIN-0891,Freight Account 891,North America,Startup,ORD-08391,2026-08-17,647.41,WH-DETROIT
CUST-JOIN-0892,Freight Account 892,North America,Startup,ORD-00892,2026-09-07,4824.39,WH-DETROIT
CUST-JOIN-0892,Freight Account 892,North America,Startup,ORD-08392,2026-08-17,5385.23,WH-DETROIT
CUST-JOIN-0893,Freight Account 893,Europe,Enterprise,ORD-00893,2026-09-07,475.96,WH-DETROIT
CUST-JOIN-0893,Freight Account 893,Europe,Enterprise,ORD-08393,2026-08-17,396.18,WH-NEWYORK
CUST-JOIN-0894,Freight Account 894,North America,Startup,ORD-00894,2026-09-07,2430.69,WH-DETROIT
CUST-JOIN-0894,Freight Account 894,North America,Startup,ORD-08394,2026-08-17,6990.01,WH-MIAMI
CUST-JOIN-0895,Freight Account 895,Asia Pacific,SMB,ORD-00895,2026-09-07,6620.48,WH-NEWYORK
CUST-JOIN-0895,Freight Account 895,Asia Pacific,SMB,ORD-08395,2026-08-17,6232.41,WH-CHICAGO
CUST-JOIN-0896,Freight Account 896,North America,Startup,ORD-00896,2026-09-07,2206.98,WH-MIAMI
CUST-JOIN-0896,Freight Account 896,North America,Startup,ORD-08396,2026-08-17,4984.29,WH-DETROIT
CUST-JOIN-0897,Freight Account 897,Europe,SMB,ORD-00897,2026-09-07,3004.66,WH-NEWYORK
CUST-JOIN-0897,Freight Account 897,Europe,SMB,ORD-08397,2026-08-17,7648.06,WH-MIAMI
CUST-JOIN-0898,Freight Account 898,North America,SMB,ORD-00898,2026-09-07,5922.01,WH-MIAMI
CUST-JOIN-0898,Freight Account 898,North America,SMB,ORD-08398,2026-08-17,7334.68,WH-CHICAGO
CUST-JOIN-0899,Freight Account 899,North America,Startup,ORD-00899,2026-09-07,3116.74,WH-MIAMI
CUST-JOIN-0899,Freight Account 899,North America,Startup,ORD-08399,2026-08-17,3581.2,WH-CHICAGO
CUST-JOIN-0900,Freight Account 900,Europe,Startup,ORD-00900,2026-09-07,7201.89,WH-DETROIT
CUST-JOIN-0900,Freight Account 900,Europe,Startup,ORD-08400,2026-08-17,7681.83,WH-NEWYORK
CUST-JOIN-0901,Freight Account 901,Asia Pacific,SMB,ORD-00901,2026-09-07,7303.44,WH-CHICAGO
CUST-JOIN-0901,Freight Account 901,Asia Pacific,SMB,ORD-08401,2026-08-17,5244.95,WH-NEWYORK
CUST-JOIN-0902,Freight Account 902,Europe,Startup,ORD-00902,2026-09-07,7993.9,WH-NEWYORK
CUST-JOIN-0902,Freight Account 902,Europe,Startup,ORD-08402,2026-08-17,1048.62,WH-CHICAGO
CUST-JOIN-0903,Freight Account 903,Europe,Startup,ORD-00903,2026-09-07,7241.15,WH-DETROIT
CUST-JOIN-0903,Freight Account 903,Europe,Startup,ORD-08403,2026-08-17,7505.26,WH-DETROIT
CUST-JOIN-0904,Freight Account 904,North America,SMB,ORD-00904,2026-09-07,1767.63,WH-CHICAGO
CUST-JOIN-0904,Freight Account 904,North America,SMB,ORD-08404,2026-08-17,1394.03,WH-DETROIT
CUST-JOIN-0905,Freight Account 905,North America,Startup,ORD-00905,2026-09-07,2755.03,WH-MIAMI
CUST-JOIN-0905,Freight Account 905,North America,Startup,ORD-08405,2026-08-17,4309.98,WH-NEWYORK
CUST-JOIN-0906,Freight Account 906,Europe,SMB,ORD-00906,2026-09-07,1912.94,WH-MIAMI
CUST-JOIN-0906,Freight Account 906,Europe,SMB,ORD-08406,2026-08-17,3736.64,WH-DETROIT
CUST-JOIN-0907,Freight Account 907,Europe,SMB,ORD-00907,2026-09-07,4843.33,WH-CHICAGO
CUST-JOIN-0907,Freight Account 907,Europe,SMB,ORD-08407,2026-08-17,1167.31,WH-NEWYORK
CUST-JOIN-0908,Freight Account 908,Europe,SMB,ORD-00908,2026-09-07,5112.19,WH-CHICAGO
CUST-JOIN-0908,Freight Account 908,Europe,SMB,ORD-08408,2026-08-17,2773.25,WH-DETROIT
CUST-JOIN-0909,Freight Account 909,Europe,SMB,ORD-00909,2026-09-07,3112.31,WH-CHICAGO
CUST-JOIN-0909,Freight Account 909,Europe,SMB,ORD-08409,2026-08-18,6796.44,WH-CHICAGO
CUST-JOIN-0910,Freight Account 910,North America,Startup,ORD-00910,2026-09-07,335.79,WH-CHICAGO
CUST-JOIN-0910,Freight Account 910,North America,Startup,ORD-08410,2026-08-18,3807.94,WH-CHICAGO
CUST-JOIN-0911,Freight Account 911,Asia Pacific,Startup,ORD-00911,2026-09-07,2577.7,WH-CHICAGO
CUST-JOIN-0911,Freight Account 911,Asia Pacific,Startup,ORD-08411,2026-08-18,3997.87,WH-DETROIT
CUST-JOIN-0912,Freight Account 912,Europe,Startup,ORD-00912,2026-09-07,4246.89,WH-DETROIT
CUST-JOIN-0912,Freight Account 912,Europe,Startup,ORD-08412,2026-08-18,6264.79,WH-MIAMI
CUST-JOIN-0913,Freight Account 913,Asia Pacific,Startup,ORD-00913,2026-09-08,7253.93,WH-NEWYORK
CUST-JOIN-0913,Freight Account 913,Asia Pacific,Startup,ORD-08413,2026-08-18,7129.33,WH-MIAMI
CUST-JOIN-0914,Freight Account 914,Europe,SMB,ORD-00914,2026-09-08,7498.49,WH-CHICAGO
CUST-JOIN-0914,Freight Account 914,Europe,SMB,ORD-08414,2026-08-18,5174.52,WH-NEWYORK
CUST-JOIN-0915,Freight Account 915,North America,SMB,ORD-00915,2026-09-08,771.1,WH-MIAMI
CUST-JOIN-0915,Freight Account 915,North America,SMB,ORD-08415,2026-08-18,3297.56,WH-MIAMI
CUST-JOIN-0916,Freight Account 916,North America,Startup,ORD-00916,2026-09-08,385.67,WH-NEWYORK
CUST-JOIN-0916,Freight Account 916,North America,Startup,ORD-08416,2026-08-18,2312.89,WH-NEWYORK
CUST-JOIN-0917,Freight Account 917,Asia Pacific,SMB,ORD-00917,2026-09-08,900.76,WH-NEWYORK
CUST-JOIN-0917,Freight Account 917,Asia Pacific,SMB,ORD-08417,2026-08-18,2667.55,WH-CHICAGO
CUST-JOIN-0918,Freight Account 918,Europe,SMB,ORD-00918,2026-09-08,5614.82,WH-CHICAGO
CUST-JOIN-0918,Freight Account 918,Europe,SMB,ORD-08418,2026-08-18,508.32,WH-NEWYORK
CUST-JOIN-0919,Freight Account 919,Europe,SMB,ORD-00919,2026-09-08,4473.42,WH-CHICAGO
CUST-JOIN-0919,Freight Account 919,Europe,SMB,ORD-08419,2026-08-18,3662.04,WH-NEWYORK
CUST-JOIN-0920,Freight Account 920,North America,Startup,ORD-00920,2026-09-08,4044.7,WH-DETROIT
CUST-JOIN-0920,Freight Account 920,North America,Startup,ORD-08420,2026-08-18,1170.14,WH-NEWYORK
CUST-JOIN-0921,Freight Account 921,Europe,Startup,ORD-00921,2026-09-08,2870.72,WH-MIAMI
CUST-JOIN-0921,Freight Account 921,Europe,Startup,ORD-08421,2026-08-18,385.35,WH-DETROIT
CUST-JOIN-0922,Freight Account 922,North America,Startup,ORD-00922,2026-09-08,7659.02,WH-NEWYORK
CUST-JOIN-0922,Freight Account 922,North America,Startup,ORD-08422,2026-08-18,2101.91,WH-MIAMI
CUST-JOIN-0923,Freight Account 923,Asia Pacific,Startup,ORD-00923,2026-09-08,656.78,WH-NEWYORK
CUST-JOIN-0923,Freight Account 923,Asia Pacific,Startup,ORD-08423,2026-08-18,4232.75,WH-MIAMI
CUST-JOIN-0924,Freight Account 924,Asia Pacific,Startup,ORD-00924,2026-09-08,1525.68,WH-NEWYORK
CUST-JOIN-0924,Freight Account 924,Asia Pacific,Startup,ORD-08424,2026-08-18,7614.13,WH-DETROIT
CUST-JOIN-0925,Freight Account 925,Europe,SMB,ORD-00925,2026-09-08,960.63,WH-MIAMI
CUST-JOIN-0925,Freight Account 925,Europe,SMB,ORD-08425,2026-08-18,4937.61,WH-DETROIT
CUST-JOIN-0926,Freight Account 926,North America,SMB,ORD-00926,2026-09-08,931.92,WH-DETROIT
CUST-JOIN-0926,Freight Account 926,North America,SMB,ORD-08426,2026-08-18,1543.03,WH-NEWYORK
CUST-JOIN-0927,Freight Account 927,Asia Pacific,Startup,ORD-00927,2026-09-08,2575.27,WH-NEWYORK
CUST-JOIN-0927,Freight Account 927,Asia Pacific,Startup,ORD-08427,2026-08-18,4314.33,WH-NEWYORK
CUST-JOIN-0928,Freight Account 928,Europe,SMB,ORD-00928,2026-09-08,939.26,WH-DETROIT
CUST-JOIN-0928,Freight Account 928,Europe,SMB,ORD-08428,2026-08-18,3214.47,WH-CHICAGO
CUST-JOIN-0929,Freight Account 929,Asia Pacific,Startup,ORD-00929,2026-09-08,4557.32,WH-DETROIT
CUST-JOIN-0929,Freight Account 929,Asia Pacific,Startup,ORD-08429,2026-08-18,2267.4,WH-CHICAGO
CUST-JOIN-0930,Freight Account 930,Europe,Startup,ORD-00930,2026-09-08,3875.79,WH-CHICAGO
CUST-JOIN-0930,Freight Account 930,Europe,Startup,ORD-08430,2026-08-18,1721.15,WH-DETROIT
CUST-JOIN-0931,Freight Account 931,Asia Pacific,Enterprise,ORD-00931,2026-09-08,5931.01,WH-MIAMI
CUST-JOIN-0931,Freight Account 931,Asia Pacific,Enterprise,ORD-08431,2026-08-18,2035.06,WH-CHICAGO
CUST-JOIN-0932,Freight Account 932,Asia Pacific,SMB,ORD-00932,2026-09-08,6137.87,WH-NEWYORK
CUST-JOIN-0932,Freight Account 932,Asia Pacific,SMB,ORD-08432,2026-08-18,7060.63,WH-MIAMI
CUST-JOIN-0933,Freight Account 933,Asia Pacific,SMB,ORD-00933,2026-09-08,6803.92,WH-MIAMI
CUST-JOIN-0933,Freight Account 933,Asia Pacific,SMB,ORD-08433,2026-08-19,7245.88,WH-NEWYORK
CUST-JOIN-0934,Freight Account 934,Asia Pacific,SMB,ORD-00934,2026-09-08,6031.94,WH-DETROIT
CUST-JOIN-0934,Freight Account 934,Asia Pacific,SMB,ORD-08434,2026-08-19,4823.54,WH-NEWYORK
CUST-JOIN-0935,Freight Account 935,Europe,SMB,ORD-00935,2026-09-08,5729.38,WH-DETROIT
CUST-JOIN-0935,Freight Account 935,Europe,SMB,ORD-08435,2026-08-19,3750.18,WH-NEWYORK
CUST-JOIN-0936,Freight Account 936,North America,Enterprise,ORD-00936,2026-09-08,6239.35,WH-CHICAGO
CUST-JOIN-0936,Freight Account 936,North America,Enterprise,ORD-08436,2026-08-19,7569.68,WH-MIAMI
CUST-JOIN-0937,Freight Account 937,Europe,SMB,ORD-00937,2026-09-09,3311.64,WH-DETROIT
CUST-JOIN-0937,Freight Account 937,Europe,SMB,ORD-08437,2026-08-19,2601.88,WH-NEWYORK
CUST-JOIN-0938,Freight Account 938,Asia Pacific,SMB,ORD-00938,2026-09-09,1613.93,WH-NEWYORK
CUST-JOIN-0938,Freight Account 938,Asia Pacific,SMB,ORD-08438,2026-08-19,3743.69,WH-DETROIT
CUST-JOIN-0939,Freight Account 939,North America,SMB,ORD-00939,2026-09-09,5793.43,WH-MIAMI
CUST-JOIN-0939,Freight Account 939,North America,SMB,ORD-08439,2026-08-19,713.06,WH-NEWYORK
CUST-JOIN-0940,Freight Account 940,North America,Startup,ORD-00940,2026-09-09,6881.62,WH-MIAMI
CUST-JOIN-0940,Freight Account 940,North America,Startup,ORD-08440,2026-08-19,3089.09,WH-DETROIT
CUST-JOIN-0941,Freight Account 941,Europe,SMB,ORD-00941,2026-09-09,4285.47,WH-DETROIT
CUST-JOIN-0941,Freight Account 941,Europe,SMB,ORD-08441,2026-08-19,364.3,WH-CHICAGO
CUST-JOIN-0942,Freight Account 942,North America,SMB,ORD-00942,2026-09-09,3833.64,WH-DETROIT
CUST-JOIN-0942,Freight Account 942,North America,SMB,ORD-08442,2026-08-19,1927.23,WH-DETROIT
CUST-JOIN-0943,Freight Account 943,Europe,Enterprise,ORD-00943,2026-09-09,5362.46,WH-NEWYORK
CUST-JOIN-0943,Freight Account 943,Europe,Enterprise,ORD-08443,2026-08-19,5721.76,WH-MIAMI
CUST-JOIN-0944,Freight Account 944,Asia Pacific,Startup,ORD-00944,2026-09-09,5941.6,WH-CHICAGO
CUST-JOIN-0944,Freight Account 944,Asia Pacific,Startup,ORD-08444,2026-08-19,2264.22,WH-DETROIT
CUST-JOIN-0945,Freight Account 945,Asia Pacific,SMB,ORD-00945,2026-09-09,7636.21,WH-MIAMI
CUST-JOIN-0945,Freight Account 945,Asia Pacific,SMB,ORD-08445,2026-08-19,2135.71,WH-DETROIT
CUST-JOIN-0946,Freight Account 946,North America,Enterprise,ORD-00946,2026-09-09,993.89,WH-DETROIT
CUST-JOIN-0946,Freight Account 946,North America,Enterprise,ORD-08446,2026-08-19,3309.46,WH-MIAMI
CUST-JOIN-0947,Freight Account 947,Europe,Startup,ORD-00947,2026-09-09,6903.13,WH-CHICAGO
CUST-JOIN-0947,Freight Account 947,Europe,Startup,ORD-08447,2026-08-19,6887.17,WH-CHICAGO
CUST-JOIN-0948,Freight Account 948,Asia Pacific,Startup,ORD-00948,2026-09-09,1589.98,WH-CHICAGO
CUST-JOIN-0948,Freight Account 948,Asia Pacific,Startup,ORD-08448,2026-08-19,2293.97,WH-MIAMI
CUST-JOIN-0949,Freight Account 949,Asia Pacific,SMB,ORD-00949,2026-09-09,2400.44,WH-MIAMI
CUST-JOIN-0949,Freight Account 949,Asia Pacific,SMB,ORD-08449,2026-08-19,1001.38,WH-CHICAGO
CUST-JOIN-0950,Freight Account 950,Asia Pacific,Startup,ORD-00950,2026-09-09,6877.08,WH-NEWYORK
CUST-JOIN-0950,Freight Account 950,Asia Pacific,Startup,ORD-08450,2026-08-19,4474.24,WH-MIAMI
CUST-JOIN-0951,Freight Account 951,Europe,SMB,ORD-00951,2026-09-09,4447.61,WH-DETROIT
CUST-JOIN-0951,Freight Account 951,Europe,SMB,ORD-08451,2026-08-19,5538.65,WH-MIAMI
CUST-JOIN-0952,Freight Account 952,Europe,Startup,ORD-00952,2026-09-09,4326.45,WH-MIAMI
CUST-JOIN-0952,Freight Account 952,Europe,Startup,ORD-08452,2026-08-19,5454.81,WH-DETROIT
CUST-JOIN-0953,Freight Account 953,North America,SMB,ORD-00953,2026-09-09,3115.1,WH-MIAMI
CUST-JOIN-0953,Freight Account 953,North America,SMB,ORD-08453,2026-08-19,1401.23,WH-CHICAGO
CUST-JOIN-0954,Freight Account 954,Europe,Enterprise,ORD-00954,2026-09-09,1164.17,WH-DETROIT
CUST-JOIN-0954,Freight Account 954,Europe,Enterprise,ORD-08454,2026-08-19,3819.83,WH-NEWYORK
CUST-JOIN-0955,Freight Account 955,North America,SMB,ORD-00955,2026-09-09,5348.84,WH-NEWYORK
CUST-JOIN-0955,Freight Account 955,North America,SMB,ORD-08455,2026-08-19,6331.89,WH-MIAMI
CUST-JOIN-0956,Freight Account 956,Europe,Startup,ORD-00956,2026-09-09,375.12,WH-CHICAGO
CUST-JOIN-0956,Freight Account 956,Europe,Startup,ORD-08456,2026-08-19,6554.36,WH-NEWYORK
CUST-JOIN-0957,Freight Account 957,North America,Startup,ORD-00957,2026-09-09,3084.98,WH-DETROIT
CUST-JOIN-0957,Freight Account 957,North America,Startup,ORD-08457,2026-08-20,407.08,WH-MIAMI
CUST-JOIN-0958,Freight Account 958,North America,Startup,ORD-00958,2026-09-09,1720.65,WH-CHICAGO
CUST-JOIN-0958,Freight Account 958,North America,Startup,ORD-08458,2026-08-20,1669.52,WH-CHICAGO
CUST-JOIN-0959,Freight Account 959,Europe,Startup,ORD-00959,2026-09-09,6163.17,WH-NEWYORK
CUST-JOIN-0959,Freight Account 959,Europe,Startup,ORD-08459,2026-08-20,1630.67,WH-NEWYORK
CUST-JOIN-0960,Freight Account 960,North America,Startup,ORD-00960,2026-09-09,7061.52,WH-DETROIT
CUST-JOIN-0960,Freight Account 960,North America,Startup,ORD-08460,2026-08-20,5779.36,WH-CHICAGO
CUST-JOIN-0961,Freight Account 961,North America,SMB,ORD-00961,2026-09-10,1478.75,WH-DETROIT
CUST-JOIN-0961,Freight Account 961,North America,SMB,ORD-08461,2026-08-20,6251.92,WH-MIAMI
CUST-JOIN-0962,Freight Account 962,Europe,Startup,ORD-00962,2026-09-10,2728.77,WH-CHICAGO
CUST-JOIN-0962,Freight Account 962,Europe,Startup,ORD-08462,2026-08-20,2721.07,WH-DETROIT
CUST-JOIN-0963,Freight Account 963,Europe,SMB,ORD-00963,2026-09-10,6711.88,WH-DETROIT
CUST-JOIN-0963,Freight Account 963,Europe,SMB,ORD-08463,2026-08-20,4545.51,WH-NEWYORK
CUST-JOIN-0964,Freight Account 964,Europe,SMB,ORD-00964,2026-09-10,3351.64,WH-MIAMI
CUST-JOIN-0964,Freight Account 964,Europe,SMB,ORD-08464,2026-08-20,4618.59,WH-MIAMI
CUST-JOIN-0965,Freight Account 965,Europe,Startup,ORD-00965,2026-09-10,7379.29,WH-DETROIT
CUST-JOIN-0965,Freight Account 965,Europe,Startup,ORD-08465,2026-08-20,2315.11,WH-CHICAGO
CUST-JOIN-0966,Freight Account 966,North America,Startup,ORD-00966,2026-09-10,987.22,WH-NEWYORK
CUST-JOIN-0966,Freight Account 966,North America,Startup,ORD-08466,2026-08-20,428.11,WH-CHICAGO
CUST-JOIN-0967,Freight Account 967,North America,SMB,ORD-00967,2026-09-10,4779.72,WH-CHICAGO
CUST-JOIN-0967,Freight Account 967,North America,SMB,ORD-08467,2026-08-20,1163.37,WH-MIAMI
CUST-JOIN-0968,Freight Account 968,Europe,SMB,ORD-00968,2026-09-10,3236.14,WH-MIAMI
CUST-JOIN-0968,Freight Account 968,Europe,SMB,ORD-08468,2026-08-20,7105.2,WH-DETROIT
CUST-JOIN-0969,Freight Account 969,North America,Startup,ORD-00969,2026-09-10,6999.75,WH-NEWYORK
CUST-JOIN-0969,Freight Account 969,North America,Startup,ORD-08469,2026-08-20,4612.18,WH-NEWYORK
CUST-JOIN-0970,Freight Account 970,North America,SMB,ORD-00970,2026-09-10,1399.29,WH-DETROIT
CUST-JOIN-0970,Freight Account 970,North America,SMB,ORD-08470,2026-08-20,3921.43,WH-CHICAGO
CUST-JOIN-0971,Freight Account 971,Asia Pacific,SMB,ORD-00971,2026-09-10,842.54,WH-CHICAGO
CUST-JOIN-0971,Freight Account 971,Asia Pacific,SMB,ORD-08471,2026-08-20,5777.58,WH-DETROIT
CUST-JOIN-0972,Freight Account 972,Europe,Startup,ORD-00972,2026-09-10,1963.68,WH-NEWYORK
CUST-JOIN-0972,Freight Account 972,Europe,Startup,ORD-08472,2026-08-20,6699.03,WH-MIAMI
CUST-JOIN-0973,Freight Account 973,North America,SMB,ORD-00973,2026-09-10,1944.43,WH-CHICAGO
CUST-JOIN-0973,Freight Account 973,North America,SMB,ORD-08473,2026-08-20,1558.52,WH-DETROIT
CUST-JOIN-0974,Freight Account 974,North America,Startup,ORD-00974,2026-09-10,2937.87,WH-NEWYORK
CUST-JOIN-0974,Freight Account 974,North America,Startup,ORD-08474,2026-08-20,5091.19,WH-NEWYORK
CUST-JOIN-0975,Freight Account 975,Asia Pacific,SMB,ORD-00975,2026-09-10,6217.46,WH-CHICAGO
CUST-JOIN-0975,Freight Account 975,Asia Pacific,SMB,ORD-08475,2026-08-20,2189.45,WH-CHICAGO
CUST-JOIN-0976,Freight Account 976,Europe,SMB,ORD-00976,2026-09-10,5840.14,WH-MIAMI
CUST-JOIN-0976,Freight Account 976,Europe,SMB,ORD-08476,2026-08-20,4448.65,WH-DETROIT
CUST-JOIN-0977,Freight Account 977,Europe,Startup,ORD-00977,2026-09-10,6917.17,WH-NEWYORK
CUST-JOIN-0977,Freight Account 977,Europe,Startup,ORD-08477,2026-08-20,2997.53,WH-CHICAGO
CUST-JOIN-0978,Freight Account 978,Asia Pacific,Enterprise,ORD-00978,2026-09-10,3973.22,WH-CHICAGO
CUST-JOIN-0978,Freight Account 978,Asia Pacific,Enterprise,ORD-08478,2026-08-20,3466.44,WH-NEWYORK
CUST-JOIN-0979,Freight Account 979,Asia Pacific,Enterprise,ORD-00979,2026-09-10,7308.98,WH-MIAMI
CUST-JOIN-0979,Freight Account 979,Asia Pacific,Enterprise,ORD-08479,2026-08-20,2732.44,WH-CHICAGO
CUST-JOIN-0980,Freight Account 980,Europe,Startup,ORD-00980,2026-09-10,2567.91,WH-MIAMI
CUST-JOIN-0980,Freight Account 980,Europe,Startup,ORD-08480,2026-08-20,1751.51,WH-CHICAGO
CUST-JOIN-0981,Freight Account 981,Europe,SMB,ORD-00981,2026-09-10,1368.46,WH-MIAMI
CUST-JOIN-0981,Freight Account 981,Europe,SMB,ORD-08481,2026-08-21,6461.49,WH-NEWYORK
CUST-JOIN-0982,Freight Account 982,North America,Startup,ORD-00982,2026-09-10,854.49,WH-NEWYORK
CUST-JOIN-0982,Freight Account 982,North America,Startup,ORD-08482,2026-08-21,405.35,WH-DETROIT
CUST-JOIN-0983,Freight Account 983,Europe,SMB,ORD-00983,2026-09-10,6134.23,WH-DETROIT
CUST-JOIN-0983,Freight Account 983,Europe,SMB,ORD-08483,2026-08-21,3444.95,WH-DETROIT
CUST-JOIN-0984,Freight Account 984,Asia Pacific,SMB,ORD-00984,2026-09-10,3845.11,WH-DETROIT
CUST-JOIN-0984,Freight Account 984,Asia Pacific,SMB,ORD-08484,2026-08-21,6094.05,WH-DETROIT
CUST-JOIN-0985,Freight Account 985,Europe,Startup,ORD-00985,2026-09-11,6704.79,WH-CHICAGO
CUST-JOIN-0985,Freight Account 985,Europe,Startup,ORD-08485,2026-08-21,3665.1,WH-DETROIT
CUST-JOIN-0986,Freight Account 986,Asia Pacific,Startup,ORD-00986,2026-09-11,3151.86,WH-DETROIT
CUST-JOIN-0986,Freight Account 986,Asia Pacific,Startup,ORD-08486,2026-08-21,6801.78,WH-DETROIT
CUST-JOIN-0987,Freight Account 987,Europe,Startup,ORD-00987,2026-09-11,303.05,WH-MIAMI
CUST-JOIN-0987,Freight Account 987,Europe,Startup,ORD-08487,2026-08-21,2026.98,WH-NEWYORK
CUST-JOIN-0988,Freight Account 988,Asia Pacific,SMB,ORD-00988,2026-09-11,5226.73,WH-CHICAGO
CUST-JOIN-0988,Freight Account 988,Asia Pacific,SMB,ORD-08488,2026-08-21,2067.56,WH-DETROIT
CUST-JOIN-0989,Freight Account 989,Asia Pacific,SMB,ORD-00989,2026-09-11,5651.23,WH-MIAMI
CUST-JOIN-0989,Freight Account 989,Asia Pacific,SMB,ORD-08489,2026-08-21,1130.15,WH-MIAMI
CUST-JOIN-0990,Freight Account 990,North America,Startup,ORD-00990,2026-09-11,2952.43,WH-CHICAGO
CUST-JOIN-0990,Freight Account 990,North America,Startup,ORD-08490,2026-08-21,3630.48,WH-MIAMI
CUST-JOIN-0991,Freight Account 991,Europe,SMB,ORD-00991,2026-09-11,1143.34,WH-DETROIT
CUST-JOIN-0991,Freight Account 991,Europe,SMB,ORD-08491,2026-08-21,4273.42,WH-MIAMI
CUST-JOIN-0992,Freight Account 992,North America,Startup,ORD-00992,2026-09-11,7168.77,WH-MIAMI
CUST-JOIN-0992,Freight Account 992,North America,Startup,ORD-08492,2026-08-21,5459.92,WH-NEWYORK
CUST-JOIN-0993,Freight Account 993,North America,Startup,ORD-00993,2026-09-11,4221.71,WH-NEWYORK
CUST-JOIN-0993,Freight Account 993,North America,Startup,ORD-08493,2026-08-21,6403.06,WH-CHICAGO
CUST-JOIN-0994,Freight Account 994,North America,Startup,ORD-00994,2026-09-11,5441.75,WH-CHICAGO
CUST-JOIN-0994,Freight Account 994,North America,Startup,ORD-08494,2026-08-21,4254.7,WH-DETROIT
CUST-JOIN-0995,Freight Account 995,Asia Pacific,Startup,ORD-00995,2026-09-11,1970.82,WH-NEWYORK
CUST-JOIN-0995,Freight Account 995,Asia Pacific,Startup,ORD-08495,2026-08-21,1345.23,WH-NEWYORK
CUST-JOIN-0996,Freight Account 996,Europe,SMB,ORD-00996,2026-09-11,6192.24,WH-CHICAGO
CUST-JOIN-0996,Freight Account 996,Europe,SMB,ORD-08496,2026-08-21,2410.28,WH-CHICAGO
CUST-JOIN-0997,Freight Account 997,North America,SMB,ORD-00997,2026-09-11,6465.31,WH-NEWYORK
CUST-JOIN-0997,Freight Account 997,North America,SMB,ORD-08497,2026-08-21,7018.22,WH-DETROIT
CUST-JOIN-0998,Freight Account 998,Europe,Enterprise,ORD-00998,2026-09-11,6350.08,WH-DETROIT
CUST-JOIN-0998,Freight Account 998,Europe,Enterprise,ORD-08498,2026-08-21,3214.38,WH-NEWYORK
CUST-JOIN-0999,Freight Account 999,Asia Pacific,SMB,ORD-00999,2026-09-11,3500.29,WH-DETROIT
CUST-JOIN-0999,Freight Account 999,Asia Pacific,SMB,ORD-08499,2026-08-21,2292.12,WH-MIAMI
CUST-JOIN-1000,Freight Account 1000,North America,SMB,ORD-01000,2026-09-11,4988.16,WH-MIAMI
CUST-JOIN-1000,Freight Account 1000,North America,SMB,ORD-08500,2026-08-21,2062.07,WH-CHICAGO
CUST-JOIN-1001,Freight Account 1001,North America,Startup,ORD-01001,2026-08-01,3864.31,WH-DETROIT
CUST-JOIN-1001,Freight Account 1001,North America,Startup,ORD-08501,2026-08-21,2500.08,WH-MIAMI
CUST-JOIN-1002,Freight Account 1002,Europe,SMB,ORD-01002,2026-08-01,7442.93,WH-CHICAGO
CUST-JOIN-1002,Freight Account 1002,Europe,SMB,ORD-08502,2026-08-21,1381.2,WH-DETROIT
CUST-JOIN-1003,Freight Account 1003,Asia Pacific,Startup,ORD-01003,2026-08-01,5765.47,WH-NEWYORK
CUST-JOIN-1003,Freight Account 1003,Asia Pacific,Startup,ORD-08503,2026-08-21,3960.73,WH-MIAMI
CUST-JOIN-1004,Freight Account 1004,Asia Pacific,Enterprise,ORD-01004,2026-08-01,1198.88,WH-NEWYORK
CUST-JOIN-1004,Freight Account 1004,Asia Pacific,Enterprise,ORD-08504,2026-08-21,4675.71,WH-CHICAGO
CUST-JOIN-1005,Freight Account 1005,Europe,Startup,ORD-01005,2026-08-01,3446.24,WH-DETROIT
CUST-JOIN-1005,Freight Account 1005,Europe,Startup,ORD-08505,2026-08-22,7656.92,WH-DETROIT
CUST-JOIN-1006,Freight Account 1006,North America,Startup,ORD-01006,2026-08-01,4188.39,WH-MIAMI
CUST-JOIN-1006,Freight Account 1006,North America,Startup,ORD-08506,2026-08-22,1422.72,WH-CHICAGO
CUST-JOIN-1007,Freight Account 1007,Europe,Startup,ORD-01007,2026-08-01,2947.91,WH-MIAMI
CUST-JOIN-1007,Freight Account 1007,Europe,Startup,ORD-08507,2026-08-22,1615.71,WH-CHICAGO
CUST-JOIN-1008,Freight Account 1008,North America,Startup,ORD-01008,2026-08-01,7509.34,WH-DETROIT
CUST-JOIN-1008,Freight Account 1008,North America,Startup,ORD-08508,2026-08-22,2538.51,WH-MIAMI
CUST-JOIN-1009,Freight Account 1009,Asia Pacific,Startup,ORD-01009,2026-08-01,2276.26,WH-NEWYORK
CUST-JOIN-1009,Freight Account 1009,Asia Pacific,Startup,ORD-08509,2026-08-22,4002.35,WH-NEWYORK
CUST-JOIN-1010,Freight Account 1010,North America,Startup,ORD-01010,2026-08-01,4800.27,WH-DETROIT
CUST-JOIN-1010,Freight Account 1010,North America,Startup,ORD-08510,2026-08-22,1035.86,WH-MIAMI
CUST-JOIN-1011,Freight Account 1011,Europe,Startup,ORD-01011,2026-08-01,7727.38,WH-DETROIT
CUST-JOIN-1011,Freight Account 1011,Europe,Startup,ORD-08511,2026-08-22,1867.25,WH-NEWYORK
CUST-JOIN-1012,Freight Account 1012,North America,SMB,ORD-01012,2026-08-01,812.29,WH-DETROIT
CUST-JOIN-1012,Freight Account 1012,North America,SMB,ORD-08512,2026-08-22,776.42,WH-MIAMI
CUST-JOIN-1013,Freight Account 1013,Europe,Startup,ORD-01013,2026-08-01,4824.62,WH-CHICAGO
CUST-JOIN-1013,Freight Account 1013,Europe,Startup,ORD-08513,2026-08-22,3880.52,WH-DETROIT
CUST-JOIN-1014,Freight Account 1014,North America,SMB,ORD-01014,2026-08-01,7890.47,WH-DETROIT
CUST-JOIN-1014,Freight Account 1014,North America,SMB,ORD-08514,2026-08-22,6097.12,WH-MIAMI
CUST-JOIN-1015,Freight Account 1015,North America,Startup,ORD-01015,2026-08-01,5918.6,WH-DETROIT
CUST-JOIN-1015,Freight Account 1015,North America,Startup,ORD-08515,2026-08-22,7790.9,WH-NEWYORK
CUST-JOIN-1016,Freight Account 1016,Europe,Startup,ORD-01016,2026-08-01,4396.37,WH-DETROIT
CUST-JOIN-1016,Freight Account 1016,Europe,Startup,ORD-08516,2026-08-22,7920.73,WH-CHICAGO
CUST-JOIN-1017,Freight Account 1017,Europe,Startup,ORD-01017,2026-08-01,2217.28,WH-NEWYORK
CUST-JOIN-1017,Freight Account 1017,Europe,Startup,ORD-08517,2026-08-22,6323.31,WH-MIAMI
CUST-JOIN-1018,Freight Account 1018,North America,Startup,ORD-01018,2026-08-01,2203.53,WH-DETROIT
CUST-JOIN-1018,Freight Account 1018,North America,Startup,ORD-08518,2026-08-22,4186.79,WH-CHICAGO
CUST-JOIN-1019,Freight Account 1019,Europe,SMB,ORD-01019,2026-08-01,1483.05,WH-DETROIT
CUST-JOIN-1019,Freight Account 1019,Europe,SMB,ORD-08519,2026-08-22,2946.87,WH-CHICAGO
CUST-JOIN-1020,Freight Account 1020,North America,Startup,ORD-01020,2026-08-01,6457.15,WH-NEWYORK
CUST-JOIN-1020,Freight Account 1020,North America,Startup,ORD-08520,2026-08-22,2947.79,WH-MIAMI
CUST-JOIN-1021,Freight Account 1021,Europe,Startup,ORD-01021,2026-08-01,4553.58,WH-NEWYORK
CUST-JOIN-1021,Freight Account 1021,Europe,Startup,ORD-08521,2026-08-22,477.43,WH-DETROIT
CUST-JOIN-1022,Freight Account 1022,Europe,Startup,ORD-01022,2026-08-01,5988.13,WH-MIAMI
CUST-JOIN-1022,Freight Account 1022,Europe,Startup,ORD-08522,2026-08-22,5952.71,WH-NEWYORK
CUST-JOIN-1023,Freight Account 1023,Asia Pacific,Startup,ORD-01023,2026-08-01,7409.2,WH-CHICAGO
CUST-JOIN-1023,Freight Account 1023,Asia Pacific,Startup,ORD-08523,2026-08-22,1300.31,WH-NEWYORK
CUST-JOIN-1024,Freight Account 1024,Europe,SMB,ORD-01024,2026-08-01,6483.86,WH-MIAMI
CUST-JOIN-1024,Freight Account 1024,Europe,SMB,ORD-08524,2026-08-22,7843.76,WH-MIAMI
CUST-JOIN-1025,Freight Account 1025,Europe,SMB,ORD-01025,2026-08-02,3179.75,WH-NEWYORK
CUST-JOIN-1025,Freight Account 1025,Europe,SMB,ORD-08525,2026-08-22,4091.99,WH-MIAMI
CUST-JOIN-1026,Freight Account 1026,Asia Pacific,Startup,ORD-01026,2026-08-02,7540.27,WH-CHICAGO
CUST-JOIN-1026,Freight Account 1026,Asia Pacific,Startup,ORD-08526,2026-08-22,3597.12,WH-DETROIT
CUST-JOIN-1027,Freight Account 1027,North America,SMB,ORD-01027,2026-08-02,5882.68,WH-CHICAGO
CUST-JOIN-1027,Freight Account 1027,North America,SMB,ORD-08527,2026-08-22,4390.02,WH-MIAMI
CUST-JOIN-1028,Freight Account 1028,Europe,Startup,ORD-01028,2026-08-02,285.95,WH-NEWYORK
CUST-JOIN-1028,Freight Account 1028,Europe,Startup,ORD-08528,2026-08-22,248.69,WH-NEWYORK
CUST-JOIN-1029,Freight Account 1029,North America,Startup,ORD-01029,2026-08-02,5378.49,WH-CHICAGO
CUST-JOIN-1029,Freight Account 1029,North America,Startup,ORD-08529,2026-08-23,572.65,WH-MIAMI
CUST-JOIN-1030,Freight Account 1030,North America,Startup,ORD-01030,2026-08-02,2623.26,WH-NEWYORK
CUST-JOIN-1030,Freight Account 1030,North America,Startup,ORD-08530,2026-08-23,5625.95,WH-DETROIT
CUST-JOIN-1031,Freight Account 1031,Europe,Enterprise,ORD-01031,2026-08-02,5458.21,WH-CHICAGO
CUST-JOIN-1031,Freight Account 1031,Europe,Enterprise,ORD-08531,2026-08-23,4478.57,WH-MIAMI
CUST-JOIN-1032,Freight Account 1032,North America,SMB,ORD-01032,2026-08-02,6124.22,WH-CHICAGO
CUST-JOIN-1032,Freight Account 1032,North America,SMB,ORD-08532,2026-08-23,6449.68,WH-CHICAGO
CUST-JOIN-1033,Freight Account 1033,Europe,Enterprise,ORD-01033,2026-08-02,5802.61,WH-DETROIT
CUST-JOIN-1033,Freight Account 1033,Europe,Enterprise,ORD-08533,2026-08-23,5853.7,WH-MIAMI
CUST-JOIN-1034,Freight Account 1034,North America,Startup,ORD-01034,2026-08-02,4088.74,WH-MIAMI
CUST-JOIN-1034,Freight Account 1034,North America,Startup,ORD-08534,2026-08-23,5480.75,WH-DETROIT
CUST-JOIN-1035,Freight Account 1035,North America,Startup,ORD-01035,2026-08-02,499.54,WH-NEWYORK
CUST-JOIN-1035,Freight Account 1035,North America,Startup,ORD-08535,2026-08-23,2270.62,WH-NEWYORK
CUST-JOIN-1036,Freight Account 1036,Europe,Startup,ORD-01036,2026-08-02,6489.93,WH-MIAMI
CUST-JOIN-1036,Freight Account 1036,Europe,Startup,ORD-08536,2026-08-23,7045.74,WH-CHICAGO
CUST-JOIN-1037,Freight Account 1037,North America,SMB,ORD-01037,2026-08-02,5910.12,WH-CHICAGO
CUST-JOIN-1037,Freight Account 1037,North America,SMB,ORD-08537,2026-08-23,1855.21,WH-NEWYORK
CUST-JOIN-1038,Freight Account 1038,Europe,Startup,ORD-01038,2026-08-02,6868.34,WH-MIAMI
CUST-JOIN-1038,Freight Account 1038,Europe,Startup,ORD-08538,2026-08-23,2937.75,WH-CHICAGO
CUST-JOIN-1039,Freight Account 1039,Europe,Startup,ORD-01039,2026-08-02,7925.18,WH-MIAMI
CUST-JOIN-1039,Freight Account 1039,Europe,Startup,ORD-08539,2026-08-23,1029.5,WH-MIAMI
CUST-JOIN-1040,Freight Account 1040,North America,SMB,ORD-01040,2026-08-02,6399.35,WH-CHICAGO
CUST-JOIN-1040,Freight Account 1040,North America,SMB,ORD-08540,2026-08-23,7901.19,WH-NEWYORK
CUST-JOIN-1041,Freight Account 1041,Europe,SMB,ORD-01041,2026-08-02,7039.12,WH-DETROIT
CUST-JOIN-1041,Freight Account 1041,Europe,SMB,ORD-08541,2026-08-23,670.17,WH-MIAMI
CUST-JOIN-1042,Freight Account 1042,North America,Enterprise,ORD-01042,2026-08-02,3392.86,WH-NEWYORK
CUST-JOIN-1042,Freight Account 1042,North America,Enterprise,ORD-08542,2026-08-23,3360.32,WH-MIAMI
CUST-JOIN-1043,Freight Account 1043,North America,Enterprise,ORD-01043,2026-08-02,2260.45,WH-NEWYORK
CUST-JOIN-1043,Freight Account 1043,North America,Enterprise,ORD-08543,2026-08-23,1046.23,WH-MIAMI
CUST-JOIN-1044,Freight Account 1044,Asia Pacific,SMB,ORD-01044,2026-08-02,3983.44,WH-CHICAGO
CUST-JOIN-1044,Freight Account 1044,Asia Pacific,SMB,ORD-08544,2026-08-23,3413.72,WH-DETROIT
CUST-JOIN-1045,Freight Account 1045,Europe,SMB,ORD-01045,2026-08-02,7811.46,WH-DETROIT
CUST-JOIN-1045,Freight Account 1045,Europe,SMB,ORD-08545,2026-08-23,5273.34,WH-CHICAGO
CUST-JOIN-1046,Freight Account 1046,Europe,Startup,ORD-01046,2026-08-02,7540.77,WH-DETROIT
CUST-JOIN-1046,Freight Account 1046,Europe,Startup,ORD-08546,2026-08-23,5974.77,WH-DETROIT
CUST-JOIN-1047,Freight Account 1047,North America,Startup,ORD-01047,2026-08-02,7232.51,WH-MIAMI
CUST-JOIN-1047,Freight Account 1047,North America,Startup,ORD-08547,2026-08-23,1420.86,WH-CHICAGO
CUST-JOIN-1048,Freight Account 1048,North America,Startup,ORD-01048,2026-08-02,3332.19,WH-NEWYORK
CUST-JOIN-1048,Freight Account 1048,North America,Startup,ORD-08548,2026-08-23,5089.96,WH-DETROIT
CUST-JOIN-1049,Freight Account 1049,North America,Startup,ORD-01049,2026-08-03,6159.87,WH-CHICAGO
CUST-JOIN-1049,Freight Account 1049,North America,Startup,ORD-08549,2026-08-23,2004.73,WH-CHICAGO
CUST-JOIN-1050,Freight Account 1050,Asia Pacific,SMB,ORD-01050,2026-08-03,3539.88,WH-MIAMI
CUST-JOIN-1050,Freight Account 1050,Asia Pacific,SMB,ORD-08550,2026-08-23,6958.66,WH-MIAMI
CUST-JOIN-1051,Freight Account 1051,North America,SMB,ORD-01051,2026-08-03,860.16,WH-NEWYORK
CUST-JOIN-1051,Freight Account 1051,North America,SMB,ORD-08551,2026-08-23,644.57,WH-CHICAGO
CUST-JOIN-1052,Freight Account 1052,Asia Pacific,Startup,ORD-01052,2026-08-03,7720.05,WH-MIAMI
CUST-JOIN-1052,Freight Account 1052,Asia Pacific,Startup,ORD-08552,2026-08-23,7280.42,WH-DETROIT
CUST-JOIN-1053,Freight Account 1053,Europe,SMB,ORD-01053,2026-08-03,1686.03,WH-NEWYORK
CUST-JOIN-1053,Freight Account 1053,Europe,SMB,ORD-08553,2026-08-24,513.76,WH-NEWYORK
CUST-JOIN-1054,Freight Account 1054,North America,Startup,ORD-01054,2026-08-03,3143.16,WH-DETROIT
CUST-JOIN-1054,Freight Account 1054,North America,Startup,ORD-08554,2026-08-24,1274.61,WH-CHICAGO
CUST-JOIN-1055,Freight Account 1055,Asia Pacific,SMB,ORD-01055,2026-08-03,6921.01,WH-MIAMI
CUST-JOIN-1055,Freight Account 1055,Asia Pacific,SMB,ORD-08555,2026-08-24,847.56,WH-MIAMI
CUST-JOIN-1056,Freight Account 1056,Asia Pacific,SMB,ORD-01056,2026-08-03,6913.48,WH-NEWYORK
CUST-JOIN-1056,Freight Account 1056,Asia Pacific,SMB,ORD-08556,2026-08-24,1829.14,WH-MIAMI
CUST-JOIN-1057,Freight Account 1057,Asia Pacific,SMB,ORD-01057,2026-08-03,4263.33,WH-NEWYORK
CUST-JOIN-1057,Freight Account 1057,Asia Pacific,SMB,ORD-08557,2026-08-24,1439.5,WH-NEWYORK
CUST-JOIN-1058,Freight Account 1058,Europe,Startup,ORD-01058,2026-08-03,5661.67,WH-MIAMI
CUST-JOIN-1058,Freight Account 1058,Europe,Startup,ORD-08558,2026-08-24,1007.23,WH-DETROIT
CUST-JOIN-1059,Freight Account 1059,Europe,Startup,ORD-01059,2026-08-03,4217.18,WH-DETROIT
CUST-JOIN-1059,Freight Account 1059,Europe,Startup,ORD-08559,2026-08-24,4412.34,WH-CHICAGO
CUST-JOIN-1060,Freight Account 1060,Europe,SMB,ORD-01060,2026-08-03,6468.33,WH-CHICAGO
CUST-JOIN-1060,Freight Account 1060,Europe,SMB,ORD-08560,2026-08-24,1175.95,WH-NEWYORK
CUST-JOIN-1061,Freight Account 1061,North America,Startup,ORD-01061,2026-08-03,4891.46,WH-MIAMI
CUST-JOIN-1061,Freight Account 1061,North America,Startup,ORD-08561,2026-08-24,2487.25,WH-MIAMI
CUST-JOIN-1062,Freight Account 1062,Asia Pacific,Startup,ORD-01062,2026-08-03,6692.38,WH-CHICAGO
CUST-JOIN-1062,Freight Account 1062,Asia Pacific,Startup,ORD-08562,2026-08-24,5207.37,WH-MIAMI
CUST-JOIN-1063,Freight Account 1063,North America,Startup,ORD-01063,2026-08-03,1209.73,WH-NEWYORK
CUST-JOIN-1063,Freight Account 1063,North America,Startup,ORD-08563,2026-08-24,6051.98,WH-MIAMI
CUST-JOIN-1064,Freight Account 1064,Asia Pacific,Startup,ORD-01064,2026-08-03,903.77,WH-MIAMI
CUST-JOIN-1064,Freight Account 1064,Asia Pacific,Startup,ORD-08564,2026-08-24,6278.65,WH-MIAMI
CUST-JOIN-1065,Freight Account 1065,Europe,Startup,ORD-01065,2026-08-03,4402.59,WH-DETROIT
CUST-JOIN-1065,Freight Account 1065,Europe,Startup,ORD-08565,2026-08-24,7174.62,WH-NEWYORK
CUST-JOIN-1066,Freight Account 1066,North America,SMB,ORD-01066,2026-08-03,1856.23,WH-CHICAGO
CUST-JOIN-1066,Freight Account 1066,North America,SMB,ORD-08566,2026-08-24,1035.93,WH-CHICAGO
CUST-JOIN-1067,Freight Account 1067,North America,Enterprise,ORD-01067,2026-08-03,2284.35,WH-MIAMI
CUST-JOIN-1067,Freight Account 1067,North America,Enterprise,ORD-08567,2026-08-24,7176.1,WH-DETROIT
CUST-JOIN-1068,Freight Account 1068,North America,Startup,ORD-01068,2026-08-03,7097.39,WH-DETROIT
CUST-JOIN-1068,Freight Account 1068,North America,Startup,ORD-08568,2026-08-24,5708.74,WH-NEWYORK
CUST-JOIN-1069,Freight Account 1069,North America,Startup,ORD-01069,2026-08-03,1102.79,WH-CHICAGO
CUST-JOIN-1069,Freight Account 1069,North America,Startup,ORD-08569,2026-08-24,7079.83,WH-DETROIT
CUST-JOIN-1070,Freight Account 1070,North America,Startup,ORD-01070,2026-08-03,4867.56,WH-NEWYORK
CUST-JOIN-1070,Freight Account 1070,North America,Startup,ORD-08570,2026-08-24,5792.27,WH-CHICAGO
CUST-JOIN-1071,Freight Account 1071,Europe,SMB,ORD-01071,2026-08-03,1474.63,WH-NEWYORK
CUST-JOIN-1071,Freight Account 1071,Europe,SMB,ORD-08571,2026-08-24,3232.84,WH-MIAMI
CUST-JOIN-1072,Freight Account 1072,North America,Startup,ORD-01072,2026-08-03,5322.93,WH-MIAMI
CUST-JOIN-1072,Freight Account 1072,North America,Startup,ORD-08572,2026-08-24,6901.68,WH-MIAMI
CUST-JOIN-1073,Freight Account 1073,Europe,Startup,ORD-01073,2026-08-04,323.33,WH-MIAMI
CUST-JOIN-1073,Freight Account 1073,Europe,Startup,ORD-08573,2026-08-24,1851.5,WH-CHICAGO
CUST-JOIN-1074,Freight Account 1074,Asia Pacific,SMB,ORD-01074,2026-08-04,768.49,WH-NEWYORK
CUST-JOIN-1074,Freight Account 1074,Asia Pacific,SMB,ORD-08574,2026-08-24,546.96,WH-DETROIT
CUST-JOIN-1075,Freight Account 1075,Europe,SMB,ORD-01075,2026-08-04,711.01,WH-DETROIT
CUST-JOIN-1075,Freight Account 1075,Europe,SMB,ORD-08575,2026-08-24,214.25,WH-MIAMI
CUST-JOIN-1076,Freight Account 1076,Asia Pacific,Startup,ORD-01076,2026-08-04,6293.24,WH-DETROIT
CUST-JOIN-1076,Freight Account 1076,Asia Pacific,Startup,ORD-08576,2026-08-24,1799.52,WH-MIAMI
CUST-JOIN-1077,Freight Account 1077,Asia Pacific,SMB,ORD-01077,2026-08-04,1400.46,WH-MIAMI
CUST-JOIN-1077,Freight Account 1077,Asia Pacific,SMB,ORD-08577,2026-08-25,5064.35,WH-NEWYORK
CUST-JOIN-1078,Freight Account 1078,Europe,Startup,ORD-01078,2026-08-04,7491.51,WH-CHICAGO
CUST-JOIN-1078,Freight Account 1078,Europe,Startup,ORD-08578,2026-08-25,6228.5,WH-CHICAGO
CUST-JOIN-1079,Freight Account 1079,Europe,SMB,ORD-01079,2026-08-04,5966.65,WH-MIAMI
CUST-JOIN-1079,Freight Account 1079,Europe,SMB,ORD-08579,2026-08-25,4021.49,WH-MIAMI
CUST-JOIN-1080,Freight Account 1080,North America,Startup,ORD-01080,2026-08-04,4358.27,WH-MIAMI
CUST-JOIN-1080,Freight Account 1080,North America,Startup,ORD-08580,2026-08-25,306.97,WH-NEWYORK
CUST-JOIN-1081,Freight Account 1081,Asia Pacific,SMB,ORD-01081,2026-08-04,4541.35,WH-CHICAGO
CUST-JOIN-1081,Freight Account 1081,Asia Pacific,SMB,ORD-08581,2026-08-25,2280.06,WH-DETROIT
CUST-JOIN-1082,Freight Account 1082,North America,Enterprise,ORD-01082,2026-08-04,3235.5,WH-NEWYORK
CUST-JOIN-1082,Freight Account 1082,North America,Enterprise,ORD-08582,2026-08-25,6266.55,WH-CHICAGO
CUST-JOIN-1083,Freight Account 1083,Asia Pacific,SMB,ORD-01083,2026-08-04,1421.69,WH-DETROIT
CUST-JOIN-1083,Freight Account 1083,Asia Pacific,SMB,ORD-08583,2026-08-25,3685.12,WH-DETROIT
CUST-JOIN-1084,Freight Account 1084,North America,Startup,ORD-01084,2026-08-04,5263.42,WH-CHICAGO
CUST-JOIN-1084,Freight Account 1084,North America,Startup,ORD-08584,2026-08-25,7106.24,WH-NEWYORK
CUST-JOIN-1085,Freight Account 1085,Asia Pacific,Startup,ORD-01085,2026-08-04,5718.01,WH-CHICAGO
CUST-JOIN-1085,Freight Account 1085,Asia Pacific,Startup,ORD-08585,2026-08-25,7083.77,WH-DETROIT
CUST-JOIN-1086,Freight Account 1086,Asia Pacific,SMB,ORD-01086,2026-08-04,4134.36,WH-DETROIT
CUST-JOIN-1086,Freight Account 1086,Asia Pacific,SMB,ORD-08586,2026-08-25,6949.67,WH-MIAMI
CUST-JOIN-1087,Freight Account 1087,Asia Pacific,Startup,ORD-01087,2026-08-04,6706.62,WH-NEWYORK
CUST-JOIN-1087,Freight Account 1087,Asia Pacific,Startup,ORD-08587,2026-08-25,7256.68,WH-MIAMI
CUST-JOIN-1088,Freight Account 1088,Europe,Startup,ORD-01088,2026-08-04,6233.24,WH-CHICAGO
CUST-JOIN-1088,Freight Account 1088,Europe,Startup,ORD-08588,2026-08-25,2700.58,WH-NEWYORK
CUST-JOIN-1089,Freight Account 1089,Europe,Startup,ORD-01089,2026-08-04,6027.17,WH-NEWYORK
CUST-JOIN-1089,Freight Account 1089,Europe,Startup,ORD-08589,2026-08-25,3867.19,WH-MIAMI
CUST-JOIN-1090,Freight Account 1090,Asia Pacific,Startup,ORD-01090,2026-08-04,7656.79,WH-CHICAGO
CUST-JOIN-1090,Freight Account 1090,Asia Pacific,Startup,ORD-08590,2026-08-25,5696.39,WH-MIAMI
CUST-JOIN-1091,Freight Account 1091,North America,Startup,ORD-01091,2026-08-04,5187.16,WH-DETROIT
CUST-JOIN-1091,Freight Account 1091,North America,Startup,ORD-08591,2026-08-25,1254.95,WH-MIAMI
CUST-JOIN-1092,Freight Account 1092,North America,SMB,ORD-01092,2026-08-04,5245.58,WH-DETROIT
CUST-JOIN-1092,Freight Account 1092,North America,SMB,ORD-08592,2026-08-25,7413.91,WH-NEWYORK
CUST-JOIN-1093,Freight Account 1093,Asia Pacific,Startup,ORD-01093,2026-08-04,4013.22,WH-MIAMI
CUST-JOIN-1093,Freight Account 1093,Asia Pacific,Startup,ORD-08593,2026-08-25,7581.01,WH-CHICAGO
CUST-JOIN-1094,Freight Account 1094,Asia Pacific,Startup,ORD-01094,2026-08-04,1399.46,WH-CHICAGO
CUST-JOIN-1094,Freight Account 1094,Asia Pacific,Startup,ORD-08594,2026-08-25,2527.41,WH-DETROIT
CUST-JOIN-1095,Freight Account 1095,Asia Pacific,Startup,ORD-01095,2026-08-04,4396.53,WH-DETROIT
CUST-JOIN-1095,Freight Account 1095,Asia Pacific,Startup,ORD-08595,2026-08-25,6881.0,WH-NEWYORK
CUST-JOIN-1096,Freight Account 1096,Europe,Startup,ORD-01096,2026-08-04,871.0,WH-MIAMI
CUST-JOIN-1096,Freight Account 1096,Europe,Startup,ORD-08596,2026-08-25,5122.27,WH-MIAMI
CUST-JOIN-1097,Freight Account 1097,Europe,SMB,ORD-01097,2026-08-05,7710.81,WH-NEWYORK
CUST-JOIN-1097,Freight Account 1097,Europe,SMB,ORD-08597,2026-08-25,1456.57,WH-MIAMI
CUST-JOIN-1098,Freight Account 1098,North America,SMB,ORD-01098,2026-08-05,6298.71,WH-CHICAGO
CUST-JOIN-1098,Freight Account 1098,North America,SMB,ORD-08598,2026-08-25,2250.26,WH-CHICAGO
CUST-JOIN-1099,Freight Account 1099,North America,Startup,ORD-01099,2026-08-05,624.75,WH-CHICAGO
CUST-JOIN-1099,Freight Account 1099,North America,Startup,ORD-08599,2026-08-25,1579.82,WH-MIAMI
CUST-JOIN-1100,Freight Account 1100,North America,SMB,ORD-01100,2026-08-05,4880.69,WH-NEWYORK
CUST-JOIN-1100,Freight Account 1100,North America,SMB,ORD-08600,2026-08-25,309.97,WH-MIAMI
CUST-JOIN-1101,Freight Account 1101,North America,SMB,ORD-01101,2026-08-05,1262.58,WH-MIAMI
CUST-JOIN-1101,Freight Account 1101,North America,SMB,ORD-08601,2026-08-26,3570.94,WH-NEWYORK
CUST-JOIN-1102,Freight Account 1102,North America,Startup,ORD-01102,2026-08-05,3618.46,WH-NEWYORK
CUST-JOIN-1102,Freight Account 1102,North America,Startup,ORD-08602,2026-08-26,5681.61,WH-NEWYORK
CUST-JOIN-1103,Freight Account 1103,Europe,SMB,ORD-01103,2026-08-05,1530.72,WH-DETROIT
CUST-JOIN-1103,Freight Account 1103,Europe,SMB,ORD-08603,2026-08-26,4823.75,WH-MIAMI
CUST-JOIN-1104,Freight Account 1104,North America,SMB,ORD-01104,2026-08-05,3081.51,WH-MIAMI
CUST-JOIN-1104,Freight Account 1104,North America,SMB,ORD-08604,2026-08-26,1070.33,WH-DETROIT
CUST-JOIN-1105,Freight Account 1105,Asia Pacific,Startup,ORD-01105,2026-08-05,512.41,WH-MIAMI
CUST-JOIN-1105,Freight Account 1105,Asia Pacific,Startup,ORD-08605,2026-08-26,7153.8,WH-MIAMI
CUST-JOIN-1106,Freight Account 1106,Asia Pacific,SMB,ORD-01106,2026-08-05,7447.65,WH-MIAMI
CUST-JOIN-1106,Freight Account 1106,Asia Pacific,SMB,ORD-08606,2026-08-26,7994.28,WH-CHICAGO
CUST-JOIN-1107,Freight Account 1107,North America,Startup,ORD-01107,2026-08-05,1094.63,WH-CHICAGO
CUST-JOIN-1107,Freight Account 1107,North America,Startup,ORD-08607,2026-08-26,5986.25,WH-CHICAGO
CUST-JOIN-1108,Freight Account 1108,North America,Enterprise,ORD-01108,2026-08-05,2560.85,WH-MIAMI
CUST-JOIN-1108,Freight Account 1108,North America,Enterprise,ORD-08608,2026-08-26,3499.55,WH-DETROIT
CUST-JOIN-1109,Freight Account 1109,North America,Startup,ORD-01109,2026-08-05,1849.89,WH-NEWYORK
CUST-JOIN-1109,Freight Account 1109,North America,Startup,ORD-08609,2026-08-26,3535.85,WH-NEWYORK
CUST-JOIN-1110,Freight Account 1110,Asia Pacific,SMB,ORD-01110,2026-08-05,4503.36,WH-MIAMI
CUST-JOIN-1110,Freight Account 1110,Asia Pacific,SMB,ORD-08610,2026-08-26,3826.4,WH-DETROIT
CUST-JOIN-1111,Freight Account 1111,Asia Pacific,Startup,ORD-01111,2026-08-05,1352.83,WH-NEWYORK
CUST-JOIN-1111,Freight Account 1111,Asia Pacific,Startup,ORD-08611,2026-08-26,6283.71,WH-MIAMI
CUST-JOIN-1112,Freight Account 1112,Asia Pacific,Startup,ORD-01112,2026-08-05,7852.82,WH-CHICAGO
CUST-JOIN-1112,Freight Account 1112,Asia Pacific,Startup,ORD-08612,2026-08-26,1147.19,WH-NEWYORK
CUST-JOIN-1113,Freight Account 1113,North America,SMB,ORD-01113,2026-08-05,3758.45,WH-CHICAGO
CUST-JOIN-1113,Freight Account 1113,North America,SMB,ORD-08613,2026-08-26,1677.09,WH-CHICAGO
CUST-JOIN-1114,Freight Account 1114,North America,Startup,ORD-01114,2026-08-05,3707.7,WH-DETROIT
CUST-JOIN-1114,Freight Account 1114,North America,Startup,ORD-08614,2026-08-26,978.7,WH-CHICAGO
CUST-JOIN-1115,Freight Account 1115,Asia Pacific,SMB,ORD-01115,2026-08-05,1499.56,WH-MIAMI
CUST-JOIN-1115,Freight Account 1115,Asia Pacific,SMB,ORD-08615,2026-08-26,3017.83,WH-NEWYORK
CUST-JOIN-1116,Freight Account 1116,Asia Pacific,SMB,ORD-01116,2026-08-05,7458.0,WH-DETROIT
CUST-JOIN-1116,Freight Account 1116,Asia Pacific,SMB,ORD-08616,2026-08-26,3328.67,WH-CHICAGO
CUST-JOIN-1117,Freight Account 1117,Asia Pacific,SMB,ORD-01117,2026-08-05,4953.9,WH-DETROIT
CUST-JOIN-1117,Freight Account 1117,Asia Pacific,SMB,ORD-08617,2026-08-26,6034.91,WH-NEWYORK
CUST-JOIN-1118,Freight Account 1118,Europe,SMB,ORD-01118,2026-08-05,1023.33,WH-NEWYORK
CUST-JOIN-1118,Freight Account 1118,Europe,SMB,ORD-08618,2026-08-26,3625.29,WH-CHICAGO
CUST-JOIN-1119,Freight Account 1119,Asia Pacific,Startup,ORD-01119,2026-08-05,4377.43,WH-DETROIT
CUST-JOIN-1119,Freight Account 1119,Asia Pacific,Startup,ORD-08619,2026-08-26,4085.41,WH-MIAMI
CUST-JOIN-1120,Freight Account 1120,Asia Pacific,Startup,ORD-01120,2026-08-05,3204.28,WH-MIAMI
CUST-JOIN-1120,Freight Account 1120,Asia Pacific,Startup,ORD-08620,2026-08-26,6685.87,WH-CHICAGO
CUST-JOIN-1121,Freight Account 1121,Asia Pacific,Startup,ORD-01121,2026-08-06,5963.52,WH-DETROIT
CUST-JOIN-1121,Freight Account 1121,Asia Pacific,Startup,ORD-08621,2026-08-26,882.5,WH-CHICAGO
CUST-JOIN-1122,Freight Account 1122,North America,Startup,ORD-01122,2026-08-06,6633.27,WH-DETROIT
CUST-JOIN-1122,Freight Account 1122,North America,Startup,ORD-08622,2026-08-26,5849.72,WH-NEWYORK
CUST-JOIN-1123,Freight Account 1123,Asia Pacific,SMB,ORD-01123,2026-08-06,7157.38,WH-MIAMI
CUST-JOIN-1123,Freight Account 1123,Asia Pacific,SMB,ORD-08623,2026-08-26,1205.47,WH-MIAMI
CUST-JOIN-1124,Freight Account 1124,Asia Pacific,Startup,ORD-01124,2026-08-06,3947.35,WH-MIAMI
CUST-JOIN-1124,Freight Account 1124,Asia Pacific,Startup,ORD-08624,2026-08-26,3654.23,WH-NEWYORK
CUST-JOIN-1125,Freight Account 1125,Asia Pacific,Startup,ORD-01125,2026-08-06,7583.11,WH-NEWYORK
CUST-JOIN-1125,Freight Account 1125,Asia Pacific,Startup,ORD-08625,2026-08-27,5637.36,WH-NEWYORK
CUST-JOIN-1126,Freight Account 1126,North America,Startup,ORD-01126,2026-08-06,4994.34,WH-CHICAGO
CUST-JOIN-1126,Freight Account 1126,North America,Startup,ORD-08626,2026-08-27,3370.42,WH-DETROIT
CUST-JOIN-1127,Freight Account 1127,Asia Pacific,SMB,ORD-01127,2026-08-06,5837.54,WH-CHICAGO
CUST-JOIN-1127,Freight Account 1127,Asia Pacific,SMB,ORD-08627,2026-08-27,3740.03,WH-MIAMI
CUST-JOIN-1128,Freight Account 1128,North America,SMB,ORD-01128,2026-08-06,2383.32,WH-DETROIT
CUST-JOIN-1128,Freight Account 1128,North America,SMB,ORD-08628,2026-08-27,2602.34,WH-NEWYORK
CUST-JOIN-1129,Freight Account 1129,Asia Pacific,Enterprise,ORD-01129,2026-08-06,1169.34,WH-CHICAGO
CUST-JOIN-1129,Freight Account 1129,Asia Pacific,Enterprise,ORD-08629,2026-08-27,4349.32,WH-NEWYORK
CUST-JOIN-1130,Freight Account 1130,Europe,Startup,ORD-01130,2026-08-06,4122.67,WH-MIAMI
CUST-JOIN-1130,Freight Account 1130,Europe,Startup,ORD-08630,2026-08-27,4902.0,WH-NEWYORK
CUST-JOIN-1131,Freight Account 1131,Asia Pacific,Startup,ORD-01131,2026-08-06,2709.01,WH-DETROIT
CUST-JOIN-1131,Freight Account 1131,Asia Pacific,Startup,ORD-08631,2026-08-27,3089.9,WH-CHICAGO
CUST-JOIN-1132,Freight Account 1132,Asia Pacific,Startup,ORD-01132,2026-08-06,6573.8,WH-CHICAGO
CUST-JOIN-1132,Freight Account 1132,Asia Pacific,Startup,ORD-08632,2026-08-27,7210.94,WH-DETROIT
CUST-JOIN-1133,Freight Account 1133,Europe,Enterprise,ORD-01133,2026-08-06,1615.32,WH-NEWYORK
CUST-JOIN-1133,Freight Account 1133,Europe,Enterprise,ORD-08633,2026-08-27,1612.84,WH-DETROIT
CUST-JOIN-1134,Freight Account 1134,North America,SMB,ORD-01134,2026-08-06,4896.14,WH-MIAMI
CUST-JOIN-1134,Freight Account 1134,North America,SMB,ORD-08634,2026-08-27,5367.95,WH-MIAMI
CUST-JOIN-1135,Freight Account 1135,North America,SMB,ORD-01135,2026-08-06,3530.19,WH-CHICAGO
CUST-JOIN-1135,Freight Account 1135,North America,SMB,ORD-08635,2026-08-27,322.25,WH-CHICAGO
CUST-JOIN-1136,Freight Account 1136,North America,Startup,ORD-01136,2026-08-06,691.62,WH-MIAMI
CUST-JOIN-1136,Freight Account 1136,North America,Startup,ORD-08636,2026-08-27,5926.63,WH-NEWYORK
CUST-JOIN-1137,Freight Account 1137,Asia Pacific,Startup,ORD-01137,2026-08-06,829.37,WH-CHICAGO
CUST-JOIN-1137,Freight Account 1137,Asia Pacific,Startup,ORD-08637,2026-08-27,5962.86,WH-NEWYORK
CUST-JOIN-1138,Freight Account 1138,North America,Startup,ORD-01138,2026-08-06,1166.26,WH-MIAMI
CUST-JOIN-1138,Freight Account 1138,North America,Startup,ORD-08638,2026-08-27,5588.37,WH-NEWYORK
CUST-JOIN-1139,Freight Account 1139,Europe,Startup,ORD-01139,2026-08-06,3803.59,WH-MIAMI
CUST-JOIN-1139,Freight Account 1139,Europe,Startup,ORD-08639,2026-08-27,6690.58,WH-CHICAGO
CUST-JOIN-1140,Freight Account 1140,North America,Startup,ORD-01140,2026-08-06,7051.51,WH-NEWYORK
CUST-JOIN-1140,Freight Account 1140,North America,Startup,ORD-08640,2026-08-27,4058.73,WH-NEWYORK
CUST-JOIN-1141,Freight Account 1141,North America,Startup,ORD-01141,2026-08-06,721.21,WH-MIAMI
CUST-JOIN-1141,Freight Account 1141,North America,Startup,ORD-08641,2026-08-27,908.56,WH-NEWYORK
CUST-JOIN-1142,Freight Account 1142,Europe,Startup,ORD-01142,2026-08-06,2926.35,WH-NEWYORK
CUST-JOIN-1142,Freight Account 1142,Europe,Startup,ORD-08642,2026-08-27,1278.22,WH-NEWYORK
CUST-JOIN-1143,Freight Account 1143,Europe,SMB,ORD-01143,2026-08-06,283.13,WH-CHICAGO
CUST-JOIN-1143,Freight Account 1143,Europe,SMB,ORD-08643,2026-08-27,1438.1,WH-MIAMI
CUST-JOIN-1144,Freight Account 1144,Europe,SMB,ORD-01144,2026-08-06,4390.94,WH-MIAMI
CUST-JOIN-1144,Freight Account 1144,Europe,SMB,ORD-08644,2026-08-27,5847.53,WH-DETROIT
CUST-JOIN-1145,Freight Account 1145,Europe,Startup,ORD-01145,2026-08-07,1348.13,WH-DETROIT
CUST-JOIN-1145,Freight Account 1145,Europe,Startup,ORD-08645,2026-08-27,3520.03,WH-MIAMI
CUST-JOIN-1146,Freight Account 1146,Europe,SMB,ORD-01146,2026-08-07,1328.72,WH-MIAMI
CUST-JOIN-1146,Freight Account 1146,Europe,SMB,ORD-08646,2026-08-27,6968.88,WH-MIAMI
CUST-JOIN-1147,Freight Account 1147,North America,Startup,ORD-01147,2026-08-07,7548.02,WH-CHICAGO
CUST-JOIN-1147,Freight Account 1147,North America,Startup,ORD-08647,2026-08-27,5825.57,WH-MIAMI
CUST-JOIN-1148,Freight Account 1148,Europe,Startup,ORD-01148,2026-08-07,6848.68,WH-MIAMI
CUST-JOIN-1148,Freight Account 1148,Europe,Startup,ORD-08648,2026-08-27,2385.62,WH-DETROIT
CUST-JOIN-1149,Freight Account 1149,North America,Enterprise,ORD-01149,2026-08-07,6096.71,WH-NEWYORK
CUST-JOIN-1149,Freight Account 1149,North America,Enterprise,ORD-08649,2026-08-28,7962.8,WH-MIAMI
CUST-JOIN-1150,Freight Account 1150,North America,Startup,ORD-01150,2026-08-07,7145.45,WH-DETROIT
CUST-JOIN-1150,Freight Account 1150,North America,Startup,ORD-08650,2026-08-28,7490.41,WH-CHICAGO
CUST-JOIN-1151,Freight Account 1151,Asia Pacific,SMB,ORD-01151,2026-08-07,5552.89,WH-MIAMI
CUST-JOIN-1151,Freight Account 1151,Asia Pacific,SMB,ORD-08651,2026-08-28,6794.13,WH-MIAMI
CUST-JOIN-1152,Freight Account 1152,North America,SMB,ORD-01152,2026-08-07,5324.09,WH-DETROIT
CUST-JOIN-1152,Freight Account 1152,North America,SMB,ORD-08652,2026-08-28,1285.76,WH-DETROIT
CUST-JOIN-1153,Freight Account 1153,Europe,SMB,ORD-01153,2026-08-07,2213.42,WH-CHICAGO
CUST-JOIN-1153,Freight Account 1153,Europe,SMB,ORD-08653,2026-08-28,5314.16,WH-NEWYORK
CUST-JOIN-1154,Freight Account 1154,Europe,SMB,ORD-01154,2026-08-07,264.22,WH-CHICAGO
CUST-JOIN-1154,Freight Account 1154,Europe,SMB,ORD-08654,2026-08-28,7801.26,WH-MIAMI
CUST-JOIN-1155,Freight Account 1155,North America,SMB,ORD-01155,2026-08-07,773.59,WH-DETROIT
CUST-JOIN-1155,Freight Account 1155,North America,SMB,ORD-08655,2026-08-28,6545.0,WH-MIAMI
CUST-JOIN-1156,Freight Account 1156,Asia Pacific,Startup,ORD-01156,2026-08-07,1484.94,WH-NEWYORK
CUST-JOIN-1156,Freight Account 1156,Asia Pacific,Startup,ORD-08656,2026-08-28,4822.56,WH-CHICAGO
CUST-JOIN-1157,Freight Account 1157,Europe,Startup,ORD-01157,2026-08-07,1152.87,WH-DETROIT
CUST-JOIN-1157,Freight Account 1157,Europe,Startup,ORD-08657,2026-08-28,4709.69,WH-MIAMI
CUST-JOIN-1158,Freight Account 1158,Europe,Startup,ORD-01158,2026-08-07,5021.99,WH-MIAMI
CUST-JOIN-1158,Freight Account 1158,Europe,Startup,ORD-08658,2026-08-28,6473.66,WH-DETROIT
CUST-JOIN-1159,Freight Account 1159,Europe,SMB,ORD-01159,2026-08-07,6159.83,WH-DETROIT
CUST-JOIN-1159,Freight Account 1159,Europe,SMB,ORD-08659,2026-08-28,4907.0,WH-MIAMI
CUST-JOIN-1160,Freight Account 1160,Asia Pacific,Enterprise,ORD-01160,2026-08-07,860.95,WH-DETROIT
CUST-JOIN-1160,Freight Account 1160,Asia Pacific,Enterprise,ORD-08660,2026-08-28,3033.09,WH-CHICAGO
CUST-JOIN-1161,Freight Account 1161,Asia Pacific,SMB,ORD-01161,2026-08-07,1337.21,WH-MIAMI
CUST-JOIN-1161,Freight Account 1161,Asia Pacific,SMB,ORD-08661,2026-08-28,7420.38,WH-CHICAGO
CUST-JOIN-1162,Freight Account 1162,Europe,Enterprise,ORD-01162,2026-08-07,2064.37,WH-CHICAGO
CUST-JOIN-1162,Freight Account 1162,Europe,Enterprise,ORD-08662,2026-08-28,4490.08,WH-MIAMI
CUST-JOIN-1163,Freight Account 1163,Asia Pacific,Startup,ORD-01163,2026-08-07,4860.58,WH-CHICAGO
CUST-JOIN-1163,Freight Account 1163,Asia Pacific,Startup,ORD-08663,2026-08-28,769.67,WH-MIAMI
CUST-JOIN-1164,Freight Account 1164,Asia Pacific,SMB,ORD-01164,2026-08-07,6017.45,WH-DETROIT
CUST-JOIN-1164,Freight Account 1164,Asia Pacific,SMB,ORD-08664,2026-08-28,3967.09,WH-CHICAGO
CUST-JOIN-1165,Freight Account 1165,Europe,Startup,ORD-01165,2026-08-07,3302.82,WH-MIAMI
CUST-JOIN-1165,Freight Account 1165,Europe,Startup,ORD-08665,2026-08-28,7437.54,WH-CHICAGO
CUST-JOIN-1166,Freight Account 1166,North America,Startup,ORD-01166,2026-08-07,4278.07,WH-CHICAGO
CUST-JOIN-1166,Freight Account 1166,North America,Startup,ORD-08666,2026-08-28,3287.86,WH-NEWYORK
CUST-JOIN-1167,Freight Account 1167,Asia Pacific,SMB,ORD-01167,2026-08-07,2034.06,WH-NEWYORK
CUST-JOIN-1167,Freight Account 1167,Asia Pacific,SMB,ORD-08667,2026-08-28,1190.0,WH-CHICAGO
CUST-JOIN-1168,Freight Account 1168,North America,Startup,ORD-01168,2026-08-07,759.03,WH-CHICAGO
CUST-JOIN-1168,Freight Account 1168,North America,Startup,ORD-08668,2026-08-28,869.45,WH-DETROIT
CUST-JOIN-1169,Freight Account 1169,Asia Pacific,Startup,ORD-01169,2026-08-08,3326.81,WH-MIAMI
CUST-JOIN-1169,Freight Account 1169,Asia Pacific,Startup,ORD-08669,2026-08-28,2534.44,WH-NEWYORK
CUST-JOIN-1170,Freight Account 1170,North America,Startup,ORD-01170,2026-08-08,1354.89,WH-CHICAGO
CUST-JOIN-1170,Freight Account 1170,North America,Startup,ORD-08670,2026-08-28,3986.36,WH-MIAMI
CUST-JOIN-1171,Freight Account 1171,Europe,SMB,ORD-01171,2026-08-08,6875.01,WH-DETROIT
CUST-JOIN-1171,Freight Account 1171,Europe,SMB,ORD-08671,2026-08-28,1070.93,WH-NEWYORK
CUST-JOIN-1172,Freight Account 1172,North America,SMB,ORD-01172,2026-08-08,7288.2,WH-MIAMI
CUST-JOIN-1172,Freight Account 1172,North America,SMB,ORD-08672,2026-08-28,4999.17,WH-CHICAGO
CUST-JOIN-1173,Freight Account 1173,Asia Pacific,Enterprise,ORD-01173,2026-08-08,545.3,WH-MIAMI
CUST-JOIN-1173,Freight Account 1173,Asia Pacific,Enterprise,ORD-08673,2026-08-29,5556.76,WH-CHICAGO
CUST-JOIN-1174,Freight Account 1174,Asia Pacific,Startup,ORD-01174,2026-08-08,6790.18,WH-NEWYORK
CUST-JOIN-1174,Freight Account 1174,Asia Pacific,Startup,ORD-08674,2026-08-29,2617.61,WH-MIAMI
CUST-JOIN-1175,Freight Account 1175,North America,Startup,ORD-01175,2026-08-08,4360.06,WH-MIAMI
CUST-JOIN-1175,Freight Account 1175,North America,Startup,ORD-08675,2026-08-29,5898.93,WH-NEWYORK
CUST-JOIN-1176,Freight Account 1176,North America,Startup,ORD-01176,2026-08-08,6152.3,WH-DETROIT
CUST-JOIN-1176,Freight Account 1176,North America,Startup,ORD-08676,2026-08-29,1964.57,WH-DETROIT
CUST-JOIN-1177,Freight Account 1177,Asia Pacific,Startup,ORD-01177,2026-08-08,1124.26,WH-NEWYORK
CUST-JOIN-1177,Freight Account 1177,Asia Pacific,Startup,ORD-08677,2026-08-29,6659.08,WH-CHICAGO
CUST-JOIN-1178,Freight Account 1178,North America,SMB,ORD-01178,2026-08-08,2812.48,WH-NEWYORK
CUST-JOIN-1178,Freight Account 1178,North America,SMB,ORD-08678,2026-08-29,6853.54,WH-DETROIT
CUST-JOIN-1179,Freight Account 1179,North America,Startup,ORD-01179,2026-08-08,1505.22,WH-DETROIT
CUST-JOIN-1179,Freight Account 1179,North America,Startup,ORD-08679,2026-08-29,2806.96,WH-DETROIT
CUST-JOIN-1180,Freight Account 1180,Europe,Enterprise,ORD-01180,2026-08-08,6517.29,WH-NEWYORK
CUST-JOIN-1180,Freight Account 1180,Europe,Enterprise,ORD-08680,2026-08-29,1353.08,WH-NEWYORK
CUST-JOIN-1181,Freight Account 1181,Asia Pacific,SMB,ORD-01181,2026-08-08,356.14,WH-NEWYORK
CUST-JOIN-1181,Freight Account 1181,Asia Pacific,SMB,ORD-08681,2026-08-29,7877.57,WH-NEWYORK
CUST-JOIN-1182,Freight Account 1182,Europe,Startup,ORD-01182,2026-08-08,462.07,WH-NEWYORK
CUST-JOIN-1182,Freight Account 1182,Europe,Startup,ORD-08682,2026-08-29,4833.22,WH-DETROIT
CUST-JOIN-1183,Freight Account 1183,Asia Pacific,SMB,ORD-01183,2026-08-08,5956.87,WH-DETROIT
CUST-JOIN-1183,Freight Account 1183,Asia Pacific,SMB,ORD-08683,2026-08-29,1665.79,WH-DETROIT
CUST-JOIN-1184,Freight Account 1184,Europe,Startup,ORD-01184,2026-08-08,349.31,WH-DETROIT
CUST-JOIN-1184,Freight Account 1184,Europe,Startup,ORD-08684,2026-08-29,2728.1,WH-CHICAGO
CUST-JOIN-1185,Freight Account 1185,Asia Pacific,SMB,ORD-01185,2026-08-08,1492.79,WH-DETROIT
CUST-JOIN-1185,Freight Account 1185,Asia Pacific,SMB,ORD-08685,2026-08-29,4702.27,WH-CHICAGO
CUST-JOIN-1186,Freight Account 1186,Asia Pacific,SMB,ORD-01186,2026-08-08,7226.66,WH-DETROIT
CUST-JOIN-1186,Freight Account 1186,Asia Pacific,SMB,ORD-08686,2026-08-29,2791.12,WH-DETROIT
CUST-JOIN-1187,Freight Account 1187,North America,Startup,ORD-01187,2026-08-08,1612.3,WH-NEWYORK
CUST-JOIN-1187,Freight Account 1187,North America,Startup,ORD-08687,2026-08-29,6761.86,WH-CHICAGO
CUST-JOIN-1188,Freight Account 1188,North America,Startup,ORD-01188,2026-08-08,1877.83,WH-NEWYORK
CUST-JOIN-1188,Freight Account 1188,North America,Startup,ORD-08688,2026-08-29,7264.17,WH-MIAMI
CUST-JOIN-1189,Freight Account 1189,Europe,Startup,ORD-01189,2026-08-08,4655.62,WH-CHICAGO
CUST-JOIN-1189,Freight Account 1189,Europe,Startup,ORD-08689,2026-08-29,6885.97,WH-NEWYORK
CUST-JOIN-1190,Freight Account 1190,North America,Startup,ORD-01190,2026-08-08,6147.45,WH-DETROIT
CUST-JOIN-1190,Freight Account 1190,North America,Startup,ORD-08690,2026-08-29,4885.01,WH-MIAMI
CUST-JOIN-1191,Freight Account 1191,Asia Pacific,Startup,ORD-01191,2026-08-08,1784.91,WH-DETROIT
CUST-JOIN-1191,Freight Account 1191,Asia Pacific,Startup,ORD-08691,2026-08-29,2182.9,WH-NEWYORK
CUST-JOIN-1192,Freight Account 1192,Europe,Startup,ORD-01192,2026-08-08,2063.73,WH-MIAMI
CUST-JOIN-1192,Freight Account 1192,Europe,Startup,ORD-08692,2026-08-29,2242.18,WH-MIAMI
CUST-JOIN-1193,Freight Account 1193,North America,SMB,ORD-01193,2026-08-09,7982.94,WH-CHICAGO
CUST-JOIN-1193,Freight Account 1193,North America,SMB,ORD-08693,2026-08-29,1827.24,WH-NEWYORK
CUST-JOIN-1194,Freight Account 1194,North America,SMB,ORD-01194,2026-08-09,2747.11,WH-CHICAGO
CUST-JOIN-1194,Freight Account 1194,North America,SMB,ORD-08694,2026-08-29,4317.84,WH-NEWYORK
CUST-JOIN-1195,Freight Account 1195,North America,Startup,ORD-01195,2026-08-09,932.82,WH-NEWYORK
CUST-JOIN-1195,Freight Account 1195,North America,Startup,ORD-08695,2026-08-29,2657.14,WH-DETROIT
CUST-JOIN-1196,Freight Account 1196,Asia Pacific,Enterprise,ORD-01196,2026-08-09,926.28,WH-CHICAGO
CUST-JOIN-1196,Freight Account 1196,Asia Pacific,Enterprise,ORD-08696,2026-08-29,7330.34,WH-MIAMI
CUST-JOIN-1197,Freight Account 1197,Asia Pacific,Startup,ORD-01197,2026-08-09,4544.89,WH-MIAMI
CUST-JOIN-1197,Freight Account 1197,Asia Pacific,Startup,ORD-08697,2026-08-30,3323.0,WH-DETROIT
CUST-JOIN-1198,Freight Account 1198,North America,SMB,ORD-01198,2026-08-09,1033.77,WH-NEWYORK
CUST-JOIN-1198,Freight Account 1198,North America,SMB,ORD-08698,2026-08-30,5779.3,WH-NEWYORK
CUST-JOIN-1199,Freight Account 1199,North America,SMB,ORD-01199,2026-08-09,1149.96,WH-CHICAGO
CUST-JOIN-1199,Freight Account 1199,North America,SMB,ORD-08699,2026-08-30,776.21,WH-DETROIT
CUST-JOIN-1200,Freight Account 1200,North America,SMB,ORD-01200,2026-08-09,761.46,WH-CHICAGO
CUST-JOIN-1200,Freight Account 1200,North America,SMB,ORD-08700,2026-08-30,2233.31,WH-DETROIT
CUST-JOIN-1201,Freight Account 1201,Asia Pacific,SMB,ORD-01201,2026-08-09,6147.76,WH-MIAMI
CUST-JOIN-1201,Freight Account 1201,Asia Pacific,SMB,ORD-08701,2026-08-30,7991.59,WH-DETROIT
CUST-JOIN-1202,Freight Account 1202,North America,SMB,ORD-01202,2026-08-09,5467.29,WH-CHICAGO
CUST-JOIN-1202,Freight Account 1202,North America,SMB,ORD-08702,2026-08-30,610.56,WH-CHICAGO
CUST-JOIN-1203,Freight Account 1203,Asia Pacific,SMB,ORD-01203,2026-08-09,7129.69,WH-MIAMI
CUST-JOIN-1203,Freight Account 1203,Asia Pacific,SMB,ORD-08703,2026-08-30,5140.78,WH-CHICAGO
CUST-JOIN-1204,Freight Account 1204,Europe,SMB,ORD-01204,2026-08-09,6896.87,WH-DETROIT
CUST-JOIN-1204,Freight Account 1204,Europe,SMB,ORD-08704,2026-08-30,1604.2,WH-MIAMI
CUST-JOIN-1205,Freight Account 1205,North America,Startup,ORD-01205,2026-08-09,4944.5,WH-NEWYORK
CUST-JOIN-1205,Freight Account 1205,North America,Startup,ORD-08705,2026-08-30,2550.99,WH-MIAMI
CUST-JOIN-1206,Freight Account 1206,Europe,Startup,ORD-01206,2026-08-09,2256.34,WH-NEWYORK
CUST-JOIN-1206,Freight Account 1206,Europe,Startup,ORD-08706,2026-08-30,4633.88,WH-DETROIT
CUST-JOIN-1207,Freight Account 1207,Europe,SMB,ORD-01207,2026-08-09,6439.92,WH-MIAMI
CUST-JOIN-1207,Freight Account 1207,Europe,SMB,ORD-08707,2026-08-30,7930.1,WH-DETROIT
CUST-JOIN-1208,Freight Account 1208,North America,SMB,ORD-01208,2026-08-09,7393.0,WH-CHICAGO
CUST-JOIN-1208,Freight Account 1208,North America,SMB,ORD-08708,2026-08-30,3089.38,WH-NEWYORK
CUST-JOIN-1209,Freight Account 1209,North America,SMB,ORD-01209,2026-08-09,894.01,WH-NEWYORK
CUST-JOIN-1209,Freight Account 1209,North America,SMB,ORD-08709,2026-08-30,1463.2,WH-MIAMI
CUST-JOIN-1210,Freight Account 1210,Europe,Enterprise,ORD-01210,2026-08-09,4699.73,WH-CHICAGO
CUST-JOIN-1210,Freight Account 1210,Europe,Enterprise,ORD-08710,2026-08-30,6417.26,WH-MIAMI
CUST-JOIN-1211,Freight Account 1211,North America,Enterprise,ORD-01211,2026-08-09,4844.84,WH-DETROIT
CUST-JOIN-1211,Freight Account 1211,North America,Enterprise,ORD-08711,2026-08-30,4097.59,WH-MIAMI
CUST-JOIN-1212,Freight Account 1212,North America,Startup,ORD-01212,2026-08-09,4655.64,WH-NEWYORK
CUST-JOIN-1212,Freight Account 1212,North America,Startup,ORD-08712,2026-08-30,5823.55,WH-MIAMI
CUST-JOIN-1213,Freight Account 1213,Asia Pacific,Startup,ORD-01213,2026-08-09,6687.47,WH-MIAMI
CUST-JOIN-1213,Freight Account 1213,Asia Pacific,Startup,ORD-08713,2026-08-30,3604.98,WH-CHICAGO
CUST-JOIN-1214,Freight Account 1214,Europe,SMB,ORD-01214,2026-08-09,4720.49,WH-MIAMI
CUST-JOIN-1214,Freight Account 1214,Europe,SMB,ORD-08714,2026-08-30,251.9,WH-CHICAGO
CUST-JOIN-1215,Freight Account 1215,Europe,Enterprise,ORD-01215,2026-08-09,1837.41,WH-CHICAGO
CUST-JOIN-1215,Freight Account 1215,Europe,Enterprise,ORD-08715,2026-08-30,1084.06,WH-CHICAGO
CUST-JOIN-1216,Freight Account 1216,Europe,Enterprise,ORD-01216,2026-08-09,3917.9,WH-NEWYORK
CUST-JOIN-1216,Freight Account 1216,Europe,Enterprise,ORD-08716,2026-08-30,3398.24,WH-DETROIT
CUST-JOIN-1217,Freight Account 1217,Asia Pacific,Startup,ORD-01217,2026-08-10,4203.89,WH-CHICAGO
CUST-JOIN-1217,Freight Account 1217,Asia Pacific,Startup,ORD-08717,2026-08-30,7418.98,WH-NEWYORK
CUST-JOIN-1218,Freight Account 1218,Asia Pacific,SMB,ORD-01218,2026-08-10,3560.05,WH-MIAMI
CUST-JOIN-1218,Freight Account 1218,Asia Pacific,SMB,ORD-08718,2026-08-30,862.76,WH-NEWYORK
CUST-JOIN-1219,Freight Account 1219,Europe,Startup,ORD-01219,2026-08-10,1326.32,WH-CHICAGO
CUST-JOIN-1219,Freight Account 1219,Europe,Startup,ORD-08719,2026-08-30,2565.25,WH-DETROIT
CUST-JOIN-1220,Freight Account 1220,Europe,Startup,ORD-01220,2026-08-10,7409.34,WH-CHICAGO
CUST-JOIN-1220,Freight Account 1220,Europe,Startup,ORD-08720,2026-08-30,1726.1,WH-NEWYORK
CUST-JOIN-1221,Freight Account 1221,North America,Enterprise,ORD-01221,2026-08-10,6009.15,WH-MIAMI
CUST-JOIN-1221,Freight Account 1221,North America,Enterprise,ORD-08721,2026-08-31,2817.47,WH-NEWYORK
CUST-JOIN-1222,Freight Account 1222,North America,Startup,ORD-01222,2026-08-10,6720.73,WH-MIAMI
CUST-JOIN-1222,Freight Account 1222,North America,Startup,ORD-08722,2026-08-31,358.65,WH-NEWYORK
CUST-JOIN-1223,Freight Account 1223,Asia Pacific,SMB,ORD-01223,2026-08-10,6701.94,WH-DETROIT
CUST-JOIN-1223,Freight Account 1223,Asia Pacific,SMB,ORD-08723,2026-08-31,4594.36,WH-CHICAGO
CUST-JOIN-1224,Freight Account 1224,North America,Startup,ORD-01224,2026-08-10,5574.2,WH-CHICAGO
CUST-JOIN-1224,Freight Account 1224,North America,Startup,ORD-08724,2026-08-31,4623.5,WH-CHICAGO
CUST-JOIN-1225,Freight Account 1225,North America,SMB,ORD-01225,2026-08-10,3720.9,WH-NEWYORK
CUST-JOIN-1225,Freight Account 1225,North America,SMB,ORD-08725,2026-08-31,1148.8,WH-CHICAGO
CUST-JOIN-1226,Freight Account 1226,Europe,Startup,ORD-01226,2026-08-10,1806.55,WH-MIAMI
CUST-JOIN-1226,Freight Account 1226,Europe,Startup,ORD-08726,2026-08-31,672.15,WH-NEWYORK
CUST-JOIN-1227,Freight Account 1227,Asia Pacific,SMB,ORD-01227,2026-08-10,5121.83,WH-DETROIT
CUST-JOIN-1227,Freight Account 1227,Asia Pacific,SMB,ORD-08727,2026-08-31,2828.15,WH-CHICAGO
CUST-JOIN-1228,Freight Account 1228,Europe,Startup,ORD-01228,2026-08-10,7192.81,WH-NEWYORK
CUST-JOIN-1228,Freight Account 1228,Europe,Startup,ORD-08728,2026-08-31,3382.62,WH-NEWYORK
CUST-JOIN-1229,Freight Account 1229,Asia Pacific,Startup,ORD-01229,2026-08-10,4568.98,WH-MIAMI
CUST-JOIN-1229,Freight Account 1229,Asia Pacific,Startup,ORD-08729,2026-08-31,6066.74,WH-CHICAGO
CUST-JOIN-1230,Freight Account 1230,Asia Pacific,Startup,ORD-01230,2026-08-10,6787.81,WH-NEWYORK
CUST-JOIN-1230,Freight Account 1230,Asia Pacific,Startup,ORD-08730,2026-08-31,2588.3,WH-NEWYORK
CUST-JOIN-1231,Freight Account 1231,North America,SMB,ORD-01231,2026-08-10,2874.81,WH-DETROIT
CUST-JOIN-1231,Freight Account 1231,North America,SMB,ORD-08731,2026-08-31,6970.59,WH-MIAMI
CUST-JOIN-1232,Freight Account 1232,Asia Pacific,Startup,ORD-01232,2026-08-10,3308.18,WH-DETROIT
CUST-JOIN-1232,Freight Account 1232,Asia Pacific,Startup,ORD-08732,2026-08-31,1859.29,WH-DETROIT
CUST-JOIN-1233,Freight Account 1233,Europe,SMB,ORD-01233,2026-08-10,4886.57,WH-DETROIT
CUST-JOIN-1233,Freight Account 1233,Europe,SMB,ORD-08733,2026-08-31,5086.25,WH-DETROIT
CUST-JOIN-1234,Freight Account 1234,Europe,SMB,ORD-01234,2026-08-10,3351.34,WH-NEWYORK
CUST-JOIN-1234,Freight Account 1234,Europe,SMB,ORD-08734,2026-08-31,3262.47,WH-DETROIT
CUST-JOIN-1235,Freight Account 1235,North America,Startup,ORD-01235,2026-08-10,6961.69,WH-MIAMI
CUST-JOIN-1235,Freight Account 1235,North America,Startup,ORD-08735,2026-08-31,2196.09,WH-NEWYORK
CUST-JOIN-1236,Freight Account 1236,Europe,Startup,ORD-01236,2026-08-10,5228.55,WH-MIAMI
CUST-JOIN-1236,Freight Account 1236,Europe,Startup,ORD-08736,2026-08-31,7247.36,WH-DETROIT
CUST-JOIN-1237,Freight Account 1237,North America,SMB,ORD-01237,2026-08-10,434.04,WH-MIAMI
CUST-JOIN-1237,Freight Account 1237,North America,SMB,ORD-08737,2026-08-31,1066.5,WH-NEWYORK
CUST-JOIN-1238,Freight Account 1238,Europe,Startup,ORD-01238,2026-08-10,4151.68,WH-DETROIT
CUST-JOIN-1238,Freight Account 1238,Europe,Startup,ORD-08738,2026-08-31,847.51,WH-MIAMI
CUST-JOIN-1239,Freight Account 1239,North America,SMB,ORD-01239,2026-08-10,2410.67,WH-DETROIT
CUST-JOIN-1239,Freight Account 1239,North America,SMB,ORD-08739,2026-08-31,5296.27,WH-MIAMI
CUST-JOIN-1240,Freight Account 1240,North America,Startup,ORD-01240,2026-08-10,6000.02,WH-CHICAGO
CUST-JOIN-1240,Freight Account 1240,North America,Startup,ORD-08740,2026-08-31,4829.55,WH-DETROIT
CUST-JOIN-1241,Freight Account 1241,North America,Startup,ORD-01241,2026-08-11,2754.08,WH-NEWYORK
CUST-JOIN-1241,Freight Account 1241,North America,Startup,ORD-08741,2026-08-31,886.53,WH-DETROIT
CUST-JOIN-1242,Freight Account 1242,Asia Pacific,SMB,ORD-01242,2026-08-11,5223.0,WH-CHICAGO
CUST-JOIN-1242,Freight Account 1242,Asia Pacific,SMB,ORD-08742,2026-08-31,2299.93,WH-MIAMI
CUST-JOIN-1243,Freight Account 1243,Asia Pacific,Startup,ORD-01243,2026-08-11,369.75,WH-NEWYORK
CUST-JOIN-1243,Freight Account 1243,Asia Pacific,Startup,ORD-08743,2026-08-31,4040.69,WH-DETROIT
CUST-JOIN-1244,Freight Account 1244,Europe,Startup,ORD-01244,2026-08-11,468.33,WH-MIAMI
CUST-JOIN-1244,Freight Account 1244,Europe,Startup,ORD-08744,2026-08-31,501.16,WH-CHICAGO
CUST-JOIN-1245,Freight Account 1245,Europe,Startup,ORD-01245,2026-08-11,5926.66,WH-MIAMI
CUST-JOIN-1245,Freight Account 1245,Europe,Startup,ORD-08745,2026-09-01,7844.12,WH-CHICAGO
CUST-JOIN-1246,Freight Account 1246,Europe,SMB,ORD-01246,2026-08-11,5486.19,WH-DETROIT
CUST-JOIN-1246,Freight Account 1246,Europe,SMB,ORD-08746,2026-09-01,6288.87,WH-NEWYORK
CUST-JOIN-1247,Freight Account 1247,North America,SMB,ORD-01247,2026-08-11,3012.61,WH-MIAMI
CUST-JOIN-1247,Freight Account 1247,North America,SMB,ORD-08747,2026-09-01,1029.97,WH-DETROIT
CUST-JOIN-1248,Freight Account 1248,Asia Pacific,Startup,ORD-01248,2026-08-11,6912.59,WH-MIAMI
CUST-JOIN-1248,Freight Account 1248,Asia Pacific,Startup,ORD-08748,2026-09-01,7318.47,WH-NEWYORK
CUST-JOIN-1249,Freight Account 1249,Europe,Startup,ORD-01249,2026-08-11,6010.27,WH-NEWYORK
CUST-JOIN-1249,Freight Account 1249,Europe,Startup,ORD-08749,2026-09-01,3836.95,WH-NEWYORK
CUST-JOIN-1250,Freight Account 1250,Asia Pacific,SMB,ORD-01250,2026-08-11,5043.71,WH-DETROIT
CUST-JOIN-1250,Freight Account 1250,Asia Pacific,SMB,ORD-08750,2026-09-01,1821.11,WH-NEWYORK
CUST-JOIN-1251,Freight Account 1251,Europe,Startup,ORD-01251,2026-08-11,474.93,WH-NEWYORK
CUST-JOIN-1251,Freight Account 1251,Europe,Startup,ORD-08751,2026-09-01,4265.67,WH-MIAMI
CUST-JOIN-1252,Freight Account 1252,North America,Startup,ORD-01252,2026-08-11,6804.24,WH-NEWYORK
CUST-JOIN-1252,Freight Account 1252,North America,Startup,ORD-08752,2026-09-01,4524.86,WH-MIAMI
CUST-JOIN-1253,Freight Account 1253,North America,Startup,ORD-01253,2026-08-11,1390.53,WH-CHICAGO
CUST-JOIN-1253,Freight Account 1253,North America,Startup,ORD-08753,2026-09-01,6096.46,WH-CHICAGO
CUST-JOIN-1254,Freight Account 1254,North America,Startup,ORD-01254,2026-08-11,2146.31,WH-NEWYORK
CUST-JOIN-1254,Freight Account 1254,North America,Startup,ORD-08754,2026-09-01,2583.18,WH-MIAMI
CUST-JOIN-1255,Freight Account 1255,Europe,SMB,ORD-01255,2026-08-11,5626.14,WH-NEWYORK
CUST-JOIN-1255,Freight Account 1255,Europe,SMB,ORD-08755,2026-09-01,3410.51,WH-CHICAGO
CUST-JOIN-1256,Freight Account 1256,North America,Startup,ORD-01256,2026-08-11,6537.33,WH-NEWYORK
CUST-JOIN-1256,Freight Account 1256,North America,Startup,ORD-08756,2026-09-01,778.23,WH-CHICAGO
CUST-JOIN-1257,Freight Account 1257,Europe,SMB,ORD-01257,2026-08-11,1514.11,WH-NEWYORK
CUST-JOIN-1257,Freight Account 1257,Europe,SMB,ORD-08757,2026-09-01,7190.13,WH-MIAMI
CUST-JOIN-1258,Freight Account 1258,North America,Startup,ORD-01258,2026-08-11,4387.4,WH-NEWYORK
CUST-JOIN-1258,Freight Account 1258,North America,Startup,ORD-08758,2026-09-01,1407.76,WH-MIAMI
CUST-JOIN-1259,Freight Account 1259,Europe,SMB,ORD-01259,2026-08-11,7833.5,WH-CHICAGO
CUST-JOIN-1259,Freight Account 1259,Europe,SMB,ORD-08759,2026-09-01,597.6,WH-MIAMI
CUST-JOIN-1260,Freight Account 1260,Europe,Startup,ORD-01260,2026-08-11,5436.56,WH-CHICAGO
CUST-JOIN-1260,Freight Account 1260,Europe,Startup,ORD-08760,2026-09-01,6872.11,WH-CHICAGO
CUST-JOIN-1261,Freight Account 1261,Asia Pacific,SMB,ORD-01261,2026-08-11,3835.43,WH-MIAMI
CUST-JOIN-1261,Freight Account 1261,Asia Pacific,SMB,ORD-08761,2026-09-01,7334.33,WH-CHICAGO
CUST-JOIN-1262,Freight Account 1262,North America,Enterprise,ORD-01262,2026-08-11,1693.64,WH-MIAMI
CUST-JOIN-1262,Freight Account 1262,North America,Enterprise,ORD-08762,2026-09-01,5130.15,WH-CHICAGO
CUST-JOIN-1263,Freight Account 1263,Asia Pacific,Startup,ORD-01263,2026-08-11,6848.79,WH-MIAMI
CUST-JOIN-1263,Freight Account 1263,Asia Pacific,Startup,ORD-08763,2026-09-01,6297.04,WH-DETROIT
CUST-JOIN-1264,Freight Account 1264,North America,SMB,ORD-01264,2026-08-11,3932.25,WH-DETROIT
CUST-JOIN-1264,Freight Account 1264,North America,SMB,ORD-08764,2026-09-01,2729.63,WH-NEWYORK
CUST-JOIN-1265,Freight Account 1265,Europe,Startup,ORD-01265,2026-08-12,464.56,WH-DETROIT
CUST-JOIN-1265,Freight Account 1265,Europe,Startup,ORD-08765,2026-09-01,3721.13,WH-NEWYORK
CUST-JOIN-1266,Freight Account 1266,North America,Enterprise,ORD-01266,2026-08-12,2982.73,WH-CHICAGO
CUST-JOIN-1266,Freight Account 1266,North America,Enterprise,ORD-08766,2026-09-01,3514.07,WH-NEWYORK
CUST-JOIN-1267,Freight Account 1267,North America,SMB,ORD-01267,2026-08-12,5284.69,WH-NEWYORK
CUST-JOIN-1267,Freight Account 1267,North America,SMB,ORD-08767,2026-09-01,3407.49,WH-CHICAGO
CUST-JOIN-1268,Freight Account 1268,Asia Pacific,Startup,ORD-01268,2026-08-12,3965.74,WH-NEWYORK
CUST-JOIN-1268,Freight Account 1268,Asia Pacific,Startup,ORD-08768,2026-09-01,4813.37,WH-CHICAGO
CUST-JOIN-1269,Freight Account 1269,North America,SMB,ORD-01269,2026-08-12,448.27,WH-NEWYORK
CUST-JOIN-1269,Freight Account 1269,North America,SMB,ORD-08769,2026-09-02,6974.15,WH-MIAMI
CUST-JOIN-1270,Freight Account 1270,North America,SMB,ORD-01270,2026-08-12,7273.94,WH-DETROIT
CUST-JOIN-1270,Freight Account 1270,North America,SMB,ORD-08770,2026-09-02,1653.82,WH-MIAMI
CUST-JOIN-1271,Freight Account 1271,North America,Enterprise,ORD-01271,2026-08-12,4971.91,WH-NEWYORK
CUST-JOIN-1271,Freight Account 1271,North America,Enterprise,ORD-08771,2026-09-02,3775.34,WH-MIAMI
CUST-JOIN-1272,Freight Account 1272,Europe,SMB,ORD-01272,2026-08-12,1737.58,WH-MIAMI
CUST-JOIN-1272,Freight Account 1272,Europe,SMB,ORD-08772,2026-09-02,7211.16,WH-DETROIT
CUST-JOIN-1273,Freight Account 1273,Europe,SMB,ORD-01273,2026-08-12,2068.93,WH-CHICAGO
CUST-JOIN-1273,Freight Account 1273,Europe,SMB,ORD-08773,2026-09-02,1853.04,WH-CHICAGO
CUST-JOIN-1274,Freight Account 1274,Asia Pacific,Startup,ORD-01274,2026-08-12,4697.83,WH-DETROIT
CUST-JOIN-1274,Freight Account 1274,Asia Pacific,Startup,ORD-08774,2026-09-02,7665.6,WH-DETROIT
CUST-JOIN-1275,Freight Account 1275,North America,Startup,ORD-01275,2026-08-12,4555.21,WH-CHICAGO
CUST-JOIN-1275,Freight Account 1275,North America,Startup,ORD-08775,2026-09-02,5294.84,WH-DETROIT
CUST-JOIN-1276,Freight Account 1276,Europe,Startup,ORD-01276,2026-08-12,5169.7,WH-CHICAGO
CUST-JOIN-1276,Freight Account 1276,Europe,Startup,ORD-08776,2026-09-02,5117.58,WH-CHICAGO
CUST-JOIN-1277,Freight Account 1277,North America,Startup,ORD-01277,2026-08-12,573.73,WH-CHICAGO
CUST-JOIN-1277,Freight Account 1277,North America,Startup,ORD-08777,2026-09-02,2593.5,WH-NEWYORK
CUST-JOIN-1278,Freight Account 1278,Europe,Startup,ORD-01278,2026-08-12,2475.17,WH-CHICAGO
CUST-JOIN-1278,Freight Account 1278,Europe,Startup,ORD-08778,2026-09-02,6079.93,WH-MIAMI
CUST-JOIN-1279,Freight Account 1279,North America,Startup,ORD-01279,2026-08-12,7855.97,WH-MIAMI
CUST-JOIN-1279,Freight Account 1279,North America,Startup,ORD-08779,2026-09-02,5140.11,WH-DETROIT
CUST-JOIN-1280,Freight Account 1280,Europe,SMB,ORD-01280,2026-08-12,730.74,WH-CHICAGO
CUST-JOIN-1280,Freight Account 1280,Europe,SMB,ORD-08780,2026-09-02,1394.03,WH-MIAMI
CUST-JOIN-1281,Freight Account 1281,North America,SMB,ORD-01281,2026-08-12,7986.27,WH-NEWYORK
CUST-JOIN-1281,Freight Account 1281,North America,SMB,ORD-08781,2026-09-02,3554.12,WH-NEWYORK
CUST-JOIN-1282,Freight Account 1282,Asia Pacific,SMB,ORD-01282,2026-08-12,5453.96,WH-DETROIT
CUST-JOIN-1282,Freight Account 1282,Asia Pacific,SMB,ORD-08782,2026-09-02,4547.56,WH-NEWYORK
CUST-JOIN-1283,Freight Account 1283,Europe,SMB,ORD-01283,2026-08-12,2058.08,WH-DETROIT
CUST-JOIN-1283,Freight Account 1283,Europe,SMB,ORD-08783,2026-09-02,7061.65,WH-DETROIT
CUST-JOIN-1284,Freight Account 1284,Asia Pacific,Startup,ORD-01284,2026-08-12,7237.65,WH-NEWYORK
CUST-JOIN-1284,Freight Account 1284,Asia Pacific,Startup,ORD-08784,2026-09-02,5419.48,WH-CHICAGO
CUST-JOIN-1285,Freight Account 1285,Europe,Startup,ORD-01285,2026-08-12,2903.66,WH-NEWYORK
CUST-JOIN-1285,Freight Account 1285,Europe,Startup,ORD-08785,2026-09-02,1382.56,WH-CHICAGO
CUST-JOIN-1286,Freight Account 1286,Asia Pacific,SMB,ORD-01286,2026-08-12,4938.08,WH-DETROIT
CUST-JOIN-1286,Freight Account 1286,Asia Pacific,SMB,ORD-08786,2026-09-02,2548.38,WH-NEWYORK
CUST-JOIN-1287,Freight Account 1287,Asia Pacific,SMB,ORD-01287,2026-08-12,1124.52,WH-CHICAGO
CUST-JOIN-1287,Freight Account 1287,Asia Pacific,SMB,ORD-08787,2026-09-02,5443.81,WH-NEWYORK
CUST-JOIN-1288,Freight Account 1288,Asia Pacific,Startup,ORD-01288,2026-08-12,5817.15,WH-MIAMI
CUST-JOIN-1288,Freight Account 1288,Asia Pacific,Startup,ORD-08788,2026-09-02,5458.67,WH-DETROIT
CUST-JOIN-1289,Freight Account 1289,Asia Pacific,Startup,ORD-01289,2026-08-13,3177.1,WH-MIAMI
CUST-JOIN-1289,Freight Account 1289,Asia Pacific,Startup,ORD-08789,2026-09-02,6461.8,WH-CHICAGO
CUST-JOIN-1290,Freight Account 1290,Asia Pacific,Startup,ORD-01290,2026-08-13,2575.2,WH-DETROIT
CUST-JOIN-1290,Freight Account 1290,Asia Pacific,Startup,ORD-08790,2026-09-02,6254.49,WH-NEWYORK
CUST-JOIN-1291,Freight Account 1291,North America,SMB,ORD-01291,2026-08-13,7564.85,WH-NEWYORK
CUST-JOIN-1291,Freight Account 1291,North America,SMB,ORD-08791,2026-09-02,4303.82,WH-DETROIT
CUST-JOIN-1292,Freight Account 1292,Asia Pacific,Enterprise,ORD-01292,2026-08-13,6819.91,WH-NEWYORK
CUST-JOIN-1292,Freight Account 1292,Asia Pacific,Enterprise,ORD-08792,2026-09-02,248.68,WH-CHICAGO
CUST-JOIN-1293,Freight Account 1293,Asia Pacific,Startup,ORD-01293,2026-08-13,5134.06,WH-MIAMI
CUST-JOIN-1293,Freight Account 1293,Asia Pacific,Startup,ORD-08793,2026-09-03,7814.74,WH-CHICAGO
CUST-JOIN-1294,Freight Account 1294,Asia Pacific,Startup,ORD-01294,2026-08-13,3044.15,WH-CHICAGO
CUST-JOIN-1294,Freight Account 1294,Asia Pacific,Startup,ORD-08794,2026-09-03,1470.65,WH-CHICAGO
CUST-JOIN-1295,Freight Account 1295,North America,Startup,ORD-01295,2026-08-13,3699.12,WH-NEWYORK
CUST-JOIN-1295,Freight Account 1295,North America,Startup,ORD-08795,2026-09-03,1531.76,WH-MIAMI
CUST-JOIN-1296,Freight Account 1296,Asia Pacific,Startup,ORD-01296,2026-08-13,400.96,WH-NEWYORK
CUST-JOIN-1296,Freight Account 1296,Asia Pacific,Startup,ORD-08796,2026-09-03,6614.74,WH-MIAMI
CUST-JOIN-1297,Freight Account 1297,Europe,SMB,ORD-01297,2026-08-13,5175.2,WH-DETROIT
CUST-JOIN-1297,Freight Account 1297,Europe,SMB,ORD-08797,2026-09-03,909.76,WH-CHICAGO
CUST-JOIN-1298,Freight Account 1298,North America,Enterprise,ORD-01298,2026-08-13,7475.58,WH-NEWYORK
CUST-JOIN-1298,Freight Account 1298,North America,Enterprise,ORD-08798,2026-09-03,2221.35,WH-DETROIT
CUST-JOIN-1299,Freight Account 1299,North America,Startup,ORD-01299,2026-08-13,7827.42,WH-DETROIT
CUST-JOIN-1299,Freight Account 1299,North America,Startup,ORD-08799,2026-09-03,503.33,WH-DETROIT
CUST-JOIN-1300,Freight Account 1300,Europe,Startup,ORD-01300,2026-08-13,6665.8,WH-NEWYORK
CUST-JOIN-1300,Freight Account 1300,Europe,Startup,ORD-08800,2026-09-03,2089.9,WH-MIAMI
CUST-JOIN-1301,Freight Account 1301,North America,SMB,ORD-01301,2026-08-13,3553.4,WH-MIAMI
CUST-JOIN-1301,Freight Account 1301,North America,SMB,ORD-08801,2026-09-03,1157.84,WH-NEWYORK
CUST-JOIN-1302,Freight Account 1302,North America,SMB,ORD-01302,2026-08-13,4254.2,WH-MIAMI
CUST-JOIN-1302,Freight Account 1302,North America,SMB,ORD-08802,2026-09-03,5174.15,WH-NEWYORK
CUST-JOIN-1303,Freight Account 1303,North America,Startup,ORD-01303,2026-08-13,4544.74,WH-NEWYORK
CUST-JOIN-1303,Freight Account 1303,North America,Startup,ORD-08803,2026-09-03,6441.41,WH-NEWYORK
CUST-JOIN-1304,Freight Account 1304,Asia Pacific,SMB,ORD-01304,2026-08-13,7816.46,WH-DETROIT
CUST-JOIN-1304,Freight Account 1304,Asia Pacific,SMB,ORD-08804,2026-09-03,3270.64,WH-NEWYORK
CUST-JOIN-1305,Freight Account 1305,Europe,SMB,ORD-01305,2026-08-13,5066.0,WH-MIAMI
CUST-JOIN-1305,Freight Account 1305,Europe,SMB,ORD-08805,2026-09-03,3181.07,WH-CHICAGO
CUST-JOIN-1306,Freight Account 1306,Asia Pacific,Enterprise,ORD-01306,2026-08-13,1129.8,WH-NEWYORK
CUST-JOIN-1306,Freight Account 1306,Asia Pacific,Enterprise,ORD-08806,2026-09-03,6432.57,WH-NEWYORK
CUST-JOIN-1307,Freight Account 1307,Europe,Enterprise,ORD-01307,2026-08-13,1971.19,WH-DETROIT
CUST-JOIN-1307,Freight Account 1307,Europe,Enterprise,ORD-08807,2026-09-03,7196.48,WH-MIAMI
CUST-JOIN-1308,Freight Account 1308,North America,Startup,ORD-01308,2026-08-13,3779.18,WH-MIAMI
CUST-JOIN-1308,Freight Account 1308,North America,Startup,ORD-08808,2026-09-03,3733.24,WH-MIAMI
CUST-JOIN-1309,Freight Account 1309,Asia Pacific,Startup,ORD-01309,2026-08-13,3899.84,WH-MIAMI
CUST-JOIN-1309,Freight Account 1309,Asia Pacific,Startup,ORD-08809,2026-09-03,4471.57,WH-DETROIT
CUST-JOIN-1310,Freight Account 1310,North America,Enterprise,ORD-01310,2026-08-13,3964.16,WH-CHICAGO
CUST-JOIN-1310,Freight Account 1310,North America,Enterprise,ORD-08810,2026-09-03,6248.5,WH-MIAMI
CUST-JOIN-1311,Freight Account 1311,Europe,SMB,ORD-01311,2026-08-13,6355.18,WH-CHICAGO
CUST-JOIN-1311,Freight Account 1311,Europe,SMB,ORD-08811,2026-09-03,3753.32,WH-DETROIT
CUST-JOIN-1312,Freight Account 1312,North America,Startup,ORD-01312,2026-08-13,565.67,WH-CHICAGO
CUST-JOIN-1312,Freight Account 1312,North America,Startup,ORD-08812,2026-09-03,2486.63,WH-MIAMI
CUST-JOIN-1313,Freight Account 1313,Asia Pacific,Startup,ORD-01313,2026-08-14,881.29,WH-DETROIT
CUST-JOIN-1313,Freight Account 1313,Asia Pacific,Startup,ORD-08813,2026-09-03,4405.27,WH-MIAMI
CUST-JOIN-1314,Freight Account 1314,North America,SMB,ORD-01314,2026-08-14,5772.32,WH-NEWYORK
CUST-JOIN-1314,Freight Account 1314,North America,SMB,ORD-08814,2026-09-03,1060.25,WH-NEWYORK
CUST-JOIN-1315,Freight Account 1315,Europe,SMB,ORD-01315,2026-08-14,4772.79,WH-CHICAGO
CUST-JOIN-1315,Freight Account 1315,Europe,SMB,ORD-08815,2026-09-03,5664.76,WH-DETROIT
CUST-JOIN-1316,Freight Account 1316,Europe,Startup,ORD-01316,2026-08-14,4393.06,WH-NEWYORK
CUST-JOIN-1316,Freight Account 1316,Europe,Startup,ORD-08816,2026-09-03,1536.78,WH-DETROIT
CUST-JOIN-1317,Freight Account 1317,Europe,Startup,ORD-01317,2026-08-14,7209.1,WH-CHICAGO
CUST-JOIN-1317,Freight Account 1317,Europe,Startup,ORD-08817,2026-09-04,5324.57,WH-DETROIT
CUST-JOIN-1318,Freight Account 1318,Europe,SMB,ORD-01318,2026-08-14,1477.62,WH-NEWYORK
CUST-JOIN-1318,Freight Account 1318,Europe,SMB,ORD-08818,2026-09-04,7802.56,WH-NEWYORK
CUST-JOIN-1319,Freight Account 1319,Asia Pacific,Startup,ORD-01319,2026-08-14,4497.72,WH-CHICAGO
CUST-JOIN-1319,Freight Account 1319,Asia Pacific,Startup,ORD-08819,2026-09-04,3641.91,WH-CHICAGO
CUST-JOIN-1320,Freight Account 1320,North America,SMB,ORD-01320,2026-08-14,5672.84,WH-CHICAGO
CUST-JOIN-1320,Freight Account 1320,North America,SMB,ORD-08820,2026-09-04,6962.12,WH-CHICAGO
CUST-JOIN-1321,Freight Account 1321,North America,Startup,ORD-01321,2026-08-14,1650.41,WH-DETROIT
CUST-JOIN-1321,Freight Account 1321,North America,Startup,ORD-08821,2026-09-04,1466.74,WH-DETROIT
CUST-JOIN-1322,Freight Account 1322,Europe,Startup,ORD-01322,2026-08-14,2007.46,WH-NEWYORK
CUST-JOIN-1322,Freight Account 1322,Europe,Startup,ORD-08822,2026-09-04,6812.69,WH-DETROIT
CUST-JOIN-1323,Freight Account 1323,Asia Pacific,Startup,ORD-01323,2026-08-14,2216.84,WH-CHICAGO
CUST-JOIN-1323,Freight Account 1323,Asia Pacific,Startup,ORD-08823,2026-09-04,3510.49,WH-DETROIT
CUST-JOIN-1324,Freight Account 1324,Europe,Enterprise,ORD-01324,2026-08-14,1086.41,WH-CHICAGO
CUST-JOIN-1324,Freight Account 1324,Europe,Enterprise,ORD-08824,2026-09-04,4994.18,WH-DETROIT
CUST-JOIN-1325,Freight Account 1325,Europe,SMB,ORD-01325,2026-08-14,6255.07,WH-NEWYORK
CUST-JOIN-1325,Freight Account 1325,Europe,SMB,ORD-08825,2026-09-04,5971.66,WH-DETROIT
CUST-JOIN-1326,Freight Account 1326,Asia Pacific,SMB,ORD-01326,2026-08-14,5962.43,WH-NEWYORK
CUST-JOIN-1326,Freight Account 1326,Asia Pacific,SMB,ORD-08826,2026-09-04,6682.06,WH-DETROIT
CUST-JOIN-1327,Freight Account 1327,Asia Pacific,Startup,ORD-01327,2026-08-14,273.4,WH-CHICAGO
CUST-JOIN-1327,Freight Account 1327,Asia Pacific,Startup,ORD-08827,2026-09-04,6368.2,WH-NEWYORK
CUST-JOIN-1328,Freight Account 1328,Europe,Enterprise,ORD-01328,2026-08-14,2399.48,WH-MIAMI
CUST-JOIN-1328,Freight Account 1328,Europe,Enterprise,ORD-08828,2026-09-04,3757.67,WH-DETROIT
CUST-JOIN-1329,Freight Account 1329,Europe,SMB,ORD-01329,2026-08-14,1858.45,WH-MIAMI
CUST-JOIN-1329,Freight Account 1329,Europe,SMB,ORD-08829,2026-09-04,7802.4,WH-DETROIT
CUST-JOIN-1330,Freight Account 1330,Europe,Startup,ORD-01330,2026-08-14,4914.78,WH-NEWYORK
CUST-JOIN-1330,Freight Account 1330,Europe,Startup,ORD-08830,2026-09-04,6636.2,WH-NEWYORK
CUST-JOIN-1331,Freight Account 1331,Asia Pacific,SMB,ORD-01331,2026-08-14,3435.3,WH-MIAMI
CUST-JOIN-1331,Freight Account 1331,Asia Pacific,SMB,ORD-08831,2026-09-04,5745.57,WH-MIAMI
CUST-JOIN-1332,Freight Account 1332,North America,Startup,ORD-01332,2026-08-14,2677.42,WH-DETROIT
CUST-JOIN-1332,Freight Account 1332,North America,Startup,ORD-08832,2026-09-04,6854.88,WH-NEWYORK
CUST-JOIN-1333,Freight Account 1333,Europe,SMB,ORD-01333,2026-08-14,1875.61,WH-DETROIT
CUST-JOIN-1333,Freight Account 1333,Europe,SMB,ORD-08833,2026-09-04,3173.53,WH-DETROIT
CUST-JOIN-1334,Freight Account 1334,Asia Pacific,Startup,ORD-01334,2026-08-14,7601.2,WH-MIAMI
CUST-JOIN-1334,Freight Account 1334,Asia Pacific,Startup,ORD-08834,2026-09-04,2938.66,WH-NEWYORK
CUST-JOIN-1335,Freight Account 1335,Asia Pacific,SMB,ORD-01335,2026-08-14,2154.45,WH-CHICAGO
CUST-JOIN-1335,Freight Account 1335,Asia Pacific,SMB,ORD-08835,2026-09-04,2253.15,WH-NEWYORK
CUST-JOIN-1336,Freight Account 1336,Asia Pacific,SMB,ORD-01336,2026-08-14,763.13,WH-MIAMI
CUST-JOIN-1336,Freight Account 1336,Asia Pacific,SMB,ORD-08836,2026-09-04,5604.81,WH-CHICAGO
CUST-JOIN-1337,Freight Account 1337,Europe,Startup,ORD-01337,2026-08-15,2745.7,WH-CHICAGO
CUST-JOIN-1337,Freight Account 1337,Europe,Startup,ORD-08837,2026-09-04,5883.87,WH-NEWYORK
CUST-JOIN-1338,Freight Account 1338,Europe,Startup,ORD-01338,2026-08-15,4421.53,WH-CHICAGO
CUST-JOIN-1338,Freight Account 1338,Europe,Startup,ORD-08838,2026-09-04,3808.36,WH-NEWYORK
CUST-JOIN-1339,Freight Account 1339,Asia Pacific,SMB,ORD-01339,2026-08-15,7830.35,WH-CHICAGO
CUST-JOIN-1339,Freight Account 1339,Asia Pacific,SMB,ORD-08839,2026-09-04,4330.53,WH-DETROIT
CUST-JOIN-1340,Freight Account 1340,Europe,Startup,ORD-01340,2026-08-15,1504.68,WH-DETROIT
CUST-JOIN-1340,Freight Account 1340,Europe,Startup,ORD-08840,2026-09-04,4341.24,WH-DETROIT
CUST-JOIN-1341,Freight Account 1341,North America,SMB,ORD-01341,2026-08-15,412.71,WH-NEWYORK
CUST-JOIN-1341,Freight Account 1341,North America,SMB,ORD-08841,2026-09-05,2948.42,WH-NEWYORK
CUST-JOIN-1342,Freight Account 1342,Europe,Startup,ORD-01342,2026-08-15,423.35,WH-DETROIT
CUST-JOIN-1342,Freight Account 1342,Europe,Startup,ORD-08842,2026-09-05,358.63,WH-MIAMI
CUST-JOIN-1343,Freight Account 1343,Europe,Startup,ORD-01343,2026-08-15,3104.15,WH-NEWYORK
CUST-JOIN-1343,Freight Account 1343,Europe,Startup,ORD-08843,2026-09-05,3397.99,WH-NEWYORK
CUST-JOIN-1344,Freight Account 1344,Europe,SMB,ORD-01344,2026-08-15,2737.41,WH-DETROIT
CUST-JOIN-1344,Freight Account 1344,Europe,SMB,ORD-08844,2026-09-05,5934.74,WH-DETROIT
CUST-JOIN-1345,Freight Account 1345,North America,SMB,ORD-01345,2026-08-15,223.52,WH-CHICAGO
CUST-JOIN-1345,Freight Account 1345,North America,SMB,ORD-08845,2026-09-05,837.37,WH-CHICAGO
CUST-JOIN-1346,Freight Account 1346,Europe,Enterprise,ORD-01346,2026-08-15,6986.0,WH-NEWYORK
CUST-JOIN-1346,Freight Account 1346,Europe,Enterprise,ORD-08846,2026-09-05,7879.82,WH-CHICAGO
CUST-JOIN-1347,Freight Account 1347,Europe,Enterprise,ORD-01347,2026-08-15,6705.79,WH-CHICAGO
CUST-JOIN-1347,Freight Account 1347,Europe,Enterprise,ORD-08847,2026-09-05,4063.94,WH-CHICAGO
CUST-JOIN-1348,Freight Account 1348,Europe,SMB,ORD-01348,2026-08-15,2462.05,WH-CHICAGO
CUST-JOIN-1348,Freight Account 1348,Europe,SMB,ORD-08848,2026-09-05,4530.71,WH-CHICAGO
CUST-JOIN-1349,Freight Account 1349,Europe,Startup,ORD-01349,2026-08-15,3806.88,WH-CHICAGO
CUST-JOIN-1349,Freight Account 1349,Europe,Startup,ORD-08849,2026-09-05,3333.48,WH-CHICAGO
CUST-JOIN-1350,Freight Account 1350,Europe,Startup,ORD-01350,2026-08-15,4886.54,WH-MIAMI
CUST-JOIN-1350,Freight Account 1350,Europe,Startup,ORD-08850,2026-09-05,2759.08,WH-DETROIT
CUST-JOIN-1351,Freight Account 1351,Asia Pacific,SMB,ORD-01351,2026-08-15,350.11,WH-DETROIT
CUST-JOIN-1351,Freight Account 1351,Asia Pacific,SMB,ORD-08851,2026-09-05,2793.36,WH-NEWYORK
CUST-JOIN-1352,Freight Account 1352,North America,Enterprise,ORD-01352,2026-08-15,7878.73,WH-NEWYORK
CUST-JOIN-1352,Freight Account 1352,North America,Enterprise,ORD-08852,2026-09-05,7799.13,WH-CHICAGO
CUST-JOIN-1353,Freight Account 1353,Asia Pacific,Startup,ORD-01353,2026-08-15,379.43,WH-MIAMI
CUST-JOIN-1353,Freight Account 1353,Asia Pacific,Startup,ORD-08853,2026-09-05,3565.2,WH-CHICAGO
CUST-JOIN-1354,Freight Account 1354,North America,SMB,ORD-01354,2026-08-15,5651.52,WH-NEWYORK
CUST-JOIN-1354,Freight Account 1354,North America,SMB,ORD-08854,2026-09-05,4012.59,WH-DETROIT
CUST-JOIN-1355,Freight Account 1355,North America,SMB,ORD-01355,2026-08-15,6096.2,WH-NEWYORK
CUST-JOIN-1355,Freight Account 1355,North America,SMB,ORD-08855,2026-09-05,6703.74,WH-MIAMI
CUST-JOIN-1356,Freight Account 1356,Europe,SMB,ORD-01356,2026-08-15,7754.94,WH-DETROIT
CUST-JOIN-1356,Freight Account 1356,Europe,SMB,ORD-08856,2026-09-05,811.63,WH-NEWYORK
CUST-JOIN-1357,Freight Account 1357,North America,Startup,ORD-01357,2026-08-15,1254.94,WH-DETROIT
CUST-JOIN-1357,Freight Account 1357,North America,Startup,ORD-08857,2026-09-05,5622.8,WH-NEWYORK
CUST-JOIN-1358,Freight Account 1358,Asia Pacific,SMB,ORD-01358,2026-08-15,4490.15,WH-NEWYORK
CUST-JOIN-1358,Freight Account 1358,Asia Pacific,SMB,ORD-08858,2026-09-05,5116.49,WH-NEWYORK
CUST-JOIN-1359,Freight Account 1359,Asia Pacific,Startup,ORD-01359,2026-08-15,2016.11,WH-DETROIT
CUST-JOIN-1359,Freight Account 1359,Asia Pacific,Startup,ORD-08859,2026-09-05,5479.56,WH-NEWYORK
CUST-JOIN-1360,Freight Account 1360,North America,Startup,ORD-01360,2026-08-15,2824.34,WH-CHICAGO
CUST-JOIN-1360,Freight Account 1360,North America,Startup,ORD-08860,2026-09-05,310.3,WH-CHICAGO
CUST-JOIN-1361,Freight Account 1361,North America,Startup,ORD-01361,2026-08-16,2173.72,WH-MIAMI
CUST-JOIN-1361,Freight Account 1361,North America,Startup,ORD-08861,2026-09-05,4756.07,WH-DETROIT
CUST-JOIN-1362,Freight Account 1362,Asia Pacific,SMB,ORD-01362,2026-08-16,2498.43,WH-CHICAGO
CUST-JOIN-1362,Freight Account 1362,Asia Pacific,SMB,ORD-08862,2026-09-05,628.96,WH-NEWYORK
CUST-JOIN-1363,Freight Account 1363,Europe,Startup,ORD-01363,2026-08-16,4263.9,WH-CHICAGO
CUST-JOIN-1363,Freight Account 1363,Europe,Startup,ORD-08863,2026-09-05,6520.76,WH-DETROIT
CUST-JOIN-1364,Freight Account 1364,Europe,Startup,ORD-01364,2026-08-16,2323.95,WH-CHICAGO
CUST-JOIN-1364,Freight Account 1364,Europe,Startup,ORD-08864,2026-09-05,4041.79,WH-DETROIT
CUST-JOIN-1365,Freight Account 1365,Asia Pacific,Startup,ORD-01365,2026-08-16,7530.5,WH-MIAMI
CUST-JOIN-1365,Freight Account 1365,Asia Pacific,Startup,ORD-08865,2026-09-06,2188.54,WH-NEWYORK
CUST-JOIN-1366,Freight Account 1366,North America,Startup,ORD-01366,2026-08-16,3137.41,WH-CHICAGO
CUST-JOIN-1366,Freight Account 1366,North America,Startup,ORD-08866,2026-09-06,5068.09,WH-DETROIT
CUST-JOIN-1367,Freight Account 1367,North America,SMB,ORD-01367,2026-08-16,3779.02,WH-DETROIT
CUST-JOIN-1367,Freight Account 1367,North America,SMB,ORD-08867,2026-09-06,4083.08,WH-CHICAGO
CUST-JOIN-1368,Freight Account 1368,Europe,Startup,ORD-01368,2026-08-16,461.82,WH-DETROIT
CUST-JOIN-1368,Freight Account 1368,Europe,Startup,ORD-08868,2026-09-06,5076.72,WH-MIAMI
CUST-JOIN-1369,Freight Account 1369,North America,Startup,ORD-01369,2026-08-16,5481.56,WH-MIAMI
CUST-JOIN-1369,Freight Account 1369,North America,Startup,ORD-08869,2026-09-06,4844.74,WH-MIAMI
CUST-JOIN-1370,Freight Account 1370,Europe,SMB,ORD-01370,2026-08-16,1571.92,WH-MIAMI
CUST-JOIN-1370,Freight Account 1370,Europe,SMB,ORD-08870,2026-09-06,4256.57,WH-MIAMI
CUST-JOIN-1371,Freight Account 1371,Europe,SMB,ORD-01371,2026-08-16,6944.39,WH-CHICAGO
CUST-JOIN-1371,Freight Account 1371,Europe,SMB,ORD-08871,2026-09-06,5161.88,WH-DETROIT
CUST-JOIN-1372,Freight Account 1372,Asia Pacific,Enterprise,ORD-01372,2026-08-16,4310.53,WH-CHICAGO
CUST-JOIN-1372,Freight Account 1372,Asia Pacific,Enterprise,ORD-08872,2026-09-06,597.55,WH-MIAMI
CUST-JOIN-1373,Freight Account 1373,Europe,Startup,ORD-01373,2026-08-16,1326.74,WH-MIAMI
CUST-JOIN-1373,Freight Account 1373,Europe,Startup,ORD-08873,2026-09-06,5167.54,WH-CHICAGO
CUST-JOIN-1374,Freight Account 1374,North America,Enterprise,ORD-01374,2026-08-16,1620.14,WH-DETROIT
CUST-JOIN-1374,Freight Account 1374,North America,Enterprise,ORD-08874,2026-09-06,4612.7,WH-CHICAGO
CUST-JOIN-1375,Freight Account 1375,Asia Pacific,SMB,ORD-01375,2026-08-16,2780.25,WH-DETROIT
CUST-JOIN-1375,Freight Account 1375,Asia Pacific,SMB,ORD-08875,2026-09-06,411.31,WH-DETROIT
CUST-JOIN-1376,Freight Account 1376,Asia Pacific,Startup,ORD-01376,2026-08-16,7544.6,WH-MIAMI
CUST-JOIN-1376,Freight Account 1376,Asia Pacific,Startup,ORD-08876,2026-09-06,7165.86,WH-CHICAGO
CUST-JOIN-1377,Freight Account 1377,Europe,Startup,ORD-01377,2026-08-16,3833.73,WH-CHICAGO
CUST-JOIN-1377,Freight Account 1377,Europe,Startup,ORD-08877,2026-09-06,1634.34,WH-NEWYORK
CUST-JOIN-1378,Freight Account 1378,Europe,Startup,ORD-01378,2026-08-16,6551.49,WH-NEWYORK
CUST-JOIN-1378,Freight Account 1378,Europe,Startup,ORD-08878,2026-09-06,2906.96,WH-CHICAGO
CUST-JOIN-1379,Freight Account 1379,Europe,SMB,ORD-01379,2026-08-16,4864.11,WH-DETROIT
CUST-JOIN-1379,Freight Account 1379,Europe,SMB,ORD-08879,2026-09-06,377.85,WH-CHICAGO
CUST-JOIN-1380,Freight Account 1380,Asia Pacific,SMB,ORD-01380,2026-08-16,4114.35,WH-NEWYORK
CUST-JOIN-1380,Freight Account 1380,Asia Pacific,SMB,ORD-08880,2026-09-06,3029.37,WH-DETROIT
CUST-JOIN-1381,Freight Account 1381,Asia Pacific,SMB,ORD-01381,2026-08-16,2845.49,WH-CHICAGO
CUST-JOIN-1381,Freight Account 1381,Asia Pacific,SMB,ORD-08881,2026-09-06,4421.23,WH-DETROIT
CUST-JOIN-1382,Freight Account 1382,Asia Pacific,SMB,ORD-01382,2026-08-16,5536.76,WH-NEWYORK
CUST-JOIN-1382,Freight Account 1382,Asia Pacific,SMB,ORD-08882,2026-09-06,7224.45,WH-MIAMI
CUST-JOIN-1383,Freight Account 1383,Europe,Startup,ORD-01383,2026-08-16,2518.13,WH-MIAMI
CUST-JOIN-1383,Freight Account 1383,Europe,Startup,ORD-08883,2026-09-06,4901.32,WH-CHICAGO
CUST-JOIN-1384,Freight Account 1384,North America,Startup,ORD-01384,2026-08-16,7560.54,WH-DETROIT
CUST-JOIN-1384,Freight Account 1384,North America,Startup,ORD-08884,2026-09-06,2171.7,WH-NEWYORK
CUST-JOIN-1385,Freight Account 1385,North America,SMB,ORD-01385,2026-08-17,1639.63,WH-DETROIT
CUST-JOIN-1385,Freight Account 1385,North America,SMB,ORD-08885,2026-09-06,1189.1,WH-MIAMI
CUST-JOIN-1386,Freight Account 1386,Asia Pacific,SMB,ORD-01386,2026-08-17,1192.67,WH-DETROIT
CUST-JOIN-1386,Freight Account 1386,Asia Pacific,SMB,ORD-08886,2026-09-06,3938.94,WH-NEWYORK
CUST-JOIN-1387,Freight Account 1387,North America,SMB,ORD-01387,2026-08-17,3803.5,WH-DETROIT
CUST-JOIN-1387,Freight Account 1387,North America,SMB,ORD-08887,2026-09-06,1740.29,WH-DETROIT
CUST-JOIN-1388,Freight Account 1388,Asia Pacific,Enterprise,ORD-01388,2026-08-17,1694.68,WH-DETROIT
CUST-JOIN-1388,Freight Account 1388,Asia Pacific,Enterprise,ORD-08888,2026-09-06,6347.75,WH-MIAMI
CUST-JOIN-1389,Freight Account 1389,North America,Startup,ORD-01389,2026-08-17,5870.39,WH-MIAMI
CUST-JOIN-1389,Freight Account 1389,North America,Startup,ORD-08889,2026-09-07,1473.58,WH-CHICAGO
CUST-JOIN-1390,Freight Account 1390,Europe,Startup,ORD-01390,2026-08-17,3680.74,WH-DETROIT
CUST-JOIN-1390,Freight Account 1390,Europe,Startup,ORD-08890,2026-09-07,2411.65,WH-CHICAGO
CUST-JOIN-1391,Freight Account 1391,Asia Pacific,SMB,ORD-01391,2026-08-17,5998.9,WH-MIAMI
CUST-JOIN-1391,Freight Account 1391,Asia Pacific,SMB,ORD-08891,2026-09-07,6292.59,WH-CHICAGO
CUST-JOIN-1392,Freight Account 1392,Asia Pacific,Enterprise,ORD-01392,2026-08-17,2322.84,WH-DETROIT
CUST-JOIN-1392,Freight Account 1392,Asia Pacific,Enterprise,ORD-08892,2026-09-07,793.46,WH-DETROIT
CUST-JOIN-1393,Freight Account 1393,Europe,Startup,ORD-01393,2026-08-17,5450.25,WH-MIAMI
CUST-JOIN-1393,Freight Account 1393,Europe,Startup,ORD-08893,2026-09-07,7220.06,WH-NEWYORK
CUST-JOIN-1394,Freight Account 1394,North America,Startup,ORD-01394,2026-08-17,2675.94,WH-CHICAGO
CUST-JOIN-1394,Freight Account 1394,North America,Startup,ORD-08894,2026-09-07,4818.66,WH-DETROIT
CUST-JOIN-1395,Freight Account 1395,North America,SMB,ORD-01395,2026-08-17,6150.66,WH-CHICAGO
CUST-JOIN-1395,Freight Account 1395,North America,SMB,ORD-08895,2026-09-07,2791.88,WH-MIAMI
CUST-JOIN-1396,Freight Account 1396,North America,Startup,ORD-01396,2026-08-17,7429.48,WH-DETROIT
CUST-JOIN-1396,Freight Account 1396,North America,Startup,ORD-08896,2026-09-07,979.31,WH-NEWYORK
CUST-JOIN-1397,Freight Account 1397,Asia Pacific,SMB,ORD-01397,2026-08-17,1621.99,WH-NEWYORK
CUST-JOIN-1397,Freight Account 1397,Asia Pacific,SMB,ORD-08897,2026-09-07,1143.59,WH-NEWYORK
CUST-JOIN-1398,Freight Account 1398,North America,Startup,ORD-01398,2026-08-17,1358.76,WH-NEWYORK
CUST-JOIN-1398,Freight Account 1398,North America,Startup,ORD-08898,2026-09-07,4116.88,WH-DETROIT
CUST-JOIN-1399,Freight Account 1399,North America,Startup,ORD-01399,2026-08-17,1081.32,WH-CHICAGO
CUST-JOIN-1399,Freight Account 1399,North America,Startup,ORD-08899,2026-09-07,5287.14,WH-MIAMI
CUST-JOIN-1400,Freight Account 1400,Europe,SMB,ORD-01400,2026-08-17,612.51,WH-NEWYORK
CUST-JOIN-1400,Freight Account 1400,Europe,SMB,ORD-08900,2026-09-07,5152.04,WH-MIAMI
CUST-JOIN-1401,Freight Account 1401,Europe,SMB,ORD-01401,2026-08-17,7999.89,WH-DETROIT
CUST-JOIN-1401,Freight Account 1401,Europe,SMB,ORD-08901,2026-09-07,454.49,WH-DETROIT
CUST-JOIN-1402,Freight Account 1402,Asia Pacific,SMB,ORD-01402,2026-08-17,2546.79,WH-NEWYORK
CUST-JOIN-1402,Freight Account 1402,Asia Pacific,SMB,ORD-08902,2026-09-07,7803.81,WH-MIAMI
CUST-JOIN-1403,Freight Account 1403,North America,Startup,ORD-01403,2026-08-17,6732.38,WH-NEWYORK
CUST-JOIN-1403,Freight Account 1403,North America,Startup,ORD-08903,2026-09-07,4493.32,WH-NEWYORK
CUST-JOIN-1404,Freight Account 1404,Asia Pacific,Enterprise,ORD-01404,2026-08-17,6121.22,WH-CHICAGO
CUST-JOIN-1404,Freight Account 1404,Asia Pacific,Enterprise,ORD-08904,2026-09-07,3372.43,WH-MIAMI
CUST-JOIN-1405,Freight Account 1405,Asia Pacific,Startup,ORD-01405,2026-08-17,2745.11,WH-DETROIT
CUST-JOIN-1405,Freight Account 1405,Asia Pacific,Startup,ORD-08905,2026-09-07,3494.95,WH-CHICAGO
CUST-JOIN-1406,Freight Account 1406,Asia Pacific,Startup,ORD-01406,2026-08-17,4919.63,WH-MIAMI
CUST-JOIN-1406,Freight Account 1406,Asia Pacific,Startup,ORD-08906,2026-09-07,5619.45,WH-NEWYORK
CUST-JOIN-1407,Freight Account 1407,Asia Pacific,SMB,ORD-01407,2026-08-17,1450.01,WH-NEWYORK
CUST-JOIN-1407,Freight Account 1407,Asia Pacific,SMB,ORD-08907,2026-09-07,1800.49,WH-DETROIT
CUST-JOIN-1408,Freight Account 1408,North America,SMB,ORD-01408,2026-08-17,7112.17,WH-DETROIT
CUST-JOIN-1408,Freight Account 1408,North America,SMB,ORD-08908,2026-09-07,4661.81,WH-DETROIT
CUST-JOIN-1409,Freight Account 1409,Asia Pacific,Startup,ORD-01409,2026-08-18,1829.5,WH-CHICAGO
CUST-JOIN-1409,Freight Account 1409,Asia Pacific,Startup,ORD-08909,2026-09-07,5096.03,WH-CHICAGO
CUST-JOIN-1410,Freight Account 1410,Asia Pacific,Startup,ORD-01410,2026-08-18,2983.77,WH-CHICAGO
CUST-JOIN-1410,Freight Account 1410,Asia Pacific,Startup,ORD-08910,2026-09-07,3975.23,WH-DETROIT
CUST-JOIN-1411,Freight Account 1411,Asia Pacific,Startup,ORD-01411,2026-08-18,3336.12,WH-DETROIT
CUST-JOIN-1411,Freight Account 1411,Asia Pacific,Startup,ORD-08911,2026-09-07,7128.14,WH-NEWYORK
CUST-JOIN-1412,Freight Account 1412,Asia Pacific,SMB,ORD-01412,2026-08-18,6692.25,WH-MIAMI
CUST-JOIN-1412,Freight Account 1412,Asia Pacific,SMB,ORD-08912,2026-09-07,2763.51,WH-CHICAGO
CUST-JOIN-1413,Freight Account 1413,Europe,SMB,ORD-01413,2026-08-18,7077.08,WH-MIAMI
CUST-JOIN-1413,Freight Account 1413,Europe,SMB,ORD-08913,2026-09-08,404.79,WH-MIAMI
CUST-JOIN-1414,Freight Account 1414,Asia Pacific,Startup,ORD-01414,2026-08-18,4289.6,WH-CHICAGO
CUST-JOIN-1414,Freight Account 1414,Asia Pacific,Startup,ORD-08914,2026-09-08,1935.88,WH-CHICAGO
CUST-JOIN-1415,Freight Account 1415,Europe,Enterprise,ORD-01415,2026-08-18,1092.23,WH-DETROIT
CUST-JOIN-1415,Freight Account 1415,Europe,Enterprise,ORD-08915,2026-09-08,6515.37,WH-DETROIT
CUST-JOIN-1416,Freight Account 1416,North America,SMB,ORD-01416,2026-08-18,4734.42,WH-CHICAGO
CUST-JOIN-1416,Freight Account 1416,North America,SMB,ORD-08916,2026-09-08,703.99,WH-CHICAGO
CUST-JOIN-1417,Freight Account 1417,Europe,Startup,ORD-01417,2026-08-18,2109.02,WH-CHICAGO
CUST-JOIN-1417,Freight Account 1417,Europe,Startup,ORD-08917,2026-09-08,3722.46,WH-MIAMI
CUST-JOIN-1418,Freight Account 1418,Asia Pacific,Startup,ORD-01418,2026-08-18,1464.37,WH-CHICAGO
CUST-JOIN-1418,Freight Account 1418,Asia Pacific,Startup,ORD-08918,2026-09-08,3538.94,WH-DETROIT
CUST-JOIN-1419,Freight Account 1419,North America,SMB,ORD-01419,2026-08-18,3347.45,WH-NEWYORK
CUST-JOIN-1419,Freight Account 1419,North America,SMB,ORD-08919,2026-09-08,3537.44,WH-MIAMI
CUST-JOIN-1420,Freight Account 1420,Europe,Startup,ORD-01420,2026-08-18,727.04,WH-DETROIT
CUST-JOIN-1420,Freight Account 1420,Europe,Startup,ORD-08920,2026-09-08,4302.99,WH-MIAMI
CUST-JOIN-1421,Freight Account 1421,Europe,Enterprise,ORD-01421,2026-08-18,6257.53,WH-CHICAGO
CUST-JOIN-1421,Freight Account 1421,Europe,Enterprise,ORD-08921,2026-09-08,654.83,WH-NEWYORK
CUST-JOIN-1422,Freight Account 1422,Asia Pacific,Startup,ORD-01422,2026-08-18,4264.19,WH-DETROIT
CUST-JOIN-1422,Freight Account 1422,Asia Pacific,Startup,ORD-08922,2026-09-08,3842.17,WH-MIAMI
CUST-JOIN-1423,Freight Account 1423,North America,Startup,ORD-01423,2026-08-18,2424.55,WH-MIAMI
CUST-JOIN-1423,Freight Account 1423,North America,Startup,ORD-08923,2026-09-08,2434.78,WH-DETROIT
CUST-JOIN-1424,Freight Account 1424,Europe,SMB,ORD-01424,2026-08-18,1063.62,WH-DETROIT
CUST-JOIN-1424,Freight Account 1424,Europe,SMB,ORD-08924,2026-09-08,5029.24,WH-CHICAGO
CUST-JOIN-1425,Freight Account 1425,Europe,Startup,ORD-01425,2026-08-18,1322.0,WH-NEWYORK
CUST-JOIN-1425,Freight Account 1425,Europe,Startup,ORD-08925,2026-09-08,299.24,WH-DETROIT
CUST-JOIN-1426,Freight Account 1426,North America,SMB,ORD-01426,2026-08-18,6592.6,WH-CHICAGO
CUST-JOIN-1426,Freight Account 1426,North America,SMB,ORD-08926,2026-09-08,4355.53,WH-MIAMI
CUST-JOIN-1427,Freight Account 1427,Europe,SMB,ORD-01427,2026-08-18,7256.36,WH-NEWYORK
CUST-JOIN-1427,Freight Account 1427,Europe,SMB,ORD-08927,2026-09-08,5343.6,WH-DETROIT
CUST-JOIN-1428,Freight Account 1428,Asia Pacific,SMB,ORD-01428,2026-08-18,5553.69,WH-DETROIT
CUST-JOIN-1428,Freight Account 1428,Asia Pacific,SMB,ORD-08928,2026-09-08,316.91,WH-CHICAGO
CUST-JOIN-1429,Freight Account 1429,Europe,SMB,ORD-01429,2026-08-18,7132.4,WH-CHICAGO
CUST-JOIN-1429,Freight Account 1429,Europe,SMB,ORD-08929,2026-09-08,2939.3,WH-MIAMI
CUST-JOIN-1430,Freight Account 1430,North America,Startup,ORD-01430,2026-08-18,480.09,WH-CHICAGO
CUST-JOIN-1430,Freight Account 1430,North America,Startup,ORD-08930,2026-09-08,646.61,WH-CHICAGO
CUST-JOIN-1431,Freight Account 1431,Asia Pacific,Startup,ORD-01431,2026-08-18,7315.92,WH-DETROIT
CUST-JOIN-1431,Freight Account 1431,Asia Pacific,Startup,ORD-08931,2026-09-08,817.62,WH-CHICAGO
CUST-JOIN-1432,Freight Account 1432,North America,SMB,ORD-01432,2026-08-18,7806.76,WH-MIAMI
CUST-JOIN-1432,Freight Account 1432,North America,SMB,ORD-08932,2026-09-08,438.72,WH-NEWYORK
CUST-JOIN-1433,Freight Account 1433,Europe,Startup,ORD-01433,2026-08-19,7620.18,WH-CHICAGO
CUST-JOIN-1433,Freight Account 1433,Europe,Startup,ORD-08933,2026-09-08,5240.93,WH-MIAMI
CUST-JOIN-1434,Freight Account 1434,North America,Enterprise,ORD-01434,2026-08-19,6801.03,WH-NEWYORK
CUST-JOIN-1434,Freight Account 1434,North America,Enterprise,ORD-08934,2026-09-08,573.86,WH-CHICAGO
CUST-JOIN-1435,Freight Account 1435,Asia Pacific,Startup,ORD-01435,2026-08-19,2853.06,WH-NEWYORK
CUST-JOIN-1435,Freight Account 1435,Asia Pacific,Startup,ORD-08935,2026-09-08,5712.61,WH-CHICAGO
CUST-JOIN-1436,Freight Account 1436,North America,Startup,ORD-01436,2026-08-19,2252.61,WH-NEWYORK
CUST-JOIN-1436,Freight Account 1436,North America,Startup,ORD-08936,2026-09-08,1119.05,WH-MIAMI
CUST-JOIN-1437,Freight Account 1437,Europe,Startup,ORD-01437,2026-08-19,3233.21,WH-DETROIT
CUST-JOIN-1437,Freight Account 1437,Europe,Startup,ORD-08937,2026-09-09,2613.44,WH-CHICAGO
CUST-JOIN-1438,Freight Account 1438,Europe,Startup,ORD-01438,2026-08-19,1822.82,WH-NEWYORK
CUST-JOIN-1438,Freight Account 1438,Europe,Startup,ORD-08938,2026-09-09,1895.15,WH-CHICAGO
CUST-JOIN-1439,Freight Account 1439,Europe,Enterprise,ORD-01439,2026-08-19,2554.52,WH-NEWYORK
CUST-JOIN-1439,Freight Account 1439,Europe,Enterprise,ORD-08939,2026-09-09,964.06,WH-CHICAGO
CUST-JOIN-1440,Freight Account 1440,Europe,Startup,ORD-01440,2026-08-19,6714.99,WH-CHICAGO
CUST-JOIN-1440,Freight Account 1440,Europe,Startup,ORD-08940,2026-09-09,4340.64,WH-CHICAGO
CUST-JOIN-1441,Freight Account 1441,North America,Startup,ORD-01441,2026-08-19,6568.38,WH-CHICAGO
CUST-JOIN-1441,Freight Account 1441,North America,Startup,ORD-08941,2026-09-09,2056.94,WH-MIAMI
CUST-JOIN-1442,Freight Account 1442,Asia Pacific,Startup,ORD-01442,2026-08-19,273.17,WH-NEWYORK
CUST-JOIN-1442,Freight Account 1442,Asia Pacific,Startup,ORD-08942,2026-09-09,2844.66,WH-DETROIT
CUST-JOIN-1443,Freight Account 1443,Europe,Startup,ORD-01443,2026-08-19,878.98,WH-MIAMI
CUST-JOIN-1443,Freight Account 1443,Europe,Startup,ORD-08943,2026-09-09,4308.49,WH-NEWYORK
CUST-JOIN-1444,Freight Account 1444,Asia Pacific,SMB,ORD-01444,2026-08-19,1402.53,WH-CHICAGO
CUST-JOIN-1444,Freight Account 1444,Asia Pacific,SMB,ORD-08944,2026-09-09,3713.54,WH-MIAMI
CUST-JOIN-1445,Freight Account 1445,Asia Pacific,SMB,ORD-01445,2026-08-19,1060.99,WH-MIAMI
CUST-JOIN-1445,Freight Account 1445,Asia Pacific,SMB,ORD-08945,2026-09-09,7947.42,WH-CHICAGO
CUST-JOIN-1446,Freight Account 1446,Asia Pacific,Startup,ORD-01446,2026-08-19,1390.02,WH-DETROIT
CUST-JOIN-1446,Freight Account 1446,Asia Pacific,Startup,ORD-08946,2026-09-09,921.28,WH-CHICAGO
CUST-JOIN-1447,Freight Account 1447,Asia Pacific,SMB,ORD-01447,2026-08-19,1355.12,WH-MIAMI
CUST-JOIN-1447,Freight Account 1447,Asia Pacific,SMB,ORD-08947,2026-09-09,4069.51,WH-MIAMI
CUST-JOIN-1448,Freight Account 1448,North America,Startup,ORD-01448,2026-08-19,7762.21,WH-MIAMI
CUST-JOIN-1448,Freight Account 1448,North America,Startup,ORD-08948,2026-09-09,7764.26,WH-MIAMI
CUST-JOIN-1449,Freight Account 1449,Asia Pacific,SMB,ORD-01449,2026-08-19,4158.33,WH-CHICAGO
CUST-JOIN-1449,Freight Account 1449,Asia Pacific,SMB,ORD-08949,2026-09-09,2975.66,WH-NEWYORK
CUST-JOIN-1450,Freight Account 1450,Europe,Startup,ORD-01450,2026-08-19,4499.45,WH-DETROIT
CUST-JOIN-1450,Freight Account 1450,Europe,Startup,ORD-08950,2026-09-09,7789.86,WH-DETROIT
CUST-JOIN-1451,Freight Account 1451,North America,Startup,ORD-01451,2026-08-19,4430.3,WH-MIAMI
CUST-JOIN-1451,Freight Account 1451,North America,Startup,ORD-08951,2026-09-09,5394.25,WH-MIAMI
CUST-JOIN-1452,Freight Account 1452,Europe,Startup,ORD-01452,2026-08-19,7390.69,WH-CHICAGO
CUST-JOIN-1452,Freight Account 1452,Europe,Startup,ORD-08952,2026-09-09,6110.04,WH-DETROIT
CUST-JOIN-1453,Freight Account 1453,North America,Startup,ORD-01453,2026-08-19,1950.46,WH-MIAMI
CUST-JOIN-1453,Freight Account 1453,North America,Startup,ORD-08953,2026-09-09,7734.09,WH-CHICAGO
CUST-JOIN-1454,Freight Account 1454,Europe,Enterprise,ORD-01454,2026-08-19,5451.08,WH-DETROIT
CUST-JOIN-1454,Freight Account 1454,Europe,Enterprise,ORD-08954,2026-09-09,6236.78,WH-DETROIT
CUST-JOIN-1455,Freight Account 1455,Europe,Enterprise,ORD-01455,2026-08-19,3929.78,WH-DETROIT
CUST-JOIN-1455,Freight Account 1455,Europe,Enterprise,ORD-08955,2026-09-09,4739.41,WH-CHICAGO
CUST-JOIN-1456,Freight Account 1456,North America,Startup,ORD-01456,2026-08-19,2553.39,WH-CHICAGO
CUST-JOIN-1456,Freight Account 1456,North America,Startup,ORD-08956,2026-09-09,6048.56,WH-DETROIT
CUST-JOIN-1457,Freight Account 1457,North America,Startup,ORD-01457,2026-08-20,2910.7,WH-CHICAGO
CUST-JOIN-1457,Freight Account 1457,North America,Startup,ORD-08957,2026-09-09,5419.69,WH-NEWYORK
CUST-JOIN-1458,Freight Account 1458,Asia Pacific,Enterprise,ORD-01458,2026-08-20,992.94,WH-DETROIT
CUST-JOIN-1458,Freight Account 1458,Asia Pacific,Enterprise,ORD-08958,2026-09-09,799.14,WH-DETROIT
CUST-JOIN-1459,Freight Account 1459,North America,Startup,ORD-01459,2026-08-20,7206.51,WH-NEWYORK
CUST-JOIN-1459,Freight Account 1459,North America,Startup,ORD-08959,2026-09-09,7293.51,WH-CHICAGO
CUST-JOIN-1460,Freight Account 1460,Europe,Startup,ORD-01460,2026-08-20,7666.18,WH-MIAMI
CUST-JOIN-1460,Freight Account 1460,Europe,Startup,ORD-08960,2026-09-09,317.26,WH-CHICAGO
CUST-JOIN-1461,Freight Account 1461,North America,SMB,ORD-01461,2026-08-20,3028.73,WH-MIAMI
CUST-JOIN-1461,Freight Account 1461,North America,SMB,ORD-08961,2026-09-10,5212.8,WH-NEWYORK
CUST-JOIN-1462,Freight Account 1462,Europe,Startup,ORD-01462,2026-08-20,6562.53,WH-CHICAGO
CUST-JOIN-1462,Freight Account 1462,Europe,Startup,ORD-08962,2026-09-10,4487.65,WH-NEWYORK
CUST-JOIN-1463,Freight Account 1463,Asia Pacific,SMB,ORD-01463,2026-08-20,4476.88,WH-MIAMI
CUST-JOIN-1463,Freight Account 1463,Asia Pacific,SMB,ORD-08963,2026-09-10,4411.65,WH-MIAMI
CUST-JOIN-1464,Freight Account 1464,Asia Pacific,SMB,ORD-01464,2026-08-20,2597.38,WH-DETROIT
CUST-JOIN-1464,Freight Account 1464,Asia Pacific,SMB,ORD-08964,2026-09-10,4022.53,WH-MIAMI
CUST-JOIN-1465,Freight Account 1465,North America,Startup,ORD-01465,2026-08-20,3714.67,WH-DETROIT
CUST-JOIN-1465,Freight Account 1465,North America,Startup,ORD-08965,2026-09-10,2598.73,WH-DETROIT
CUST-JOIN-1466,Freight Account 1466,North America,Startup,ORD-01466,2026-08-20,2800.42,WH-CHICAGO
CUST-JOIN-1466,Freight Account 1466,North America,Startup,ORD-08966,2026-09-10,5980.49,WH-NEWYORK
CUST-JOIN-1467,Freight Account 1467,Europe,Enterprise,ORD-01467,2026-08-20,7778.26,WH-DETROIT
CUST-JOIN-1467,Freight Account 1467,Europe,Enterprise,ORD-08967,2026-09-10,2153.15,WH-NEWYORK
CUST-JOIN-1468,Freight Account 1468,Europe,Startup,ORD-01468,2026-08-20,3688.84,WH-MIAMI
CUST-JOIN-1468,Freight Account 1468,Europe,Startup,ORD-08968,2026-09-10,4780.18,WH-DETROIT
CUST-JOIN-1469,Freight Account 1469,Asia Pacific,SMB,ORD-01469,2026-08-20,1424.58,WH-CHICAGO
CUST-JOIN-1469,Freight Account 1469,Asia Pacific,SMB,ORD-08969,2026-09-10,1293.04,WH-DETROIT
CUST-JOIN-1470,Freight Account 1470,Asia Pacific,SMB,ORD-01470,2026-08-20,2679.65,WH-NEWYORK
CUST-JOIN-1470,Freight Account 1470,Asia Pacific,SMB,ORD-08970,2026-09-10,2639.62,WH-NEWYORK
CUST-JOIN-1471,Freight Account 1471,North America,Enterprise,ORD-01471,2026-08-20,5338.09,WH-DETROIT
CUST-JOIN-1471,Freight Account 1471,North America,Enterprise,ORD-08971,2026-09-10,7600.38,WH-CHICAGO
CUST-JOIN-1472,Freight Account 1472,Asia Pacific,Startup,ORD-01472,2026-08-20,6105.48,WH-NEWYORK
CUST-JOIN-1472,Freight Account 1472,Asia Pacific,Startup,ORD-08972,2026-09-10,6404.01,WH-NEWYORK
CUST-JOIN-1473,Freight Account 1473,North America,Startup,ORD-01473,2026-08-20,6176.47,WH-CHICAGO
CUST-JOIN-1473,Freight Account 1473,North America,Startup,ORD-08973,2026-09-10,2276.01,WH-MIAMI
CUST-JOIN-1474,Freight Account 1474,Europe,Startup,ORD-01474,2026-08-20,4495.88,WH-CHICAGO
CUST-JOIN-1474,Freight Account 1474,Europe,Startup,ORD-08974,2026-09-10,4890.63,WH-NEWYORK
CUST-JOIN-1475,Freight Account 1475,Europe,Startup,ORD-01475,2026-08-20,6326.83,WH-DETROIT
CUST-JOIN-1475,Freight Account 1475,Europe,Startup,ORD-08975,2026-09-10,4618.41,WH-CHICAGO
CUST-JOIN-1476,Freight Account 1476,North America,Startup,ORD-01476,2026-08-20,6724.4,WH-CHICAGO
CUST-JOIN-1476,Freight Account 1476,North America,Startup,ORD-08976,2026-09-10,718.57,WH-NEWYORK
CUST-JOIN-1477,Freight Account 1477,North America,SMB,ORD-01477,2026-08-20,1954.74,WH-NEWYORK
CUST-JOIN-1477,Freight Account 1477,North America,SMB,ORD-08977,2026-09-10,6010.21,WH-NEWYORK
CUST-JOIN-1478,Freight Account 1478,North America,Startup,ORD-01478,2026-08-20,3088.02,WH-DETROIT
CUST-JOIN-1478,Freight Account 1478,North America,Startup,ORD-08978,2026-09-10,3221.73,WH-DETROIT
CUST-JOIN-1479,Freight Account 1479,Europe,Startup,ORD-01479,2026-08-20,6106.93,WH-CHICAGO
CUST-JOIN-1479,Freight Account 1479,Europe,Startup,ORD-08979,2026-09-10,397.21,WH-NEWYORK
CUST-JOIN-1480,Freight Account 1480,Europe,Startup,ORD-01480,2026-08-20,328.16,WH-CHICAGO
CUST-JOIN-1480,Freight Account 1480,Europe,Startup,ORD-08980,2026-09-10,4259.78,WH-CHICAGO
CUST-JOIN-1481,Freight Account 1481,North America,Startup,ORD-01481,2026-08-21,5968.21,WH-DETROIT
CUST-JOIN-1481,Freight Account 1481,North America,Startup,ORD-08981,2026-09-10,7550.92,WH-MIAMI
CUST-JOIN-1482,Freight Account 1482,Asia Pacific,SMB,ORD-01482,2026-08-21,6785.96,WH-NEWYORK
CUST-JOIN-1482,Freight Account 1482,Asia Pacific,SMB,ORD-08982,2026-09-10,916.42,WH-DETROIT
CUST-JOIN-1483,Freight Account 1483,Europe,Startup,ORD-01483,2026-08-21,5977.28,WH-DETROIT
CUST-JOIN-1483,Freight Account 1483,Europe,Startup,ORD-08983,2026-09-10,4441.49,WH-NEWYORK
CUST-JOIN-1484,Freight Account 1484,Europe,SMB,ORD-01484,2026-08-21,4841.82,WH-NEWYORK
CUST-JOIN-1484,Freight Account 1484,Europe,SMB,ORD-08984,2026-09-10,3451.46,WH-CHICAGO
CUST-JOIN-1485,Freight Account 1485,North America,SMB,ORD-01485,2026-08-21,2095.42,WH-NEWYORK
CUST-JOIN-1485,Freight Account 1485,North America,SMB,ORD-08985,2026-09-11,7629.28,WH-DETROIT
CUST-JOIN-1486,Freight Account 1486,Europe,SMB,ORD-01486,2026-08-21,4331.45,WH-DETROIT
CUST-JOIN-1486,Freight Account 1486,Europe,SMB,ORD-08986,2026-09-11,2740.61,WH-NEWYORK
CUST-JOIN-1487,Freight Account 1487,Europe,Startup,ORD-01487,2026-08-21,4283.6,WH-DETROIT
CUST-JOIN-1487,Freight Account 1487,Europe,Startup,ORD-08987,2026-09-11,7457.05,WH-NEWYORK
CUST-JOIN-1488,Freight Account 1488,North America,SMB,ORD-01488,2026-08-21,2560.88,WH-CHICAGO
CUST-JOIN-1488,Freight Account 1488,North America,SMB,ORD-08988,2026-09-11,4112.68,WH-NEWYORK
CUST-JOIN-1489,Freight Account 1489,Asia Pacific,SMB,ORD-01489,2026-08-21,1915.11,WH-NEWYORK
CUST-JOIN-1489,Freight Account 1489,Asia Pacific,SMB,ORD-08989,2026-09-11,3995.33,WH-NEWYORK
CUST-JOIN-1490,Freight Account 1490,Asia Pacific,Startup,ORD-01490,2026-08-21,3465.79,WH-NEWYORK
CUST-JOIN-1490,Freight Account 1490,Asia Pacific,Startup,ORD-08990,2026-09-11,5513.28,WH-MIAMI
CUST-JOIN-1491,Freight Account 1491,Asia Pacific,SMB,ORD-01491,2026-08-21,7114.13,WH-DETROIT
CUST-JOIN-1491,Freight Account 1491,Asia Pacific,SMB,ORD-08991,2026-09-11,5424.85,WH-MIAMI
CUST-JOIN-1492,Freight Account 1492,Europe,SMB,ORD-01492,2026-08-21,2433.75,WH-CHICAGO
CUST-JOIN-1492,Freight Account 1492,Europe,SMB,ORD-08992,2026-09-11,1053.87,WH-CHICAGO
CUST-JOIN-1493,Freight Account 1493,Asia Pacific,Startup,ORD-01493,2026-08-21,4713.18,WH-MIAMI
CUST-JOIN-1493,Freight Account 1493,Asia Pacific,Startup,ORD-08993,2026-09-11,5652.89,WH-CHICAGO
CUST-JOIN-1494,Freight Account 1494,North America,Startup,ORD-01494,2026-08-21,3020.23,WH-NEWYORK
CUST-JOIN-1494,Freight Account 1494,North America,Startup,ORD-08994,2026-09-11,1130.27,WH-CHICAGO
CUST-JOIN-1495,Freight Account 1495,North America,Startup,ORD-01495,2026-08-21,5316.17,WH-MIAMI
CUST-JOIN-1495,Freight Account 1495,North America,Startup,ORD-08995,2026-09-11,2943.84,WH-NEWYORK
CUST-JOIN-1496,Freight Account 1496,North America,Startup,ORD-01496,2026-08-21,4775.28,WH-DETROIT
CUST-JOIN-1496,Freight Account 1496,North America,Startup,ORD-08996,2026-09-11,1120.9,WH-CHICAGO
CUST-JOIN-1497,Freight Account 1497,Europe,Startup,ORD-01497,2026-08-21,2766.64,WH-NEWYORK
CUST-JOIN-1497,Freight Account 1497,Europe,Startup,ORD-08997,2026-09-11,7438.58,WH-NEWYORK
CUST-JOIN-1498,Freight Account 1498,Europe,Startup,ORD-01498,2026-08-21,7995.44,WH-DETROIT
CUST-JOIN-1498,Freight Account 1498,Europe,Startup,ORD-08998,2026-09-11,395.54,WH-NEWYORK
CUST-JOIN-1499,Freight Account 1499,Asia Pacific,SMB,ORD-01499,2026-08-21,6571.11,WH-MIAMI
CUST-JOIN-1499,Freight Account 1499,Asia Pacific,SMB,ORD-08999,2026-09-11,4181.89,WH-DETROIT
CUST-JOIN-1500,Freight Account 1500,North America,Startup,ORD-01500,2026-08-21,4157.62,WH-MIAMI
CUST-JOIN-1500,Freight Account 1500,North America,Startup,ORD-09000,2026-09-11,3991.9,WH-MIAMI
CUST-JOIN-1501,Freight Account 1501,Europe,Startup,ORD-01501,2026-08-21,4097.36,WH-CHICAGO
CUST-JOIN-1501,Freight Account 1501,Europe,Startup,ORD-09001,2026-08-01,5710.07,WH-NEWYORK
CUST-JOIN-1502,Freight Account 1502,Europe,Startup,ORD-01502,2026-08-21,5590.87,WH-CHICAGO
CUST-JOIN-1502,Freight Account 1502,Europe,Startup,ORD-09002,2026-08-01,5125.23,WH-DETROIT
CUST-JOIN-1503,Freight Account 1503,Europe,SMB,ORD-01503,2026-08-21,698.28,WH-MIAMI
CUST-JOIN-1503,Freight Account 1503,Europe,SMB,ORD-09003,2026-08-01,5614.86,WH-MIAMI
CUST-JOIN-1504,Freight Account 1504,North America,Startup,ORD-01504,2026-08-21,5630.62,WH-MIAMI
CUST-JOIN-1504,Freight Account 1504,North America,Startup,ORD-09004,2026-08-01,7019.85,WH-DETROIT
CUST-JOIN-1505,Freight Account 1505,North America,SMB,ORD-01505,2026-08-22,1802.88,WH-NEWYORK
CUST-JOIN-1505,Freight Account 1505,North America,SMB,ORD-09005,2026-08-01,6394.82,WH-CHICAGO
CUST-JOIN-1506,Freight Account 1506,Asia Pacific,Enterprise,ORD-01506,2026-08-22,3904.67,WH-MIAMI
CUST-JOIN-1506,Freight Account 1506,Asia Pacific,Enterprise,ORD-09006,2026-08-01,7364.35,WH-CHICAGO
CUST-JOIN-1507,Freight Account 1507,Asia Pacific,Startup,ORD-01507,2026-08-22,3900.23,WH-MIAMI
CUST-JOIN-1507,Freight Account 1507,Asia Pacific,Startup,ORD-09007,2026-08-01,7027.86,WH-CHICAGO
CUST-JOIN-1508,Freight Account 1508,North America,Startup,ORD-01508,2026-08-22,4008.8,WH-DETROIT
CUST-JOIN-1508,Freight Account 1508,North America,Startup,ORD-09008,2026-08-01,6610.26,WH-MIAMI
CUST-JOIN-1509,Freight Account 1509,Asia Pacific,Startup,ORD-01509,2026-08-22,6183.86,WH-DETROIT
CUST-JOIN-1509,Freight Account 1509,Asia Pacific,Startup,ORD-09009,2026-08-01,2956.96,WH-CHICAGO
CUST-JOIN-1510,Freight Account 1510,Europe,SMB,ORD-01510,2026-08-22,1923.25,WH-DETROIT
CUST-JOIN-1510,Freight Account 1510,Europe,SMB,ORD-09010,2026-08-01,2306.7,WH-CHICAGO
CUST-JOIN-1511,Freight Account 1511,Asia Pacific,Startup,ORD-01511,2026-08-22,3651.75,WH-MIAMI
CUST-JOIN-1511,Freight Account 1511,Asia Pacific,Startup,ORD-09011,2026-08-01,964.0,WH-NEWYORK
CUST-JOIN-1512,Freight Account 1512,North America,SMB,ORD-01512,2026-08-22,7480.68,WH-NEWYORK
CUST-JOIN-1512,Freight Account 1512,North America,SMB,ORD-09012,2026-08-01,224.44,WH-MIAMI
CUST-JOIN-1513,Freight Account 1513,Asia Pacific,Startup,ORD-01513,2026-08-22,1789.49,WH-CHICAGO
CUST-JOIN-1513,Freight Account 1513,Asia Pacific,Startup,ORD-09013,2026-08-01,7141.9,WH-DETROIT
CUST-JOIN-1514,Freight Account 1514,Europe,Startup,ORD-01514,2026-08-22,4408.31,WH-MIAMI
CUST-JOIN-1514,Freight Account 1514,Europe,Startup,ORD-09014,2026-08-01,722.73,WH-DETROIT
CUST-JOIN-1515,Freight Account 1515,Europe,Startup,ORD-01515,2026-08-22,1426.12,WH-CHICAGO
CUST-JOIN-1515,Freight Account 1515,Europe,Startup,ORD-09015,2026-08-01,5565.17,WH-MIAMI
CUST-JOIN-1516,Freight Account 1516,Asia Pacific,Startup,ORD-01516,2026-08-22,7085.87,WH-MIAMI
CUST-JOIN-1516,Freight Account 1516,Asia Pacific,Startup,ORD-09016,2026-08-01,3210.73,WH-NEWYORK
CUST-JOIN-1517,Freight Account 1517,North America,SMB,ORD-01517,2026-08-22,5446.45,WH-DETROIT
CUST-JOIN-1517,Freight Account 1517,North America,SMB,ORD-09017,2026-08-01,6964.33,WH-CHICAGO
CUST-JOIN-1518,Freight Account 1518,North America,Startup,ORD-01518,2026-08-22,4651.0,WH-CHICAGO
CUST-JOIN-1518,Freight Account 1518,North America,Startup,ORD-09018,2026-08-01,3392.26,WH-NEWYORK
CUST-JOIN-1519,Freight Account 1519,Europe,Startup,ORD-01519,2026-08-22,4962.5,WH-DETROIT
CUST-JOIN-1519,Freight Account 1519,Europe,Startup,ORD-09019,2026-08-01,482.67,WH-MIAMI
CUST-JOIN-1520,Freight Account 1520,North America,Startup,ORD-01520,2026-08-22,274.4,WH-DETROIT
CUST-JOIN-1520,Freight Account 1520,North America,Startup,ORD-09020,2026-08-01,6426.19,WH-DETROIT
CUST-JOIN-1521,Freight Account 1521,Europe,SMB,ORD-01521,2026-08-22,1137.99,WH-MIAMI
CUST-JOIN-1521,Freight Account 1521,Europe,SMB,ORD-09021,2026-08-01,1810.34,WH-CHICAGO
CUST-JOIN-1522,Freight Account 1522,Europe,Enterprise,ORD-01522,2026-08-22,3483.39,WH-MIAMI
CUST-JOIN-1522,Freight Account 1522,Europe,Enterprise,ORD-09022,2026-08-01,7572.47,WH-NEWYORK
CUST-JOIN-1523,Freight Account 1523,Europe,Startup,ORD-01523,2026-08-22,6751.88,WH-MIAMI
CUST-JOIN-1523,Freight Account 1523,Europe,Startup,ORD-09023,2026-08-01,1820.91,WH-MIAMI
CUST-JOIN-1524,Freight Account 1524,Asia Pacific,Startup,ORD-01524,2026-08-22,5672.16,WH-CHICAGO
CUST-JOIN-1524,Freight Account 1524,Asia Pacific,Startup,ORD-09024,2026-08-01,7403.83,WH-DETROIT
CUST-JOIN-1525,Freight Account 1525,Europe,Startup,ORD-01525,2026-08-22,5628.69,WH-MIAMI
CUST-JOIN-1525,Freight Account 1525,Europe,Startup,ORD-09025,2026-08-02,3191.67,WH-NEWYORK
CUST-JOIN-1526,Freight Account 1526,Europe,Startup,ORD-01526,2026-08-22,5867.36,WH-MIAMI
CUST-JOIN-1526,Freight Account 1526,Europe,Startup,ORD-09026,2026-08-02,2857.52,WH-MIAMI
CUST-JOIN-1527,Freight Account 1527,North America,Startup,ORD-01527,2026-08-22,5043.21,WH-NEWYORK
CUST-JOIN-1527,Freight Account 1527,North America,Startup,ORD-09027,2026-08-02,7144.69,WH-CHICAGO
CUST-JOIN-1528,Freight Account 1528,Asia Pacific,Startup,ORD-01528,2026-08-22,7838.06,WH-NEWYORK
CUST-JOIN-1528,Freight Account 1528,Asia Pacific,Startup,ORD-09028,2026-08-02,4988.2,WH-NEWYORK
CUST-JOIN-1529,Freight Account 1529,North America,Enterprise,ORD-01529,2026-08-23,923.3,WH-DETROIT
CUST-JOIN-1529,Freight Account 1529,North America,Enterprise,ORD-09029,2026-08-02,7946.88,WH-DETROIT
CUST-JOIN-1530,Freight Account 1530,Asia Pacific,SMB,ORD-01530,2026-08-23,1331.26,WH-DETROIT
CUST-JOIN-1530,Freight Account 1530,Asia Pacific,SMB,ORD-09030,2026-08-02,4589.36,WH-CHICAGO
CUST-JOIN-1531,Freight Account 1531,Asia Pacific,SMB,ORD-01531,2026-08-23,4431.73,WH-CHICAGO
CUST-JOIN-1531,Freight Account 1531,Asia Pacific,SMB,ORD-09031,2026-08-02,5541.99,WH-CHICAGO
CUST-JOIN-1532,Freight Account 1532,Europe,Startup,ORD-01532,2026-08-23,2503.1,WH-CHICAGO
CUST-JOIN-1532,Freight Account 1532,Europe,Startup,ORD-09032,2026-08-02,4947.15,WH-NEWYORK
CUST-JOIN-1533,Freight Account 1533,North America,Startup,ORD-01533,2026-08-23,7897.31,WH-DETROIT
CUST-JOIN-1533,Freight Account 1533,North America,Startup,ORD-09033,2026-08-02,212.0,WH-NEWYORK
CUST-JOIN-1534,Freight Account 1534,Asia Pacific,Startup,ORD-01534,2026-08-23,5559.15,WH-DETROIT
CUST-JOIN-1534,Freight Account 1534,Asia Pacific,Startup,ORD-09034,2026-08-02,4769.11,WH-DETROIT
CUST-JOIN-1535,Freight Account 1535,Europe,SMB,ORD-01535,2026-08-23,6035.79,WH-MIAMI
CUST-JOIN-1535,Freight Account 1535,Europe,SMB,ORD-09035,2026-08-02,5045.9,WH-NEWYORK
CUST-JOIN-1536,Freight Account 1536,Europe,Startup,ORD-01536,2026-08-23,622.27,WH-MIAMI
CUST-JOIN-1536,Freight Account 1536,Europe,Startup,ORD-09036,2026-08-02,3665.73,WH-MIAMI
CUST-JOIN-1537,Freight Account 1537,North America,Startup,ORD-01537,2026-08-23,4845.51,WH-NEWYORK
CUST-JOIN-1537,Freight Account 1537,North America,Startup,ORD-09037,2026-08-02,6277.42,WH-CHICAGO
CUST-JOIN-1538,Freight Account 1538,Europe,Startup,ORD-01538,2026-08-23,6735.32,WH-NEWYORK
CUST-JOIN-1538,Freight Account 1538,Europe,Startup,ORD-09038,2026-08-02,1702.41,WH-MIAMI
CUST-JOIN-1539,Freight Account 1539,Europe,Startup,ORD-01539,2026-08-23,4110.39,WH-MIAMI
CUST-JOIN-1539,Freight Account 1539,Europe,Startup,ORD-09039,2026-08-02,2497.53,WH-DETROIT
CUST-JOIN-1540,Freight Account 1540,North America,Startup,ORD-01540,2026-08-23,4002.68,WH-CHICAGO
CUST-JOIN-1540,Freight Account 1540,North America,Startup,ORD-09040,2026-08-02,5045.38,WH-CHICAGO
CUST-JOIN-1541,Freight Account 1541,Europe,Startup,ORD-01541,2026-08-23,5959.74,WH-DETROIT
CUST-JOIN-1541,Freight Account 1541,Europe,Startup,ORD-09041,2026-08-02,1716.59,WH-CHICAGO
CUST-JOIN-1542,Freight Account 1542,Asia Pacific,Startup,ORD-01542,2026-08-23,2655.67,WH-MIAMI
CUST-JOIN-1542,Freight Account 1542,Asia Pacific,Startup,ORD-09042,2026-08-02,1661.97,WH-CHICAGO
CUST-JOIN-1543,Freight Account 1543,Europe,SMB,ORD-01543,2026-08-23,2010.83,WH-NEWYORK
CUST-JOIN-1543,Freight Account 1543,Europe,SMB,ORD-09043,2026-08-02,6307.38,WH-NEWYORK
CUST-JOIN-1544,Freight Account 1544,North America,SMB,ORD-01544,2026-08-23,1040.4,WH-DETROIT
CUST-JOIN-1544,Freight Account 1544,North America,SMB,ORD-09044,2026-08-02,1873.53,WH-DETROIT
CUST-JOIN-1545,Freight Account 1545,North America,SMB,ORD-01545,2026-08-23,4701.9,WH-DETROIT
CUST-JOIN-1545,Freight Account 1545,North America,SMB,ORD-09045,2026-08-02,3156.05,WH-NEWYORK
CUST-JOIN-1546,Freight Account 1546,Europe,Startup,ORD-01546,2026-08-23,4850.39,WH-MIAMI
CUST-JOIN-1546,Freight Account 1546,Europe,Startup,ORD-09046,2026-08-02,5536.08,WH-CHICAGO
CUST-JOIN-1547,Freight Account 1547,Asia Pacific,Startup,ORD-01547,2026-08-23,3379.12,WH-MIAMI
CUST-JOIN-1547,Freight Account 1547,Asia Pacific,Startup,ORD-09047,2026-08-02,1697.78,WH-MIAMI
CUST-JOIN-1548,Freight Account 1548,Europe,SMB,ORD-01548,2026-08-23,2300.08,WH-NEWYORK
CUST-JOIN-1548,Freight Account 1548,Europe,SMB,ORD-09048,2026-08-02,390.53,WH-DETROIT
CUST-JOIN-1549,Freight Account 1549,Asia Pacific,SMB,ORD-01549,2026-08-23,6822.46,WH-CHICAGO
CUST-JOIN-1549,Freight Account 1549,Asia Pacific,SMB,ORD-09049,2026-08-03,2835.85,WH-MIAMI
CUST-JOIN-1550,Freight Account 1550,North America,Startup,ORD-01550,2026-08-23,6988.34,WH-NEWYORK
CUST-JOIN-1550,Freight Account 1550,North America,Startup,ORD-09050,2026-08-03,4996.41,WH-NEWYORK
CUST-JOIN-1551,Freight Account 1551,Asia Pacific,Startup,ORD-01551,2026-08-23,6940.15,WH-CHICAGO
CUST-JOIN-1551,Freight Account 1551,Asia Pacific,Startup,ORD-09051,2026-08-03,6519.33,WH-DETROIT
CUST-JOIN-1552,Freight Account 1552,Europe,SMB,ORD-01552,2026-08-23,1219.21,WH-NEWYORK
CUST-JOIN-1552,Freight Account 1552,Europe,SMB,ORD-09052,2026-08-03,3246.29,WH-MIAMI
CUST-JOIN-1553,Freight Account 1553,Europe,Startup,ORD-01553,2026-08-24,7026.87,WH-CHICAGO
CUST-JOIN-1553,Freight Account 1553,Europe,Startup,ORD-09053,2026-08-03,7291.28,WH-NEWYORK
CUST-JOIN-1554,Freight Account 1554,Asia Pacific,SMB,ORD-01554,2026-08-24,7303.93,WH-CHICAGO
CUST-JOIN-1554,Freight Account 1554,Asia Pacific,SMB,ORD-09054,2026-08-03,3575.92,WH-CHICAGO
CUST-JOIN-1555,Freight Account 1555,Europe,Startup,ORD-01555,2026-08-24,5612.05,WH-DETROIT
CUST-JOIN-1555,Freight Account 1555,Europe,Startup,ORD-09055,2026-08-03,6103.17,WH-CHICAGO
CUST-JOIN-1556,Freight Account 1556,Europe,Startup,ORD-01556,2026-08-24,1781.09,WH-DETROIT
CUST-JOIN-1556,Freight Account 1556,Europe,Startup,ORD-09056,2026-08-03,1380.99,WH-DETROIT
CUST-JOIN-1557,Freight Account 1557,Europe,SMB,ORD-01557,2026-08-24,1715.6,WH-MIAMI
CUST-JOIN-1557,Freight Account 1557,Europe,SMB,ORD-09057,2026-08-03,3158.77,WH-NEWYORK
CUST-JOIN-1558,Freight Account 1558,Asia Pacific,SMB,ORD-01558,2026-08-24,4699.14,WH-NEWYORK
CUST-JOIN-1558,Freight Account 1558,Asia Pacific,SMB,ORD-09058,2026-08-03,5775.13,WH-MIAMI
CUST-JOIN-1559,Freight Account 1559,Europe,SMB,ORD-01559,2026-08-24,2072.11,WH-MIAMI
CUST-JOIN-1559,Freight Account 1559,Europe,SMB,ORD-09059,2026-08-03,6790.98,WH-DETROIT
CUST-JOIN-1560,Freight Account 1560,Europe,SMB,ORD-01560,2026-08-24,3090.35,WH-DETROIT
CUST-JOIN-1560,Freight Account 1560,Europe,SMB,ORD-09060,2026-08-03,1208.89,WH-MIAMI
CUST-JOIN-1561,Freight Account 1561,Europe,SMB,ORD-01561,2026-08-24,4145.28,WH-MIAMI
CUST-JOIN-1561,Freight Account 1561,Europe,SMB,ORD-09061,2026-08-03,4199.85,WH-NEWYORK
CUST-JOIN-1562,Freight Account 1562,Europe,Startup,ORD-01562,2026-08-24,3728.82,WH-MIAMI
CUST-JOIN-1562,Freight Account 1562,Europe,Startup,ORD-09062,2026-08-03,2526.05,WH-MIAMI
CUST-JOIN-1563,Freight Account 1563,Europe,SMB,ORD-01563,2026-08-24,5207.32,WH-NEWYORK
CUST-JOIN-1563,Freight Account 1563,Europe,SMB,ORD-09063,2026-08-03,5816.67,WH-DETROIT
CUST-JOIN-1564,Freight Account 1564,Europe,Startup,ORD-01564,2026-08-24,5596.91,WH-NEWYORK
CUST-JOIN-1564,Freight Account 1564,Europe,Startup,ORD-09064,2026-08-03,478.87,WH-MIAMI
CUST-JOIN-1565,Freight Account 1565,Asia Pacific,Enterprise,ORD-01565,2026-08-24,2665.96,WH-CHICAGO
CUST-JOIN-1565,Freight Account 1565,Asia Pacific,Enterprise,ORD-09065,2026-08-03,1450.36,WH-MIAMI
CUST-JOIN-1566,Freight Account 1566,North America,Startup,ORD-01566,2026-08-24,7074.59,WH-DETROIT
CUST-JOIN-1566,Freight Account 1566,North America,Startup,ORD-09066,2026-08-03,649.39,WH-NEWYORK
CUST-JOIN-1567,Freight Account 1567,Asia Pacific,Startup,ORD-01567,2026-08-24,460.45,WH-CHICAGO
CUST-JOIN-1567,Freight Account 1567,Asia Pacific,Startup,ORD-09067,2026-08-03,527.2,WH-NEWYORK
CUST-JOIN-1568,Freight Account 1568,Asia Pacific,Enterprise,ORD-01568,2026-08-24,4574.86,WH-CHICAGO
CUST-JOIN-1568,Freight Account 1568,Asia Pacific,Enterprise,ORD-09068,2026-08-03,1140.93,WH-CHICAGO
CUST-JOIN-1569,Freight Account 1569,North America,SMB,ORD-01569,2026-08-24,3707.21,WH-CHICAGO
CUST-JOIN-1569,Freight Account 1569,North America,SMB,ORD-09069,2026-08-03,946.42,WH-MIAMI
CUST-JOIN-1570,Freight Account 1570,North America,SMB,ORD-01570,2026-08-24,988.21,WH-MIAMI
CUST-JOIN-1570,Freight Account 1570,North America,SMB,ORD-09070,2026-08-03,1808.45,WH-CHICAGO
CUST-JOIN-1571,Freight Account 1571,Asia Pacific,SMB,ORD-01571,2026-08-24,6205.43,WH-MIAMI
CUST-JOIN-1571,Freight Account 1571,Asia Pacific,SMB,ORD-09071,2026-08-03,3032.36,WH-CHICAGO
CUST-JOIN-1572,Freight Account 1572,Asia Pacific,SMB,ORD-01572,2026-08-24,2791.27,WH-MIAMI
CUST-JOIN-1572,Freight Account 1572,Asia Pacific,SMB,ORD-09072,2026-08-03,1928.32,WH-DETROIT
CUST-JOIN-1573,Freight Account 1573,North America,Enterprise,ORD-01573,2026-08-24,7566.1,WH-NEWYORK
CUST-JOIN-1573,Freight Account 1573,North America,Enterprise,ORD-09073,2026-08-04,2462.49,WH-MIAMI
CUST-JOIN-1574,Freight Account 1574,North America,SMB,ORD-01574,2026-08-24,7302.89,WH-DETROIT
CUST-JOIN-1574,Freight Account 1574,North America,SMB,ORD-09074,2026-08-04,7618.14,WH-CHICAGO
CUST-JOIN-1575,Freight Account 1575,Europe,Enterprise,ORD-01575,2026-08-24,4589.03,WH-MIAMI
CUST-JOIN-1575,Freight Account 1575,Europe,Enterprise,ORD-09075,2026-08-04,1363.5,WH-NEWYORK
CUST-JOIN-1576,Freight Account 1576,North America,Startup,ORD-01576,2026-08-24,7318.2,WH-DETROIT
CUST-JOIN-1576,Freight Account 1576,North America,Startup,ORD-09076,2026-08-04,480.88,WH-MIAMI
CUST-JOIN-1577,Freight Account 1577,Europe,Startup,ORD-01577,2026-08-25,3596.81,WH-MIAMI
CUST-JOIN-1577,Freight Account 1577,Europe,Startup,ORD-09077,2026-08-04,7770.09,WH-CHICAGO
CUST-JOIN-1578,Freight Account 1578,Asia Pacific,Startup,ORD-01578,2026-08-25,6484.89,WH-NEWYORK
CUST-JOIN-1578,Freight Account 1578,Asia Pacific,Startup,ORD-09078,2026-08-04,5663.74,WH-DETROIT
CUST-JOIN-1579,Freight Account 1579,North America,SMB,ORD-01579,2026-08-25,6559.76,WH-NEWYORK
CUST-JOIN-1579,Freight Account 1579,North America,SMB,ORD-09079,2026-08-04,1230.5,WH-CHICAGO
CUST-JOIN-1580,Freight Account 1580,North America,Startup,ORD-01580,2026-08-25,1959.18,WH-MIAMI
CUST-JOIN-1580,Freight Account 1580,North America,Startup,ORD-09080,2026-08-04,1228.71,WH-NEWYORK
CUST-JOIN-1581,Freight Account 1581,Europe,Startup,ORD-01581,2026-08-25,3090.87,WH-MIAMI
CUST-JOIN-1581,Freight Account 1581,Europe,Startup,ORD-09081,2026-08-04,1698.46,WH-NEWYORK
CUST-JOIN-1582,Freight Account 1582,Asia Pacific,Startup,ORD-01582,2026-08-25,7194.28,WH-DETROIT
CUST-JOIN-1582,Freight Account 1582,Asia Pacific,Startup,ORD-09082,2026-08-04,372.39,WH-CHICAGO
CUST-JOIN-1583,Freight Account 1583,Europe,Startup,ORD-01583,2026-08-25,4817.83,WH-MIAMI
CUST-JOIN-1583,Freight Account 1583,Europe,Startup,ORD-09083,2026-08-04,1237.18,WH-MIAMI
CUST-JOIN-1584,Freight Account 1584,Europe,SMB,ORD-01584,2026-08-25,4737.71,WH-NEWYORK
CUST-JOIN-1584,Freight Account 1584,Europe,SMB,ORD-09084,2026-08-04,3627.08,WH-DETROIT
CUST-JOIN-1585,Freight Account 1585,North America,Startup,ORD-01585,2026-08-25,1879.17,WH-MIAMI
CUST-JOIN-1585,Freight Account 1585,North America,Startup,ORD-09085,2026-08-04,6370.05,WH-MIAMI
CUST-JOIN-1586,Freight Account 1586,Asia Pacific,Startup,ORD-01586,2026-08-25,4756.14,WH-DETROIT
CUST-JOIN-1586,Freight Account 1586,Asia Pacific,Startup,ORD-09086,2026-08-04,4348.73,WH-CHICAGO
CUST-JOIN-1587,Freight Account 1587,Europe,SMB,ORD-01587,2026-08-25,5838.52,WH-CHICAGO
CUST-JOIN-1587,Freight Account 1587,Europe,SMB,ORD-09087,2026-08-04,7183.96,WH-MIAMI
CUST-JOIN-1588,Freight Account 1588,North America,Startup,ORD-01588,2026-08-25,5449.11,WH-NEWYORK
CUST-JOIN-1588,Freight Account 1588,North America,Startup,ORD-09088,2026-08-04,3531.63,WH-DETROIT
CUST-JOIN-1589,Freight Account 1589,North America,Startup,ORD-01589,2026-08-25,5268.9,WH-NEWYORK
CUST-JOIN-1589,Freight Account 1589,North America,Startup,ORD-09089,2026-08-04,3543.54,WH-DETROIT
CUST-JOIN-1590,Freight Account 1590,Asia Pacific,SMB,ORD-01590,2026-08-25,6622.1,WH-NEWYORK
CUST-JOIN-1590,Freight Account 1590,Asia Pacific,SMB,ORD-09090,2026-08-04,1089.77,WH-NEWYORK
CUST-JOIN-1591,Freight Account 1591,Asia Pacific,SMB,ORD-01591,2026-08-25,212.13,WH-DETROIT
CUST-JOIN-1591,Freight Account 1591,Asia Pacific,SMB,ORD-09091,2026-08-04,5807.73,WH-MIAMI
CUST-JOIN-1592,Freight Account 1592,North America,Startup,ORD-01592,2026-08-25,5480.48,WH-DETROIT
CUST-JOIN-1592,Freight Account 1592,North America,Startup,ORD-09092,2026-08-04,7132.55,WH-MIAMI
CUST-JOIN-1593,Freight Account 1593,Asia Pacific,Enterprise,ORD-01593,2026-08-25,5520.73,WH-CHICAGO
CUST-JOIN-1593,Freight Account 1593,Asia Pacific,Enterprise,ORD-09093,2026-08-04,3085.09,WH-DETROIT
CUST-JOIN-1594,Freight Account 1594,Asia Pacific,SMB,ORD-01594,2026-08-25,3422.71,WH-CHICAGO
CUST-JOIN-1594,Freight Account 1594,Asia Pacific,SMB,ORD-09094,2026-08-04,2623.19,WH-NEWYORK
CUST-JOIN-1595,Freight Account 1595,Asia Pacific,SMB,ORD-01595,2026-08-25,6922.63,WH-DETROIT
CUST-JOIN-1595,Freight Account 1595,Asia Pacific,SMB,ORD-09095,2026-08-04,3397.33,WH-CHICAGO
CUST-JOIN-1596,Freight Account 1596,Europe,SMB,ORD-01596,2026-08-25,6382.18,WH-MIAMI
CUST-JOIN-1596,Freight Account 1596,Europe,SMB,ORD-09096,2026-08-04,6926.93,WH-CHICAGO
CUST-JOIN-1597,Freight Account 1597,North America,Startup,ORD-01597,2026-08-25,3895.74,WH-DETROIT
CUST-JOIN-1597,Freight Account 1597,North America,Startup,ORD-09097,2026-08-05,4338.5,WH-CHICAGO
CUST-JOIN-1598,Freight Account 1598,Asia Pacific,Startup,ORD-01598,2026-08-25,3697.62,WH-MIAMI
CUST-JOIN-1598,Freight Account 1598,Asia Pacific,Startup,ORD-09098,2026-08-05,5444.93,WH-DETROIT
CUST-JOIN-1599,Freight Account 1599,Asia Pacific,SMB,ORD-01599,2026-08-25,7541.65,WH-MIAMI
CUST-JOIN-1599,Freight Account 1599,Asia Pacific,SMB,ORD-09099,2026-08-05,6611.86,WH-CHICAGO
CUST-JOIN-1600,Freight Account 1600,North America,Startup,ORD-01600,2026-08-25,5088.57,WH-DETROIT
CUST-JOIN-1600,Freight Account 1600,North America,Startup,ORD-09100,2026-08-05,3658.39,WH-MIAMI
CUST-JOIN-1601,Freight Account 1601,Europe,Startup,ORD-01601,2026-08-26,2773.77,WH-MIAMI
CUST-JOIN-1601,Freight Account 1601,Europe,Startup,ORD-09101,2026-08-05,2038.05,WH-MIAMI
CUST-JOIN-1602,Freight Account 1602,Europe,Startup,ORD-01602,2026-08-26,5240.72,WH-DETROIT
CUST-JOIN-1602,Freight Account 1602,Europe,Startup,ORD-09102,2026-08-05,2077.2,WH-CHICAGO
CUST-JOIN-1603,Freight Account 1603,Asia Pacific,Startup,ORD-01603,2026-08-26,6107.72,WH-NEWYORK
CUST-JOIN-1603,Freight Account 1603,Asia Pacific,Startup,ORD-09103,2026-08-05,738.62,WH-CHICAGO
CUST-JOIN-1604,Freight Account 1604,North America,Startup,ORD-01604,2026-08-26,3045.6,WH-CHICAGO
CUST-JOIN-1604,Freight Account 1604,North America,Startup,ORD-09104,2026-08-05,7333.05,WH-NEWYORK
CUST-JOIN-1605,Freight Account 1605,North America,SMB,ORD-01605,2026-08-26,7387.45,WH-DETROIT
CUST-JOIN-1605,Freight Account 1605,North America,SMB,ORD-09105,2026-08-05,5044.31,WH-DETROIT
CUST-JOIN-1606,Freight Account 1606,Asia Pacific,SMB,ORD-01606,2026-08-26,2870.04,WH-NEWYORK
CUST-JOIN-1606,Freight Account 1606,Asia Pacific,SMB,ORD-09106,2026-08-05,511.54,WH-DETROIT
CUST-JOIN-1607,Freight Account 1607,North America,Startup,ORD-01607,2026-08-26,7654.47,WH-CHICAGO
CUST-JOIN-1607,Freight Account 1607,North America,Startup,ORD-09107,2026-08-05,636.93,WH-CHICAGO
CUST-JOIN-1608,Freight Account 1608,Europe,SMB,ORD-01608,2026-08-26,2889.15,WH-DETROIT
CUST-JOIN-1608,Freight Account 1608,Europe,SMB,ORD-09108,2026-08-05,3233.15,WH-CHICAGO
CUST-JOIN-1609,Freight Account 1609,Europe,Startup,ORD-01609,2026-08-26,6169.18,WH-CHICAGO
CUST-JOIN-1609,Freight Account 1609,Europe,Startup,ORD-09109,2026-08-05,303.99,WH-CHICAGO
CUST-JOIN-1610,Freight Account 1610,North America,Startup,ORD-01610,2026-08-26,1018.84,WH-CHICAGO
CUST-JOIN-1610,Freight Account 1610,North America,Startup,ORD-09110,2026-08-05,5749.21,WH-MIAMI
CUST-JOIN-1611,Freight Account 1611,Europe,SMB,ORD-01611,2026-08-26,5371.76,WH-NEWYORK
CUST-JOIN-1611,Freight Account 1611,Europe,SMB,ORD-09111,2026-08-05,1388.62,WH-NEWYORK
CUST-JOIN-1612,Freight Account 1612,Europe,Startup,ORD-01612,2026-08-26,6328.63,WH-NEWYORK
CUST-JOIN-1612,Freight Account 1612,Europe,Startup,ORD-09112,2026-08-05,615.78,WH-MIAMI
CUST-JOIN-1613,Freight Account 1613,Asia Pacific,SMB,ORD-01613,2026-08-26,7107.1,WH-MIAMI
CUST-JOIN-1613,Freight Account 1613,Asia Pacific,SMB,ORD-09113,2026-08-05,834.29,WH-DETROIT
CUST-JOIN-1614,Freight Account 1614,North America,SMB,ORD-01614,2026-08-26,3712.78,WH-MIAMI
CUST-JOIN-1614,Freight Account 1614,North America,SMB,ORD-09114,2026-08-05,6018.75,WH-MIAMI
CUST-JOIN-1615,Freight Account 1615,North America,Startup,ORD-01615,2026-08-26,3717.92,WH-CHICAGO
CUST-JOIN-1615,Freight Account 1615,North America,Startup,ORD-09115,2026-08-05,2664.91,WH-DETROIT
CUST-JOIN-1616,Freight Account 1616,Asia Pacific,SMB,ORD-01616,2026-08-26,7192.85,WH-CHICAGO
CUST-JOIN-1616,Freight Account 1616,Asia Pacific,SMB,ORD-09116,2026-08-05,3714.02,WH-MIAMI
CUST-JOIN-1617,Freight Account 1617,North America,SMB,ORD-01617,2026-08-26,1702.35,WH-CHICAGO
CUST-JOIN-1617,Freight Account 1617,North America,SMB,ORD-09117,2026-08-05,5462.8,WH-DETROIT
CUST-JOIN-1618,Freight Account 1618,Europe,SMB,ORD-01618,2026-08-26,7441.29,WH-DETROIT
CUST-JOIN-1618,Freight Account 1618,Europe,SMB,ORD-09118,2026-08-05,1096.98,WH-NEWYORK
CUST-JOIN-1619,Freight Account 1619,Europe,SMB,ORD-01619,2026-08-26,4283.0,WH-CHICAGO
CUST-JOIN-1619,Freight Account 1619,Europe,SMB,ORD-09119,2026-08-05,2709.36,WH-DETROIT
CUST-JOIN-1620,Freight Account 1620,Europe,Startup,ORD-01620,2026-08-26,1362.92,WH-CHICAGO
CUST-JOIN-1620,Freight Account 1620,Europe,Startup,ORD-09120,2026-08-05,4406.61,WH-CHICAGO
CUST-JOIN-1621,Freight Account 1621,Asia Pacific,Startup,ORD-01621,2026-08-26,1664.14,WH-MIAMI
CUST-JOIN-1621,Freight Account 1621,Asia Pacific,Startup,ORD-09121,2026-08-06,1173.81,WH-MIAMI
CUST-JOIN-1622,Freight Account 1622,Europe,Startup,ORD-01622,2026-08-26,3233.59,WH-CHICAGO
CUST-JOIN-1622,Freight Account 1622,Europe,Startup,ORD-09122,2026-08-06,2209.51,WH-CHICAGO
CUST-JOIN-1623,Freight Account 1623,North America,SMB,ORD-01623,2026-08-26,3790.83,WH-CHICAGO
CUST-JOIN-1623,Freight Account 1623,North America,SMB,ORD-09123,2026-08-06,5679.63,WH-DETROIT
CUST-JOIN-1624,Freight Account 1624,North America,SMB,ORD-01624,2026-08-26,4679.76,WH-CHICAGO
CUST-JOIN-1624,Freight Account 1624,North America,SMB,ORD-09124,2026-08-06,6810.77,WH-DETROIT
CUST-JOIN-1625,Freight Account 1625,Europe,SMB,ORD-01625,2026-08-27,3844.51,WH-DETROIT
CUST-JOIN-1625,Freight Account 1625,Europe,SMB,ORD-09125,2026-08-06,5370.05,WH-CHICAGO
CUST-JOIN-1626,Freight Account 1626,Europe,Startup,ORD-01626,2026-08-27,3735.02,WH-MIAMI
CUST-JOIN-1626,Freight Account 1626,Europe,Startup,ORD-09126,2026-08-06,333.74,WH-NEWYORK
CUST-JOIN-1627,Freight Account 1627,Europe,SMB,ORD-01627,2026-08-27,2681.22,WH-MIAMI
CUST-JOIN-1627,Freight Account 1627,Europe,SMB,ORD-09127,2026-08-06,7477.69,WH-NEWYORK
CUST-JOIN-1628,Freight Account 1628,North America,Enterprise,ORD-01628,2026-08-27,2033.24,WH-NEWYORK
CUST-JOIN-1628,Freight Account 1628,North America,Enterprise,ORD-09128,2026-08-06,1326.62,WH-DETROIT
CUST-JOIN-1629,Freight Account 1629,Europe,Startup,ORD-01629,2026-08-27,4490.3,WH-CHICAGO
CUST-JOIN-1629,Freight Account 1629,Europe,Startup,ORD-09129,2026-08-06,2933.87,WH-DETROIT
CUST-JOIN-1630,Freight Account 1630,Europe,Enterprise,ORD-01630,2026-08-27,7862.08,WH-CHICAGO
CUST-JOIN-1630,Freight Account 1630,Europe,Enterprise,ORD-09130,2026-08-06,4779.52,WH-MIAMI
CUST-JOIN-1631,Freight Account 1631,Asia Pacific,SMB,ORD-01631,2026-08-27,4445.05,WH-NEWYORK
CUST-JOIN-1631,Freight Account 1631,Asia Pacific,SMB,ORD-09131,2026-08-06,5816.1,WH-DETROIT
CUST-JOIN-1632,Freight Account 1632,Asia Pacific,SMB,ORD-01632,2026-08-27,228.38,WH-DETROIT
CUST-JOIN-1632,Freight Account 1632,Asia Pacific,SMB,ORD-09132,2026-08-06,3613.91,WH-CHICAGO
CUST-JOIN-1633,Freight Account 1633,Europe,Enterprise,ORD-01633,2026-08-27,5836.74,WH-MIAMI
CUST-JOIN-1633,Freight Account 1633,Europe,Enterprise,ORD-09133,2026-08-06,6381.53,WH-CHICAGO
CUST-JOIN-1634,Freight Account 1634,Europe,Startup,ORD-01634,2026-08-27,2238.1,WH-DETROIT
CUST-JOIN-1634,Freight Account 1634,Europe,Startup,ORD-09134,2026-08-06,5268.04,WH-MIAMI
CUST-JOIN-1635,Freight Account 1635,Asia Pacific,Startup,ORD-01635,2026-08-27,2815.56,WH-CHICAGO
CUST-JOIN-1635,Freight Account 1635,Asia Pacific,Startup,ORD-09135,2026-08-06,3848.39,WH-MIAMI
CUST-JOIN-1636,Freight Account 1636,Asia Pacific,Startup,ORD-01636,2026-08-27,290.7,WH-CHICAGO
CUST-JOIN-1636,Freight Account 1636,Asia Pacific,Startup,ORD-09136,2026-08-06,707.66,WH-MIAMI
CUST-JOIN-1637,Freight Account 1637,Asia Pacific,Startup,ORD-01637,2026-08-27,7931.71,WH-MIAMI
CUST-JOIN-1637,Freight Account 1637,Asia Pacific,Startup,ORD-09137,2026-08-06,3851.73,WH-NEWYORK
CUST-JOIN-1638,Freight Account 1638,Europe,SMB,ORD-01638,2026-08-27,3645.56,WH-CHICAGO
CUST-JOIN-1638,Freight Account 1638,Europe,SMB,ORD-09138,2026-08-06,4436.74,WH-MIAMI
CUST-JOIN-1639,Freight Account 1639,Europe,Startup,ORD-01639,2026-08-27,4923.03,WH-NEWYORK
CUST-JOIN-1639,Freight Account 1639,Europe,Startup,ORD-09139,2026-08-06,3812.69,WH-NEWYORK
CUST-JOIN-1640,Freight Account 1640,North America,Startup,ORD-01640,2026-08-27,7691.33,WH-NEWYORK
CUST-JOIN-1640,Freight Account 1640,North America,Startup,ORD-09140,2026-08-06,6294.14,WH-NEWYORK
CUST-JOIN-1641,Freight Account 1641,North America,SMB,ORD-01641,2026-08-27,374.38,WH-MIAMI
CUST-JOIN-1641,Freight Account 1641,North America,SMB,ORD-09141,2026-08-06,1590.11,WH-MIAMI
CUST-JOIN-1642,Freight Account 1642,Europe,Startup,ORD-01642,2026-08-27,6829.99,WH-NEWYORK
CUST-JOIN-1642,Freight Account 1642,Europe,Startup,ORD-09142,2026-08-06,6627.7,WH-CHICAGO
CUST-JOIN-1643,Freight Account 1643,Europe,Startup,ORD-01643,2026-08-27,7659.34,WH-CHICAGO
CUST-JOIN-1643,Freight Account 1643,Europe,Startup,ORD-09143,2026-08-06,3108.58,WH-NEWYORK
CUST-JOIN-1644,Freight Account 1644,Europe,Startup,ORD-01644,2026-08-27,2120.29,WH-DETROIT
CUST-JOIN-1644,Freight Account 1644,Europe,Startup,ORD-09144,2026-08-06,4624.23,WH-DETROIT
CUST-JOIN-1645,Freight Account 1645,Asia Pacific,SMB,ORD-01645,2026-08-27,531.36,WH-DETROIT
CUST-JOIN-1645,Freight Account 1645,Asia Pacific,SMB,ORD-09145,2026-08-07,3960.63,WH-CHICAGO
CUST-JOIN-1646,Freight Account 1646,Europe,SMB,ORD-01646,2026-08-27,4117.51,WH-NEWYORK
CUST-JOIN-1646,Freight Account 1646,Europe,SMB,ORD-09146,2026-08-07,998.66,WH-DETROIT
CUST-JOIN-1647,Freight Account 1647,Europe,SMB,ORD-01647,2026-08-27,1900.28,WH-DETROIT
CUST-JOIN-1647,Freight Account 1647,Europe,SMB,ORD-09147,2026-08-07,6896.93,WH-NEWYORK
CUST-JOIN-1648,Freight Account 1648,Europe,Startup,ORD-01648,2026-08-27,1534.81,WH-CHICAGO
CUST-JOIN-1648,Freight Account 1648,Europe,Startup,ORD-09148,2026-08-07,4559.2,WH-CHICAGO
CUST-JOIN-1649,Freight Account 1649,Asia Pacific,Enterprise,ORD-01649,2026-08-28,2744.04,WH-CHICAGO
CUST-JOIN-1649,Freight Account 1649,Asia Pacific,Enterprise,ORD-09149,2026-08-07,6339.69,WH-NEWYORK
CUST-JOIN-1650,Freight Account 1650,Europe,Startup,ORD-01650,2026-08-28,878.82,WH-DETROIT
CUST-JOIN-1650,Freight Account 1650,Europe,Startup,ORD-09150,2026-08-07,7470.24,WH-NEWYORK
CUST-JOIN-1651,Freight Account 1651,North America,Startup,ORD-01651,2026-08-28,2802.69,WH-NEWYORK
CUST-JOIN-1651,Freight Account 1651,North America,Startup,ORD-09151,2026-08-07,5424.77,WH-NEWYORK
CUST-JOIN-1652,Freight Account 1652,Europe,Startup,ORD-01652,2026-08-28,7904.26,WH-CHICAGO
CUST-JOIN-1652,Freight Account 1652,Europe,Startup,ORD-09152,2026-08-07,6959.71,WH-CHICAGO
CUST-JOIN-1653,Freight Account 1653,North America,Startup,ORD-01653,2026-08-28,1981.72,WH-NEWYORK
CUST-JOIN-1653,Freight Account 1653,North America,Startup,ORD-09153,2026-08-07,6471.51,WH-DETROIT
CUST-JOIN-1654,Freight Account 1654,Asia Pacific,SMB,ORD-01654,2026-08-28,394.88,WH-DETROIT
CUST-JOIN-1654,Freight Account 1654,Asia Pacific,SMB,ORD-09154,2026-08-07,3685.65,WH-MIAMI
CUST-JOIN-1655,Freight Account 1655,North America,Startup,ORD-01655,2026-08-28,3985.32,WH-MIAMI
CUST-JOIN-1655,Freight Account 1655,North America,Startup,ORD-09155,2026-08-07,4240.29,WH-CHICAGO
CUST-JOIN-1656,Freight Account 1656,North America,Startup,ORD-01656,2026-08-28,5652.3,WH-MIAMI
CUST-JOIN-1656,Freight Account 1656,North America,Startup,ORD-09156,2026-08-07,2851.57,WH-MIAMI
CUST-JOIN-1657,Freight Account 1657,Asia Pacific,Startup,ORD-01657,2026-08-28,6843.57,WH-DETROIT
CUST-JOIN-1657,Freight Account 1657,Asia Pacific,Startup,ORD-09157,2026-08-07,6131.71,WH-CHICAGO
CUST-JOIN-1658,Freight Account 1658,Europe,SMB,ORD-01658,2026-08-28,7545.44,WH-NEWYORK
CUST-JOIN-1658,Freight Account 1658,Europe,SMB,ORD-09158,2026-08-07,7945.52,WH-NEWYORK
CUST-JOIN-1659,Freight Account 1659,Europe,Enterprise,ORD-01659,2026-08-28,6899.34,WH-DETROIT
CUST-JOIN-1659,Freight Account 1659,Europe,Enterprise,ORD-09159,2026-08-07,7215.61,WH-CHICAGO
CUST-JOIN-1660,Freight Account 1660,Asia Pacific,Startup,ORD-01660,2026-08-28,3906.83,WH-DETROIT
CUST-JOIN-1660,Freight Account 1660,Asia Pacific,Startup,ORD-09160,2026-08-07,1974.07,WH-NEWYORK
CUST-JOIN-1661,Freight Account 1661,Asia Pacific,Enterprise,ORD-01661,2026-08-28,3771.41,WH-DETROIT
CUST-JOIN-1661,Freight Account 1661,Asia Pacific,Enterprise,ORD-09161,2026-08-07,3861.05,WH-CHICAGO
CUST-JOIN-1662,Freight Account 1662,Asia Pacific,SMB,ORD-01662,2026-08-28,2049.37,WH-DETROIT
CUST-JOIN-1662,Freight Account 1662,Asia Pacific,SMB,ORD-09162,2026-08-07,2675.82,WH-NEWYORK
CUST-JOIN-1663,Freight Account 1663,Europe,Enterprise,ORD-01663,2026-08-28,1783.04,WH-MIAMI
CUST-JOIN-1663,Freight Account 1663,Europe,Enterprise,ORD-09163,2026-08-07,7103.01,WH-CHICAGO
CUST-JOIN-1664,Freight Account 1664,Europe,Startup,ORD-01664,2026-08-28,7085.57,WH-CHICAGO
CUST-JOIN-1664,Freight Account 1664,Europe,Startup,ORD-09164,2026-08-07,3478.43,WH-CHICAGO
CUST-JOIN-1665,Freight Account 1665,Asia Pacific,SMB,ORD-01665,2026-08-28,5583.79,WH-CHICAGO
CUST-JOIN-1665,Freight Account 1665,Asia Pacific,SMB,ORD-09165,2026-08-07,4066.73,WH-CHICAGO
CUST-JOIN-1666,Freight Account 1666,Asia Pacific,Startup,ORD-01666,2026-08-28,4489.81,WH-DETROIT
CUST-JOIN-1666,Freight Account 1666,Asia Pacific,Startup,ORD-09166,2026-08-07,7443.69,WH-DETROIT
CUST-JOIN-1667,Freight Account 1667,North America,Startup,ORD-01667,2026-08-28,4268.3,WH-MIAMI
CUST-JOIN-1667,Freight Account 1667,North America,Startup,ORD-09167,2026-08-07,502.02,WH-CHICAGO
CUST-JOIN-1668,Freight Account 1668,Asia Pacific,Startup,ORD-01668,2026-08-28,4654.45,WH-MIAMI
CUST-JOIN-1668,Freight Account 1668,Asia Pacific,Startup,ORD-09168,2026-08-07,4420.41,WH-DETROIT
CUST-JOIN-1669,Freight Account 1669,North America,Startup,ORD-01669,2026-08-28,7928.23,WH-NEWYORK
CUST-JOIN-1669,Freight Account 1669,North America,Startup,ORD-09169,2026-08-08,5943.45,WH-NEWYORK
CUST-JOIN-1670,Freight Account 1670,Asia Pacific,Startup,ORD-01670,2026-08-28,1756.68,WH-MIAMI
CUST-JOIN-1670,Freight Account 1670,Asia Pacific,Startup,ORD-09170,2026-08-08,1953.94,WH-NEWYORK
CUST-JOIN-1671,Freight Account 1671,Asia Pacific,Startup,ORD-01671,2026-08-28,2004.69,WH-CHICAGO
CUST-JOIN-1671,Freight Account 1671,Asia Pacific,Startup,ORD-09171,2026-08-08,6837.87,WH-DETROIT
CUST-JOIN-1672,Freight Account 1672,Asia Pacific,Startup,ORD-01672,2026-08-28,2762.1,WH-MIAMI
CUST-JOIN-1672,Freight Account 1672,Asia Pacific,Startup,ORD-09172,2026-08-08,1221.84,WH-NEWYORK
CUST-JOIN-1673,Freight Account 1673,Asia Pacific,Startup,ORD-01673,2026-08-29,6670.14,WH-CHICAGO
CUST-JOIN-1673,Freight Account 1673,Asia Pacific,Startup,ORD-09173,2026-08-08,4296.06,WH-NEWYORK
CUST-JOIN-1674,Freight Account 1674,Asia Pacific,Startup,ORD-01674,2026-08-29,902.41,WH-MIAMI
CUST-JOIN-1674,Freight Account 1674,Asia Pacific,Startup,ORD-09174,2026-08-08,5329.36,WH-DETROIT
CUST-JOIN-1675,Freight Account 1675,North America,Startup,ORD-01675,2026-08-29,5671.13,WH-CHICAGO
CUST-JOIN-1675,Freight Account 1675,North America,Startup,ORD-09175,2026-08-08,7321.27,WH-NEWYORK
CUST-JOIN-1676,Freight Account 1676,Asia Pacific,SMB,ORD-01676,2026-08-29,2731.53,WH-MIAMI
CUST-JOIN-1676,Freight Account 1676,Asia Pacific,SMB,ORD-09176,2026-08-08,1064.39,WH-MIAMI
CUST-JOIN-1677,Freight Account 1677,North America,SMB,ORD-01677,2026-08-29,1477.72,WH-CHICAGO
CUST-JOIN-1677,Freight Account 1677,North America,SMB,ORD-09177,2026-08-08,7530.57,WH-MIAMI
CUST-JOIN-1678,Freight Account 1678,North America,SMB,ORD-01678,2026-08-29,4544.77,WH-DETROIT
CUST-JOIN-1678,Freight Account 1678,North America,SMB,ORD-09178,2026-08-08,3673.5,WH-MIAMI
CUST-JOIN-1679,Freight Account 1679,North America,SMB,ORD-01679,2026-08-29,872.94,WH-NEWYORK
CUST-JOIN-1679,Freight Account 1679,North America,SMB,ORD-09179,2026-08-08,1645.54,WH-MIAMI
CUST-JOIN-1680,Freight Account 1680,Europe,Startup,ORD-01680,2026-08-29,4067.71,WH-CHICAGO
CUST-JOIN-1680,Freight Account 1680,Europe,Startup,ORD-09180,2026-08-08,1050.29,WH-NEWYORK
CUST-JOIN-1681,Freight Account 1681,Asia Pacific,Startup,ORD-01681,2026-08-29,7501.43,WH-CHICAGO
CUST-JOIN-1681,Freight Account 1681,Asia Pacific,Startup,ORD-09181,2026-08-08,1999.71,WH-NEWYORK
CUST-JOIN-1682,Freight Account 1682,Europe,SMB,ORD-01682,2026-08-29,3960.83,WH-CHICAGO
CUST-JOIN-1682,Freight Account 1682,Europe,SMB,ORD-09182,2026-08-08,6425.01,WH-NEWYORK
CUST-JOIN-1683,Freight Account 1683,Asia Pacific,Startup,ORD-01683,2026-08-29,6883.79,WH-NEWYORK
CUST-JOIN-1683,Freight Account 1683,Asia Pacific,Startup,ORD-09183,2026-08-08,2184.27,WH-NEWYORK
CUST-JOIN-1684,Freight Account 1684,North America,Startup,ORD-01684,2026-08-29,5578.27,WH-NEWYORK
CUST-JOIN-1684,Freight Account 1684,North America,Startup,ORD-09184,2026-08-08,3155.93,WH-MIAMI
CUST-JOIN-1685,Freight Account 1685,Asia Pacific,SMB,ORD-01685,2026-08-29,2539.67,WH-MIAMI
CUST-JOIN-1685,Freight Account 1685,Asia Pacific,SMB,ORD-09185,2026-08-08,7986.06,WH-CHICAGO
CUST-JOIN-1686,Freight Account 1686,Asia Pacific,SMB,ORD-01686,2026-08-29,1693.45,WH-CHICAGO
CUST-JOIN-1686,Freight Account 1686,Asia Pacific,SMB,ORD-09186,2026-08-08,1403.71,WH-CHICAGO
CUST-JOIN-1687,Freight Account 1687,North America,SMB,ORD-01687,2026-08-29,2211.04,WH-DETROIT
CUST-JOIN-1687,Freight Account 1687,North America,SMB,ORD-09187,2026-08-08,4976.98,WH-MIAMI
CUST-JOIN-1688,Freight Account 1688,Asia Pacific,SMB,ORD-01688,2026-08-29,1739.28,WH-DETROIT
CUST-JOIN-1688,Freight Account 1688,Asia Pacific,SMB,ORD-09188,2026-08-08,4370.41,WH-CHICAGO
CUST-JOIN-1689,Freight Account 1689,Europe,Enterprise,ORD-01689,2026-08-29,7314.41,WH-DETROIT
CUST-JOIN-1689,Freight Account 1689,Europe,Enterprise,ORD-09189,2026-08-08,886.95,WH-MIAMI
CUST-JOIN-1690,Freight Account 1690,Europe,Startup,ORD-01690,2026-08-29,1904.26,WH-MIAMI
CUST-JOIN-1690,Freight Account 1690,Europe,Startup,ORD-09190,2026-08-08,3933.17,WH-NEWYORK
CUST-JOIN-1691,Freight Account 1691,Asia Pacific,SMB,ORD-01691,2026-08-29,2235.36,WH-DETROIT
CUST-JOIN-1691,Freight Account 1691,Asia Pacific,SMB,ORD-09191,2026-08-08,994.02,WH-CHICAGO
CUST-JOIN-1692,Freight Account 1692,North America,SMB,ORD-01692,2026-08-29,259.12,WH-CHICAGO
CUST-JOIN-1692,Freight Account 1692,North America,SMB,ORD-09192,2026-08-08,4387.14,WH-MIAMI
CUST-JOIN-1693,Freight Account 1693,Asia Pacific,SMB,ORD-01693,2026-08-29,880.97,WH-DETROIT
CUST-JOIN-1693,Freight Account 1693,Asia Pacific,SMB,ORD-09193,2026-08-09,6804.24,WH-CHICAGO
CUST-JOIN-1694,Freight Account 1694,Europe,Startup,ORD-01694,2026-08-29,4545.8,WH-CHICAGO
CUST-JOIN-1694,Freight Account 1694,Europe,Startup,ORD-09194,2026-08-09,7873.11,WH-DETROIT
CUST-JOIN-1695,Freight Account 1695,Asia Pacific,Enterprise,ORD-01695,2026-08-29,7153.59,WH-NEWYORK
CUST-JOIN-1695,Freight Account 1695,Asia Pacific,Enterprise,ORD-09195,2026-08-09,4368.1,WH-NEWYORK
CUST-JOIN-1696,Freight Account 1696,North America,Enterprise,ORD-01696,2026-08-29,5209.38,WH-NEWYORK
CUST-JOIN-1696,Freight Account 1696,North America,Enterprise,ORD-09196,2026-08-09,360.62,WH-MIAMI
CUST-JOIN-1697,Freight Account 1697,Europe,Startup,ORD-01697,2026-08-30,3174.85,WH-MIAMI
CUST-JOIN-1697,Freight Account 1697,Europe,Startup,ORD-09197,2026-08-09,2414.65,WH-MIAMI
CUST-JOIN-1698,Freight Account 1698,Asia Pacific,Startup,ORD-01698,2026-08-30,4402.23,WH-MIAMI
CUST-JOIN-1698,Freight Account 1698,Asia Pacific,Startup,ORD-09198,2026-08-09,5897.64,WH-CHICAGO
CUST-JOIN-1699,Freight Account 1699,Europe,Enterprise,ORD-01699,2026-08-30,1837.32,WH-MIAMI
CUST-JOIN-1699,Freight Account 1699,Europe,Enterprise,ORD-09199,2026-08-09,5724.83,WH-CHICAGO
CUST-JOIN-1700,Freight Account 1700,Europe,SMB,ORD-01700,2026-08-30,6312.92,WH-NEWYORK
CUST-JOIN-1700,Freight Account 1700,Europe,SMB,ORD-09200,2026-08-09,2084.81,WH-MIAMI
CUST-JOIN-1701,Freight Account 1701,Asia Pacific,Startup,ORD-01701,2026-08-30,4020.41,WH-MIAMI
CUST-JOIN-1701,Freight Account 1701,Asia Pacific,Startup,ORD-09201,2026-08-09,4599.49,WH-MIAMI
CUST-JOIN-1702,Freight Account 1702,Asia Pacific,SMB,ORD-01702,2026-08-30,2229.31,WH-MIAMI
CUST-JOIN-1702,Freight Account 1702,Asia Pacific,SMB,ORD-09202,2026-08-09,5559.97,WH-CHICAGO
CUST-JOIN-1703,Freight Account 1703,Europe,Startup,ORD-01703,2026-08-30,3886.38,WH-CHICAGO
CUST-JOIN-1703,Freight Account 1703,Europe,Startup,ORD-09203,2026-08-09,3470.36,WH-CHICAGO
CUST-JOIN-1704,Freight Account 1704,North America,Startup,ORD-01704,2026-08-30,7053.39,WH-DETROIT
CUST-JOIN-1704,Freight Account 1704,North America,Startup,ORD-09204,2026-08-09,6430.69,WH-MIAMI
CUST-JOIN-1705,Freight Account 1705,Asia Pacific,Enterprise,ORD-01705,2026-08-30,1951.51,WH-MIAMI
CUST-JOIN-1705,Freight Account 1705,Asia Pacific,Enterprise,ORD-09205,2026-08-09,1627.41,WH-MIAMI
CUST-JOIN-1706,Freight Account 1706,Asia Pacific,Startup,ORD-01706,2026-08-30,7718.6,WH-DETROIT
CUST-JOIN-1706,Freight Account 1706,Asia Pacific,Startup,ORD-09206,2026-08-09,3342.75,WH-CHICAGO
CUST-JOIN-1707,Freight Account 1707,Europe,SMB,ORD-01707,2026-08-30,5909.05,WH-CHICAGO
CUST-JOIN-1707,Freight Account 1707,Europe,SMB,ORD-09207,2026-08-09,882.47,WH-CHICAGO
CUST-JOIN-1708,Freight Account 1708,Europe,SMB,ORD-01708,2026-08-30,2711.92,WH-DETROIT
CUST-JOIN-1708,Freight Account 1708,Europe,SMB,ORD-09208,2026-08-09,6628.28,WH-DETROIT
CUST-JOIN-1709,Freight Account 1709,North America,SMB,ORD-01709,2026-08-30,5570.05,WH-MIAMI
CUST-JOIN-1709,Freight Account 1709,North America,SMB,ORD-09209,2026-08-09,5220.36,WH-DETROIT
CUST-JOIN-1710,Freight Account 1710,North America,SMB,ORD-01710,2026-08-30,3436.15,WH-CHICAGO
CUST-JOIN-1710,Freight Account 1710,North America,SMB,ORD-09210,2026-08-09,2940.09,WH-DETROIT
CUST-JOIN-1711,Freight Account 1711,North America,Startup,ORD-01711,2026-08-30,2250.1,WH-CHICAGO
CUST-JOIN-1711,Freight Account 1711,North America,Startup,ORD-09211,2026-08-09,7816.36,WH-DETROIT
CUST-JOIN-1712,Freight Account 1712,North America,Enterprise,ORD-01712,2026-08-30,1617.21,WH-MIAMI
CUST-JOIN-1712,Freight Account 1712,North America,Enterprise,ORD-09212,2026-08-09,1195.28,WH-DETROIT
CUST-JOIN-1713,Freight Account 1713,Asia Pacific,Startup,ORD-01713,2026-08-30,4986.21,WH-NEWYORK
CUST-JOIN-1713,Freight Account 1713,Asia Pacific,Startup,ORD-09213,2026-08-09,842.61,WH-NEWYORK
CUST-JOIN-1714,Freight Account 1714,Asia Pacific,SMB,ORD-01714,2026-08-30,1300.55,WH-CHICAGO
CUST-JOIN-1714,Freight Account 1714,Asia Pacific,SMB,ORD-09214,2026-08-09,4852.22,WH-CHICAGO
CUST-JOIN-1715,Freight Account 1715,Asia Pacific,Startup,ORD-01715,2026-08-30,1568.14,WH-NEWYORK
CUST-JOIN-1715,Freight Account 1715,Asia Pacific,Startup,ORD-09215,2026-08-09,7760.65,WH-DETROIT
CUST-JOIN-1716,Freight Account 1716,Europe,SMB,ORD-01716,2026-08-30,5562.02,WH-NEWYORK
CUST-JOIN-1716,Freight Account 1716,Europe,SMB,ORD-09216,2026-08-09,1257.47,WH-MIAMI
CUST-JOIN-1717,Freight Account 1717,Europe,Startup,ORD-01717,2026-08-30,4801.03,WH-DETROIT
CUST-JOIN-1717,Freight Account 1717,Europe,Startup,ORD-09217,2026-08-10,1422.66,WH-MIAMI
CUST-JOIN-1718,Freight Account 1718,Asia Pacific,SMB,ORD-01718,2026-08-30,6917.16,WH-CHICAGO
CUST-JOIN-1718,Freight Account 1718,Asia Pacific,SMB,ORD-09218,2026-08-10,7926.35,WH-MIAMI
CUST-JOIN-1719,Freight Account 1719,North America,SMB,ORD-01719,2026-08-30,1297.35,WH-NEWYORK
CUST-JOIN-1719,Freight Account 1719,North America,SMB,ORD-09219,2026-08-10,6917.82,WH-DETROIT
CUST-JOIN-1720,Freight Account 1720,North America,Enterprise,ORD-01720,2026-08-30,7113.31,WH-MIAMI
CUST-JOIN-1720,Freight Account 1720,North America,Enterprise,ORD-09220,2026-08-10,4333.53,WH-MIAMI
CUST-JOIN-1721,Freight Account 1721,Asia Pacific,SMB,ORD-01721,2026-08-31,6752.76,WH-MIAMI
CUST-JOIN-1721,Freight Account 1721,Asia Pacific,SMB,ORD-09221,2026-08-10,1011.57,WH-DETROIT
CUST-JOIN-1722,Freight Account 1722,Europe,Startup,ORD-01722,2026-08-31,5378.32,WH-DETROIT
CUST-JOIN-1722,Freight Account 1722,Europe,Startup,ORD-09222,2026-08-10,3734.43,WH-DETROIT
CUST-JOIN-1723,Freight Account 1723,Europe,Startup,ORD-01723,2026-08-31,3646.96,WH-DETROIT
CUST-JOIN-1723,Freight Account 1723,Europe,Startup,ORD-09223,2026-08-10,4018.24,WH-NEWYORK
CUST-JOIN-1724,Freight Account 1724,Asia Pacific,SMB,ORD-01724,2026-08-31,1066.84,WH-DETROIT
CUST-JOIN-1724,Freight Account 1724,Asia Pacific,SMB,ORD-09224,2026-08-10,7569.61,WH-MIAMI
CUST-JOIN-1725,Freight Account 1725,Europe,Startup,ORD-01725,2026-08-31,4194.34,WH-MIAMI
CUST-JOIN-1725,Freight Account 1725,Europe,Startup,ORD-09225,2026-08-10,5998.49,WH-CHICAGO
CUST-JOIN-1726,Freight Account 1726,Europe,SMB,ORD-01726,2026-08-31,6740.65,WH-CHICAGO
CUST-JOIN-1726,Freight Account 1726,Europe,SMB,ORD-09226,2026-08-10,6655.24,WH-CHICAGO
CUST-JOIN-1727,Freight Account 1727,Europe,SMB,ORD-01727,2026-08-31,7503.98,WH-MIAMI
CUST-JOIN-1727,Freight Account 1727,Europe,SMB,ORD-09227,2026-08-10,1010.72,WH-CHICAGO
CUST-JOIN-1728,Freight Account 1728,Europe,SMB,ORD-01728,2026-08-31,4594.77,WH-CHICAGO
CUST-JOIN-1728,Freight Account 1728,Europe,SMB,ORD-09228,2026-08-10,205.42,WH-CHICAGO
CUST-JOIN-1729,Freight Account 1729,Asia Pacific,SMB,ORD-01729,2026-08-31,2078.74,WH-NEWYORK
CUST-JOIN-1729,Freight Account 1729,Asia Pacific,SMB,ORD-09229,2026-08-10,3344.45,WH-CHICAGO
CUST-JOIN-1730,Freight Account 1730,Asia Pacific,Startup,ORD-01730,2026-08-31,4980.39,WH-NEWYORK
CUST-JOIN-1730,Freight Account 1730,Asia Pacific,Startup,ORD-09230,2026-08-10,526.39,WH-MIAMI
CUST-JOIN-1731,Freight Account 1731,Asia Pacific,Startup,ORD-01731,2026-08-31,5821.51,WH-DETROIT
CUST-JOIN-1731,Freight Account 1731,Asia Pacific,Startup,ORD-09231,2026-08-10,3641.6,WH-MIAMI
CUST-JOIN-1732,Freight Account 1732,North America,SMB,ORD-01732,2026-08-31,5945.39,WH-MIAMI
CUST-JOIN-1732,Freight Account 1732,North America,SMB,ORD-09232,2026-08-10,5097.2,WH-NEWYORK
CUST-JOIN-1733,Freight Account 1733,Europe,Startup,ORD-01733,2026-08-31,2507.87,WH-NEWYORK
CUST-JOIN-1733,Freight Account 1733,Europe,Startup,ORD-09233,2026-08-10,6218.3,WH-NEWYORK
CUST-JOIN-1734,Freight Account 1734,Europe,Startup,ORD-01734,2026-08-31,1238.98,WH-CHICAGO
CUST-JOIN-1734,Freight Account 1734,Europe,Startup,ORD-09234,2026-08-10,4977.46,WH-CHICAGO
CUST-JOIN-1735,Freight Account 1735,North America,Startup,ORD-01735,2026-08-31,2144.88,WH-NEWYORK
CUST-JOIN-1735,Freight Account 1735,North America,Startup,ORD-09235,2026-08-10,390.54,WH-MIAMI
CUST-JOIN-1736,Freight Account 1736,Europe,SMB,ORD-01736,2026-08-31,6269.55,WH-NEWYORK
CUST-JOIN-1736,Freight Account 1736,Europe,SMB,ORD-09236,2026-08-10,2414.69,WH-CHICAGO
CUST-JOIN-1737,Freight Account 1737,Asia Pacific,Startup,ORD-01737,2026-08-31,3014.34,WH-CHICAGO
CUST-JOIN-1737,Freight Account 1737,Asia Pacific,Startup,ORD-09237,2026-08-10,5035.51,WH-NEWYORK
CUST-JOIN-1738,Freight Account 1738,North America,Startup,ORD-01738,2026-08-31,6573.9,WH-NEWYORK
CUST-JOIN-1738,Freight Account 1738,North America,Startup,ORD-09238,2026-08-10,1789.17,WH-NEWYORK
CUST-JOIN-1739,Freight Account 1739,Europe,SMB,ORD-01739,2026-08-31,6075.49,WH-DETROIT
CUST-JOIN-1739,Freight Account 1739,Europe,SMB,ORD-09239,2026-08-10,6408.44,WH-MIAMI
CUST-JOIN-1740,Freight Account 1740,Europe,Startup,ORD-01740,2026-08-31,1374.42,WH-DETROIT
CUST-JOIN-1740,Freight Account 1740,Europe,Startup,ORD-09240,2026-08-10,1078.07,WH-DETROIT
CUST-JOIN-1741,Freight Account 1741,Asia Pacific,Startup,ORD-01741,2026-08-31,6784.92,WH-NEWYORK
CUST-JOIN-1741,Freight Account 1741,Asia Pacific,Startup,ORD-09241,2026-08-11,4147.75,WH-DETROIT
CUST-JOIN-1742,Freight Account 1742,Europe,Startup,ORD-01742,2026-08-31,5231.17,WH-MIAMI
CUST-JOIN-1742,Freight Account 1742,Europe,Startup,ORD-09242,2026-08-11,4429.5,WH-MIAMI
CUST-JOIN-1743,Freight Account 1743,Asia Pacific,Enterprise,ORD-01743,2026-08-31,3613.97,WH-DETROIT
CUST-JOIN-1743,Freight Account 1743,Asia Pacific,Enterprise,ORD-09243,2026-08-11,467.93,WH-MIAMI
CUST-JOIN-1744,Freight Account 1744,North America,SMB,ORD-01744,2026-08-31,3970.96,WH-CHICAGO
CUST-JOIN-1744,Freight Account 1744,North America,SMB,ORD-09244,2026-08-11,1122.82,WH-MIAMI
CUST-JOIN-1745,Freight Account 1745,Asia Pacific,Startup,ORD-01745,2026-09-01,7970.89,WH-CHICAGO
CUST-JOIN-1745,Freight Account 1745,Asia Pacific,Startup,ORD-09245,2026-08-11,7596.78,WH-MIAMI
CUST-JOIN-1746,Freight Account 1746,North America,Startup,ORD-01746,2026-09-01,1616.42,WH-MIAMI
CUST-JOIN-1746,Freight Account 1746,North America,Startup,ORD-09246,2026-08-11,306.88,WH-NEWYORK
CUST-JOIN-1747,Freight Account 1747,North America,Startup,ORD-01747,2026-09-01,488.12,WH-MIAMI
CUST-JOIN-1747,Freight Account 1747,North America,Startup,ORD-09247,2026-08-11,872.28,WH-NEWYORK
CUST-JOIN-1748,Freight Account 1748,Europe,Startup,ORD-01748,2026-09-01,3841.25,WH-CHICAGO
CUST-JOIN-1748,Freight Account 1748,Europe,Startup,ORD-09248,2026-08-11,4845.65,WH-MIAMI
CUST-JOIN-1749,Freight Account 1749,Asia Pacific,SMB,ORD-01749,2026-09-01,1719.29,WH-DETROIT
CUST-JOIN-1749,Freight Account 1749,Asia Pacific,SMB,ORD-09249,2026-08-11,1578.22,WH-MIAMI
CUST-JOIN-1750,Freight Account 1750,Europe,Startup,ORD-01750,2026-09-01,2743.06,WH-MIAMI
CUST-JOIN-1750,Freight Account 1750,Europe,Startup,ORD-09250,2026-08-11,5332.24,WH-DETROIT
CUST-JOIN-1751,Freight Account 1751,Europe,Startup,ORD-01751,2026-09-01,225.89,WH-MIAMI
CUST-JOIN-1751,Freight Account 1751,Europe,Startup,ORD-09251,2026-08-11,4951.14,WH-CHICAGO
CUST-JOIN-1752,Freight Account 1752,Europe,SMB,ORD-01752,2026-09-01,3877.23,WH-MIAMI
CUST-JOIN-1752,Freight Account 1752,Europe,SMB,ORD-09252,2026-08-11,7307.31,WH-NEWYORK
CUST-JOIN-1753,Freight Account 1753,Europe,Startup,ORD-01753,2026-09-01,3418.43,WH-CHICAGO
CUST-JOIN-1753,Freight Account 1753,Europe,Startup,ORD-09253,2026-08-11,7139.22,WH-MIAMI
CUST-JOIN-1754,Freight Account 1754,North America,Startup,ORD-01754,2026-09-01,6085.0,WH-NEWYORK
CUST-JOIN-1754,Freight Account 1754,North America,Startup,ORD-09254,2026-08-11,700.15,WH-CHICAGO
CUST-JOIN-1755,Freight Account 1755,Europe,SMB,ORD-01755,2026-09-01,4126.57,WH-MIAMI
CUST-JOIN-1755,Freight Account 1755,Europe,SMB,ORD-09255,2026-08-11,4067.87,WH-MIAMI
CUST-JOIN-1756,Freight Account 1756,Europe,SMB,ORD-01756,2026-09-01,643.74,WH-CHICAGO
CUST-JOIN-1756,Freight Account 1756,Europe,SMB,ORD-09256,2026-08-11,4766.75,WH-CHICAGO
CUST-JOIN-1757,Freight Account 1757,Europe,Startup,ORD-01757,2026-09-01,6303.97,WH-NEWYORK
CUST-JOIN-1757,Freight Account 1757,Europe,Startup,ORD-09257,2026-08-11,4194.35,WH-MIAMI
CUST-JOIN-1758,Freight Account 1758,North America,Startup,ORD-01758,2026-09-01,4989.8,WH-MIAMI
CUST-JOIN-1758,Freight Account 1758,North America,Startup,ORD-09258,2026-08-11,2855.07,WH-CHICAGO
CUST-JOIN-1759,Freight Account 1759,North America,Startup,ORD-01759,2026-09-01,4586.59,WH-NEWYORK
CUST-JOIN-1759,Freight Account 1759,North America,Startup,ORD-09259,2026-08-11,1539.84,WH-MIAMI
CUST-JOIN-1760,Freight Account 1760,Asia Pacific,Startup,ORD-01760,2026-09-01,2569.05,WH-DETROIT
CUST-JOIN-1760,Freight Account 1760,Asia Pacific,Startup,ORD-09260,2026-08-11,7339.1,WH-NEWYORK
CUST-JOIN-1761,Freight Account 1761,Asia Pacific,Startup,ORD-01761,2026-09-01,7260.03,WH-CHICAGO
CUST-JOIN-1761,Freight Account 1761,Asia Pacific,Startup,ORD-09261,2026-08-11,7216.61,WH-DETROIT
CUST-JOIN-1762,Freight Account 1762,North America,Startup,ORD-01762,2026-09-01,908.4,WH-NEWYORK
CUST-JOIN-1762,Freight Account 1762,North America,Startup,ORD-09262,2026-08-11,3276.89,WH-MIAMI
CUST-JOIN-1763,Freight Account 1763,North America,Enterprise,ORD-01763,2026-09-01,2614.95,WH-DETROIT
CUST-JOIN-1763,Freight Account 1763,North America,Enterprise,ORD-09263,2026-08-11,4392.17,WH-MIAMI
CUST-JOIN-1764,Freight Account 1764,Asia Pacific,SMB,ORD-01764,2026-09-01,472.9,WH-MIAMI
CUST-JOIN-1764,Freight Account 1764,Asia Pacific,SMB,ORD-09264,2026-08-11,2877.1,WH-MIAMI
CUST-JOIN-1765,Freight Account 1765,North America,Startup,ORD-01765,2026-09-01,5238.55,WH-MIAMI
CUST-JOIN-1765,Freight Account 1765,North America,Startup,ORD-09265,2026-08-12,3507.3,WH-DETROIT
CUST-JOIN-1766,Freight Account 1766,Europe,Startup,ORD-01766,2026-09-01,7337.43,WH-NEWYORK
CUST-JOIN-1766,Freight Account 1766,Europe,Startup,ORD-09266,2026-08-12,3780.69,WH-MIAMI
CUST-JOIN-1767,Freight Account 1767,Europe,Startup,ORD-01767,2026-09-01,2459.74,WH-MIAMI
CUST-JOIN-1767,Freight Account 1767,Europe,Startup,ORD-09267,2026-08-12,2816.69,WH-CHICAGO
CUST-JOIN-1768,Freight Account 1768,North America,SMB,ORD-01768,2026-09-01,3170.94,WH-NEWYORK
CUST-JOIN-1768,Freight Account 1768,North America,SMB,ORD-09268,2026-08-12,6575.21,WH-CHICAGO
CUST-JOIN-1769,Freight Account 1769,North America,SMB,ORD-01769,2026-09-02,4135.6,WH-NEWYORK
CUST-JOIN-1769,Freight Account 1769,North America,SMB,ORD-09269,2026-08-12,4990.88,WH-CHICAGO
CUST-JOIN-1770,Freight Account 1770,North America,SMB,ORD-01770,2026-09-02,7513.02,WH-DETROIT
CUST-JOIN-1770,Freight Account 1770,North America,SMB,ORD-09270,2026-08-12,3626.12,WH-DETROIT
CUST-JOIN-1771,Freight Account 1771,Asia Pacific,Startup,ORD-01771,2026-09-02,595.76,WH-DETROIT
CUST-JOIN-1771,Freight Account 1771,Asia Pacific,Startup,ORD-09271,2026-08-12,6840.63,WH-NEWYORK
CUST-JOIN-1772,Freight Account 1772,North America,SMB,ORD-01772,2026-09-02,2053.61,WH-DETROIT
CUST-JOIN-1772,Freight Account 1772,North America,SMB,ORD-09272,2026-08-12,5271.78,WH-DETROIT
CUST-JOIN-1773,Freight Account 1773,Europe,SMB,ORD-01773,2026-09-02,6640.51,WH-NEWYORK
CUST-JOIN-1773,Freight Account 1773,Europe,SMB,ORD-09273,2026-08-12,4553.15,WH-MIAMI
CUST-JOIN-1774,Freight Account 1774,North America,Startup,ORD-01774,2026-09-02,4114.17,WH-MIAMI
CUST-JOIN-1774,Freight Account 1774,North America,Startup,ORD-09274,2026-08-12,3617.25,WH-DETROIT
CUST-JOIN-1775,Freight Account 1775,Europe,Startup,ORD-01775,2026-09-02,1840.43,WH-CHICAGO
CUST-JOIN-1775,Freight Account 1775,Europe,Startup,ORD-09275,2026-08-12,3344.55,WH-MIAMI
CUST-JOIN-1776,Freight Account 1776,Europe,Startup,ORD-01776,2026-09-02,4701.89,WH-MIAMI
CUST-JOIN-1776,Freight Account 1776,Europe,Startup,ORD-09276,2026-08-12,354.85,WH-MIAMI
CUST-JOIN-1777,Freight Account 1777,North America,Enterprise,ORD-01777,2026-09-02,497.28,WH-NEWYORK
CUST-JOIN-1777,Freight Account 1777,North America,Enterprise,ORD-09277,2026-08-12,952.89,WH-NEWYORK
CUST-JOIN-1778,Freight Account 1778,Asia Pacific,Startup,ORD-01778,2026-09-02,6082.21,WH-DETROIT
CUST-JOIN-1778,Freight Account 1778,Asia Pacific,Startup,ORD-09278,2026-08-12,742.86,WH-CHICAGO
CUST-JOIN-1779,Freight Account 1779,North America,Startup,ORD-01779,2026-09-02,5436.11,WH-MIAMI
CUST-JOIN-1779,Freight Account 1779,North America,Startup,ORD-09279,2026-08-12,7950.78,WH-NEWYORK
CUST-JOIN-1780,Freight Account 1780,Europe,SMB,ORD-01780,2026-09-02,3546.22,WH-CHICAGO
CUST-JOIN-1780,Freight Account 1780,Europe,SMB,ORD-09280,2026-08-12,2020.46,WH-MIAMI
CUST-JOIN-1781,Freight Account 1781,Europe,SMB,ORD-01781,2026-09-02,4442.91,WH-DETROIT
CUST-JOIN-1781,Freight Account 1781,Europe,SMB,ORD-09281,2026-08-12,2402.81,WH-MIAMI
CUST-JOIN-1782,Freight Account 1782,Asia Pacific,Startup,ORD-01782,2026-09-02,3278.81,WH-DETROIT
CUST-JOIN-1782,Freight Account 1782,Asia Pacific,Startup,ORD-09282,2026-08-12,6527.51,WH-DETROIT
CUST-JOIN-1783,Freight Account 1783,Europe,SMB,ORD-01783,2026-09-02,2847.0,WH-NEWYORK
CUST-JOIN-1783,Freight Account 1783,Europe,SMB,ORD-09283,2026-08-12,2326.41,WH-NEWYORK
CUST-JOIN-1784,Freight Account 1784,Asia Pacific,SMB,ORD-01784,2026-09-02,7857.58,WH-NEWYORK
CUST-JOIN-1784,Freight Account 1784,Asia Pacific,SMB,ORD-09284,2026-08-12,6678.6,WH-NEWYORK
CUST-JOIN-1785,Freight Account 1785,North America,Startup,ORD-01785,2026-09-02,5430.59,WH-CHICAGO
CUST-JOIN-1785,Freight Account 1785,North America,Startup,ORD-09285,2026-08-12,1855.6,WH-DETROIT
CUST-JOIN-1786,Freight Account 1786,North America,Startup,ORD-01786,2026-09-02,3300.75,WH-MIAMI
CUST-JOIN-1786,Freight Account 1786,North America,Startup,ORD-09286,2026-08-12,6790.9,WH-NEWYORK
CUST-JOIN-1787,Freight Account 1787,Asia Pacific,Startup,ORD-01787,2026-09-02,7832.52,WH-NEWYORK
CUST-JOIN-1787,Freight Account 1787,Asia Pacific,Startup,ORD-09287,2026-08-12,2129.95,WH-DETROIT
CUST-JOIN-1788,Freight Account 1788,Asia Pacific,Startup,ORD-01788,2026-09-02,2983.7,WH-NEWYORK
CUST-JOIN-1788,Freight Account 1788,Asia Pacific,Startup,ORD-09288,2026-08-12,6477.33,WH-MIAMI
CUST-JOIN-1789,Freight Account 1789,North America,Startup,ORD-01789,2026-09-02,5993.57,WH-CHICAGO
CUST-JOIN-1789,Freight Account 1789,North America,Startup,ORD-09289,2026-08-13,7369.58,WH-DETROIT
CUST-JOIN-1790,Freight Account 1790,Europe,Enterprise,ORD-01790,2026-09-02,1917.29,WH-CHICAGO
CUST-JOIN-1790,Freight Account 1790,Europe,Enterprise,ORD-09290,2026-08-13,4546.32,WH-NEWYORK
CUST-JOIN-1791,Freight Account 1791,Europe,Startup,ORD-01791,2026-09-02,1940.0,WH-MIAMI
CUST-JOIN-1791,Freight Account 1791,Europe,Startup,ORD-09291,2026-08-13,2239.76,WH-NEWYORK
CUST-JOIN-1792,Freight Account 1792,North America,SMB,ORD-01792,2026-09-02,7084.7,WH-CHICAGO
CUST-JOIN-1792,Freight Account 1792,North America,SMB,ORD-09292,2026-08-13,3341.75,WH-DETROIT
CUST-JOIN-1793,Freight Account 1793,North America,SMB,ORD-01793,2026-09-03,1893.38,WH-MIAMI
CUST-JOIN-1793,Freight Account 1793,North America,SMB,ORD-09293,2026-08-13,7021.64,WH-NEWYORK
CUST-JOIN-1794,Freight Account 1794,Europe,SMB,ORD-01794,2026-09-03,5214.23,WH-DETROIT
CUST-JOIN-1794,Freight Account 1794,Europe,SMB,ORD-09294,2026-08-13,6644.52,WH-DETROIT
CUST-JOIN-1795,Freight Account 1795,North America,SMB,ORD-01795,2026-09-03,6118.45,WH-NEWYORK
CUST-JOIN-1795,Freight Account 1795,North America,SMB,ORD-09295,2026-08-13,628.01,WH-NEWYORK
CUST-JOIN-1796,Freight Account 1796,Europe,Startup,ORD-01796,2026-09-03,7205.91,WH-DETROIT
CUST-JOIN-1796,Freight Account 1796,Europe,Startup,ORD-09296,2026-08-13,2140.39,WH-DETROIT
CUST-JOIN-1797,Freight Account 1797,Europe,Startup,ORD-01797,2026-09-03,1165.87,WH-DETROIT
CUST-JOIN-1797,Freight Account 1797,Europe,Startup,ORD-09297,2026-08-13,6433.52,WH-MIAMI
CUST-JOIN-1798,Freight Account 1798,Asia Pacific,SMB,ORD-01798,2026-09-03,3336.66,WH-NEWYORK
CUST-JOIN-1798,Freight Account 1798,Asia Pacific,SMB,ORD-09298,2026-08-13,3287.06,WH-CHICAGO
CUST-JOIN-1799,Freight Account 1799,North America,SMB,ORD-01799,2026-09-03,7163.31,WH-DETROIT
CUST-JOIN-1799,Freight Account 1799,North America,SMB,ORD-09299,2026-08-13,4826.05,WH-CHICAGO
CUST-JOIN-1800,Freight Account 1800,Europe,Startup,ORD-01800,2026-09-03,5105.55,WH-DETROIT
CUST-JOIN-1800,Freight Account 1800,Europe,Startup,ORD-09300,2026-08-13,1826.03,WH-CHICAGO
CUST-JOIN-1801,Freight Account 1801,Asia Pacific,SMB,ORD-01801,2026-09-03,1222.49,WH-MIAMI
CUST-JOIN-1801,Freight Account 1801,Asia Pacific,SMB,ORD-09301,2026-08-13,6019.9,WH-DETROIT
CUST-JOIN-1802,Freight Account 1802,North America,SMB,ORD-01802,2026-09-03,4327.78,WH-CHICAGO
CUST-JOIN-1802,Freight Account 1802,North America,SMB,ORD-09302,2026-08-13,3350.53,WH-CHICAGO
CUST-JOIN-1803,Freight Account 1803,North America,Startup,ORD-01803,2026-09-03,4088.49,WH-DETROIT
CUST-JOIN-1803,Freight Account 1803,North America,Startup,ORD-09303,2026-08-13,5775.72,WH-NEWYORK
CUST-JOIN-1804,Freight Account 1804,Europe,Startup,ORD-01804,2026-09-03,5488.5,WH-DETROIT
CUST-JOIN-1804,Freight Account 1804,Europe,Startup,ORD-09304,2026-08-13,6382.66,WH-NEWYORK
CUST-JOIN-1805,Freight Account 1805,North America,Enterprise,ORD-01805,2026-09-03,3018.71,WH-DETROIT
CUST-JOIN-1805,Freight Account 1805,North America,Enterprise,ORD-09305,2026-08-13,4773.3,WH-CHICAGO
CUST-JOIN-1806,Freight Account 1806,North America,Enterprise,ORD-01806,2026-09-03,2492.16,WH-NEWYORK
CUST-JOIN-1806,Freight Account 1806,North America,Enterprise,ORD-09306,2026-08-13,7969.3,WH-NEWYORK
CUST-JOIN-1807,Freight Account 1807,North America,Startup,ORD-01807,2026-09-03,2446.94,WH-NEWYORK
CUST-JOIN-1807,Freight Account 1807,North America,Startup,ORD-09307,2026-08-13,2103.99,WH-CHICAGO
CUST-JOIN-1808,Freight Account 1808,Asia Pacific,SMB,ORD-01808,2026-09-03,3689.91,WH-DETROIT
CUST-JOIN-1808,Freight Account 1808,Asia Pacific,SMB,ORD-09308,2026-08-13,4049.86,WH-MIAMI
CUST-JOIN-1809,Freight Account 1809,Asia Pacific,SMB,ORD-01809,2026-09-03,6277.19,WH-DETROIT
CUST-JOIN-1809,Freight Account 1809,Asia Pacific,SMB,ORD-09309,2026-08-13,6494.08,WH-NEWYORK
CUST-JOIN-1810,Freight Account 1810,North America,Startup,ORD-01810,2026-09-03,6378.79,WH-MIAMI
CUST-JOIN-1810,Freight Account 1810,North America,Startup,ORD-09310,2026-08-13,3519.84,WH-MIAMI
CUST-JOIN-1811,Freight Account 1811,Asia Pacific,Enterprise,ORD-01811,2026-09-03,815.91,WH-DETROIT
CUST-JOIN-1811,Freight Account 1811,Asia Pacific,Enterprise,ORD-09311,2026-08-13,3383.46,WH-NEWYORK
CUST-JOIN-1812,Freight Account 1812,Europe,Startup,ORD-01812,2026-09-03,4745.99,WH-MIAMI
CUST-JOIN-1812,Freight Account 1812,Europe,Startup,ORD-09312,2026-08-13,2697.5,WH-NEWYORK
CUST-JOIN-1813,Freight Account 1813,North America,Startup,ORD-01813,2026-09-03,3304.87,WH-DETROIT
CUST-JOIN-1813,Freight Account 1813,North America,Startup,ORD-09313,2026-08-14,2323.83,WH-NEWYORK
CUST-JOIN-1814,Freight Account 1814,Asia Pacific,Startup,ORD-01814,2026-09-03,484.68,WH-NEWYORK
CUST-JOIN-1814,Freight Account 1814,Asia Pacific,Startup,ORD-09314,2026-08-14,2965.5,WH-MIAMI
CUST-JOIN-1815,Freight Account 1815,North America,Enterprise,ORD-01815,2026-09-03,6101.13,WH-CHICAGO
CUST-JOIN-1815,Freight Account 1815,North America,Enterprise,ORD-09315,2026-08-14,1083.33,WH-CHICAGO
CUST-JOIN-1816,Freight Account 1816,Europe,Startup,ORD-01816,2026-09-03,3946.69,WH-DETROIT
CUST-JOIN-1816,Freight Account 1816,Europe,Startup,ORD-09316,2026-08-14,5540.53,WH-DETROIT
CUST-JOIN-1817,Freight Account 1817,Europe,Startup,ORD-01817,2026-09-04,6373.52,WH-NEWYORK
CUST-JOIN-1817,Freight Account 1817,Europe,Startup,ORD-09317,2026-08-14,315.03,WH-MIAMI
CUST-JOIN-1818,Freight Account 1818,Asia Pacific,SMB,ORD-01818,2026-09-04,7477.58,WH-DETROIT
CUST-JOIN-1818,Freight Account 1818,Asia Pacific,SMB,ORD-09318,2026-08-14,702.32,WH-NEWYORK
CUST-JOIN-1819,Freight Account 1819,Asia Pacific,SMB,ORD-01819,2026-09-04,6786.25,WH-NEWYORK
CUST-JOIN-1819,Freight Account 1819,Asia Pacific,SMB,ORD-09319,2026-08-14,3593.55,WH-NEWYORK
CUST-JOIN-1820,Freight Account 1820,Europe,SMB,ORD-01820,2026-09-04,4693.54,WH-NEWYORK
CUST-JOIN-1820,Freight Account 1820,Europe,SMB,ORD-09320,2026-08-14,3253.88,WH-NEWYORK
CUST-JOIN-1821,Freight Account 1821,Asia Pacific,Startup,ORD-01821,2026-09-04,2543.59,WH-CHICAGO
CUST-JOIN-1821,Freight Account 1821,Asia Pacific,Startup,ORD-09321,2026-08-14,4857.4,WH-DETROIT
CUST-JOIN-1822,Freight Account 1822,North America,Startup,ORD-01822,2026-09-04,620.41,WH-CHICAGO
CUST-JOIN-1822,Freight Account 1822,North America,Startup,ORD-09322,2026-08-14,6679.12,WH-CHICAGO
CUST-JOIN-1823,Freight Account 1823,North America,Startup,ORD-01823,2026-09-04,5499.04,WH-MIAMI
CUST-JOIN-1823,Freight Account 1823,North America,Startup,ORD-09323,2026-08-14,5157.24,WH-NEWYORK
CUST-JOIN-1824,Freight Account 1824,Europe,Startup,ORD-01824,2026-09-04,7802.96,WH-MIAMI
CUST-JOIN-1824,Freight Account 1824,Europe,Startup,ORD-09324,2026-08-14,1771.01,WH-DETROIT
CUST-JOIN-1825,Freight Account 1825,North America,SMB,ORD-01825,2026-09-04,5260.82,WH-CHICAGO
CUST-JOIN-1825,Freight Account 1825,North America,SMB,ORD-09325,2026-08-14,3956.54,WH-NEWYORK
CUST-JOIN-1826,Freight Account 1826,Europe,Startup,ORD-01826,2026-09-04,553.51,WH-NEWYORK
CUST-JOIN-1826,Freight Account 1826,Europe,Startup,ORD-09326,2026-08-14,1139.24,WH-NEWYORK
CUST-JOIN-1827,Freight Account 1827,Europe,SMB,ORD-01827,2026-09-04,958.1,WH-NEWYORK
CUST-JOIN-1827,Freight Account 1827,Europe,SMB,ORD-09327,2026-08-14,4062.09,WH-NEWYORK
CUST-JOIN-1828,Freight Account 1828,Asia Pacific,Startup,ORD-01828,2026-09-04,3052.83,WH-NEWYORK
CUST-JOIN-1828,Freight Account 1828,Asia Pacific,Startup,ORD-09328,2026-08-14,216.19,WH-CHICAGO
CUST-JOIN-1829,Freight Account 1829,North America,Enterprise,ORD-01829,2026-09-04,4236.75,WH-CHICAGO
CUST-JOIN-1829,Freight Account 1829,North America,Enterprise,ORD-09329,2026-08-14,7853.86,WH-CHICAGO
CUST-JOIN-1830,Freight Account 1830,North America,Startup,ORD-01830,2026-09-04,3696.74,WH-NEWYORK
CUST-JOIN-1830,Freight Account 1830,North America,Startup,ORD-09330,2026-08-14,3642.14,WH-DETROIT
CUST-JOIN-1831,Freight Account 1831,Europe,Startup,ORD-01831,2026-09-04,269.19,WH-NEWYORK
CUST-JOIN-1831,Freight Account 1831,Europe,Startup,ORD-09331,2026-08-14,2887.08,WH-MIAMI
CUST-JOIN-1832,Freight Account 1832,North America,SMB,ORD-01832,2026-09-04,4705.1,WH-DETROIT
CUST-JOIN-1832,Freight Account 1832,North America,SMB,ORD-09332,2026-08-14,1598.0,WH-NEWYORK
CUST-JOIN-1833,Freight Account 1833,North America,SMB,ORD-01833,2026-09-04,3006.45,WH-DETROIT
CUST-JOIN-1833,Freight Account 1833,North America,SMB,ORD-09333,2026-08-14,2759.7,WH-CHICAGO
CUST-JOIN-1834,Freight Account 1834,Europe,SMB,ORD-01834,2026-09-04,4790.08,WH-CHICAGO
CUST-JOIN-1834,Freight Account 1834,Europe,SMB,ORD-09334,2026-08-14,5545.28,WH-DETROIT
CUST-JOIN-1835,Freight Account 1835,North America,SMB,ORD-01835,2026-09-04,7747.43,WH-CHICAGO
CUST-JOIN-1835,Freight Account 1835,North America,SMB,ORD-09335,2026-08-14,891.58,WH-NEWYORK
CUST-JOIN-1836,Freight Account 1836,Europe,Startup,ORD-01836,2026-09-04,6513.91,WH-MIAMI
CUST-JOIN-1836,Freight Account 1836,Europe,Startup,ORD-09336,2026-08-14,7115.42,WH-NEWYORK
CUST-JOIN-1837,Freight Account 1837,Asia Pacific,Startup,ORD-01837,2026-09-04,4637.61,WH-DETROIT
CUST-JOIN-1837,Freight Account 1837,Asia Pacific,Startup,ORD-09337,2026-08-15,1958.15,WH-NEWYORK
CUST-JOIN-1838,Freight Account 1838,North America,Startup,ORD-01838,2026-09-04,1141.58,WH-MIAMI
CUST-JOIN-1838,Freight Account 1838,North America,Startup,ORD-09338,2026-08-15,3040.19,WH-DETROIT
CUST-JOIN-1839,Freight Account 1839,Europe,Startup,ORD-01839,2026-09-04,6312.78,WH-NEWYORK
CUST-JOIN-1839,Freight Account 1839,Europe,Startup,ORD-09339,2026-08-15,2061.93,WH-MIAMI
CUST-JOIN-1840,Freight Account 1840,Asia Pacific,SMB,ORD-01840,2026-09-04,910.97,WH-DETROIT
CUST-JOIN-1840,Freight Account 1840,Asia Pacific,SMB,ORD-09340,2026-08-15,6353.94,WH-NEWYORK
CUST-JOIN-1841,Freight Account 1841,Asia Pacific,SMB,ORD-01841,2026-09-05,5760.22,WH-CHICAGO
CUST-JOIN-1841,Freight Account 1841,Asia Pacific,SMB,ORD-09341,2026-08-15,6952.23,WH-NEWYORK
CUST-JOIN-1842,Freight Account 1842,North America,Startup,ORD-01842,2026-09-05,7511.13,WH-DETROIT
CUST-JOIN-1842,Freight Account 1842,North America,Startup,ORD-09342,2026-08-15,2208.97,WH-DETROIT
CUST-JOIN-1843,Freight Account 1843,Europe,Startup,ORD-01843,2026-09-05,4723.37,WH-CHICAGO
CUST-JOIN-1843,Freight Account 1843,Europe,Startup,ORD-09343,2026-08-15,1325.08,WH-MIAMI
CUST-JOIN-1844,Freight Account 1844,Asia Pacific,Startup,ORD-01844,2026-09-05,2097.12,WH-CHICAGO
CUST-JOIN-1844,Freight Account 1844,Asia Pacific,Startup,ORD-09344,2026-08-15,3104.52,WH-MIAMI
CUST-JOIN-1845,Freight Account 1845,Asia Pacific,Startup,ORD-01845,2026-09-05,3460.17,WH-MIAMI
CUST-JOIN-1845,Freight Account 1845,Asia Pacific,Startup,ORD-09345,2026-08-15,7242.18,WH-NEWYORK
CUST-JOIN-1846,Freight Account 1846,Europe,SMB,ORD-01846,2026-09-05,7558.75,WH-CHICAGO
CUST-JOIN-1846,Freight Account 1846,Europe,SMB,ORD-09346,2026-08-15,3695.19,WH-NEWYORK
CUST-JOIN-1847,Freight Account 1847,Asia Pacific,Startup,ORD-01847,2026-09-05,4843.46,WH-DETROIT
CUST-JOIN-1847,Freight Account 1847,Asia Pacific,Startup,ORD-09347,2026-08-15,7239.82,WH-NEWYORK
CUST-JOIN-1848,Freight Account 1848,Asia Pacific,Startup,ORD-01848,2026-09-05,6908.74,WH-MIAMI
CUST-JOIN-1848,Freight Account 1848,Asia Pacific,Startup,ORD-09348,2026-08-15,641.51,WH-CHICAGO
CUST-JOIN-1849,Freight Account 1849,North America,SMB,ORD-01849,2026-09-05,4763.95,WH-DETROIT
CUST-JOIN-1849,Freight Account 1849,North America,SMB,ORD-09349,2026-08-15,389.62,WH-NEWYORK
CUST-JOIN-1850,Freight Account 1850,Europe,Startup,ORD-01850,2026-09-05,3572.82,WH-NEWYORK
CUST-JOIN-1850,Freight Account 1850,Europe,Startup,ORD-09350,2026-08-15,2195.43,WH-DETROIT
CUST-JOIN-1851,Freight Account 1851,Europe,Startup,ORD-01851,2026-09-05,6098.83,WH-CHICAGO
CUST-JOIN-1851,Freight Account 1851,Europe,Startup,ORD-09351,2026-08-15,7165.31,WH-MIAMI
CUST-JOIN-1852,Freight Account 1852,Asia Pacific,Enterprise,ORD-01852,2026-09-05,1648.51,WH-MIAMI
CUST-JOIN-1852,Freight Account 1852,Asia Pacific,Enterprise,ORD-09352,2026-08-15,3195.58,WH-DETROIT
CUST-JOIN-1853,Freight Account 1853,Europe,Enterprise,ORD-01853,2026-09-05,3896.35,WH-DETROIT
CUST-JOIN-1853,Freight Account 1853,Europe,Enterprise,ORD-09353,2026-08-15,1916.01,WH-CHICAGO
CUST-JOIN-1854,Freight Account 1854,North America,Startup,ORD-01854,2026-09-05,6334.2,WH-MIAMI
CUST-JOIN-1854,Freight Account 1854,North America,Startup,ORD-09354,2026-08-15,2153.87,WH-CHICAGO
CUST-JOIN-1855,Freight Account 1855,Asia Pacific,Startup,ORD-01855,2026-09-05,2933.37,WH-NEWYORK
CUST-JOIN-1855,Freight Account 1855,Asia Pacific,Startup,ORD-09355,2026-08-15,4249.97,WH-CHICAGO
CUST-JOIN-1856,Freight Account 1856,Asia Pacific,SMB,ORD-01856,2026-09-05,7018.28,WH-CHICAGO
CUST-JOIN-1856,Freight Account 1856,Asia Pacific,SMB,ORD-09356,2026-08-15,4911.87,WH-NEWYORK
CUST-JOIN-1857,Freight Account 1857,Asia Pacific,SMB,ORD-01857,2026-09-05,3688.3,WH-MIAMI
CUST-JOIN-1857,Freight Account 1857,Asia Pacific,SMB,ORD-09357,2026-08-15,676.38,WH-MIAMI
CUST-JOIN-1858,Freight Account 1858,North America,Startup,ORD-01858,2026-09-05,5956.92,WH-MIAMI
CUST-JOIN-1858,Freight Account 1858,North America,Startup,ORD-09358,2026-08-15,3599.91,WH-NEWYORK
CUST-JOIN-1859,Freight Account 1859,Asia Pacific,SMB,ORD-01859,2026-09-05,7607.66,WH-DETROIT
CUST-JOIN-1859,Freight Account 1859,Asia Pacific,SMB,ORD-09359,2026-08-15,5606.63,WH-MIAMI
CUST-JOIN-1860,Freight Account 1860,Asia Pacific,SMB,ORD-01860,2026-09-05,5645.62,WH-DETROIT
CUST-JOIN-1860,Freight Account 1860,Asia Pacific,SMB,ORD-09360,2026-08-15,493.6,WH-MIAMI
CUST-JOIN-1861,Freight Account 1861,Europe,Startup,ORD-01861,2026-09-05,1661.12,WH-NEWYORK
CUST-JOIN-1861,Freight Account 1861,Europe,Startup,ORD-09361,2026-08-16,4749.93,WH-DETROIT
CUST-JOIN-1862,Freight Account 1862,Asia Pacific,Startup,ORD-01862,2026-09-05,7455.6,WH-NEWYORK
CUST-JOIN-1862,Freight Account 1862,Asia Pacific,Startup,ORD-09362,2026-08-16,5787.52,WH-DETROIT
CUST-JOIN-1863,Freight Account 1863,North America,Startup,ORD-01863,2026-09-05,5050.47,WH-NEWYORK
CUST-JOIN-1863,Freight Account 1863,North America,Startup,ORD-09363,2026-08-16,2148.61,WH-MIAMI
CUST-JOIN-1864,Freight Account 1864,North America,SMB,ORD-01864,2026-09-05,2255.87,WH-DETROIT
CUST-JOIN-1864,Freight Account 1864,North America,SMB,ORD-09364,2026-08-16,5855.93,WH-CHICAGO
CUST-JOIN-1865,Freight Account 1865,Europe,Enterprise,ORD-01865,2026-09-06,4414.7,WH-CHICAGO
CUST-JOIN-1865,Freight Account 1865,Europe,Enterprise,ORD-09365,2026-08-16,6309.42,WH-DETROIT
CUST-JOIN-1866,Freight Account 1866,North America,Startup,ORD-01866,2026-09-06,6258.25,WH-MIAMI
CUST-JOIN-1866,Freight Account 1866,North America,Startup,ORD-09366,2026-08-16,5885.22,WH-MIAMI
CUST-JOIN-1867,Freight Account 1867,Asia Pacific,Enterprise,ORD-01867,2026-09-06,6335.81,WH-DETROIT
CUST-JOIN-1867,Freight Account 1867,Asia Pacific,Enterprise,ORD-09367,2026-08-16,7088.27,WH-MIAMI
CUST-JOIN-1868,Freight Account 1868,North America,Startup,ORD-01868,2026-09-06,3236.45,WH-MIAMI
CUST-JOIN-1868,Freight Account 1868,North America,Startup,ORD-09368,2026-08-16,701.3,WH-NEWYORK
CUST-JOIN-1869,Freight Account 1869,North America,Startup,ORD-01869,2026-09-06,585.46,WH-CHICAGO
CUST-JOIN-1869,Freight Account 1869,North America,Startup,ORD-09369,2026-08-16,1980.5,WH-MIAMI
CUST-JOIN-1870,Freight Account 1870,Asia Pacific,SMB,ORD-01870,2026-09-06,7108.61,WH-NEWYORK
CUST-JOIN-1870,Freight Account 1870,Asia Pacific,SMB,ORD-09370,2026-08-16,2518.45,WH-MIAMI
CUST-JOIN-1871,Freight Account 1871,Asia Pacific,SMB,ORD-01871,2026-09-06,5402.7,WH-CHICAGO
CUST-JOIN-1871,Freight Account 1871,Asia Pacific,SMB,ORD-09371,2026-08-16,2783.81,WH-DETROIT
CUST-JOIN-1872,Freight Account 1872,North America,SMB,ORD-01872,2026-09-06,3425.36,WH-MIAMI
CUST-JOIN-1872,Freight Account 1872,North America,SMB,ORD-09372,2026-08-16,7457.62,WH-DETROIT
CUST-JOIN-1873,Freight Account 1873,North America,Startup,ORD-01873,2026-09-06,5565.64,WH-DETROIT
CUST-JOIN-1873,Freight Account 1873,North America,Startup,ORD-09373,2026-08-16,4156.44,WH-CHICAGO
CUST-JOIN-1874,Freight Account 1874,North America,Enterprise,ORD-01874,2026-09-06,6471.83,WH-DETROIT
CUST-JOIN-1874,Freight Account 1874,North America,Enterprise,ORD-09374,2026-08-16,7530.6,WH-CHICAGO
CUST-JOIN-1875,Freight Account 1875,Asia Pacific,Startup,ORD-01875,2026-09-06,7307.59,WH-DETROIT
CUST-JOIN-1875,Freight Account 1875,Asia Pacific,Startup,ORD-09375,2026-08-16,5235.03,WH-NEWYORK
CUST-JOIN-1876,Freight Account 1876,Asia Pacific,Startup,ORD-01876,2026-09-06,1247.37,WH-MIAMI
CUST-JOIN-1876,Freight Account 1876,Asia Pacific,Startup,ORD-09376,2026-08-16,2604.3,WH-NEWYORK
CUST-JOIN-1877,Freight Account 1877,North America,SMB,ORD-01877,2026-09-06,6680.32,WH-MIAMI
CUST-JOIN-1877,Freight Account 1877,North America,SMB,ORD-09377,2026-08-16,7550.9,WH-MIAMI
CUST-JOIN-1878,Freight Account 1878,Europe,Startup,ORD-01878,2026-09-06,3894.84,WH-CHICAGO
CUST-JOIN-1878,Freight Account 1878,Europe,Startup,ORD-09378,2026-08-16,955.24,WH-NEWYORK
CUST-JOIN-1879,Freight Account 1879,Europe,SMB,ORD-01879,2026-09-06,1879.99,WH-DETROIT
CUST-JOIN-1879,Freight Account 1879,Europe,SMB,ORD-09379,2026-08-16,5126.35,WH-NEWYORK
CUST-JOIN-1880,Freight Account 1880,Europe,Startup,ORD-01880,2026-09-06,5217.99,WH-CHICAGO
CUST-JOIN-1880,Freight Account 1880,Europe,Startup,ORD-09380,2026-08-16,4028.91,WH-DETROIT
CUST-JOIN-1881,Freight Account 1881,North America,Startup,ORD-01881,2026-09-06,2527.04,WH-MIAMI
CUST-JOIN-1881,Freight Account 1881,North America,Startup,ORD-09381,2026-08-16,5357.73,WH-NEWYORK
CUST-JOIN-1882,Freight Account 1882,Asia Pacific,Startup,ORD-01882,2026-09-06,1193.54,WH-MIAMI
CUST-JOIN-1882,Freight Account 1882,Asia Pacific,Startup,ORD-09382,2026-08-16,3563.22,WH-CHICAGO
CUST-JOIN-1883,Freight Account 1883,Europe,Startup,ORD-01883,2026-09-06,1736.13,WH-NEWYORK
CUST-JOIN-1883,Freight Account 1883,Europe,Startup,ORD-09383,2026-08-16,1532.01,WH-MIAMI
CUST-JOIN-1884,Freight Account 1884,Asia Pacific,Startup,ORD-01884,2026-09-06,6787.5,WH-MIAMI
CUST-JOIN-1884,Freight Account 1884,Asia Pacific,Startup,ORD-09384,2026-08-16,5365.5,WH-CHICAGO
CUST-JOIN-1885,Freight Account 1885,Europe,SMB,ORD-01885,2026-09-06,2499.85,WH-DETROIT
CUST-JOIN-1885,Freight Account 1885,Europe,SMB,ORD-09385,2026-08-17,1871.15,WH-CHICAGO
CUST-JOIN-1886,Freight Account 1886,Europe,SMB,ORD-01886,2026-09-06,2504.5,WH-DETROIT
CUST-JOIN-1886,Freight Account 1886,Europe,SMB,ORD-09386,2026-08-17,3690.25,WH-CHICAGO
CUST-JOIN-1887,Freight Account 1887,North America,Enterprise,ORD-01887,2026-09-06,6221.63,WH-MIAMI
CUST-JOIN-1887,Freight Account 1887,North America,Enterprise,ORD-09387,2026-08-17,537.94,WH-DETROIT
CUST-JOIN-1888,Freight Account 1888,Europe,Startup,ORD-01888,2026-09-06,3418.45,WH-DETROIT
CUST-JOIN-1888,Freight Account 1888,Europe,Startup,ORD-09388,2026-08-17,5043.38,WH-CHICAGO
CUST-JOIN-1889,Freight Account 1889,Asia Pacific,Startup,ORD-01889,2026-09-07,7584.99,WH-CHICAGO
CUST-JOIN-1889,Freight Account 1889,Asia Pacific,Startup,ORD-09389,2026-08-17,7277.95,WH-DETROIT
CUST-JOIN-1890,Freight Account 1890,Asia Pacific,SMB,ORD-01890,2026-09-07,526.24,WH-CHICAGO
CUST-JOIN-1890,Freight Account 1890,Asia Pacific,SMB,ORD-09390,2026-08-17,4535.23,WH-NEWYORK
CUST-JOIN-1891,Freight Account 1891,North America,Startup,ORD-01891,2026-09-07,7262.51,WH-CHICAGO
CUST-JOIN-1891,Freight Account 1891,North America,Startup,ORD-09391,2026-08-17,4589.35,WH-MIAMI
CUST-JOIN-1892,Freight Account 1892,Europe,SMB,ORD-01892,2026-09-07,3188.39,WH-NEWYORK
CUST-JOIN-1892,Freight Account 1892,Europe,SMB,ORD-09392,2026-08-17,3410.96,WH-NEWYORK
CUST-JOIN-1893,Freight Account 1893,Europe,Startup,ORD-01893,2026-09-07,6276.49,WH-CHICAGO
CUST-JOIN-1893,Freight Account 1893,Europe,Startup,ORD-09393,2026-08-17,2962.18,WH-CHICAGO
CUST-JOIN-1894,Freight Account 1894,Europe,Startup,ORD-01894,2026-09-07,6214.68,WH-DETROIT
CUST-JOIN-1894,Freight Account 1894,Europe,Startup,ORD-09394,2026-08-17,4135.01,WH-DETROIT
CUST-JOIN-1895,Freight Account 1895,North America,Startup,ORD-01895,2026-09-07,7261.84,WH-MIAMI
CUST-JOIN-1895,Freight Account 1895,North America,Startup,ORD-09395,2026-08-17,4926.31,WH-CHICAGO
CUST-JOIN-1896,Freight Account 1896,Europe,Startup,ORD-01896,2026-09-07,7796.78,WH-CHICAGO
CUST-JOIN-1896,Freight Account 1896,Europe,Startup,ORD-09396,2026-08-17,7250.75,WH-NEWYORK
CUST-JOIN-1897,Freight Account 1897,North America,SMB,ORD-01897,2026-09-07,5172.39,WH-DETROIT
CUST-JOIN-1897,Freight Account 1897,North America,SMB,ORD-09397,2026-08-17,6796.88,WH-MIAMI
CUST-JOIN-1898,Freight Account 1898,North America,Startup,ORD-01898,2026-09-07,1308.84,WH-MIAMI
CUST-JOIN-1898,Freight Account 1898,North America,Startup,ORD-09398,2026-08-17,6194.62,WH-MIAMI
CUST-JOIN-1899,Freight Account 1899,North America,Startup,ORD-01899,2026-09-07,5258.69,WH-NEWYORK
CUST-JOIN-1899,Freight Account 1899,North America,Startup,ORD-09399,2026-08-17,3509.8,WH-CHICAGO
CUST-JOIN-1900,Freight Account 1900,Europe,Startup,ORD-01900,2026-09-07,2232.43,WH-DETROIT
CUST-JOIN-1900,Freight Account 1900,Europe,Startup,ORD-09400,2026-08-17,6794.98,WH-NEWYORK
CUST-JOIN-1901,Freight Account 1901,Asia Pacific,Enterprise,ORD-01901,2026-09-07,598.2,WH-NEWYORK
CUST-JOIN-1901,Freight Account 1901,Asia Pacific,Enterprise,ORD-09401,2026-08-17,5048.18,WH-DETROIT
CUST-JOIN-1902,Freight Account 1902,Asia Pacific,Startup,ORD-01902,2026-09-07,2567.93,WH-MIAMI
CUST-JOIN-1902,Freight Account 1902,Asia Pacific,Startup,ORD-09402,2026-08-17,6552.2,WH-CHICAGO
CUST-JOIN-1903,Freight Account 1903,North America,Startup,ORD-01903,2026-09-07,1688.91,WH-CHICAGO
CUST-JOIN-1903,Freight Account 1903,North America,Startup,ORD-09403,2026-08-17,6071.34,WH-DETROIT
CUST-JOIN-1904,Freight Account 1904,North America,Startup,ORD-01904,2026-09-07,3973.79,WH-CHICAGO
CUST-JOIN-1904,Freight Account 1904,North America,Startup,ORD-09404,2026-08-17,1425.85,WH-MIAMI
CUST-JOIN-1905,Freight Account 1905,North America,SMB,ORD-01905,2026-09-07,1142.43,WH-MIAMI
CUST-JOIN-1905,Freight Account 1905,North America,SMB,ORD-09405,2026-08-17,1022.26,WH-CHICAGO
CUST-JOIN-1906,Freight Account 1906,Asia Pacific,Startup,ORD-01906,2026-09-07,2154.96,WH-CHICAGO
CUST-JOIN-1906,Freight Account 1906,Asia Pacific,Startup,ORD-09406,2026-08-17,544.52,WH-CHICAGO
CUST-JOIN-1907,Freight Account 1907,North America,Enterprise,ORD-01907,2026-09-07,6797.13,WH-NEWYORK
CUST-JOIN-1907,Freight Account 1907,North America,Enterprise,ORD-09407,2026-08-17,806.92,WH-MIAMI
CUST-JOIN-1908,Freight Account 1908,Asia Pacific,Startup,ORD-01908,2026-09-07,6733.71,WH-MIAMI
CUST-JOIN-1908,Freight Account 1908,Asia Pacific,Startup,ORD-09408,2026-08-17,7031.06,WH-DETROIT
CUST-JOIN-1909,Freight Account 1909,Europe,Startup,ORD-01909,2026-09-07,363.45,WH-MIAMI
CUST-JOIN-1909,Freight Account 1909,Europe,Startup,ORD-09409,2026-08-18,4201.83,WH-NEWYORK
CUST-JOIN-1910,Freight Account 1910,North America,Startup,ORD-01910,2026-09-07,942.09,WH-MIAMI
CUST-JOIN-1910,Freight Account 1910,North America,Startup,ORD-09410,2026-08-18,6682.72,WH-MIAMI
CUST-JOIN-1911,Freight Account 1911,Europe,SMB,ORD-01911,2026-09-07,2651.03,WH-MIAMI
CUST-JOIN-1911,Freight Account 1911,Europe,SMB,ORD-09411,2026-08-18,1529.34,WH-DETROIT
CUST-JOIN-1912,Freight Account 1912,Europe,SMB,ORD-01912,2026-09-07,3758.11,WH-NEWYORK
CUST-JOIN-1912,Freight Account 1912,Europe,SMB,ORD-09412,2026-08-18,3578.39,WH-DETROIT
CUST-JOIN-1913,Freight Account 1913,Asia Pacific,SMB,ORD-01913,2026-09-08,399.02,WH-DETROIT
CUST-JOIN-1913,Freight Account 1913,Asia Pacific,SMB,ORD-09413,2026-08-18,3365.72,WH-NEWYORK
CUST-JOIN-1914,Freight Account 1914,Asia Pacific,SMB,ORD-01914,2026-09-08,3483.54,WH-DETROIT
CUST-JOIN-1914,Freight Account 1914,Asia Pacific,SMB,ORD-09414,2026-08-18,6798.04,WH-DETROIT
CUST-JOIN-1915,Freight Account 1915,Europe,Startup,ORD-01915,2026-09-08,695.13,WH-NEWYORK
CUST-JOIN-1915,Freight Account 1915,Europe,Startup,ORD-09415,2026-08-18,5581.05,WH-CHICAGO
CUST-JOIN-1916,Freight Account 1916,North America,SMB,ORD-01916,2026-09-08,5282.98,WH-DETROIT
CUST-JOIN-1916,Freight Account 1916,North America,SMB,ORD-09416,2026-08-18,5345.52,WH-MIAMI
CUST-JOIN-1917,Freight Account 1917,North America,Startup,ORD-01917,2026-09-08,6145.58,WH-NEWYORK
CUST-JOIN-1917,Freight Account 1917,North America,Startup,ORD-09417,2026-08-18,2679.82,WH-CHICAGO
CUST-JOIN-1918,Freight Account 1918,Asia Pacific,SMB,ORD-01918,2026-09-08,1035.84,WH-CHICAGO
CUST-JOIN-1918,Freight Account 1918,Asia Pacific,SMB,ORD-09418,2026-08-18,3216.5,WH-NEWYORK
CUST-JOIN-1919,Freight Account 1919,North America,SMB,ORD-01919,2026-09-08,3445.52,WH-NEWYORK
CUST-JOIN-1919,Freight Account 1919,North America,SMB,ORD-09419,2026-08-18,4347.73,WH-MIAMI
CUST-JOIN-1920,Freight Account 1920,Asia Pacific,SMB,ORD-01920,2026-09-08,4530.09,WH-MIAMI
CUST-JOIN-1920,Freight Account 1920,Asia Pacific,SMB,ORD-09420,2026-08-18,5392.95,WH-NEWYORK
CUST-JOIN-1921,Freight Account 1921,Asia Pacific,Startup,ORD-01921,2026-09-08,364.77,WH-CHICAGO
CUST-JOIN-1921,Freight Account 1921,Asia Pacific,Startup,ORD-09421,2026-08-18,4845.59,WH-DETROIT
CUST-JOIN-1922,Freight Account 1922,North America,SMB,ORD-01922,2026-09-08,7331.9,WH-NEWYORK
CUST-JOIN-1922,Freight Account 1922,North America,SMB,ORD-09422,2026-08-18,962.27,WH-DETROIT
CUST-JOIN-1923,Freight Account 1923,Europe,Startup,ORD-01923,2026-09-08,6342.48,WH-MIAMI
CUST-JOIN-1923,Freight Account 1923,Europe,Startup,ORD-09423,2026-08-18,4741.95,WH-CHICAGO
CUST-JOIN-1924,Freight Account 1924,North America,SMB,ORD-01924,2026-09-08,3913.91,WH-DETROIT
CUST-JOIN-1924,Freight Account 1924,North America,SMB,ORD-09424,2026-08-18,1718.49,WH-MIAMI
CUST-JOIN-1925,Freight Account 1925,Asia Pacific,Enterprise,ORD-01925,2026-09-08,7739.23,WH-NEWYORK
CUST-JOIN-1925,Freight Account 1925,Asia Pacific,Enterprise,ORD-09425,2026-08-18,1329.89,WH-DETROIT
CUST-JOIN-1926,Freight Account 1926,North America,SMB,ORD-01926,2026-09-08,1456.86,WH-MIAMI
CUST-JOIN-1926,Freight Account 1926,North America,SMB,ORD-09426,2026-08-18,452.16,WH-NEWYORK
CUST-JOIN-1927,Freight Account 1927,Europe,SMB,ORD-01927,2026-09-08,4559.34,WH-DETROIT
CUST-JOIN-1927,Freight Account 1927,Europe,SMB,ORD-09427,2026-08-18,5573.61,WH-DETROIT
CUST-JOIN-1928,Freight Account 1928,Asia Pacific,Startup,ORD-01928,2026-09-08,6570.96,WH-MIAMI
CUST-JOIN-1928,Freight Account 1928,Asia Pacific,Startup,ORD-09428,2026-08-18,3211.11,WH-NEWYORK
CUST-JOIN-1929,Freight Account 1929,North America,Enterprise,ORD-01929,2026-09-08,5433.49,WH-CHICAGO
CUST-JOIN-1929,Freight Account 1929,North America,Enterprise,ORD-09429,2026-08-18,5317.23,WH-DETROIT
CUST-JOIN-1930,Freight Account 1930,North America,Startup,ORD-01930,2026-09-08,7680.03,WH-NEWYORK
CUST-JOIN-1930,Freight Account 1930,North America,Startup,ORD-09430,2026-08-18,7747.76,WH-CHICAGO
CUST-JOIN-1931,Freight Account 1931,Europe,SMB,ORD-01931,2026-09-08,2897.7,WH-DETROIT
CUST-JOIN-1931,Freight Account 1931,Europe,SMB,ORD-09431,2026-08-18,2962.01,WH-CHICAGO
CUST-JOIN-1932,Freight Account 1932,North America,SMB,ORD-01932,2026-09-08,7273.14,WH-NEWYORK
CUST-JOIN-1932,Freight Account 1932,North America,SMB,ORD-09432,2026-08-18,2129.56,WH-MIAMI
CUST-JOIN-1933,Freight Account 1933,Asia Pacific,Startup,ORD-01933,2026-09-08,1614.38,WH-CHICAGO
CUST-JOIN-1933,Freight Account 1933,Asia Pacific,Startup,ORD-09433,2026-08-19,5975.86,WH-MIAMI
CUST-JOIN-1934,Freight Account 1934,Europe,SMB,ORD-01934,2026-09-08,1682.15,WH-NEWYORK
CUST-JOIN-1934,Freight Account 1934,Europe,SMB,ORD-09434,2026-08-19,2070.87,WH-DETROIT
CUST-JOIN-1935,Freight Account 1935,North America,SMB,ORD-01935,2026-09-08,4353.18,WH-CHICAGO
CUST-JOIN-1935,Freight Account 1935,North America,SMB,ORD-09435,2026-08-19,6586.25,WH-CHICAGO
CUST-JOIN-1936,Freight Account 1936,North America,Startup,ORD-01936,2026-09-08,6462.48,WH-CHICAGO
CUST-JOIN-1936,Freight Account 1936,North America,Startup,ORD-09436,2026-08-19,5482.51,WH-DETROIT
CUST-JOIN-1937,Freight Account 1937,Asia Pacific,SMB,ORD-01937,2026-09-09,4308.61,WH-MIAMI
CUST-JOIN-1937,Freight Account 1937,Asia Pacific,SMB,ORD-09437,2026-08-19,2671.39,WH-MIAMI
CUST-JOIN-1938,Freight Account 1938,Europe,SMB,ORD-01938,2026-09-09,2249.37,WH-NEWYORK
CUST-JOIN-1938,Freight Account 1938,Europe,SMB,ORD-09438,2026-08-19,7168.6,WH-DETROIT
CUST-JOIN-1939,Freight Account 1939,North America,SMB,ORD-01939,2026-09-09,2946.8,WH-CHICAGO
CUST-JOIN-1939,Freight Account 1939,North America,SMB,ORD-09439,2026-08-19,6789.75,WH-NEWYORK
CUST-JOIN-1940,Freight Account 1940,North America,Startup,ORD-01940,2026-09-09,3622.91,WH-CHICAGO
CUST-JOIN-1940,Freight Account 1940,North America,Startup,ORD-09440,2026-08-19,6829.71,WH-MIAMI
CUST-JOIN-1941,Freight Account 1941,Europe,Startup,ORD-01941,2026-09-09,5110.22,WH-NEWYORK
CUST-JOIN-1941,Freight Account 1941,Europe,Startup,ORD-09441,2026-08-19,2301.25,WH-MIAMI
CUST-JOIN-1942,Freight Account 1942,Europe,Startup,ORD-01942,2026-09-09,466.84,WH-NEWYORK
CUST-JOIN-1942,Freight Account 1942,Europe,Startup,ORD-09442,2026-08-19,261.0,WH-MIAMI
CUST-JOIN-1943,Freight Account 1943,Europe,Enterprise,ORD-01943,2026-09-09,6197.6,WH-DETROIT
CUST-JOIN-1943,Freight Account 1943,Europe,Enterprise,ORD-09443,2026-08-19,463.19,WH-CHICAGO
CUST-JOIN-1944,Freight Account 1944,Asia Pacific,Enterprise,ORD-01944,2026-09-09,5921.26,WH-DETROIT
CUST-JOIN-1944,Freight Account 1944,Asia Pacific,Enterprise,ORD-09444,2026-08-19,4392.61,WH-CHICAGO
CUST-JOIN-1945,Freight Account 1945,North America,SMB,ORD-01945,2026-09-09,7844.16,WH-MIAMI
CUST-JOIN-1945,Freight Account 1945,North America,SMB,ORD-09445,2026-08-19,5091.71,WH-DETROIT
CUST-JOIN-1946,Freight Account 1946,Europe,SMB,ORD-01946,2026-09-09,1892.54,WH-CHICAGO
CUST-JOIN-1946,Freight Account 1946,Europe,SMB,ORD-09446,2026-08-19,1424.03,WH-CHICAGO
CUST-JOIN-1947,Freight Account 1947,North America,Enterprise,ORD-01947,2026-09-09,2915.43,WH-DETROIT
CUST-JOIN-1947,Freight Account 1947,North America,Enterprise,ORD-09447,2026-08-19,3848.67,WH-DETROIT
CUST-JOIN-1948,Freight Account 1948,Asia Pacific,Startup,ORD-01948,2026-09-09,3416.22,WH-NEWYORK
CUST-JOIN-1948,Freight Account 1948,Asia Pacific,Startup,ORD-09448,2026-08-19,7424.72,WH-NEWYORK
CUST-JOIN-1949,Freight Account 1949,Europe,SMB,ORD-01949,2026-09-09,7978.57,WH-MIAMI
CUST-JOIN-1949,Freight Account 1949,Europe,SMB,ORD-09449,2026-08-19,487.95,WH-MIAMI
CUST-JOIN-1950,Freight Account 1950,North America,SMB,ORD-01950,2026-09-09,7469.1,WH-DETROIT
CUST-JOIN-1950,Freight Account 1950,North America,SMB,ORD-09450,2026-08-19,7521.44,WH-CHICAGO
CUST-JOIN-1951,Freight Account 1951,North America,SMB,ORD-01951,2026-09-09,6844.36,WH-DETROIT
CUST-JOIN-1951,Freight Account 1951,North America,SMB,ORD-09451,2026-08-19,965.45,WH-DETROIT
CUST-JOIN-1952,Freight Account 1952,Asia Pacific,SMB,ORD-01952,2026-09-09,6663.23,WH-MIAMI
CUST-JOIN-1952,Freight Account 1952,Asia Pacific,SMB,ORD-09452,2026-08-19,3616.84,WH-DETROIT
CUST-JOIN-1953,Freight Account 1953,Europe,SMB,ORD-01953,2026-09-09,4131.0,WH-CHICAGO
CUST-JOIN-1953,Freight Account 1953,Europe,SMB,ORD-09453,2026-08-19,255.65,WH-NEWYORK
CUST-JOIN-1954,Freight Account 1954,Asia Pacific,Startup,ORD-01954,2026-09-09,7645.52,WH-NEWYORK
CUST-JOIN-1954,Freight Account 1954,Asia Pacific,Startup,ORD-09454,2026-08-19,7133.73,WH-DETROIT
CUST-JOIN-1955,Freight Account 1955,Europe,SMB,ORD-01955,2026-09-09,4792.57,WH-DETROIT
CUST-JOIN-1955,Freight Account 1955,Europe,SMB,ORD-09455,2026-08-19,7212.78,WH-DETROIT
CUST-JOIN-1956,Freight Account 1956,North America,Startup,ORD-01956,2026-09-09,3927.27,WH-MIAMI
CUST-JOIN-1956,Freight Account 1956,North America,Startup,ORD-09456,2026-08-19,1808.38,WH-CHICAGO
CUST-JOIN-1957,Freight Account 1957,North America,Startup,ORD-01957,2026-09-09,7714.96,WH-MIAMI
CUST-JOIN-1957,Freight Account 1957,North America,Startup,ORD-09457,2026-08-20,6203.89,WH-CHICAGO
CUST-JOIN-1958,Freight Account 1958,North America,Startup,ORD-01958,2026-09-09,3843.93,WH-MIAMI
CUST-JOIN-1958,Freight Account 1958,North America,Startup,ORD-09458,2026-08-20,4992.64,WH-NEWYORK
CUST-JOIN-1959,Freight Account 1959,Asia Pacific,Startup,ORD-01959,2026-09-09,1263.15,WH-MIAMI
CUST-JOIN-1959,Freight Account 1959,Asia Pacific,Startup,ORD-09459,2026-08-20,4353.39,WH-DETROIT
CUST-JOIN-1960,Freight Account 1960,Asia Pacific,Startup,ORD-01960,2026-09-09,219.85,WH-NEWYORK
CUST-JOIN-1960,Freight Account 1960,Asia Pacific,Startup,ORD-09460,2026-08-20,1265.45,WH-CHICAGO
CUST-JOIN-1961,Freight Account 1961,Asia Pacific,SMB,ORD-01961,2026-09-10,1945.19,WH-CHICAGO
CUST-JOIN-1961,Freight Account 1961,Asia Pacific,SMB,ORD-09461,2026-08-20,6525.63,WH-MIAMI
CUST-JOIN-1962,Freight Account 1962,Europe,Enterprise,ORD-01962,2026-09-10,3705.87,WH-CHICAGO
CUST-JOIN-1962,Freight Account 1962,Europe,Enterprise,ORD-09462,2026-08-20,3013.48,WH-MIAMI
CUST-JOIN-1963,Freight Account 1963,Asia Pacific,Startup,ORD-01963,2026-09-10,2851.33,WH-MIAMI
CUST-JOIN-1963,Freight Account 1963,Asia Pacific,Startup,ORD-09463,2026-08-20,279.34,WH-NEWYORK
CUST-JOIN-1964,Freight Account 1964,Europe,SMB,ORD-01964,2026-09-10,4491.31,WH-DETROIT
CUST-JOIN-1964,Freight Account 1964,Europe,SMB,ORD-09464,2026-08-20,2076.06,WH-NEWYORK
CUST-JOIN-1965,Freight Account 1965,Europe,Startup,ORD-01965,2026-09-10,2317.26,WH-DETROIT
CUST-JOIN-1965,Freight Account 1965,Europe,Startup,ORD-09465,2026-08-20,6465.03,WH-DETROIT
CUST-JOIN-1966,Freight Account 1966,Asia Pacific,Startup,ORD-01966,2026-09-10,1548.47,WH-CHICAGO
CUST-JOIN-1966,Freight Account 1966,Asia Pacific,Startup,ORD-09466,2026-08-20,7507.93,WH-NEWYORK
CUST-JOIN-1967,Freight Account 1967,Europe,SMB,ORD-01967,2026-09-10,7143.54,WH-CHICAGO
CUST-JOIN-1967,Freight Account 1967,Europe,SMB,ORD-09467,2026-08-20,7929.46,WH-DETROIT
CUST-JOIN-1968,Freight Account 1968,Asia Pacific,Startup,ORD-01968,2026-09-10,3273.67,WH-MIAMI
CUST-JOIN-1968,Freight Account 1968,Asia Pacific,Startup,ORD-09468,2026-08-20,4590.41,WH-CHICAGO
CUST-JOIN-1969,Freight Account 1969,Europe,Startup,ORD-01969,2026-09-10,4729.76,WH-MIAMI
CUST-JOIN-1969,Freight Account 1969,Europe,Startup,ORD-09469,2026-08-20,6850.24,WH-CHICAGO
CUST-JOIN-1970,Freight Account 1970,Europe,SMB,ORD-01970,2026-09-10,4771.18,WH-NEWYORK
CUST-JOIN-1970,Freight Account 1970,Europe,SMB,ORD-09470,2026-08-20,6073.58,WH-MIAMI
CUST-JOIN-1971,Freight Account 1971,Europe,SMB,ORD-01971,2026-09-10,7285.64,WH-NEWYORK
CUST-JOIN-1971,Freight Account 1971,Europe,SMB,ORD-09471,2026-08-20,5226.34,WH-CHICAGO
CUST-JOIN-1972,Freight Account 1972,Asia Pacific,SMB,ORD-01972,2026-09-10,3770.15,WH-MIAMI
CUST-JOIN-1972,Freight Account 1972,Asia Pacific,SMB,ORD-09472,2026-08-20,6374.6,WH-MIAMI
CUST-JOIN-1973,Freight Account 1973,Asia Pacific,Startup,ORD-01973,2026-09-10,6126.24,WH-CHICAGO
CUST-JOIN-1973,Freight Account 1973,Asia Pacific,Startup,ORD-09473,2026-08-20,6453.18,WH-DETROIT
CUST-JOIN-1974,Freight Account 1974,North America,Startup,ORD-01974,2026-09-10,557.96,WH-CHICAGO
CUST-JOIN-1974,Freight Account 1974,North America,Startup,ORD-09474,2026-08-20,4501.25,WH-MIAMI
CUST-JOIN-1975,Freight Account 1975,Asia Pacific,Enterprise,ORD-01975,2026-09-10,932.21,WH-MIAMI
CUST-JOIN-1975,Freight Account 1975,Asia Pacific,Enterprise,ORD-09475,2026-08-20,669.53,WH-CHICAGO
CUST-JOIN-1976,Freight Account 1976,Europe,Enterprise,ORD-01976,2026-09-10,6379.34,WH-NEWYORK
CUST-JOIN-1976,Freight Account 1976,Europe,Enterprise,ORD-09476,2026-08-20,7674.66,WH-DETROIT
CUST-JOIN-1977,Freight Account 1977,Europe,Startup,ORD-01977,2026-09-10,4099.47,WH-NEWYORK
CUST-JOIN-1977,Freight Account 1977,Europe,Startup,ORD-09477,2026-08-20,4987.99,WH-DETROIT
CUST-JOIN-1978,Freight Account 1978,Europe,Startup,ORD-01978,2026-09-10,931.1,WH-CHICAGO
CUST-JOIN-1978,Freight Account 1978,Europe,Startup,ORD-09478,2026-08-20,2187.15,WH-DETROIT
CUST-JOIN-1979,Freight Account 1979,Asia Pacific,Startup,ORD-01979,2026-09-10,1053.15,WH-MIAMI
CUST-JOIN-1979,Freight Account 1979,Asia Pacific,Startup,ORD-09479,2026-08-20,7959.9,WH-NEWYORK
CUST-JOIN-1980,Freight Account 1980,North America,SMB,ORD-01980,2026-09-10,1712.32,WH-MIAMI
CUST-JOIN-1980,Freight Account 1980,North America,SMB,ORD-09480,2026-08-20,3781.64,WH-NEWYORK
CUST-JOIN-1981,Freight Account 1981,Asia Pacific,SMB,ORD-01981,2026-09-10,1470.48,WH-NEWYORK
CUST-JOIN-1981,Freight Account 1981,Asia Pacific,SMB,ORD-09481,2026-08-21,4839.95,WH-CHICAGO
CUST-JOIN-1982,Freight Account 1982,Asia Pacific,Startup,ORD-01982,2026-09-10,7029.54,WH-CHICAGO
CUST-JOIN-1982,Freight Account 1982,Asia Pacific,Startup,ORD-09482,2026-08-21,1791.28,WH-DETROIT
CUST-JOIN-1983,Freight Account 1983,North America,SMB,ORD-01983,2026-09-10,2438.05,WH-NEWYORK
CUST-JOIN-1983,Freight Account 1983,North America,SMB,ORD-09483,2026-08-21,4604.12,WH-CHICAGO
CUST-JOIN-1984,Freight Account 1984,Europe,SMB,ORD-01984,2026-09-10,5058.14,WH-CHICAGO
CUST-JOIN-1984,Freight Account 1984,Europe,SMB,ORD-09484,2026-08-21,716.24,WH-CHICAGO
CUST-JOIN-1985,Freight Account 1985,Europe,SMB,ORD-01985,2026-09-11,1678.86,WH-MIAMI
CUST-JOIN-1985,Freight Account 1985,Europe,SMB,ORD-09485,2026-08-21,6272.79,WH-CHICAGO
CUST-JOIN-1986,Freight Account 1986,Asia Pacific,SMB,ORD-01986,2026-09-11,7228.21,WH-DETROIT
CUST-JOIN-1986,Freight Account 1986,Asia Pacific,SMB,ORD-09486,2026-08-21,1915.8,WH-CHICAGO
CUST-JOIN-1987,Freight Account 1987,North America,Enterprise,ORD-01987,2026-09-11,535.71,WH-NEWYORK
CUST-JOIN-1987,Freight Account 1987,North America,Enterprise,ORD-09487,2026-08-21,5954.63,WH-DETROIT
CUST-JOIN-1988,Freight Account 1988,Asia Pacific,SMB,ORD-01988,2026-09-11,1232.52,WH-NEWYORK
CUST-JOIN-1988,Freight Account 1988,Asia Pacific,SMB,ORD-09488,2026-08-21,1796.0,WH-CHICAGO
CUST-JOIN-1989,Freight Account 1989,Europe,Startup,ORD-01989,2026-09-11,2496.72,WH-MIAMI
CUST-JOIN-1989,Freight Account 1989,Europe,Startup,ORD-09489,2026-08-21,7977.59,WH-CHICAGO
CUST-JOIN-1990,Freight Account 1990,North America,Startup,ORD-01990,2026-09-11,5699.95,WH-NEWYORK
CUST-JOIN-1990,Freight Account 1990,North America,Startup,ORD-09490,2026-08-21,7379.52,WH-DETROIT
CUST-JOIN-1991,Freight Account 1991,Europe,Enterprise,ORD-01991,2026-09-11,4760.25,WH-MIAMI
CUST-JOIN-1991,Freight Account 1991,Europe,Enterprise,ORD-09491,2026-08-21,1992.56,WH-NEWYORK
CUST-JOIN-1992,Freight Account 1992,Asia Pacific,Startup,ORD-01992,2026-09-11,5273.39,WH-MIAMI
CUST-JOIN-1992,Freight Account 1992,Asia Pacific,Startup,ORD-09492,2026-08-21,5153.27,WH-DETROIT
CUST-JOIN-1993,Freight Account 1993,Europe,SMB,ORD-01993,2026-09-11,2145.48,WH-MIAMI
CUST-JOIN-1993,Freight Account 1993,Europe,SMB,ORD-09493,2026-08-21,5738.53,WH-DETROIT
CUST-JOIN-1994,Freight Account 1994,North America,Startup,ORD-01994,2026-09-11,3533.3,WH-NEWYORK
CUST-JOIN-1994,Freight Account 1994,North America,Startup,ORD-09494,2026-08-21,547.73,WH-CHICAGO
CUST-JOIN-1995,Freight Account 1995,North America,Enterprise,ORD-01995,2026-09-11,3312.54,WH-MIAMI
CUST-JOIN-1995,Freight Account 1995,North America,Enterprise,ORD-09495,2026-08-21,1633.6,WH-NEWYORK
CUST-JOIN-1996,Freight Account 1996,North America,Startup,ORD-01996,2026-09-11,5891.44,WH-CHICAGO
CUST-JOIN-1996,Freight Account 1996,North America,Startup,ORD-09496,2026-08-21,3302.38,WH-NEWYORK
CUST-JOIN-1997,Freight Account 1997,North America,SMB,ORD-01997,2026-09-11,1218.91,WH-NEWYORK
CUST-JOIN-1997,Freight Account 1997,North America,SMB,ORD-09497,2026-08-21,6912.02,WH-DETROIT
CUST-JOIN-1998,Freight Account 1998,Europe,SMB,ORD-01998,2026-09-11,3800.85,WH-CHICAGO
CUST-JOIN-1998,Freight Account 1998,Europe,SMB,ORD-09498,2026-08-21,1846.14,WH-MIAMI
CUST-JOIN-1999,Freight Account 1999,North America,Startup,ORD-01999,2026-09-11,3510.79,WH-NEWYORK
CUST-JOIN-1999,Freight Account 1999,North America,Startup,ORD-09499,2026-08-21,2299.78,WH-NEWYORK
CUST-JOIN-2000,Freight Account 2000,North America,SMB,ORD-02000,2026-09-11,4179.82,WH-DETROIT
CUST-JOIN-2000,Freight Account 2000,North America,SMB,ORD-09500,2026-08-21,6259.11,WH-CHICAGO
CUST-JOIN-2001,Freight Account 2001,Asia Pacific,Startup,ORD-02001,2026-08-01,7191.74,WH-DETROIT
CUST-JOIN-2001,Freight Account 2001,Asia Pacific,Startup,ORD-09501,2026-08-21,2665.14,WH-MIAMI
CUST-JOIN-2002,Freight Account 2002,North America,SMB,ORD-02002,2026-08-01,2500.8,WH-MIAMI
CUST-JOIN-2002,Freight Account 2002,North America,SMB,ORD-09502,2026-08-21,6329.11,WH-NEWYORK
CUST-JOIN-2003,Freight Account 2003,North America,Startup,ORD-02003,2026-08-01,5269.7,WH-DETROIT
CUST-JOIN-2003,Freight Account 2003,North America,Startup,ORD-09503,2026-08-21,4198.98,WH-DETROIT
CUST-JOIN-2004,Freight Account 2004,North America,Startup,ORD-02004,2026-08-01,7860.98,WH-MIAMI
CUST-JOIN-2004,Freight Account 2004,North America,Startup,ORD-09504,2026-08-21,465.79,WH-NEWYORK
CUST-JOIN-2005,Freight Account 2005,North America,SMB,ORD-02005,2026-08-01,3003.79,WH-DETROIT
CUST-JOIN-2005,Freight Account 2005,North America,SMB,ORD-09505,2026-08-22,2755.78,WH-DETROIT
CUST-JOIN-2006,Freight Account 2006,Europe,Startup,ORD-02006,2026-08-01,695.82,WH-DETROIT
CUST-JOIN-2006,Freight Account 2006,Europe,Startup,ORD-09506,2026-08-22,2498.21,WH-DETROIT
CUST-JOIN-2007,Freight Account 2007,Europe,Enterprise,ORD-02007,2026-08-01,5071.86,WH-CHICAGO
CUST-JOIN-2007,Freight Account 2007,Europe,Enterprise,ORD-09507,2026-08-22,2679.67,WH-DETROIT
CUST-JOIN-2008,Freight Account 2008,Asia Pacific,Startup,ORD-02008,2026-08-01,7324.46,WH-MIAMI
CUST-JOIN-2008,Freight Account 2008,Asia Pacific,Startup,ORD-09508,2026-08-22,1604.4,WH-CHICAGO
CUST-JOIN-2009,Freight Account 2009,Asia Pacific,Startup,ORD-02009,2026-08-01,6605.99,WH-CHICAGO
CUST-JOIN-2009,Freight Account 2009,Asia Pacific,Startup,ORD-09509,2026-08-22,7450.42,WH-CHICAGO
CUST-JOIN-2010,Freight Account 2010,Europe,SMB,ORD-02010,2026-08-01,4769.24,WH-NEWYORK
CUST-JOIN-2010,Freight Account 2010,Europe,SMB,ORD-09510,2026-08-22,282.64,WH-CHICAGO
CUST-JOIN-2011,Freight Account 2011,Asia Pacific,Startup,ORD-02011,2026-08-01,2932.02,WH-MIAMI
CUST-JOIN-2011,Freight Account 2011,Asia Pacific,Startup,ORD-09511,2026-08-22,2472.91,WH-DETROIT
CUST-JOIN-2012,Freight Account 2012,Asia Pacific,SMB,ORD-02012,2026-08-01,7922.14,WH-CHICAGO
CUST-JOIN-2012,Freight Account 2012,Asia Pacific,SMB,ORD-09512,2026-08-22,6119.67,WH-MIAMI
CUST-JOIN-2013,Freight Account 2013,North America,SMB,ORD-02013,2026-08-01,3687.78,WH-DETROIT
CUST-JOIN-2013,Freight Account 2013,North America,SMB,ORD-09513,2026-08-22,666.76,WH-DETROIT
CUST-JOIN-2014,Freight Account 2014,Asia Pacific,SMB,ORD-02014,2026-08-01,4824.16,WH-MIAMI
CUST-JOIN-2014,Freight Account 2014,Asia Pacific,SMB,ORD-09514,2026-08-22,3305.55,WH-CHICAGO
CUST-JOIN-2015,Freight Account 2015,Europe,SMB,ORD-02015,2026-08-01,6134.89,WH-CHICAGO
CUST-JOIN-2015,Freight Account 2015,Europe,SMB,ORD-09515,2026-08-22,2663.21,WH-DETROIT
CUST-JOIN-2016,Freight Account 2016,Asia Pacific,SMB,ORD-02016,2026-08-01,1709.18,WH-MIAMI
CUST-JOIN-2016,Freight Account 2016,Asia Pacific,SMB,ORD-09516,2026-08-22,4350.78,WH-NEWYORK
CUST-JOIN-2017,Freight Account 2017,Asia Pacific,Enterprise,ORD-02017,2026-08-01,6202.56,WH-DETROIT
CUST-JOIN-2017,Freight Account 2017,Asia Pacific,Enterprise,ORD-09517,2026-08-22,627.09,WH-CHICAGO
CUST-JOIN-2018,Freight Account 2018,Asia Pacific,Startup,ORD-02018,2026-08-01,6721.01,WH-CHICAGO
CUST-JOIN-2018,Freight Account 2018,Asia Pacific,Startup,ORD-09518,2026-08-22,5576.28,WH-MIAMI
CUST-JOIN-2019,Freight Account 2019,Asia Pacific,SMB,ORD-02019,2026-08-01,3562.19,WH-CHICAGO
CUST-JOIN-2019,Freight Account 2019,Asia Pacific,SMB,ORD-09519,2026-08-22,4425.03,WH-MIAMI
CUST-JOIN-2020,Freight Account 2020,Asia Pacific,Startup,ORD-02020,2026-08-01,7354.78,WH-CHICAGO
CUST-JOIN-2020,Freight Account 2020,Asia Pacific,Startup,ORD-09520,2026-08-22,2631.17,WH-NEWYORK
CUST-JOIN-2021,Freight Account 2021,Asia Pacific,SMB,ORD-02021,2026-08-01,2795.39,WH-DETROIT
CUST-JOIN-2021,Freight Account 2021,Asia Pacific,SMB,ORD-09521,2026-08-22,2553.67,WH-DETROIT
CUST-JOIN-2022,Freight Account 2022,North America,Startup,ORD-02022,2026-08-01,1572.53,WH-CHICAGO
CUST-JOIN-2022,Freight Account 2022,North America,Startup,ORD-09522,2026-08-22,4842.02,WH-CHICAGO
CUST-JOIN-2023,Freight Account 2023,North America,SMB,ORD-02023,2026-08-01,873.56,WH-MIAMI
CUST-JOIN-2023,Freight Account 2023,North America,SMB,ORD-09523,2026-08-22,6318.65,WH-NEWYORK
CUST-JOIN-2024,Freight Account 2024,Europe,SMB,ORD-02024,2026-08-01,7066.53,WH-NEWYORK
CUST-JOIN-2024,Freight Account 2024,Europe,SMB,ORD-09524,2026-08-22,5420.67,WH-NEWYORK
CUST-JOIN-2025,Freight Account 2025,Europe,Startup,ORD-02025,2026-08-02,6251.59,WH-NEWYORK
CUST-JOIN-2025,Freight Account 2025,Europe,Startup,ORD-09525,2026-08-22,6744.61,WH-DETROIT
CUST-JOIN-2026,Freight Account 2026,North America,SMB,ORD-02026,2026-08-02,2637.91,WH-DETROIT
CUST-JOIN-2026,Freight Account 2026,North America,SMB,ORD-09526,2026-08-22,5982.44,WH-DETROIT
CUST-JOIN-2027,Freight Account 2027,North America,Startup,ORD-02027,2026-08-02,3585.67,WH-MIAMI
CUST-JOIN-2027,Freight Account 2027,North America,Startup,ORD-09527,2026-08-22,2888.27,WH-MIAMI
CUST-JOIN-2028,Freight Account 2028,North America,Startup,ORD-02028,2026-08-02,7601.81,WH-MIAMI
CUST-JOIN-2028,Freight Account 2028,North America,Startup,ORD-09528,2026-08-22,342.63,WH-NEWYORK
CUST-JOIN-2029,Freight Account 2029,North America,SMB,ORD-02029,2026-08-02,7955.72,WH-NEWYORK
CUST-JOIN-2029,Freight Account 2029,North America,SMB,ORD-09529,2026-08-23,4526.96,WH-DETROIT
CUST-JOIN-2030,Freight Account 2030,Europe,SMB,ORD-02030,2026-08-02,3377.38,WH-NEWYORK
CUST-JOIN-2030,Freight Account 2030,Europe,SMB,ORD-09530,2026-08-23,829.85,WH-MIAMI
CUST-JOIN-2031,Freight Account 2031,North America,Startup,ORD-02031,2026-08-02,1715.65,WH-NEWYORK
CUST-JOIN-2031,Freight Account 2031,North America,Startup,ORD-09531,2026-08-23,5037.84,WH-MIAMI
CUST-JOIN-2032,Freight Account 2032,North America,SMB,ORD-02032,2026-08-02,6528.7,WH-DETROIT
CUST-JOIN-2032,Freight Account 2032,North America,SMB,ORD-09532,2026-08-23,7302.48,WH-NEWYORK
CUST-JOIN-2033,Freight Account 2033,Europe,SMB,ORD-02033,2026-08-02,1839.52,WH-DETROIT
CUST-JOIN-2033,Freight Account 2033,Europe,SMB,ORD-09533,2026-08-23,1080.48,WH-MIAMI
CUST-JOIN-2034,Freight Account 2034,North America,SMB,ORD-02034,2026-08-02,6801.12,WH-DETROIT
CUST-JOIN-2034,Freight Account 2034,North America,SMB,ORD-09534,2026-08-23,5222.24,WH-DETROIT
CUST-JOIN-2035,Freight Account 2035,North America,SMB,ORD-02035,2026-08-02,2261.43,WH-CHICAGO
CUST-JOIN-2035,Freight Account 2035,North America,SMB,ORD-09535,2026-08-23,5632.24,WH-CHICAGO
CUST-JOIN-2036,Freight Account 2036,North America,Startup,ORD-02036,2026-08-02,902.61,WH-CHICAGO
CUST-JOIN-2036,Freight Account 2036,North America,Startup,ORD-09536,2026-08-23,3205.54,WH-DETROIT
CUST-JOIN-2037,Freight Account 2037,Europe,Startup,ORD-02037,2026-08-02,7648.05,WH-CHICAGO
CUST-JOIN-2037,Freight Account 2037,Europe,Startup,ORD-09537,2026-08-23,5088.35,WH-DETROIT
CUST-JOIN-2038,Freight Account 2038,Asia Pacific,SMB,ORD-02038,2026-08-02,5407.3,WH-NEWYORK
CUST-JOIN-2038,Freight Account 2038,Asia Pacific,SMB,ORD-09538,2026-08-23,4940.45,WH-NEWYORK
CUST-JOIN-2039,Freight Account 2039,North America,SMB,ORD-02039,2026-08-02,3568.43,WH-DETROIT
CUST-JOIN-2039,Freight Account 2039,North America,SMB,ORD-09539,2026-08-23,1963.91,WH-NEWYORK
CUST-JOIN-2040,Freight Account 2040,North America,Startup,ORD-02040,2026-08-02,6877.37,WH-NEWYORK
CUST-JOIN-2040,Freight Account 2040,North America,Startup,ORD-09540,2026-08-23,1689.92,WH-MIAMI
CUST-JOIN-2041,Freight Account 2041,Europe,Startup,ORD-02041,2026-08-02,6953.21,WH-DETROIT
CUST-JOIN-2041,Freight Account 2041,Europe,Startup,ORD-09541,2026-08-23,3213.68,WH-DETROIT
CUST-JOIN-2042,Freight Account 2042,Europe,SMB,ORD-02042,2026-08-02,5725.29,WH-MIAMI
CUST-JOIN-2042,Freight Account 2042,Europe,SMB,ORD-09542,2026-08-23,6992.4,WH-NEWYORK
CUST-JOIN-2043,Freight Account 2043,Europe,SMB,ORD-02043,2026-08-02,2770.91,WH-CHICAGO
CUST-JOIN-2043,Freight Account 2043,Europe,SMB,ORD-09543,2026-08-23,3910.86,WH-MIAMI
CUST-JOIN-2044,Freight Account 2044,North America,SMB,ORD-02044,2026-08-02,4820.34,WH-DETROIT
CUST-JOIN-2044,Freight Account 2044,North America,SMB,ORD-09544,2026-08-23,6278.88,WH-MIAMI
CUST-JOIN-2045,Freight Account 2045,North America,Startup,ORD-02045,2026-08-02,1619.84,WH-NEWYORK
CUST-JOIN-2045,Freight Account 2045,North America,Startup,ORD-09545,2026-08-23,3410.21,WH-NEWYORK
CUST-JOIN-2046,Freight Account 2046,North America,SMB,ORD-02046,2026-08-02,7889.75,WH-CHICAGO
CUST-JOIN-2046,Freight Account 2046,North America,SMB,ORD-09546,2026-08-23,7077.64,WH-MIAMI
CUST-JOIN-2047,Freight Account 2047,North America,Startup,ORD-02047,2026-08-02,3333.15,WH-CHICAGO
CUST-JOIN-2047,Freight Account 2047,North America,Startup,ORD-09547,2026-08-23,1510.54,WH-MIAMI
CUST-JOIN-2048,Freight Account 2048,Asia Pacific,SMB,ORD-02048,2026-08-02,326.12,WH-MIAMI
CUST-JOIN-2048,Freight Account 2048,Asia Pacific,SMB,ORD-09548,2026-08-23,4347.06,WH-DETROIT
CUST-JOIN-2049,Freight Account 2049,Europe,SMB,ORD-02049,2026-08-03,7840.2,WH-NEWYORK
CUST-JOIN-2049,Freight Account 2049,Europe,SMB,ORD-09549,2026-08-23,3013.9,WH-MIAMI
CUST-JOIN-2050,Freight Account 2050,Asia Pacific,Startup,ORD-02050,2026-08-03,3332.34,WH-MIAMI
CUST-JOIN-2050,Freight Account 2050,Asia Pacific,Startup,ORD-09550,2026-08-23,7044.55,WH-NEWYORK
CUST-JOIN-2051,Freight Account 2051,Asia Pacific,Startup,ORD-02051,2026-08-03,6366.1,WH-MIAMI
CUST-JOIN-2051,Freight Account 2051,Asia Pacific,Startup,ORD-09551,2026-08-23,7789.82,WH-MIAMI
CUST-JOIN-2052,Freight Account 2052,Asia Pacific,Startup,ORD-02052,2026-08-03,3882.42,WH-DETROIT
CUST-JOIN-2052,Freight Account 2052,Asia Pacific,Startup,ORD-09552,2026-08-23,7502.29,WH-MIAMI
CUST-JOIN-2053,Freight Account 2053,North America,Startup,ORD-02053,2026-08-03,5492.41,WH-NEWYORK
CUST-JOIN-2053,Freight Account 2053,North America,Startup,ORD-09553,2026-08-24,6800.2,WH-CHICAGO
CUST-JOIN-2054,Freight Account 2054,North America,Startup,ORD-02054,2026-08-03,944.92,WH-DETROIT
CUST-JOIN-2054,Freight Account 2054,North America,Startup,ORD-09554,2026-08-24,3360.19,WH-NEWYORK
CUST-JOIN-2055,Freight Account 2055,Asia Pacific,Startup,ORD-02055,2026-08-03,5428.62,WH-CHICAGO
CUST-JOIN-2055,Freight Account 2055,Asia Pacific,Startup,ORD-09555,2026-08-24,2158.37,WH-DETROIT
CUST-JOIN-2056,Freight Account 2056,Asia Pacific,Startup,ORD-02056,2026-08-03,3920.97,WH-NEWYORK
CUST-JOIN-2056,Freight Account 2056,Asia Pacific,Startup,ORD-09556,2026-08-24,690.59,WH-CHICAGO
CUST-JOIN-2057,Freight Account 2057,Europe,Startup,ORD-02057,2026-08-03,2473.2,WH-DETROIT
CUST-JOIN-2057,Freight Account 2057,Europe,Startup,ORD-09557,2026-08-24,7675.21,WH-NEWYORK
CUST-JOIN-2058,Freight Account 2058,North America,Startup,ORD-02058,2026-08-03,2714.48,WH-CHICAGO
CUST-JOIN-2058,Freight Account 2058,North America,Startup,ORD-09558,2026-08-24,5464.8,WH-DETROIT
CUST-JOIN-2059,Freight Account 2059,Europe,Startup,ORD-02059,2026-08-03,4512.79,WH-NEWYORK
CUST-JOIN-2059,Freight Account 2059,Europe,Startup,ORD-09559,2026-08-24,4927.01,WH-NEWYORK
CUST-JOIN-2060,Freight Account 2060,North America,SMB,ORD-02060,2026-08-03,2066.32,WH-CHICAGO
CUST-JOIN-2060,Freight Account 2060,North America,SMB,ORD-09560,2026-08-24,7060.14,WH-CHICAGO
CUST-JOIN-2061,Freight Account 2061,North America,Startup,ORD-02061,2026-08-03,6820.02,WH-NEWYORK
CUST-JOIN-2061,Freight Account 2061,North America,Startup,ORD-09561,2026-08-24,2902.39,WH-NEWYORK
CUST-JOIN-2062,Freight Account 2062,Asia Pacific,SMB,ORD-02062,2026-08-03,1246.34,WH-CHICAGO
CUST-JOIN-2062,Freight Account 2062,Asia Pacific,SMB,ORD-09562,2026-08-24,884.34,WH-MIAMI
CUST-JOIN-2063,Freight Account 2063,North America,Startup,ORD-02063,2026-08-03,3224.55,WH-MIAMI
CUST-JOIN-2063,Freight Account 2063,North America,Startup,ORD-09563,2026-08-24,5790.81,WH-MIAMI
CUST-JOIN-2064,Freight Account 2064,Asia Pacific,Startup,ORD-02064,2026-08-03,6078.36,WH-NEWYORK
CUST-JOIN-2064,Freight Account 2064,Asia Pacific,Startup,ORD-09564,2026-08-24,4367.28,WH-CHICAGO
CUST-JOIN-2065,Freight Account 2065,Asia Pacific,SMB,ORD-02065,2026-08-03,4960.97,WH-CHICAGO
CUST-JOIN-2065,Freight Account 2065,Asia Pacific,SMB,ORD-09565,2026-08-24,1317.23,WH-CHICAGO
CUST-JOIN-2066,Freight Account 2066,North America,SMB,ORD-02066,2026-08-03,3081.38,WH-DETROIT
CUST-JOIN-2066,Freight Account 2066,North America,SMB,ORD-09566,2026-08-24,1781.37,WH-MIAMI
CUST-JOIN-2067,Freight Account 2067,Asia Pacific,Startup,ORD-02067,2026-08-03,4667.96,WH-DETROIT
CUST-JOIN-2067,Freight Account 2067,Asia Pacific,Startup,ORD-09567,2026-08-24,5260.02,WH-MIAMI
CUST-JOIN-2068,Freight Account 2068,Asia Pacific,Startup,ORD-02068,2026-08-03,2616.41,WH-CHICAGO
CUST-JOIN-2068,Freight Account 2068,Asia Pacific,Startup,ORD-09568,2026-08-24,4481.96,WH-DETROIT
CUST-JOIN-2069,Freight Account 2069,North America,SMB,ORD-02069,2026-08-03,7689.99,WH-MIAMI
CUST-JOIN-2069,Freight Account 2069,North America,SMB,ORD-09569,2026-08-24,465.82,WH-DETROIT
CUST-JOIN-2070,Freight Account 2070,Asia Pacific,SMB,ORD-02070,2026-08-03,4268.59,WH-NEWYORK
CUST-JOIN-2070,Freight Account 2070,Asia Pacific,SMB,ORD-09570,2026-08-24,1315.48,WH-CHICAGO
CUST-JOIN-2071,Freight Account 2071,Europe,Startup,ORD-02071,2026-08-03,3768.98,WH-MIAMI
CUST-JOIN-2071,Freight Account 2071,Europe,Startup,ORD-09571,2026-08-24,4239.62,WH-NEWYORK
CUST-JOIN-2072,Freight Account 2072,Europe,Startup,ORD-02072,2026-08-03,2028.17,WH-MIAMI
CUST-JOIN-2072,Freight Account 2072,Europe,Startup,ORD-09572,2026-08-24,6158.23,WH-MIAMI
CUST-JOIN-2073,Freight Account 2073,North America,SMB,ORD-02073,2026-08-04,1774.2,WH-CHICAGO
CUST-JOIN-2073,Freight Account 2073,North America,SMB,ORD-09573,2026-08-24,5409.28,WH-MIAMI
CUST-JOIN-2074,Freight Account 2074,North America,Startup,ORD-02074,2026-08-04,6688.99,WH-MIAMI
CUST-JOIN-2074,Freight Account 2074,North America,Startup,ORD-09574,2026-08-24,4073.91,WH-NEWYORK
CUST-JOIN-2075,Freight Account 2075,Asia Pacific,Startup,ORD-02075,2026-08-04,1403.66,WH-NEWYORK
CUST-JOIN-2075,Freight Account 2075,Asia Pacific,Startup,ORD-09575,2026-08-24,3062.29,WH-CHICAGO
CUST-JOIN-2076,Freight Account 2076,Asia Pacific,Startup,ORD-02076,2026-08-04,5633.62,WH-MIAMI
CUST-JOIN-2076,Freight Account 2076,Asia Pacific,Startup,ORD-09576,2026-08-24,3913.24,WH-DETROIT
CUST-JOIN-2077,Freight Account 2077,Europe,SMB,ORD-02077,2026-08-04,6329.01,WH-NEWYORK
CUST-JOIN-2077,Freight Account 2077,Europe,SMB,ORD-09577,2026-08-25,3619.19,WH-NEWYORK
CUST-JOIN-2078,Freight Account 2078,Asia Pacific,SMB,ORD-02078,2026-08-04,5428.78,WH-MIAMI
CUST-JOIN-2078,Freight Account 2078,Asia Pacific,SMB,ORD-09578,2026-08-25,1972.6,WH-NEWYORK
CUST-JOIN-2079,Freight Account 2079,Europe,Startup,ORD-02079,2026-08-04,3035.07,WH-CHICAGO
CUST-JOIN-2079,Freight Account 2079,Europe,Startup,ORD-09579,2026-08-25,5869.67,WH-MIAMI
CUST-JOIN-2080,Freight Account 2080,Europe,SMB,ORD-02080,2026-08-04,4291.87,WH-CHICAGO
CUST-JOIN-2080,Freight Account 2080,Europe,SMB,ORD-09580,2026-08-25,7073.96,WH-MIAMI
CUST-JOIN-2081,Freight Account 2081,Europe,Startup,ORD-02081,2026-08-04,6649.5,WH-DETROIT
CUST-JOIN-2081,Freight Account 2081,Europe,Startup,ORD-09581,2026-08-25,4563.46,WH-NEWYORK
CUST-JOIN-2082,Freight Account 2082,North America,Startup,ORD-02082,2026-08-04,7375.39,WH-CHICAGO
CUST-JOIN-2082,Freight Account 2082,North America,Startup,ORD-09582,2026-08-25,2009.2,WH-DETROIT
CUST-JOIN-2083,Freight Account 2083,Europe,Startup,ORD-02083,2026-08-04,1136.72,WH-MIAMI
CUST-JOIN-2083,Freight Account 2083,Europe,Startup,ORD-09583,2026-08-25,6198.3,WH-MIAMI
CUST-JOIN-2084,Freight Account 2084,North America,SMB,ORD-02084,2026-08-04,4327.42,WH-DETROIT
CUST-JOIN-2084,Freight Account 2084,North America,SMB,ORD-09584,2026-08-25,7147.01,WH-NEWYORK
CUST-JOIN-2085,Freight Account 2085,Asia Pacific,Startup,ORD-02085,2026-08-04,6419.03,WH-CHICAGO
CUST-JOIN-2085,Freight Account 2085,Asia Pacific,Startup,ORD-09585,2026-08-25,3029.69,WH-NEWYORK
CUST-JOIN-2086,Freight Account 2086,Asia Pacific,Startup,ORD-02086,2026-08-04,5967.03,WH-NEWYORK
CUST-JOIN-2086,Freight Account 2086,Asia Pacific,Startup,ORD-09586,2026-08-25,653.85,WH-MIAMI
CUST-JOIN-2087,Freight Account 2087,Asia Pacific,Startup,ORD-02087,2026-08-04,3634.9,WH-NEWYORK
CUST-JOIN-2087,Freight Account 2087,Asia Pacific,Startup,ORD-09587,2026-08-25,4161.96,WH-NEWYORK
CUST-JOIN-2088,Freight Account 2088,Europe,SMB,ORD-02088,2026-08-04,6128.63,WH-DETROIT
CUST-JOIN-2088,Freight Account 2088,Europe,SMB,ORD-09588,2026-08-25,2432.03,WH-DETROIT
CUST-JOIN-2089,Freight Account 2089,North America,Startup,ORD-02089,2026-08-04,7747.66,WH-CHICAGO
CUST-JOIN-2089,Freight Account 2089,North America,Startup,ORD-09589,2026-08-25,2377.74,WH-NEWYORK
CUST-JOIN-2090,Freight Account 2090,Asia Pacific,Startup,ORD-02090,2026-08-04,5821.87,WH-NEWYORK
CUST-JOIN-2090,Freight Account 2090,Asia Pacific,Startup,ORD-09590,2026-08-25,5749.61,WH-MIAMI
CUST-JOIN-2091,Freight Account 2091,Europe,Startup,ORD-02091,2026-08-04,4775.34,WH-CHICAGO
CUST-JOIN-2091,Freight Account 2091,Europe,Startup,ORD-09591,2026-08-25,5766.86,WH-NEWYORK
CUST-JOIN-2092,Freight Account 2092,North America,Startup,ORD-02092,2026-08-04,1241.95,WH-MIAMI
CUST-JOIN-2092,Freight Account 2092,North America,Startup,ORD-09592,2026-08-25,4437.78,WH-CHICAGO
CUST-JOIN-2093,Freight Account 2093,Europe,Startup,ORD-02093,2026-08-04,1454.01,WH-NEWYORK
CUST-JOIN-2093,Freight Account 2093,Europe,Startup,ORD-09593,2026-08-25,5601.94,WH-DETROIT
CUST-JOIN-2094,Freight Account 2094,Asia Pacific,Startup,ORD-02094,2026-08-04,4460.2,WH-CHICAGO
CUST-JOIN-2094,Freight Account 2094,Asia Pacific,Startup,ORD-09594,2026-08-25,3666.85,WH-DETROIT
CUST-JOIN-2095,Freight Account 2095,Asia Pacific,Startup,ORD-02095,2026-08-04,4431.33,WH-NEWYORK
CUST-JOIN-2095,Freight Account 2095,Asia Pacific,Startup,ORD-09595,2026-08-25,2334.89,WH-DETROIT
CUST-JOIN-2096,Freight Account 2096,North America,Startup,ORD-02096,2026-08-04,5559.99,WH-CHICAGO
CUST-JOIN-2096,Freight Account 2096,North America,Startup,ORD-09596,2026-08-25,5292.0,WH-MIAMI
CUST-JOIN-2097,Freight Account 2097,North America,SMB,ORD-02097,2026-08-05,7269.93,WH-MIAMI
CUST-JOIN-2097,Freight Account 2097,North America,SMB,ORD-09597,2026-08-25,2130.26,WH-DETROIT
CUST-JOIN-2098,Freight Account 2098,Europe,Startup,ORD-02098,2026-08-05,6552.51,WH-NEWYORK
CUST-JOIN-2098,Freight Account 2098,Europe,Startup,ORD-09598,2026-08-25,957.55,WH-MIAMI
CUST-JOIN-2099,Freight Account 2099,North America,Startup,ORD-02099,2026-08-05,2665.09,WH-DETROIT
CUST-JOIN-2099,Freight Account 2099,North America,Startup,ORD-09599,2026-08-25,1251.34,WH-NEWYORK
CUST-JOIN-2100,Freight Account 2100,Asia Pacific,Startup,ORD-02100,2026-08-05,533.7,WH-MIAMI
CUST-JOIN-2100,Freight Account 2100,Asia Pacific,Startup,ORD-09600,2026-08-25,6123.18,WH-DETROIT
CUST-JOIN-2101,Freight Account 2101,North America,Startup,ORD-02101,2026-08-05,1097.98,WH-MIAMI
CUST-JOIN-2101,Freight Account 2101,North America,Startup,ORD-09601,2026-08-26,3757.62,WH-MIAMI
CUST-JOIN-2102,Freight Account 2102,Asia Pacific,Startup,ORD-02102,2026-08-05,720.43,WH-CHICAGO
CUST-JOIN-2102,Freight Account 2102,Asia Pacific,Startup,ORD-09602,2026-08-26,7002.06,WH-CHICAGO
CUST-JOIN-2103,Freight Account 2103,North America,Startup,ORD-02103,2026-08-05,2606.99,WH-NEWYORK
CUST-JOIN-2103,Freight Account 2103,North America,Startup,ORD-09603,2026-08-26,5644.83,WH-NEWYORK
CUST-JOIN-2104,Freight Account 2104,Asia Pacific,SMB,ORD-02104,2026-08-05,314.57,WH-MIAMI
CUST-JOIN-2104,Freight Account 2104,Asia Pacific,SMB,ORD-09604,2026-08-26,1149.06,WH-CHICAGO
CUST-JOIN-2105,Freight Account 2105,Europe,Startup,ORD-02105,2026-08-05,5714.67,WH-NEWYORK
CUST-JOIN-2105,Freight Account 2105,Europe,Startup,ORD-09605,2026-08-26,4013.22,WH-MIAMI
CUST-JOIN-2106,Freight Account 2106,Europe,Startup,ORD-02106,2026-08-05,1530.49,WH-CHICAGO
CUST-JOIN-2106,Freight Account 2106,Europe,Startup,ORD-09606,2026-08-26,1362.02,WH-CHICAGO
CUST-JOIN-2107,Freight Account 2107,Europe,Startup,ORD-02107,2026-08-05,7360.58,WH-MIAMI
CUST-JOIN-2107,Freight Account 2107,Europe,Startup,ORD-09607,2026-08-26,2964.81,WH-DETROIT
CUST-JOIN-2108,Freight Account 2108,Asia Pacific,SMB,ORD-02108,2026-08-05,7625.33,WH-NEWYORK
CUST-JOIN-2108,Freight Account 2108,Asia Pacific,SMB,ORD-09608,2026-08-26,7133.17,WH-DETROIT
CUST-JOIN-2109,Freight Account 2109,North America,Startup,ORD-02109,2026-08-05,1405.69,WH-DETROIT
CUST-JOIN-2109,Freight Account 2109,North America,Startup,ORD-09609,2026-08-26,6888.94,WH-NEWYORK
CUST-JOIN-2110,Freight Account 2110,Europe,Startup,ORD-02110,2026-08-05,1969.93,WH-DETROIT
CUST-JOIN-2110,Freight Account 2110,Europe,Startup,ORD-09610,2026-08-26,3824.35,WH-CHICAGO
CUST-JOIN-2111,Freight Account 2111,Europe,SMB,ORD-02111,2026-08-05,4629.9,WH-MIAMI
CUST-JOIN-2111,Freight Account 2111,Europe,SMB,ORD-09611,2026-08-26,4946.33,WH-NEWYORK
CUST-JOIN-2112,Freight Account 2112,Europe,Startup,ORD-02112,2026-08-05,1127.26,WH-DETROIT
CUST-JOIN-2112,Freight Account 2112,Europe,Startup,ORD-09612,2026-08-26,4629.46,WH-NEWYORK
CUST-JOIN-2113,Freight Account 2113,Asia Pacific,Startup,ORD-02113,2026-08-05,3655.89,WH-DETROIT
CUST-JOIN-2113,Freight Account 2113,Asia Pacific,Startup,ORD-09613,2026-08-26,2248.29,WH-DETROIT
CUST-JOIN-2114,Freight Account 2114,Asia Pacific,SMB,ORD-02114,2026-08-05,1176.93,WH-CHICAGO
CUST-JOIN-2114,Freight Account 2114,Asia Pacific,SMB,ORD-09614,2026-08-26,1114.48,WH-MIAMI
CUST-JOIN-2115,Freight Account 2115,North America,Enterprise,ORD-02115,2026-08-05,820.07,WH-NEWYORK
CUST-JOIN-2115,Freight Account 2115,North America,Enterprise,ORD-09615,2026-08-26,4741.48,WH-MIAMI
CUST-JOIN-2116,Freight Account 2116,Asia Pacific,Startup,ORD-02116,2026-08-05,3550.27,WH-CHICAGO
CUST-JOIN-2116,Freight Account 2116,Asia Pacific,Startup,ORD-09616,2026-08-26,3536.32,WH-MIAMI
CUST-JOIN-2117,Freight Account 2117,North America,SMB,ORD-02117,2026-08-05,1321.6,WH-NEWYORK
CUST-JOIN-2117,Freight Account 2117,North America,SMB,ORD-09617,2026-08-26,2547.45,WH-NEWYORK
CUST-JOIN-2118,Freight Account 2118,North America,SMB,ORD-02118,2026-08-05,6673.16,WH-MIAMI
CUST-JOIN-2118,Freight Account 2118,North America,SMB,ORD-09618,2026-08-26,4146.32,WH-CHICAGO
CUST-JOIN-2119,Freight Account 2119,Europe,Startup,ORD-02119,2026-08-05,6794.06,WH-MIAMI
CUST-JOIN-2119,Freight Account 2119,Europe,Startup,ORD-09619,2026-08-26,4209.37,WH-NEWYORK
CUST-JOIN-2120,Freight Account 2120,Europe,SMB,ORD-02120,2026-08-05,6222.76,WH-DETROIT
CUST-JOIN-2120,Freight Account 2120,Europe,SMB,ORD-09620,2026-08-26,1723.59,WH-NEWYORK
CUST-JOIN-2121,Freight Account 2121,Europe,SMB,ORD-02121,2026-08-06,7134.97,WH-NEWYORK
CUST-JOIN-2121,Freight Account 2121,Europe,SMB,ORD-09621,2026-08-26,7363.82,WH-DETROIT
CUST-JOIN-2122,Freight Account 2122,North America,SMB,ORD-02122,2026-08-06,3017.78,WH-CHICAGO
CUST-JOIN-2122,Freight Account 2122,North America,SMB,ORD-09622,2026-08-26,6444.24,WH-MIAMI
CUST-JOIN-2123,Freight Account 2123,Asia Pacific,SMB,ORD-02123,2026-08-06,1369.92,WH-MIAMI
CUST-JOIN-2123,Freight Account 2123,Asia Pacific,SMB,ORD-09623,2026-08-26,6431.19,WH-MIAMI
CUST-JOIN-2124,Freight Account 2124,Asia Pacific,SMB,ORD-02124,2026-08-06,4306.49,WH-MIAMI
CUST-JOIN-2124,Freight Account 2124,Asia Pacific,SMB,ORD-09624,2026-08-26,5079.51,WH-NEWYORK
CUST-JOIN-2125,Freight Account 2125,Europe,SMB,ORD-02125,2026-08-06,581.57,WH-DETROIT
CUST-JOIN-2125,Freight Account 2125,Europe,SMB,ORD-09625,2026-08-27,1225.18,WH-DETROIT
CUST-JOIN-2126,Freight Account 2126,Asia Pacific,SMB,ORD-02126,2026-08-06,5655.69,WH-MIAMI
CUST-JOIN-2126,Freight Account 2126,Asia Pacific,SMB,ORD-09626,2026-08-27,5783.45,WH-DETROIT
CUST-JOIN-2127,Freight Account 2127,Europe,Startup,ORD-02127,2026-08-06,4932.41,WH-CHICAGO
CUST-JOIN-2127,Freight Account 2127,Europe,Startup,ORD-09627,2026-08-27,1782.25,WH-MIAMI
CUST-JOIN-2128,Freight Account 2128,Europe,Startup,ORD-02128,2026-08-06,6474.13,WH-DETROIT
CUST-JOIN-2128,Freight Account 2128,Europe,Startup,ORD-09628,2026-08-27,2937.82,WH-MIAMI
CUST-JOIN-2129,Freight Account 2129,Europe,SMB,ORD-02129,2026-08-06,1273.2,WH-MIAMI
CUST-JOIN-2129,Freight Account 2129,Europe,SMB,ORD-09629,2026-08-27,2148.86,WH-CHICAGO
CUST-JOIN-2130,Freight Account 2130,Europe,SMB,ORD-02130,2026-08-06,4385.45,WH-DETROIT
CUST-JOIN-2130,Freight Account 2130,Europe,SMB,ORD-09630,2026-08-27,2579.35,WH-DETROIT
CUST-JOIN-2131,Freight Account 2131,Europe,Startup,ORD-02131,2026-08-06,5310.57,WH-MIAMI
CUST-JOIN-2131,Freight Account 2131,Europe,Startup,ORD-09631,2026-08-27,1497.83,WH-CHICAGO
CUST-JOIN-2132,Freight Account 2132,Asia Pacific,Enterprise,ORD-02132,2026-08-06,1910.11,WH-MIAMI
CUST-JOIN-2132,Freight Account 2132,Asia Pacific,Enterprise,ORD-09632,2026-08-27,5402.33,WH-DETROIT
CUST-JOIN-2133,Freight Account 2133,Asia Pacific,Startup,ORD-02133,2026-08-06,5998.17,WH-MIAMI
CUST-JOIN-2133,Freight Account 2133,Asia Pacific,Startup,ORD-09633,2026-08-27,1292.39,WH-CHICAGO
CUST-JOIN-2134,Freight Account 2134,Asia Pacific,Startup,ORD-02134,2026-08-06,3834.94,WH-DETROIT
CUST-JOIN-2134,Freight Account 2134,Asia Pacific,Startup,ORD-09634,2026-08-27,6676.23,WH-DETROIT
CUST-JOIN-2135,Freight Account 2135,North America,Startup,ORD-02135,2026-08-06,613.29,WH-CHICAGO
CUST-JOIN-2135,Freight Account 2135,North America,Startup,ORD-09635,2026-08-27,6186.21,WH-MIAMI
CUST-JOIN-2136,Freight Account 2136,Asia Pacific,Startup,ORD-02136,2026-08-06,3070.75,WH-MIAMI
CUST-JOIN-2136,Freight Account 2136,Asia Pacific,Startup,ORD-09636,2026-08-27,591.39,WH-NEWYORK
CUST-JOIN-2137,Freight Account 2137,Europe,SMB,ORD-02137,2026-08-06,5965.25,WH-MIAMI
CUST-JOIN-2137,Freight Account 2137,Europe,SMB,ORD-09637,2026-08-27,7347.27,WH-DETROIT
CUST-JOIN-2138,Freight Account 2138,Asia Pacific,SMB,ORD-02138,2026-08-06,4657.86,WH-CHICAGO
CUST-JOIN-2138,Freight Account 2138,Asia Pacific,SMB,ORD-09638,2026-08-27,5996.63,WH-MIAMI
CUST-JOIN-2139,Freight Account 2139,Asia Pacific,Startup,ORD-02139,2026-08-06,6251.14,WH-NEWYORK
CUST-JOIN-2139,Freight Account 2139,Asia Pacific,Startup,ORD-09639,2026-08-27,6257.04,WH-NEWYORK
CUST-JOIN-2140,Freight Account 2140,Asia Pacific,SMB,ORD-02140,2026-08-06,2785.33,WH-DETROIT
CUST-JOIN-2140,Freight Account 2140,Asia Pacific,SMB,ORD-09640,2026-08-27,6498.31,WH-CHICAGO
CUST-JOIN-2141,Freight Account 2141,Asia Pacific,Enterprise,ORD-02141,2026-08-06,1152.25,WH-DETROIT
CUST-JOIN-2141,Freight Account 2141,Asia Pacific,Enterprise,ORD-09641,2026-08-27,6456.59,WH-DETROIT
CUST-JOIN-2142,Freight Account 2142,North America,SMB,ORD-02142,2026-08-06,4321.65,WH-CHICAGO
CUST-JOIN-2142,Freight Account 2142,North America,SMB,ORD-09642,2026-08-27,1583.01,WH-DETROIT
CUST-JOIN-2143,Freight Account 2143,North America,Startup,ORD-02143,2026-08-06,2852.84,WH-MIAMI
CUST-JOIN-2143,Freight Account 2143,North America,Startup,ORD-09643,2026-08-27,6743.02,WH-MIAMI
CUST-JOIN-2144,Freight Account 2144,Asia Pacific,SMB,ORD-02144,2026-08-06,4015.16,WH-MIAMI
CUST-JOIN-2144,Freight Account 2144,Asia Pacific,SMB,ORD-09644,2026-08-27,1384.45,WH-DETROIT
CUST-JOIN-2145,Freight Account 2145,North America,Startup,ORD-02145,2026-08-07,4157.75,WH-DETROIT
CUST-JOIN-2145,Freight Account 2145,North America,Startup,ORD-09645,2026-08-27,7505.04,WH-MIAMI
CUST-JOIN-2146,Freight Account 2146,North America,Enterprise,ORD-02146,2026-08-07,5751.47,WH-NEWYORK
CUST-JOIN-2146,Freight Account 2146,North America,Enterprise,ORD-09646,2026-08-27,1232.71,WH-DETROIT
CUST-JOIN-2147,Freight Account 2147,Europe,Startup,ORD-02147,2026-08-07,7678.86,WH-NEWYORK
CUST-JOIN-2147,Freight Account 2147,Europe,Startup,ORD-09647,2026-08-27,4465.1,WH-CHICAGO
CUST-JOIN-2148,Freight Account 2148,Asia Pacific,Enterprise,ORD-02148,2026-08-07,7530.45,WH-CHICAGO
CUST-JOIN-2148,Freight Account 2148,Asia Pacific,Enterprise,ORD-09648,2026-08-27,4538.41,WH-MIAMI
CUST-JOIN-2149,Freight Account 2149,Asia Pacific,SMB,ORD-02149,2026-08-07,4489.34,WH-CHICAGO
CUST-JOIN-2149,Freight Account 2149,Asia Pacific,SMB,ORD-09649,2026-08-28,5366.09,WH-MIAMI
CUST-JOIN-2150,Freight Account 2150,North America,SMB,ORD-02150,2026-08-07,3473.87,WH-MIAMI
CUST-JOIN-2150,Freight Account 2150,North America,SMB,ORD-09650,2026-08-28,491.53,WH-CHICAGO
CUST-JOIN-2151,Freight Account 2151,North America,Enterprise,ORD-02151,2026-08-07,3252.09,WH-NEWYORK
CUST-JOIN-2151,Freight Account 2151,North America,Enterprise,ORD-09651,2026-08-28,7625.62,WH-NEWYORK
CUST-JOIN-2152,Freight Account 2152,Europe,Startup,ORD-02152,2026-08-07,3201.07,WH-NEWYORK
CUST-JOIN-2152,Freight Account 2152,Europe,Startup,ORD-09652,2026-08-28,4962.82,WH-DETROIT
CUST-JOIN-2153,Freight Account 2153,Europe,SMB,ORD-02153,2026-08-07,2356.51,WH-NEWYORK
CUST-JOIN-2153,Freight Account 2153,Europe,SMB,ORD-09653,2026-08-28,4304.58,WH-CHICAGO
CUST-JOIN-2154,Freight Account 2154,Europe,Startup,ORD-02154,2026-08-07,603.51,WH-CHICAGO
CUST-JOIN-2154,Freight Account 2154,Europe,Startup,ORD-09654,2026-08-28,6283.83,WH-MIAMI
CUST-JOIN-2155,Freight Account 2155,North America,Startup,ORD-02155,2026-08-07,6435.23,WH-DETROIT
CUST-JOIN-2155,Freight Account 2155,North America,Startup,ORD-09655,2026-08-28,4988.86,WH-NEWYORK
CUST-JOIN-2156,Freight Account 2156,Asia Pacific,Startup,ORD-02156,2026-08-07,557.67,WH-CHICAGO
CUST-JOIN-2156,Freight Account 2156,Asia Pacific,Startup,ORD-09656,2026-08-28,3294.98,WH-MIAMI
CUST-JOIN-2157,Freight Account 2157,Asia Pacific,Startup,ORD-02157,2026-08-07,5216.65,WH-NEWYORK
CUST-JOIN-2157,Freight Account 2157,Asia Pacific,Startup,ORD-09657,2026-08-28,4766.01,WH-DETROIT
CUST-JOIN-2158,Freight Account 2158,North America,Startup,ORD-02158,2026-08-07,7681.79,WH-MIAMI
CUST-JOIN-2158,Freight Account 2158,North America,Startup,ORD-09658,2026-08-28,1595.85,WH-DETROIT
CUST-JOIN-2159,Freight Account 2159,Europe,Startup,ORD-02159,2026-08-07,662.74,WH-DETROIT
CUST-JOIN-2159,Freight Account 2159,Europe,Startup,ORD-09659,2026-08-28,7027.31,WH-DETROIT
CUST-JOIN-2160,Freight Account 2160,Europe,Enterprise,ORD-02160,2026-08-07,1844.61,WH-MIAMI
CUST-JOIN-2160,Freight Account 2160,Europe,Enterprise,ORD-09660,2026-08-28,6430.86,WH-NEWYORK
CUST-JOIN-2161,Freight Account 2161,Asia Pacific,Startup,ORD-02161,2026-08-07,1025.64,WH-CHICAGO
CUST-JOIN-2161,Freight Account 2161,Asia Pacific,Startup,ORD-09661,2026-08-28,607.27,WH-MIAMI
CUST-JOIN-2162,Freight Account 2162,North America,Startup,ORD-02162,2026-08-07,2001.65,WH-MIAMI
CUST-JOIN-2162,Freight Account 2162,North America,Startup,ORD-09662,2026-08-28,4787.7,WH-MIAMI
CUST-JOIN-2163,Freight Account 2163,Europe,Startup,ORD-02163,2026-08-07,1166.17,WH-CHICAGO
CUST-JOIN-2163,Freight Account 2163,Europe,Startup,ORD-09663,2026-08-28,6667.31,WH-NEWYORK
CUST-JOIN-2164,Freight Account 2164,North America,Startup,ORD-02164,2026-08-07,7235.26,WH-MIAMI
CUST-JOIN-2164,Freight Account 2164,North America,Startup,ORD-09664,2026-08-28,4011.22,WH-CHICAGO
CUST-JOIN-2165,Freight Account 2165,Asia Pacific,Startup,ORD-02165,2026-08-07,968.16,WH-CHICAGO
CUST-JOIN-2165,Freight Account 2165,Asia Pacific,Startup,ORD-09665,2026-08-28,5779.93,WH-DETROIT
CUST-JOIN-2166,Freight Account 2166,Asia Pacific,Startup,ORD-02166,2026-08-07,264.96,WH-CHICAGO
CUST-JOIN-2166,Freight Account 2166,Asia Pacific,Startup,ORD-09666,2026-08-28,470.67,WH-MIAMI
CUST-JOIN-2167,Freight Account 2167,North America,SMB,ORD-02167,2026-08-07,694.42,WH-MIAMI
CUST-JOIN-2167,Freight Account 2167,North America,SMB,ORD-09667,2026-08-28,5107.55,WH-NEWYORK
CUST-JOIN-2168,Freight Account 2168,Asia Pacific,Startup,ORD-02168,2026-08-07,450.93,WH-DETROIT
CUST-JOIN-2168,Freight Account 2168,Asia Pacific,Startup,ORD-09668,2026-08-28,1207.01,WH-CHICAGO
CUST-JOIN-2169,Freight Account 2169,North America,SMB,ORD-02169,2026-08-08,3808.67,WH-MIAMI
CUST-JOIN-2169,Freight Account 2169,North America,SMB,ORD-09669,2026-08-28,4715.22,WH-MIAMI
CUST-JOIN-2170,Freight Account 2170,Europe,Startup,ORD-02170,2026-08-08,3197.55,WH-MIAMI
CUST-JOIN-2170,Freight Account 2170,Europe,Startup,ORD-09670,2026-08-28,1460.53,WH-CHICAGO
CUST-JOIN-2171,Freight Account 2171,Asia Pacific,Startup,ORD-02171,2026-08-08,2044.69,WH-DETROIT
CUST-JOIN-2171,Freight Account 2171,Asia Pacific,Startup,ORD-09671,2026-08-28,3784.74,WH-CHICAGO
CUST-JOIN-2172,Freight Account 2172,North America,Enterprise,ORD-02172,2026-08-08,7875.92,WH-MIAMI
CUST-JOIN-2172,Freight Account 2172,North America,Enterprise,ORD-09672,2026-08-28,5178.91,WH-NEWYORK
CUST-JOIN-2173,Freight Account 2173,Europe,SMB,ORD-02173,2026-08-08,4195.7,WH-NEWYORK
CUST-JOIN-2173,Freight Account 2173,Europe,SMB,ORD-09673,2026-08-29,7553.44,WH-DETROIT
CUST-JOIN-2174,Freight Account 2174,Europe,SMB,ORD-02174,2026-08-08,4603.04,WH-NEWYORK
CUST-JOIN-2174,Freight Account 2174,Europe,SMB,ORD-09674,2026-08-29,3017.0,WH-MIAMI
CUST-JOIN-2175,Freight Account 2175,Europe,Startup,ORD-02175,2026-08-08,7919.71,WH-DETROIT
CUST-JOIN-2175,Freight Account 2175,Europe,Startup,ORD-09675,2026-08-29,3465.72,WH-NEWYORK
CUST-JOIN-2176,Freight Account 2176,Europe,Startup,ORD-02176,2026-08-08,5646.83,WH-DETROIT
CUST-JOIN-2176,Freight Account 2176,Europe,Startup,ORD-09676,2026-08-29,3626.7,WH-NEWYORK
CUST-JOIN-2177,Freight Account 2177,Asia Pacific,SMB,ORD-02177,2026-08-08,2382.09,WH-CHICAGO
CUST-JOIN-2177,Freight Account 2177,Asia Pacific,SMB,ORD-09677,2026-08-29,5994.3,WH-MIAMI
CUST-JOIN-2178,Freight Account 2178,Asia Pacific,Startup,ORD-02178,2026-08-08,1342.18,WH-DETROIT
CUST-JOIN-2178,Freight Account 2178,Asia Pacific,Startup,ORD-09678,2026-08-29,3947.34,WH-CHICAGO
CUST-JOIN-2179,Freight Account 2179,North America,Startup,ORD-02179,2026-08-08,1534.5,WH-DETROIT
CUST-JOIN-2179,Freight Account 2179,North America,Startup,ORD-09679,2026-08-29,1833.78,WH-DETROIT
CUST-JOIN-2180,Freight Account 2180,North America,SMB,ORD-02180,2026-08-08,3987.24,WH-NEWYORK
CUST-JOIN-2180,Freight Account 2180,North America,SMB,ORD-09680,2026-08-29,1685.69,WH-NEWYORK
CUST-JOIN-2181,Freight Account 2181,Asia Pacific,SMB,ORD-02181,2026-08-08,281.92,WH-CHICAGO
CUST-JOIN-2181,Freight Account 2181,Asia Pacific,SMB,ORD-09681,2026-08-29,4790.6,WH-DETROIT
CUST-JOIN-2182,Freight Account 2182,Europe,Startup,ORD-02182,2026-08-08,4158.52,WH-DETROIT
CUST-JOIN-2182,Freight Account 2182,Europe,Startup,ORD-09682,2026-08-29,2629.71,WH-MIAMI
CUST-JOIN-2183,Freight Account 2183,North America,Startup,ORD-02183,2026-08-08,323.75,WH-CHICAGO
CUST-JOIN-2183,Freight Account 2183,North America,Startup,ORD-09683,2026-08-29,4239.43,WH-DETROIT
CUST-JOIN-2184,Freight Account 2184,North America,Enterprise,ORD-02184,2026-08-08,7087.16,WH-DETROIT
CUST-JOIN-2184,Freight Account 2184,North America,Enterprise,ORD-09684,2026-08-29,4887.29,WH-CHICAGO
CUST-JOIN-2185,Freight Account 2185,Asia Pacific,SMB,ORD-02185,2026-08-08,4766.71,WH-DETROIT
CUST-JOIN-2185,Freight Account 2185,Asia Pacific,SMB,ORD-09685,2026-08-29,914.53,WH-CHICAGO
CUST-JOIN-2186,Freight Account 2186,North America,Startup,ORD-02186,2026-08-08,1257.43,WH-CHICAGO
CUST-JOIN-2186,Freight Account 2186,North America,Startup,ORD-09686,2026-08-29,1409.54,WH-NEWYORK
CUST-JOIN-2187,Freight Account 2187,Asia Pacific,Enterprise,ORD-02187,2026-08-08,647.1,WH-MIAMI
CUST-JOIN-2187,Freight Account 2187,Asia Pacific,Enterprise,ORD-09687,2026-08-29,6608.3,WH-DETROIT
CUST-JOIN-2188,Freight Account 2188,Asia Pacific,SMB,ORD-02188,2026-08-08,3318.37,WH-CHICAGO
CUST-JOIN-2188,Freight Account 2188,Asia Pacific,SMB,ORD-09688,2026-08-29,1272.87,WH-DETROIT
CUST-JOIN-2189,Freight Account 2189,North America,Startup,ORD-02189,2026-08-08,1014.58,WH-MIAMI
CUST-JOIN-2189,Freight Account 2189,North America,Startup,ORD-09689,2026-08-29,7753.22,WH-CHICAGO
CUST-JOIN-2190,Freight Account 2190,Asia Pacific,Startup,ORD-02190,2026-08-08,6073.95,WH-MIAMI
CUST-JOIN-2190,Freight Account 2190,Asia Pacific,Startup,ORD-09690,2026-08-29,2816.48,WH-NEWYORK
CUST-JOIN-2191,Freight Account 2191,Asia Pacific,Startup,ORD-02191,2026-08-08,6751.31,WH-NEWYORK
CUST-JOIN-2191,Freight Account 2191,Asia Pacific,Startup,ORD-09691,2026-08-29,4030.9,WH-CHICAGO
CUST-JOIN-2192,Freight Account 2192,Europe,Startup,ORD-02192,2026-08-08,5136.65,WH-DETROIT
CUST-JOIN-2192,Freight Account 2192,Europe,Startup,ORD-09692,2026-08-29,1973.01,WH-NEWYORK
CUST-JOIN-2193,Freight Account 2193,North America,Startup,ORD-02193,2026-08-09,884.31,WH-CHICAGO
CUST-JOIN-2193,Freight Account 2193,North America,Startup,ORD-09693,2026-08-29,4697.15,WH-CHICAGO
CUST-JOIN-2194,Freight Account 2194,Asia Pacific,SMB,ORD-02194,2026-08-09,1547.88,WH-NEWYORK
CUST-JOIN-2194,Freight Account 2194,Asia Pacific,SMB,ORD-09694,2026-08-29,1538.36,WH-CHICAGO
CUST-JOIN-2195,Freight Account 2195,North America,Startup,ORD-02195,2026-08-09,401.95,WH-DETROIT
CUST-JOIN-2195,Freight Account 2195,North America,Startup,ORD-09695,2026-08-29,5205.64,WH-NEWYORK
CUST-JOIN-2196,Freight Account 2196,Asia Pacific,Startup,ORD-02196,2026-08-09,4992.42,WH-CHICAGO
CUST-JOIN-2196,Freight Account 2196,Asia Pacific,Startup,ORD-09696,2026-08-29,6953.71,WH-DETROIT
CUST-JOIN-2197,Freight Account 2197,Asia Pacific,SMB,ORD-02197,2026-08-09,3015.24,WH-CHICAGO
CUST-JOIN-2197,Freight Account 2197,Asia Pacific,SMB,ORD-09697,2026-08-30,1897.13,WH-MIAMI
CUST-JOIN-2198,Freight Account 2198,Europe,Startup,ORD-02198,2026-08-09,950.36,WH-DETROIT
CUST-JOIN-2198,Freight Account 2198,Europe,Startup,ORD-09698,2026-08-30,848.63,WH-DETROIT
CUST-JOIN-2199,Freight Account 2199,Asia Pacific,Enterprise,ORD-02199,2026-08-09,2958.91,WH-CHICAGO
CUST-JOIN-2199,Freight Account 2199,Asia Pacific,Enterprise,ORD-09699,2026-08-30,5369.13,WH-MIAMI
CUST-JOIN-2200,Freight Account 2200,Asia Pacific,Startup,ORD-02200,2026-08-09,2527.47,WH-MIAMI
CUST-JOIN-2200,Freight Account 2200,Asia Pacific,Startup,ORD-09700,2026-08-30,7468.47,WH-MIAMI
CUST-JOIN-2201,Freight Account 2201,North America,SMB,ORD-02201,2026-08-09,6867.04,WH-NEWYORK
CUST-JOIN-2201,Freight Account 2201,North America,SMB,ORD-09701,2026-08-30,7290.47,WH-NEWYORK
CUST-JOIN-2202,Freight Account 2202,Europe,Startup,ORD-02202,2026-08-09,2210.73,WH-MIAMI
CUST-JOIN-2202,Freight Account 2202,Europe,Startup,ORD-09702,2026-08-30,4138.55,WH-NEWYORK
CUST-JOIN-2203,Freight Account 2203,North America,SMB,ORD-02203,2026-08-09,3145.55,WH-NEWYORK
CUST-JOIN-2203,Freight Account 2203,North America,SMB,ORD-09703,2026-08-30,2184.31,WH-DETROIT
CUST-JOIN-2204,Freight Account 2204,Asia Pacific,SMB,ORD-02204,2026-08-09,6928.47,WH-MIAMI
CUST-JOIN-2204,Freight Account 2204,Asia Pacific,SMB,ORD-09704,2026-08-30,2664.22,WH-DETROIT
CUST-JOIN-2205,Freight Account 2205,Asia Pacific,Startup,ORD-02205,2026-08-09,4827.73,WH-MIAMI
CUST-JOIN-2205,Freight Account 2205,Asia Pacific,Startup,ORD-09705,2026-08-30,3948.52,WH-CHICAGO
CUST-JOIN-2206,Freight Account 2206,Europe,SMB,ORD-02206,2026-08-09,1813.32,WH-MIAMI
CUST-JOIN-2206,Freight Account 2206,Europe,SMB,ORD-09706,2026-08-30,1931.62,WH-DETROIT
CUST-JOIN-2207,Freight Account 2207,Europe,Startup,ORD-02207,2026-08-09,5813.35,WH-NEWYORK
CUST-JOIN-2207,Freight Account 2207,Europe,Startup,ORD-09707,2026-08-30,3191.77,WH-MIAMI
CUST-JOIN-2208,Freight Account 2208,North America,Startup,ORD-02208,2026-08-09,4073.83,WH-MIAMI
CUST-JOIN-2208,Freight Account 2208,North America,Startup,ORD-09708,2026-08-30,3654.0,WH-MIAMI
CUST-JOIN-2209,Freight Account 2209,Asia Pacific,Enterprise,ORD-02209,2026-08-09,2994.5,WH-CHICAGO
CUST-JOIN-2209,Freight Account 2209,Asia Pacific,Enterprise,ORD-09709,2026-08-30,4420.77,WH-MIAMI
CUST-JOIN-2210,Freight Account 2210,Europe,Startup,ORD-02210,2026-08-09,6995.04,WH-DETROIT
CUST-JOIN-2210,Freight Account 2210,Europe,Startup,ORD-09710,2026-08-30,7653.25,WH-NEWYORK
CUST-JOIN-2211,Freight Account 2211,Asia Pacific,Startup,ORD-02211,2026-08-09,3902.04,WH-DETROIT
CUST-JOIN-2211,Freight Account 2211,Asia Pacific,Startup,ORD-09711,2026-08-30,5796.68,WH-CHICAGO
CUST-JOIN-2212,Freight Account 2212,Europe,SMB,ORD-02212,2026-08-09,1307.51,WH-DETROIT
CUST-JOIN-2212,Freight Account 2212,Europe,SMB,ORD-09712,2026-08-30,1858.82,WH-NEWYORK
CUST-JOIN-2213,Freight Account 2213,Asia Pacific,SMB,ORD-02213,2026-08-09,5416.13,WH-MIAMI
CUST-JOIN-2213,Freight Account 2213,Asia Pacific,SMB,ORD-09713,2026-08-30,4828.45,WH-MIAMI
CUST-JOIN-2214,Freight Account 2214,North America,Enterprise,ORD-02214,2026-08-09,401.32,WH-DETROIT
CUST-JOIN-2214,Freight Account 2214,North America,Enterprise,ORD-09714,2026-08-30,317.78,WH-DETROIT
CUST-JOIN-2215,Freight Account 2215,Asia Pacific,Startup,ORD-02215,2026-08-09,3559.85,WH-NEWYORK
CUST-JOIN-2215,Freight Account 2215,Asia Pacific,Startup,ORD-09715,2026-08-30,2153.51,WH-CHICAGO
CUST-JOIN-2216,Freight Account 2216,North America,SMB,ORD-02216,2026-08-09,6025.5,WH-CHICAGO
CUST-JOIN-2216,Freight Account 2216,North America,SMB,ORD-09716,2026-08-30,2523.5,WH-CHICAGO
CUST-JOIN-2217,Freight Account 2217,Europe,Startup,ORD-02217,2026-08-10,5893.92,WH-DETROIT
CUST-JOIN-2217,Freight Account 2217,Europe,Startup,ORD-09717,2026-08-30,5928.88,WH-NEWYORK
CUST-JOIN-2218,Freight Account 2218,North America,SMB,ORD-02218,2026-08-10,285.69,WH-NEWYORK
CUST-JOIN-2218,Freight Account 2218,North America,SMB,ORD-09718,2026-08-30,7548.72,WH-DETROIT
CUST-JOIN-2219,Freight Account 2219,Europe,Startup,ORD-02219,2026-08-10,994.74,WH-NEWYORK
CUST-JOIN-2219,Freight Account 2219,Europe,Startup,ORD-09719,2026-08-30,1968.86,WH-NEWYORK
CUST-JOIN-2220,Freight Account 2220,Europe,Startup,ORD-02220,2026-08-10,4360.21,WH-NEWYORK
CUST-JOIN-2220,Freight Account 2220,Europe,Startup,ORD-09720,2026-08-30,391.72,WH-NEWYORK
CUST-JOIN-2221,Freight Account 2221,Europe,Startup,ORD-02221,2026-08-10,991.53,WH-MIAMI
CUST-JOIN-2221,Freight Account 2221,Europe,Startup,ORD-09721,2026-08-31,4890.62,WH-MIAMI
CUST-JOIN-2222,Freight Account 2222,Asia Pacific,SMB,ORD-02222,2026-08-10,2458.77,WH-MIAMI
CUST-JOIN-2222,Freight Account 2222,Asia Pacific,SMB,ORD-09722,2026-08-31,2331.1,WH-MIAMI
CUST-JOIN-2223,Freight Account 2223,Asia Pacific,SMB,ORD-02223,2026-08-10,3060.2,WH-NEWYORK
CUST-JOIN-2223,Freight Account 2223,Asia Pacific,SMB,ORD-09723,2026-08-31,975.23,WH-NEWYORK
CUST-JOIN-2224,Freight Account 2224,Asia Pacific,SMB,ORD-02224,2026-08-10,5520.87,WH-CHICAGO
CUST-JOIN-2224,Freight Account 2224,Asia Pacific,SMB,ORD-09724,2026-08-31,1831.66,WH-NEWYORK
CUST-JOIN-2225,Freight Account 2225,North America,SMB,ORD-02225,2026-08-10,4880.95,WH-NEWYORK
CUST-JOIN-2225,Freight Account 2225,North America,SMB,ORD-09725,2026-08-31,4447.12,WH-CHICAGO
CUST-JOIN-2226,Freight Account 2226,Asia Pacific,Startup,ORD-02226,2026-08-10,7997.26,WH-DETROIT
CUST-JOIN-2226,Freight Account 2226,Asia Pacific,Startup,ORD-09726,2026-08-31,7574.74,WH-NEWYORK
CUST-JOIN-2227,Freight Account 2227,Asia Pacific,Startup,ORD-02227,2026-08-10,5703.09,WH-CHICAGO
CUST-JOIN-2227,Freight Account 2227,Asia Pacific,Startup,ORD-09727,2026-08-31,1653.97,WH-MIAMI
CUST-JOIN-2228,Freight Account 2228,North America,SMB,ORD-02228,2026-08-10,6342.96,WH-CHICAGO
CUST-JOIN-2228,Freight Account 2228,North America,SMB,ORD-09728,2026-08-31,4702.06,WH-MIAMI
CUST-JOIN-2229,Freight Account 2229,Asia Pacific,SMB,ORD-02229,2026-08-10,4946.36,WH-CHICAGO
CUST-JOIN-2229,Freight Account 2229,Asia Pacific,SMB,ORD-09729,2026-08-31,6780.23,WH-MIAMI
CUST-JOIN-2230,Freight Account 2230,North America,SMB,ORD-02230,2026-08-10,5556.16,WH-MIAMI
CUST-JOIN-2230,Freight Account 2230,North America,SMB,ORD-09730,2026-08-31,3184.27,WH-CHICAGO
CUST-JOIN-2231,Freight Account 2231,Europe,Startup,ORD-02231,2026-08-10,1126.6,WH-CHICAGO
CUST-JOIN-2231,Freight Account 2231,Europe,Startup,ORD-09731,2026-08-31,1238.84,WH-NEWYORK
CUST-JOIN-2232,Freight Account 2232,Europe,SMB,ORD-02232,2026-08-10,3974.35,WH-NEWYORK
CUST-JOIN-2232,Freight Account 2232,Europe,SMB,ORD-09732,2026-08-31,4377.68,WH-CHICAGO
CUST-JOIN-2233,Freight Account 2233,Europe,Startup,ORD-02233,2026-08-10,3778.03,WH-DETROIT
CUST-JOIN-2233,Freight Account 2233,Europe,Startup,ORD-09733,2026-08-31,4741.15,WH-DETROIT
CUST-JOIN-2234,Freight Account 2234,North America,SMB,ORD-02234,2026-08-10,2529.31,WH-CHICAGO
CUST-JOIN-2234,Freight Account 2234,North America,SMB,ORD-09734,2026-08-31,6114.1,WH-NEWYORK
CUST-JOIN-2235,Freight Account 2235,Asia Pacific,SMB,ORD-02235,2026-08-10,5312.99,WH-CHICAGO
CUST-JOIN-2235,Freight Account 2235,Asia Pacific,SMB,ORD-09735,2026-08-31,901.92,WH-CHICAGO
CUST-JOIN-2236,Freight Account 2236,Europe,Startup,ORD-02236,2026-08-10,6705.58,WH-NEWYORK
CUST-JOIN-2236,Freight Account 2236,Europe,Startup,ORD-09736,2026-08-31,2189.14,WH-NEWYORK
CUST-JOIN-2237,Freight Account 2237,Europe,Startup,ORD-02237,2026-08-10,5320.76,WH-NEWYORK
CUST-JOIN-2237,Freight Account 2237,Europe,Startup,ORD-09737,2026-08-31,2684.34,WH-NEWYORK
CUST-JOIN-2238,Freight Account 2238,Asia Pacific,SMB,ORD-02238,2026-08-10,3532.3,WH-NEWYORK
CUST-JOIN-2238,Freight Account 2238,Asia Pacific,SMB,ORD-09738,2026-08-31,5236.8,WH-MIAMI
CUST-JOIN-2239,Freight Account 2239,North America,Startup,ORD-02239,2026-08-10,1688.11,WH-CHICAGO
CUST-JOIN-2239,Freight Account 2239,North America,Startup,ORD-09739,2026-08-31,2916.54,WH-NEWYORK
CUST-JOIN-2240,Freight Account 2240,Asia Pacific,SMB,ORD-02240,2026-08-10,1305.09,WH-NEWYORK
CUST-JOIN-2240,Freight Account 2240,Asia Pacific,SMB,ORD-09740,2026-08-31,7864.35,WH-MIAMI
CUST-JOIN-2241,Freight Account 2241,North America,Startup,ORD-02241,2026-08-11,7917.94,WH-DETROIT
CUST-JOIN-2241,Freight Account 2241,North America,Startup,ORD-09741,2026-08-31,2862.25,WH-DETROIT
CUST-JOIN-2242,Freight Account 2242,North America,SMB,ORD-02242,2026-08-11,1389.43,WH-DETROIT
CUST-JOIN-2242,Freight Account 2242,North America,SMB,ORD-09742,2026-08-31,7260.05,WH-NEWYORK
CUST-JOIN-2243,Freight Account 2243,North America,SMB,ORD-02243,2026-08-11,2470.74,WH-CHICAGO
CUST-JOIN-2243,Freight Account 2243,North America,SMB,ORD-09743,2026-08-31,6093.78,WH-CHICAGO
CUST-JOIN-2244,Freight Account 2244,North America,SMB,ORD-02244,2026-08-11,3818.06,WH-CHICAGO
CUST-JOIN-2244,Freight Account 2244,North America,SMB,ORD-09744,2026-08-31,1450.77,WH-NEWYORK
CUST-JOIN-2245,Freight Account 2245,North America,SMB,ORD-02245,2026-08-11,7638.07,WH-MIAMI
CUST-JOIN-2245,Freight Account 2245,North America,SMB,ORD-09745,2026-09-01,1767.99,WH-DETROIT
CUST-JOIN-2246,Freight Account 2246,North America,Startup,ORD-02246,2026-08-11,600.27,WH-DETROIT
CUST-JOIN-2246,Freight Account 2246,North America,Startup,ORD-09746,2026-09-01,7885.68,WH-MIAMI
CUST-JOIN-2247,Freight Account 2247,North America,SMB,ORD-02247,2026-08-11,818.14,WH-MIAMI
CUST-JOIN-2247,Freight Account 2247,North America,SMB,ORD-09747,2026-09-01,3805.73,WH-NEWYORK
CUST-JOIN-2248,Freight Account 2248,Europe,Startup,ORD-02248,2026-08-11,3763.42,WH-MIAMI
CUST-JOIN-2248,Freight Account 2248,Europe,Startup,ORD-09748,2026-09-01,5279.17,WH-CHICAGO
CUST-JOIN-2249,Freight Account 2249,Asia Pacific,Startup,ORD-02249,2026-08-11,3612.98,WH-CHICAGO
CUST-JOIN-2249,Freight Account 2249,Asia Pacific,Startup,ORD-09749,2026-09-01,4838.8,WH-NEWYORK
CUST-JOIN-2250,Freight Account 2250,Europe,Enterprise,ORD-02250,2026-08-11,6817.22,WH-NEWYORK
CUST-JOIN-2250,Freight Account 2250,Europe,Enterprise,ORD-09750,2026-09-01,7172.47,WH-NEWYORK
CUST-JOIN-2251,Freight Account 2251,Asia Pacific,Startup,ORD-02251,2026-08-11,2100.1,WH-CHICAGO
CUST-JOIN-2251,Freight Account 2251,Asia Pacific,Startup,ORD-09751,2026-09-01,5425.45,WH-NEWYORK
CUST-JOIN-2252,Freight Account 2252,Asia Pacific,Startup,ORD-02252,2026-08-11,6977.22,WH-MIAMI
CUST-JOIN-2252,Freight Account 2252,Asia Pacific,Startup,ORD-09752,2026-09-01,1343.4,WH-DETROIT
CUST-JOIN-2253,Freight Account 2253,North America,SMB,ORD-02253,2026-08-11,4904.75,WH-CHICAGO
CUST-JOIN-2253,Freight Account 2253,North America,SMB,ORD-09753,2026-09-01,1111.93,WH-DETROIT
CUST-JOIN-2254,Freight Account 2254,North America,Startup,ORD-02254,2026-08-11,7738.95,WH-MIAMI
CUST-JOIN-2254,Freight Account 2254,North America,Startup,ORD-09754,2026-09-01,3840.88,WH-DETROIT
CUST-JOIN-2255,Freight Account 2255,Asia Pacific,SMB,ORD-02255,2026-08-11,6568.22,WH-NEWYORK
CUST-JOIN-2255,Freight Account 2255,Asia Pacific,SMB,ORD-09755,2026-09-01,3087.55,WH-MIAMI
CUST-JOIN-2256,Freight Account 2256,Europe,SMB,ORD-02256,2026-08-11,4567.56,WH-CHICAGO
CUST-JOIN-2256,Freight Account 2256,Europe,SMB,ORD-09756,2026-09-01,6236.02,WH-NEWYORK
CUST-JOIN-2257,Freight Account 2257,Europe,Startup,ORD-02257,2026-08-11,4954.03,WH-MIAMI
CUST-JOIN-2257,Freight Account 2257,Europe,Startup,ORD-09757,2026-09-01,3448.87,WH-DETROIT
CUST-JOIN-2258,Freight Account 2258,Asia Pacific,SMB,ORD-02258,2026-08-11,5808.12,WH-CHICAGO
CUST-JOIN-2258,Freight Account 2258,Asia Pacific,SMB,ORD-09758,2026-09-01,3346.67,WH-DETROIT
CUST-JOIN-2259,Freight Account 2259,North America,SMB,ORD-02259,2026-08-11,7635.48,WH-MIAMI
CUST-JOIN-2259,Freight Account 2259,North America,SMB,ORD-09759,2026-09-01,6275.36,WH-NEWYORK
CUST-JOIN-2260,Freight Account 2260,North America,Enterprise,ORD-02260,2026-08-11,3053.68,WH-MIAMI
CUST-JOIN-2260,Freight Account 2260,North America,Enterprise,ORD-09760,2026-09-01,3999.23,WH-MIAMI
CUST-JOIN-2261,Freight Account 2261,Europe,Startup,ORD-02261,2026-08-11,7566.94,WH-CHICAGO
CUST-JOIN-2261,Freight Account 2261,Europe,Startup,ORD-09761,2026-09-01,2738.73,WH-DETROIT
CUST-JOIN-2262,Freight Account 2262,Europe,SMB,ORD-02262,2026-08-11,3144.6,WH-NEWYORK
CUST-JOIN-2262,Freight Account 2262,Europe,SMB,ORD-09762,2026-09-01,6394.14,WH-MIAMI
CUST-JOIN-2263,Freight Account 2263,Europe,SMB,ORD-02263,2026-08-11,5660.73,WH-MIAMI
CUST-JOIN-2263,Freight Account 2263,Europe,SMB,ORD-09763,2026-09-01,4437.1,WH-NEWYORK
CUST-JOIN-2264,Freight Account 2264,Asia Pacific,SMB,ORD-02264,2026-08-11,2920.97,WH-DETROIT
CUST-JOIN-2264,Freight Account 2264,Asia Pacific,SMB,ORD-09764,2026-09-01,2026.52,WH-MIAMI
CUST-JOIN-2265,Freight Account 2265,Asia Pacific,SMB,ORD-02265,2026-08-12,1534.21,WH-CHICAGO
CUST-JOIN-2265,Freight Account 2265,Asia Pacific,SMB,ORD-09765,2026-09-01,1456.45,WH-MIAMI
CUST-JOIN-2266,Freight Account 2266,Europe,SMB,ORD-02266,2026-08-12,5562.71,WH-NEWYORK
CUST-JOIN-2266,Freight Account 2266,Europe,SMB,ORD-09766,2026-09-01,4110.33,WH-CHICAGO
CUST-JOIN-2267,Freight Account 2267,Europe,Startup,ORD-02267,2026-08-12,5866.79,WH-NEWYORK
CUST-JOIN-2267,Freight Account 2267,Europe,Startup,ORD-09767,2026-09-01,1339.99,WH-MIAMI
CUST-JOIN-2268,Freight Account 2268,Asia Pacific,Enterprise,ORD-02268,2026-08-12,4043.91,WH-NEWYORK
CUST-JOIN-2268,Freight Account 2268,Asia Pacific,Enterprise,ORD-09768,2026-09-01,5774.85,WH-MIAMI
CUST-JOIN-2269,Freight Account 2269,Europe,SMB,ORD-02269,2026-08-12,2566.67,WH-CHICAGO
CUST-JOIN-2269,Freight Account 2269,Europe,SMB,ORD-09769,2026-09-02,1945.24,WH-CHICAGO
CUST-JOIN-2270,Freight Account 2270,Asia Pacific,SMB,ORD-02270,2026-08-12,7051.24,WH-DETROIT
CUST-JOIN-2270,Freight Account 2270,Asia Pacific,SMB,ORD-09770,2026-09-02,4167.55,WH-CHICAGO
CUST-JOIN-2271,Freight Account 2271,North America,Startup,ORD-02271,2026-08-12,1394.41,WH-NEWYORK
CUST-JOIN-2271,Freight Account 2271,North America,Startup,ORD-09771,2026-09-02,814.17,WH-MIAMI
CUST-JOIN-2272,Freight Account 2272,Europe,Startup,ORD-02272,2026-08-12,1416.53,WH-NEWYORK
CUST-JOIN-2272,Freight Account 2272,Europe,Startup,ORD-09772,2026-09-02,2802.61,WH-MIAMI
CUST-JOIN-2273,Freight Account 2273,Europe,Startup,ORD-02273,2026-08-12,4562.49,WH-DETROIT
CUST-JOIN-2273,Freight Account 2273,Europe,Startup,ORD-09773,2026-09-02,890.52,WH-CHICAGO
CUST-JOIN-2274,Freight Account 2274,North America,SMB,ORD-02274,2026-08-12,3756.09,WH-CHICAGO
CUST-JOIN-2274,Freight Account 2274,North America,SMB,ORD-09774,2026-09-02,4679.7,WH-CHICAGO
CUST-JOIN-2275,Freight Account 2275,Europe,Startup,ORD-02275,2026-08-12,1303.4,WH-NEWYORK
CUST-JOIN-2275,Freight Account 2275,Europe,Startup,ORD-09775,2026-09-02,2272.88,WH-DETROIT
CUST-JOIN-2276,Freight Account 2276,Asia Pacific,Startup,ORD-02276,2026-08-12,7508.22,WH-CHICAGO
CUST-JOIN-2276,Freight Account 2276,Asia Pacific,Startup,ORD-09776,2026-09-02,7216.56,WH-MIAMI
CUST-JOIN-2277,Freight Account 2277,North America,Startup,ORD-02277,2026-08-12,6138.21,WH-MIAMI
CUST-JOIN-2277,Freight Account 2277,North America,Startup,ORD-09777,2026-09-02,7184.62,WH-CHICAGO
CUST-JOIN-2278,Freight Account 2278,Asia Pacific,Enterprise,ORD-02278,2026-08-12,555.08,WH-CHICAGO
CUST-JOIN-2278,Freight Account 2278,Asia Pacific,Enterprise,ORD-09778,2026-09-02,1589.25,WH-MIAMI
CUST-JOIN-2279,Freight Account 2279,North America,SMB,ORD-02279,2026-08-12,4050.95,WH-MIAMI
CUST-JOIN-2279,Freight Account 2279,North America,SMB,ORD-09779,2026-09-02,4633.15,WH-DETROIT
CUST-JOIN-2280,Freight Account 2280,North America,SMB,ORD-02280,2026-08-12,2178.36,WH-MIAMI
CUST-JOIN-2280,Freight Account 2280,North America,SMB,ORD-09780,2026-09-02,4895.02,WH-NEWYORK
CUST-JOIN-2281,Freight Account 2281,Europe,Startup,ORD-02281,2026-08-12,2358.33,WH-MIAMI
CUST-JOIN-2281,Freight Account 2281,Europe,Startup,ORD-09781,2026-09-02,1608.83,WH-MIAMI
CUST-JOIN-2282,Freight Account 2282,Europe,Startup,ORD-02282,2026-08-12,6175.8,WH-DETROIT
CUST-JOIN-2282,Freight Account 2282,Europe,Startup,ORD-09782,2026-09-02,486.98,WH-CHICAGO
CUST-JOIN-2283,Freight Account 2283,Europe,Enterprise,ORD-02283,2026-08-12,7118.9,WH-NEWYORK
CUST-JOIN-2283,Freight Account 2283,Europe,Enterprise,ORD-09783,2026-09-02,2476.01,WH-MIAMI
CUST-JOIN-2284,Freight Account 2284,Asia Pacific,Startup,ORD-02284,2026-08-12,2290.45,WH-MIAMI
CUST-JOIN-2284,Freight Account 2284,Asia Pacific,Startup,ORD-09784,2026-09-02,5920.1,WH-MIAMI
CUST-JOIN-2285,Freight Account 2285,Europe,Startup,ORD-02285,2026-08-12,7183.78,WH-NEWYORK
CUST-JOIN-2285,Freight Account 2285,Europe,Startup,ORD-09785,2026-09-02,4788.13,WH-NEWYORK
CUST-JOIN-2286,Freight Account 2286,Europe,Startup,ORD-02286,2026-08-12,7313.22,WH-DETROIT
CUST-JOIN-2286,Freight Account 2286,Europe,Startup,ORD-09786,2026-09-02,7128.46,WH-MIAMI
CUST-JOIN-2287,Freight Account 2287,North America,SMB,ORD-02287,2026-08-12,6517.53,WH-DETROIT
CUST-JOIN-2287,Freight Account 2287,North America,SMB,ORD-09787,2026-09-02,1742.03,WH-CHICAGO
CUST-JOIN-2288,Freight Account 2288,Europe,Startup,ORD-02288,2026-08-12,5926.53,WH-DETROIT
CUST-JOIN-2288,Freight Account 2288,Europe,Startup,ORD-09788,2026-09-02,3332.85,WH-DETROIT
CUST-JOIN-2289,Freight Account 2289,Asia Pacific,Startup,ORD-02289,2026-08-13,763.31,WH-CHICAGO
CUST-JOIN-2289,Freight Account 2289,Asia Pacific,Startup,ORD-09789,2026-09-02,5920.13,WH-MIAMI
CUST-JOIN-2290,Freight Account 2290,Europe,SMB,ORD-02290,2026-08-13,3635.85,WH-NEWYORK
CUST-JOIN-2290,Freight Account 2290,Europe,SMB,ORD-09790,2026-09-02,3606.0,WH-DETROIT
CUST-JOIN-2291,Freight Account 2291,Europe,Startup,ORD-02291,2026-08-13,1382.0,WH-CHICAGO
CUST-JOIN-2291,Freight Account 2291,Europe,Startup,ORD-09791,2026-09-02,3806.36,WH-CHICAGO
CUST-JOIN-2292,Freight Account 2292,Europe,Enterprise,ORD-02292,2026-08-13,1030.26,WH-NEWYORK
CUST-JOIN-2292,Freight Account 2292,Europe,Enterprise,ORD-09792,2026-09-02,4984.05,WH-DETROIT
CUST-JOIN-2293,Freight Account 2293,Asia Pacific,SMB,ORD-02293,2026-08-13,6741.29,WH-CHICAGO
CUST-JOIN-2293,Freight Account 2293,Asia Pacific,SMB,ORD-09793,2026-09-03,4800.68,WH-NEWYORK
CUST-JOIN-2294,Freight Account 2294,North America,SMB,ORD-02294,2026-08-13,2164.96,WH-NEWYORK
CUST-JOIN-2294,Freight Account 2294,North America,SMB,ORD-09794,2026-09-03,4792.7,WH-MIAMI
CUST-JOIN-2295,Freight Account 2295,Europe,Startup,ORD-02295,2026-08-13,1142.08,WH-DETROIT
CUST-JOIN-2295,Freight Account 2295,Europe,Startup,ORD-09795,2026-09-03,1175.21,WH-DETROIT
CUST-JOIN-2296,Freight Account 2296,Europe,Startup,ORD-02296,2026-08-13,6524.03,WH-MIAMI
CUST-JOIN-2296,Freight Account 2296,Europe,Startup,ORD-09796,2026-09-03,6179.56,WH-NEWYORK
CUST-JOIN-2297,Freight Account 2297,Europe,Startup,ORD-02297,2026-08-13,1868.53,WH-MIAMI
CUST-JOIN-2297,Freight Account 2297,Europe,Startup,ORD-09797,2026-09-03,5117.33,WH-MIAMI
CUST-JOIN-2298,Freight Account 2298,North America,SMB,ORD-02298,2026-08-13,3065.38,WH-NEWYORK
CUST-JOIN-2298,Freight Account 2298,North America,SMB,ORD-09798,2026-09-03,602.6,WH-NEWYORK
CUST-JOIN-2299,Freight Account 2299,Asia Pacific,SMB,ORD-02299,2026-08-13,3322.14,WH-MIAMI
CUST-JOIN-2299,Freight Account 2299,Asia Pacific,SMB,ORD-09799,2026-09-03,4019.2,WH-MIAMI
CUST-JOIN-2300,Freight Account 2300,Europe,Startup,ORD-02300,2026-08-13,6079.59,WH-DETROIT
CUST-JOIN-2300,Freight Account 2300,Europe,Startup,ORD-09800,2026-09-03,7931.63,WH-DETROIT
CUST-JOIN-2301,Freight Account 2301,Asia Pacific,SMB,ORD-02301,2026-08-13,6159.82,WH-DETROIT
CUST-JOIN-2301,Freight Account 2301,Asia Pacific,SMB,ORD-09801,2026-09-03,4536.97,WH-DETROIT
CUST-JOIN-2302,Freight Account 2302,Europe,Enterprise,ORD-02302,2026-08-13,6513.65,WH-MIAMI
CUST-JOIN-2302,Freight Account 2302,Europe,Enterprise,ORD-09802,2026-09-03,6593.41,WH-CHICAGO
CUST-JOIN-2303,Freight Account 2303,Europe,SMB,ORD-02303,2026-08-13,4064.63,WH-MIAMI
CUST-JOIN-2303,Freight Account 2303,Europe,SMB,ORD-09803,2026-09-03,6229.2,WH-NEWYORK
CUST-JOIN-2304,Freight Account 2304,Asia Pacific,Enterprise,ORD-02304,2026-08-13,3350.23,WH-CHICAGO
CUST-JOIN-2304,Freight Account 2304,Asia Pacific,Enterprise,ORD-09804,2026-09-03,7279.22,WH-NEWYORK
CUST-JOIN-2305,Freight Account 2305,Europe,SMB,ORD-02305,2026-08-13,5147.35,WH-MIAMI
CUST-JOIN-2305,Freight Account 2305,Europe,SMB,ORD-09805,2026-09-03,2735.95,WH-DETROIT
CUST-JOIN-2306,Freight Account 2306,North America,SMB,ORD-02306,2026-08-13,3644.94,WH-NEWYORK
CUST-JOIN-2306,Freight Account 2306,North America,SMB,ORD-09806,2026-09-03,3262.52,WH-NEWYORK
CUST-JOIN-2307,Freight Account 2307,North America,Startup,ORD-02307,2026-08-13,6008.17,WH-MIAMI
CUST-JOIN-2307,Freight Account 2307,North America,Startup,ORD-09807,2026-09-03,7438.68,WH-DETROIT
CUST-JOIN-2308,Freight Account 2308,Europe,SMB,ORD-02308,2026-08-13,4709.54,WH-MIAMI
CUST-JOIN-2308,Freight Account 2308,Europe,SMB,ORD-09808,2026-09-03,4228.57,WH-CHICAGO
CUST-JOIN-2309,Freight Account 2309,Europe,Startup,ORD-02309,2026-08-13,7274.98,WH-DETROIT
CUST-JOIN-2309,Freight Account 2309,Europe,Startup,ORD-09809,2026-09-03,3640.65,WH-MIAMI
CUST-JOIN-2310,Freight Account 2310,Europe,Enterprise,ORD-02310,2026-08-13,2502.68,WH-DETROIT
CUST-JOIN-2310,Freight Account 2310,Europe,Enterprise,ORD-09810,2026-09-03,946.78,WH-DETROIT
CUST-JOIN-2311,Freight Account 2311,Europe,SMB,ORD-02311,2026-08-13,4536.26,WH-MIAMI
CUST-JOIN-2311,Freight Account 2311,Europe,SMB,ORD-09811,2026-09-03,1608.16,WH-NEWYORK
CUST-JOIN-2312,Freight Account 2312,Europe,Startup,ORD-02312,2026-08-13,3806.19,WH-DETROIT
CUST-JOIN-2312,Freight Account 2312,Europe,Startup,ORD-09812,2026-09-03,2665.75,WH-CHICAGO
CUST-JOIN-2313,Freight Account 2313,Europe,Startup,ORD-02313,2026-08-14,1512.46,WH-CHICAGO
CUST-JOIN-2313,Freight Account 2313,Europe,Startup,ORD-09813,2026-09-03,1264.0,WH-MIAMI
CUST-JOIN-2314,Freight Account 2314,Asia Pacific,Startup,ORD-02314,2026-08-14,7146.2,WH-DETROIT
CUST-JOIN-2314,Freight Account 2314,Asia Pacific,Startup,ORD-09814,2026-09-03,4011.21,WH-CHICAGO
CUST-JOIN-2315,Freight Account 2315,North America,Startup,ORD-02315,2026-08-14,6024.14,WH-NEWYORK
CUST-JOIN-2315,Freight Account 2315,North America,Startup,ORD-09815,2026-09-03,1008.21,WH-NEWYORK
CUST-JOIN-2316,Freight Account 2316,Europe,Startup,ORD-02316,2026-08-14,4920.39,WH-NEWYORK
CUST-JOIN-2316,Freight Account 2316,Europe,Startup,ORD-09816,2026-09-03,982.07,WH-MIAMI
CUST-JOIN-2317,Freight Account 2317,Europe,SMB,ORD-02317,2026-08-14,3960.84,WH-NEWYORK
CUST-JOIN-2317,Freight Account 2317,Europe,SMB,ORD-09817,2026-09-04,407.71,WH-MIAMI
CUST-JOIN-2318,Freight Account 2318,Europe,Startup,ORD-02318,2026-08-14,5890.89,WH-NEWYORK
CUST-JOIN-2318,Freight Account 2318,Europe,Startup,ORD-09818,2026-09-04,2279.3,WH-CHICAGO
CUST-JOIN-2319,Freight Account 2319,Europe,SMB,ORD-02319,2026-08-14,5492.43,WH-CHICAGO
CUST-JOIN-2319,Freight Account 2319,Europe,SMB,ORD-09819,2026-09-04,209.46,WH-MIAMI
CUST-JOIN-2320,Freight Account 2320,Europe,SMB,ORD-02320,2026-08-14,757.09,WH-NEWYORK
CUST-JOIN-2320,Freight Account 2320,Europe,SMB,ORD-09820,2026-09-04,6618.15,WH-DETROIT
CUST-JOIN-2321,Freight Account 2321,North America,Startup,ORD-02321,2026-08-14,3113.43,WH-CHICAGO
CUST-JOIN-2321,Freight Account 2321,North America,Startup,ORD-09821,2026-09-04,3741.52,WH-MIAMI
CUST-JOIN-2322,Freight Account 2322,North America,SMB,ORD-02322,2026-08-14,3364.89,WH-NEWYORK
CUST-JOIN-2322,Freight Account 2322,North America,SMB,ORD-09822,2026-09-04,5597.45,WH-MIAMI
CUST-JOIN-2323,Freight Account 2323,Asia Pacific,Startup,ORD-02323,2026-08-14,5989.17,WH-DETROIT
CUST-JOIN-2323,Freight Account 2323,Asia Pacific,Startup,ORD-09823,2026-09-04,1298.72,WH-MIAMI
CUST-JOIN-2324,Freight Account 2324,Asia Pacific,SMB,ORD-02324,2026-08-14,7884.27,WH-CHICAGO
CUST-JOIN-2324,Freight Account 2324,Asia Pacific,SMB,ORD-09824,2026-09-04,5140.92,WH-NEWYORK
CUST-JOIN-2325,Freight Account 2325,Europe,Startup,ORD-02325,2026-08-14,7078.23,WH-DETROIT
CUST-JOIN-2325,Freight Account 2325,Europe,Startup,ORD-09825,2026-09-04,3407.85,WH-CHICAGO
CUST-JOIN-2326,Freight Account 2326,North America,Startup,ORD-02326,2026-08-14,5327.07,WH-NEWYORK
CUST-JOIN-2326,Freight Account 2326,North America,Startup,ORD-09826,2026-09-04,1223.12,WH-NEWYORK
CUST-JOIN-2327,Freight Account 2327,Europe,SMB,ORD-02327,2026-08-14,3377.84,WH-NEWYORK
CUST-JOIN-2327,Freight Account 2327,Europe,SMB,ORD-09827,2026-09-04,6085.43,WH-CHICAGO
CUST-JOIN-2328,Freight Account 2328,North America,Enterprise,ORD-02328,2026-08-14,5142.75,WH-MIAMI
CUST-JOIN-2328,Freight Account 2328,North America,Enterprise,ORD-09828,2026-09-04,3641.67,WH-CHICAGO
CUST-JOIN-2329,Freight Account 2329,Europe,Startup,ORD-02329,2026-08-14,7419.81,WH-CHICAGO
CUST-JOIN-2329,Freight Account 2329,Europe,Startup,ORD-09829,2026-09-04,3839.27,WH-NEWYORK
CUST-JOIN-2330,Freight Account 2330,Europe,Startup,ORD-02330,2026-08-14,3725.91,WH-NEWYORK
CUST-JOIN-2330,Freight Account 2330,Europe,Startup,ORD-09830,2026-09-04,2812.37,WH-CHICAGO
CUST-JOIN-2331,Freight Account 2331,Asia Pacific,SMB,ORD-02331,2026-08-14,655.26,WH-NEWYORK
CUST-JOIN-2331,Freight Account 2331,Asia Pacific,SMB,ORD-09831,2026-09-04,7636.43,WH-NEWYORK
CUST-JOIN-2332,Freight Account 2332,Asia Pacific,SMB,ORD-02332,2026-08-14,322.35,WH-CHICAGO
CUST-JOIN-2332,Freight Account 2332,Asia Pacific,SMB,ORD-09832,2026-09-04,6599.65,WH-CHICAGO
CUST-JOIN-2333,Freight Account 2333,Europe,SMB,ORD-02333,2026-08-14,5235.64,WH-NEWYORK
CUST-JOIN-2333,Freight Account 2333,Europe,SMB,ORD-09833,2026-09-04,2987.63,WH-NEWYORK
CUST-JOIN-2334,Freight Account 2334,North America,SMB,ORD-02334,2026-08-14,2324.08,WH-NEWYORK
CUST-JOIN-2334,Freight Account 2334,North America,SMB,ORD-09834,2026-09-04,6809.21,WH-CHICAGO
CUST-JOIN-2335,Freight Account 2335,Asia Pacific,Enterprise,ORD-02335,2026-08-14,1128.56,WH-CHICAGO
CUST-JOIN-2335,Freight Account 2335,Asia Pacific,Enterprise,ORD-09835,2026-09-04,2577.35,WH-DETROIT
CUST-JOIN-2336,Freight Account 2336,Europe,Startup,ORD-02336,2026-08-14,999.94,WH-NEWYORK
CUST-JOIN-2336,Freight Account 2336,Europe,Startup,ORD-09836,2026-09-04,2873.15,WH-NEWYORK
CUST-JOIN-2337,Freight Account 2337,North America,SMB,ORD-02337,2026-08-15,7736.65,WH-MIAMI
CUST-JOIN-2337,Freight Account 2337,North America,SMB,ORD-09837,2026-09-04,2607.42,WH-NEWYORK
CUST-JOIN-2338,Freight Account 2338,North America,Startup,ORD-02338,2026-08-15,3181.88,WH-MIAMI
CUST-JOIN-2338,Freight Account 2338,North America,Startup,ORD-09838,2026-09-04,6821.66,WH-DETROIT
CUST-JOIN-2339,Freight Account 2339,Europe,Startup,ORD-02339,2026-08-15,4860.64,WH-DETROIT
CUST-JOIN-2339,Freight Account 2339,Europe,Startup,ORD-09839,2026-09-04,5324.07,WH-CHICAGO
CUST-JOIN-2340,Freight Account 2340,North America,SMB,ORD-02340,2026-08-15,3451.27,WH-CHICAGO
CUST-JOIN-2340,Freight Account 2340,North America,SMB,ORD-09840,2026-09-04,1087.12,WH-CHICAGO
CUST-JOIN-2341,Freight Account 2341,North America,Startup,ORD-02341,2026-08-15,7932.49,WH-CHICAGO
CUST-JOIN-2341,Freight Account 2341,North America,Startup,ORD-09841,2026-09-05,6300.65,WH-MIAMI
CUST-JOIN-2342,Freight Account 2342,Asia Pacific,Startup,ORD-02342,2026-08-15,4127.79,WH-CHICAGO
CUST-JOIN-2342,Freight Account 2342,Asia Pacific,Startup,ORD-09842,2026-09-05,3006.65,WH-NEWYORK
CUST-JOIN-2343,Freight Account 2343,Europe,Startup,ORD-02343,2026-08-15,7760.36,WH-DETROIT
CUST-JOIN-2343,Freight Account 2343,Europe,Startup,ORD-09843,2026-09-05,1539.87,WH-MIAMI
CUST-JOIN-2344,Freight Account 2344,North America,SMB,ORD-02344,2026-08-15,5351.75,WH-NEWYORK
CUST-JOIN-2344,Freight Account 2344,North America,SMB,ORD-09844,2026-09-05,3380.22,WH-CHICAGO
CUST-JOIN-2345,Freight Account 2345,Asia Pacific,Startup,ORD-02345,2026-08-15,4321.44,WH-NEWYORK
CUST-JOIN-2345,Freight Account 2345,Asia Pacific,Startup,ORD-09845,2026-09-05,2622.93,WH-CHICAGO
CUST-JOIN-2346,Freight Account 2346,Asia Pacific,Startup,ORD-02346,2026-08-15,3469.91,WH-NEWYORK
CUST-JOIN-2346,Freight Account 2346,Asia Pacific,Startup,ORD-09846,2026-09-05,1661.13,WH-NEWYORK
CUST-JOIN-2347,Freight Account 2347,North America,Startup,ORD-02347,2026-08-15,7423.66,WH-NEWYORK
CUST-JOIN-2347,Freight Account 2347,North America,Startup,ORD-09847,2026-09-05,7314.99,WH-MIAMI
CUST-JOIN-2348,Freight Account 2348,North America,SMB,ORD-02348,2026-08-15,7015.18,WH-MIAMI
CUST-JOIN-2348,Freight Account 2348,North America,SMB,ORD-09848,2026-09-05,3169.29,WH-NEWYORK
CUST-JOIN-2349,Freight Account 2349,North America,SMB,ORD-02349,2026-08-15,760.34,WH-MIAMI
CUST-JOIN-2349,Freight Account 2349,North America,SMB,ORD-09849,2026-09-05,7321.8,WH-CHICAGO
CUST-JOIN-2350,Freight Account 2350,Asia Pacific,SMB,ORD-02350,2026-08-15,3400.58,WH-MIAMI
CUST-JOIN-2350,Freight Account 2350,Asia Pacific,SMB,ORD-09850,2026-09-05,1711.24,WH-DETROIT
CUST-JOIN-2351,Freight Account 2351,North America,SMB,ORD-02351,2026-08-15,5969.63,WH-DETROIT
CUST-JOIN-2351,Freight Account 2351,North America,SMB,ORD-09851,2026-09-05,5613.89,WH-MIAMI
CUST-JOIN-2352,Freight Account 2352,Europe,Startup,ORD-02352,2026-08-15,5198.64,WH-DETROIT
CUST-JOIN-2352,Freight Account 2352,Europe,Startup,ORD-09852,2026-09-05,5376.13,WH-DETROIT
CUST-JOIN-2353,Freight Account 2353,North America,SMB,ORD-02353,2026-08-15,3624.53,WH-CHICAGO
CUST-JOIN-2353,Freight Account 2353,North America,SMB,ORD-09853,2026-09-05,3164.14,WH-NEWYORK
CUST-JOIN-2354,Freight Account 2354,Asia Pacific,SMB,ORD-02354,2026-08-15,7666.89,WH-MIAMI
CUST-JOIN-2354,Freight Account 2354,Asia Pacific,SMB,ORD-09854,2026-09-05,3802.74,WH-CHICAGO
CUST-JOIN-2355,Freight Account 2355,North America,Startup,ORD-02355,2026-08-15,5217.5,WH-CHICAGO
CUST-JOIN-2355,Freight Account 2355,North America,Startup,ORD-09855,2026-09-05,4065.75,WH-NEWYORK
CUST-JOIN-2356,Freight Account 2356,Europe,SMB,ORD-02356,2026-08-15,7886.52,WH-DETROIT
CUST-JOIN-2356,Freight Account 2356,Europe,SMB,ORD-09856,2026-09-05,3485.62,WH-CHICAGO
CUST-JOIN-2357,Freight Account 2357,Asia Pacific,Enterprise,ORD-02357,2026-08-15,4315.74,WH-DETROIT
CUST-JOIN-2357,Freight Account 2357,Asia Pacific,Enterprise,ORD-09857,2026-09-05,7320.91,WH-DETROIT
CUST-JOIN-2358,Freight Account 2358,North America,Startup,ORD-02358,2026-08-15,6722.09,WH-NEWYORK
CUST-JOIN-2358,Freight Account 2358,North America,Startup,ORD-09858,2026-09-05,5777.38,WH-NEWYORK
CUST-JOIN-2359,Freight Account 2359,Asia Pacific,SMB,ORD-02359,2026-08-15,1476.8,WH-MIAMI
CUST-JOIN-2359,Freight Account 2359,Asia Pacific,SMB,ORD-09859,2026-09-05,5473.06,WH-NEWYORK
CUST-JOIN-2360,Freight Account 2360,North America,SMB,ORD-02360,2026-08-15,7436.47,WH-MIAMI
CUST-JOIN-2360,Freight Account 2360,North America,SMB,ORD-09860,2026-09-05,6175.49,WH-CHICAGO
CUST-JOIN-2361,Freight Account 2361,Asia Pacific,Startup,ORD-02361,2026-08-16,4014.85,WH-NEWYORK
CUST-JOIN-2361,Freight Account 2361,Asia Pacific,Startup,ORD-09861,2026-09-05,4006.6,WH-CHICAGO
CUST-JOIN-2362,Freight Account 2362,Europe,SMB,ORD-02362,2026-08-16,4499.57,WH-DETROIT
CUST-JOIN-2362,Freight Account 2362,Europe,SMB,ORD-09862,2026-09-05,7327.43,WH-CHICAGO
CUST-JOIN-2363,Freight Account 2363,North America,SMB,ORD-02363,2026-08-16,2624.05,WH-NEWYORK
CUST-JOIN-2363,Freight Account 2363,North America,SMB,ORD-09863,2026-09-05,7136.19,WH-NEWYORK
CUST-JOIN-2364,Freight Account 2364,Europe,Startup,ORD-02364,2026-08-16,5379.1,WH-MIAMI
CUST-JOIN-2364,Freight Account 2364,Europe,Startup,ORD-09864,2026-09-05,7282.64,WH-NEWYORK
CUST-JOIN-2365,Freight Account 2365,Asia Pacific,SMB,ORD-02365,2026-08-16,6742.73,WH-NEWYORK
CUST-JOIN-2365,Freight Account 2365,Asia Pacific,SMB,ORD-09865,2026-09-06,7661.26,WH-DETROIT
CUST-JOIN-2366,Freight Account 2366,Asia Pacific,SMB,ORD-02366,2026-08-16,6330.84,WH-DETROIT
CUST-JOIN-2366,Freight Account 2366,Asia Pacific,SMB,ORD-09866,2026-09-06,3036.15,WH-MIAMI
CUST-JOIN-2367,Freight Account 2367,Europe,SMB,ORD-02367,2026-08-16,1536.78,WH-DETROIT
CUST-JOIN-2367,Freight Account 2367,Europe,SMB,ORD-09867,2026-09-06,6214.76,WH-NEWYORK
CUST-JOIN-2368,Freight Account 2368,Asia Pacific,SMB,ORD-02368,2026-08-16,394.57,WH-DETROIT
CUST-JOIN-2368,Freight Account 2368,Asia Pacific,SMB,ORD-09868,2026-09-06,2164.89,WH-MIAMI
CUST-JOIN-2369,Freight Account 2369,North America,Startup,ORD-02369,2026-08-16,1775.76,WH-MIAMI
CUST-JOIN-2369,Freight Account 2369,North America,Startup,ORD-09869,2026-09-06,6586.79,WH-DETROIT
CUST-JOIN-2370,Freight Account 2370,Asia Pacific,SMB,ORD-02370,2026-08-16,1591.03,WH-MIAMI
CUST-JOIN-2370,Freight Account 2370,Asia Pacific,SMB,ORD-09870,2026-09-06,5815.23,WH-MIAMI
CUST-JOIN-2371,Freight Account 2371,Europe,SMB,ORD-02371,2026-08-16,6768.64,WH-CHICAGO
CUST-JOIN-2371,Freight Account 2371,Europe,SMB,ORD-09871,2026-09-06,7506.29,WH-MIAMI
CUST-JOIN-2372,Freight Account 2372,Asia Pacific,Startup,ORD-02372,2026-08-16,7748.44,WH-CHICAGO
CUST-JOIN-2372,Freight Account 2372,Asia Pacific,Startup,ORD-09872,2026-09-06,6536.15,WH-CHICAGO
CUST-JOIN-2373,Freight Account 2373,Europe,SMB,ORD-02373,2026-08-16,7307.41,WH-CHICAGO
CUST-JOIN-2373,Freight Account 2373,Europe,SMB,ORD-09873,2026-09-06,1825.78,WH-DETROIT
CUST-JOIN-2374,Freight Account 2374,North America,SMB,ORD-02374,2026-08-16,2588.21,WH-NEWYORK
CUST-JOIN-2374,Freight Account 2374,North America,SMB,ORD-09874,2026-09-06,2578.76,WH-NEWYORK
CUST-JOIN-2375,Freight Account 2375,Asia Pacific,Startup,ORD-02375,2026-08-16,7915.59,WH-NEWYORK
CUST-JOIN-2375,Freight Account 2375,Asia Pacific,Startup,ORD-09875,2026-09-06,2545.06,WH-DETROIT
CUST-JOIN-2376,Freight Account 2376,North America,Enterprise,ORD-02376,2026-08-16,2906.3,WH-NEWYORK
CUST-JOIN-2376,Freight Account 2376,North America,Enterprise,ORD-09876,2026-09-06,4400.79,WH-NEWYORK
CUST-JOIN-2377,Freight Account 2377,Asia Pacific,Startup,ORD-02377,2026-08-16,6368.55,WH-NEWYORK
CUST-JOIN-2377,Freight Account 2377,Asia Pacific,Startup,ORD-09877,2026-09-06,4760.57,WH-NEWYORK
CUST-JOIN-2378,Freight Account 2378,Europe,SMB,ORD-02378,2026-08-16,2119.45,WH-NEWYORK
CUST-JOIN-2378,Freight Account 2378,Europe,SMB,ORD-09878,2026-09-06,392.19,WH-NEWYORK
CUST-JOIN-2379,Freight Account 2379,Asia Pacific,Startup,ORD-02379,2026-08-16,7895.19,WH-DETROIT
CUST-JOIN-2379,Freight Account 2379,Asia Pacific,Startup,ORD-09879,2026-09-06,1217.47,WH-CHICAGO
CUST-JOIN-2380,Freight Account 2380,Europe,Startup,ORD-02380,2026-08-16,3134.16,WH-CHICAGO
CUST-JOIN-2380,Freight Account 2380,Europe,Startup,ORD-09880,2026-09-06,7490.4,WH-CHICAGO
CUST-JOIN-2381,Freight Account 2381,North America,SMB,ORD-02381,2026-08-16,4227.22,WH-MIAMI
CUST-JOIN-2381,Freight Account 2381,North America,SMB,ORD-09881,2026-09-06,1371.08,WH-DETROIT
CUST-JOIN-2382,Freight Account 2382,Asia Pacific,Startup,ORD-02382,2026-08-16,3314.58,WH-NEWYORK
CUST-JOIN-2382,Freight Account 2382,Asia Pacific,Startup,ORD-09882,2026-09-06,5553.38,WH-NEWYORK
CUST-JOIN-2383,Freight Account 2383,North America,Startup,ORD-02383,2026-08-16,6357.21,WH-DETROIT
CUST-JOIN-2383,Freight Account 2383,North America,Startup,ORD-09883,2026-09-06,3723.01,WH-NEWYORK
CUST-JOIN-2384,Freight Account 2384,Europe,Startup,ORD-02384,2026-08-16,5157.22,WH-MIAMI
CUST-JOIN-2384,Freight Account 2384,Europe,Startup,ORD-09884,2026-09-06,5054.56,WH-CHICAGO
CUST-JOIN-2385,Freight Account 2385,North America,SMB,ORD-02385,2026-08-17,3183.92,WH-NEWYORK
CUST-JOIN-2385,Freight Account 2385,North America,SMB,ORD-09885,2026-09-06,5118.72,WH-NEWYORK
CUST-JOIN-2386,Freight Account 2386,Europe,SMB,ORD-02386,2026-08-17,2796.51,WH-MIAMI
CUST-JOIN-2386,Freight Account 2386,Europe,SMB,ORD-09886,2026-09-06,4496.55,WH-NEWYORK
CUST-JOIN-2387,Freight Account 2387,Asia Pacific,SMB,ORD-02387,2026-08-17,6674.37,WH-DETROIT
CUST-JOIN-2387,Freight Account 2387,Asia Pacific,SMB,ORD-09887,2026-09-06,5563.59,WH-DETROIT
CUST-JOIN-2388,Freight Account 2388,Europe,SMB,ORD-02388,2026-08-17,1030.97,WH-NEWYORK
CUST-JOIN-2388,Freight Account 2388,Europe,SMB,ORD-09888,2026-09-06,6381.42,WH-CHICAGO
CUST-JOIN-2389,Freight Account 2389,North America,SMB,ORD-02389,2026-08-17,3447.42,WH-NEWYORK
CUST-JOIN-2389,Freight Account 2389,North America,SMB,ORD-09889,2026-09-07,1489.26,WH-MIAMI
CUST-JOIN-2390,Freight Account 2390,Europe,SMB,ORD-02390,2026-08-17,6955.21,WH-CHICAGO
CUST-JOIN-2390,Freight Account 2390,Europe,SMB,ORD-09890,2026-09-07,6932.32,WH-DETROIT
CUST-JOIN-2391,Freight Account 2391,Europe,Enterprise,ORD-02391,2026-08-17,5868.7,WH-MIAMI
CUST-JOIN-2391,Freight Account 2391,Europe,Enterprise,ORD-09891,2026-09-07,6543.1,WH-DETROIT
CUST-JOIN-2392,Freight Account 2392,North America,SMB,ORD-02392,2026-08-17,4483.44,WH-NEWYORK
CUST-JOIN-2392,Freight Account 2392,North America,SMB,ORD-09892,2026-09-07,4871.61,WH-NEWYORK
CUST-JOIN-2393,Freight Account 2393,North America,Startup,ORD-02393,2026-08-17,4327.85,WH-CHICAGO
CUST-JOIN-2393,Freight Account 2393,North America,Startup,ORD-09893,2026-09-07,4625.89,WH-MIAMI
CUST-JOIN-2394,Freight Account 2394,Europe,Startup,ORD-02394,2026-08-17,7161.02,WH-NEWYORK
CUST-JOIN-2394,Freight Account 2394,Europe,Startup,ORD-09894,2026-09-07,7982.69,WH-NEWYORK
CUST-JOIN-2395,Freight Account 2395,North America,SMB,ORD-02395,2026-08-17,7399.43,WH-CHICAGO
CUST-JOIN-2395,Freight Account 2395,North America,SMB,ORD-09895,2026-09-07,6266.59,WH-CHICAGO
CUST-JOIN-2396,Freight Account 2396,Asia Pacific,SMB,ORD-02396,2026-08-17,7010.89,WH-NEWYORK
CUST-JOIN-2396,Freight Account 2396,Asia Pacific,SMB,ORD-09896,2026-09-07,1722.96,WH-NEWYORK
CUST-JOIN-2397,Freight Account 2397,Europe,SMB,ORD-02397,2026-08-17,7998.48,WH-DETROIT
CUST-JOIN-2397,Freight Account 2397,Europe,SMB,ORD-09897,2026-09-07,4632.14,WH-MIAMI
CUST-JOIN-2398,Freight Account 2398,Europe,Startup,ORD-02398,2026-08-17,3262.94,WH-DETROIT
CUST-JOIN-2398,Freight Account 2398,Europe,Startup,ORD-09898,2026-09-07,4579.91,WH-DETROIT
CUST-JOIN-2399,Freight Account 2399,Europe,Startup,ORD-02399,2026-08-17,562.86,WH-NEWYORK
CUST-JOIN-2399,Freight Account 2399,Europe,Startup,ORD-09899,2026-09-07,437.62,WH-DETROIT
CUST-JOIN-2400,Freight Account 2400,North America,SMB,ORD-02400,2026-08-17,2465.11,WH-MIAMI
CUST-JOIN-2400,Freight Account 2400,North America,SMB,ORD-09900,2026-09-07,942.79,WH-DETROIT
CUST-JOIN-2401,Freight Account 2401,Europe,Startup,ORD-02401,2026-08-17,4230.44,WH-MIAMI
CUST-JOIN-2401,Freight Account 2401,Europe,Startup,ORD-09901,2026-09-07,639.93,WH-DETROIT
CUST-JOIN-2402,Freight Account 2402,Asia Pacific,SMB,ORD-02402,2026-08-17,4016.42,WH-CHICAGO
CUST-JOIN-2402,Freight Account 2402,Asia Pacific,SMB,ORD-09902,2026-09-07,3753.61,WH-MIAMI
CUST-JOIN-2403,Freight Account 2403,Asia Pacific,Enterprise,ORD-02403,2026-08-17,7598.68,WH-CHICAGO
CUST-JOIN-2403,Freight Account 2403,Asia Pacific,Enterprise,ORD-09903,2026-09-07,7972.1,WH-DETROIT
CUST-JOIN-2404,Freight Account 2404,Europe,Startup,ORD-02404,2026-08-17,843.63,WH-CHICAGO
CUST-JOIN-2404,Freight Account 2404,Europe,Startup,ORD-09904,2026-09-07,4597.64,WH-MIAMI
CUST-JOIN-2405,Freight Account 2405,Europe,SMB,ORD-02405,2026-08-17,468.77,WH-MIAMI
CUST-JOIN-2405,Freight Account 2405,Europe,SMB,ORD-09905,2026-09-07,4365.93,WH-DETROIT
CUST-JOIN-2406,Freight Account 2406,North America,Enterprise,ORD-02406,2026-08-17,955.8,WH-NEWYORK
CUST-JOIN-2406,Freight Account 2406,North America,Enterprise,ORD-09906,2026-09-07,5633.4,WH-MIAMI
CUST-JOIN-2407,Freight Account 2407,North America,Startup,ORD-02407,2026-08-17,2672.95,WH-NEWYORK
CUST-JOIN-2407,Freight Account 2407,North America,Startup,ORD-09907,2026-09-07,4303.28,WH-DETROIT
CUST-JOIN-2408,Freight Account 2408,Europe,SMB,ORD-02408,2026-08-17,5762.22,WH-CHICAGO
CUST-JOIN-2408,Freight Account 2408,Europe,SMB,ORD-09908,2026-09-07,5100.22,WH-NEWYORK
CUST-JOIN-2409,Freight Account 2409,Asia Pacific,SMB,ORD-02409,2026-08-18,1182.14,WH-MIAMI
CUST-JOIN-2409,Freight Account 2409,Asia Pacific,SMB,ORD-09909,2026-09-07,3266.66,WH-CHICAGO
CUST-JOIN-2410,Freight Account 2410,Asia Pacific,SMB,ORD-02410,2026-08-18,5686.76,WH-MIAMI
CUST-JOIN-2410,Freight Account 2410,Asia Pacific,SMB,ORD-09910,2026-09-07,7235.16,WH-DETROIT
CUST-JOIN-2411,Freight Account 2411,Europe,Startup,ORD-02411,2026-08-18,4049.54,WH-DETROIT
CUST-JOIN-2411,Freight Account 2411,Europe,Startup,ORD-09911,2026-09-07,2959.74,WH-DETROIT
CUST-JOIN-2412,Freight Account 2412,Europe,SMB,ORD-02412,2026-08-18,2881.33,WH-MIAMI
CUST-JOIN-2412,Freight Account 2412,Europe,SMB,ORD-09912,2026-09-07,1346.61,WH-DETROIT
CUST-JOIN-2413,Freight Account 2413,Asia Pacific,Startup,ORD-02413,2026-08-18,1880.42,WH-MIAMI
CUST-JOIN-2413,Freight Account 2413,Asia Pacific,Startup,ORD-09913,2026-09-08,2012.94,WH-DETROIT
CUST-JOIN-2414,Freight Account 2414,North America,SMB,ORD-02414,2026-08-18,4314.15,WH-NEWYORK
CUST-JOIN-2414,Freight Account 2414,North America,SMB,ORD-09914,2026-09-08,3075.63,WH-NEWYORK
CUST-JOIN-2415,Freight Account 2415,Europe,SMB,ORD-02415,2026-08-18,5106.77,WH-DETROIT
CUST-JOIN-2415,Freight Account 2415,Europe,SMB,ORD-09915,2026-09-08,6886.9,WH-MIAMI
CUST-JOIN-2416,Freight Account 2416,Europe,SMB,ORD-02416,2026-08-18,926.43,WH-DETROIT
CUST-JOIN-2416,Freight Account 2416,Europe,SMB,ORD-09916,2026-09-08,399.27,WH-DETROIT
CUST-JOIN-2417,Freight Account 2417,Europe,Enterprise,ORD-02417,2026-08-18,3237.94,WH-MIAMI
CUST-JOIN-2417,Freight Account 2417,Europe,Enterprise,ORD-09917,2026-09-08,1979.42,WH-NEWYORK
CUST-JOIN-2418,Freight Account 2418,Asia Pacific,SMB,ORD-02418,2026-08-18,3659.79,WH-NEWYORK
CUST-JOIN-2418,Freight Account 2418,Asia Pacific,SMB,ORD-09918,2026-09-08,2714.67,WH-DETROIT
CUST-JOIN-2419,Freight Account 2419,Europe,Enterprise,ORD-02419,2026-08-18,5941.35,WH-MIAMI
CUST-JOIN-2419,Freight Account 2419,Europe,Enterprise,ORD-09919,2026-09-08,2320.58,WH-CHICAGO
CUST-JOIN-2420,Freight Account 2420,Europe,Enterprise,ORD-02420,2026-08-18,839.71,WH-DETROIT
CUST-JOIN-2420,Freight Account 2420,Europe,Enterprise,ORD-09920,2026-09-08,1115.18,WH-MIAMI
CUST-JOIN-2421,Freight Account 2421,Europe,SMB,ORD-02421,2026-08-18,2833.9,WH-CHICAGO
CUST-JOIN-2421,Freight Account 2421,Europe,SMB,ORD-09921,2026-09-08,6010.82,WH-CHICAGO
CUST-JOIN-2422,Freight Account 2422,Europe,Enterprise,ORD-02422,2026-08-18,4685.09,WH-NEWYORK
CUST-JOIN-2422,Freight Account 2422,Europe,Enterprise,ORD-09922,2026-09-08,548.64,WH-NEWYORK
CUST-JOIN-2423,Freight Account 2423,North America,Startup,ORD-02423,2026-08-18,1835.72,WH-NEWYORK
CUST-JOIN-2423,Freight Account 2423,North America,Startup,ORD-09923,2026-09-08,2239.41,WH-MIAMI
CUST-JOIN-2424,Freight Account 2424,Europe,Enterprise,ORD-02424,2026-08-18,3436.4,WH-DETROIT
CUST-JOIN-2424,Freight Account 2424,Europe,Enterprise,ORD-09924,2026-09-08,3670.59,WH-NEWYORK
CUST-JOIN-2425,Freight Account 2425,North America,Startup,ORD-02425,2026-08-18,2195.25,WH-DETROIT
CUST-JOIN-2425,Freight Account 2425,North America,Startup,ORD-09925,2026-09-08,1469.09,WH-MIAMI
CUST-JOIN-2426,Freight Account 2426,North America,Startup,ORD-02426,2026-08-18,6916.71,WH-NEWYORK
CUST-JOIN-2426,Freight Account 2426,North America,Startup,ORD-09926,2026-09-08,6698.19,WH-MIAMI
CUST-JOIN-2427,Freight Account 2427,North America,Startup,ORD-02427,2026-08-18,2208.91,WH-NEWYORK
CUST-JOIN-2427,Freight Account 2427,North America,Startup,ORD-09927,2026-09-08,5618.53,WH-NEWYORK
CUST-JOIN-2428,Freight Account 2428,Asia Pacific,SMB,ORD-02428,2026-08-18,4087.48,WH-CHICAGO
CUST-JOIN-2428,Freight Account 2428,Asia Pacific,SMB,ORD-09928,2026-09-08,3578.05,WH-NEWYORK
CUST-JOIN-2429,Freight Account 2429,Asia Pacific,SMB,ORD-02429,2026-08-18,3872.34,WH-MIAMI
CUST-JOIN-2429,Freight Account 2429,Asia Pacific,SMB,ORD-09929,2026-09-08,4574.17,WH-CHICAGO
CUST-JOIN-2430,Freight Account 2430,Europe,SMB,ORD-02430,2026-08-18,272.63,WH-CHICAGO
CUST-JOIN-2430,Freight Account 2430,Europe,SMB,ORD-09930,2026-09-08,2686.93,WH-MIAMI
CUST-JOIN-2431,Freight Account 2431,Europe,SMB,ORD-02431,2026-08-18,6128.31,WH-CHICAGO
CUST-JOIN-2431,Freight Account 2431,Europe,SMB,ORD-09931,2026-09-08,4374.38,WH-NEWYORK
CUST-JOIN-2432,Freight Account 2432,Asia Pacific,Startup,ORD-02432,2026-08-18,6364.36,WH-NEWYORK
CUST-JOIN-2432,Freight Account 2432,Asia Pacific,Startup,ORD-09932,2026-09-08,5249.21,WH-DETROIT
CUST-JOIN-2433,Freight Account 2433,Asia Pacific,Startup,ORD-02433,2026-08-19,2183.69,WH-MIAMI
CUST-JOIN-2433,Freight Account 2433,Asia Pacific,Startup,ORD-09933,2026-09-08,4278.89,WH-MIAMI
CUST-JOIN-2434,Freight Account 2434,Europe,SMB,ORD-02434,2026-08-19,441.74,WH-MIAMI
CUST-JOIN-2434,Freight Account 2434,Europe,SMB,ORD-09934,2026-09-08,7567.38,WH-MIAMI
CUST-JOIN-2435,Freight Account 2435,Europe,Startup,ORD-02435,2026-08-19,4106.86,WH-NEWYORK
CUST-JOIN-2435,Freight Account 2435,Europe,Startup,ORD-09935,2026-09-08,3598.21,WH-NEWYORK
CUST-JOIN-2436,Freight Account 2436,Asia Pacific,Startup,ORD-02436,2026-08-19,3710.06,WH-NEWYORK
CUST-JOIN-2436,Freight Account 2436,Asia Pacific,Startup,ORD-09936,2026-09-08,3222.6,WH-MIAMI
CUST-JOIN-2437,Freight Account 2437,Asia Pacific,Startup,ORD-02437,2026-08-19,237.85,WH-MIAMI
CUST-JOIN-2437,Freight Account 2437,Asia Pacific,Startup,ORD-09937,2026-09-09,2270.6,WH-CHICAGO
CUST-JOIN-2438,Freight Account 2438,North America,SMB,ORD-02438,2026-08-19,6931.66,WH-MIAMI
CUST-JOIN-2438,Freight Account 2438,North America,SMB,ORD-09938,2026-09-09,7813.22,WH-DETROIT
CUST-JOIN-2439,Freight Account 2439,Asia Pacific,SMB,ORD-02439,2026-08-19,6656.28,WH-NEWYORK
CUST-JOIN-2439,Freight Account 2439,Asia Pacific,SMB,ORD-09939,2026-09-09,2545.11,WH-DETROIT
CUST-JOIN-2440,Freight Account 2440,Europe,Startup,ORD-02440,2026-08-19,1155.18,WH-CHICAGO
CUST-JOIN-2440,Freight Account 2440,Europe,Startup,ORD-09940,2026-09-09,5609.15,WH-MIAMI
CUST-JOIN-2441,Freight Account 2441,North America,Startup,ORD-02441,2026-08-19,2352.41,WH-NEWYORK
CUST-JOIN-2441,Freight Account 2441,North America,Startup,ORD-09941,2026-09-09,2608.78,WH-DETROIT
CUST-JOIN-2442,Freight Account 2442,Europe,Startup,ORD-02442,2026-08-19,1734.29,WH-CHICAGO
CUST-JOIN-2442,Freight Account 2442,Europe,Startup,ORD-09942,2026-09-09,5707.36,WH-CHICAGO
CUST-JOIN-2443,Freight Account 2443,Europe,Startup,ORD-02443,2026-08-19,5258.77,WH-CHICAGO
CUST-JOIN-2443,Freight Account 2443,Europe,Startup,ORD-09943,2026-09-09,3853.76,WH-DETROIT
CUST-JOIN-2444,Freight Account 2444,Europe,Startup,ORD-02444,2026-08-19,1583.94,WH-MIAMI
CUST-JOIN-2444,Freight Account 2444,Europe,Startup,ORD-09944,2026-09-09,7909.68,WH-MIAMI
CUST-JOIN-2445,Freight Account 2445,North America,SMB,ORD-02445,2026-08-19,3845.92,WH-CHICAGO
CUST-JOIN-2445,Freight Account 2445,North America,SMB,ORD-09945,2026-09-09,3883.1,WH-MIAMI
CUST-JOIN-2446,Freight Account 2446,Asia Pacific,Startup,ORD-02446,2026-08-19,3895.06,WH-NEWYORK
CUST-JOIN-2446,Freight Account 2446,Asia Pacific,Startup,ORD-09946,2026-09-09,7781.07,WH-CHICAGO
CUST-JOIN-2447,Freight Account 2447,North America,SMB,ORD-02447,2026-08-19,6737.43,WH-DETROIT
CUST-JOIN-2447,Freight Account 2447,North America,SMB,ORD-09947,2026-09-09,3985.82,WH-NEWYORK
CUST-JOIN-2448,Freight Account 2448,Asia Pacific,SMB,ORD-02448,2026-08-19,6711.36,WH-MIAMI
CUST-JOIN-2448,Freight Account 2448,Asia Pacific,SMB,ORD-09948,2026-09-09,7799.21,WH-NEWYORK
CUST-JOIN-2449,Freight Account 2449,Asia Pacific,SMB,ORD-02449,2026-08-19,3574.82,WH-MIAMI
CUST-JOIN-2449,Freight Account 2449,Asia Pacific,SMB,ORD-09949,2026-09-09,2792.85,WH-NEWYORK
CUST-JOIN-2450,Freight Account 2450,Europe,Enterprise,ORD-02450,2026-08-19,1811.89,WH-NEWYORK
CUST-JOIN-2450,Freight Account 2450,Europe,Enterprise,ORD-09950,2026-09-09,3392.1,WH-NEWYORK
CUST-JOIN-2451,Freight Account 2451,North America,SMB,ORD-02451,2026-08-19,6489.4,WH-MIAMI
CUST-JOIN-2451,Freight Account 2451,North America,SMB,ORD-09951,2026-09-09,4993.45,WH-MIAMI
CUST-JOIN-2452,Freight Account 2452,North America,SMB,ORD-02452,2026-08-19,6185.86,WH-NEWYORK
CUST-JOIN-2452,Freight Account 2452,North America,SMB,ORD-09952,2026-09-09,4878.87,WH-CHICAGO
CUST-JOIN-2453,Freight Account 2453,North America,SMB,ORD-02453,2026-08-19,5900.67,WH-CHICAGO
CUST-JOIN-2453,Freight Account 2453,North America,SMB,ORD-09953,2026-09-09,7564.37,WH-CHICAGO
CUST-JOIN-2454,Freight Account 2454,Asia Pacific,Startup,ORD-02454,2026-08-19,6632.1,WH-CHICAGO
CUST-JOIN-2454,Freight Account 2454,Asia Pacific,Startup,ORD-09954,2026-09-09,3647.46,WH-DETROIT
CUST-JOIN-2455,Freight Account 2455,Europe,Startup,ORD-02455,2026-08-19,4104.22,WH-MIAMI
CUST-JOIN-2455,Freight Account 2455,Europe,Startup,ORD-09955,2026-09-09,5299.21,WH-MIAMI
CUST-JOIN-2456,Freight Account 2456,Asia Pacific,Startup,ORD-02456,2026-08-19,3517.51,WH-DETROIT
CUST-JOIN-2456,Freight Account 2456,Asia Pacific,Startup,ORD-09956,2026-09-09,6519.07,WH-CHICAGO
CUST-JOIN-2457,Freight Account 2457,Europe,SMB,ORD-02457,2026-08-20,5297.9,WH-DETROIT
CUST-JOIN-2457,Freight Account 2457,Europe,SMB,ORD-09957,2026-09-09,1657.89,WH-DETROIT
CUST-JOIN-2458,Freight Account 2458,North America,Enterprise,ORD-02458,2026-08-20,7412.68,WH-CHICAGO
CUST-JOIN-2458,Freight Account 2458,North America,Enterprise,ORD-09958,2026-09-09,7053.89,WH-MIAMI
CUST-JOIN-2459,Freight Account 2459,North America,Startup,ORD-02459,2026-08-20,5478.84,WH-DETROIT
CUST-JOIN-2459,Freight Account 2459,North America,Startup,ORD-09959,2026-09-09,4323.83,WH-MIAMI
CUST-JOIN-2460,Freight Account 2460,Europe,Startup,ORD-02460,2026-08-20,552.93,WH-MIAMI
CUST-JOIN-2460,Freight Account 2460,Europe,Startup,ORD-09960,2026-09-09,5177.73,WH-MIAMI
CUST-JOIN-2461,Freight Account 2461,Asia Pacific,SMB,ORD-02461,2026-08-20,6784.91,WH-NEWYORK
CUST-JOIN-2461,Freight Account 2461,Asia Pacific,SMB,ORD-09961,2026-09-10,1665.59,WH-CHICAGO
CUST-JOIN-2462,Freight Account 2462,North America,Startup,ORD-02462,2026-08-20,7093.78,WH-NEWYORK
CUST-JOIN-2462,Freight Account 2462,North America,Startup,ORD-09962,2026-09-10,585.83,WH-DETROIT
CUST-JOIN-2463,Freight Account 2463,Asia Pacific,Startup,ORD-02463,2026-08-20,7192.85,WH-MIAMI
CUST-JOIN-2463,Freight Account 2463,Asia Pacific,Startup,ORD-09963,2026-09-10,1751.85,WH-CHICAGO
CUST-JOIN-2464,Freight Account 2464,Asia Pacific,Startup,ORD-02464,2026-08-20,3131.68,WH-CHICAGO
CUST-JOIN-2464,Freight Account 2464,Asia Pacific,Startup,ORD-09964,2026-09-10,4292.13,WH-DETROIT
CUST-JOIN-2465,Freight Account 2465,North America,Startup,ORD-02465,2026-08-20,6337.29,WH-CHICAGO
CUST-JOIN-2465,Freight Account 2465,North America,Startup,ORD-09965,2026-09-10,5593.14,WH-NEWYORK
CUST-JOIN-2466,Freight Account 2466,Asia Pacific,SMB,ORD-02466,2026-08-20,2260.42,WH-CHICAGO
CUST-JOIN-2466,Freight Account 2466,Asia Pacific,SMB,ORD-09966,2026-09-10,2368.73,WH-CHICAGO
CUST-JOIN-2467,Freight Account 2467,Europe,SMB,ORD-02467,2026-08-20,7768.08,WH-MIAMI
CUST-JOIN-2467,Freight Account 2467,Europe,SMB,ORD-09967,2026-09-10,7603.13,WH-CHICAGO
CUST-JOIN-2468,Freight Account 2468,Asia Pacific,Enterprise,ORD-02468,2026-08-20,2956.04,WH-DETROIT
CUST-JOIN-2468,Freight Account 2468,Asia Pacific,Enterprise,ORD-09968,2026-09-10,7449.35,WH-CHICAGO
CUST-JOIN-2469,Freight Account 2469,North America,Startup,ORD-02469,2026-08-20,5665.06,WH-DETROIT
CUST-JOIN-2469,Freight Account 2469,North America,Startup,ORD-09969,2026-09-10,1151.67,WH-CHICAGO
CUST-JOIN-2470,Freight Account 2470,Europe,Startup,ORD-02470,2026-08-20,6289.89,WH-DETROIT
CUST-JOIN-2470,Freight Account 2470,Europe,Startup,ORD-09970,2026-09-10,4704.58,WH-MIAMI
CUST-JOIN-2471,Freight Account 2471,North America,SMB,ORD-02471,2026-08-20,3291.69,WH-MIAMI
CUST-JOIN-2471,Freight Account 2471,North America,SMB,ORD-09971,2026-09-10,2759.08,WH-NEWYORK
CUST-JOIN-2472,Freight Account 2472,Europe,Startup,ORD-02472,2026-08-20,6159.53,WH-DETROIT
CUST-JOIN-2472,Freight Account 2472,Europe,Startup,ORD-09972,2026-09-10,5322.64,WH-DETROIT
CUST-JOIN-2473,Freight Account 2473,North America,Startup,ORD-02473,2026-08-20,4975.41,WH-NEWYORK
CUST-JOIN-2473,Freight Account 2473,North America,Startup,ORD-09973,2026-09-10,1270.92,WH-MIAMI
CUST-JOIN-2474,Freight Account 2474,Asia Pacific,SMB,ORD-02474,2026-08-20,937.7,WH-DETROIT
CUST-JOIN-2474,Freight Account 2474,Asia Pacific,SMB,ORD-09974,2026-09-10,1881.48,WH-NEWYORK
CUST-JOIN-2475,Freight Account 2475,North America,Startup,ORD-02475,2026-08-20,2476.38,WH-CHICAGO
CUST-JOIN-2475,Freight Account 2475,North America,Startup,ORD-09975,2026-09-10,5608.92,WH-MIAMI
CUST-JOIN-2476,Freight Account 2476,North America,Startup,ORD-02476,2026-08-20,6137.06,WH-DETROIT
CUST-JOIN-2476,Freight Account 2476,North America,Startup,ORD-09976,2026-09-10,3794.57,WH-NEWYORK
CUST-JOIN-2477,Freight Account 2477,North America,Startup,ORD-02477,2026-08-20,7591.53,WH-CHICAGO
CUST-JOIN-2477,Freight Account 2477,North America,Startup,ORD-09977,2026-09-10,4627.78,WH-CHICAGO
CUST-JOIN-2478,Freight Account 2478,Europe,Startup,ORD-02478,2026-08-20,3632.27,WH-NEWYORK
CUST-JOIN-2478,Freight Account 2478,Europe,Startup,ORD-09978,2026-09-10,1431.4,WH-CHICAGO
CUST-JOIN-2479,Freight Account 2479,North America,Startup,ORD-02479,2026-08-20,301.15,WH-NEWYORK
CUST-JOIN-2479,Freight Account 2479,North America,Startup,ORD-09979,2026-09-10,825.35,WH-CHICAGO
CUST-JOIN-2480,Freight Account 2480,Europe,SMB,ORD-02480,2026-08-20,3463.34,WH-DETROIT
CUST-JOIN-2480,Freight Account 2480,Europe,SMB,ORD-09980,2026-09-10,2138.59,WH-NEWYORK
CUST-JOIN-2481,Freight Account 2481,Asia Pacific,SMB,ORD-02481,2026-08-21,4012.87,WH-DETROIT
CUST-JOIN-2481,Freight Account 2481,Asia Pacific,SMB,ORD-09981,2026-09-10,3743.25,WH-CHICAGO
CUST-JOIN-2482,Freight Account 2482,Asia Pacific,SMB,ORD-02482,2026-08-21,7583.0,WH-CHICAGO
CUST-JOIN-2482,Freight Account 2482,Asia Pacific,SMB,ORD-09982,2026-09-10,1812.67,WH-CHICAGO
CUST-JOIN-2483,Freight Account 2483,Asia Pacific,Startup,ORD-02483,2026-08-21,2689.85,WH-CHICAGO
CUST-JOIN-2483,Freight Account 2483,Asia Pacific,Startup,ORD-09983,2026-09-10,2142.79,WH-CHICAGO
CUST-JOIN-2484,Freight Account 2484,Asia Pacific,Startup,ORD-02484,2026-08-21,4159.01,WH-DETROIT
CUST-JOIN-2484,Freight Account 2484,Asia Pacific,Startup,ORD-09984,2026-09-10,3619.7,WH-MIAMI
CUST-JOIN-2485,Freight Account 2485,Europe,SMB,ORD-02485,2026-08-21,3700.75,WH-DETROIT
CUST-JOIN-2485,Freight Account 2485,Europe,SMB,ORD-09985,2026-09-11,1414.72,WH-CHICAGO
CUST-JOIN-2486,Freight Account 2486,Asia Pacific,Startup,ORD-02486,2026-08-21,1154.71,WH-DETROIT
CUST-JOIN-2486,Freight Account 2486,Asia Pacific,Startup,ORD-09986,2026-09-11,1188.7,WH-NEWYORK
CUST-JOIN-2487,Freight Account 2487,North America,Startup,ORD-02487,2026-08-21,7821.96,WH-NEWYORK
CUST-JOIN-2487,Freight Account 2487,North America,Startup,ORD-09987,2026-09-11,6347.4,WH-CHICAGO
CUST-JOIN-2488,Freight Account 2488,Asia Pacific,Startup,ORD-02488,2026-08-21,2344.83,WH-DETROIT
CUST-JOIN-2488,Freight Account 2488,Asia Pacific,Startup,ORD-09988,2026-09-11,536.79,WH-CHICAGO
CUST-JOIN-2489,Freight Account 2489,North America,Enterprise,ORD-02489,2026-08-21,6502.68,WH-CHICAGO
CUST-JOIN-2489,Freight Account 2489,North America,Enterprise,ORD-09989,2026-09-11,6966.15,WH-NEWYORK
CUST-JOIN-2490,Freight Account 2490,Asia Pacific,SMB,ORD-02490,2026-08-21,4343.49,WH-NEWYORK
CUST-JOIN-2490,Freight Account 2490,Asia Pacific,SMB,ORD-09990,2026-09-11,3679.82,WH-CHICAGO
CUST-JOIN-2491,Freight Account 2491,Asia Pacific,SMB,ORD-02491,2026-08-21,6134.21,WH-DETROIT
CUST-JOIN-2491,Freight Account 2491,Asia Pacific,SMB,ORD-09991,2026-09-11,7759.22,WH-NEWYORK
CUST-JOIN-2492,Freight Account 2492,North America,Startup,ORD-02492,2026-08-21,7081.9,WH-MIAMI
CUST-JOIN-2492,Freight Account 2492,North America,Startup,ORD-09992,2026-09-11,6038.67,WH-CHICAGO
CUST-JOIN-2493,Freight Account 2493,Asia Pacific,Startup,ORD-02493,2026-08-21,7856.47,WH-DETROIT
CUST-JOIN-2493,Freight Account 2493,Asia Pacific,Startup,ORD-09993,2026-09-11,7921.92,WH-MIAMI
CUST-JOIN-2494,Freight Account 2494,Europe,SMB,ORD-02494,2026-08-21,2081.85,WH-NEWYORK
CUST-JOIN-2494,Freight Account 2494,Europe,SMB,ORD-09994,2026-09-11,2717.85,WH-MIAMI
CUST-JOIN-2495,Freight Account 2495,Asia Pacific,SMB,ORD-02495,2026-08-21,3236.06,WH-DETROIT
CUST-JOIN-2495,Freight Account 2495,Asia Pacific,SMB,ORD-09995,2026-09-11,5227.83,WH-NEWYORK
CUST-JOIN-2496,Freight Account 2496,Europe,SMB,ORD-02496,2026-08-21,7451.3,WH-NEWYORK
CUST-JOIN-2496,Freight Account 2496,Europe,SMB,ORD-09996,2026-09-11,1860.22,WH-NEWYORK
CUST-JOIN-2497,Freight Account 2497,Asia Pacific,SMB,ORD-02497,2026-08-21,6612.9,WH-CHICAGO
CUST-JOIN-2497,Freight Account 2497,Asia Pacific,SMB,ORD-09997,2026-09-11,5670.61,WH-DETROIT
CUST-JOIN-2498,Freight Account 2498,North America,SMB,ORD-02498,2026-08-21,4503.57,WH-CHICAGO
CUST-JOIN-2498,Freight Account 2498,North America,SMB,ORD-09998,2026-09-11,565.72,WH-MIAMI
CUST-JOIN-2499,Freight Account 2499,Europe,Startup,ORD-02499,2026-08-21,752.08,WH-CHICAGO
CUST-JOIN-2499,Freight Account 2499,Europe,Startup,ORD-09999,2026-09-11,2411.61,WH-NEWYORK
CUST-JOIN-2500,Freight Account 2500,Asia Pacific,SMB,ORD-02500,2026-08-21,2047.98,WH-NEWYORK
CUST-JOIN-2500,Freight Account 2500,Asia Pacific,SMB,ORD-10000,2026-09-11,5545.22,WH-NEWYORK
CUST-JOIN-2501,Freight Account 2501,Asia Pacific,Startup,ORD-02501,2026-08-21,953.92,WH-DETROIT
CUST-JOIN-2502,Freight Account 2502,Asia Pacific,SMB,ORD-02502,2026-08-21,5689.07,WH-NEWYORK
CUST-JOIN-2503,Freight Account 2503,Europe,SMB,ORD-02503,2026-08-21,7380.04,WH-NEWYORK
CUST-JOIN-2504,Freight Account 2504,Asia Pacific,Startup,ORD-02504,2026-08-21,3324.24,WH-CHICAGO
CUST-JOIN-2505,Freight Account 2505,Asia Pacific,Startup,ORD-02505,2026-08-22,1523.74,WH-NEWYORK
CUST-JOIN-2506,Freight Account 2506,Asia Pacific,Startup,ORD-02506,2026-08-22,1558.33,WH-CHICAGO
CUST-JOIN-2507,Freight Account 2507,Asia Pacific,SMB,ORD-02507,2026-08-22,3719.66,WH-CHICAGO
CUST-JOIN-2508,Freight Account 2508,Europe,Enterprise,ORD-02508,2026-08-22,6114.28,WH-MIAMI
CUST-JOIN-2509,Freight Account 2509,Europe,Startup,ORD-02509,2026-08-22,3105.92,WH-CHICAGO
CUST-JOIN-2510,Freight Account 2510,North America,SMB,ORD-02510,2026-08-22,6278.13,WH-NEWYORK
CUST-JOIN-2511,Freight Account 2511,North America,Startup,ORD-02511,2026-08-22,1603.9,WH-DETROIT
CUST-JOIN-2512,Freight Account 2512,Asia Pacific,SMB,ORD-02512,2026-08-22,3195.25,WH-CHICAGO
CUST-JOIN-2513,Freight Account 2513,North America,Startup,ORD-02513,2026-08-22,6663.59,WH-DETROIT
CUST-JOIN-2514,Freight Account 2514,Europe,Startup,ORD-02514,2026-08-22,6761.12,WH-DETROIT
CUST-JOIN-2515,Freight Account 2515,Europe,SMB,ORD-02515,2026-08-22,1060.81,WH-DETROIT
CUST-JOIN-2516,Freight Account 2516,North America,Startup,ORD-02516,2026-08-22,1718.16,WH-MIAMI
CUST-JOIN-2517,Freight Account 2517,Asia Pacific,Startup,ORD-02517,2026-08-22,7462.56,WH-CHICAGO
CUST-JOIN-2518,Freight Account 2518,North America,Startup,ORD-02518,2026-08-22,5748.89,WH-NEWYORK
CUST-JOIN-2519,Freight Account 2519,Asia Pacific,Startup,ORD-02519,2026-08-22,567.23,WH-MIAMI
CUST-JOIN-2520,Freight Account 2520,Europe,Enterprise,ORD-02520,2026-08-22,7396.52,WH-DETROIT
CUST-JOIN-2521,Freight Account 2521,Europe,SMB,ORD-02521,2026-08-22,6629.0,WH-MIAMI
CUST-JOIN-2522,Freight Account 2522,Asia Pacific,Startup,ORD-02522,2026-08-22,386.74,WH-MIAMI
CUST-JOIN-2523,Freight Account 2523,Asia Pacific,SMB,ORD-02523,2026-08-22,7130.53,WH-NEWYORK
CUST-JOIN-2524,Freight Account 2524,Asia Pacific,SMB,ORD-02524,2026-08-22,1713.28,WH-CHICAGO
CUST-JOIN-2525,Freight Account 2525,Asia Pacific,SMB,ORD-02525,2026-08-22,7769.34,WH-DETROIT
CUST-JOIN-2526,Freight Account 2526,North America,Startup,ORD-02526,2026-08-22,4834.3,WH-NEWYORK
CUST-JOIN-2527,Freight Account 2527,North America,SMB,ORD-02527,2026-08-22,5205.46,WH-MIAMI
CUST-JOIN-2528,Freight Account 2528,Europe,Enterprise,ORD-02528,2026-08-22,7599.02,WH-CHICAGO
CUST-JOIN-2529,Freight Account 2529,Asia Pacific,Startup,ORD-02529,2026-08-23,5289.1,WH-CHICAGO
CUST-JOIN-2530,Freight Account 2530,Europe,Startup,ORD-02530,2026-08-23,1455.44,WH-DETROIT
CUST-JOIN-2531,Freight Account 2531,North America,SMB,ORD-02531,2026-08-23,1805.29,WH-DETROIT
CUST-JOIN-2532,Freight Account 2532,Europe,Startup,ORD-02532,2026-08-23,3627.07,WH-CHICAGO
CUST-JOIN-2533,Freight Account 2533,Asia Pacific,Enterprise,ORD-02533,2026-08-23,3657.89,WH-NEWYORK
CUST-JOIN-2534,Freight Account 2534,Asia Pacific,SMB,ORD-02534,2026-08-23,6530.44,WH-NEWYORK
CUST-JOIN-2535,Freight Account 2535,North America,Startup,ORD-02535,2026-08-23,5195.45,WH-NEWYORK
CUST-JOIN-2536,Freight Account 2536,Asia Pacific,Startup,ORD-02536,2026-08-23,1554.66,WH-MIAMI
CUST-JOIN-2537,Freight Account 2537,North America,Startup,ORD-02537,2026-08-23,5890.11,WH-DETROIT
CUST-JOIN-2538,Freight Account 2538,Europe,SMB,ORD-02538,2026-08-23,299.25,WH-NEWYORK
CUST-JOIN-2539,Freight Account 2539,Europe,SMB,ORD-02539,2026-08-23,342.31,WH-NEWYORK
CUST-JOIN-2540,Freight Account 2540,Asia Pacific,SMB,ORD-02540,2026-08-23,2510.19,WH-DETROIT
CUST-JOIN-2541,Freight Account 2541,Europe,Enterprise,ORD-02541,2026-08-23,5986.05,WH-MIAMI
CUST-JOIN-2542,Freight Account 2542,North America,Startup,ORD-02542,2026-08-23,6100.55,WH-DETROIT
CUST-JOIN-2543,Freight Account 2543,North America,Startup,ORD-02543,2026-08-23,6665.15,WH-DETROIT
CUST-JOIN-2544,Freight Account 2544,North America,Startup,ORD-02544,2026-08-23,2097.32,WH-MIAMI
CUST-JOIN-2545,Freight Account 2545,Asia Pacific,SMB,ORD-02545,2026-08-23,1064.39,WH-NEWYORK
CUST-JOIN-2546,Freight Account 2546,Europe,Startup,ORD-02546,2026-08-23,5155.71,WH-DETROIT
CUST-JOIN-2547,Freight Account 2547,North America,Startup,ORD-02547,2026-08-23,3143.76,WH-DETROIT
CUST-JOIN-2548,Freight Account 2548,North America,Startup,ORD-02548,2026-08-23,7866.82,WH-NEWYORK
CUST-JOIN-2549,Freight Account 2549,Europe,SMB,ORD-02549,2026-08-23,3673.48,WH-DETROIT
CUST-JOIN-2550,Freight Account 2550,North America,Startup,ORD-02550,2026-08-23,797.51,WH-MIAMI
CUST-JOIN-2551,Freight Account 2551,Asia Pacific,Startup,ORD-02551,2026-08-23,3028.99,WH-MIAMI
CUST-JOIN-2552,Freight Account 2552,Asia Pacific,Enterprise,ORD-02552,2026-08-23,6115.7,WH-MIAMI
CUST-JOIN-2553,Freight Account 2553,Europe,SMB,ORD-02553,2026-08-24,6657.27,WH-MIAMI
CUST-JOIN-2554,Freight Account 2554,Europe,SMB,ORD-02554,2026-08-24,1714.8,WH-NEWYORK
CUST-JOIN-2555,Freight Account 2555,Europe,SMB,ORD-02555,2026-08-24,4883.43,WH-NEWYORK
CUST-JOIN-2556,Freight Account 2556,North America,Startup,ORD-02556,2026-08-24,3971.85,WH-CHICAGO
CUST-JOIN-2557,Freight Account 2557,Europe,SMB,ORD-02557,2026-08-24,5094.66,WH-DETROIT
CUST-JOIN-2558,Freight Account 2558,North America,Enterprise,ORD-02558,2026-08-24,4572.11,WH-DETROIT
CUST-JOIN-2559,Freight Account 2559,Europe,SMB,ORD-02559,2026-08-24,5768.61,WH-MIAMI
CUST-JOIN-2560,Freight Account 2560,Asia Pacific,Startup,ORD-02560,2026-08-24,4022.22,WH-NEWYORK
CUST-JOIN-2561,Freight Account 2561,Europe,Startup,ORD-02561,2026-08-24,7482.82,WH-DETROIT
CUST-JOIN-2562,Freight Account 2562,Europe,Startup,ORD-02562,2026-08-24,5368.15,WH-CHICAGO
CUST-JOIN-2563,Freight Account 2563,North America,SMB,ORD-02563,2026-08-24,4729.79,WH-MIAMI
CUST-JOIN-2564,Freight Account 2564,Asia Pacific,Startup,ORD-02564,2026-08-24,5386.62,WH-NEWYORK
CUST-JOIN-2565,Freight Account 2565,Europe,SMB,ORD-02565,2026-08-24,5559.49,WH-NEWYORK
CUST-JOIN-2566,Freight Account 2566,Europe,SMB,ORD-02566,2026-08-24,1214.79,WH-MIAMI
CUST-JOIN-2567,Freight Account 2567,North America,Startup,ORD-02567,2026-08-24,3730.27,WH-NEWYORK
CUST-JOIN-2568,Freight Account 2568,Asia Pacific,Startup,ORD-02568,2026-08-24,7540.49,WH-DETROIT
CUST-JOIN-2569,Freight Account 2569,North America,SMB,ORD-02569,2026-08-24,5653.75,WH-NEWYORK
CUST-JOIN-2570,Freight Account 2570,Europe,SMB,ORD-02570,2026-08-24,2241.22,WH-CHICAGO
CUST-JOIN-2571,Freight Account 2571,North America,Startup,ORD-02571,2026-08-24,5732.35,WH-CHICAGO
CUST-JOIN-2572,Freight Account 2572,Asia Pacific,Startup,ORD-02572,2026-08-24,7373.21,WH-CHICAGO
CUST-JOIN-2573,Freight Account 2573,North America,SMB,ORD-02573,2026-08-24,6635.73,WH-DETROIT
CUST-JOIN-2574,Freight Account 2574,North America,SMB,ORD-02574,2026-08-24,5696.41,WH-CHICAGO
CUST-JOIN-2575,Freight Account 2575,Europe,Startup,ORD-02575,2026-08-24,1934.22,WH-DETROIT
CUST-JOIN-2576,Freight Account 2576,North America,SMB,ORD-02576,2026-08-24,3009.25,WH-DETROIT
CUST-JOIN-2577,Freight Account 2577,North America,Startup,ORD-02577,2026-08-25,3897.47,WH-NEWYORK
CUST-JOIN-2578,Freight Account 2578,North America,Startup,ORD-02578,2026-08-25,1774.18,WH-DETROIT
CUST-JOIN-2579,Freight Account 2579,North America,Enterprise,ORD-02579,2026-08-25,2804.87,WH-DETROIT
CUST-JOIN-2580,Freight Account 2580,Europe,Startup,ORD-02580,2026-08-25,5936.6,WH-DETROIT
CUST-JOIN-2581,Freight Account 2581,Europe,Startup,ORD-02581,2026-08-25,5427.84,WH-MIAMI
CUST-JOIN-2582,Freight Account 2582,Asia Pacific,Startup,ORD-02582,2026-08-25,5856.17,WH-DETROIT
CUST-JOIN-2583,Freight Account 2583,Europe,Startup,ORD-02583,2026-08-25,2456.18,WH-CHICAGO
CUST-JOIN-2584,Freight Account 2584,Asia Pacific,SMB,ORD-02584,2026-08-25,5025.27,WH-CHICAGO
CUST-JOIN-2585,Freight Account 2585,Europe,SMB,ORD-02585,2026-08-25,3829.47,WH-CHICAGO
CUST-JOIN-2586,Freight Account 2586,Europe,Startup,ORD-02586,2026-08-25,2244.04,WH-DETROIT
CUST-JOIN-2587,Freight Account 2587,North America,Startup,ORD-02587,2026-08-25,2282.91,WH-DETROIT
CUST-JOIN-2588,Freight Account 2588,Asia Pacific,Startup,ORD-02588,2026-08-25,7101.22,WH-CHICAGO
CUST-JOIN-2589,Freight Account 2589,Europe,Startup,ORD-02589,2026-08-25,3165.49,WH-MIAMI
CUST-JOIN-2590,Freight Account 2590,North America,Enterprise,ORD-02590,2026-08-25,1132.11,WH-MIAMI
CUST-JOIN-2591,Freight Account 2591,Europe,Startup,ORD-02591,2026-08-25,2486.12,WH-CHICAGO
CUST-JOIN-2592,Freight Account 2592,North America,Startup,ORD-02592,2026-08-25,354.34,WH-CHICAGO
CUST-JOIN-2593,Freight Account 2593,North America,SMB,ORD-02593,2026-08-25,773.18,WH-MIAMI
CUST-JOIN-2594,Freight Account 2594,Europe,SMB,ORD-02594,2026-08-25,3180.76,WH-NEWYORK
CUST-JOIN-2595,Freight Account 2595,Asia Pacific,SMB,ORD-02595,2026-08-25,1999.07,WH-NEWYORK
CUST-JOIN-2596,Freight Account 2596,Europe,Startup,ORD-02596,2026-08-25,842.75,WH-NEWYORK
CUST-JOIN-2597,Freight Account 2597,Asia Pacific,SMB,ORD-02597,2026-08-25,3597.31,WH-MIAMI
CUST-JOIN-2598,Freight Account 2598,Asia Pacific,Startup,ORD-02598,2026-08-25,7818.8,WH-NEWYORK
CUST-JOIN-2599,Freight Account 2599,North America,Startup,ORD-02599,2026-08-25,4024.79,WH-CHICAGO
CUST-JOIN-2600,Freight Account 2600,North America,Enterprise,ORD-02600,2026-08-25,4134.59,WH-NEWYORK
CUST-JOIN-2601,Freight Account 2601,North America,SMB,ORD-02601,2026-08-26,5328.16,WH-NEWYORK
CUST-JOIN-2602,Freight Account 2602,North America,SMB,ORD-02602,2026-08-26,5352.71,WH-CHICAGO
CUST-JOIN-2603,Freight Account 2603,Europe,SMB,ORD-02603,2026-08-26,2954.96,WH-DETROIT
CUST-JOIN-2604,Freight Account 2604,Asia Pacific,Enterprise,ORD-02604,2026-08-26,3896.1,WH-CHICAGO
CUST-JOIN-2605,Freight Account 2605,North America,Startup,ORD-02605,2026-08-26,5334.01,WH-NEWYORK
CUST-JOIN-2606,Freight Account 2606,North America,SMB,ORD-02606,2026-08-26,1122.0,WH-NEWYORK
CUST-JOIN-2607,Freight Account 2607,Asia Pacific,Startup,ORD-02607,2026-08-26,4610.59,WH-DETROIT
CUST-JOIN-2608,Freight Account 2608,North America,SMB,ORD-02608,2026-08-26,1847.73,WH-NEWYORK
CUST-JOIN-2609,Freight Account 2609,Asia Pacific,SMB,ORD-02609,2026-08-26,3581.59,WH-NEWYORK
CUST-JOIN-2610,Freight Account 2610,Europe,Startup,ORD-02610,2026-08-26,2903.26,WH-MIAMI
CUST-JOIN-2611,Freight Account 2611,North America,SMB,ORD-02611,2026-08-26,1993.48,WH-CHICAGO
CUST-JOIN-2612,Freight Account 2612,Asia Pacific,Startup,ORD-02612,2026-08-26,6788.0,WH-NEWYORK
CUST-JOIN-2613,Freight Account 2613,Asia Pacific,SMB,ORD-02613,2026-08-26,3447.62,WH-MIAMI
CUST-JOIN-2614,Freight Account 2614,Asia Pacific,Enterprise,ORD-02614,2026-08-26,7864.39,WH-DETROIT
CUST-JOIN-2615,Freight Account 2615,North America,Startup,ORD-02615,2026-08-26,2594.12,WH-MIAMI
CUST-JOIN-2616,Freight Account 2616,Asia Pacific,Startup,ORD-02616,2026-08-26,5103.88,WH-MIAMI
CUST-JOIN-2617,Freight Account 2617,North America,Startup,ORD-02617,2026-08-26,1949.72,WH-MIAMI
CUST-JOIN-2618,Freight Account 2618,North America,SMB,ORD-02618,2026-08-26,6992.88,WH-MIAMI
CUST-JOIN-2619,Freight Account 2619,Asia Pacific,Startup,ORD-02619,2026-08-26,2044.57,WH-MIAMI
CUST-JOIN-2620,Freight Account 2620,North America,Startup,ORD-02620,2026-08-26,246.59,WH-DETROIT
CUST-JOIN-2621,Freight Account 2621,Europe,Startup,ORD-02621,2026-08-26,1845.66,WH-CHICAGO
CUST-JOIN-2622,Freight Account 2622,North America,Startup,ORD-02622,2026-08-26,5136.44,WH-CHICAGO
CUST-JOIN-2623,Freight Account 2623,Europe,Startup,ORD-02623,2026-08-26,6209.85,WH-DETROIT
CUST-JOIN-2624,Freight Account 2624,North America,Startup,ORD-02624,2026-08-26,6302.26,WH-MIAMI
CUST-JOIN-2625,Freight Account 2625,Asia Pacific,Startup,ORD-02625,2026-08-27,2808.93,WH-DETROIT
CUST-JOIN-2626,Freight Account 2626,Europe,Startup,ORD-02626,2026-08-27,1876.88,WH-NEWYORK
CUST-JOIN-2627,Freight Account 2627,Europe,Enterprise,ORD-02627,2026-08-27,478.74,WH-CHICAGO
CUST-JOIN-2628,Freight Account 2628,Asia Pacific,SMB,ORD-02628,2026-08-27,2346.1,WH-MIAMI
CUST-JOIN-2629,Freight Account 2629,North America,SMB,ORD-02629,2026-08-27,3348.89,WH-MIAMI
CUST-JOIN-2630,Freight Account 2630,North America,Startup,ORD-02630,2026-08-27,1802.23,WH-CHICAGO
CUST-JOIN-2631,Freight Account 2631,Asia Pacific,SMB,ORD-02631,2026-08-27,906.33,WH-DETROIT
CUST-JOIN-2632,Freight Account 2632,Europe,SMB,ORD-02632,2026-08-27,3489.37,WH-CHICAGO
CUST-JOIN-2633,Freight Account 2633,Europe,SMB,ORD-02633,2026-08-27,2413.23,WH-CHICAGO
CUST-JOIN-2634,Freight Account 2634,Europe,SMB,ORD-02634,2026-08-27,1373.18,WH-CHICAGO
CUST-JOIN-2635,Freight Account 2635,North America,Startup,ORD-02635,2026-08-27,7276.84,WH-NEWYORK
CUST-JOIN-2636,Freight Account 2636,Asia Pacific,Startup,ORD-02636,2026-08-27,6864.8,WH-CHICAGO
CUST-JOIN-2637,Freight Account 2637,North America,Startup,ORD-02637,2026-08-27,1587.63,WH-NEWYORK
CUST-JOIN-2638,Freight Account 2638,North America,Enterprise,ORD-02638,2026-08-27,2848.56,WH-NEWYORK
CUST-JOIN-2639,Freight Account 2639,Asia Pacific,Startup,ORD-02639,2026-08-27,3006.0,WH-CHICAGO
CUST-JOIN-2640,Freight Account 2640,Asia Pacific,Startup,ORD-02640,2026-08-27,6066.66,WH-NEWYORK
CUST-JOIN-2641,Freight Account 2641,Europe,SMB,ORD-02641,2026-08-27,4816.63,WH-DETROIT
CUST-JOIN-2642,Freight Account 2642,Europe,SMB,ORD-02642,2026-08-27,2924.34,WH-DETROIT
CUST-JOIN-2643,Freight Account 2643,Asia Pacific,SMB,ORD-02643,2026-08-27,5535.37,WH-DETROIT
CUST-JOIN-2644,Freight Account 2644,Asia Pacific,Startup,ORD-02644,2026-08-27,2047.59,WH-DETROIT
CUST-JOIN-2645,Freight Account 2645,North America,Startup,ORD-02645,2026-08-27,1810.54,WH-MIAMI
CUST-JOIN-2646,Freight Account 2646,North America,SMB,ORD-02646,2026-08-27,3680.93,WH-CHICAGO
CUST-JOIN-2647,Freight Account 2647,Asia Pacific,Startup,ORD-02647,2026-08-27,4989.46,WH-MIAMI
CUST-JOIN-2648,Freight Account 2648,North America,Startup,ORD-02648,2026-08-27,3325.34,WH-NEWYORK
CUST-JOIN-2649,Freight Account 2649,Europe,SMB,ORD-02649,2026-08-28,6377.92,WH-NEWYORK
CUST-JOIN-2650,Freight Account 2650,Europe,SMB,ORD-02650,2026-08-28,4608.76,WH-CHICAGO
CUST-JOIN-2651,Freight Account 2651,North America,Startup,ORD-02651,2026-08-28,5444.98,WH-CHICAGO
CUST-JOIN-2652,Freight Account 2652,Asia Pacific,SMB,ORD-02652,2026-08-28,5405.07,WH-DETROIT
CUST-JOIN-2653,Freight Account 2653,Europe,Startup,ORD-02653,2026-08-28,7769.18,WH-MIAMI
CUST-JOIN-2654,Freight Account 2654,North America,Startup,ORD-02654,2026-08-28,3797.91,WH-CHICAGO
CUST-JOIN-2655,Freight Account 2655,Europe,Startup,ORD-02655,2026-08-28,5670.71,WH-DETROIT
CUST-JOIN-2656,Freight Account 2656,Europe,SMB,ORD-02656,2026-08-28,4755.62,WH-CHICAGO
CUST-JOIN-2657,Freight Account 2657,Asia Pacific,SMB,ORD-02657,2026-08-28,1513.15,WH-DETROIT
CUST-JOIN-2658,Freight Account 2658,Europe,Startup,ORD-02658,2026-08-28,1879.27,WH-MIAMI
CUST-JOIN-2659,Freight Account 2659,Asia Pacific,SMB,ORD-02659,2026-08-28,4522.17,WH-NEWYORK
CUST-JOIN-2660,Freight Account 2660,Europe,Startup,ORD-02660,2026-08-28,4169.01,WH-DETROIT
CUST-JOIN-2661,Freight Account 2661,North America,Startup,ORD-02661,2026-08-28,4182.51,WH-MIAMI
CUST-JOIN-2662,Freight Account 2662,North America,Startup,ORD-02662,2026-08-28,2890.84,WH-DETROIT
CUST-JOIN-2663,Freight Account 2663,Europe,Startup,ORD-02663,2026-08-28,4225.12,WH-MIAMI
CUST-JOIN-2664,Freight Account 2664,Asia Pacific,Enterprise,ORD-02664,2026-08-28,6200.53,WH-DETROIT
CUST-JOIN-2665,Freight Account 2665,Asia Pacific,SMB,ORD-02665,2026-08-28,6030.16,WH-NEWYORK
CUST-JOIN-2666,Freight Account 2666,North America,Startup,ORD-02666,2026-08-28,1566.63,WH-DETROIT
CUST-JOIN-2667,Freight Account 2667,Europe,Startup,ORD-02667,2026-08-28,2046.97,WH-DETROIT
CUST-JOIN-2668,Freight Account 2668,Europe,Startup,ORD-02668,2026-08-28,7372.67,WH-NEWYORK
CUST-JOIN-2669,Freight Account 2669,Asia Pacific,SMB,ORD-02669,2026-08-28,5110.7,WH-MIAMI
CUST-JOIN-2670,Freight Account 2670,North America,SMB,ORD-02670,2026-08-28,3534.02,WH-DETROIT
CUST-JOIN-2671,Freight Account 2671,Asia Pacific,Startup,ORD-02671,2026-08-28,1929.91,WH-CHICAGO
CUST-JOIN-2672,Freight Account 2672,North America,Enterprise,ORD-02672,2026-08-28,6835.26,WH-DETROIT
CUST-JOIN-2673,Freight Account 2673,North America,SMB,ORD-02673,2026-08-29,7796.88,WH-DETROIT
CUST-JOIN-2674,Freight Account 2674,North America,SMB,ORD-02674,2026-08-29,7044.57,WH-MIAMI
CUST-JOIN-2675,Freight Account 2675,Asia Pacific,Enterprise,ORD-02675,2026-08-29,2268.65,WH-MIAMI
CUST-JOIN-2676,Freight Account 2676,Asia Pacific,SMB,ORD-02676,2026-08-29,3762.58,WH-NEWYORK
CUST-JOIN-2677,Freight Account 2677,North America,Enterprise,ORD-02677,2026-08-29,571.55,WH-DETROIT
CUST-JOIN-2678,Freight Account 2678,North America,SMB,ORD-02678,2026-08-29,7616.21,WH-CHICAGO
CUST-JOIN-2679,Freight Account 2679,North America,Startup,ORD-02679,2026-08-29,6709.87,WH-CHICAGO
CUST-JOIN-2680,Freight Account 2680,Europe,Startup,ORD-02680,2026-08-29,2192.65,WH-MIAMI
CUST-JOIN-2681,Freight Account 2681,North America,Startup,ORD-02681,2026-08-29,6219.9,WH-MIAMI
CUST-JOIN-2682,Freight Account 2682,North America,SMB,ORD-02682,2026-08-29,834.11,WH-NEWYORK
CUST-JOIN-2683,Freight Account 2683,Europe,Startup,ORD-02683,2026-08-29,1124.46,WH-CHICAGO
CUST-JOIN-2684,Freight Account 2684,Europe,Enterprise,ORD-02684,2026-08-29,2677.98,WH-CHICAGO
CUST-JOIN-2685,Freight Account 2685,Europe,SMB,ORD-02685,2026-08-29,6632.27,WH-MIAMI
CUST-JOIN-2686,Freight Account 2686,North America,SMB,ORD-02686,2026-08-29,5167.7,WH-CHICAGO
CUST-JOIN-2687,Freight Account 2687,Europe,Enterprise,ORD-02687,2026-08-29,696.7,WH-MIAMI
CUST-JOIN-2688,Freight Account 2688,North America,Enterprise,ORD-02688,2026-08-29,5029.24,WH-DETROIT
CUST-JOIN-2689,Freight Account 2689,Asia Pacific,Startup,ORD-02689,2026-08-29,7857.41,WH-CHICAGO
CUST-JOIN-2690,Freight Account 2690,North America,SMB,ORD-02690,2026-08-29,5355.47,WH-MIAMI
CUST-JOIN-2691,Freight Account 2691,Europe,Enterprise,ORD-02691,2026-08-29,5940.74,WH-NEWYORK
CUST-JOIN-2692,Freight Account 2692,Europe,SMB,ORD-02692,2026-08-29,3858.56,WH-MIAMI
CUST-JOIN-2693,Freight Account 2693,North America,Startup,ORD-02693,2026-08-29,4301.77,WH-CHICAGO
CUST-JOIN-2694,Freight Account 2694,North America,SMB,ORD-02694,2026-08-29,3317.27,WH-CHICAGO
CUST-JOIN-2695,Freight Account 2695,North America,Enterprise,ORD-02695,2026-08-29,1748.9,WH-MIAMI
CUST-JOIN-2696,Freight Account 2696,North America,Startup,ORD-02696,2026-08-29,4317.54,WH-CHICAGO
CUST-JOIN-2697,Freight Account 2697,Europe,SMB,ORD-02697,2026-08-30,2846.5,WH-MIAMI
CUST-JOIN-2698,Freight Account 2698,Europe,Startup,ORD-02698,2026-08-30,5661.96,WH-CHICAGO
CUST-JOIN-2699,Freight Account 2699,North America,Startup,ORD-02699,2026-08-30,544.97,WH-MIAMI
CUST-JOIN-2700,Freight Account 2700,Asia Pacific,Enterprise,ORD-02700,2026-08-30,961.23,WH-NEWYORK
CUST-JOIN-2701,Freight Account 2701,North America,SMB,ORD-02701,2026-08-30,7906.59,WH-MIAMI
CUST-JOIN-2702,Freight Account 2702,North America,Startup,ORD-02702,2026-08-30,4591.98,WH-MIAMI
CUST-JOIN-2703,Freight Account 2703,North America,SMB,ORD-02703,2026-08-30,4673.97,WH-CHICAGO
CUST-JOIN-2704,Freight Account 2704,Asia Pacific,Startup,ORD-02704,2026-08-30,4522.97,WH-NEWYORK
CUST-JOIN-2705,Freight Account 2705,Europe,Startup,ORD-02705,2026-08-30,3336.39,WH-MIAMI
CUST-JOIN-2706,Freight Account 2706,Asia Pacific,Startup,ORD-02706,2026-08-30,4609.95,WH-NEWYORK
CUST-JOIN-2707,Freight Account 2707,Europe,SMB,ORD-02707,2026-08-30,273.24,WH-MIAMI
CUST-JOIN-2708,Freight Account 2708,Asia Pacific,Startup,ORD-02708,2026-08-30,2370.7,WH-MIAMI
CUST-JOIN-2709,Freight Account 2709,Asia Pacific,Enterprise,ORD-02709,2026-08-30,2338.37,WH-CHICAGO
CUST-JOIN-2710,Freight Account 2710,North America,Startup,ORD-02710,2026-08-30,5589.49,WH-NEWYORK
CUST-JOIN-2711,Freight Account 2711,Asia Pacific,Startup,ORD-02711,2026-08-30,6308.64,WH-CHICAGO
CUST-JOIN-2712,Freight Account 2712,North America,SMB,ORD-02712,2026-08-30,5798.59,WH-NEWYORK
CUST-JOIN-2713,Freight Account 2713,North America,SMB,ORD-02713,2026-08-30,3895.87,WH-CHICAGO
CUST-JOIN-2714,Freight Account 2714,Asia Pacific,Startup,ORD-02714,2026-08-30,4795.26,WH-NEWYORK
CUST-JOIN-2715,Freight Account 2715,Asia Pacific,SMB,ORD-02715,2026-08-30,812.48,WH-DETROIT
CUST-JOIN-2716,Freight Account 2716,North America,Startup,ORD-02716,2026-08-30,884.72,WH-DETROIT
CUST-JOIN-2717,Freight Account 2717,Europe,SMB,ORD-02717,2026-08-30,4484.91,WH-DETROIT
CUST-JOIN-2718,Freight Account 2718,Europe,Startup,ORD-02718,2026-08-30,5935.1,WH-CHICAGO
CUST-JOIN-2719,Freight Account 2719,Asia Pacific,Startup,ORD-02719,2026-08-30,1508.35,WH-NEWYORK
CUST-JOIN-2720,Freight Account 2720,North America,Startup,ORD-02720,2026-08-30,5888.16,WH-CHICAGO
CUST-JOIN-2721,Freight Account 2721,Europe,SMB,ORD-02721,2026-08-31,2673.81,WH-MIAMI
CUST-JOIN-2722,Freight Account 2722,Europe,Startup,ORD-02722,2026-08-31,4509.54,WH-NEWYORK
CUST-JOIN-2723,Freight Account 2723,Europe,Startup,ORD-02723,2026-08-31,3987.83,WH-CHICAGO
CUST-JOIN-2724,Freight Account 2724,Europe,SMB,ORD-02724,2026-08-31,6684.29,WH-MIAMI
CUST-JOIN-2725,Freight Account 2725,Europe,Startup,ORD-02725,2026-08-31,5382.45,WH-MIAMI
CUST-JOIN-2726,Freight Account 2726,North America,SMB,ORD-02726,2026-08-31,2879.63,WH-MIAMI
CUST-JOIN-2727,Freight Account 2727,North America,SMB,ORD-02727,2026-08-31,4209.33,WH-DETROIT
CUST-JOIN-2728,Freight Account 2728,Europe,SMB,ORD-02728,2026-08-31,6692.46,WH-DETROIT
CUST-JOIN-2729,Freight Account 2729,North America,Startup,ORD-02729,2026-08-31,3884.18,WH-NEWYORK
CUST-JOIN-2730,Freight Account 2730,North America,Enterprise,ORD-02730,2026-08-31,7362.59,WH-DETROIT
CUST-JOIN-2731,Freight Account 2731,Asia Pacific,Startup,ORD-02731,2026-08-31,2724.15,WH-MIAMI
CUST-JOIN-2732,Freight Account 2732,North America,Startup,ORD-02732,2026-08-31,4927.98,WH-DETROIT
CUST-JOIN-2733,Freight Account 2733,Asia Pacific,SMB,ORD-02733,2026-08-31,6235.12,WH-CHICAGO
CUST-JOIN-2734,Freight Account 2734,Europe,Enterprise,ORD-02734,2026-08-31,5102.69,WH-DETROIT
CUST-JOIN-2735,Freight Account 2735,North America,Startup,ORD-02735,2026-08-31,7027.08,WH-MIAMI
CUST-JOIN-2736,Freight Account 2736,Europe,Startup,ORD-02736,2026-08-31,5358.5,WH-NEWYORK
CUST-JOIN-2737,Freight Account 2737,North America,Startup,ORD-02737,2026-08-31,5735.1,WH-NEWYORK
CUST-JOIN-2738,Freight Account 2738,Europe,Startup,ORD-02738,2026-08-31,2553.34,WH-NEWYORK
CUST-JOIN-2739,Freight Account 2739,North America,SMB,ORD-02739,2026-08-31,5060.99,WH-NEWYORK
CUST-JOIN-2740,Freight Account 2740,Europe,Startup,ORD-02740,2026-08-31,7853.08,WH-NEWYORK
CUST-JOIN-2741,Freight Account 2741,North America,Enterprise,ORD-02741,2026-08-31,1345.69,WH-MIAMI
CUST-JOIN-2742,Freight Account 2742,Europe,Startup,ORD-02742,2026-08-31,497.92,WH-NEWYORK
CUST-JOIN-2743,Freight Account 2743,North America,Startup,ORD-02743,2026-08-31,2674.23,WH-DETROIT
CUST-JOIN-2744,Freight Account 2744,Europe,SMB,ORD-02744,2026-08-31,5195.23,WH-MIAMI
CUST-JOIN-2745,Freight Account 2745,Asia Pacific,Startup,ORD-02745,2026-09-01,5967.09,WH-MIAMI
CUST-JOIN-2746,Freight Account 2746,North America,SMB,ORD-02746,2026-09-01,7344.03,WH-DETROIT
CUST-JOIN-2747,Freight Account 2747,Europe,SMB,ORD-02747,2026-09-01,4248.83,WH-MIAMI
CUST-JOIN-2748,Freight Account 2748,North America,Startup,ORD-02748,2026-09-01,292.13,WH-CHICAGO
CUST-JOIN-2749,Freight Account 2749,Europe,SMB,ORD-02749,2026-09-01,5388.24,WH-DETROIT
CUST-JOIN-2750,Freight Account 2750,Asia Pacific,SMB,ORD-02750,2026-09-01,2743.95,WH-DETROIT
CUST-JOIN-2751,Freight Account 2751,Europe,Startup,ORD-02751,2026-09-01,6279.13,WH-DETROIT
CUST-JOIN-2752,Freight Account 2752,Europe,Startup,ORD-02752,2026-09-01,7544.66,WH-NEWYORK
CUST-JOIN-2753,Freight Account 2753,North America,Enterprise,ORD-02753,2026-09-01,3244.9,WH-DETROIT
CUST-JOIN-2754,Freight Account 2754,Asia Pacific,Enterprise,ORD-02754,2026-09-01,4360.4,WH-CHICAGO
CUST-JOIN-2755,Freight Account 2755,Europe,Startup,ORD-02755,2026-09-01,2722.13,WH-NEWYORK
CUST-JOIN-2756,Freight Account 2756,Europe,Startup,ORD-02756,2026-09-01,1668.55,WH-DETROIT
CUST-JOIN-2757,Freight Account 2757,Asia Pacific,Startup,ORD-02757,2026-09-01,1929.72,WH-MIAMI
CUST-JOIN-2758,Freight Account 2758,Asia Pacific,Startup,ORD-02758,2026-09-01,1600.81,WH-MIAMI
CUST-JOIN-2759,Freight Account 2759,North America,Enterprise,ORD-02759,2026-09-01,1553.06,WH-MIAMI
CUST-JOIN-2760,Freight Account 2760,Europe,SMB,ORD-02760,2026-09-01,5170.54,WH-DETROIT
CUST-JOIN-2761,Freight Account 2761,North America,SMB,ORD-02761,2026-09-01,4826.69,WH-DETROIT
CUST-JOIN-2762,Freight Account 2762,Asia Pacific,SMB,ORD-02762,2026-09-01,3181.35,WH-CHICAGO
CUST-JOIN-2763,Freight Account 2763,Asia Pacific,Enterprise,ORD-02763,2026-09-01,4876.72,WH-CHICAGO
CUST-JOIN-2764,Freight Account 2764,North America,Startup,ORD-02764,2026-09-01,892.6,WH-MIAMI
CUST-JOIN-2765,Freight Account 2765,North America,Startup,ORD-02765,2026-09-01,5031.53,WH-CHICAGO
CUST-JOIN-2766,Freight Account 2766,North America,Enterprise,ORD-02766,2026-09-01,2140.89,WH-MIAMI
CUST-JOIN-2767,Freight Account 2767,Europe,SMB,ORD-02767,2026-09-01,4531.23,WH-MIAMI
CUST-JOIN-2768,Freight Account 2768,Asia Pacific,SMB,ORD-02768,2026-09-01,6182.88,WH-CHICAGO
CUST-JOIN-2769,Freight Account 2769,North America,Startup,ORD-02769,2026-09-02,6367.91,WH-CHICAGO
CUST-JOIN-2770,Freight Account 2770,Europe,Startup,ORD-02770,2026-09-02,7090.16,WH-CHICAGO
CUST-JOIN-2771,Freight Account 2771,North America,Enterprise,ORD-02771,2026-09-02,2646.93,WH-NEWYORK
CUST-JOIN-2772,Freight Account 2772,Asia Pacific,Startup,ORD-02772,2026-09-02,4543.74,WH-MIAMI
CUST-JOIN-2773,Freight Account 2773,North America,Startup,ORD-02773,2026-09-02,6661.34,WH-CHICAGO
CUST-JOIN-2774,Freight Account 2774,Europe,SMB,ORD-02774,2026-09-02,5508.0,WH-CHICAGO
CUST-JOIN-2775,Freight Account 2775,North America,SMB,ORD-02775,2026-09-02,7409.63,WH-CHICAGO
CUST-JOIN-2776,Freight Account 2776,Europe,Enterprise,ORD-02776,2026-09-02,4299.5,WH-DETROIT
CUST-JOIN-2777,Freight Account 2777,North America,SMB,ORD-02777,2026-09-02,5085.82,WH-NEWYORK
CUST-JOIN-2778,Freight Account 2778,North America,Startup,ORD-02778,2026-09-02,2715.06,WH-DETROIT
CUST-JOIN-2779,Freight Account 2779,Europe,SMB,ORD-02779,2026-09-02,1717.17,WH-CHICAGO
CUST-JOIN-2780,Freight Account 2780,North America,Startup,ORD-02780,2026-09-02,1610.43,WH-CHICAGO
CUST-JOIN-2781,Freight Account 2781,Asia Pacific,Startup,ORD-02781,2026-09-02,4120.21,WH-CHICAGO
CUST-JOIN-2782,Freight Account 2782,Europe,SMB,ORD-02782,2026-09-02,7177.59,WH-NEWYORK
CUST-JOIN-2783,Freight Account 2783,North America,SMB,ORD-02783,2026-09-02,2692.69,WH-NEWYORK
CUST-JOIN-2784,Freight Account 2784,Asia Pacific,Startup,ORD-02784,2026-09-02,4211.31,WH-MIAMI
CUST-JOIN-2785,Freight Account 2785,Asia Pacific,Startup,ORD-02785,2026-09-02,2893.17,WH-DETROIT
CUST-JOIN-2786,Freight Account 2786,Europe,SMB,ORD-02786,2026-09-02,4653.27,WH-MIAMI
CUST-JOIN-2787,Freight Account 2787,Europe,Startup,ORD-02787,2026-09-02,5547.29,WH-NEWYORK
CUST-JOIN-2788,Freight Account 2788,Europe,SMB,ORD-02788,2026-09-02,6823.88,WH-MIAMI
CUST-JOIN-2789,Freight Account 2789,Europe,Startup,ORD-02789,2026-09-02,7726.34,WH-NEWYORK
CUST-JOIN-2790,Freight Account 2790,Asia Pacific,Startup,ORD-02790,2026-09-02,5715.83,WH-CHICAGO
CUST-JOIN-2791,Freight Account 2791,Europe,SMB,ORD-02791,2026-09-02,1158.88,WH-DETROIT
CUST-JOIN-2792,Freight Account 2792,Europe,Startup,ORD-02792,2026-09-02,4793.21,WH-DETROIT
CUST-JOIN-2793,Freight Account 2793,North America,Startup,ORD-02793,2026-09-03,2770.7,WH-CHICAGO
CUST-JOIN-2794,Freight Account 2794,Asia Pacific,SMB,ORD-02794,2026-09-03,1452.47,WH-CHICAGO
CUST-JOIN-2795,Freight Account 2795,North America,Startup,ORD-02795,2026-09-03,5996.88,WH-MIAMI
CUST-JOIN-2796,Freight Account 2796,Europe,SMB,ORD-02796,2026-09-03,1104.2,WH-NEWYORK
CUST-JOIN-2797,Freight Account 2797,Asia Pacific,Startup,ORD-02797,2026-09-03,2647.8,WH-NEWYORK
CUST-JOIN-2798,Freight Account 2798,Asia Pacific,Startup,ORD-02798,2026-09-03,2945.22,WH-CHICAGO
CUST-JOIN-2799,Freight Account 2799,Asia Pacific,Startup,ORD-02799,2026-09-03,5857.85,WH-NEWYORK
CUST-JOIN-2800,Freight Account 2800,North America,Enterprise,ORD-02800,2026-09-03,796.34,WH-CHICAGO
CUST-JOIN-2801,Freight Account 2801,North America,SMB,ORD-02801,2026-09-03,5122.72,WH-MIAMI
CUST-JOIN-2802,Freight Account 2802,Europe,Startup,ORD-02802,2026-09-03,3701.51,WH-DETROIT
CUST-JOIN-2803,Freight Account 2803,Europe,SMB,ORD-02803,2026-09-03,3709.9,WH-NEWYORK
CUST-JOIN-2804,Freight Account 2804,North America,Startup,ORD-02804,2026-09-03,5546.69,WH-DETROIT
CUST-JOIN-2805,Freight Account 2805,Asia Pacific,Startup,ORD-02805,2026-09-03,7577.91,WH-MIAMI
CUST-JOIN-2806,Freight Account 2806,Asia Pacific,Startup,ORD-02806,2026-09-03,2033.35,WH-CHICAGO
CUST-JOIN-2807,Freight Account 2807,Asia Pacific,Startup,ORD-02807,2026-09-03,4219.84,WH-MIAMI
CUST-JOIN-2808,Freight Account 2808,North America,SMB,ORD-02808,2026-09-03,5613.76,WH-NEWYORK
CUST-JOIN-2809,Freight Account 2809,Asia Pacific,SMB,ORD-02809,2026-09-03,3599.78,WH-MIAMI
CUST-JOIN-2810,Freight Account 2810,Asia Pacific,Startup,ORD-02810,2026-09-03,3276.8,WH-CHICAGO
CUST-JOIN-2811,Freight Account 2811,Asia Pacific,Startup,ORD-02811,2026-09-03,4063.21,WH-MIAMI
CUST-JOIN-2812,Freight Account 2812,Europe,SMB,ORD-02812,2026-09-03,4059.05,WH-MIAMI
CUST-JOIN-2813,Freight Account 2813,Europe,Enterprise,ORD-02813,2026-09-03,7590.59,WH-CHICAGO
CUST-JOIN-2814,Freight Account 2814,Europe,SMB,ORD-02814,2026-09-03,4141.45,WH-CHICAGO
CUST-JOIN-2815,Freight Account 2815,Europe,SMB,ORD-02815,2026-09-03,2082.76,WH-MIAMI
CUST-JOIN-2816,Freight Account 2816,Asia Pacific,Startup,ORD-02816,2026-09-03,7966.94,WH-MIAMI
CUST-JOIN-2817,Freight Account 2817,Asia Pacific,Startup,ORD-02817,2026-09-04,5903.37,WH-DETROIT
CUST-JOIN-2818,Freight Account 2818,Asia Pacific,Startup,ORD-02818,2026-09-04,2247.96,WH-NEWYORK
CUST-JOIN-2819,Freight Account 2819,Europe,Startup,ORD-02819,2026-09-04,628.26,WH-CHICAGO
CUST-JOIN-2820,Freight Account 2820,North America,SMB,ORD-02820,2026-09-04,6304.9,WH-CHICAGO
CUST-JOIN-2821,Freight Account 2821,Asia Pacific,SMB,ORD-02821,2026-09-04,5690.63,WH-DETROIT
CUST-JOIN-2822,Freight Account 2822,Europe,Startup,ORD-02822,2026-09-04,2063.82,WH-DETROIT
CUST-JOIN-2823,Freight Account 2823,North America,SMB,ORD-02823,2026-09-04,3195.9,WH-MIAMI
CUST-JOIN-2824,Freight Account 2824,North America,Startup,ORD-02824,2026-09-04,6397.96,WH-NEWYORK
CUST-JOIN-2825,Freight Account 2825,North America,SMB,ORD-02825,2026-09-04,7142.27,WH-DETROIT
CUST-JOIN-2826,Freight Account 2826,Asia Pacific,Enterprise,ORD-02826,2026-09-04,499.89,WH-NEWYORK
CUST-JOIN-2827,Freight Account 2827,Asia Pacific,Enterprise,ORD-02827,2026-09-04,2122.92,WH-MIAMI
CUST-JOIN-2828,Freight Account 2828,Europe,Startup,ORD-02828,2026-09-04,286.57,WH-DETROIT
CUST-JOIN-2829,Freight Account 2829,Europe,SMB,ORD-02829,2026-09-04,2070.16,WH-CHICAGO
CUST-JOIN-2830,Freight Account 2830,North America,Startup,ORD-02830,2026-09-04,1037.43,WH-NEWYORK
CUST-JOIN-2831,Freight Account 2831,Europe,Startup,ORD-02831,2026-09-04,1173.69,WH-DETROIT
CUST-JOIN-2832,Freight Account 2832,North America,Startup,ORD-02832,2026-09-04,6215.73,WH-MIAMI
CUST-JOIN-2833,Freight Account 2833,Asia Pacific,Startup,ORD-02833,2026-09-04,4644.32,WH-MIAMI
CUST-JOIN-2834,Freight Account 2834,Europe,Enterprise,ORD-02834,2026-09-04,5806.01,WH-NEWYORK
CUST-JOIN-2835,Freight Account 2835,Europe,Startup,ORD-02835,2026-09-04,4339.96,WH-MIAMI
CUST-JOIN-2836,Freight Account 2836,Europe,Startup,ORD-02836,2026-09-04,4697.74,WH-CHICAGO
CUST-JOIN-2837,Freight Account 2837,North America,Startup,ORD-02837,2026-09-04,7219.62,WH-MIAMI
CUST-JOIN-2838,Freight Account 2838,Europe,SMB,ORD-02838,2026-09-04,6757.06,WH-DETROIT
CUST-JOIN-2839,Freight Account 2839,North America,SMB,ORD-02839,2026-09-04,4757.84,WH-NEWYORK
CUST-JOIN-2840,Freight Account 2840,North America,Startup,ORD-02840,2026-09-04,3138.69,WH-NEWYORK
CUST-JOIN-2841,Freight Account 2841,Europe,SMB,ORD-02841,2026-09-05,4554.59,WH-NEWYORK
CUST-JOIN-2842,Freight Account 2842,Asia Pacific,SMB,ORD-02842,2026-09-05,7684.94,WH-CHICAGO
CUST-JOIN-2843,Freight Account 2843,North America,Startup,ORD-02843,2026-09-05,6578.11,WH-DETROIT
CUST-JOIN-2844,Freight Account 2844,North America,Startup,ORD-02844,2026-09-05,1893.95,WH-NEWYORK
CUST-JOIN-2845,Freight Account 2845,North America,Startup,ORD-02845,2026-09-05,4629.43,WH-CHICAGO
CUST-JOIN-2846,Freight Account 2846,Asia Pacific,Startup,ORD-02846,2026-09-05,2047.85,WH-DETROIT
CUST-JOIN-2847,Freight Account 2847,North America,SMB,ORD-02847,2026-09-05,5092.59,WH-MIAMI
CUST-JOIN-2848,Freight Account 2848,Asia Pacific,Startup,ORD-02848,2026-09-05,1173.11,WH-CHICAGO
CUST-JOIN-2849,Freight Account 2849,Asia Pacific,Startup,ORD-02849,2026-09-05,2566.76,WH-NEWYORK
CUST-JOIN-2850,Freight Account 2850,North America,SMB,ORD-02850,2026-09-05,3328.06,WH-MIAMI
CUST-JOIN-2851,Freight Account 2851,North America,Startup,ORD-02851,2026-09-05,4954.18,WH-DETROIT
CUST-JOIN-2852,Freight Account 2852,North America,SMB,ORD-02852,2026-09-05,1943.54,WH-CHICAGO
CUST-JOIN-2853,Freight Account 2853,Europe,Startup,ORD-02853,2026-09-05,3986.34,WH-DETROIT
CUST-JOIN-2854,Freight Account 2854,Europe,Startup,ORD-02854,2026-09-05,3061.09,WH-CHICAGO
CUST-JOIN-2855,Freight Account 2855,Europe,SMB,ORD-02855,2026-09-05,7445.77,WH-NEWYORK
CUST-JOIN-2856,Freight Account 2856,Europe,SMB,ORD-02856,2026-09-05,5520.15,WH-CHICAGO
CUST-JOIN-2857,Freight Account 2857,Asia Pacific,Startup,ORD-02857,2026-09-05,1027.05,WH-MIAMI
CUST-JOIN-2858,Freight Account 2858,Asia Pacific,SMB,ORD-02858,2026-09-05,7648.78,WH-DETROIT
CUST-JOIN-2859,Freight Account 2859,Asia Pacific,Startup,ORD-02859,2026-09-05,4333.76,WH-DETROIT
CUST-JOIN-2860,Freight Account 2860,North America,SMB,ORD-02860,2026-09-05,7812.81,WH-MIAMI
CUST-JOIN-2861,Freight Account 2861,Europe,SMB,ORD-02861,2026-09-05,2032.7,WH-NEWYORK
CUST-JOIN-2862,Freight Account 2862,North America,SMB,ORD-02862,2026-09-05,5182.14,WH-CHICAGO
CUST-JOIN-2863,Freight Account 2863,Europe,SMB,ORD-02863,2026-09-05,5985.59,WH-NEWYORK
CUST-JOIN-2864,Freight Account 2864,Europe,SMB,ORD-02864,2026-09-05,4679.44,WH-DETROIT
CUST-JOIN-2865,Freight Account 2865,Europe,Startup,ORD-02865,2026-09-06,228.62,WH-CHICAGO
CUST-JOIN-2866,Freight Account 2866,Asia Pacific,SMB,ORD-02866,2026-09-06,6513.75,WH-MIAMI
CUST-JOIN-2867,Freight Account 2867,Europe,SMB,ORD-02867,2026-09-06,1530.58,WH-MIAMI
CUST-JOIN-2868,Freight Account 2868,Asia Pacific,SMB,ORD-02868,2026-09-06,300.96,WH-MIAMI
CUST-JOIN-2869,Freight Account 2869,North America,SMB,ORD-02869,2026-09-06,5962.83,WH-MIAMI
CUST-JOIN-2870,Freight Account 2870,North America,Startup,ORD-02870,2026-09-06,7105.63,WH-CHICAGO
CUST-JOIN-2871,Freight Account 2871,Asia Pacific,SMB,ORD-02871,2026-09-06,5255.76,WH-CHICAGO
CUST-JOIN-2872,Freight Account 2872,Asia Pacific,Startup,ORD-02872,2026-09-06,514.21,WH-MIAMI
CUST-JOIN-2873,Freight Account 2873,Asia Pacific,Startup,ORD-02873,2026-09-06,1231.76,WH-MIAMI
CUST-JOIN-2874,Freight Account 2874,Asia Pacific,SMB,ORD-02874,2026-09-06,5947.67,WH-DETROIT
CUST-JOIN-2875,Freight Account 2875,Europe,Enterprise,ORD-02875,2026-09-06,5011.54,WH-DETROIT
CUST-JOIN-2876,Freight Account 2876,Asia Pacific,SMB,ORD-02876,2026-09-06,7014.68,WH-MIAMI
CUST-JOIN-2877,Freight Account 2877,Europe,SMB,ORD-02877,2026-09-06,3312.33,WH-CHICAGO
CUST-JOIN-2878,Freight Account 2878,North America,Startup,ORD-02878,2026-09-06,7352.57,WH-NEWYORK
CUST-JOIN-2879,Freight Account 2879,Europe,Startup,ORD-02879,2026-09-06,5235.45,WH-NEWYORK
CUST-JOIN-2880,Freight Account 2880,Europe,SMB,ORD-02880,2026-09-06,2041.24,WH-CHICAGO
CUST-JOIN-2881,Freight Account 2881,Asia Pacific,Startup,ORD-02881,2026-09-06,2181.03,WH-DETROIT
CUST-JOIN-2882,Freight Account 2882,North America,SMB,ORD-02882,2026-09-06,5188.36,WH-NEWYORK
CUST-JOIN-2883,Freight Account 2883,Asia Pacific,Startup,ORD-02883,2026-09-06,5098.02,WH-MIAMI
CUST-JOIN-2884,Freight Account 2884,North America,Startup,ORD-02884,2026-09-06,5099.83,WH-MIAMI
CUST-JOIN-2885,Freight Account 2885,Europe,SMB,ORD-02885,2026-09-06,7124.68,WH-NEWYORK
CUST-JOIN-2886,Freight Account 2886,Asia Pacific,Startup,ORD-02886,2026-09-06,6796.55,WH-DETROIT
CUST-JOIN-2887,Freight Account 2887,Asia Pacific,Enterprise,ORD-02887,2026-09-06,2855.46,WH-MIAMI
CUST-JOIN-2888,Freight Account 2888,Asia Pacific,SMB,ORD-02888,2026-09-06,7995.2,WH-DETROIT
CUST-JOIN-2889,Freight Account 2889,Asia Pacific,SMB,ORD-02889,2026-09-07,1826.11,WH-DETROIT
CUST-JOIN-2890,Freight Account 2890,North America,SMB,ORD-02890,2026-09-07,4170.28,WH-NEWYORK
CUST-JOIN-2891,Freight Account 2891,North America,Startup,ORD-02891,2026-09-07,7482.02,WH-NEWYORK
CUST-JOIN-2892,Freight Account 2892,Europe,SMB,ORD-02892,2026-09-07,937.23,WH-CHICAGO
CUST-JOIN-2893,Freight Account 2893,Asia Pacific,SMB,ORD-02893,2026-09-07,2827.33,WH-NEWYORK
CUST-JOIN-2894,Freight Account 2894,North America,Startup,ORD-02894,2026-09-07,1330.0,WH-MIAMI
CUST-JOIN-2895,Freight Account 2895,North America,Startup,ORD-02895,2026-09-07,6042.16,WH-NEWYORK
CUST-JOIN-2896,Freight Account 2896,Asia Pacific,SMB,ORD-02896,2026-09-07,7853.74,WH-CHICAGO
CUST-JOIN-2897,Freight Account 2897,North America,Startup,ORD-02897,2026-09-07,3520.78,WH-NEWYORK
CUST-JOIN-2898,Freight Account 2898,North America,SMB,ORD-02898,2026-09-07,7994.51,WH-DETROIT
CUST-JOIN-2899,Freight Account 2899,North America,Startup,ORD-02899,2026-09-07,7079.91,WH-CHICAGO
CUST-JOIN-2900,Freight Account 2900,Asia Pacific,Startup,ORD-02900,2026-09-07,2721.38,WH-CHICAGO
CUST-JOIN-2901,Freight Account 2901,Europe,Startup,ORD-02901,2026-09-07,4611.65,WH-MIAMI
CUST-JOIN-2902,Freight Account 2902,North America,Startup,ORD-02902,2026-09-07,4942.49,WH-CHICAGO
CUST-JOIN-2903,Freight Account 2903,North America,SMB,ORD-02903,2026-09-07,7793.61,WH-NEWYORK
CUST-JOIN-2904,Freight Account 2904,Asia Pacific,SMB,ORD-02904,2026-09-07,668.22,WH-DETROIT
CUST-JOIN-2905,Freight Account 2905,Asia Pacific,Startup,ORD-02905,2026-09-07,7627.89,WH-CHICAGO
CUST-JOIN-2906,Freight Account 2906,Europe,Startup,ORD-02906,2026-09-07,7479.43,WH-CHICAGO
CUST-JOIN-2907,Freight Account 2907,Europe,Startup,ORD-02907,2026-09-07,5397.76,WH-MIAMI
CUST-JOIN-2908,Freight Account 2908,Asia Pacific,SMB,ORD-02908,2026-09-07,3116.29,WH-NEWYORK
CUST-JOIN-2909,Freight Account 2909,Asia Pacific,Startup,ORD-02909,2026-09-07,1280.18,WH-MIAMI
CUST-JOIN-2910,Freight Account 2910,Asia Pacific,SMB,ORD-02910,2026-09-07,1373.89,WH-NEWYORK
CUST-JOIN-2911,Freight Account 2911,Asia Pacific,Enterprise,ORD-02911,2026-09-07,5062.84,WH-MIAMI
CUST-JOIN-2912,Freight Account 2912,North America,Startup,ORD-02912,2026-09-07,5196.55,WH-NEWYORK
CUST-JOIN-2913,Freight Account 2913,North America,Startup,ORD-02913,2026-09-08,3843.5,WH-CHICAGO
CUST-JOIN-2914,Freight Account 2914,Europe,Startup,ORD-02914,2026-09-08,702.65,WH-DETROIT
CUST-JOIN-2915,Freight Account 2915,Asia Pacific,Startup,ORD-02915,2026-09-08,5159.81,WH-MIAMI
CUST-JOIN-2916,Freight Account 2916,Europe,Startup,ORD-02916,2026-09-08,1191.34,WH-DETROIT
CUST-JOIN-2917,Freight Account 2917,North America,SMB,ORD-02917,2026-09-08,6598.57,WH-NEWYORK
CUST-JOIN-2918,Freight Account 2918,North America,SMB,ORD-02918,2026-09-08,2966.45,WH-MIAMI
CUST-JOIN-2919,Freight Account 2919,Europe,SMB,ORD-02919,2026-09-08,7734.26,WH-NEWYORK
CUST-JOIN-2920,Freight Account 2920,Europe,Startup,ORD-02920,2026-09-08,6333.98,WH-NEWYORK
CUST-JOIN-2921,Freight Account 2921,Europe,SMB,ORD-02921,2026-09-08,1144.26,WH-NEWYORK
CUST-JOIN-2922,Freight Account 2922,Asia Pacific,SMB,ORD-02922,2026-09-08,3478.24,WH-MIAMI
CUST-JOIN-2923,Freight Account 2923,Europe,Startup,ORD-02923,2026-09-08,3607.33,WH-DETROIT
CUST-JOIN-2924,Freight Account 2924,North America,SMB,ORD-02924,2026-09-08,7764.29,WH-CHICAGO
CUST-JOIN-2925,Freight Account 2925,Europe,Enterprise,ORD-02925,2026-09-08,7707.82,WH-MIAMI
CUST-JOIN-2926,Freight Account 2926,North America,Startup,ORD-02926,2026-09-08,950.9,WH-DETROIT
CUST-JOIN-2927,Freight Account 2927,Europe,Startup,ORD-02927,2026-09-08,646.58,WH-NEWYORK
CUST-JOIN-2928,Freight Account 2928,Europe,SMB,ORD-02928,2026-09-08,1109.96,WH-DETROIT
CUST-JOIN-2929,Freight Account 2929,Asia Pacific,Startup,ORD-02929,2026-09-08,5223.18,WH-CHICAGO
CUST-JOIN-2930,Freight Account 2930,North America,Startup,ORD-02930,2026-09-08,2412.09,WH-MIAMI
CUST-JOIN-2931,Freight Account 2931,Europe,SMB,ORD-02931,2026-09-08,475.31,WH-NEWYORK
CUST-JOIN-2932,Freight Account 2932,Asia Pacific,SMB,ORD-02932,2026-09-08,4737.34,WH-MIAMI
CUST-JOIN-2933,Freight Account 2933,Asia Pacific,SMB,ORD-02933,2026-09-08,3555.93,WH-NEWYORK
CUST-JOIN-2934,Freight Account 2934,North America,Startup,ORD-02934,2026-09-08,2820.38,WH-DETROIT
CUST-JOIN-2935,Freight Account 2935,North America,Startup,ORD-02935,2026-09-08,6173.35,WH-DETROIT
CUST-JOIN-2936,Freight Account 2936,Asia Pacific,Startup,ORD-02936,2026-09-08,6355.53,WH-CHICAGO
CUST-JOIN-2937,Freight Account 2937,North America,Enterprise,ORD-02937,2026-09-09,6761.88,WH-NEWYORK
CUST-JOIN-2938,Freight Account 2938,North America,Startup,ORD-02938,2026-09-09,3688.18,WH-MIAMI
CUST-JOIN-2939,Freight Account 2939,North America,Startup,ORD-02939,2026-09-09,3438.7,WH-MIAMI
CUST-JOIN-2940,Freight Account 2940,Europe,Startup,ORD-02940,2026-09-09,7397.56,WH-DETROIT
CUST-JOIN-2941,Freight Account 2941,Europe,Startup,ORD-02941,2026-09-09,1377.05,WH-NEWYORK
CUST-JOIN-2942,Freight Account 2942,Europe,Startup,ORD-02942,2026-09-09,1664.23,WH-DETROIT
CUST-JOIN-2943,Freight Account 2943,North America,SMB,ORD-02943,2026-09-09,6408.13,WH-NEWYORK
CUST-JOIN-2944,Freight Account 2944,Asia Pacific,SMB,ORD-02944,2026-09-09,467.21,WH-CHICAGO
CUST-JOIN-2945,Freight Account 2945,Asia Pacific,SMB,ORD-02945,2026-09-09,7387.72,WH-MIAMI
CUST-JOIN-2946,Freight Account 2946,North America,SMB,ORD-02946,2026-09-09,6563.77,WH-CHICAGO
CUST-JOIN-2947,Freight Account 2947,Asia Pacific,SMB,ORD-02947,2026-09-09,1145.78,WH-DETROIT
CUST-JOIN-2948,Freight Account 2948,Europe,Startup,ORD-02948,2026-09-09,6549.51,WH-CHICAGO
CUST-JOIN-2949,Freight Account 2949,Asia Pacific,Startup,ORD-02949,2026-09-09,6522.98,WH-MIAMI
CUST-JOIN-2950,Freight Account 2950,Asia Pacific,Startup,ORD-02950,2026-09-09,7145.08,WH-NEWYORK
CUST-JOIN-2951,Freight Account 2951,Asia Pacific,Startup,ORD-02951,2026-09-09,6740.29,WH-MIAMI
CUST-JOIN-2952,Freight Account 2952,Asia Pacific,Startup,ORD-02952,2026-09-09,5484.08,WH-CHICAGO
CUST-JOIN-2953,Freight Account 2953,North America,Startup,ORD-02953,2026-09-09,1070.63,WH-DETROIT
CUST-JOIN-2954,Freight Account 2954,Asia Pacific,SMB,ORD-02954,2026-09-09,7396.22,WH-MIAMI
CUST-JOIN-2955,Freight Account 2955,Europe,Startup,ORD-02955,2026-09-09,3809.47,WH-DETROIT
CUST-JOIN-2956,Freight Account 2956,Asia Pacific,SMB,ORD-02956,2026-09-09,4464.15,WH-CHICAGO
CUST-JOIN-2957,Freight Account 2957,North America,Startup,ORD-02957,2026-09-09,4918.08,WH-CHICAGO
CUST-JOIN-2958,Freight Account 2958,Europe,Enterprise,ORD-02958,2026-09-09,1016.25,WH-DETROIT
CUST-JOIN-2959,Freight Account 2959,Asia Pacific,SMB,ORD-02959,2026-09-09,203.3,WH-DETROIT
CUST-JOIN-2960,Freight Account 2960,Europe,Startup,ORD-02960,2026-09-09,399.24,WH-DETROIT
CUST-JOIN-2961,Freight Account 2961,Europe,Startup,ORD-02961,2026-09-10,5807.0,WH-NEWYORK
CUST-JOIN-2962,Freight Account 2962,Asia Pacific,Startup,ORD-02962,2026-09-10,6708.77,WH-CHICAGO
CUST-JOIN-2963,Freight Account 2963,Asia Pacific,Startup,ORD-02963,2026-09-10,1187.12,WH-NEWYORK
CUST-JOIN-2964,Freight Account 2964,Asia Pacific,Startup,ORD-02964,2026-09-10,3786.68,WH-MIAMI
CUST-JOIN-2965,Freight Account 2965,Europe,SMB,ORD-02965,2026-09-10,3174.99,WH-MIAMI
CUST-JOIN-2966,Freight Account 2966,Europe,SMB,ORD-02966,2026-09-10,6613.98,WH-MIAMI
CUST-JOIN-2967,Freight Account 2967,North America,SMB,ORD-02967,2026-09-10,6029.36,WH-DETROIT
CUST-JOIN-2968,Freight Account 2968,Asia Pacific,Startup,ORD-02968,2026-09-10,4658.89,WH-DETROIT
CUST-JOIN-2969,Freight Account 2969,Asia Pacific,Startup,ORD-02969,2026-09-10,3908.66,WH-MIAMI
CUST-JOIN-2970,Freight Account 2970,Asia Pacific,SMB,ORD-02970,2026-09-10,7434.52,WH-DETROIT
CUST-JOIN-2971,Freight Account 2971,Europe,Startup,ORD-02971,2026-09-10,4557.36,WH-CHICAGO
CUST-JOIN-2972,Freight Account 2972,North America,SMB,ORD-02972,2026-09-10,5558.8,WH-MIAMI
CUST-JOIN-2973,Freight Account 2973,Asia Pacific,SMB,ORD-02973,2026-09-10,7895.22,WH-MIAMI
CUST-JOIN-2974,Freight Account 2974,Europe,SMB,ORD-02974,2026-09-10,4102.27,WH-DETROIT
CUST-JOIN-2975,Freight Account 2975,Asia Pacific,Startup,ORD-02975,2026-09-10,6499.87,WH-CHICAGO
CUST-JOIN-2976,Freight Account 2976,Europe,SMB,ORD-02976,2026-09-10,4834.46,WH-CHICAGO
CUST-JOIN-2977,Freight Account 2977,Europe,SMB,ORD-02977,2026-09-10,1325.28,WH-CHICAGO
CUST-JOIN-2978,Freight Account 2978,Europe,Startup,ORD-02978,2026-09-10,1833.38,WH-DETROIT
CUST-JOIN-2979,Freight Account 2979,Europe,Enterprise,ORD-02979,2026-09-10,6971.99,WH-NEWYORK
CUST-JOIN-2980,Freight Account 2980,Asia Pacific,Startup,ORD-02980,2026-09-10,2107.61,WH-CHICAGO
CUST-JOIN-2981,Freight Account 2981,North America,Startup,ORD-02981,2026-09-10,985.29,WH-MIAMI
CUST-JOIN-2982,Freight Account 2982,North America,Enterprise,ORD-02982,2026-09-10,5767.4,WH-NEWYORK
CUST-JOIN-2983,Freight Account 2983,Europe,SMB,ORD-02983,2026-09-10,1788.26,WH-NEWYORK
CUST-JOIN-2984,Freight Account 2984,North America,SMB,ORD-02984,2026-09-10,6026.03,WH-DETROIT
CUST-JOIN-2985,Freight Account 2985,Asia Pacific,Enterprise,ORD-02985,2026-09-11,6036.92,WH-CHICAGO
CUST-JOIN-2986,Freight Account 2986,Asia Pacific,SMB,ORD-02986,2026-09-11,5798.43,WH-CHICAGO
CUST-JOIN-2987,Freight Account 2987,North America,Startup,ORD-02987,2026-09-11,3111.57,WH-MIAMI
CUST-JOIN-2988,Freight Account 2988,Asia Pacific,SMB,ORD-02988,2026-09-11,4397.77,WH-CHICAGO
CUST-JOIN-2989,Freight Account 2989,Asia Pacific,Startup,ORD-02989,2026-09-11,7142.04,WH-DETROIT
CUST-JOIN-2990,Freight Account 2990,Europe,SMB,ORD-02990,2026-09-11,5505.81,WH-NEWYORK
CUST-JOIN-2991,Freight Account 2991,North America,SMB,ORD-02991,2026-09-11,3891.36,WH-NEWYORK
CUST-JOIN-2992,Freight Account 2992,Europe,SMB,ORD-02992,2026-09-11,6036.66,WH-MIAMI
CUST-JOIN-2993,Freight Account 2993,Europe,SMB,ORD-02993,2026-09-11,2347.45,WH-MIAMI
CUST-JOIN-2994,Freight Account 2994,Asia Pacific,Startup,ORD-02994,2026-09-11,7879.07,WH-CHICAGO
CUST-JOIN-2995,Freight Account 2995,Europe,Enterprise,ORD-02995,2026-09-11,7559.47,WH-NEWYORK
CUST-JOIN-2996,Freight Account 2996,Europe,SMB,ORD-02996,2026-09-11,5156.64,WH-NEWYORK
CUST-JOIN-2997,Freight Account 2997,Europe,SMB,ORD-02997,2026-09-11,7953.73,WH-DETROIT
CUST-JOIN-2998,Freight Account 2998,Asia Pacific,SMB,ORD-02998,2026-09-11,2357.97,WH-MIAMI
CUST-JOIN-2999,Freight Account 2999,Asia Pacific,Startup,ORD-02999,2026-09-11,7250.25,WH-NEWYORK
CUST-JOIN-3000,Freight Account 3000,North America,Enterprise,ORD-03000,2026-09-11,5218.19,WH-CHICAGO
CUST-JOIN-3001,Freight Account 3001,Europe,Startup,ORD-03001,2026-08-01,5400.32,WH-CHICAGO
CUST-JOIN-3002,Freight Account 3002,Asia Pacific,SMB,ORD-03002,2026-08-01,6363.18,WH-NEWYORK
CUST-JOIN-3003,Freight Account 3003,Europe,Startup,ORD-03003,2026-08-01,5806.56,WH-CHICAGO
CUST-JOIN-3004,Freight Account 3004,North America,SMB,ORD-03004,2026-08-01,5703.22,WH-CHICAGO
CUST-JOIN-3005,Freight Account 3005,Europe,Startup,ORD-03005,2026-08-01,6797.42,WH-CHICAGO
CUST-JOIN-3006,Freight Account 3006,Asia Pacific,Startup,ORD-03006,2026-08-01,2832.88,WH-NEWYORK
CUST-JOIN-3007,Freight Account 3007,Asia Pacific,SMB,ORD-03007,2026-08-01,3365.25,WH-DETROIT
CUST-JOIN-3008,Freight Account 3008,North America,Startup,ORD-03008,2026-08-01,1020.2,WH-MIAMI
CUST-JOIN-3009,Freight Account 3009,North America,SMB,ORD-03009,2026-08-01,5560.76,WH-NEWYORK
CUST-JOIN-3010,Freight Account 3010,North America,Startup,ORD-03010,2026-08-01,5170.35,WH-NEWYORK
CUST-JOIN-3011,Freight Account 3011,Europe,Startup,ORD-03011,2026-08-01,5803.61,WH-MIAMI
CUST-JOIN-3012,Freight Account 3012,Europe,Startup,ORD-03012,2026-08-01,7796.84,WH-MIAMI
CUST-JOIN-3013,Freight Account 3013,Asia Pacific,Startup,ORD-03013,2026-08-01,1887.66,WH-NEWYORK
CUST-JOIN-3014,Freight Account 3014,North America,SMB,ORD-03014,2026-08-01,849.11,WH-NEWYORK
CUST-JOIN-3015,Freight Account 3015,Europe,Startup,ORD-03015,2026-08-01,7697.37,WH-MIAMI
CUST-JOIN-3016,Freight Account 3016,Europe,SMB,ORD-03016,2026-08-01,4461.27,WH-DETROIT
CUST-JOIN-3017,Freight Account 3017,Asia Pacific,Startup,ORD-03017,2026-08-01,3914.49,WH-DETROIT
CUST-JOIN-3018,Freight Account 3018,North America,Enterprise,ORD-03018,2026-08-01,7240.73,WH-DETROIT
CUST-JOIN-3019,Freight Account 3019,North America,SMB,ORD-03019,2026-08-01,1657.39,WH-DETROIT
CUST-JOIN-3020,Freight Account 3020,Asia Pacific,Startup,ORD-03020,2026-08-01,905.15,WH-DETROIT
CUST-JOIN-3021,Freight Account 3021,North America,Enterprise,ORD-03021,2026-08-01,6166.89,WH-DETROIT
CUST-JOIN-3022,Freight Account 3022,Asia Pacific,Startup,ORD-03022,2026-08-01,4678.86,WH-MIAMI
CUST-JOIN-3023,Freight Account 3023,Asia Pacific,Startup,ORD-03023,2026-08-01,4114.15,WH-CHICAGO
CUST-JOIN-3024,Freight Account 3024,Europe,SMB,ORD-03024,2026-08-01,1009.08,WH-NEWYORK
CUST-JOIN-3025,Freight Account 3025,Europe,Startup,ORD-03025,2026-08-02,7414.56,WH-NEWYORK
CUST-JOIN-3026,Freight Account 3026,Asia Pacific,SMB,ORD-03026,2026-08-02,331.59,WH-DETROIT
CUST-JOIN-3027,Freight Account 3027,Europe,Startup,ORD-03027,2026-08-02,5913.53,WH-DETROIT
CUST-JOIN-3028,Freight Account 3028,North America,Startup,ORD-03028,2026-08-02,5327.84,WH-MIAMI
CUST-JOIN-3029,Freight Account 3029,North America,Startup,ORD-03029,2026-08-02,5585.69,WH-MIAMI
CUST-JOIN-3030,Freight Account 3030,Europe,Startup,ORD-03030,2026-08-02,7886.43,WH-MIAMI
CUST-JOIN-3031,Freight Account 3031,Asia Pacific,Startup,ORD-03031,2026-08-02,7655.97,WH-NEWYORK
CUST-JOIN-3032,Freight Account 3032,Asia Pacific,SMB,ORD-03032,2026-08-02,1886.21,WH-CHICAGO
CUST-JOIN-3033,Freight Account 3033,Asia Pacific,SMB,ORD-03033,2026-08-02,341.45,WH-DETROIT
CUST-JOIN-3034,Freight Account 3034,Asia Pacific,Startup,ORD-03034,2026-08-02,6420.23,WH-DETROIT
CUST-JOIN-3035,Freight Account 3035,Europe,Startup,ORD-03035,2026-08-02,4325.31,WH-MIAMI
CUST-JOIN-3036,Freight Account 3036,North America,Startup,ORD-03036,2026-08-02,888.85,WH-CHICAGO
CUST-JOIN-3037,Freight Account 3037,North America,Startup,ORD-03037,2026-08-02,4368.13,WH-DETROIT
CUST-JOIN-3038,Freight Account 3038,Asia Pacific,Startup,ORD-03038,2026-08-02,6592.0,WH-NEWYORK
CUST-JOIN-3039,Freight Account 3039,Asia Pacific,Startup,ORD-03039,2026-08-02,3253.55,WH-NEWYORK
CUST-JOIN-3040,Freight Account 3040,Asia Pacific,SMB,ORD-03040,2026-08-02,4023.6,WH-MIAMI
CUST-JOIN-3041,Freight Account 3041,North America,SMB,ORD-03041,2026-08-02,7405.48,WH-CHICAGO
CUST-JOIN-3042,Freight Account 3042,North America,Startup,ORD-03042,2026-08-02,610.96,WH-MIAMI
CUST-JOIN-3043,Freight Account 3043,North America,SMB,ORD-03043,2026-08-02,2450.89,WH-CHICAGO
CUST-JOIN-3044,Freight Account 3044,Asia Pacific,SMB,ORD-03044,2026-08-02,6662.58,WH-NEWYORK
CUST-JOIN-3045,Freight Account 3045,North America,Startup,ORD-03045,2026-08-02,2633.77,WH-NEWYORK
CUST-JOIN-3046,Freight Account 3046,North America,Startup,ORD-03046,2026-08-02,706.58,WH-NEWYORK
CUST-JOIN-3047,Freight Account 3047,North America,Startup,ORD-03047,2026-08-02,5894.26,WH-CHICAGO
CUST-JOIN-3048,Freight Account 3048,Asia Pacific,SMB,ORD-03048,2026-08-02,1944.95,WH-MIAMI
CUST-JOIN-3049,Freight Account 3049,Europe,Startup,ORD-03049,2026-08-03,1257.87,WH-CHICAGO
CUST-JOIN-3050,Freight Account 3050,Asia Pacific,SMB,ORD-03050,2026-08-03,926.97,WH-NEWYORK
CUST-JOIN-3051,Freight Account 3051,Europe,Startup,ORD-03051,2026-08-03,3800.42,WH-DETROIT
CUST-JOIN-3052,Freight Account 3052,Europe,SMB,ORD-03052,2026-08-03,3780.16,WH-MIAMI
CUST-JOIN-3053,Freight Account 3053,Europe,SMB,ORD-03053,2026-08-03,6082.02,WH-MIAMI
CUST-JOIN-3054,Freight Account 3054,Europe,Enterprise,ORD-03054,2026-08-03,3233.53,WH-DETROIT
CUST-JOIN-3055,Freight Account 3055,Asia Pacific,Enterprise,ORD-03055,2026-08-03,1453.43,WH-MIAMI
CUST-JOIN-3056,Freight Account 3056,Europe,Startup,ORD-03056,2026-08-03,1632.17,WH-CHICAGO
CUST-JOIN-3057,Freight Account 3057,North America,Startup,ORD-03057,2026-08-03,7071.6,WH-MIAMI
CUST-JOIN-3058,Freight Account 3058,Europe,Enterprise,ORD-03058,2026-08-03,6748.71,WH-MIAMI
CUST-JOIN-3059,Freight Account 3059,Asia Pacific,Startup,ORD-03059,2026-08-03,6279.48,WH-CHICAGO
CUST-JOIN-3060,Freight Account 3060,Asia Pacific,Startup,ORD-03060,2026-08-03,603.85,WH-CHICAGO
CUST-JOIN-3061,Freight Account 3061,North America,SMB,ORD-03061,2026-08-03,500.99,WH-NEWYORK
CUST-JOIN-3062,Freight Account 3062,Europe,Startup,ORD-03062,2026-08-03,3554.35,WH-DETROIT
CUST-JOIN-3063,Freight Account 3063,Asia Pacific,Enterprise,ORD-03063,2026-08-03,6362.82,WH-DETROIT
CUST-JOIN-3064,Freight Account 3064,Europe,Startup,ORD-03064,2026-08-03,3698.1,WH-MIAMI
CUST-JOIN-3065,Freight Account 3065,Europe,SMB,ORD-03065,2026-08-03,5558.69,WH-CHICAGO
CUST-JOIN-3066,Freight Account 3066,North America,SMB,ORD-03066,2026-08-03,2952.66,WH-MIAMI
CUST-JOIN-3067,Freight Account 3067,Europe,Startup,ORD-03067,2026-08-03,738.65,WH-NEWYORK
CUST-JOIN-3068,Freight Account 3068,North America,Enterprise,ORD-03068,2026-08-03,3482.56,WH-NEWYORK
CUST-JOIN-3069,Freight Account 3069,Europe,SMB,ORD-03069,2026-08-03,6628.02,WH-MIAMI
CUST-JOIN-3070,Freight Account 3070,North America,Startup,ORD-03070,2026-08-03,6063.72,WH-CHICAGO
CUST-JOIN-3071,Freight Account 3071,North America,SMB,ORD-03071,2026-08-03,627.26,WH-MIAMI
CUST-JOIN-3072,Freight Account 3072,Asia Pacific,SMB,ORD-03072,2026-08-03,7252.93,WH-NEWYORK
CUST-JOIN-3073,Freight Account 3073,Asia Pacific,Startup,ORD-03073,2026-08-04,1704.76,WH-CHICAGO
CUST-JOIN-3074,Freight Account 3074,North America,SMB,ORD-03074,2026-08-04,1587.18,WH-DETROIT
CUST-JOIN-3075,Freight Account 3075,Europe,Startup,ORD-03075,2026-08-04,7574.3,WH-DETROIT
CUST-JOIN-3076,Freight Account 3076,North America,Startup,ORD-03076,2026-08-04,2683.58,WH-NEWYORK
CUST-JOIN-3077,Freight Account 3077,North America,Startup,ORD-03077,2026-08-04,3873.97,WH-MIAMI
CUST-JOIN-3078,Freight Account 3078,Europe,Startup,ORD-03078,2026-08-04,2378.0,WH-CHICAGO
CUST-JOIN-3079,Freight Account 3079,North America,Startup,ORD-03079,2026-08-04,2833.96,WH-NEWYORK
CUST-JOIN-3080,Freight Account 3080,Asia Pacific,Startup,ORD-03080,2026-08-04,4642.14,WH-DETROIT
CUST-JOIN-3081,Freight Account 3081,Asia Pacific,Startup,ORD-03081,2026-08-04,6823.01,WH-NEWYORK
CUST-JOIN-3082,Freight Account 3082,Asia Pacific,SMB,ORD-03082,2026-08-04,2386.21,WH-NEWYORK
CUST-JOIN-3083,Freight Account 3083,Europe,Startup,ORD-03083,2026-08-04,3731.05,WH-NEWYORK
CUST-JOIN-3084,Freight Account 3084,Asia Pacific,Startup,ORD-03084,2026-08-04,2546.22,WH-CHICAGO
CUST-JOIN-3085,Freight Account 3085,Asia Pacific,Startup,ORD-03085,2026-08-04,7496.16,WH-MIAMI
CUST-JOIN-3086,Freight Account 3086,Europe,SMB,ORD-03086,2026-08-04,397.98,WH-NEWYORK
CUST-JOIN-3087,Freight Account 3087,Europe,SMB,ORD-03087,2026-08-04,466.69,WH-DETROIT
CUST-JOIN-3088,Freight Account 3088,North America,Startup,ORD-03088,2026-08-04,1292.75,WH-DETROIT
CUST-JOIN-3089,Freight Account 3089,North America,SMB,ORD-03089,2026-08-04,1638.03,WH-MIAMI
CUST-JOIN-3090,Freight Account 3090,Asia Pacific,Startup,ORD-03090,2026-08-04,1831.35,WH-MIAMI
CUST-JOIN-3091,Freight Account 3091,Asia Pacific,SMB,ORD-03091,2026-08-04,307.72,WH-CHICAGO
CUST-JOIN-3092,Freight Account 3092,Europe,Startup,ORD-03092,2026-08-04,1072.12,WH-NEWYORK
CUST-JOIN-3093,Freight Account 3093,North America,SMB,ORD-03093,2026-08-04,6561.81,WH-NEWYORK
CUST-JOIN-3094,Freight Account 3094,Europe,Startup,ORD-03094,2026-08-04,4760.35,WH-NEWYORK
CUST-JOIN-3095,Freight Account 3095,Asia Pacific,SMB,ORD-03095,2026-08-04,3200.5,WH-NEWYORK
CUST-JOIN-3096,Freight Account 3096,Europe,SMB,ORD-03096,2026-08-04,6503.3,WH-DETROIT
CUST-JOIN-3097,Freight Account 3097,North America,SMB,ORD-03097,2026-08-05,972.11,WH-MIAMI
CUST-JOIN-3098,Freight Account 3098,North America,SMB,ORD-03098,2026-08-05,7842.23,WH-DETROIT
CUST-JOIN-3099,Freight Account 3099,Europe,Startup,ORD-03099,2026-08-05,6997.52,WH-DETROIT
CUST-JOIN-3100,Freight Account 3100,North America,Startup,ORD-03100,2026-08-05,6698.46,WH-NEWYORK
CUST-JOIN-3101,Freight Account 3101,Europe,Startup,ORD-03101,2026-08-05,4136.0,WH-MIAMI
CUST-JOIN-3102,Freight Account 3102,Europe,Enterprise,ORD-03102,2026-08-05,6968.47,WH-NEWYORK
CUST-JOIN-3103,Freight Account 3103,North America,Startup,ORD-03103,2026-08-05,3607.89,WH-MIAMI
CUST-JOIN-3104,Freight Account 3104,North America,Startup,ORD-03104,2026-08-05,2639.43,WH-NEWYORK
CUST-JOIN-3105,Freight Account 3105,Asia Pacific,SMB,ORD-03105,2026-08-05,7922.79,WH-DETROIT
CUST-JOIN-3106,Freight Account 3106,Europe,SMB,ORD-03106,2026-08-05,6564.77,WH-MIAMI
CUST-JOIN-3107,Freight Account 3107,North America,Startup,ORD-03107,2026-08-05,5713.97,WH-NEWYORK
CUST-JOIN-3108,Freight Account 3108,North America,SMB,ORD-03108,2026-08-05,7978.17,WH-MIAMI
CUST-JOIN-3109,Freight Account 3109,Asia Pacific,SMB,ORD-03109,2026-08-05,5595.95,WH-DETROIT
CUST-JOIN-3110,Freight Account 3110,Europe,Startup,ORD-03110,2026-08-05,5706.3,WH-MIAMI
CUST-JOIN-3111,Freight Account 3111,North America,Startup,ORD-03111,2026-08-05,1814.67,WH-CHICAGO
CUST-JOIN-3112,Freight Account 3112,Asia Pacific,Startup,ORD-03112,2026-08-05,7083.8,WH-NEWYORK
CUST-JOIN-3113,Freight Account 3113,Europe,SMB,ORD-03113,2026-08-05,1541.43,WH-NEWYORK
CUST-JOIN-3114,Freight Account 3114,Europe,Startup,ORD-03114,2026-08-05,7188.93,WH-DETROIT
CUST-JOIN-3115,Freight Account 3115,North America,Startup,ORD-03115,2026-08-05,2943.66,WH-MIAMI
CUST-JOIN-3116,Freight Account 3116,North America,Startup,ORD-03116,2026-08-05,4529.96,WH-DETROIT
CUST-JOIN-3117,Freight Account 3117,Europe,Startup,ORD-03117,2026-08-05,6858.76,WH-DETROIT
CUST-JOIN-3118,Freight Account 3118,Europe,Startup,ORD-03118,2026-08-05,3582.1,WH-CHICAGO
CUST-JOIN-3119,Freight Account 3119,North America,Startup,ORD-03119,2026-08-05,2591.94,WH-DETROIT
CUST-JOIN-3120,Freight Account 3120,Europe,Enterprise,ORD-03120,2026-08-05,4462.99,WH-DETROIT
CUST-JOIN-3121,Freight Account 3121,North America,Enterprise,ORD-03121,2026-08-06,1783.02,WH-CHICAGO
CUST-JOIN-3122,Freight Account 3122,North America,SMB,ORD-03122,2026-08-06,4849.35,WH-NEWYORK
CUST-JOIN-3123,Freight Account 3123,North America,SMB,ORD-03123,2026-08-06,1383.08,WH-NEWYORK
CUST-JOIN-3124,Freight Account 3124,North America,Startup,ORD-03124,2026-08-06,1464.23,WH-DETROIT
CUST-JOIN-3125,Freight Account 3125,Europe,Startup,ORD-03125,2026-08-06,2743.62,WH-DETROIT
CUST-JOIN-3126,Freight Account 3126,North America,SMB,ORD-03126,2026-08-06,5741.28,WH-NEWYORK
CUST-JOIN-3127,Freight Account 3127,Asia Pacific,Startup,ORD-03127,2026-08-06,7218.15,WH-DETROIT
CUST-JOIN-3128,Freight Account 3128,Europe,Enterprise,ORD-03128,2026-08-06,4589.75,WH-MIAMI
CUST-JOIN-3129,Freight Account 3129,Asia Pacific,SMB,ORD-03129,2026-08-06,2759.42,WH-DETROIT
CUST-JOIN-3130,Freight Account 3130,Europe,SMB,ORD-03130,2026-08-06,6201.98,WH-MIAMI
CUST-JOIN-3131,Freight Account 3131,North America,Startup,ORD-03131,2026-08-06,7232.05,WH-CHICAGO
CUST-JOIN-3132,Freight Account 3132,Europe,SMB,ORD-03132,2026-08-06,2492.43,WH-DETROIT
CUST-JOIN-3133,Freight Account 3133,Europe,SMB,ORD-03133,2026-08-06,5097.75,WH-CHICAGO
CUST-JOIN-3134,Freight Account 3134,North America,SMB,ORD-03134,2026-08-06,210.47,WH-CHICAGO
CUST-JOIN-3135,Freight Account 3135,Asia Pacific,Startup,ORD-03135,2026-08-06,4368.26,WH-MIAMI
CUST-JOIN-3136,Freight Account 3136,Asia Pacific,Startup,ORD-03136,2026-08-06,1598.52,WH-MIAMI
CUST-JOIN-3137,Freight Account 3137,North America,Startup,ORD-03137,2026-08-06,451.1,WH-MIAMI
CUST-JOIN-3138,Freight Account 3138,Asia Pacific,SMB,ORD-03138,2026-08-06,7876.57,WH-NEWYORK
CUST-JOIN-3139,Freight Account 3139,Europe,SMB,ORD-03139,2026-08-06,2042.4,WH-DETROIT
CUST-JOIN-3140,Freight Account 3140,Asia Pacific,SMB,ORD-03140,2026-08-06,2511.52,WH-CHICAGO
CUST-JOIN-3141,Freight Account 3141,North America,Startup,ORD-03141,2026-08-06,4419.46,WH-MIAMI
CUST-JOIN-3142,Freight Account 3142,North America,SMB,ORD-03142,2026-08-06,2107.61,WH-NEWYORK
CUST-JOIN-3143,Freight Account 3143,Asia Pacific,Enterprise,ORD-03143,2026-08-06,502.3,WH-DETROIT
CUST-JOIN-3144,Freight Account 3144,Asia Pacific,Enterprise,ORD-03144,2026-08-06,722.76,WH-DETROIT
CUST-JOIN-3145,Freight Account 3145,Asia Pacific,Startup,ORD-03145,2026-08-07,4530.37,WH-NEWYORK
CUST-JOIN-3146,Freight Account 3146,Asia Pacific,Startup,ORD-03146,2026-08-07,6224.25,WH-NEWYORK
CUST-JOIN-3147,Freight Account 3147,Asia Pacific,SMB,ORD-03147,2026-08-07,4715.11,WH-CHICAGO
CUST-JOIN-3148,Freight Account 3148,North America,SMB,ORD-03148,2026-08-07,5863.85,WH-NEWYORK
CUST-JOIN-3149,Freight Account 3149,Europe,Startup,ORD-03149,2026-08-07,4284.47,WH-MIAMI
CUST-JOIN-3150,Freight Account 3150,Europe,Enterprise,ORD-03150,2026-08-07,2176.22,WH-CHICAGO
CUST-JOIN-3151,Freight Account 3151,Europe,Enterprise,ORD-03151,2026-08-07,2426.69,WH-NEWYORK
CUST-JOIN-3152,Freight Account 3152,Europe,SMB,ORD-03152,2026-08-07,7498.84,WH-CHICAGO
CUST-JOIN-3153,Freight Account 3153,Europe,Startup,ORD-03153,2026-08-07,6111.11,WH-NEWYORK
CUST-JOIN-3154,Freight Account 3154,Asia Pacific,Startup,ORD-03154,2026-08-07,3715.75,WH-MIAMI
CUST-JOIN-3155,Freight Account 3155,North America,SMB,ORD-03155,2026-08-07,7307.71,WH-DETROIT
CUST-JOIN-3156,Freight Account 3156,Europe,SMB,ORD-03156,2026-08-07,1903.87,WH-MIAMI
CUST-JOIN-3157,Freight Account 3157,North America,Startup,ORD-03157,2026-08-07,526.91,WH-DETROIT
CUST-JOIN-3158,Freight Account 3158,Europe,Startup,ORD-03158,2026-08-07,1424.97,WH-CHICAGO
CUST-JOIN-3159,Freight Account 3159,Asia Pacific,SMB,ORD-03159,2026-08-07,6796.61,WH-CHICAGO
CUST-JOIN-3160,Freight Account 3160,Europe,SMB,ORD-03160,2026-08-07,1140.56,WH-NEWYORK
CUST-JOIN-3161,Freight Account 3161,North America,Startup,ORD-03161,2026-08-07,4422.57,WH-CHICAGO
CUST-JOIN-3162,Freight Account 3162,Asia Pacific,Startup,ORD-03162,2026-08-07,6860.94,WH-DETROIT
CUST-JOIN-3163,Freight Account 3163,North America,SMB,ORD-03163,2026-08-07,3880.88,WH-NEWYORK
CUST-JOIN-3164,Freight Account 3164,Europe,Enterprise,ORD-03164,2026-08-07,5764.92,WH-CHICAGO
CUST-JOIN-3165,Freight Account 3165,Europe,SMB,ORD-03165,2026-08-07,748.15,WH-NEWYORK
CUST-JOIN-3166,Freight Account 3166,Europe,SMB,ORD-03166,2026-08-07,6551.39,WH-DETROIT
CUST-JOIN-3167,Freight Account 3167,Asia Pacific,Enterprise,ORD-03167,2026-08-07,4727.92,WH-NEWYORK
CUST-JOIN-3168,Freight Account 3168,Asia Pacific,Startup,ORD-03168,2026-08-07,5489.68,WH-MIAMI
CUST-JOIN-3169,Freight Account 3169,Asia Pacific,SMB,ORD-03169,2026-08-08,6122.35,WH-NEWYORK
CUST-JOIN-3170,Freight Account 3170,North America,Startup,ORD-03170,2026-08-08,3267.77,WH-NEWYORK
CUST-JOIN-3171,Freight Account 3171,North America,SMB,ORD-03171,2026-08-08,2122.8,WH-NEWYORK
CUST-JOIN-3172,Freight Account 3172,Asia Pacific,Enterprise,ORD-03172,2026-08-08,7620.25,WH-NEWYORK
CUST-JOIN-3173,Freight Account 3173,North America,Startup,ORD-03173,2026-08-08,3925.46,WH-NEWYORK
CUST-JOIN-3174,Freight Account 3174,North America,Startup,ORD-03174,2026-08-08,3216.4,WH-CHICAGO
CUST-JOIN-3175,Freight Account 3175,North America,Startup,ORD-03175,2026-08-08,3247.73,WH-MIAMI
CUST-JOIN-3176,Freight Account 3176,Asia Pacific,Startup,ORD-03176,2026-08-08,7967.12,WH-NEWYORK
CUST-JOIN-3177,Freight Account 3177,Asia Pacific,Startup,ORD-03177,2026-08-08,7805.75,WH-DETROIT
CUST-JOIN-3178,Freight Account 3178,North America,Startup,ORD-03178,2026-08-08,4453.52,WH-DETROIT
CUST-JOIN-3179,Freight Account 3179,North America,SMB,ORD-03179,2026-08-08,1892.33,WH-NEWYORK
CUST-JOIN-3180,Freight Account 3180,North America,SMB,ORD-03180,2026-08-08,5653.13,WH-NEWYORK
CUST-JOIN-3181,Freight Account 3181,Asia Pacific,Enterprise,ORD-03181,2026-08-08,3665.56,WH-MIAMI
CUST-JOIN-3182,Freight Account 3182,Asia Pacific,SMB,ORD-03182,2026-08-08,5416.4,WH-MIAMI
CUST-JOIN-3183,Freight Account 3183,Asia Pacific,Enterprise,ORD-03183,2026-08-08,2236.89,WH-DETROIT
CUST-JOIN-3184,Freight Account 3184,Asia Pacific,Startup,ORD-03184,2026-08-08,6552.05,WH-MIAMI
CUST-JOIN-3185,Freight Account 3185,North America,SMB,ORD-03185,2026-08-08,5083.81,WH-NEWYORK
CUST-JOIN-3186,Freight Account 3186,Asia Pacific,Startup,ORD-03186,2026-08-08,5143.47,WH-MIAMI
CUST-JOIN-3187,Freight Account 3187,Asia Pacific,Enterprise,ORD-03187,2026-08-08,2026.08,WH-CHICAGO
CUST-JOIN-3188,Freight Account 3188,North America,SMB,ORD-03188,2026-08-08,1213.75,WH-DETROIT
CUST-JOIN-3189,Freight Account 3189,North America,Enterprise,ORD-03189,2026-08-08,530.75,WH-MIAMI
CUST-JOIN-3190,Freight Account 3190,Europe,Startup,ORD-03190,2026-08-08,1148.81,WH-MIAMI
CUST-JOIN-3191,Freight Account 3191,North America,Enterprise,ORD-03191,2026-08-08,5719.02,WH-NEWYORK
CUST-JOIN-3192,Freight Account 3192,North America,Startup,ORD-03192,2026-08-08,4008.96,WH-CHICAGO
CUST-JOIN-3193,Freight Account 3193,Europe,Startup,ORD-03193,2026-08-09,718.04,WH-CHICAGO
CUST-JOIN-3194,Freight Account 3194,Europe,SMB,ORD-03194,2026-08-09,2021.21,WH-DETROIT
CUST-JOIN-3195,Freight Account 3195,Asia Pacific,SMB,ORD-03195,2026-08-09,4057.32,WH-DETROIT
CUST-JOIN-3196,Freight Account 3196,Asia Pacific,Startup,ORD-03196,2026-08-09,7630.61,WH-NEWYORK
CUST-JOIN-3197,Freight Account 3197,Europe,Startup,ORD-03197,2026-08-09,7299.98,WH-DETROIT
CUST-JOIN-3198,Freight Account 3198,Asia Pacific,SMB,ORD-03198,2026-08-09,2208.35,WH-CHICAGO
CUST-JOIN-3199,Freight Account 3199,Europe,Startup,ORD-03199,2026-08-09,490.47,WH-MIAMI
CUST-JOIN-3200,Freight Account 3200,Europe,Startup,ORD-03200,2026-08-09,2852.17,WH-DETROIT
CUST-JOIN-3201,Freight Account 3201,Asia Pacific,Startup,ORD-03201,2026-08-09,4778.72,WH-DETROIT
CUST-JOIN-3202,Freight Account 3202,Europe,Startup,ORD-03202,2026-08-09,4320.33,WH-MIAMI
CUST-JOIN-3203,Freight Account 3203,Asia Pacific,SMB,ORD-03203,2026-08-09,1503.03,WH-MIAMI
CUST-JOIN-3204,Freight Account 3204,North America,Startup,ORD-03204,2026-08-09,5323.98,WH-NEWYORK
CUST-JOIN-3205,Freight Account 3205,Europe,SMB,ORD-03205,2026-08-09,7868.77,WH-MIAMI
CUST-JOIN-3206,Freight Account 3206,North America,SMB,ORD-03206,2026-08-09,3192.44,WH-MIAMI
CUST-JOIN-3207,Freight Account 3207,North America,SMB,ORD-03207,2026-08-09,3137.2,WH-NEWYORK
CUST-JOIN-3208,Freight Account 3208,Europe,SMB,ORD-03208,2026-08-09,3354.73,WH-DETROIT
CUST-JOIN-3209,Freight Account 3209,North America,SMB,ORD-03209,2026-08-09,6813.27,WH-CHICAGO
CUST-JOIN-3210,Freight Account 3210,Asia Pacific,SMB,ORD-03210,2026-08-09,950.22,WH-CHICAGO
CUST-JOIN-3211,Freight Account 3211,Asia Pacific,SMB,ORD-03211,2026-08-09,5707.12,WH-NEWYORK
CUST-JOIN-3212,Freight Account 3212,Europe,Startup,ORD-03212,2026-08-09,3012.47,WH-NEWYORK
CUST-JOIN-3213,Freight Account 3213,Europe,Startup,ORD-03213,2026-08-09,6828.13,WH-CHICAGO
CUST-JOIN-3214,Freight Account 3214,Asia Pacific,Enterprise,ORD-03214,2026-08-09,5822.5,WH-CHICAGO
CUST-JOIN-3215,Freight Account 3215,Asia Pacific,Startup,ORD-03215,2026-08-09,4235.99,WH-NEWYORK
CUST-JOIN-3216,Freight Account 3216,North America,SMB,ORD-03216,2026-08-09,4942.62,WH-DETROIT
CUST-JOIN-3217,Freight Account 3217,Europe,SMB,ORD-03217,2026-08-10,6936.33,WH-NEWYORK
CUST-JOIN-3218,Freight Account 3218,Europe,Startup,ORD-03218,2026-08-10,2629.33,WH-DETROIT
CUST-JOIN-3219,Freight Account 3219,North America,Startup,ORD-03219,2026-08-10,3867.74,WH-NEWYORK
CUST-JOIN-3220,Freight Account 3220,North America,SMB,ORD-03220,2026-08-10,4925.78,WH-NEWYORK
CUST-JOIN-3221,Freight Account 3221,North America,Startup,ORD-03221,2026-08-10,1352.06,WH-CHICAGO
CUST-JOIN-3222,Freight Account 3222,North America,Startup,ORD-03222,2026-08-10,7269.93,WH-MIAMI
CUST-JOIN-3223,Freight Account 3223,Europe,Startup,ORD-03223,2026-08-10,7838.26,WH-MIAMI
CUST-JOIN-3224,Freight Account 3224,North America,SMB,ORD-03224,2026-08-10,2236.52,WH-MIAMI
CUST-JOIN-3225,Freight Account 3225,North America,Enterprise,ORD-03225,2026-08-10,5930.35,WH-MIAMI
CUST-JOIN-3226,Freight Account 3226,Asia Pacific,Startup,ORD-03226,2026-08-10,4077.15,WH-CHICAGO
CUST-JOIN-3227,Freight Account 3227,North America,Startup,ORD-03227,2026-08-10,4948.3,WH-CHICAGO
CUST-JOIN-3228,Freight Account 3228,Asia Pacific,SMB,ORD-03228,2026-08-10,4245.41,WH-CHICAGO
CUST-JOIN-3229,Freight Account 3229,North America,SMB,ORD-03229,2026-08-10,7291.85,WH-DETROIT
CUST-JOIN-3230,Freight Account 3230,Europe,Startup,ORD-03230,2026-08-10,6234.73,WH-DETROIT
CUST-JOIN-3231,Freight Account 3231,North America,Startup,ORD-03231,2026-08-10,2173.7,WH-CHICAGO
CUST-JOIN-3232,Freight Account 3232,Asia Pacific,Startup,ORD-03232,2026-08-10,7030.31,WH-DETROIT
CUST-JOIN-3233,Freight Account 3233,Asia Pacific,SMB,ORD-03233,2026-08-10,3305.34,WH-DETROIT
CUST-JOIN-3234,Freight Account 3234,Europe,Startup,ORD-03234,2026-08-10,6359.46,WH-CHICAGO
CUST-JOIN-3235,Freight Account 3235,North America,SMB,ORD-03235,2026-08-10,5741.15,WH-CHICAGO
CUST-JOIN-3236,Freight Account 3236,Europe,Enterprise,ORD-03236,2026-08-10,5214.15,WH-NEWYORK
CUST-JOIN-3237,Freight Account 3237,North America,Startup,ORD-03237,2026-08-10,1963.53,WH-CHICAGO
CUST-JOIN-3238,Freight Account 3238,Europe,Startup,ORD-03238,2026-08-10,3904.29,WH-MIAMI
CUST-JOIN-3239,Freight Account 3239,North America,Startup,ORD-03239,2026-08-10,1423.28,WH-DETROIT
CUST-JOIN-3240,Freight Account 3240,Asia Pacific,SMB,ORD-03240,2026-08-10,7046.75,WH-CHICAGO
CUST-JOIN-3241,Freight Account 3241,Europe,SMB,ORD-03241,2026-08-11,3137.61,WH-NEWYORK
CUST-JOIN-3242,Freight Account 3242,Europe,Startup,ORD-03242,2026-08-11,1973.5,WH-CHICAGO
CUST-JOIN-3243,Freight Account 3243,North America,Startup,ORD-03243,2026-08-11,613.33,WH-MIAMI
CUST-JOIN-3244,Freight Account 3244,Asia Pacific,Startup,ORD-03244,2026-08-11,4479.56,WH-MIAMI
CUST-JOIN-3245,Freight Account 3245,Asia Pacific,Startup,ORD-03245,2026-08-11,784.61,WH-CHICAGO
CUST-JOIN-3246,Freight Account 3246,Asia Pacific,Startup,ORD-03246,2026-08-11,2038.46,WH-MIAMI
CUST-JOIN-3247,Freight Account 3247,North America,SMB,ORD-03247,2026-08-11,5340.26,WH-DETROIT
CUST-JOIN-3248,Freight Account 3248,North America,SMB,ORD-03248,2026-08-11,1725.38,WH-MIAMI
CUST-JOIN-3249,Freight Account 3249,Europe,Startup,ORD-03249,2026-08-11,4476.28,WH-DETROIT
CUST-JOIN-3250,Freight Account 3250,Asia Pacific,SMB,ORD-03250,2026-08-11,4242.87,WH-DETROIT
CUST-JOIN-3251,Freight Account 3251,Europe,SMB,ORD-03251,2026-08-11,5014.27,WH-NEWYORK
CUST-JOIN-3252,Freight Account 3252,Asia Pacific,SMB,ORD-03252,2026-08-11,1279.44,WH-CHICAGO
CUST-JOIN-3253,Freight Account 3253,Europe,Enterprise,ORD-03253,2026-08-11,7891.7,WH-NEWYORK
CUST-JOIN-3254,Freight Account 3254,Asia Pacific,Startup,ORD-03254,2026-08-11,490.54,WH-NEWYORK
CUST-JOIN-3255,Freight Account 3255,North America,Startup,ORD-03255,2026-08-11,6491.11,WH-NEWYORK
CUST-JOIN-3256,Freight Account 3256,Asia Pacific,Startup,ORD-03256,2026-08-11,969.32,WH-MIAMI
CUST-JOIN-3257,Freight Account 3257,Asia Pacific,Startup,ORD-03257,2026-08-11,2434.2,WH-DETROIT
CUST-JOIN-3258,Freight Account 3258,North America,SMB,ORD-03258,2026-08-11,983.49,WH-NEWYORK
CUST-JOIN-3259,Freight Account 3259,Asia Pacific,Startup,ORD-03259,2026-08-11,4838.88,WH-CHICAGO
CUST-JOIN-3260,Freight Account 3260,Asia Pacific,Startup,ORD-03260,2026-08-11,6263.09,WH-CHICAGO
CUST-JOIN-3261,Freight Account 3261,Europe,SMB,ORD-03261,2026-08-11,7206.65,WH-DETROIT
CUST-JOIN-3262,Freight Account 3262,Asia Pacific,Startup,ORD-03262,2026-08-11,3931.5,WH-NEWYORK
CUST-JOIN-3263,Freight Account 3263,Europe,SMB,ORD-03263,2026-08-11,7982.06,WH-MIAMI
CUST-JOIN-3264,Freight Account 3264,Asia Pacific,SMB,ORD-03264,2026-08-11,4746.69,WH-DETROIT
CUST-JOIN-3265,Freight Account 3265,Europe,SMB,ORD-03265,2026-08-12,2188.51,WH-DETROIT
CUST-JOIN-3266,Freight Account 3266,Europe,Startup,ORD-03266,2026-08-12,5799.78,WH-MIAMI
CUST-JOIN-3267,Freight Account 3267,North America,Startup,ORD-03267,2026-08-12,1061.66,WH-DETROIT
CUST-JOIN-3268,Freight Account 3268,Asia Pacific,Startup,ORD-03268,2026-08-12,1242.85,WH-DETROIT
CUST-JOIN-3269,Freight Account 3269,Asia Pacific,Startup,ORD-03269,2026-08-12,4534.73,WH-CHICAGO
CUST-JOIN-3270,Freight Account 3270,Europe,SMB,ORD-03270,2026-08-12,7740.46,WH-DETROIT
CUST-JOIN-3271,Freight Account 3271,North America,Startup,ORD-03271,2026-08-12,2483.86,WH-NEWYORK
CUST-JOIN-3272,Freight Account 3272,Asia Pacific,SMB,ORD-03272,2026-08-12,6559.77,WH-CHICAGO
CUST-JOIN-3273,Freight Account 3273,North America,Startup,ORD-03273,2026-08-12,4329.48,WH-MIAMI
CUST-JOIN-3274,Freight Account 3274,Europe,SMB,ORD-03274,2026-08-12,2741.37,WH-DETROIT
CUST-JOIN-3275,Freight Account 3275,North America,Startup,ORD-03275,2026-08-12,2990.77,WH-NEWYORK
CUST-JOIN-3276,Freight Account 3276,Asia Pacific,Startup,ORD-03276,2026-08-12,2669.3,WH-NEWYORK
CUST-JOIN-3277,Freight Account 3277,Asia Pacific,SMB,ORD-03277,2026-08-12,6916.81,WH-CHICAGO
CUST-JOIN-3278,Freight Account 3278,Europe,Startup,ORD-03278,2026-08-12,5453.88,WH-NEWYORK
CUST-JOIN-3279,Freight Account 3279,North America,Startup,ORD-03279,2026-08-12,7562.98,WH-CHICAGO
CUST-JOIN-3280,Freight Account 3280,Asia Pacific,Startup,ORD-03280,2026-08-12,7771.94,WH-MIAMI
CUST-JOIN-3281,Freight Account 3281,North America,Startup,ORD-03281,2026-08-12,6186.23,WH-DETROIT
CUST-JOIN-3282,Freight Account 3282,Europe,Startup,ORD-03282,2026-08-12,7527.66,WH-NEWYORK
CUST-JOIN-3283,Freight Account 3283,Europe,SMB,ORD-03283,2026-08-12,6106.22,WH-MIAMI
CUST-JOIN-3284,Freight Account 3284,North America,Startup,ORD-03284,2026-08-12,6065.96,WH-NEWYORK
CUST-JOIN-3285,Freight Account 3285,Europe,Startup,ORD-03285,2026-08-12,5812.76,WH-CHICAGO
CUST-JOIN-3286,Freight Account 3286,Asia Pacific,SMB,ORD-03286,2026-08-12,3603.19,WH-CHICAGO
CUST-JOIN-3287,Freight Account 3287,Europe,SMB,ORD-03287,2026-08-12,2218.51,WH-NEWYORK
CUST-JOIN-3288,Freight Account 3288,Asia Pacific,SMB,ORD-03288,2026-08-12,1774.04,WH-CHICAGO
CUST-JOIN-3289,Freight Account 3289,Asia Pacific,SMB,ORD-03289,2026-08-13,435.92,WH-DETROIT
CUST-JOIN-3290,Freight Account 3290,North America,SMB,ORD-03290,2026-08-13,4388.45,WH-DETROIT
CUST-JOIN-3291,Freight Account 3291,North America,SMB,ORD-03291,2026-08-13,6386.68,WH-DETROIT
CUST-JOIN-3292,Freight Account 3292,Asia Pacific,Enterprise,ORD-03292,2026-08-13,5215.8,WH-MIAMI
CUST-JOIN-3293,Freight Account 3293,North America,Startup,ORD-03293,2026-08-13,1896.81,WH-DETROIT
CUST-JOIN-3294,Freight Account 3294,Europe,Startup,ORD-03294,2026-08-13,5990.21,WH-NEWYORK
CUST-JOIN-3295,Freight Account 3295,Europe,SMB,ORD-03295,2026-08-13,6867.63,WH-NEWYORK
CUST-JOIN-3296,Freight Account 3296,North America,Startup,ORD-03296,2026-08-13,6792.03,WH-CHICAGO
CUST-JOIN-3297,Freight Account 3297,Europe,Startup,ORD-03297,2026-08-13,7166.22,WH-MIAMI
CUST-JOIN-3298,Freight Account 3298,Europe,Startup,ORD-03298,2026-08-13,7545.19,WH-DETROIT
CUST-JOIN-3299,Freight Account 3299,Asia Pacific,Startup,ORD-03299,2026-08-13,4132.27,WH-MIAMI
CUST-JOIN-3300,Freight Account 3300,North America,Enterprise,ORD-03300,2026-08-13,7462.26,WH-CHICAGO
CUST-JOIN-3301,Freight Account 3301,North America,Startup,ORD-03301,2026-08-13,7327.83,WH-MIAMI
CUST-JOIN-3302,Freight Account 3302,North America,SMB,ORD-03302,2026-08-13,946.36,WH-DETROIT
CUST-JOIN-3303,Freight Account 3303,Europe,SMB,ORD-03303,2026-08-13,6149.81,WH-CHICAGO
CUST-JOIN-3304,Freight Account 3304,Europe,Startup,ORD-03304,2026-08-13,4362.03,WH-NEWYORK
CUST-JOIN-3305,Freight Account 3305,North America,SMB,ORD-03305,2026-08-13,4327.52,WH-NEWYORK
CUST-JOIN-3306,Freight Account 3306,North America,Startup,ORD-03306,2026-08-13,4277.38,WH-DETROIT
CUST-JOIN-3307,Freight Account 3307,North America,SMB,ORD-03307,2026-08-13,1932.72,WH-CHICAGO
CUST-JOIN-3308,Freight Account 3308,North America,Startup,ORD-03308,2026-08-13,4845.51,WH-CHICAGO
CUST-JOIN-3309,Freight Account 3309,North America,Enterprise,ORD-03309,2026-08-13,468.46,WH-DETROIT
CUST-JOIN-3310,Freight Account 3310,Europe,SMB,ORD-03310,2026-08-13,3954.39,WH-MIAMI
CUST-JOIN-3311,Freight Account 3311,Asia Pacific,Startup,ORD-03311,2026-08-13,5373.71,WH-DETROIT
CUST-JOIN-3312,Freight Account 3312,North America,Enterprise,ORD-03312,2026-08-13,566.04,WH-NEWYORK
CUST-JOIN-3313,Freight Account 3313,Asia Pacific,Startup,ORD-03313,2026-08-14,2586.2,WH-DETROIT
CUST-JOIN-3314,Freight Account 3314,Asia Pacific,Startup,ORD-03314,2026-08-14,3812.15,WH-MIAMI
CUST-JOIN-3315,Freight Account 3315,Asia Pacific,Startup,ORD-03315,2026-08-14,6747.51,WH-DETROIT
CUST-JOIN-3316,Freight Account 3316,Europe,SMB,ORD-03316,2026-08-14,2795.49,WH-NEWYORK
CUST-JOIN-3317,Freight Account 3317,Europe,Startup,ORD-03317,2026-08-14,6348.51,WH-MIAMI
CUST-JOIN-3318,Freight Account 3318,Europe,Startup,ORD-03318,2026-08-14,7557.32,WH-MIAMI
CUST-JOIN-3319,Freight Account 3319,Europe,SMB,ORD-03319,2026-08-14,6161.71,WH-CHICAGO
CUST-JOIN-3320,Freight Account 3320,Asia Pacific,Startup,ORD-03320,2026-08-14,4841.91,WH-NEWYORK
CUST-JOIN-3321,Freight Account 3321,Europe,SMB,ORD-03321,2026-08-14,343.28,WH-CHICAGO
CUST-JOIN-3322,Freight Account 3322,Asia Pacific,SMB,ORD-03322,2026-08-14,7878.21,WH-NEWYORK
CUST-JOIN-3323,Freight Account 3323,Europe,Startup,ORD-03323,2026-08-14,1053.44,WH-DETROIT
CUST-JOIN-3324,Freight Account 3324,North America,SMB,ORD-03324,2026-08-14,1991.62,WH-DETROIT
CUST-JOIN-3325,Freight Account 3325,North America,SMB,ORD-03325,2026-08-14,5606.25,WH-MIAMI
CUST-JOIN-3326,Freight Account 3326,Asia Pacific,SMB,ORD-03326,2026-08-14,3670.21,WH-MIAMI
CUST-JOIN-3327,Freight Account 3327,North America,SMB,ORD-03327,2026-08-14,7216.7,WH-CHICAGO
CUST-JOIN-3328,Freight Account 3328,Europe,Startup,ORD-03328,2026-08-14,3686.86,WH-DETROIT
CUST-JOIN-3329,Freight Account 3329,Europe,Startup,ORD-03329,2026-08-14,5396.75,WH-MIAMI
CUST-JOIN-3330,Freight Account 3330,Europe,SMB,ORD-03330,2026-08-14,7555.78,WH-DETROIT
CUST-JOIN-3331,Freight Account 3331,North America,Enterprise,ORD-03331,2026-08-14,879.97,WH-CHICAGO
CUST-JOIN-3332,Freight Account 3332,Europe,SMB,ORD-03332,2026-08-14,5542.62,WH-MIAMI
CUST-JOIN-3333,Freight Account 3333,North America,Startup,ORD-03333,2026-08-14,1345.63,WH-MIAMI
CUST-JOIN-3334,Freight Account 3334,North America,SMB,ORD-03334,2026-08-14,5319.75,WH-MIAMI
CUST-JOIN-3335,Freight Account 3335,Europe,Enterprise,ORD-03335,2026-08-14,2488.13,WH-CHICAGO
CUST-JOIN-3336,Freight Account 3336,Europe,Startup,ORD-03336,2026-08-14,1646.32,WH-CHICAGO
CUST-JOIN-3337,Freight Account 3337,North America,SMB,ORD-03337,2026-08-15,3564.38,WH-MIAMI
CUST-JOIN-3338,Freight Account 3338,Europe,Startup,ORD-03338,2026-08-15,1375.34,WH-DETROIT
CUST-JOIN-3339,Freight Account 3339,Europe,Startup,ORD-03339,2026-08-15,6728.42,WH-MIAMI
CUST-JOIN-3340,Freight Account 3340,North America,Startup,ORD-03340,2026-08-15,4992.28,WH-MIAMI
CUST-JOIN-3341,Freight Account 3341,North America,SMB,ORD-03341,2026-08-15,4780.87,WH-MIAMI
CUST-JOIN-3342,Freight Account 3342,North America,Enterprise,ORD-03342,2026-08-15,4237.33,WH-CHICAGO
CUST-JOIN-3343,Freight Account 3343,North America,SMB,ORD-03343,2026-08-15,5629.6,WH-MIAMI
CUST-JOIN-3344,Freight Account 3344,North America,Startup,ORD-03344,2026-08-15,7761.7,WH-CHICAGO
CUST-JOIN-3345,Freight Account 3345,Europe,Startup,ORD-03345,2026-08-15,7084.9,WH-DETROIT
CUST-JOIN-3346,Freight Account 3346,North America,SMB,ORD-03346,2026-08-15,3919.93,WH-NEWYORK
CUST-JOIN-3347,Freight Account 3347,Europe,Startup,ORD-03347,2026-08-15,6310.69,WH-MIAMI
CUST-JOIN-3348,Freight Account 3348,Europe,Startup,ORD-03348,2026-08-15,3878.82,WH-CHICAGO
CUST-JOIN-3349,Freight Account 3349,Europe,Startup,ORD-03349,2026-08-15,6943.3,WH-NEWYORK
CUST-JOIN-3350,Freight Account 3350,North America,SMB,ORD-03350,2026-08-15,5986.39,WH-DETROIT
CUST-JOIN-3351,Freight Account 3351,North America,Startup,ORD-03351,2026-08-15,2475.8,WH-CHICAGO
CUST-JOIN-3352,Freight Account 3352,North America,Startup,ORD-03352,2026-08-15,878.29,WH-CHICAGO
CUST-JOIN-3353,Freight Account 3353,North America,Startup,ORD-03353,2026-08-15,561.27,WH-MIAMI
CUST-JOIN-3354,Freight Account 3354,Europe,Startup,ORD-03354,2026-08-15,6666.05,WH-NEWYORK
CUST-JOIN-3355,Freight Account 3355,North America,Startup,ORD-03355,2026-08-15,5142.37,WH-DETROIT
CUST-JOIN-3356,Freight Account 3356,Europe,SMB,ORD-03356,2026-08-15,4346.59,WH-MIAMI
CUST-JOIN-3357,Freight Account 3357,Europe,Startup,ORD-03357,2026-08-15,7532.63,WH-CHICAGO
CUST-JOIN-3358,Freight Account 3358,North America,Startup,ORD-03358,2026-08-15,6324.51,WH-DETROIT
CUST-JOIN-3359,Freight Account 3359,Europe,Enterprise,ORD-03359,2026-08-15,3943.94,WH-CHICAGO
CUST-JOIN-3360,Freight Account 3360,North America,SMB,ORD-03360,2026-08-15,2483.68,WH-CHICAGO
CUST-JOIN-3361,Freight Account 3361,Asia Pacific,Startup,ORD-03361,2026-08-16,1283.82,WH-CHICAGO
CUST-JOIN-3362,Freight Account 3362,Asia Pacific,Startup,ORD-03362,2026-08-16,797.3,WH-MIAMI
CUST-JOIN-3363,Freight Account 3363,Asia Pacific,SMB,ORD-03363,2026-08-16,1389.83,WH-NEWYORK
CUST-JOIN-3364,Freight Account 3364,Asia Pacific,Startup,ORD-03364,2026-08-16,1445.91,WH-MIAMI
CUST-JOIN-3365,Freight Account 3365,Asia Pacific,Startup,ORD-03365,2026-08-16,6725.34,WH-DETROIT
CUST-JOIN-3366,Freight Account 3366,North America,SMB,ORD-03366,2026-08-16,5659.25,WH-DETROIT
CUST-JOIN-3367,Freight Account 3367,Europe,Enterprise,ORD-03367,2026-08-16,6760.81,WH-DETROIT
CUST-JOIN-3368,Freight Account 3368,Europe,SMB,ORD-03368,2026-08-16,2497.19,WH-NEWYORK
CUST-JOIN-3369,Freight Account 3369,North America,Startup,ORD-03369,2026-08-16,884.88,WH-DETROIT
CUST-JOIN-3370,Freight Account 3370,North America,SMB,ORD-03370,2026-08-16,2398.41,WH-MIAMI
CUST-JOIN-3371,Freight Account 3371,Asia Pacific,SMB,ORD-03371,2026-08-16,6487.51,WH-DETROIT
CUST-JOIN-3372,Freight Account 3372,North America,SMB,ORD-03372,2026-08-16,711.4,WH-MIAMI
CUST-JOIN-3373,Freight Account 3373,Europe,Startup,ORD-03373,2026-08-16,3348.33,WH-DETROIT
CUST-JOIN-3374,Freight Account 3374,Asia Pacific,SMB,ORD-03374,2026-08-16,6322.21,WH-DETROIT
CUST-JOIN-3375,Freight Account 3375,North America,SMB,ORD-03375,2026-08-16,5174.22,WH-NEWYORK
CUST-JOIN-3376,Freight Account 3376,Europe,Startup,ORD-03376,2026-08-16,2263.23,WH-DETROIT
CUST-JOIN-3377,Freight Account 3377,Europe,Startup,ORD-03377,2026-08-16,773.37,WH-DETROIT
CUST-JOIN-3378,Freight Account 3378,North America,SMB,ORD-03378,2026-08-16,4475.32,WH-MIAMI
CUST-JOIN-3379,Freight Account 3379,Asia Pacific,SMB,ORD-03379,2026-08-16,7040.48,WH-NEWYORK
CUST-JOIN-3380,Freight Account 3380,Asia Pacific,Startup,ORD-03380,2026-08-16,7361.57,WH-CHICAGO
CUST-JOIN-3381,Freight Account 3381,Europe,Startup,ORD-03381,2026-08-16,5093.97,WH-NEWYORK
CUST-JOIN-3382,Freight Account 3382,Europe,SMB,ORD-03382,2026-08-16,6814.74,WH-CHICAGO
CUST-JOIN-3383,Freight Account 3383,North America,Startup,ORD-03383,2026-08-16,7613.96,WH-DETROIT
CUST-JOIN-3384,Freight Account 3384,Asia Pacific,Startup,ORD-03384,2026-08-16,3911.9,WH-NEWYORK
CUST-JOIN-3385,Freight Account 3385,Asia Pacific,Startup,ORD-03385,2026-08-17,442.46,WH-CHICAGO
CUST-JOIN-3386,Freight Account 3386,North America,SMB,ORD-03386,2026-08-17,6984.66,WH-DETROIT
CUST-JOIN-3387,Freight Account 3387,Europe,Startup,ORD-03387,2026-08-17,5553.33,WH-DETROIT
CUST-JOIN-3388,Freight Account 3388,Europe,SMB,ORD-03388,2026-08-17,7925.93,WH-CHICAGO
CUST-JOIN-3389,Freight Account 3389,North America,SMB,ORD-03389,2026-08-17,7353.46,WH-NEWYORK
CUST-JOIN-3390,Freight Account 3390,North America,SMB,ORD-03390,2026-08-17,5756.11,WH-CHICAGO
CUST-JOIN-3391,Freight Account 3391,Asia Pacific,SMB,ORD-03391,2026-08-17,1089.89,WH-NEWYORK
CUST-JOIN-3392,Freight Account 3392,Europe,SMB,ORD-03392,2026-08-17,6027.34,WH-CHICAGO
CUST-JOIN-3393,Freight Account 3393,Europe,SMB,ORD-03393,2026-08-17,3339.41,WH-NEWYORK
CUST-JOIN-3394,Freight Account 3394,Europe,Startup,ORD-03394,2026-08-17,7933.27,WH-NEWYORK
CUST-JOIN-3395,Freight Account 3395,North America,Startup,ORD-03395,2026-08-17,2579.84,WH-DETROIT
CUST-JOIN-3396,Freight Account 3396,North America,Startup,ORD-03396,2026-08-17,5309.42,WH-CHICAGO
CUST-JOIN-3397,Freight Account 3397,Europe,SMB,ORD-03397,2026-08-17,7564.39,WH-NEWYORK
CUST-JOIN-3398,Freight Account 3398,North America,Startup,ORD-03398,2026-08-17,4386.76,WH-NEWYORK
CUST-JOIN-3399,Freight Account 3399,Europe,Startup,ORD-03399,2026-08-17,3924.14,WH-NEWYORK
CUST-JOIN-3400,Freight Account 3400,Asia Pacific,Startup,ORD-03400,2026-08-17,7651.15,WH-NEWYORK
CUST-JOIN-3401,Freight Account 3401,North America,Enterprise,ORD-03401,2026-08-17,4655.24,WH-DETROIT
CUST-JOIN-3402,Freight Account 3402,Europe,Enterprise,ORD-03402,2026-08-17,1665.32,WH-NEWYORK
CUST-JOIN-3403,Freight Account 3403,Europe,Startup,ORD-03403,2026-08-17,3193.91,WH-CHICAGO
CUST-JOIN-3404,Freight Account 3404,Asia Pacific,SMB,ORD-03404,2026-08-17,5770.04,WH-MIAMI
CUST-JOIN-3405,Freight Account 3405,North America,Startup,ORD-03405,2026-08-17,2827.18,WH-CHICAGO
CUST-JOIN-3406,Freight Account 3406,Europe,SMB,ORD-03406,2026-08-17,6467.55,WH-MIAMI
CUST-JOIN-3407,Freight Account 3407,North America,SMB,ORD-03407,2026-08-17,3345.3,WH-MIAMI
CUST-JOIN-3408,Freight Account 3408,Europe,SMB,ORD-03408,2026-08-17,6040.11,WH-NEWYORK
CUST-JOIN-3409,Freight Account 3409,North America,SMB,ORD-03409,2026-08-18,3133.26,WH-DETROIT
CUST-JOIN-3410,Freight Account 3410,North America,Startup,ORD-03410,2026-08-18,5877.44,WH-CHICAGO
CUST-JOIN-3411,Freight Account 3411,Europe,Enterprise,ORD-03411,2026-08-18,6480.91,WH-MIAMI
CUST-JOIN-3412,Freight Account 3412,Europe,SMB,ORD-03412,2026-08-18,7494.19,WH-MIAMI
CUST-JOIN-3413,Freight Account 3413,Asia Pacific,SMB,ORD-03413,2026-08-18,4419.24,WH-DETROIT
CUST-JOIN-3414,Freight Account 3414,Asia Pacific,Startup,ORD-03414,2026-08-18,7361.68,WH-DETROIT
CUST-JOIN-3415,Freight Account 3415,Europe,Startup,ORD-03415,2026-08-18,3846.67,WH-DETROIT
CUST-JOIN-3416,Freight Account 3416,Europe,Startup,ORD-03416,2026-08-18,5242.71,WH-MIAMI
CUST-JOIN-3417,Freight Account 3417,Europe,Startup,ORD-03417,2026-08-18,7344.76,WH-DETROIT
CUST-JOIN-3418,Freight Account 3418,North America,Startup,ORD-03418,2026-08-18,1941.58,WH-DETROIT
CUST-JOIN-3419,Freight Account 3419,North America,SMB,ORD-03419,2026-08-18,2713.08,WH-MIAMI
CUST-JOIN-3420,Freight Account 3420,North America,Startup,ORD-03420,2026-08-18,2488.49,WH-MIAMI
CUST-JOIN-3421,Freight Account 3421,Europe,Startup,ORD-03421,2026-08-18,732.98,WH-MIAMI
CUST-JOIN-3422,Freight Account 3422,Europe,Startup,ORD-03422,2026-08-18,5341.67,WH-NEWYORK
CUST-JOIN-3423,Freight Account 3423,Europe,SMB,ORD-03423,2026-08-18,6065.85,WH-NEWYORK
CUST-JOIN-3424,Freight Account 3424,North America,SMB,ORD-03424,2026-08-18,3685.62,WH-MIAMI
CUST-JOIN-3425,Freight Account 3425,North America,Startup,ORD-03425,2026-08-18,7779.7,WH-CHICAGO
CUST-JOIN-3426,Freight Account 3426,Asia Pacific,Startup,ORD-03426,2026-08-18,1682.44,WH-NEWYORK
CUST-JOIN-3427,Freight Account 3427,Europe,Enterprise,ORD-03427,2026-08-18,5576.22,WH-CHICAGO
CUST-JOIN-3428,Freight Account 3428,North America,SMB,ORD-03428,2026-08-18,366.18,WH-CHICAGO
CUST-JOIN-3429,Freight Account 3429,Europe,SMB,ORD-03429,2026-08-18,1846.45,WH-NEWYORK
CUST-JOIN-3430,Freight Account 3430,Asia Pacific,SMB,ORD-03430,2026-08-18,2290.4,WH-CHICAGO
CUST-JOIN-3431,Freight Account 3431,Europe,Startup,ORD-03431,2026-08-18,4180.07,WH-CHICAGO
CUST-JOIN-3432,Freight Account 3432,North America,SMB,ORD-03432,2026-08-18,3480.49,WH-CHICAGO
CUST-JOIN-3433,Freight Account 3433,North America,Startup,ORD-03433,2026-08-19,6384.9,WH-NEWYORK
CUST-JOIN-3434,Freight Account 3434,Europe,Startup,ORD-03434,2026-08-19,3483.09,WH-MIAMI
CUST-JOIN-3435,Freight Account 3435,North America,Startup,ORD-03435,2026-08-19,7425.31,WH-DETROIT
CUST-JOIN-3436,Freight Account 3436,Asia Pacific,SMB,ORD-03436,2026-08-19,5791.64,WH-CHICAGO
CUST-JOIN-3437,Freight Account 3437,Asia Pacific,Startup,ORD-03437,2026-08-19,4407.28,WH-DETROIT
CUST-JOIN-3438,Freight Account 3438,North America,Startup,ORD-03438,2026-08-19,5035.48,WH-MIAMI
CUST-JOIN-3439,Freight Account 3439,Europe,SMB,ORD-03439,2026-08-19,7140.01,WH-DETROIT
CUST-JOIN-3440,Freight Account 3440,Asia Pacific,SMB,ORD-03440,2026-08-19,3119.73,WH-CHICAGO
CUST-JOIN-3441,Freight Account 3441,Asia Pacific,Startup,ORD-03441,2026-08-19,5732.52,WH-CHICAGO
CUST-JOIN-3442,Freight Account 3442,Asia Pacific,Startup,ORD-03442,2026-08-19,3410.7,WH-DETROIT
CUST-JOIN-3443,Freight Account 3443,Asia Pacific,SMB,ORD-03443,2026-08-19,4328.44,WH-DETROIT
CUST-JOIN-3444,Freight Account 3444,Europe,SMB,ORD-03444,2026-08-19,1403.02,WH-MIAMI
CUST-JOIN-3445,Freight Account 3445,Europe,Startup,ORD-03445,2026-08-19,3537.76,WH-MIAMI
CUST-JOIN-3446,Freight Account 3446,Asia Pacific,Startup,ORD-03446,2026-08-19,6084.47,WH-NEWYORK
CUST-JOIN-3447,Freight Account 3447,North America,Startup,ORD-03447,2026-08-19,2037.65,WH-MIAMI
CUST-JOIN-3448,Freight Account 3448,Europe,SMB,ORD-03448,2026-08-19,2822.89,WH-CHICAGO
CUST-JOIN-3449,Freight Account 3449,Europe,Enterprise,ORD-03449,2026-08-19,7691.46,WH-DETROIT
CUST-JOIN-3450,Freight Account 3450,Europe,SMB,ORD-03450,2026-08-19,2667.14,WH-CHICAGO
CUST-JOIN-3451,Freight Account 3451,Europe,SMB,ORD-03451,2026-08-19,5328.22,WH-DETROIT
CUST-JOIN-3452,Freight Account 3452,Asia Pacific,Enterprise,ORD-03452,2026-08-19,694.98,WH-MIAMI
CUST-JOIN-3453,Freight Account 3453,North America,Startup,ORD-03453,2026-08-19,5478.18,WH-DETROIT
CUST-JOIN-3454,Freight Account 3454,North America,Startup,ORD-03454,2026-08-19,2022.5,WH-CHICAGO
CUST-JOIN-3455,Freight Account 3455,Asia Pacific,SMB,ORD-03455,2026-08-19,1850.15,WH-MIAMI
CUST-JOIN-3456,Freight Account 3456,Europe,SMB,ORD-03456,2026-08-19,7160.36,WH-DETROIT
CUST-JOIN-3457,Freight Account 3457,North America,Enterprise,ORD-03457,2026-08-20,1900.25,WH-NEWYORK
CUST-JOIN-3458,Freight Account 3458,Europe,Startup,ORD-03458,2026-08-20,5631.42,WH-CHICAGO
CUST-JOIN-3459,Freight Account 3459,North America,Enterprise,ORD-03459,2026-08-20,1519.74,WH-MIAMI
CUST-JOIN-3460,Freight Account 3460,Asia Pacific,Startup,ORD-03460,2026-08-20,2263.09,WH-NEWYORK
CUST-JOIN-3461,Freight Account 3461,North America,SMB,ORD-03461,2026-08-20,2136.2,WH-NEWYORK
CUST-JOIN-3462,Freight Account 3462,Asia Pacific,Enterprise,ORD-03462,2026-08-20,4338.9,WH-CHICAGO
CUST-JOIN-3463,Freight Account 3463,Asia Pacific,Startup,ORD-03463,2026-08-20,2245.45,WH-NEWYORK
CUST-JOIN-3464,Freight Account 3464,North America,SMB,ORD-03464,2026-08-20,4370.53,WH-MIAMI
CUST-JOIN-3465,Freight Account 3465,Europe,Startup,ORD-03465,2026-08-20,6999.4,WH-NEWYORK
CUST-JOIN-3466,Freight Account 3466,North America,SMB,ORD-03466,2026-08-20,3154.25,WH-CHICAGO
CUST-JOIN-3467,Freight Account 3467,North America,Startup,ORD-03467,2026-08-20,3647.37,WH-CHICAGO
CUST-JOIN-3468,Freight Account 3468,Europe,SMB,ORD-03468,2026-08-20,1491.08,WH-CHICAGO
CUST-JOIN-3469,Freight Account 3469,Europe,Startup,ORD-03469,2026-08-20,872.22,WH-NEWYORK
CUST-JOIN-3470,Freight Account 3470,North America,Startup,ORD-03470,2026-08-20,7959.75,WH-NEWYORK
CUST-JOIN-3471,Freight Account 3471,North America,Startup,ORD-03471,2026-08-20,2594.76,WH-MIAMI
CUST-JOIN-3472,Freight Account 3472,North America,SMB,ORD-03472,2026-08-20,5074.93,WH-DETROIT
CUST-JOIN-3473,Freight Account 3473,Europe,Startup,ORD-03473,2026-08-20,7773.06,WH-MIAMI
CUST-JOIN-3474,Freight Account 3474,Asia Pacific,Startup,ORD-03474,2026-08-20,7147.36,WH-CHICAGO
CUST-JOIN-3475,Freight Account 3475,Europe,SMB,ORD-03475,2026-08-20,7013.45,WH-CHICAGO
CUST-JOIN-3476,Freight Account 3476,Asia Pacific,SMB,ORD-03476,2026-08-20,344.48,WH-DETROIT
CUST-JOIN-3477,Freight Account 3477,Europe,Startup,ORD-03477,2026-08-20,7337.91,WH-CHICAGO
CUST-JOIN-3478,Freight Account 3478,Europe,SMB,ORD-03478,2026-08-20,2012.55,WH-MIAMI
CUST-JOIN-3479,Freight Account 3479,Europe,SMB,ORD-03479,2026-08-20,7479.02,WH-MIAMI
CUST-JOIN-3480,Freight Account 3480,Europe,Startup,ORD-03480,2026-08-20,7877.02,WH-MIAMI
CUST-JOIN-3481,Freight Account 3481,Europe,Startup,ORD-03481,2026-08-21,3651.59,WH-MIAMI
CUST-JOIN-3482,Freight Account 3482,Asia Pacific,Startup,ORD-03482,2026-08-21,2782.36,WH-MIAMI
CUST-JOIN-3483,Freight Account 3483,Asia Pacific,SMB,ORD-03483,2026-08-21,1141.24,WH-MIAMI
CUST-JOIN-3484,Freight Account 3484,Europe,SMB,ORD-03484,2026-08-21,1341.89,WH-CHICAGO
CUST-JOIN-3485,Freight Account 3485,Asia Pacific,SMB,ORD-03485,2026-08-21,5423.05,WH-NEWYORK
CUST-JOIN-3486,Freight Account 3486,Europe,Startup,ORD-03486,2026-08-21,7340.25,WH-DETROIT
CUST-JOIN-3487,Freight Account 3487,Asia Pacific,SMB,ORD-03487,2026-08-21,7187.95,WH-DETROIT
CUST-JOIN-3488,Freight Account 3488,Asia Pacific,SMB,ORD-03488,2026-08-21,5286.44,WH-NEWYORK
CUST-JOIN-3489,Freight Account 3489,North America,Startup,ORD-03489,2026-08-21,4955.37,WH-CHICAGO
CUST-JOIN-3490,Freight Account 3490,Asia Pacific,SMB,ORD-03490,2026-08-21,5024.79,WH-MIAMI
CUST-JOIN-3491,Freight Account 3491,North America,SMB,ORD-03491,2026-08-21,2273.98,WH-CHICAGO
CUST-JOIN-3492,Freight Account 3492,North America,Startup,ORD-03492,2026-08-21,266.73,WH-DETROIT
CUST-JOIN-3493,Freight Account 3493,North America,Startup,ORD-03493,2026-08-21,4455.78,WH-CHICAGO
CUST-JOIN-3494,Freight Account 3494,Europe,Startup,ORD-03494,2026-08-21,3059.91,WH-NEWYORK
CUST-JOIN-3495,Freight Account 3495,Europe,Enterprise,ORD-03495,2026-08-21,5268.16,WH-DETROIT
CUST-JOIN-3496,Freight Account 3496,Asia Pacific,Startup,ORD-03496,2026-08-21,7781.18,WH-MIAMI
CUST-JOIN-3497,Freight Account 3497,Asia Pacific,Startup,ORD-03497,2026-08-21,2791.11,WH-CHICAGO
CUST-JOIN-3498,Freight Account 3498,Europe,SMB,ORD-03498,2026-08-21,3301.14,WH-CHICAGO
CUST-JOIN-3499,Freight Account 3499,Asia Pacific,SMB,ORD-03499,2026-08-21,4651.26,WH-NEWYORK
CUST-JOIN-3500,Freight Account 3500,North America,Startup,ORD-03500,2026-08-21,5559.72,WH-MIAMI
CUST-JOIN-3501,Freight Account 3501,Europe,SMB,ORD-03501,2026-08-21,5551.74,WH-NEWYORK
CUST-JOIN-3502,Freight Account 3502,Europe,SMB,ORD-03502,2026-08-21,489.47,WH-DETROIT
CUST-JOIN-3503,Freight Account 3503,Europe,SMB,ORD-03503,2026-08-21,3932.44,WH-MIAMI
CUST-JOIN-3504,Freight Account 3504,North America,Startup,ORD-03504,2026-08-21,5620.22,WH-NEWYORK
CUST-JOIN-3505,Freight Account 3505,North America,SMB,ORD-03505,2026-08-22,2507.89,WH-CHICAGO
CUST-JOIN-3506,Freight Account 3506,Asia Pacific,SMB,ORD-03506,2026-08-22,2615.87,WH-NEWYORK
CUST-JOIN-3507,Freight Account 3507,Europe,SMB,ORD-03507,2026-08-22,3640.06,WH-DETROIT
CUST-JOIN-3508,Freight Account 3508,Europe,Enterprise,ORD-03508,2026-08-22,1479.59,WH-MIAMI
CUST-JOIN-3509,Freight Account 3509,Europe,Startup,ORD-03509,2026-08-22,1956.51,WH-NEWYORK
CUST-JOIN-3510,Freight Account 3510,Europe,Startup,ORD-03510,2026-08-22,6793.83,WH-DETROIT
CUST-JOIN-3511,Freight Account 3511,North America,SMB,ORD-03511,2026-08-22,1556.41,WH-MIAMI
CUST-JOIN-3512,Freight Account 3512,Asia Pacific,Startup,ORD-03512,2026-08-22,6555.66,WH-MIAMI
CUST-JOIN-3513,Freight Account 3513,Europe,Startup,ORD-03513,2026-08-22,7672.93,WH-NEWYORK
CUST-JOIN-3514,Freight Account 3514,Europe,Startup,ORD-03514,2026-08-22,5447.05,WH-NEWYORK
CUST-JOIN-3515,Freight Account 3515,North America,Startup,ORD-03515,2026-08-22,2858.75,WH-MIAMI
CUST-JOIN-3516,Freight Account 3516,Asia Pacific,SMB,ORD-03516,2026-08-22,6201.03,WH-CHICAGO
CUST-JOIN-3517,Freight Account 3517,Asia Pacific,Startup,ORD-03517,2026-08-22,6723.47,WH-CHICAGO
CUST-JOIN-3518,Freight Account 3518,Europe,Startup,ORD-03518,2026-08-22,6486.98,WH-DETROIT
CUST-JOIN-3519,Freight Account 3519,Europe,SMB,ORD-03519,2026-08-22,6467.46,WH-NEWYORK
CUST-JOIN-3520,Freight Account 3520,Europe,Enterprise,ORD-03520,2026-08-22,2111.08,WH-DETROIT
CUST-JOIN-3521,Freight Account 3521,North America,SMB,ORD-03521,2026-08-22,7016.7,WH-CHICAGO
CUST-JOIN-3522,Freight Account 3522,Europe,Enterprise,ORD-03522,2026-08-22,493.9,WH-NEWYORK
CUST-JOIN-3523,Freight Account 3523,Asia Pacific,SMB,ORD-03523,2026-08-22,4253.56,WH-MIAMI
CUST-JOIN-3524,Freight Account 3524,Asia Pacific,SMB,ORD-03524,2026-08-22,960.32,WH-CHICAGO
CUST-JOIN-3525,Freight Account 3525,North America,Enterprise,ORD-03525,2026-08-22,2074.39,WH-NEWYORK
CUST-JOIN-3526,Freight Account 3526,North America,Startup,ORD-03526,2026-08-22,2251.83,WH-CHICAGO
CUST-JOIN-3527,Freight Account 3527,North America,Startup,ORD-03527,2026-08-22,4944.29,WH-CHICAGO
CUST-JOIN-3528,Freight Account 3528,Europe,Startup,ORD-03528,2026-08-22,4851.9,WH-DETROIT
CUST-JOIN-3529,Freight Account 3529,Europe,Startup,ORD-03529,2026-08-23,5430.4,WH-NEWYORK
CUST-JOIN-3530,Freight Account 3530,North America,SMB,ORD-03530,2026-08-23,4193.73,WH-NEWYORK
CUST-JOIN-3531,Freight Account 3531,Europe,Startup,ORD-03531,2026-08-23,4944.15,WH-DETROIT
CUST-JOIN-3532,Freight Account 3532,North America,Enterprise,ORD-03532,2026-08-23,7329.46,WH-MIAMI
CUST-JOIN-3533,Freight Account 3533,Asia Pacific,SMB,ORD-03533,2026-08-23,7454.9,WH-MIAMI
CUST-JOIN-3534,Freight Account 3534,Europe,Startup,ORD-03534,2026-08-23,7213.48,WH-NEWYORK
CUST-JOIN-3535,Freight Account 3535,Asia Pacific,SMB,ORD-03535,2026-08-23,993.85,WH-NEWYORK
CUST-JOIN-3536,Freight Account 3536,Europe,Startup,ORD-03536,2026-08-23,6057.81,WH-NEWYORK
CUST-JOIN-3537,Freight Account 3537,North America,Startup,ORD-03537,2026-08-23,4120.11,WH-CHICAGO
CUST-JOIN-3538,Freight Account 3538,North America,SMB,ORD-03538,2026-08-23,2776.32,WH-DETROIT
CUST-JOIN-3539,Freight Account 3539,North America,SMB,ORD-03539,2026-08-23,2091.99,WH-MIAMI
CUST-JOIN-3540,Freight Account 3540,North America,SMB,ORD-03540,2026-08-23,2125.38,WH-DETROIT
CUST-JOIN-3541,Freight Account 3541,Europe,Startup,ORD-03541,2026-08-23,3787.8,WH-DETROIT
CUST-JOIN-3542,Freight Account 3542,Europe,Startup,ORD-03542,2026-08-23,717.02,WH-NEWYORK
CUST-JOIN-3543,Freight Account 3543,Asia Pacific,Startup,ORD-03543,2026-08-23,1468.01,WH-CHICAGO
CUST-JOIN-3544,Freight Account 3544,North America,Startup,ORD-03544,2026-08-23,5837.04,WH-NEWYORK
CUST-JOIN-3545,Freight Account 3545,North America,Enterprise,ORD-03545,2026-08-23,2434.13,WH-MIAMI
CUST-JOIN-3546,Freight Account 3546,Europe,SMB,ORD-03546,2026-08-23,4549.5,WH-DETROIT
CUST-JOIN-3547,Freight Account 3547,North America,Startup,ORD-03547,2026-08-23,3695.83,WH-NEWYORK
CUST-JOIN-3548,Freight Account 3548,North America,Enterprise,ORD-03548,2026-08-23,1544.29,WH-CHICAGO
CUST-JOIN-3549,Freight Account 3549,Europe,SMB,ORD-03549,2026-08-23,6439.75,WH-DETROIT
CUST-JOIN-3550,Freight Account 3550,North America,Enterprise,ORD-03550,2026-08-23,1500.63,WH-NEWYORK
CUST-JOIN-3551,Freight Account 3551,Europe,SMB,ORD-03551,2026-08-23,5506.6,WH-DETROIT
CUST-JOIN-3552,Freight Account 3552,North America,SMB,ORD-03552,2026-08-23,6692.05,WH-DETROIT
CUST-JOIN-3553,Freight Account 3553,Asia Pacific,Enterprise,ORD-03553,2026-08-24,1902.81,WH-CHICAGO
CUST-JOIN-3554,Freight Account 3554,Europe,SMB,ORD-03554,2026-08-24,2959.37,WH-DETROIT
CUST-JOIN-3555,Freight Account 3555,Asia Pacific,SMB,ORD-03555,2026-08-24,226.24,WH-DETROIT
CUST-JOIN-3556,Freight Account 3556,North America,Startup,ORD-03556,2026-08-24,7302.33,WH-DETROIT
CUST-JOIN-3557,Freight Account 3557,Europe,Startup,ORD-03557,2026-08-24,4464.8,WH-DETROIT
CUST-JOIN-3558,Freight Account 3558,North America,Enterprise,ORD-03558,2026-08-24,5626.97,WH-DETROIT
CUST-JOIN-3559,Freight Account 3559,North America,SMB,ORD-03559,2026-08-24,5949.13,WH-DETROIT
CUST-JOIN-3560,Freight Account 3560,Europe,SMB,ORD-03560,2026-08-24,7951.4,WH-MIAMI
CUST-JOIN-3561,Freight Account 3561,North America,Startup,ORD-03561,2026-08-24,261.07,WH-NEWYORK
CUST-JOIN-3562,Freight Account 3562,Asia Pacific,SMB,ORD-03562,2026-08-24,4168.3,WH-MIAMI
CUST-JOIN-3563,Freight Account 3563,Asia Pacific,Enterprise,ORD-03563,2026-08-24,6053.75,WH-DETROIT
CUST-JOIN-3564,Freight Account 3564,North America,Startup,ORD-03564,2026-08-24,7715.8,WH-NEWYORK
CUST-JOIN-3565,Freight Account 3565,North America,SMB,ORD-03565,2026-08-24,4978.39,WH-MIAMI
CUST-JOIN-3566,Freight Account 3566,Europe,Startup,ORD-03566,2026-08-24,6553.22,WH-MIAMI
CUST-JOIN-3567,Freight Account 3567,North America,SMB,ORD-03567,2026-08-24,1564.35,WH-MIAMI
CUST-JOIN-3568,Freight Account 3568,Asia Pacific,Startup,ORD-03568,2026-08-24,1205.7,WH-MIAMI
CUST-JOIN-3569,Freight Account 3569,North America,Startup,ORD-03569,2026-08-24,5893.67,WH-CHICAGO
CUST-JOIN-3570,Freight Account 3570,North America,Startup,ORD-03570,2026-08-24,4335.12,WH-NEWYORK
CUST-JOIN-3571,Freight Account 3571,North America,Startup,ORD-03571,2026-08-24,7527.04,WH-MIAMI
CUST-JOIN-3572,Freight Account 3572,Asia Pacific,Startup,ORD-03572,2026-08-24,316.28,WH-DETROIT
CUST-JOIN-3573,Freight Account 3573,Europe,Startup,ORD-03573,2026-08-24,2293.14,WH-MIAMI
CUST-JOIN-3574,Freight Account 3574,North America,Startup,ORD-03574,2026-08-24,2010.43,WH-CHICAGO
CUST-JOIN-3575,Freight Account 3575,North America,Startup,ORD-03575,2026-08-24,5053.65,WH-MIAMI
CUST-JOIN-3576,Freight Account 3576,Asia Pacific,Startup,ORD-03576,2026-08-24,1190.97,WH-MIAMI
CUST-JOIN-3577,Freight Account 3577,Asia Pacific,Startup,ORD-03577,2026-08-25,1036.46,WH-DETROIT
CUST-JOIN-3578,Freight Account 3578,Europe,SMB,ORD-03578,2026-08-25,3887.68,WH-CHICAGO
CUST-JOIN-3579,Freight Account 3579,North America,Enterprise,ORD-03579,2026-08-25,3258.59,WH-NEWYORK
CUST-JOIN-3580,Freight Account 3580,Asia Pacific,SMB,ORD-03580,2026-08-25,2341.06,WH-MIAMI
CUST-JOIN-3581,Freight Account 3581,Europe,SMB,ORD-03581,2026-08-25,7168.28,WH-CHICAGO
CUST-JOIN-3582,Freight Account 3582,North America,SMB,ORD-03582,2026-08-25,1526.8,WH-CHICAGO
CUST-JOIN-3583,Freight Account 3583,Europe,SMB,ORD-03583,2026-08-25,1179.6,WH-MIAMI
CUST-JOIN-3584,Freight Account 3584,Europe,SMB,ORD-03584,2026-08-25,3031.11,WH-MIAMI
CUST-JOIN-3585,Freight Account 3585,Asia Pacific,SMB,ORD-03585,2026-08-25,4262.8,WH-DETROIT
CUST-JOIN-3586,Freight Account 3586,Asia Pacific,SMB,ORD-03586,2026-08-25,2114.29,WH-DETROIT
CUST-JOIN-3587,Freight Account 3587,Asia Pacific,Enterprise,ORD-03587,2026-08-25,6489.85,WH-DETROIT
CUST-JOIN-3588,Freight Account 3588,Asia Pacific,Enterprise,ORD-03588,2026-08-25,5397.16,WH-MIAMI
CUST-JOIN-3589,Freight Account 3589,Asia Pacific,SMB,ORD-03589,2026-08-25,4217.04,WH-DETROIT
CUST-JOIN-3590,Freight Account 3590,North America,Startup,ORD-03590,2026-08-25,3771.08,WH-CHICAGO
CUST-JOIN-3591,Freight Account 3591,North America,SMB,ORD-03591,2026-08-25,919.65,WH-NEWYORK
CUST-JOIN-3592,Freight Account 3592,Asia Pacific,SMB,ORD-03592,2026-08-25,1771.26,WH-CHICAGO
CUST-JOIN-3593,Freight Account 3593,North America,Enterprise,ORD-03593,2026-08-25,7451.92,WH-NEWYORK
CUST-JOIN-3594,Freight Account 3594,North America,Startup,ORD-03594,2026-08-25,3111.39,WH-MIAMI
CUST-JOIN-3595,Freight Account 3595,Europe,SMB,ORD-03595,2026-08-25,1542.58,WH-DETROIT
CUST-JOIN-3596,Freight Account 3596,Europe,Startup,ORD-03596,2026-08-25,5413.42,WH-CHICAGO
CUST-JOIN-3597,Freight Account 3597,Europe,SMB,ORD-03597,2026-08-25,3098.39,WH-CHICAGO
CUST-JOIN-3598,Freight Account 3598,North America,SMB,ORD-03598,2026-08-25,7911.33,WH-NEWYORK
CUST-JOIN-3599,Freight Account 3599,Europe,Startup,ORD-03599,2026-08-25,5916.65,WH-NEWYORK
CUST-JOIN-3600,Freight Account 3600,Asia Pacific,SMB,ORD-03600,2026-08-25,6349.54,WH-NEWYORK
CUST-JOIN-3601,Freight Account 3601,North America,SMB,ORD-03601,2026-08-26,3410.43,WH-NEWYORK
CUST-JOIN-3602,Freight Account 3602,Asia Pacific,Startup,ORD-03602,2026-08-26,6407.83,WH-MIAMI
CUST-JOIN-3603,Freight Account 3603,North America,SMB,ORD-03603,2026-08-26,5336.79,WH-MIAMI
CUST-JOIN-3604,Freight Account 3604,Europe,Startup,ORD-03604,2026-08-26,3128.03,WH-CHICAGO
CUST-JOIN-3605,Freight Account 3605,North America,Enterprise,ORD-03605,2026-08-26,1905.32,WH-MIAMI
CUST-JOIN-3606,Freight Account 3606,Asia Pacific,Startup,ORD-03606,2026-08-26,4343.89,WH-CHICAGO
CUST-JOIN-3607,Freight Account 3607,Asia Pacific,SMB,ORD-03607,2026-08-26,5390.7,WH-DETROIT
CUST-JOIN-3608,Freight Account 3608,Asia Pacific,SMB,ORD-03608,2026-08-26,5117.85,WH-CHICAGO
CUST-JOIN-3609,Freight Account 3609,North America,Enterprise,ORD-03609,2026-08-26,1138.74,WH-NEWYORK
CUST-JOIN-3610,Freight Account 3610,Europe,SMB,ORD-03610,2026-08-26,3193.06,WH-CHICAGO
CUST-JOIN-3611,Freight Account 3611,North America,SMB,ORD-03611,2026-08-26,5001.24,WH-MIAMI
CUST-JOIN-3612,Freight Account 3612,Europe,Enterprise,ORD-03612,2026-08-26,3823.43,WH-DETROIT
CUST-JOIN-3613,Freight Account 3613,North America,SMB,ORD-03613,2026-08-26,3398.36,WH-DETROIT
CUST-JOIN-3614,Freight Account 3614,North America,Startup,ORD-03614,2026-08-26,7210.61,WH-NEWYORK
CUST-JOIN-3615,Freight Account 3615,Europe,SMB,ORD-03615,2026-08-26,5698.11,WH-NEWYORK
CUST-JOIN-3616,Freight Account 3616,North America,Startup,ORD-03616,2026-08-26,3660.23,WH-MIAMI
CUST-JOIN-3617,Freight Account 3617,Asia Pacific,SMB,ORD-03617,2026-08-26,1374.91,WH-NEWYORK
CUST-JOIN-3618,Freight Account 3618,Asia Pacific,Enterprise,ORD-03618,2026-08-26,1576.46,WH-DETROIT
CUST-JOIN-3619,Freight Account 3619,Asia Pacific,Startup,ORD-03619,2026-08-26,5941.96,WH-MIAMI
CUST-JOIN-3620,Freight Account 3620,Asia Pacific,Startup,ORD-03620,2026-08-26,1968.33,WH-MIAMI
CUST-JOIN-3621,Freight Account 3621,Europe,Startup,ORD-03621,2026-08-26,4383.48,WH-DETROIT
CUST-JOIN-3622,Freight Account 3622,Europe,Enterprise,ORD-03622,2026-08-26,2132.59,WH-MIAMI
CUST-JOIN-3623,Freight Account 3623,Asia Pacific,Enterprise,ORD-03623,2026-08-26,291.65,WH-DETROIT
CUST-JOIN-3624,Freight Account 3624,North America,Startup,ORD-03624,2026-08-26,2306.75,WH-CHICAGO
CUST-JOIN-3625,Freight Account 3625,Asia Pacific,Startup,ORD-03625,2026-08-27,4366.94,WH-DETROIT
CUST-JOIN-3626,Freight Account 3626,Asia Pacific,Startup,ORD-03626,2026-08-27,6385.36,WH-DETROIT
CUST-JOIN-3627,Freight Account 3627,Asia Pacific,Startup,ORD-03627,2026-08-27,2143.74,WH-NEWYORK
CUST-JOIN-3628,Freight Account 3628,North America,SMB,ORD-03628,2026-08-27,7445.33,WH-CHICAGO
CUST-JOIN-3629,Freight Account 3629,North America,Startup,ORD-03629,2026-08-27,5621.94,WH-CHICAGO
CUST-JOIN-3630,Freight Account 3630,Asia Pacific,SMB,ORD-03630,2026-08-27,4463.69,WH-CHICAGO
CUST-JOIN-3631,Freight Account 3631,Europe,SMB,ORD-03631,2026-08-27,2193.32,WH-CHICAGO
CUST-JOIN-3632,Freight Account 3632,Europe,Enterprise,ORD-03632,2026-08-27,1226.18,WH-MIAMI
CUST-JOIN-3633,Freight Account 3633,North America,Startup,ORD-03633,2026-08-27,1726.08,WH-CHICAGO
CUST-JOIN-3634,Freight Account 3634,Asia Pacific,SMB,ORD-03634,2026-08-27,7205.74,WH-DETROIT
CUST-JOIN-3635,Freight Account 3635,North America,Startup,ORD-03635,2026-08-27,7094.5,WH-DETROIT
CUST-JOIN-3636,Freight Account 3636,Europe,Startup,ORD-03636,2026-08-27,2651.29,WH-MIAMI
CUST-JOIN-3637,Freight Account 3637,Asia Pacific,Startup,ORD-03637,2026-08-27,3957.85,WH-DETROIT
CUST-JOIN-3638,Freight Account 3638,Europe,Startup,ORD-03638,2026-08-27,3262.98,WH-MIAMI
CUST-JOIN-3639,Freight Account 3639,Asia Pacific,SMB,ORD-03639,2026-08-27,6804.84,WH-MIAMI
CUST-JOIN-3640,Freight Account 3640,Asia Pacific,SMB,ORD-03640,2026-08-27,7690.53,WH-MIAMI
CUST-JOIN-3641,Freight Account 3641,North America,Startup,ORD-03641,2026-08-27,629.25,WH-CHICAGO
CUST-JOIN-3642,Freight Account 3642,Europe,SMB,ORD-03642,2026-08-27,2414.67,WH-DETROIT
CUST-JOIN-3643,Freight Account 3643,Europe,Startup,ORD-03643,2026-08-27,6150.09,WH-DETROIT
CUST-JOIN-3644,Freight Account 3644,Europe,Startup,ORD-03644,2026-08-27,809.49,WH-NEWYORK
CUST-JOIN-3645,Freight Account 3645,Asia Pacific,Startup,ORD-03645,2026-08-27,2894.3,WH-CHICAGO
CUST-JOIN-3646,Freight Account 3646,Europe,SMB,ORD-03646,2026-08-27,1344.6,WH-MIAMI
CUST-JOIN-3647,Freight Account 3647,North America,Startup,ORD-03647,2026-08-27,2817.1,WH-CHICAGO
CUST-JOIN-3648,Freight Account 3648,Europe,Startup,ORD-03648,2026-08-27,4399.52,WH-NEWYORK
CUST-JOIN-3649,Freight Account 3649,Europe,SMB,ORD-03649,2026-08-28,3846.77,WH-MIAMI
CUST-JOIN-3650,Freight Account 3650,Asia Pacific,Startup,ORD-03650,2026-08-28,5702.76,WH-MIAMI
CUST-JOIN-3651,Freight Account 3651,Asia Pacific,Startup,ORD-03651,2026-08-28,5111.74,WH-DETROIT
CUST-JOIN-3652,Freight Account 3652,Asia Pacific,SMB,ORD-03652,2026-08-28,2741.5,WH-MIAMI
CUST-JOIN-3653,Freight Account 3653,Asia Pacific,SMB,ORD-03653,2026-08-28,2950.09,WH-DETROIT
CUST-JOIN-3654,Freight Account 3654,Europe,Startup,ORD-03654,2026-08-28,595.13,WH-CHICAGO
CUST-JOIN-3655,Freight Account 3655,Europe,Startup,ORD-03655,2026-08-28,6323.28,WH-DETROIT
CUST-JOIN-3656,Freight Account 3656,Europe,SMB,ORD-03656,2026-08-28,2174.14,WH-NEWYORK
CUST-JOIN-3657,Freight Account 3657,North America,Startup,ORD-03657,2026-08-28,447.56,WH-DETROIT
CUST-JOIN-3658,Freight Account 3658,North America,SMB,ORD-03658,2026-08-28,6395.25,WH-MIAMI
CUST-JOIN-3659,Freight Account 3659,North America,SMB,ORD-03659,2026-08-28,2868.3,WH-NEWYORK
CUST-JOIN-3660,Freight Account 3660,North America,Startup,ORD-03660,2026-08-28,5947.09,WH-CHICAGO
CUST-JOIN-3661,Freight Account 3661,North America,Startup,ORD-03661,2026-08-28,2536.14,WH-DETROIT
CUST-JOIN-3662,Freight Account 3662,Asia Pacific,SMB,ORD-03662,2026-08-28,1236.21,WH-CHICAGO
CUST-JOIN-3663,Freight Account 3663,Europe,SMB,ORD-03663,2026-08-28,7751.28,WH-NEWYORK
CUST-JOIN-3664,Freight Account 3664,North America,SMB,ORD-03664,2026-08-28,4201.55,WH-CHICAGO
CUST-JOIN-3665,Freight Account 3665,North America,Startup,ORD-03665,2026-08-28,3443.58,WH-MIAMI
CUST-JOIN-3666,Freight Account 3666,Europe,SMB,ORD-03666,2026-08-28,3382.29,WH-MIAMI
CUST-JOIN-3667,Freight Account 3667,Europe,SMB,ORD-03667,2026-08-28,7741.36,WH-NEWYORK
CUST-JOIN-3668,Freight Account 3668,Europe,Startup,ORD-03668,2026-08-28,1246.63,WH-NEWYORK
CUST-JOIN-3669,Freight Account 3669,Europe,SMB,ORD-03669,2026-08-28,2539.49,WH-MIAMI
CUST-JOIN-3670,Freight Account 3670,Asia Pacific,SMB,ORD-03670,2026-08-28,6521.28,WH-DETROIT
CUST-JOIN-3671,Freight Account 3671,Europe,SMB,ORD-03671,2026-08-28,1894.83,WH-DETROIT
CUST-JOIN-3672,Freight Account 3672,Asia Pacific,Startup,ORD-03672,2026-08-28,5612.65,WH-CHICAGO
CUST-JOIN-3673,Freight Account 3673,North America,Startup,ORD-03673,2026-08-29,7156.04,WH-MIAMI
CUST-JOIN-3674,Freight Account 3674,North America,Enterprise,ORD-03674,2026-08-29,2362.65,WH-DETROIT
CUST-JOIN-3675,Freight Account 3675,Europe,Startup,ORD-03675,2026-08-29,5912.64,WH-MIAMI
CUST-JOIN-3676,Freight Account 3676,North America,Startup,ORD-03676,2026-08-29,2641.31,WH-MIAMI
CUST-JOIN-3677,Freight Account 3677,Europe,Startup,ORD-03677,2026-08-29,6055.46,WH-CHICAGO
CUST-JOIN-3678,Freight Account 3678,Asia Pacific,Startup,ORD-03678,2026-08-29,1789.87,WH-CHICAGO
CUST-JOIN-3679,Freight Account 3679,North America,Enterprise,ORD-03679,2026-08-29,6986.49,WH-MIAMI
CUST-JOIN-3680,Freight Account 3680,Europe,SMB,ORD-03680,2026-08-29,3010.96,WH-DETROIT
CUST-JOIN-3681,Freight Account 3681,North America,Startup,ORD-03681,2026-08-29,5549.57,WH-MIAMI
CUST-JOIN-3682,Freight Account 3682,North America,SMB,ORD-03682,2026-08-29,7450.98,WH-DETROIT
CUST-JOIN-3683,Freight Account 3683,Asia Pacific,Enterprise,ORD-03683,2026-08-29,3188.13,WH-CHICAGO
CUST-JOIN-3684,Freight Account 3684,North America,SMB,ORD-03684,2026-08-29,2608.98,WH-MIAMI
CUST-JOIN-3685,Freight Account 3685,Asia Pacific,Enterprise,ORD-03685,2026-08-29,2194.5,WH-NEWYORK
CUST-JOIN-3686,Freight Account 3686,North America,Startup,ORD-03686,2026-08-29,2741.21,WH-DETROIT
CUST-JOIN-3687,Freight Account 3687,North America,Startup,ORD-03687,2026-08-29,2606.29,WH-DETROIT
CUST-JOIN-3688,Freight Account 3688,North America,Enterprise,ORD-03688,2026-08-29,3636.39,WH-DETROIT
CUST-JOIN-3689,Freight Account 3689,Asia Pacific,Enterprise,ORD-03689,2026-08-29,4899.98,WH-CHICAGO
CUST-JOIN-3690,Freight Account 3690,Europe,SMB,ORD-03690,2026-08-29,2983.66,WH-CHICAGO
CUST-JOIN-3691,Freight Account 3691,North America,Startup,ORD-03691,2026-08-29,7212.59,WH-MIAMI
CUST-JOIN-3692,Freight Account 3692,Asia Pacific,SMB,ORD-03692,2026-08-29,7011.59,WH-CHICAGO
CUST-JOIN-3693,Freight Account 3693,North America,Startup,ORD-03693,2026-08-29,7947.86,WH-CHICAGO
CUST-JOIN-3694,Freight Account 3694,Europe,SMB,ORD-03694,2026-08-29,4944.79,WH-DETROIT
CUST-JOIN-3695,Freight Account 3695,Asia Pacific,Startup,ORD-03695,2026-08-29,4189.8,WH-NEWYORK
CUST-JOIN-3696,Freight Account 3696,Europe,Startup,ORD-03696,2026-08-29,4272.86,WH-DETROIT
CUST-JOIN-3697,Freight Account 3697,Asia Pacific,Startup,ORD-03697,2026-08-30,2441.63,WH-DETROIT
CUST-JOIN-3698,Freight Account 3698,North America,Startup,ORD-03698,2026-08-30,6306.43,WH-CHICAGO
CUST-JOIN-3699,Freight Account 3699,Europe,SMB,ORD-03699,2026-08-30,5586.69,WH-NEWYORK
CUST-JOIN-3700,Freight Account 3700,Asia Pacific,SMB,ORD-03700,2026-08-30,6679.62,WH-DETROIT
CUST-JOIN-3701,Freight Account 3701,Europe,Startup,ORD-03701,2026-08-30,7257.8,WH-NEWYORK
CUST-JOIN-3702,Freight Account 3702,Europe,SMB,ORD-03702,2026-08-30,1437.43,WH-NEWYORK
CUST-JOIN-3703,Freight Account 3703,Europe,SMB,ORD-03703,2026-08-30,494.02,WH-CHICAGO
CUST-JOIN-3704,Freight Account 3704,North America,SMB,ORD-03704,2026-08-30,2788.45,WH-NEWYORK
CUST-JOIN-3705,Freight Account 3705,Europe,Startup,ORD-03705,2026-08-30,5631.98,WH-MIAMI
CUST-JOIN-3706,Freight Account 3706,Europe,SMB,ORD-03706,2026-08-30,1766.29,WH-NEWYORK
CUST-JOIN-3707,Freight Account 3707,Europe,Startup,ORD-03707,2026-08-30,5421.42,WH-DETROIT
CUST-JOIN-3708,Freight Account 3708,North America,SMB,ORD-03708,2026-08-30,4761.76,WH-MIAMI
CUST-JOIN-3709,Freight Account 3709,North America,SMB,ORD-03709,2026-08-30,2953.03,WH-MIAMI
CUST-JOIN-3710,Freight Account 3710,Europe,Startup,ORD-03710,2026-08-30,1372.79,WH-NEWYORK
CUST-JOIN-3711,Freight Account 3711,North America,Startup,ORD-03711,2026-08-30,960.93,WH-CHICAGO
CUST-JOIN-3712,Freight Account 3712,Europe,Startup,ORD-03712,2026-08-30,4599.3,WH-DETROIT
CUST-JOIN-3713,Freight Account 3713,North America,SMB,ORD-03713,2026-08-30,344.18,WH-NEWYORK
CUST-JOIN-3714,Freight Account 3714,Europe,Startup,ORD-03714,2026-08-30,2463.86,WH-DETROIT
CUST-JOIN-3715,Freight Account 3715,North America,Enterprise,ORD-03715,2026-08-30,5845.98,WH-MIAMI
CUST-JOIN-3716,Freight Account 3716,Asia Pacific,SMB,ORD-03716,2026-08-30,2376.0,WH-NEWYORK
CUST-JOIN-3717,Freight Account 3717,Asia Pacific,Startup,ORD-03717,2026-08-30,1135.13,WH-NEWYORK
CUST-JOIN-3718,Freight Account 3718,Asia Pacific,SMB,ORD-03718,2026-08-30,4291.87,WH-NEWYORK
CUST-JOIN-3719,Freight Account 3719,Europe,Startup,ORD-03719,2026-08-30,1212.71,WH-CHICAGO
CUST-JOIN-3720,Freight Account 3720,Europe,Startup,ORD-03720,2026-08-30,6692.63,WH-MIAMI
CUST-JOIN-3721,Freight Account 3721,North America,Startup,ORD-03721,2026-08-31,6497.09,WH-CHICAGO
CUST-JOIN-3722,Freight Account 3722,North America,Startup,ORD-03722,2026-08-31,259.7,WH-MIAMI
CUST-JOIN-3723,Freight Account 3723,Asia Pacific,Startup,ORD-03723,2026-08-31,4805.53,WH-DETROIT
CUST-JOIN-3724,Freight Account 3724,Europe,SMB,ORD-03724,2026-08-31,3059.18,WH-CHICAGO
CUST-JOIN-3725,Freight Account 3725,Asia Pacific,Enterprise,ORD-03725,2026-08-31,3132.77,WH-DETROIT
CUST-JOIN-3726,Freight Account 3726,Europe,SMB,ORD-03726,2026-08-31,2007.77,WH-MIAMI
CUST-JOIN-3727,Freight Account 3727,Europe,Startup,ORD-03727,2026-08-31,5592.34,WH-MIAMI
CUST-JOIN-3728,Freight Account 3728,North America,SMB,ORD-03728,2026-08-31,5079.95,WH-DETROIT
CUST-JOIN-3729,Freight Account 3729,North America,Startup,ORD-03729,2026-08-31,6306.82,WH-MIAMI
CUST-JOIN-3730,Freight Account 3730,Europe,SMB,ORD-03730,2026-08-31,1083.19,WH-MIAMI
CUST-JOIN-3731,Freight Account 3731,Europe,Startup,ORD-03731,2026-08-31,5857.35,WH-MIAMI
CUST-JOIN-3732,Freight Account 3732,Europe,Startup,ORD-03732,2026-08-31,7882.61,WH-MIAMI
CUST-JOIN-3733,Freight Account 3733,Asia Pacific,Startup,ORD-03733,2026-08-31,4994.09,WH-NEWYORK
CUST-JOIN-3734,Freight Account 3734,North America,Startup,ORD-03734,2026-08-31,3821.22,WH-MIAMI
CUST-JOIN-3735,Freight Account 3735,Asia Pacific,SMB,ORD-03735,2026-08-31,5932.29,WH-CHICAGO
CUST-JOIN-3736,Freight Account 3736,Asia Pacific,Startup,ORD-03736,2026-08-31,7392.72,WH-NEWYORK
CUST-JOIN-3737,Freight Account 3737,Europe,SMB,ORD-03737,2026-08-31,6108.58,WH-NEWYORK
CUST-JOIN-3738,Freight Account 3738,Asia Pacific,Startup,ORD-03738,2026-08-31,7640.38,WH-DETROIT
CUST-JOIN-3739,Freight Account 3739,Europe,SMB,ORD-03739,2026-08-31,6321.02,WH-DETROIT
CUST-JOIN-3740,Freight Account 3740,Europe,Startup,ORD-03740,2026-08-31,6372.92,WH-NEWYORK
CUST-JOIN-3741,Freight Account 3741,North America,Startup,ORD-03741,2026-08-31,4686.49,WH-DETROIT
CUST-JOIN-3742,Freight Account 3742,Asia Pacific,Startup,ORD-03742,2026-08-31,1173.27,WH-CHICAGO
CUST-JOIN-3743,Freight Account 3743,Asia Pacific,SMB,ORD-03743,2026-08-31,5341.7,WH-DETROIT
CUST-JOIN-3744,Freight Account 3744,Europe,SMB,ORD-03744,2026-08-31,1404.8,WH-NEWYORK
CUST-JOIN-3745,Freight Account 3745,Europe,Enterprise,ORD-03745,2026-09-01,695.37,WH-NEWYORK
CUST-JOIN-3746,Freight Account 3746,North America,Enterprise,ORD-03746,2026-09-01,2294.3,WH-CHICAGO
CUST-JOIN-3747,Freight Account 3747,Europe,SMB,ORD-03747,2026-09-01,7810.21,WH-DETROIT
CUST-JOIN-3748,Freight Account 3748,Asia Pacific,SMB,ORD-03748,2026-09-01,906.41,WH-NEWYORK
CUST-JOIN-3749,Freight Account 3749,Asia Pacific,Startup,ORD-03749,2026-09-01,3792.09,WH-NEWYORK
CUST-JOIN-3750,Freight Account 3750,North America,Startup,ORD-03750,2026-09-01,363.1,WH-NEWYORK
CUST-JOIN-3751,Freight Account 3751,Asia Pacific,SMB,ORD-03751,2026-09-01,3413.01,WH-MIAMI
CUST-JOIN-3752,Freight Account 3752,North America,SMB,ORD-03752,2026-09-01,5331.53,WH-DETROIT
CUST-JOIN-3753,Freight Account 3753,Europe,Startup,ORD-03753,2026-09-01,2220.51,WH-NEWYORK
CUST-JOIN-3754,Freight Account 3754,Europe,Startup,ORD-03754,2026-09-01,4621.23,WH-MIAMI
CUST-JOIN-3755,Freight Account 3755,North America,SMB,ORD-03755,2026-09-01,2577.79,WH-CHICAGO
CUST-JOIN-3756,Freight Account 3756,Asia Pacific,Enterprise,ORD-03756,2026-09-01,3455.77,WH-MIAMI
CUST-JOIN-3757,Freight Account 3757,Europe,Startup,ORD-03757,2026-09-01,1034.73,WH-DETROIT
CUST-JOIN-3758,Freight Account 3758,North America,SMB,ORD-03758,2026-09-01,2161.46,WH-NEWYORK
CUST-JOIN-3759,Freight Account 3759,North America,Startup,ORD-03759,2026-09-01,1772.88,WH-MIAMI
CUST-JOIN-3760,Freight Account 3760,North America,SMB,ORD-03760,2026-09-01,3909.05,WH-DETROIT
CUST-JOIN-3761,Freight Account 3761,North America,Startup,ORD-03761,2026-09-01,1741.19,WH-DETROIT
CUST-JOIN-3762,Freight Account 3762,North America,Startup,ORD-03762,2026-09-01,6395.41,WH-CHICAGO
CUST-JOIN-3763,Freight Account 3763,North America,Enterprise,ORD-03763,2026-09-01,1580.67,WH-DETROIT
CUST-JOIN-3764,Freight Account 3764,Asia Pacific,Startup,ORD-03764,2026-09-01,978.93,WH-NEWYORK
CUST-JOIN-3765,Freight Account 3765,North America,Startup,ORD-03765,2026-09-01,6559.8,WH-DETROIT
CUST-JOIN-3766,Freight Account 3766,Europe,SMB,ORD-03766,2026-09-01,2284.79,WH-NEWYORK
CUST-JOIN-3767,Freight Account 3767,Asia Pacific,Startup,ORD-03767,2026-09-01,4676.89,WH-DETROIT
CUST-JOIN-3768,Freight Account 3768,Asia Pacific,Startup,ORD-03768,2026-09-01,3163.8,WH-NEWYORK
CUST-JOIN-3769,Freight Account 3769,Europe,Startup,ORD-03769,2026-09-02,4889.12,WH-NEWYORK
CUST-JOIN-3770,Freight Account 3770,North America,Startup,ORD-03770,2026-09-02,5194.77,WH-NEWYORK
CUST-JOIN-3771,Freight Account 3771,North America,SMB,ORD-03771,2026-09-02,6740.7,WH-NEWYORK
CUST-JOIN-3772,Freight Account 3772,North America,SMB,ORD-03772,2026-09-02,3251.86,WH-CHICAGO
CUST-JOIN-3773,Freight Account 3773,North America,Startup,ORD-03773,2026-09-02,603.78,WH-DETROIT
CUST-JOIN-3774,Freight Account 3774,North America,SMB,ORD-03774,2026-09-02,3099.13,WH-CHICAGO
CUST-JOIN-3775,Freight Account 3775,Europe,SMB,ORD-03775,2026-09-02,5659.88,WH-CHICAGO
CUST-JOIN-3776,Freight Account 3776,North America,SMB,ORD-03776,2026-09-02,4858.02,WH-CHICAGO
CUST-JOIN-3777,Freight Account 3777,North America,SMB,ORD-03777,2026-09-02,6263.66,WH-CHICAGO
CUST-JOIN-3778,Freight Account 3778,Asia Pacific,Startup,ORD-03778,2026-09-02,1908.47,WH-DETROIT
CUST-JOIN-3779,Freight Account 3779,Europe,Startup,ORD-03779,2026-09-02,7532.05,WH-NEWYORK
CUST-JOIN-3780,Freight Account 3780,North America,Startup,ORD-03780,2026-09-02,5761.09,WH-MIAMI
CUST-JOIN-3781,Freight Account 3781,North America,Enterprise,ORD-03781,2026-09-02,6286.07,WH-MIAMI
CUST-JOIN-3782,Freight Account 3782,Europe,SMB,ORD-03782,2026-09-02,5603.03,WH-DETROIT
CUST-JOIN-3783,Freight Account 3783,Europe,SMB,ORD-03783,2026-09-02,7095.35,WH-CHICAGO
CUST-JOIN-3784,Freight Account 3784,Asia Pacific,SMB,ORD-03784,2026-09-02,7109.66,WH-NEWYORK
CUST-JOIN-3785,Freight Account 3785,Europe,SMB,ORD-03785,2026-09-02,7311.31,WH-CHICAGO
CUST-JOIN-3786,Freight Account 3786,Europe,SMB,ORD-03786,2026-09-02,4401.24,WH-CHICAGO
CUST-JOIN-3787,Freight Account 3787,North America,Startup,ORD-03787,2026-09-02,5621.1,WH-CHICAGO
CUST-JOIN-3788,Freight Account 3788,Asia Pacific,Startup,ORD-03788,2026-09-02,6434.51,WH-NEWYORK
CUST-JOIN-3789,Freight Account 3789,Europe,Startup,ORD-03789,2026-09-02,1461.88,WH-DETROIT
CUST-JOIN-3790,Freight Account 3790,North America,SMB,ORD-03790,2026-09-02,6975.79,WH-MIAMI
CUST-JOIN-3791,Freight Account 3791,Europe,Startup,ORD-03791,2026-09-02,1673.63,WH-MIAMI
CUST-JOIN-3792,Freight Account 3792,North America,Startup,ORD-03792,2026-09-02,721.94,WH-CHICAGO
CUST-JOIN-3793,Freight Account 3793,Europe,Startup,ORD-03793,2026-09-03,2674.67,WH-CHICAGO
CUST-JOIN-3794,Freight Account 3794,Asia Pacific,Startup,ORD-03794,2026-09-03,5473.85,WH-NEWYORK
CUST-JOIN-3795,Freight Account 3795,Europe,SMB,ORD-03795,2026-09-03,1848.02,WH-CHICAGO
CUST-JOIN-3796,Freight Account 3796,North America,Startup,ORD-03796,2026-09-03,3174.34,WH-CHICAGO
CUST-JOIN-3797,Freight Account 3797,Asia Pacific,Startup,ORD-03797,2026-09-03,4475.44,WH-CHICAGO
CUST-JOIN-3798,Freight Account 3798,North America,Startup,ORD-03798,2026-09-03,398.42,WH-MIAMI
CUST-JOIN-3799,Freight Account 3799,Europe,SMB,ORD-03799,2026-09-03,4261.83,WH-MIAMI
CUST-JOIN-3800,Freight Account 3800,Asia Pacific,Startup,ORD-03800,2026-09-03,7975.45,WH-NEWYORK
CUST-JOIN-3801,Freight Account 3801,Europe,Startup,ORD-03801,2026-09-03,1053.67,WH-NEWYORK
CUST-JOIN-3802,Freight Account 3802,North America,SMB,ORD-03802,2026-09-03,3984.96,WH-CHICAGO
CUST-JOIN-3803,Freight Account 3803,Europe,Startup,ORD-03803,2026-09-03,1019.43,WH-NEWYORK
CUST-JOIN-3804,Freight Account 3804,North America,Startup,ORD-03804,2026-09-03,2958.74,WH-DETROIT
CUST-JOIN-3805,Freight Account 3805,Europe,SMB,ORD-03805,2026-09-03,7700.01,WH-NEWYORK
CUST-JOIN-3806,Freight Account 3806,Europe,Enterprise,ORD-03806,2026-09-03,3077.45,WH-MIAMI
CUST-JOIN-3807,Freight Account 3807,Europe,Startup,ORD-03807,2026-09-03,2453.86,WH-MIAMI
CUST-JOIN-3808,Freight Account 3808,North America,SMB,ORD-03808,2026-09-03,7044.38,WH-NEWYORK
CUST-JOIN-3809,Freight Account 3809,Europe,SMB,ORD-03809,2026-09-03,5650.66,WH-MIAMI
CUST-JOIN-3810,Freight Account 3810,North America,Startup,ORD-03810,2026-09-03,7713.79,WH-NEWYORK
CUST-JOIN-3811,Freight Account 3811,Asia Pacific,Startup,ORD-03811,2026-09-03,6770.62,WH-MIAMI
CUST-JOIN-3812,Freight Account 3812,Europe,Enterprise,ORD-03812,2026-09-03,6052.66,WH-NEWYORK
CUST-JOIN-3813,Freight Account 3813,North America,Startup,ORD-03813,2026-09-03,6542.01,WH-NEWYORK
CUST-JOIN-3814,Freight Account 3814,Europe,SMB,ORD-03814,2026-09-03,4585.85,WH-NEWYORK
CUST-JOIN-3815,Freight Account 3815,Europe,Startup,ORD-03815,2026-09-03,2239.79,WH-DETROIT
CUST-JOIN-3816,Freight Account 3816,Europe,Startup,ORD-03816,2026-09-03,3434.48,WH-MIAMI
CUST-JOIN-3817,Freight Account 3817,Europe,SMB,ORD-03817,2026-09-04,6427.04,WH-NEWYORK
CUST-JOIN-3818,Freight Account 3818,North America,Startup,ORD-03818,2026-09-04,4442.42,WH-NEWYORK
CUST-JOIN-3819,Freight Account 3819,Asia Pacific,SMB,ORD-03819,2026-09-04,3886.14,WH-NEWYORK
CUST-JOIN-3820,Freight Account 3820,North America,SMB,ORD-03820,2026-09-04,923.86,WH-NEWYORK
CUST-JOIN-3821,Freight Account 3821,North America,Startup,ORD-03821,2026-09-04,903.07,WH-NEWYORK
CUST-JOIN-3822,Freight Account 3822,Asia Pacific,Startup,ORD-03822,2026-09-04,4031.24,WH-CHICAGO
CUST-JOIN-3823,Freight Account 3823,Europe,SMB,ORD-03823,2026-09-04,4644.81,WH-NEWYORK
CUST-JOIN-3824,Freight Account 3824,North America,Startup,ORD-03824,2026-09-04,3396.13,WH-DETROIT
CUST-JOIN-3825,Freight Account 3825,Asia Pacific,Startup,ORD-03825,2026-09-04,576.89,WH-CHICAGO
CUST-JOIN-3826,Freight Account 3826,North America,Startup,ORD-03826,2026-09-04,7913.07,WH-NEWYORK
CUST-JOIN-3827,Freight Account 3827,Asia Pacific,SMB,ORD-03827,2026-09-04,5599.34,WH-DETROIT
CUST-JOIN-3828,Freight Account 3828,Europe,SMB,ORD-03828,2026-09-04,4523.33,WH-DETROIT
CUST-JOIN-3829,Freight Account 3829,Asia Pacific,SMB,ORD-03829,2026-09-04,1557.62,WH-DETROIT
CUST-JOIN-3830,Freight Account 3830,North America,Enterprise,ORD-03830,2026-09-04,5529.5,WH-DETROIT
CUST-JOIN-3831,Freight Account 3831,Europe,Startup,ORD-03831,2026-09-04,1377.23,WH-CHICAGO
CUST-JOIN-3832,Freight Account 3832,Asia Pacific,SMB,ORD-03832,2026-09-04,1647.5,WH-NEWYORK
CUST-JOIN-3833,Freight Account 3833,Asia Pacific,Startup,ORD-03833,2026-09-04,474.59,WH-CHICAGO
CUST-JOIN-3834,Freight Account 3834,North America,SMB,ORD-03834,2026-09-04,3096.04,WH-DETROIT
CUST-JOIN-3835,Freight Account 3835,Europe,SMB,ORD-03835,2026-09-04,5421.38,WH-DETROIT
CUST-JOIN-3836,Freight Account 3836,Europe,Startup,ORD-03836,2026-09-04,3829.2,WH-MIAMI
CUST-JOIN-3837,Freight Account 3837,North America,SMB,ORD-03837,2026-09-04,7704.19,WH-CHICAGO
CUST-JOIN-3838,Freight Account 3838,Asia Pacific,SMB,ORD-03838,2026-09-04,7453.85,WH-DETROIT
CUST-JOIN-3839,Freight Account 3839,Europe,Startup,ORD-03839,2026-09-04,3600.66,WH-NEWYORK
CUST-JOIN-3840,Freight Account 3840,North America,Enterprise,ORD-03840,2026-09-04,3863.49,WH-DETROIT
CUST-JOIN-3841,Freight Account 3841,North America,Startup,ORD-03841,2026-09-05,5752.58,WH-NEWYORK
CUST-JOIN-3842,Freight Account 3842,Asia Pacific,SMB,ORD-03842,2026-09-05,5865.99,WH-MIAMI
CUST-JOIN-3843,Freight Account 3843,Asia Pacific,Startup,ORD-03843,2026-09-05,2405.9,WH-NEWYORK
CUST-JOIN-3844,Freight Account 3844,Asia Pacific,Startup,ORD-03844,2026-09-05,5664.71,WH-DETROIT
CUST-JOIN-3845,Freight Account 3845,Europe,SMB,ORD-03845,2026-09-05,6778.94,WH-DETROIT
CUST-JOIN-3846,Freight Account 3846,North America,Startup,ORD-03846,2026-09-05,4378.61,WH-NEWYORK
CUST-JOIN-3847,Freight Account 3847,North America,SMB,ORD-03847,2026-09-05,3158.28,WH-NEWYORK
CUST-JOIN-3848,Freight Account 3848,Europe,SMB,ORD-03848,2026-09-05,4321.3,WH-CHICAGO
CUST-JOIN-3849,Freight Account 3849,Asia Pacific,Startup,ORD-03849,2026-09-05,2184.64,WH-MIAMI
CUST-JOIN-3850,Freight Account 3850,Europe,Startup,ORD-03850,2026-09-05,688.25,WH-DETROIT
CUST-JOIN-3851,Freight Account 3851,Asia Pacific,SMB,ORD-03851,2026-09-05,1700.9,WH-NEWYORK
CUST-JOIN-3852,Freight Account 3852,Europe,Startup,ORD-03852,2026-09-05,3557.64,WH-MIAMI
CUST-JOIN-3853,Freight Account 3853,North America,SMB,ORD-03853,2026-09-05,7714.05,WH-DETROIT
CUST-JOIN-3854,Freight Account 3854,Europe,Startup,ORD-03854,2026-09-05,5876.17,WH-DETROIT
CUST-JOIN-3855,Freight Account 3855,North America,SMB,ORD-03855,2026-09-05,254.72,WH-DETROIT
CUST-JOIN-3856,Freight Account 3856,Asia Pacific,SMB,ORD-03856,2026-09-05,6373.11,WH-CHICAGO
CUST-JOIN-3857,Freight Account 3857,North America,SMB,ORD-03857,2026-09-05,1268.75,WH-MIAMI
CUST-JOIN-3858,Freight Account 3858,Asia Pacific,SMB,ORD-03858,2026-09-05,7912.9,WH-NEWYORK
CUST-JOIN-3859,Freight Account 3859,Europe,SMB,ORD-03859,2026-09-05,1062.13,WH-CHICAGO
CUST-JOIN-3860,Freight Account 3860,Europe,SMB,ORD-03860,2026-09-05,3183.02,WH-MIAMI
CUST-JOIN-3861,Freight Account 3861,North America,SMB,ORD-03861,2026-09-05,1422.75,WH-CHICAGO
CUST-JOIN-3862,Freight Account 3862,Asia Pacific,Startup,ORD-03862,2026-09-05,3847.75,WH-MIAMI
CUST-JOIN-3863,Freight Account 3863,North America,SMB,ORD-03863,2026-09-05,6396.21,WH-NEWYORK
CUST-JOIN-3864,Freight Account 3864,Europe,Startup,ORD-03864,2026-09-05,7509.75,WH-NEWYORK
CUST-JOIN-3865,Freight Account 3865,North America,Startup,ORD-03865,2026-09-06,2566.73,WH-MIAMI
CUST-JOIN-3866,Freight Account 3866,North America,Startup,ORD-03866,2026-09-06,4081.73,WH-MIAMI
CUST-JOIN-3867,Freight Account 3867,North America,Startup,ORD-03867,2026-09-06,3602.71,WH-NEWYORK
CUST-JOIN-3868,Freight Account 3868,Europe,SMB,ORD-03868,2026-09-06,1236.67,WH-NEWYORK
CUST-JOIN-3869,Freight Account 3869,Asia Pacific,Startup,ORD-03869,2026-09-06,5013.62,WH-MIAMI
CUST-JOIN-3870,Freight Account 3870,Asia Pacific,SMB,ORD-03870,2026-09-06,5320.49,WH-MIAMI
CUST-JOIN-3871,Freight Account 3871,North America,SMB,ORD-03871,2026-09-06,4308.8,WH-DETROIT
CUST-JOIN-3872,Freight Account 3872,North America,Startup,ORD-03872,2026-09-06,2881.38,WH-DETROIT
CUST-JOIN-3873,Freight Account 3873,North America,SMB,ORD-03873,2026-09-06,5573.55,WH-NEWYORK
CUST-JOIN-3874,Freight Account 3874,Europe,SMB,ORD-03874,2026-09-06,748.75,WH-NEWYORK
CUST-JOIN-3875,Freight Account 3875,Europe,Enterprise,ORD-03875,2026-09-06,7395.02,WH-NEWYORK
CUST-JOIN-3876,Freight Account 3876,North America,SMB,ORD-03876,2026-09-06,6138.3,WH-CHICAGO
CUST-JOIN-3877,Freight Account 3877,Asia Pacific,Startup,ORD-03877,2026-09-06,7272.94,WH-MIAMI
CUST-JOIN-3878,Freight Account 3878,Asia Pacific,Startup,ORD-03878,2026-09-06,2403.19,WH-DETROIT
CUST-JOIN-3879,Freight Account 3879,North America,SMB,ORD-03879,2026-09-06,3799.79,WH-CHICAGO
CUST-JOIN-3880,Freight Account 3880,Asia Pacific,Startup,ORD-03880,2026-09-06,2857.01,WH-MIAMI
CUST-JOIN-3881,Freight Account 3881,North America,Startup,ORD-03881,2026-09-06,3988.96,WH-NEWYORK
CUST-JOIN-3882,Freight Account 3882,North America,Enterprise,ORD-03882,2026-09-06,6840.97,WH-DETROIT
CUST-JOIN-3883,Freight Account 3883,North America,SMB,ORD-03883,2026-09-06,5915.2,WH-CHICAGO
CUST-JOIN-3884,Freight Account 3884,Europe,Enterprise,ORD-03884,2026-09-06,211.53,WH-DETROIT
CUST-JOIN-3885,Freight Account 3885,Europe,Startup,ORD-03885,2026-09-06,3098.51,WH-DETROIT
CUST-JOIN-3886,Freight Account 3886,Asia Pacific,SMB,ORD-03886,2026-09-06,5632.19,WH-NEWYORK
CUST-JOIN-3887,Freight Account 3887,North America,Startup,ORD-03887,2026-09-06,2722.84,WH-NEWYORK
CUST-JOIN-3888,Freight Account 3888,Asia Pacific,Startup,ORD-03888,2026-09-06,5438.23,WH-NEWYORK
CUST-JOIN-3889,Freight Account 3889,Asia Pacific,Startup,ORD-03889,2026-09-07,6109.25,WH-NEWYORK
CUST-JOIN-3890,Freight Account 3890,North America,Startup,ORD-03890,2026-09-07,6846.26,WH-DETROIT
CUST-JOIN-3891,Freight Account 3891,North America,SMB,ORD-03891,2026-09-07,1006.18,WH-NEWYORK
CUST-JOIN-3892,Freight Account 3892,Asia Pacific,SMB,ORD-03892,2026-09-07,4974.12,WH-MIAMI
CUST-JOIN-3893,Freight Account 3893,Europe,Startup,ORD-03893,2026-09-07,7867.84,WH-NEWYORK
CUST-JOIN-3894,Freight Account 3894,Asia Pacific,Startup,ORD-03894,2026-09-07,1040.49,WH-CHICAGO
CUST-JOIN-3895,Freight Account 3895,Europe,SMB,ORD-03895,2026-09-07,4144.5,WH-CHICAGO
CUST-JOIN-3896,Freight Account 3896,North America,Enterprise,ORD-03896,2026-09-07,3676.14,WH-MIAMI
CUST-JOIN-3897,Freight Account 3897,Europe,SMB,ORD-03897,2026-09-07,605.73,WH-CHICAGO
CUST-JOIN-3898,Freight Account 3898,Europe,SMB,ORD-03898,2026-09-07,2265.96,WH-MIAMI
CUST-JOIN-3899,Freight Account 3899,Europe,SMB,ORD-03899,2026-09-07,1789.58,WH-CHICAGO
CUST-JOIN-3900,Freight Account 3900,Europe,SMB,ORD-03900,2026-09-07,4905.98,WH-NEWYORK
CUST-JOIN-3901,Freight Account 3901,Europe,Enterprise,ORD-03901,2026-09-07,7918.57,WH-MIAMI
CUST-JOIN-3902,Freight Account 3902,Europe,Startup,ORD-03902,2026-09-07,6390.03,WH-DETROIT
CUST-JOIN-3903,Freight Account 3903,North America,SMB,ORD-03903,2026-09-07,3992.97,WH-CHICAGO
CUST-JOIN-3904,Freight Account 3904,Asia Pacific,Startup,ORD-03904,2026-09-07,5961.14,WH-DETROIT
CUST-JOIN-3905,Freight Account 3905,Europe,SMB,ORD-03905,2026-09-07,4047.39,WH-DETROIT
CUST-JOIN-3906,Freight Account 3906,Asia Pacific,Enterprise,ORD-03906,2026-09-07,2066.18,WH-MIAMI
CUST-JOIN-3907,Freight Account 3907,Europe,Startup,ORD-03907,2026-09-07,3180.54,WH-CHICAGO
CUST-JOIN-3908,Freight Account 3908,Asia Pacific,SMB,ORD-03908,2026-09-07,6221.26,WH-MIAMI
CUST-JOIN-3909,Freight Account 3909,Europe,Startup,ORD-03909,2026-09-07,1364.19,WH-NEWYORK
CUST-JOIN-3910,Freight Account 3910,Europe,Startup,ORD-03910,2026-09-07,1518.61,WH-NEWYORK
CUST-JOIN-3911,Freight Account 3911,North America,Startup,ORD-03911,2026-09-07,3694.71,WH-NEWYORK
CUST-JOIN-3912,Freight Account 3912,North America,Startup,ORD-03912,2026-09-07,4833.07,WH-MIAMI
CUST-JOIN-3913,Freight Account 3913,Asia Pacific,SMB,ORD-03913,2026-09-08,6483.35,WH-NEWYORK
CUST-JOIN-3914,Freight Account 3914,Asia Pacific,Startup,ORD-03914,2026-09-08,2427.27,WH-NEWYORK
CUST-JOIN-3915,Freight Account 3915,North America,Startup,ORD-03915,2026-09-08,5388.24,WH-CHICAGO
CUST-JOIN-3916,Freight Account 3916,Europe,SMB,ORD-03916,2026-09-08,5008.77,WH-NEWYORK
CUST-JOIN-3917,Freight Account 3917,North America,Startup,ORD-03917,2026-09-08,1133.26,WH-DETROIT
CUST-JOIN-3918,Freight Account 3918,North America,SMB,ORD-03918,2026-09-08,7439.13,WH-NEWYORK
CUST-JOIN-3919,Freight Account 3919,Europe,SMB,ORD-03919,2026-09-08,3084.3,WH-DETROIT
CUST-JOIN-3920,Freight Account 3920,Asia Pacific,Startup,ORD-03920,2026-09-08,4505.74,WH-DETROIT
CUST-JOIN-3921,Freight Account 3921,North America,SMB,ORD-03921,2026-09-08,2513.27,WH-CHICAGO
CUST-JOIN-3922,Freight Account 3922,North America,Startup,ORD-03922,2026-09-08,7837.25,WH-MIAMI
CUST-JOIN-3923,Freight Account 3923,North America,Enterprise,ORD-03923,2026-09-08,4454.86,WH-NEWYORK
CUST-JOIN-3924,Freight Account 3924,North America,SMB,ORD-03924,2026-09-08,3407.96,WH-NEWYORK
CUST-JOIN-3925,Freight Account 3925,Europe,Enterprise,ORD-03925,2026-09-08,4210.32,WH-CHICAGO
CUST-JOIN-3926,Freight Account 3926,Asia Pacific,Startup,ORD-03926,2026-09-08,4959.91,WH-CHICAGO
CUST-JOIN-3927,Freight Account 3927,North America,SMB,ORD-03927,2026-09-08,3240.73,WH-DETROIT
CUST-JOIN-3928,Freight Account 3928,North America,Startup,ORD-03928,2026-09-08,7532.05,WH-NEWYORK
CUST-JOIN-3929,Freight Account 3929,Asia Pacific,SMB,ORD-03929,2026-09-08,2514.63,WH-MIAMI
CUST-JOIN-3930,Freight Account 3930,Europe,SMB,ORD-03930,2026-09-08,667.2,WH-MIAMI
CUST-JOIN-3931,Freight Account 3931,North America,Enterprise,ORD-03931,2026-09-08,4731.36,WH-DETROIT
CUST-JOIN-3932,Freight Account 3932,Europe,Startup,ORD-03932,2026-09-08,1700.68,WH-MIAMI
CUST-JOIN-3933,Freight Account 3933,North America,Enterprise,ORD-03933,2026-09-08,501.18,WH-NEWYORK
CUST-JOIN-3934,Freight Account 3934,Europe,SMB,ORD-03934,2026-09-08,5137.99,WH-NEWYORK
CUST-JOIN-3935,Freight Account 3935,North America,SMB,ORD-03935,2026-09-08,7687.57,WH-MIAMI
CUST-JOIN-3936,Freight Account 3936,Europe,Startup,ORD-03936,2026-09-08,5200.7,WH-CHICAGO
CUST-JOIN-3937,Freight Account 3937,North America,Startup,ORD-03937,2026-09-09,3542.98,WH-DETROIT
CUST-JOIN-3938,Freight Account 3938,North America,SMB,ORD-03938,2026-09-09,3957.61,WH-DETROIT
CUST-JOIN-3939,Freight Account 3939,North America,Startup,ORD-03939,2026-09-09,5155.56,WH-CHICAGO
CUST-JOIN-3940,Freight Account 3940,North America,SMB,ORD-03940,2026-09-09,1632.73,WH-NEWYORK
CUST-JOIN-3941,Freight Account 3941,Europe,SMB,ORD-03941,2026-09-09,2031.12,WH-MIAMI
CUST-JOIN-3942,Freight Account 3942,Asia Pacific,Startup,ORD-03942,2026-09-09,7806.83,WH-CHICAGO
CUST-JOIN-3943,Freight Account 3943,Asia Pacific,SMB,ORD-03943,2026-09-09,7593.01,WH-NEWYORK
CUST-JOIN-3944,Freight Account 3944,Europe,Startup,ORD-03944,2026-09-09,714.39,WH-NEWYORK
CUST-JOIN-3945,Freight Account 3945,North America,SMB,ORD-03945,2026-09-09,7073.79,WH-CHICAGO
CUST-JOIN-3946,Freight Account 3946,Europe,Startup,ORD-03946,2026-09-09,540.63,WH-NEWYORK
CUST-JOIN-3947,Freight Account 3947,Asia Pacific,SMB,ORD-03947,2026-09-09,6055.56,WH-DETROIT
CUST-JOIN-3948,Freight Account 3948,Asia Pacific,SMB,ORD-03948,2026-09-09,6718.35,WH-CHICAGO
CUST-JOIN-3949,Freight Account 3949,Asia Pacific,SMB,ORD-03949,2026-09-09,2975.89,WH-NEWYORK
CUST-JOIN-3950,Freight Account 3950,Europe,Startup,ORD-03950,2026-09-09,7771.77,WH-DETROIT
CUST-JOIN-3951,Freight Account 3951,North America,SMB,ORD-03951,2026-09-09,2146.88,WH-NEWYORK
CUST-JOIN-3952,Freight Account 3952,North America,Startup,ORD-03952,2026-09-09,747.34,WH-DETROIT
CUST-JOIN-3953,Freight Account 3953,North America,Startup,ORD-03953,2026-09-09,6295.11,WH-NEWYORK
CUST-JOIN-3954,Freight Account 3954,Europe,Startup,ORD-03954,2026-09-09,3360.66,WH-CHICAGO
CUST-JOIN-3955,Freight Account 3955,North America,SMB,ORD-03955,2026-09-09,2773.27,WH-NEWYORK
CUST-JOIN-3956,Freight Account 3956,Asia Pacific,Startup,ORD-03956,2026-09-09,3565.25,WH-CHICAGO
CUST-JOIN-3957,Freight Account 3957,North America,Startup,ORD-03957,2026-09-09,1843.44,WH-MIAMI
CUST-JOIN-3958,Freight Account 3958,Asia Pacific,Enterprise,ORD-03958,2026-09-09,4228.01,WH-NEWYORK
CUST-JOIN-3959,Freight Account 3959,Asia Pacific,SMB,ORD-03959,2026-09-09,7674.12,WH-DETROIT
CUST-JOIN-3960,Freight Account 3960,Europe,SMB,ORD-03960,2026-09-09,7625.43,WH-CHICAGO
CUST-JOIN-3961,Freight Account 3961,Asia Pacific,Startup,ORD-03961,2026-09-10,6021.76,WH-DETROIT
CUST-JOIN-3962,Freight Account 3962,Asia Pacific,SMB,ORD-03962,2026-09-10,7285.06,WH-MIAMI
CUST-JOIN-3963,Freight Account 3963,Asia Pacific,Startup,ORD-03963,2026-09-10,4638.78,WH-MIAMI
CUST-JOIN-3964,Freight Account 3964,Europe,SMB,ORD-03964,2026-09-10,3093.96,WH-CHICAGO
CUST-JOIN-3965,Freight Account 3965,Asia Pacific,Startup,ORD-03965,2026-09-10,5793.58,WH-CHICAGO
CUST-JOIN-3966,Freight Account 3966,North America,SMB,ORD-03966,2026-09-10,6751.6,WH-CHICAGO
CUST-JOIN-3967,Freight Account 3967,Asia Pacific,Startup,ORD-03967,2026-09-10,4839.4,WH-CHICAGO
CUST-JOIN-3968,Freight Account 3968,North America,SMB,ORD-03968,2026-09-10,1540.51,WH-NEWYORK
CUST-JOIN-3969,Freight Account 3969,North America,SMB,ORD-03969,2026-09-10,3619.54,WH-MIAMI
CUST-JOIN-3970,Freight Account 3970,Europe,SMB,ORD-03970,2026-09-10,294.87,WH-DETROIT
CUST-JOIN-3971,Freight Account 3971,Europe,Enterprise,ORD-03971,2026-09-10,2443.52,WH-DETROIT
CUST-JOIN-3972,Freight Account 3972,Europe,SMB,ORD-03972,2026-09-10,1740.53,WH-DETROIT
CUST-JOIN-3973,Freight Account 3973,Europe,Startup,ORD-03973,2026-09-10,5715.82,WH-CHICAGO
CUST-JOIN-3974,Freight Account 3974,Asia Pacific,SMB,ORD-03974,2026-09-10,255.84,WH-MIAMI
CUST-JOIN-3975,Freight Account 3975,Europe,Enterprise,ORD-03975,2026-09-10,912.28,WH-MIAMI
CUST-JOIN-3976,Freight Account 3976,North America,SMB,ORD-03976,2026-09-10,3286.05,WH-NEWYORK
CUST-JOIN-3977,Freight Account 3977,Europe,Startup,ORD-03977,2026-09-10,1624.68,WH-DETROIT
CUST-JOIN-3978,Freight Account 3978,Europe,Startup,ORD-03978,2026-09-10,3464.7,WH-NEWYORK
CUST-JOIN-3979,Freight Account 3979,North America,Startup,ORD-03979,2026-09-10,2179.2,WH-MIAMI
CUST-JOIN-3980,Freight Account 3980,Asia Pacific,Startup,ORD-03980,2026-09-10,1154.82,WH-NEWYORK
CUST-JOIN-3981,Freight Account 3981,North America,Enterprise,ORD-03981,2026-09-10,3776.22,WH-DETROIT
CUST-JOIN-3982,Freight Account 3982,Asia Pacific,SMB,ORD-03982,2026-09-10,4702.75,WH-MIAMI
CUST-JOIN-3983,Freight Account 3983,Europe,SMB,ORD-03983,2026-09-10,1928.99,WH-CHICAGO
CUST-JOIN-3984,Freight Account 3984,Europe,SMB,ORD-03984,2026-09-10,1041.69,WH-NEWYORK
CUST-JOIN-3985,Freight Account 3985,Asia Pacific,Startup,ORD-03985,2026-09-11,421.61,WH-MIAMI
CUST-JOIN-3986,Freight Account 3986,Asia Pacific,SMB,ORD-03986,2026-09-11,7133.16,WH-DETROIT
CUST-JOIN-3987,Freight Account 3987,Europe,SMB,ORD-03987,2026-09-11,1906.65,WH-NEWYORK
CUST-JOIN-3988,Freight Account 3988,North America,Enterprise,ORD-03988,2026-09-11,5958.93,WH-CHICAGO
CUST-JOIN-3989,Freight Account 3989,North America,SMB,ORD-03989,2026-09-11,3506.8,WH-NEWYORK
CUST-JOIN-3990,Freight Account 3990,North America,Startup,ORD-03990,2026-09-11,4465.21,WH-MIAMI
CUST-JOIN-3991,Freight Account 3991,North America,Startup,ORD-03991,2026-09-11,7908.53,WH-NEWYORK
CUST-JOIN-3992,Freight Account 3992,Asia Pacific,Startup,ORD-03992,2026-09-11,1299.68,WH-NEWYORK
CUST-JOIN-3993,Freight Account 3993,North America,Startup,ORD-03993,2026-09-11,4721.18,WH-MIAMI
CUST-JOIN-3994,Freight Account 3994,Asia Pacific,Startup,ORD-03994,2026-09-11,1373.83,WH-NEWYORK
CUST-JOIN-3995,Freight Account 3995,Asia Pacific,SMB,ORD-03995,2026-09-11,679.78,WH-NEWYORK
CUST-JOIN-3996,Freight Account 3996,North America,Startup,ORD-03996,2026-09-11,1800.77,WH-CHICAGO
CUST-JOIN-3997,Freight Account 3997,Asia Pacific,SMB,ORD-03997,2026-09-11,5935.33,WH-DETROIT
CUST-JOIN-3998,Freight Account 3998,North America,Startup,ORD-03998,2026-09-11,1832.73,WH-DETROIT
CUST-JOIN-3999,Freight Account 3999,Asia Pacific,Startup,ORD-03999,2026-09-11,2031.92,WH-CHICAGO
CUST-JOIN-4000,Freight Account 4000,North America,Enterprise,ORD-04000,2026-09-11,1125.68,WH-DETROIT
CUST-JOIN-4001,Freight Account 4001,North America,SMB,ORD-04001,2026-08-01,4374.5,WH-MIAMI
CUST-JOIN-4002,Freight Account 4002,Asia Pacific,SMB,ORD-04002,2026-08-01,468.76,WH-NEWYORK
CUST-JOIN-4003,Freight Account 4003,Europe,Startup,ORD-04003,2026-08-01,3797.08,WH-CHICAGO
CUST-JOIN-4004,Freight Account 4004,Europe,SMB,ORD-04004,2026-08-01,7933.31,WH-DETROIT
CUST-JOIN-4005,Freight Account 4005,Asia Pacific,SMB,ORD-04005,2026-08-01,480.94,WH-NEWYORK
CUST-JOIN-4006,Freight Account 4006,North America,Enterprise,ORD-04006,2026-08-01,6309.87,WH-NEWYORK
CUST-JOIN-4007,Freight Account 4007,Europe,Startup,ORD-04007,2026-08-01,3461.02,WH-CHICAGO
CUST-JOIN-4008,Freight Account 4008,North America,SMB,ORD-04008,2026-08-01,6854.8,WH-MIAMI
CUST-JOIN-4009,Freight Account 4009,Europe,Startup,ORD-04009,2026-08-01,5766.42,WH-CHICAGO
CUST-JOIN-4010,Freight Account 4010,Asia Pacific,Startup,ORD-04010,2026-08-01,2156.87,WH-DETROIT
CUST-JOIN-4011,Freight Account 4011,North America,SMB,ORD-04011,2026-08-01,1341.87,WH-DETROIT
CUST-JOIN-4012,Freight Account 4012,North America,Startup,ORD-04012,2026-08-01,5462.99,WH-DETROIT
CUST-JOIN-4013,Freight Account 4013,Asia Pacific,Startup,ORD-04013,2026-08-01,2230.19,WH-CHICAGO
CUST-JOIN-4014,Freight Account 4014,North America,Startup,ORD-04014,2026-08-01,5168.28,WH-CHICAGO
CUST-JOIN-4015,Freight Account 4015,North America,Startup,ORD-04015,2026-08-01,251.74,WH-CHICAGO
CUST-JOIN-4016,Freight Account 4016,Asia Pacific,Enterprise,ORD-04016,2026-08-01,3277.84,WH-NEWYORK
CUST-JOIN-4017,Freight Account 4017,North America,Startup,ORD-04017,2026-08-01,6807.67,WH-DETROIT
CUST-JOIN-4018,Freight Account 4018,North America,Startup,ORD-04018,2026-08-01,2527.52,WH-CHICAGO
CUST-JOIN-4019,Freight Account 4019,Asia Pacific,SMB,ORD-04019,2026-08-01,7680.02,WH-MIAMI
CUST-JOIN-4020,Freight Account 4020,Europe,Enterprise,ORD-04020,2026-08-01,273.58,WH-MIAMI
CUST-JOIN-4021,Freight Account 4021,Europe,Startup,ORD-04021,2026-08-01,2118.59,WH-NEWYORK
CUST-JOIN-4022,Freight Account 4022,Europe,Startup,ORD-04022,2026-08-01,1346.77,WH-MIAMI
CUST-JOIN-4023,Freight Account 4023,Asia Pacific,Enterprise,ORD-04023,2026-08-01,200.67,WH-MIAMI
CUST-JOIN-4024,Freight Account 4024,Europe,Startup,ORD-04024,2026-08-01,2390.31,WH-NEWYORK
CUST-JOIN-4025,Freight Account 4025,Europe,Startup,ORD-04025,2026-08-02,324.55,WH-CHICAGO
CUST-JOIN-4026,Freight Account 4026,Europe,Enterprise,ORD-04026,2026-08-02,7342.68,WH-DETROIT
CUST-JOIN-4027,Freight Account 4027,Asia Pacific,Startup,ORD-04027,2026-08-02,2678.05,WH-DETROIT
CUST-JOIN-4028,Freight Account 4028,North America,Startup,ORD-04028,2026-08-02,214.48,WH-NEWYORK
CUST-JOIN-4029,Freight Account 4029,Asia Pacific,Startup,ORD-04029,2026-08-02,6076.91,WH-DETROIT
CUST-JOIN-4030,Freight Account 4030,North America,SMB,ORD-04030,2026-08-02,3784.47,WH-NEWYORK
CUST-JOIN-4031,Freight Account 4031,North America,Startup,ORD-04031,2026-08-02,1327.7,WH-MIAMI
CUST-JOIN-4032,Freight Account 4032,Europe,SMB,ORD-04032,2026-08-02,5716.97,WH-DETROIT
CUST-JOIN-4033,Freight Account 4033,Europe,SMB,ORD-04033,2026-08-02,1987.05,WH-DETROIT
CUST-JOIN-4034,Freight Account 4034,North America,Startup,ORD-04034,2026-08-02,6525.91,WH-MIAMI
CUST-JOIN-4035,Freight Account 4035,North America,Startup,ORD-04035,2026-08-02,5298.13,WH-MIAMI
CUST-JOIN-4036,Freight Account 4036,Europe,Startup,ORD-04036,2026-08-02,4337.28,WH-CHICAGO
CUST-JOIN-4037,Freight Account 4037,Europe,SMB,ORD-04037,2026-08-02,5953.61,WH-DETROIT
CUST-JOIN-4038,Freight Account 4038,Asia Pacific,Startup,ORD-04038,2026-08-02,3094.82,WH-DETROIT
CUST-JOIN-4039,Freight Account 4039,North America,Startup,ORD-04039,2026-08-02,254.3,WH-NEWYORK
CUST-JOIN-4040,Freight Account 4040,Europe,Startup,ORD-04040,2026-08-02,6712.31,WH-NEWYORK
CUST-JOIN-4041,Freight Account 4041,Europe,Startup,ORD-04041,2026-08-02,1824.71,WH-MIAMI
CUST-JOIN-4042,Freight Account 4042,Europe,Startup,ORD-04042,2026-08-02,2864.43,WH-DETROIT
CUST-JOIN-4043,Freight Account 4043,North America,Startup,ORD-04043,2026-08-02,7751.61,WH-CHICAGO
CUST-JOIN-4044,Freight Account 4044,Asia Pacific,Startup,ORD-04044,2026-08-02,4618.5,WH-DETROIT
CUST-JOIN-4045,Freight Account 4045,Europe,Enterprise,ORD-04045,2026-08-02,3434.86,WH-NEWYORK
CUST-JOIN-4046,Freight Account 4046,Europe,SMB,ORD-04046,2026-08-02,4310.51,WH-MIAMI
CUST-JOIN-4047,Freight Account 4047,Europe,Startup,ORD-04047,2026-08-02,6231.87,WH-MIAMI
CUST-JOIN-4048,Freight Account 4048,Asia Pacific,Startup,ORD-04048,2026-08-02,7623.74,WH-CHICAGO
CUST-JOIN-4049,Freight Account 4049,Europe,SMB,ORD-04049,2026-08-03,5130.55,WH-MIAMI
CUST-JOIN-4050,Freight Account 4050,Europe,SMB,ORD-04050,2026-08-03,6129.31,WH-MIAMI
CUST-JOIN-4051,Freight Account 4051,Europe,Startup,ORD-04051,2026-08-03,1605.61,WH-MIAMI
CUST-JOIN-4052,Freight Account 4052,Europe,SMB,ORD-04052,2026-08-03,3498.46,WH-MIAMI
CUST-JOIN-4053,Freight Account 4053,North America,SMB,ORD-04053,2026-08-03,6405.12,WH-CHICAGO
CUST-JOIN-4054,Freight Account 4054,North America,SMB,ORD-04054,2026-08-03,2182.47,WH-MIAMI
CUST-JOIN-4055,Freight Account 4055,Europe,SMB,ORD-04055,2026-08-03,4069.42,WH-DETROIT
CUST-JOIN-4056,Freight Account 4056,North America,Enterprise,ORD-04056,2026-08-03,5691.01,WH-CHICAGO
CUST-JOIN-4057,Freight Account 4057,North America,SMB,ORD-04057,2026-08-03,4778.95,WH-DETROIT
CUST-JOIN-4058,Freight Account 4058,Europe,SMB,ORD-04058,2026-08-03,6477.17,WH-NEWYORK
CUST-JOIN-4059,Freight Account 4059,Asia Pacific,Startup,ORD-04059,2026-08-03,4265.44,WH-NEWYORK
CUST-JOIN-4060,Freight Account 4060,North America,Enterprise,ORD-04060,2026-08-03,1820.81,WH-DETROIT
CUST-JOIN-4061,Freight Account 4061,Asia Pacific,SMB,ORD-04061,2026-08-03,1633.43,WH-CHICAGO
CUST-JOIN-4062,Freight Account 4062,North America,SMB,ORD-04062,2026-08-03,2048.0,WH-MIAMI
CUST-JOIN-4063,Freight Account 4063,Europe,Startup,ORD-04063,2026-08-03,5327.49,WH-MIAMI
CUST-JOIN-4064,Freight Account 4064,Europe,Startup,ORD-04064,2026-08-03,1598.95,WH-MIAMI
CUST-JOIN-4065,Freight Account 4065,North America,SMB,ORD-04065,2026-08-03,7277.73,WH-DETROIT
CUST-JOIN-4066,Freight Account 4066,Asia Pacific,Startup,ORD-04066,2026-08-03,239.97,WH-MIAMI
CUST-JOIN-4067,Freight Account 4067,Asia Pacific,SMB,ORD-04067,2026-08-03,3438.21,WH-CHICAGO
CUST-JOIN-4068,Freight Account 4068,North America,Enterprise,ORD-04068,2026-08-03,3950.43,WH-MIAMI
CUST-JOIN-4069,Freight Account 4069,North America,SMB,ORD-04069,2026-08-03,7290.03,WH-MIAMI
CUST-JOIN-4070,Freight Account 4070,Asia Pacific,SMB,ORD-04070,2026-08-03,5144.0,WH-MIAMI
CUST-JOIN-4071,Freight Account 4071,Europe,Startup,ORD-04071,2026-08-03,6131.99,WH-NEWYORK
CUST-JOIN-4072,Freight Account 4072,Asia Pacific,Startup,ORD-04072,2026-08-03,2222.22,WH-NEWYORK
CUST-JOIN-4073,Freight Account 4073,Europe,SMB,ORD-04073,2026-08-04,683.72,WH-CHICAGO
CUST-JOIN-4074,Freight Account 4074,North America,Startup,ORD-04074,2026-08-04,2660.78,WH-CHICAGO
CUST-JOIN-4075,Freight Account 4075,North America,Startup,ORD-04075,2026-08-04,7250.99,WH-DETROIT
CUST-JOIN-4076,Freight Account 4076,Asia Pacific,Enterprise,ORD-04076,2026-08-04,3321.94,WH-DETROIT
CUST-JOIN-4077,Freight Account 4077,Asia Pacific,SMB,ORD-04077,2026-08-04,1828.94,WH-CHICAGO
CUST-JOIN-4078,Freight Account 4078,North America,Startup,ORD-04078,2026-08-04,6746.63,WH-CHICAGO
CUST-JOIN-4079,Freight Account 4079,Asia Pacific,Startup,ORD-04079,2026-08-04,5864.91,WH-CHICAGO
CUST-JOIN-4080,Freight Account 4080,Asia Pacific,Startup,ORD-04080,2026-08-04,5311.5,WH-MIAMI
CUST-JOIN-4081,Freight Account 4081,Asia Pacific,SMB,ORD-04081,2026-08-04,7788.65,WH-NEWYORK
CUST-JOIN-4082,Freight Account 4082,Asia Pacific,Startup,ORD-04082,2026-08-04,966.93,WH-DETROIT
CUST-JOIN-4083,Freight Account 4083,Asia Pacific,Startup,ORD-04083,2026-08-04,7793.79,WH-NEWYORK
CUST-JOIN-4084,Freight Account 4084,North America,Startup,ORD-04084,2026-08-04,4381.4,WH-NEWYORK
CUST-JOIN-4085,Freight Account 4085,Asia Pacific,SMB,ORD-04085,2026-08-04,3012.47,WH-NEWYORK
CUST-JOIN-4086,Freight Account 4086,North America,Startup,ORD-04086,2026-08-04,343.77,WH-MIAMI
CUST-JOIN-4087,Freight Account 4087,Europe,SMB,ORD-04087,2026-08-04,7253.62,WH-CHICAGO
CUST-JOIN-4088,Freight Account 4088,Asia Pacific,SMB,ORD-04088,2026-08-04,3241.98,WH-MIAMI
CUST-JOIN-4089,Freight Account 4089,Asia Pacific,SMB,ORD-04089,2026-08-04,7314.22,WH-NEWYORK
CUST-JOIN-4090,Freight Account 4090,North America,SMB,ORD-04090,2026-08-04,6068.71,WH-MIAMI
CUST-JOIN-4091,Freight Account 4091,Europe,Startup,ORD-04091,2026-08-04,465.64,WH-CHICAGO
CUST-JOIN-4092,Freight Account 4092,Asia Pacific,Startup,ORD-04092,2026-08-04,7936.96,WH-DETROIT
CUST-JOIN-4093,Freight Account 4093,Europe,SMB,ORD-04093,2026-08-04,4173.4,WH-CHICAGO
CUST-JOIN-4094,Freight Account 4094,Asia Pacific,SMB,ORD-04094,2026-08-04,2063.63,WH-CHICAGO
CUST-JOIN-4095,Freight Account 4095,Asia Pacific,SMB,ORD-04095,2026-08-04,7926.48,WH-NEWYORK
CUST-JOIN-4096,Freight Account 4096,North America,Startup,ORD-04096,2026-08-04,3303.49,WH-DETROIT
CUST-JOIN-4097,Freight Account 4097,North America,Startup,ORD-04097,2026-08-05,4153.95,WH-NEWYORK
CUST-JOIN-4098,Freight Account 4098,Asia Pacific,Startup,ORD-04098,2026-08-05,7013.72,WH-DETROIT
CUST-JOIN-4099,Freight Account 4099,North America,Startup,ORD-04099,2026-08-05,5448.52,WH-NEWYORK
CUST-JOIN-4100,Freight Account 4100,Europe,SMB,ORD-04100,2026-08-05,236.18,WH-NEWYORK
CUST-JOIN-4101,Freight Account 4101,North America,Startup,ORD-04101,2026-08-05,5526.29,WH-MIAMI
CUST-JOIN-4102,Freight Account 4102,Europe,Startup,ORD-04102,2026-08-05,2646.27,WH-NEWYORK
CUST-JOIN-4103,Freight Account 4103,North America,Startup,ORD-04103,2026-08-05,864.95,WH-MIAMI
CUST-JOIN-4104,Freight Account 4104,Europe,SMB,ORD-04104,2026-08-05,3199.1,WH-NEWYORK
CUST-JOIN-4105,Freight Account 4105,Europe,Startup,ORD-04105,2026-08-05,1050.81,WH-CHICAGO
CUST-JOIN-4106,Freight Account 4106,Asia Pacific,Startup,ORD-04106,2026-08-05,1297.55,WH-DETROIT
CUST-JOIN-4107,Freight Account 4107,Europe,SMB,ORD-04107,2026-08-05,3523.66,WH-NEWYORK
CUST-JOIN-4108,Freight Account 4108,Asia Pacific,SMB,ORD-04108,2026-08-05,2877.27,WH-CHICAGO
CUST-JOIN-4109,Freight Account 4109,Asia Pacific,SMB,ORD-04109,2026-08-05,2713.56,WH-NEWYORK
CUST-JOIN-4110,Freight Account 4110,Asia Pacific,Enterprise,ORD-04110,2026-08-05,3578.8,WH-CHICAGO
CUST-JOIN-4111,Freight Account 4111,North America,SMB,ORD-04111,2026-08-05,6987.75,WH-CHICAGO
CUST-JOIN-4112,Freight Account 4112,Europe,SMB,ORD-04112,2026-08-05,4765.96,WH-DETROIT
CUST-JOIN-4113,Freight Account 4113,North America,Startup,ORD-04113,2026-08-05,1159.13,WH-NEWYORK
CUST-JOIN-4114,Freight Account 4114,North America,Startup,ORD-04114,2026-08-05,1544.4,WH-NEWYORK
CUST-JOIN-4115,Freight Account 4115,North America,SMB,ORD-04115,2026-08-05,2546.22,WH-MIAMI
CUST-JOIN-4116,Freight Account 4116,Asia Pacific,SMB,ORD-04116,2026-08-05,2685.64,WH-DETROIT
CUST-JOIN-4117,Freight Account 4117,Asia Pacific,Startup,ORD-04117,2026-08-05,6700.9,WH-CHICAGO
CUST-JOIN-4118,Freight Account 4118,Asia Pacific,Startup,ORD-04118,2026-08-05,255.31,WH-MIAMI
CUST-JOIN-4119,Freight Account 4119,North America,Startup,ORD-04119,2026-08-05,2159.71,WH-DETROIT
CUST-JOIN-4120,Freight Account 4120,Europe,Startup,ORD-04120,2026-08-05,4909.14,WH-DETROIT
CUST-JOIN-4121,Freight Account 4121,Asia Pacific,Startup,ORD-04121,2026-08-06,5185.01,WH-NEWYORK
CUST-JOIN-4122,Freight Account 4122,Asia Pacific,SMB,ORD-04122,2026-08-06,256.91,WH-CHICAGO
CUST-JOIN-4123,Freight Account 4123,Europe,Startup,ORD-04123,2026-08-06,6109.0,WH-CHICAGO
CUST-JOIN-4124,Freight Account 4124,North America,SMB,ORD-04124,2026-08-06,3396.31,WH-NEWYORK
CUST-JOIN-4125,Freight Account 4125,North America,Startup,ORD-04125,2026-08-06,636.09,WH-MIAMI
CUST-JOIN-4126,Freight Account 4126,Asia Pacific,Startup,ORD-04126,2026-08-06,3810.13,WH-NEWYORK
CUST-JOIN-4127,Freight Account 4127,Asia Pacific,Startup,ORD-04127,2026-08-06,2399.12,WH-MIAMI
CUST-JOIN-4128,Freight Account 4128,Asia Pacific,Startup,ORD-04128,2026-08-06,1551.37,WH-NEWYORK
CUST-JOIN-4129,Freight Account 4129,Asia Pacific,Startup,ORD-04129,2026-08-06,6120.74,WH-NEWYORK
CUST-JOIN-4130,Freight Account 4130,Europe,Startup,ORD-04130,2026-08-06,6804.52,WH-MIAMI
CUST-JOIN-4131,Freight Account 4131,Asia Pacific,Startup,ORD-04131,2026-08-06,3122.34,WH-CHICAGO
CUST-JOIN-4132,Freight Account 4132,North America,SMB,ORD-04132,2026-08-06,2934.09,WH-NEWYORK
CUST-JOIN-4133,Freight Account 4133,North America,Enterprise,ORD-04133,2026-08-06,2149.07,WH-CHICAGO
CUST-JOIN-4134,Freight Account 4134,Europe,Startup,ORD-04134,2026-08-06,1195.67,WH-NEWYORK
CUST-JOIN-4135,Freight Account 4135,North America,Startup,ORD-04135,2026-08-06,2448.38,WH-NEWYORK
CUST-JOIN-4136,Freight Account 4136,Europe,SMB,ORD-04136,2026-08-06,5620.73,WH-NEWYORK
CUST-JOIN-4137,Freight Account 4137,Asia Pacific,Startup,ORD-04137,2026-08-06,2779.18,WH-NEWYORK
CUST-JOIN-4138,Freight Account 4138,Asia Pacific,Startup,ORD-04138,2026-08-06,6170.53,WH-DETROIT
CUST-JOIN-4139,Freight Account 4139,Asia Pacific,Startup,ORD-04139,2026-08-06,3557.2,WH-MIAMI
CUST-JOIN-4140,Freight Account 4140,Europe,Startup,ORD-04140,2026-08-06,2511.14,WH-MIAMI
CUST-JOIN-4141,Freight Account 4141,North America,SMB,ORD-04141,2026-08-06,4246.05,WH-MIAMI
CUST-JOIN-4142,Freight Account 4142,Europe,Startup,ORD-04142,2026-08-06,4688.96,WH-DETROIT
CUST-JOIN-4143,Freight Account 4143,Europe,Startup,ORD-04143,2026-08-06,7210.18,WH-MIAMI
CUST-JOIN-4144,Freight Account 4144,Europe,SMB,ORD-04144,2026-08-06,770.16,WH-NEWYORK
CUST-JOIN-4145,Freight Account 4145,North America,Startup,ORD-04145,2026-08-07,3214.1,WH-DETROIT
CUST-JOIN-4146,Freight Account 4146,Europe,Enterprise,ORD-04146,2026-08-07,4412.69,WH-DETROIT
CUST-JOIN-4147,Freight Account 4147,Europe,Enterprise,ORD-04147,2026-08-07,2934.06,WH-DETROIT
CUST-JOIN-4148,Freight Account 4148,North America,Startup,ORD-04148,2026-08-07,1761.89,WH-DETROIT
CUST-JOIN-4149,Freight Account 4149,Asia Pacific,SMB,ORD-04149,2026-08-07,1061.28,WH-DETROIT
CUST-JOIN-4150,Freight Account 4150,Asia Pacific,Startup,ORD-04150,2026-08-07,7120.03,WH-MIAMI
CUST-JOIN-4151,Freight Account 4151,North America,Startup,ORD-04151,2026-08-07,1545.77,WH-CHICAGO
CUST-JOIN-4152,Freight Account 4152,Europe,SMB,ORD-04152,2026-08-07,7627.49,WH-CHICAGO
CUST-JOIN-4153,Freight Account 4153,Asia Pacific,SMB,ORD-04153,2026-08-07,2809.18,WH-MIAMI
CUST-JOIN-4154,Freight Account 4154,Asia Pacific,Enterprise,ORD-04154,2026-08-07,6242.19,WH-CHICAGO
CUST-JOIN-4155,Freight Account 4155,Asia Pacific,Startup,ORD-04155,2026-08-07,4530.62,WH-MIAMI
CUST-JOIN-4156,Freight Account 4156,Europe,Enterprise,ORD-04156,2026-08-07,1944.74,WH-CHICAGO
CUST-JOIN-4157,Freight Account 4157,North America,Startup,ORD-04157,2026-08-07,6124.77,WH-MIAMI
CUST-JOIN-4158,Freight Account 4158,North America,Startup,ORD-04158,2026-08-07,4823.63,WH-DETROIT
CUST-JOIN-4159,Freight Account 4159,Asia Pacific,Startup,ORD-04159,2026-08-07,7634.86,WH-NEWYORK
CUST-JOIN-4160,Freight Account 4160,Asia Pacific,Startup,ORD-04160,2026-08-07,5663.63,WH-NEWYORK
CUST-JOIN-4161,Freight Account 4161,North America,SMB,ORD-04161,2026-08-07,927.05,WH-CHICAGO
CUST-JOIN-4162,Freight Account 4162,Europe,Startup,ORD-04162,2026-08-07,7327.83,WH-NEWYORK
CUST-JOIN-4163,Freight Account 4163,Europe,SMB,ORD-04163,2026-08-07,578.5,WH-MIAMI
CUST-JOIN-4164,Freight Account 4164,North America,SMB,ORD-04164,2026-08-07,605.24,WH-MIAMI
CUST-JOIN-4165,Freight Account 4165,North America,SMB,ORD-04165,2026-08-07,4332.9,WH-DETROIT
CUST-JOIN-4166,Freight Account 4166,Europe,SMB,ORD-04166,2026-08-07,5759.32,WH-NEWYORK
CUST-JOIN-4167,Freight Account 4167,North America,Startup,ORD-04167,2026-08-07,7019.58,WH-NEWYORK
CUST-JOIN-4168,Freight Account 4168,Asia Pacific,SMB,ORD-04168,2026-08-07,818.56,WH-CHICAGO
CUST-JOIN-4169,Freight Account 4169,Asia Pacific,Startup,ORD-04169,2026-08-08,3692.47,WH-NEWYORK
CUST-JOIN-4170,Freight Account 4170,North America,Startup,ORD-04170,2026-08-08,5630.34,WH-DETROIT
CUST-JOIN-4171,Freight Account 4171,Europe,Startup,ORD-04171,2026-08-08,2864.26,WH-NEWYORK
CUST-JOIN-4172,Freight Account 4172,Asia Pacific,SMB,ORD-04172,2026-08-08,4727.5,WH-NEWYORK
CUST-JOIN-4173,Freight Account 4173,Europe,Startup,ORD-04173,2026-08-08,5605.76,WH-CHICAGO
CUST-JOIN-4174,Freight Account 4174,North America,Startup,ORD-04174,2026-08-08,4409.52,WH-CHICAGO
CUST-JOIN-4175,Freight Account 4175,Europe,SMB,ORD-04175,2026-08-08,3738.43,WH-NEWYORK
CUST-JOIN-4176,Freight Account 4176,Asia Pacific,SMB,ORD-04176,2026-08-08,2373.33,WH-MIAMI
CUST-JOIN-4177,Freight Account 4177,Europe,SMB,ORD-04177,2026-08-08,670.02,WH-DETROIT
CUST-JOIN-4178,Freight Account 4178,North America,Startup,ORD-04178,2026-08-08,7560.61,WH-DETROIT
CUST-JOIN-4179,Freight Account 4179,Asia Pacific,SMB,ORD-04179,2026-08-08,718.06,WH-MIAMI
CUST-JOIN-4180,Freight Account 4180,Asia Pacific,Startup,ORD-04180,2026-08-08,1707.37,WH-MIAMI
CUST-JOIN-4181,Freight Account 4181,North America,Startup,ORD-04181,2026-08-08,5866.57,WH-NEWYORK
CUST-JOIN-4182,Freight Account 4182,Asia Pacific,SMB,ORD-04182,2026-08-08,6592.59,WH-CHICAGO
CUST-JOIN-4183,Freight Account 4183,Asia Pacific,Startup,ORD-04183,2026-08-08,6839.81,WH-CHICAGO
CUST-JOIN-4184,Freight Account 4184,Europe,SMB,ORD-04184,2026-08-08,2639.71,WH-NEWYORK
CUST-JOIN-4185,Freight Account 4185,North America,SMB,ORD-04185,2026-08-08,6027.29,WH-MIAMI
CUST-JOIN-4186,Freight Account 4186,Europe,Startup,ORD-04186,2026-08-08,1675.51,WH-MIAMI
CUST-JOIN-4187,Freight Account 4187,North America,SMB,ORD-04187,2026-08-08,7255.01,WH-NEWYORK
CUST-JOIN-4188,Freight Account 4188,Europe,Startup,ORD-04188,2026-08-08,7216.27,WH-NEWYORK
CUST-JOIN-4189,Freight Account 4189,Asia Pacific,Startup,ORD-04189,2026-08-08,5830.84,WH-NEWYORK
CUST-JOIN-4190,Freight Account 4190,Europe,Startup,ORD-04190,2026-08-08,5595.49,WH-CHICAGO
CUST-JOIN-4191,Freight Account 4191,Asia Pacific,Startup,ORD-04191,2026-08-08,6701.21,WH-MIAMI
CUST-JOIN-4192,Freight Account 4192,Asia Pacific,Startup,ORD-04192,2026-08-08,575.71,WH-CHICAGO
CUST-JOIN-4193,Freight Account 4193,Asia Pacific,SMB,ORD-04193,2026-08-09,6674.99,WH-MIAMI
CUST-JOIN-4194,Freight Account 4194,North America,SMB,ORD-04194,2026-08-09,6822.31,WH-MIAMI
CUST-JOIN-4195,Freight Account 4195,Asia Pacific,Startup,ORD-04195,2026-08-09,4469.36,WH-MIAMI
CUST-JOIN-4196,Freight Account 4196,North America,Startup,ORD-04196,2026-08-09,5754.91,WH-NEWYORK
CUST-JOIN-4197,Freight Account 4197,Asia Pacific,Startup,ORD-04197,2026-08-09,1888.75,WH-DETROIT
CUST-JOIN-4198,Freight Account 4198,North America,SMB,ORD-04198,2026-08-09,7130.47,WH-MIAMI
CUST-JOIN-4199,Freight Account 4199,North America,Startup,ORD-04199,2026-08-09,5165.24,WH-DETROIT
CUST-JOIN-4200,Freight Account 4200,Europe,SMB,ORD-04200,2026-08-09,7109.36,WH-DETROIT
CUST-JOIN-4201,Freight Account 4201,Europe,SMB,ORD-04201,2026-08-09,4971.67,WH-CHICAGO
CUST-JOIN-4202,Freight Account 4202,Asia Pacific,Startup,ORD-04202,2026-08-09,7134.52,WH-CHICAGO
CUST-JOIN-4203,Freight Account 4203,North America,SMB,ORD-04203,2026-08-09,4774.96,WH-MIAMI
CUST-JOIN-4204,Freight Account 4204,Europe,Enterprise,ORD-04204,2026-08-09,6890.3,WH-CHICAGO
CUST-JOIN-4205,Freight Account 4205,Europe,Startup,ORD-04205,2026-08-09,7631.99,WH-CHICAGO
CUST-JOIN-4206,Freight Account 4206,Europe,Startup,ORD-04206,2026-08-09,1490.51,WH-CHICAGO
CUST-JOIN-4207,Freight Account 4207,Asia Pacific,SMB,ORD-04207,2026-08-09,6237.13,WH-NEWYORK
CUST-JOIN-4208,Freight Account 4208,Europe,SMB,ORD-04208,2026-08-09,7152.83,WH-MIAMI
CUST-JOIN-4209,Freight Account 4209,North America,Startup,ORD-04209,2026-08-09,3462.03,WH-DETROIT
CUST-JOIN-4210,Freight Account 4210,North America,Startup,ORD-04210,2026-08-09,6268.68,WH-DETROIT
CUST-JOIN-4211,Freight Account 4211,North America,Startup,ORD-04211,2026-08-09,1979.22,WH-DETROIT
CUST-JOIN-4212,Freight Account 4212,North America,SMB,ORD-04212,2026-08-09,349.63,WH-MIAMI
CUST-JOIN-4213,Freight Account 4213,Europe,SMB,ORD-04213,2026-08-09,680.77,WH-CHICAGO
CUST-JOIN-4214,Freight Account 4214,North America,SMB,ORD-04214,2026-08-09,5430.84,WH-NEWYORK
CUST-JOIN-4215,Freight Account 4215,Europe,SMB,ORD-04215,2026-08-09,6316.12,WH-CHICAGO
CUST-JOIN-4216,Freight Account 4216,Asia Pacific,Startup,ORD-04216,2026-08-09,4034.03,WH-MIAMI
CUST-JOIN-4217,Freight Account 4217,Asia Pacific,Startup,ORD-04217,2026-08-10,6326.95,WH-DETROIT
CUST-JOIN-4218,Freight Account 4218,Asia Pacific,Startup,ORD-04218,2026-08-10,7814.83,WH-DETROIT
CUST-JOIN-4219,Freight Account 4219,North America,SMB,ORD-04219,2026-08-10,7224.32,WH-DETROIT
CUST-JOIN-4220,Freight Account 4220,North America,Startup,ORD-04220,2026-08-10,6474.92,WH-DETROIT
CUST-JOIN-4221,Freight Account 4221,North America,Startup,ORD-04221,2026-08-10,2547.94,WH-DETROIT
CUST-JOIN-4222,Freight Account 4222,Europe,Startup,ORD-04222,2026-08-10,5410.99,WH-NEWYORK
CUST-JOIN-4223,Freight Account 4223,Europe,Enterprise,ORD-04223,2026-08-10,5090.75,WH-DETROIT
CUST-JOIN-4224,Freight Account 4224,North America,Startup,ORD-04224,2026-08-10,5861.3,WH-MIAMI
CUST-JOIN-4225,Freight Account 4225,Asia Pacific,Startup,ORD-04225,2026-08-10,6087.92,WH-CHICAGO
CUST-JOIN-4226,Freight Account 4226,Europe,SMB,ORD-04226,2026-08-10,6865.96,WH-MIAMI
CUST-JOIN-4227,Freight Account 4227,North America,SMB,ORD-04227,2026-08-10,3436.68,WH-DETROIT
CUST-JOIN-4228,Freight Account 4228,Europe,Startup,ORD-04228,2026-08-10,3935.75,WH-MIAMI
CUST-JOIN-4229,Freight Account 4229,Asia Pacific,Startup,ORD-04229,2026-08-10,6834.15,WH-MIAMI
CUST-JOIN-4230,Freight Account 4230,Asia Pacific,Startup,ORD-04230,2026-08-10,471.19,WH-DETROIT
CUST-JOIN-4231,Freight Account 4231,North America,Enterprise,ORD-04231,2026-08-10,5344.12,WH-CHICAGO
CUST-JOIN-4232,Freight Account 4232,Asia Pacific,Startup,ORD-04232,2026-08-10,644.71,WH-NEWYORK
CUST-JOIN-4233,Freight Account 4233,North America,Startup,ORD-04233,2026-08-10,1716.68,WH-CHICAGO
CUST-JOIN-4234,Freight Account 4234,Asia Pacific,Startup,ORD-04234,2026-08-10,6527.14,WH-DETROIT
CUST-JOIN-4235,Freight Account 4235,Asia Pacific,Startup,ORD-04235,2026-08-10,6304.99,WH-CHICAGO
CUST-JOIN-4236,Freight Account 4236,Europe,Startup,ORD-04236,2026-08-10,6242.33,WH-MIAMI
CUST-JOIN-4237,Freight Account 4237,Asia Pacific,SMB,ORD-04237,2026-08-10,5546.47,WH-DETROIT
CUST-JOIN-4238,Freight Account 4238,Asia Pacific,Startup,ORD-04238,2026-08-10,3845.51,WH-MIAMI
CUST-JOIN-4239,Freight Account 4239,Europe,SMB,ORD-04239,2026-08-10,2260.22,WH-MIAMI
CUST-JOIN-4240,Freight Account 4240,Asia Pacific,Enterprise,ORD-04240,2026-08-10,226.17,WH-NEWYORK
CUST-JOIN-4241,Freight Account 4241,Asia Pacific,Startup,ORD-04241,2026-08-11,612.88,WH-MIAMI
CUST-JOIN-4242,Freight Account 4242,North America,Startup,ORD-04242,2026-08-11,3354.72,WH-NEWYORK
CUST-JOIN-4243,Freight Account 4243,North America,Startup,ORD-04243,2026-08-11,3631.29,WH-MIAMI
CUST-JOIN-4244,Freight Account 4244,Asia Pacific,Startup,ORD-04244,2026-08-11,5076.54,WH-CHICAGO
CUST-JOIN-4245,Freight Account 4245,Asia Pacific,SMB,ORD-04245,2026-08-11,2439.43,WH-MIAMI
CUST-JOIN-4246,Freight Account 4246,Europe,Startup,ORD-04246,2026-08-11,4024.89,WH-DETROIT
CUST-JOIN-4247,Freight Account 4247,Asia Pacific,SMB,ORD-04247,2026-08-11,7896.07,WH-MIAMI
CUST-JOIN-4248,Freight Account 4248,Asia Pacific,SMB,ORD-04248,2026-08-11,1528.28,WH-CHICAGO
CUST-JOIN-4249,Freight Account 4249,Europe,SMB,ORD-04249,2026-08-11,2691.13,WH-DETROIT
CUST-JOIN-4250,Freight Account 4250,Asia Pacific,SMB,ORD-04250,2026-08-11,7984.92,WH-CHICAGO
CUST-JOIN-4251,Freight Account 4251,Europe,Startup,ORD-04251,2026-08-11,7058.12,WH-DETROIT
CUST-JOIN-4252,Freight Account 4252,Asia Pacific,Startup,ORD-04252,2026-08-11,1864.92,WH-MIAMI
CUST-JOIN-4253,Freight Account 4253,Europe,Startup,ORD-04253,2026-08-11,4473.94,WH-CHICAGO
CUST-JOIN-4254,Freight Account 4254,Asia Pacific,SMB,ORD-04254,2026-08-11,6416.8,WH-NEWYORK
CUST-JOIN-4255,Freight Account 4255,Europe,Startup,ORD-04255,2026-08-11,1892.58,WH-NEWYORK
CUST-JOIN-4256,Freight Account 4256,Asia Pacific,SMB,ORD-04256,2026-08-11,800.21,WH-DETROIT
CUST-JOIN-4257,Freight Account 4257,Asia Pacific,SMB,ORD-04257,2026-08-11,6377.57,WH-MIAMI
CUST-JOIN-4258,Freight Account 4258,Asia Pacific,SMB,ORD-04258,2026-08-11,435.45,WH-MIAMI
CUST-JOIN-4259,Freight Account 4259,North America,SMB,ORD-04259,2026-08-11,3671.97,WH-NEWYORK
CUST-JOIN-4260,Freight Account 4260,Europe,Startup,ORD-04260,2026-08-11,4615.88,WH-MIAMI
CUST-JOIN-4261,Freight Account 4261,Asia Pacific,Startup,ORD-04261,2026-08-11,381.48,WH-CHICAGO
CUST-JOIN-4262,Freight Account 4262,North America,SMB,ORD-04262,2026-08-11,4690.1,WH-MIAMI
CUST-JOIN-4263,Freight Account 4263,Europe,SMB,ORD-04263,2026-08-11,1058.11,WH-CHICAGO
CUST-JOIN-4264,Freight Account 4264,Asia Pacific,Startup,ORD-04264,2026-08-11,6709.09,WH-NEWYORK
CUST-JOIN-4265,Freight Account 4265,Asia Pacific,SMB,ORD-04265,2026-08-12,2724.9,WH-MIAMI
CUST-JOIN-4266,Freight Account 4266,Asia Pacific,Enterprise,ORD-04266,2026-08-12,5598.46,WH-CHICAGO
CUST-JOIN-4267,Freight Account 4267,Asia Pacific,Startup,ORD-04267,2026-08-12,6394.28,WH-NEWYORK
CUST-JOIN-4268,Freight Account 4268,Asia Pacific,Startup,ORD-04268,2026-08-12,6124.34,WH-CHICAGO
CUST-JOIN-4269,Freight Account 4269,Europe,Enterprise,ORD-04269,2026-08-12,4645.48,WH-CHICAGO
CUST-JOIN-4270,Freight Account 4270,Europe,SMB,ORD-04270,2026-08-12,5893.91,WH-CHICAGO
CUST-JOIN-4271,Freight Account 4271,Europe,SMB,ORD-04271,2026-08-12,5918.97,WH-CHICAGO
CUST-JOIN-4272,Freight Account 4272,North America,SMB,ORD-04272,2026-08-12,5923.1,WH-MIAMI
CUST-JOIN-4273,Freight Account 4273,Europe,SMB,ORD-04273,2026-08-12,7803.79,WH-CHICAGO
CUST-JOIN-4274,Freight Account 4274,Asia Pacific,SMB,ORD-04274,2026-08-12,4365.14,WH-CHICAGO
CUST-JOIN-4275,Freight Account 4275,Asia Pacific,Enterprise,ORD-04275,2026-08-12,5212.18,WH-MIAMI
CUST-JOIN-4276,Freight Account 4276,Asia Pacific,Startup,ORD-04276,2026-08-12,6961.1,WH-CHICAGO
CUST-JOIN-4277,Freight Account 4277,North America,Enterprise,ORD-04277,2026-08-12,5041.28,WH-DETROIT
CUST-JOIN-4278,Freight Account 4278,Asia Pacific,Startup,ORD-04278,2026-08-12,3801.42,WH-DETROIT
CUST-JOIN-4279,Freight Account 4279,Asia Pacific,Startup,ORD-04279,2026-08-12,6024.63,WH-MIAMI
CUST-JOIN-4280,Freight Account 4280,Europe,SMB,ORD-04280,2026-08-12,2927.97,WH-DETROIT
CUST-JOIN-4281,Freight Account 4281,Asia Pacific,Startup,ORD-04281,2026-08-12,5706.07,WH-DETROIT
CUST-JOIN-4282,Freight Account 4282,Europe,Startup,ORD-04282,2026-08-12,2806.87,WH-DETROIT
CUST-JOIN-4283,Freight Account 4283,Europe,Startup,ORD-04283,2026-08-12,715.25,WH-NEWYORK
CUST-JOIN-4284,Freight Account 4284,North America,Startup,ORD-04284,2026-08-12,3313.37,WH-DETROIT
CUST-JOIN-4285,Freight Account 4285,Asia Pacific,Enterprise,ORD-04285,2026-08-12,5225.2,WH-DETROIT
CUST-JOIN-4286,Freight Account 4286,North America,Startup,ORD-04286,2026-08-12,7740.99,WH-NEWYORK
CUST-JOIN-4287,Freight Account 4287,Asia Pacific,SMB,ORD-04287,2026-08-12,4025.64,WH-MIAMI
CUST-JOIN-4288,Freight Account 4288,Europe,SMB,ORD-04288,2026-08-12,2532.82,WH-MIAMI
CUST-JOIN-4289,Freight Account 4289,Europe,Startup,ORD-04289,2026-08-13,1973.26,WH-CHICAGO
CUST-JOIN-4290,Freight Account 4290,North America,SMB,ORD-04290,2026-08-13,5651.78,WH-MIAMI
CUST-JOIN-4291,Freight Account 4291,Europe,SMB,ORD-04291,2026-08-13,5316.74,WH-MIAMI
CUST-JOIN-4292,Freight Account 4292,North America,SMB,ORD-04292,2026-08-13,7594.62,WH-CHICAGO
CUST-JOIN-4293,Freight Account 4293,Asia Pacific,Startup,ORD-04293,2026-08-13,3524.9,WH-DETROIT
CUST-JOIN-4294,Freight Account 4294,Asia Pacific,Startup,ORD-04294,2026-08-13,2149.7,WH-DETROIT
CUST-JOIN-4295,Freight Account 4295,North America,Enterprise,ORD-04295,2026-08-13,2226.05,WH-MIAMI
CUST-JOIN-4296,Freight Account 4296,North America,SMB,ORD-04296,2026-08-13,868.46,WH-NEWYORK
CUST-JOIN-4297,Freight Account 4297,Europe,Startup,ORD-04297,2026-08-13,1114.06,WH-MIAMI
CUST-JOIN-4298,Freight Account 4298,Asia Pacific,Startup,ORD-04298,2026-08-13,1917.49,WH-CHICAGO
CUST-JOIN-4299,Freight Account 4299,Asia Pacific,SMB,ORD-04299,2026-08-13,5452.38,WH-NEWYORK
CUST-JOIN-4300,Freight Account 4300,Europe,SMB,ORD-04300,2026-08-13,7879.0,WH-CHICAGO
CUST-JOIN-4301,Freight Account 4301,Europe,Startup,ORD-04301,2026-08-13,3408.36,WH-CHICAGO
CUST-JOIN-4302,Freight Account 4302,Asia Pacific,Startup,ORD-04302,2026-08-13,641.17,WH-DETROIT
CUST-JOIN-4303,Freight Account 4303,Europe,Startup,ORD-04303,2026-08-13,3454.24,WH-MIAMI
CUST-JOIN-4304,Freight Account 4304,Asia Pacific,SMB,ORD-04304,2026-08-13,5824.26,WH-CHICAGO
CUST-JOIN-4305,Freight Account 4305,Europe,Startup,ORD-04305,2026-08-13,5099.53,WH-MIAMI
CUST-JOIN-4306,Freight Account 4306,Asia Pacific,Startup,ORD-04306,2026-08-13,1125.2,WH-MIAMI
CUST-JOIN-4307,Freight Account 4307,North America,SMB,ORD-04307,2026-08-13,3901.41,WH-MIAMI
CUST-JOIN-4308,Freight Account 4308,Asia Pacific,Startup,ORD-04308,2026-08-13,322.52,WH-NEWYORK
CUST-JOIN-4309,Freight Account 4309,North America,SMB,ORD-04309,2026-08-13,5184.21,WH-DETROIT
CUST-JOIN-4310,Freight Account 4310,Asia Pacific,Enterprise,ORD-04310,2026-08-13,4683.16,WH-DETROIT
CUST-JOIN-4311,Freight Account 4311,Europe,Startup,ORD-04311,2026-08-13,7825.33,WH-MIAMI
CUST-JOIN-4312,Freight Account 4312,Asia Pacific,Startup,ORD-04312,2026-08-13,5610.67,WH-DETROIT
CUST-JOIN-4313,Freight Account 4313,Europe,Startup,ORD-04313,2026-08-14,6508.41,WH-MIAMI
CUST-JOIN-4314,Freight Account 4314,Asia Pacific,Enterprise,ORD-04314,2026-08-14,1563.57,WH-DETROIT
CUST-JOIN-4315,Freight Account 4315,Asia Pacific,Startup,ORD-04315,2026-08-14,1300.16,WH-NEWYORK
CUST-JOIN-4316,Freight Account 4316,Asia Pacific,Startup,ORD-04316,2026-08-14,7625.33,WH-DETROIT
CUST-JOIN-4317,Freight Account 4317,North America,SMB,ORD-04317,2026-08-14,2172.01,WH-NEWYORK
CUST-JOIN-4318,Freight Account 4318,North America,Startup,ORD-04318,2026-08-14,3141.94,WH-MIAMI
CUST-JOIN-4319,Freight Account 4319,Asia Pacific,Enterprise,ORD-04319,2026-08-14,4680.87,WH-MIAMI
CUST-JOIN-4320,Freight Account 4320,Europe,Enterprise,ORD-04320,2026-08-14,1199.59,WH-MIAMI
CUST-JOIN-4321,Freight Account 4321,Europe,Startup,ORD-04321,2026-08-14,2436.65,WH-DETROIT
CUST-JOIN-4322,Freight Account 4322,Asia Pacific,Startup,ORD-04322,2026-08-14,4888.72,WH-DETROIT
CUST-JOIN-4323,Freight Account 4323,Europe,SMB,ORD-04323,2026-08-14,4481.61,WH-NEWYORK
CUST-JOIN-4324,Freight Account 4324,Europe,Startup,ORD-04324,2026-08-14,593.07,WH-NEWYORK
CUST-JOIN-4325,Freight Account 4325,North America,SMB,ORD-04325,2026-08-14,2748.09,WH-NEWYORK
CUST-JOIN-4326,Freight Account 4326,Asia Pacific,Enterprise,ORD-04326,2026-08-14,6094.41,WH-CHICAGO
CUST-JOIN-4327,Freight Account 4327,Asia Pacific,Startup,ORD-04327,2026-08-14,3018.12,WH-NEWYORK
CUST-JOIN-4328,Freight Account 4328,Asia Pacific,SMB,ORD-04328,2026-08-14,1727.53,WH-MIAMI
CUST-JOIN-4329,Freight Account 4329,North America,SMB,ORD-04329,2026-08-14,1372.3,WH-NEWYORK
CUST-JOIN-4330,Freight Account 4330,Asia Pacific,Startup,ORD-04330,2026-08-14,548.9,WH-DETROIT
CUST-JOIN-4331,Freight Account 4331,North America,SMB,ORD-04331,2026-08-14,2149.74,WH-CHICAGO
CUST-JOIN-4332,Freight Account 4332,Asia Pacific,SMB,ORD-04332,2026-08-14,927.42,WH-MIAMI
CUST-JOIN-4333,Freight Account 4333,Asia Pacific,Enterprise,ORD-04333,2026-08-14,3050.62,WH-NEWYORK
CUST-JOIN-4334,Freight Account 4334,Asia Pacific,Startup,ORD-04334,2026-08-14,2726.39,WH-MIAMI
CUST-JOIN-4335,Freight Account 4335,Europe,SMB,ORD-04335,2026-08-14,5637.83,WH-NEWYORK
CUST-JOIN-4336,Freight Account 4336,Europe,Startup,ORD-04336,2026-08-14,907.81,WH-NEWYORK
CUST-JOIN-4337,Freight Account 4337,North America,Startup,ORD-04337,2026-08-15,5089.39,WH-CHICAGO
CUST-JOIN-4338,Freight Account 4338,Asia Pacific,Enterprise,ORD-04338,2026-08-15,1416.69,WH-CHICAGO
CUST-JOIN-4339,Freight Account 4339,Europe,SMB,ORD-04339,2026-08-15,1757.2,WH-CHICAGO
CUST-JOIN-4340,Freight Account 4340,Europe,SMB,ORD-04340,2026-08-15,529.52,WH-DETROIT
CUST-JOIN-4341,Freight Account 4341,Europe,SMB,ORD-04341,2026-08-15,3816.04,WH-CHICAGO
CUST-JOIN-4342,Freight Account 4342,Asia Pacific,SMB,ORD-04342,2026-08-15,2299.25,WH-CHICAGO
CUST-JOIN-4343,Freight Account 4343,North America,Startup,ORD-04343,2026-08-15,3368.92,WH-NEWYORK
CUST-JOIN-4344,Freight Account 4344,Asia Pacific,Startup,ORD-04344,2026-08-15,6386.25,WH-CHICAGO
CUST-JOIN-4345,Freight Account 4345,Asia Pacific,Enterprise,ORD-04345,2026-08-15,5821.53,WH-MIAMI
CUST-JOIN-4346,Freight Account 4346,Asia Pacific,SMB,ORD-04346,2026-08-15,4909.13,WH-MIAMI
CUST-JOIN-4347,Freight Account 4347,North America,SMB,ORD-04347,2026-08-15,7756.89,WH-DETROIT
CUST-JOIN-4348,Freight Account 4348,Asia Pacific,SMB,ORD-04348,2026-08-15,6233.29,WH-DETROIT
CUST-JOIN-4349,Freight Account 4349,North America,SMB,ORD-04349,2026-08-15,2118.82,WH-MIAMI
CUST-JOIN-4350,Freight Account 4350,Europe,Startup,ORD-04350,2026-08-15,6277.27,WH-MIAMI
CUST-JOIN-4351,Freight Account 4351,North America,Startup,ORD-04351,2026-08-15,2125.83,WH-NEWYORK
CUST-JOIN-4352,Freight Account 4352,Europe,SMB,ORD-04352,2026-08-15,2829.47,WH-DETROIT
CUST-JOIN-4353,Freight Account 4353,Europe,SMB,ORD-04353,2026-08-15,709.68,WH-DETROIT
CUST-JOIN-4354,Freight Account 4354,Europe,SMB,ORD-04354,2026-08-15,3328.38,WH-NEWYORK
CUST-JOIN-4355,Freight Account 4355,Europe,SMB,ORD-04355,2026-08-15,2413.78,WH-MIAMI
CUST-JOIN-4356,Freight Account 4356,North America,SMB,ORD-04356,2026-08-15,3484.14,WH-NEWYORK
CUST-JOIN-4357,Freight Account 4357,Asia Pacific,SMB,ORD-04357,2026-08-15,913.94,WH-DETROIT
CUST-JOIN-4358,Freight Account 4358,Asia Pacific,SMB,ORD-04358,2026-08-15,6542.63,WH-MIAMI
CUST-JOIN-4359,Freight Account 4359,North America,SMB,ORD-04359,2026-08-15,1988.02,WH-CHICAGO
CUST-JOIN-4360,Freight Account 4360,Europe,Startup,ORD-04360,2026-08-15,3107.95,WH-MIAMI
CUST-JOIN-4361,Freight Account 4361,North America,Startup,ORD-04361,2026-08-16,1020.42,WH-CHICAGO
CUST-JOIN-4362,Freight Account 4362,Europe,Enterprise,ORD-04362,2026-08-16,4738.33,WH-CHICAGO
CUST-JOIN-4363,Freight Account 4363,Europe,SMB,ORD-04363,2026-08-16,4389.02,WH-DETROIT
CUST-JOIN-4364,Freight Account 4364,Europe,SMB,ORD-04364,2026-08-16,296.61,WH-CHICAGO
CUST-JOIN-4365,Freight Account 4365,Asia Pacific,SMB,ORD-04365,2026-08-16,2263.49,WH-MIAMI
CUST-JOIN-4366,Freight Account 4366,Europe,SMB,ORD-04366,2026-08-16,5473.37,WH-MIAMI
CUST-JOIN-4367,Freight Account 4367,North America,Startup,ORD-04367,2026-08-16,4772.58,WH-CHICAGO
CUST-JOIN-4368,Freight Account 4368,Asia Pacific,Enterprise,ORD-04368,2026-08-16,377.0,WH-MIAMI
CUST-JOIN-4369,Freight Account 4369,Europe,Startup,ORD-04369,2026-08-16,3526.07,WH-CHICAGO
CUST-JOIN-4370,Freight Account 4370,North America,SMB,ORD-04370,2026-08-16,3674.0,WH-DETROIT
CUST-JOIN-4371,Freight Account 4371,Europe,SMB,ORD-04371,2026-08-16,3568.15,WH-MIAMI
CUST-JOIN-4372,Freight Account 4372,Asia Pacific,Startup,ORD-04372,2026-08-16,7948.04,WH-MIAMI
CUST-JOIN-4373,Freight Account 4373,Asia Pacific,Startup,ORD-04373,2026-08-16,5994.53,WH-DETROIT
CUST-JOIN-4374,Freight Account 4374,Asia Pacific,Startup,ORD-04374,2026-08-16,673.76,WH-MIAMI
CUST-JOIN-4375,Freight Account 4375,Asia Pacific,Startup,ORD-04375,2026-08-16,5369.18,WH-DETROIT
CUST-JOIN-4376,Freight Account 4376,North America,Startup,ORD-04376,2026-08-16,1692.26,WH-CHICAGO
CUST-JOIN-4377,Freight Account 4377,North America,SMB,ORD-04377,2026-08-16,5618.23,WH-DETROIT
CUST-JOIN-4378,Freight Account 4378,Asia Pacific,Startup,ORD-04378,2026-08-16,7550.06,WH-NEWYORK
CUST-JOIN-4379,Freight Account 4379,Asia Pacific,Startup,ORD-04379,2026-08-16,7806.62,WH-MIAMI
CUST-JOIN-4380,Freight Account 4380,Europe,Startup,ORD-04380,2026-08-16,5715.36,WH-MIAMI
CUST-JOIN-4381,Freight Account 4381,Europe,Startup,ORD-04381,2026-08-16,4302.48,WH-DETROIT
CUST-JOIN-4382,Freight Account 4382,Europe,SMB,ORD-04382,2026-08-16,2809.0,WH-DETROIT
CUST-JOIN-4383,Freight Account 4383,North America,Startup,ORD-04383,2026-08-16,859.99,WH-NEWYORK
CUST-JOIN-4384,Freight Account 4384,Europe,SMB,ORD-04384,2026-08-16,7227.35,WH-CHICAGO
CUST-JOIN-4385,Freight Account 4385,North America,SMB,ORD-04385,2026-08-17,1998.5,WH-DETROIT
CUST-JOIN-4386,Freight Account 4386,Europe,Startup,ORD-04386,2026-08-17,6194.11,WH-MIAMI
CUST-JOIN-4387,Freight Account 4387,North America,Startup,ORD-04387,2026-08-17,4716.2,WH-CHICAGO
CUST-JOIN-4388,Freight Account 4388,Europe,SMB,ORD-04388,2026-08-17,3933.96,WH-MIAMI
CUST-JOIN-4389,Freight Account 4389,Asia Pacific,Startup,ORD-04389,2026-08-17,3624.91,WH-NEWYORK
CUST-JOIN-4390,Freight Account 4390,Asia Pacific,Startup,ORD-04390,2026-08-17,7472.28,WH-NEWYORK
CUST-JOIN-4391,Freight Account 4391,Europe,SMB,ORD-04391,2026-08-17,5950.25,WH-CHICAGO
CUST-JOIN-4392,Freight Account 4392,North America,Startup,ORD-04392,2026-08-17,675.91,WH-NEWYORK
CUST-JOIN-4393,Freight Account 4393,Europe,SMB,ORD-04393,2026-08-17,5969.74,WH-MIAMI
CUST-JOIN-4394,Freight Account 4394,Asia Pacific,SMB,ORD-04394,2026-08-17,6584.89,WH-CHICAGO
CUST-JOIN-4395,Freight Account 4395,North America,SMB,ORD-04395,2026-08-17,4334.87,WH-MIAMI
CUST-JOIN-4396,Freight Account 4396,North America,Startup,ORD-04396,2026-08-17,1272.78,WH-DETROIT
CUST-JOIN-4397,Freight Account 4397,North America,SMB,ORD-04397,2026-08-17,497.4,WH-NEWYORK
CUST-JOIN-4398,Freight Account 4398,Asia Pacific,Startup,ORD-04398,2026-08-17,7548.23,WH-DETROIT
CUST-JOIN-4399,Freight Account 4399,Europe,Startup,ORD-04399,2026-08-17,1310.45,WH-DETROIT
CUST-JOIN-4400,Freight Account 4400,Asia Pacific,Enterprise,ORD-04400,2026-08-17,719.67,WH-MIAMI
CUST-JOIN-4401,Freight Account 4401,Asia Pacific,Startup,ORD-04401,2026-08-17,1439.96,WH-NEWYORK
CUST-JOIN-4402,Freight Account 4402,North America,Startup,ORD-04402,2026-08-17,467.89,WH-MIAMI
CUST-JOIN-4403,Freight Account 4403,Asia Pacific,Enterprise,ORD-04403,2026-08-17,5663.35,WH-CHICAGO
CUST-JOIN-4404,Freight Account 4404,Europe,Startup,ORD-04404,2026-08-17,4223.93,WH-DETROIT
CUST-JOIN-4405,Freight Account 4405,Europe,Startup,ORD-04405,2026-08-17,5578.96,WH-MIAMI
CUST-JOIN-4406,Freight Account 4406,Europe,Startup,ORD-04406,2026-08-17,1975.47,WH-NEWYORK
CUST-JOIN-4407,Freight Account 4407,North America,Startup,ORD-04407,2026-08-17,4749.18,WH-CHICAGO
CUST-JOIN-4408,Freight Account 4408,Asia Pacific,Enterprise,ORD-04408,2026-08-17,3016.19,WH-CHICAGO
CUST-JOIN-4409,Freight Account 4409,Asia Pacific,Startup,ORD-04409,2026-08-18,7110.24,WH-CHICAGO
CUST-JOIN-4410,Freight Account 4410,Asia Pacific,Startup,ORD-04410,2026-08-18,1778.45,WH-NEWYORK
CUST-JOIN-4411,Freight Account 4411,North America,Startup,ORD-04411,2026-08-18,7649.05,WH-CHICAGO
CUST-JOIN-4412,Freight Account 4412,Asia Pacific,Startup,ORD-04412,2026-08-18,7620.66,WH-DETROIT
CUST-JOIN-4413,Freight Account 4413,North America,Enterprise,ORD-04413,2026-08-18,3232.09,WH-MIAMI
CUST-JOIN-4414,Freight Account 4414,North America,SMB,ORD-04414,2026-08-18,5214.25,WH-CHICAGO
CUST-JOIN-4415,Freight Account 4415,North America,SMB,ORD-04415,2026-08-18,2749.05,WH-NEWYORK
CUST-JOIN-4416,Freight Account 4416,Asia Pacific,SMB,ORD-04416,2026-08-18,7754.36,WH-DETROIT
CUST-JOIN-4417,Freight Account 4417,Europe,Enterprise,ORD-04417,2026-08-18,7231.25,WH-MIAMI
CUST-JOIN-4418,Freight Account 4418,Asia Pacific,SMB,ORD-04418,2026-08-18,6261.14,WH-DETROIT
CUST-JOIN-4419,Freight Account 4419,Europe,Startup,ORD-04419,2026-08-18,6102.16,WH-DETROIT
CUST-JOIN-4420,Freight Account 4420,Europe,Startup,ORD-04420,2026-08-18,5167.11,WH-DETROIT
CUST-JOIN-4421,Freight Account 4421,Europe,SMB,ORD-04421,2026-08-18,1838.46,WH-MIAMI
CUST-JOIN-4422,Freight Account 4422,Asia Pacific,Startup,ORD-04422,2026-08-18,5251.65,WH-DETROIT
CUST-JOIN-4423,Freight Account 4423,Europe,SMB,ORD-04423,2026-08-18,6970.21,WH-DETROIT
CUST-JOIN-4424,Freight Account 4424,Asia Pacific,SMB,ORD-04424,2026-08-18,3465.97,WH-MIAMI
CUST-JOIN-4425,Freight Account 4425,Europe,SMB,ORD-04425,2026-08-18,6482.86,WH-MIAMI
CUST-JOIN-4426,Freight Account 4426,North America,SMB,ORD-04426,2026-08-18,2883.02,WH-NEWYORK
CUST-JOIN-4427,Freight Account 4427,Asia Pacific,SMB,ORD-04427,2026-08-18,7217.23,WH-MIAMI
CUST-JOIN-4428,Freight Account 4428,North America,SMB,ORD-04428,2026-08-18,3438.34,WH-MIAMI
CUST-JOIN-4429,Freight Account 4429,Europe,Startup,ORD-04429,2026-08-18,4286.08,WH-DETROIT
CUST-JOIN-4430,Freight Account 4430,Europe,SMB,ORD-04430,2026-08-18,205.65,WH-MIAMI
CUST-JOIN-4431,Freight Account 4431,Asia Pacific,Startup,ORD-04431,2026-08-18,7686.69,WH-NEWYORK
CUST-JOIN-4432,Freight Account 4432,Asia Pacific,Startup,ORD-04432,2026-08-18,6946.22,WH-NEWYORK
CUST-JOIN-4433,Freight Account 4433,North America,Startup,ORD-04433,2026-08-19,6167.6,WH-NEWYORK
CUST-JOIN-4434,Freight Account 4434,Europe,Startup,ORD-04434,2026-08-19,818.61,WH-DETROIT
CUST-JOIN-4435,Freight Account 4435,North America,SMB,ORD-04435,2026-08-19,6438.99,WH-DETROIT
CUST-JOIN-4436,Freight Account 4436,Asia Pacific,SMB,ORD-04436,2026-08-19,5143.29,WH-DETROIT
CUST-JOIN-4437,Freight Account 4437,Asia Pacific,SMB,ORD-04437,2026-08-19,2344.65,WH-MIAMI
CUST-JOIN-4438,Freight Account 4438,North America,Startup,ORD-04438,2026-08-19,2985.34,WH-NEWYORK
CUST-JOIN-4439,Freight Account 4439,North America,SMB,ORD-04439,2026-08-19,6838.59,WH-DETROIT
CUST-JOIN-4440,Freight Account 4440,Europe,Startup,ORD-04440,2026-08-19,6522.59,WH-NEWYORK
CUST-JOIN-4441,Freight Account 4441,Asia Pacific,SMB,ORD-04441,2026-08-19,7379.26,WH-DETROIT
CUST-JOIN-4442,Freight Account 4442,Europe,Startup,ORD-04442,2026-08-19,3683.03,WH-DETROIT
CUST-JOIN-4443,Freight Account 4443,North America,Startup,ORD-04443,2026-08-19,1723.48,WH-DETROIT
CUST-JOIN-4444,Freight Account 4444,North America,SMB,ORD-04444,2026-08-19,6778.27,WH-MIAMI
CUST-JOIN-4445,Freight Account 4445,Asia Pacific,SMB,ORD-04445,2026-08-19,2521.47,WH-MIAMI
CUST-JOIN-4446,Freight Account 4446,North America,Enterprise,ORD-04446,2026-08-19,2140.76,WH-DETROIT
CUST-JOIN-4447,Freight Account 4447,Asia Pacific,Startup,ORD-04447,2026-08-19,6400.94,WH-DETROIT
CUST-JOIN-4448,Freight Account 4448,Asia Pacific,SMB,ORD-04448,2026-08-19,5686.94,WH-CHICAGO
CUST-JOIN-4449,Freight Account 4449,Europe,SMB,ORD-04449,2026-08-19,802.61,WH-NEWYORK
CUST-JOIN-4450,Freight Account 4450,Europe,Startup,ORD-04450,2026-08-19,597.44,WH-NEWYORK
CUST-JOIN-4451,Freight Account 4451,North America,Startup,ORD-04451,2026-08-19,7490.02,WH-DETROIT
CUST-JOIN-4452,Freight Account 4452,North America,Startup,ORD-04452,2026-08-19,6196.0,WH-CHICAGO
CUST-JOIN-4453,Freight Account 4453,Europe,Startup,ORD-04453,2026-08-19,7842.19,WH-MIAMI
CUST-JOIN-4454,Freight Account 4454,North America,Enterprise,ORD-04454,2026-08-19,7127.4,WH-DETROIT
CUST-JOIN-4455,Freight Account 4455,North America,SMB,ORD-04455,2026-08-19,2033.13,WH-NEWYORK
CUST-JOIN-4456,Freight Account 4456,North America,SMB,ORD-04456,2026-08-19,445.82,WH-DETROIT
CUST-JOIN-4457,Freight Account 4457,North America,Startup,ORD-04457,2026-08-20,3956.16,WH-DETROIT
CUST-JOIN-4458,Freight Account 4458,Europe,Enterprise,ORD-04458,2026-08-20,5176.78,WH-NEWYORK
CUST-JOIN-4459,Freight Account 4459,North America,SMB,ORD-04459,2026-08-20,2003.16,WH-DETROIT
CUST-JOIN-4460,Freight Account 4460,North America,Startup,ORD-04460,2026-08-20,1503.59,WH-MIAMI
CUST-JOIN-4461,Freight Account 4461,Europe,SMB,ORD-04461,2026-08-20,5151.4,WH-NEWYORK
CUST-JOIN-4462,Freight Account 4462,Asia Pacific,SMB,ORD-04462,2026-08-20,7530.61,WH-MIAMI
CUST-JOIN-4463,Freight Account 4463,Europe,Startup,ORD-04463,2026-08-20,4040.43,WH-CHICAGO
CUST-JOIN-4464,Freight Account 4464,Europe,SMB,ORD-04464,2026-08-20,3245.79,WH-DETROIT
CUST-JOIN-4465,Freight Account 4465,Europe,Enterprise,ORD-04465,2026-08-20,5127.32,WH-MIAMI
CUST-JOIN-4466,Freight Account 4466,Asia Pacific,SMB,ORD-04466,2026-08-20,7157.7,WH-MIAMI
CUST-JOIN-4467,Freight Account 4467,Asia Pacific,SMB,ORD-04467,2026-08-20,6594.98,WH-MIAMI
CUST-JOIN-4468,Freight Account 4468,Asia Pacific,SMB,ORD-04468,2026-08-20,5380.17,WH-CHICAGO
CUST-JOIN-4469,Freight Account 4469,Asia Pacific,Startup,ORD-04469,2026-08-20,4491.84,WH-DETROIT
CUST-JOIN-4470,Freight Account 4470,North America,Startup,ORD-04470,2026-08-20,4817.84,WH-CHICAGO
CUST-JOIN-4471,Freight Account 4471,North America,Startup,ORD-04471,2026-08-20,4143.55,WH-MIAMI
CUST-JOIN-4472,Freight Account 4472,Asia Pacific,SMB,ORD-04472,2026-08-20,920.1,WH-MIAMI
CUST-JOIN-4473,Freight Account 4473,North America,SMB,ORD-04473,2026-08-20,1473.87,WH-NEWYORK
CUST-JOIN-4474,Freight Account 4474,Asia Pacific,SMB,ORD-04474,2026-08-20,2916.96,WH-CHICAGO
CUST-JOIN-4475,Freight Account 4475,North America,Startup,ORD-04475,2026-08-20,539.11,WH-MIAMI
CUST-JOIN-4476,Freight Account 4476,Europe,Startup,ORD-04476,2026-08-20,7936.47,WH-DETROIT
CUST-JOIN-4477,Freight Account 4477,Europe,SMB,ORD-04477,2026-08-20,2150.02,WH-MIAMI
CUST-JOIN-4478,Freight Account 4478,North America,SMB,ORD-04478,2026-08-20,6693.52,WH-DETROIT
CUST-JOIN-4479,Freight Account 4479,Asia Pacific,SMB,ORD-04479,2026-08-20,2375.1,WH-CHICAGO
CUST-JOIN-4480,Freight Account 4480,Europe,SMB,ORD-04480,2026-08-20,5628.05,WH-NEWYORK
CUST-JOIN-4481,Freight Account 4481,North America,Startup,ORD-04481,2026-08-21,590.98,WH-NEWYORK
CUST-JOIN-4482,Freight Account 4482,North America,Startup,ORD-04482,2026-08-21,1849.46,WH-MIAMI
CUST-JOIN-4483,Freight Account 4483,North America,SMB,ORD-04483,2026-08-21,5609.23,WH-MIAMI
CUST-JOIN-4484,Freight Account 4484,North America,Startup,ORD-04484,2026-08-21,6172.22,WH-DETROIT
CUST-JOIN-4485,Freight Account 4485,North America,SMB,ORD-04485,2026-08-21,3255.94,WH-CHICAGO
CUST-JOIN-4486,Freight Account 4486,North America,Startup,ORD-04486,2026-08-21,819.77,WH-DETROIT
CUST-JOIN-4487,Freight Account 4487,North America,Startup,ORD-04487,2026-08-21,4964.56,WH-NEWYORK
CUST-JOIN-4488,Freight Account 4488,Europe,Startup,ORD-04488,2026-08-21,6708.32,WH-CHICAGO
CUST-JOIN-4489,Freight Account 4489,North America,SMB,ORD-04489,2026-08-21,4325.19,WH-MIAMI
CUST-JOIN-4490,Freight Account 4490,North America,Enterprise,ORD-04490,2026-08-21,6518.09,WH-CHICAGO
CUST-JOIN-4491,Freight Account 4491,North America,SMB,ORD-04491,2026-08-21,3321.72,WH-MIAMI
CUST-JOIN-4492,Freight Account 4492,Europe,SMB,ORD-04492,2026-08-21,7460.71,WH-MIAMI
CUST-JOIN-4493,Freight Account 4493,Europe,SMB,ORD-04493,2026-08-21,1652.55,WH-NEWYORK
CUST-JOIN-4494,Freight Account 4494,North America,Startup,ORD-04494,2026-08-21,7318.76,WH-MIAMI
CUST-JOIN-4495,Freight Account 4495,North America,SMB,ORD-04495,2026-08-21,7417.63,WH-CHICAGO
CUST-JOIN-4496,Freight Account 4496,Europe,Enterprise,ORD-04496,2026-08-21,3747.9,WH-MIAMI
CUST-JOIN-4497,Freight Account 4497,North America,Startup,ORD-04497,2026-08-21,2301.19,WH-MIAMI
CUST-JOIN-4498,Freight Account 4498,Europe,SMB,ORD-04498,2026-08-21,5970.96,WH-DETROIT
CUST-JOIN-4499,Freight Account 4499,Europe,Startup,ORD-04499,2026-08-21,3044.46,WH-CHICAGO
CUST-JOIN-4500,Freight Account 4500,North America,Startup,ORD-04500,2026-08-21,2748.58,WH-CHICAGO
CUST-JOIN-4501,Freight Account 4501,Europe,SMB,ORD-04501,2026-08-21,1370.31,WH-MIAMI
CUST-JOIN-4502,Freight Account 4502,North America,SMB,ORD-04502,2026-08-21,6183.09,WH-MIAMI
CUST-JOIN-4503,Freight Account 4503,Europe,Startup,ORD-04503,2026-08-21,7932.91,WH-NEWYORK
CUST-JOIN-4504,Freight Account 4504,Europe,Startup,ORD-04504,2026-08-21,3405.95,WH-DETROIT
CUST-JOIN-4505,Freight Account 4505,North America,Startup,ORD-04505,2026-08-22,1805.96,WH-CHICAGO
CUST-JOIN-4506,Freight Account 4506,Europe,SMB,ORD-04506,2026-08-22,3849.32,WH-DETROIT
CUST-JOIN-4507,Freight Account 4507,Europe,SMB,ORD-04507,2026-08-22,5817.96,WH-DETROIT
CUST-JOIN-4508,Freight Account 4508,Europe,SMB,ORD-04508,2026-08-22,3004.02,WH-CHICAGO
CUST-JOIN-4509,Freight Account 4509,Asia Pacific,SMB,ORD-04509,2026-08-22,7209.81,WH-NEWYORK
CUST-JOIN-4510,Freight Account 4510,Europe,Startup,ORD-04510,2026-08-22,553.26,WH-DETROIT
CUST-JOIN-4511,Freight Account 4511,North America,Startup,ORD-04511,2026-08-22,6967.95,WH-CHICAGO
CUST-JOIN-4512,Freight Account 4512,Europe,Startup,ORD-04512,2026-08-22,6264.52,WH-DETROIT
CUST-JOIN-4513,Freight Account 4513,Asia Pacific,SMB,ORD-04513,2026-08-22,2566.7,WH-MIAMI
CUST-JOIN-4514,Freight Account 4514,North America,Startup,ORD-04514,2026-08-22,5442.2,WH-DETROIT
CUST-JOIN-4515,Freight Account 4515,Asia Pacific,Startup,ORD-04515,2026-08-22,6844.88,WH-MIAMI
CUST-JOIN-4516,Freight Account 4516,North America,Startup,ORD-04516,2026-08-22,1365.24,WH-DETROIT
CUST-JOIN-4517,Freight Account 4517,North America,Startup,ORD-04517,2026-08-22,775.28,WH-NEWYORK
CUST-JOIN-4518,Freight Account 4518,Asia Pacific,SMB,ORD-04518,2026-08-22,6183.98,WH-CHICAGO
CUST-JOIN-4519,Freight Account 4519,Europe,SMB,ORD-04519,2026-08-22,599.77,WH-NEWYORK
CUST-JOIN-4520,Freight Account 4520,North America,Startup,ORD-04520,2026-08-22,5828.29,WH-NEWYORK
CUST-JOIN-4521,Freight Account 4521,Asia Pacific,SMB,ORD-04521,2026-08-22,2544.33,WH-NEWYORK
CUST-JOIN-4522,Freight Account 4522,Europe,Startup,ORD-04522,2026-08-22,5915.34,WH-NEWYORK
CUST-JOIN-4523,Freight Account 4523,Asia Pacific,SMB,ORD-04523,2026-08-22,4232.53,WH-NEWYORK
CUST-JOIN-4524,Freight Account 4524,Europe,Startup,ORD-04524,2026-08-22,3446.15,WH-DETROIT
CUST-JOIN-4525,Freight Account 4525,Asia Pacific,Startup,ORD-04525,2026-08-22,821.07,WH-CHICAGO
CUST-JOIN-4526,Freight Account 4526,Europe,Startup,ORD-04526,2026-08-22,7677.1,WH-CHICAGO
CUST-JOIN-4527,Freight Account 4527,Europe,Startup,ORD-04527,2026-08-22,2672.81,WH-DETROIT
CUST-JOIN-4528,Freight Account 4528,Europe,SMB,ORD-04528,2026-08-22,3070.18,WH-CHICAGO
CUST-JOIN-4529,Freight Account 4529,Europe,Startup,ORD-04529,2026-08-23,4863.43,WH-DETROIT
CUST-JOIN-4530,Freight Account 4530,North America,Startup,ORD-04530,2026-08-23,1635.57,WH-CHICAGO
CUST-JOIN-4531,Freight Account 4531,North America,Startup,ORD-04531,2026-08-23,2801.84,WH-DETROIT
CUST-JOIN-4532,Freight Account 4532,North America,Startup,ORD-04532,2026-08-23,7137.45,WH-MIAMI
CUST-JOIN-4533,Freight Account 4533,Asia Pacific,Startup,ORD-04533,2026-08-23,7757.08,WH-NEWYORK
CUST-JOIN-4534,Freight Account 4534,Asia Pacific,Startup,ORD-04534,2026-08-23,5252.54,WH-CHICAGO
CUST-JOIN-4535,Freight Account 4535,Europe,SMB,ORD-04535,2026-08-23,3432.83,WH-DETROIT
CUST-JOIN-4536,Freight Account 4536,North America,SMB,ORD-04536,2026-08-23,7751.85,WH-DETROIT
CUST-JOIN-4537,Freight Account 4537,Asia Pacific,Startup,ORD-04537,2026-08-23,1819.44,WH-MIAMI
CUST-JOIN-4538,Freight Account 4538,Europe,Startup,ORD-04538,2026-08-23,1259.62,WH-MIAMI
CUST-JOIN-4539,Freight Account 4539,North America,SMB,ORD-04539,2026-08-23,4444.32,WH-NEWYORK
CUST-JOIN-4540,Freight Account 4540,North America,SMB,ORD-04540,2026-08-23,1250.69,WH-MIAMI
CUST-JOIN-4541,Freight Account 4541,Europe,Startup,ORD-04541,2026-08-23,6821.4,WH-NEWYORK
CUST-JOIN-4542,Freight Account 4542,North America,SMB,ORD-04542,2026-08-23,3423.46,WH-NEWYORK
CUST-JOIN-4543,Freight Account 4543,Europe,Startup,ORD-04543,2026-08-23,2490.64,WH-CHICAGO
CUST-JOIN-4544,Freight Account 4544,Europe,Startup,ORD-04544,2026-08-23,918.65,WH-CHICAGO
CUST-JOIN-4545,Freight Account 4545,Asia Pacific,SMB,ORD-04545,2026-08-23,5752.61,WH-CHICAGO
CUST-JOIN-4546,Freight Account 4546,North America,Startup,ORD-04546,2026-08-23,6140.72,WH-MIAMI
CUST-JOIN-4547,Freight Account 4547,Asia Pacific,Startup,ORD-04547,2026-08-23,1863.71,WH-MIAMI
CUST-JOIN-4548,Freight Account 4548,North America,Startup,ORD-04548,2026-08-23,2588.76,WH-NEWYORK
CUST-JOIN-4549,Freight Account 4549,Europe,Startup,ORD-04549,2026-08-23,5894.12,WH-CHICAGO
CUST-JOIN-4550,Freight Account 4550,Asia Pacific,Startup,ORD-04550,2026-08-23,817.85,WH-CHICAGO
CUST-JOIN-4551,Freight Account 4551,Asia Pacific,Startup,ORD-04551,2026-08-23,3981.85,WH-DETROIT
CUST-JOIN-4552,Freight Account 4552,Europe,Enterprise,ORD-04552,2026-08-23,3255.42,WH-CHICAGO
CUST-JOIN-4553,Freight Account 4553,Asia Pacific,Startup,ORD-04553,2026-08-24,2597.27,WH-DETROIT
CUST-JOIN-4554,Freight Account 4554,Asia Pacific,SMB,ORD-04554,2026-08-24,3610.69,WH-NEWYORK
CUST-JOIN-4555,Freight Account 4555,Europe,Startup,ORD-04555,2026-08-24,7038.67,WH-MIAMI
CUST-JOIN-4556,Freight Account 4556,North America,Startup,ORD-04556,2026-08-24,3426.53,WH-MIAMI
CUST-JOIN-4557,Freight Account 4557,North America,Enterprise,ORD-04557,2026-08-24,2251.29,WH-NEWYORK
CUST-JOIN-4558,Freight Account 4558,Europe,SMB,ORD-04558,2026-08-24,5380.88,WH-CHICAGO
CUST-JOIN-4559,Freight Account 4559,Europe,SMB,ORD-04559,2026-08-24,4084.39,WH-DETROIT
CUST-JOIN-4560,Freight Account 4560,Asia Pacific,SMB,ORD-04560,2026-08-24,5500.97,WH-DETROIT
CUST-JOIN-4561,Freight Account 4561,North America,Startup,ORD-04561,2026-08-24,1204.39,WH-DETROIT
CUST-JOIN-4562,Freight Account 4562,Asia Pacific,SMB,ORD-04562,2026-08-24,1883.48,WH-NEWYORK
CUST-JOIN-4563,Freight Account 4563,Asia Pacific,Startup,ORD-04563,2026-08-24,3987.7,WH-MIAMI
CUST-JOIN-4564,Freight Account 4564,Europe,SMB,ORD-04564,2026-08-24,3530.83,WH-NEWYORK
CUST-JOIN-4565,Freight Account 4565,Asia Pacific,Startup,ORD-04565,2026-08-24,2666.66,WH-MIAMI
CUST-JOIN-4566,Freight Account 4566,Europe,Startup,ORD-04566,2026-08-24,7205.49,WH-DETROIT
CUST-JOIN-4567,Freight Account 4567,North America,Startup,ORD-04567,2026-08-24,6240.62,WH-CHICAGO
CUST-JOIN-4568,Freight Account 4568,Asia Pacific,Startup,ORD-04568,2026-08-24,3764.13,WH-DETROIT
CUST-JOIN-4569,Freight Account 4569,Europe,Startup,ORD-04569,2026-08-24,584.55,WH-MIAMI
CUST-JOIN-4570,Freight Account 4570,Europe,SMB,ORD-04570,2026-08-24,7333.96,WH-NEWYORK
CUST-JOIN-4571,Freight Account 4571,Europe,SMB,ORD-04571,2026-08-24,4640.75,WH-MIAMI
CUST-JOIN-4572,Freight Account 4572,North America,Startup,ORD-04572,2026-08-24,5342.02,WH-NEWYORK
CUST-JOIN-4573,Freight Account 4573,North America,SMB,ORD-04573,2026-08-24,3558.9,WH-CHICAGO
CUST-JOIN-4574,Freight Account 4574,Europe,Startup,ORD-04574,2026-08-24,3742.17,WH-MIAMI
CUST-JOIN-4575,Freight Account 4575,Asia Pacific,Startup,ORD-04575,2026-08-24,1807.47,WH-DETROIT
CUST-JOIN-4576,Freight Account 4576,Europe,SMB,ORD-04576,2026-08-24,3588.23,WH-CHICAGO
CUST-JOIN-4577,Freight Account 4577,Europe,SMB,ORD-04577,2026-08-25,5939.35,WH-NEWYORK
CUST-JOIN-4578,Freight Account 4578,Asia Pacific,Startup,ORD-04578,2026-08-25,3313.44,WH-MIAMI
CUST-JOIN-4579,Freight Account 4579,Asia Pacific,SMB,ORD-04579,2026-08-25,763.07,WH-MIAMI
CUST-JOIN-4580,Freight Account 4580,Asia Pacific,SMB,ORD-04580,2026-08-25,4196.73,WH-DETROIT
CUST-JOIN-4581,Freight Account 4581,North America,Startup,ORD-04581,2026-08-25,1920.44,WH-DETROIT
CUST-JOIN-4582,Freight Account 4582,Europe,SMB,ORD-04582,2026-08-25,1150.41,WH-CHICAGO
CUST-JOIN-4583,Freight Account 4583,North America,Startup,ORD-04583,2026-08-25,7532.12,WH-CHICAGO
CUST-JOIN-4584,Freight Account 4584,Asia Pacific,SMB,ORD-04584,2026-08-25,3615.89,WH-CHICAGO
CUST-JOIN-4585,Freight Account 4585,Asia Pacific,SMB,ORD-04585,2026-08-25,3100.07,WH-CHICAGO
CUST-JOIN-4586,Freight Account 4586,Europe,SMB,ORD-04586,2026-08-25,7127.27,WH-MIAMI
CUST-JOIN-4587,Freight Account 4587,Asia Pacific,Enterprise,ORD-04587,2026-08-25,4065.11,WH-DETROIT
CUST-JOIN-4588,Freight Account 4588,Europe,Startup,ORD-04588,2026-08-25,1109.16,WH-MIAMI
CUST-JOIN-4589,Freight Account 4589,North America,Enterprise,ORD-04589,2026-08-25,5783.16,WH-DETROIT
CUST-JOIN-4590,Freight Account 4590,Europe,SMB,ORD-04590,2026-08-25,1801.28,WH-DETROIT
CUST-JOIN-4591,Freight Account 4591,North America,SMB,ORD-04591,2026-08-25,6053.52,WH-MIAMI
CUST-JOIN-4592,Freight Account 4592,North America,Enterprise,ORD-04592,2026-08-25,791.47,WH-DETROIT
CUST-JOIN-4593,Freight Account 4593,North America,SMB,ORD-04593,2026-08-25,941.93,WH-NEWYORK
CUST-JOIN-4594,Freight Account 4594,Asia Pacific,Startup,ORD-04594,2026-08-25,2444.41,WH-MIAMI
CUST-JOIN-4595,Freight Account 4595,Europe,Startup,ORD-04595,2026-08-25,3606.37,WH-DETROIT
CUST-JOIN-4596,Freight Account 4596,Asia Pacific,Enterprise,ORD-04596,2026-08-25,2219.19,WH-MIAMI
CUST-JOIN-4597,Freight Account 4597,Europe,SMB,ORD-04597,2026-08-25,3109.18,WH-MIAMI
CUST-JOIN-4598,Freight Account 4598,Asia Pacific,Startup,ORD-04598,2026-08-25,6850.44,WH-DETROIT
CUST-JOIN-4599,Freight Account 4599,Asia Pacific,SMB,ORD-04599,2026-08-25,3694.27,WH-NEWYORK
CUST-JOIN-4600,Freight Account 4600,Asia Pacific,Startup,ORD-04600,2026-08-25,4135.79,WH-DETROIT
CUST-JOIN-4601,Freight Account 4601,Asia Pacific,SMB,ORD-04601,2026-08-26,5620.46,WH-CHICAGO
CUST-JOIN-4602,Freight Account 4602,Europe,Startup,ORD-04602,2026-08-26,2324.76,WH-DETROIT
CUST-JOIN-4603,Freight Account 4603,Europe,Enterprise,ORD-04603,2026-08-26,2382.16,WH-NEWYORK
CUST-JOIN-4604,Freight Account 4604,Asia Pacific,Startup,ORD-04604,2026-08-26,1800.64,WH-MIAMI
CUST-JOIN-4605,Freight Account 4605,Asia Pacific,SMB,ORD-04605,2026-08-26,3345.62,WH-MIAMI
CUST-JOIN-4606,Freight Account 4606,North America,Startup,ORD-04606,2026-08-26,5058.51,WH-CHICAGO
CUST-JOIN-4607,Freight Account 4607,Europe,Startup,ORD-04607,2026-08-26,6221.71,WH-DETROIT
CUST-JOIN-4608,Freight Account 4608,North America,SMB,ORD-04608,2026-08-26,6744.73,WH-CHICAGO
CUST-JOIN-4609,Freight Account 4609,Europe,SMB,ORD-04609,2026-08-26,5805.0,WH-DETROIT
CUST-JOIN-4610,Freight Account 4610,Europe,Startup,ORD-04610,2026-08-26,5997.51,WH-CHICAGO
CUST-JOIN-4611,Freight Account 4611,Europe,Enterprise,ORD-04611,2026-08-26,1149.31,WH-MIAMI
CUST-JOIN-4612,Freight Account 4612,North America,SMB,ORD-04612,2026-08-26,5063.43,WH-DETROIT
CUST-JOIN-4613,Freight Account 4613,Europe,SMB,ORD-04613,2026-08-26,7783.27,WH-NEWYORK
CUST-JOIN-4614,Freight Account 4614,Europe,SMB,ORD-04614,2026-08-26,5727.79,WH-CHICAGO
CUST-JOIN-4615,Freight Account 4615,North America,SMB,ORD-04615,2026-08-26,2064.65,WH-DETROIT
CUST-JOIN-4616,Freight Account 4616,Asia Pacific,SMB,ORD-04616,2026-08-26,2166.97,WH-DETROIT
CUST-JOIN-4617,Freight Account 4617,Asia Pacific,Startup,ORD-04617,2026-08-26,5110.93,WH-NEWYORK
CUST-JOIN-4618,Freight Account 4618,Europe,Startup,ORD-04618,2026-08-26,6813.65,WH-MIAMI
CUST-JOIN-4619,Freight Account 4619,Asia Pacific,Startup,ORD-04619,2026-08-26,5559.3,WH-CHICAGO
CUST-JOIN-4620,Freight Account 4620,Europe,Startup,ORD-04620,2026-08-26,3638.8,WH-MIAMI
CUST-JOIN-4621,Freight Account 4621,Europe,Startup,ORD-04621,2026-08-26,3721.39,WH-CHICAGO
CUST-JOIN-4622,Freight Account 4622,Europe,Startup,ORD-04622,2026-08-26,3743.32,WH-NEWYORK
CUST-JOIN-4623,Freight Account 4623,Europe,Enterprise,ORD-04623,2026-08-26,2171.3,WH-DETROIT
CUST-JOIN-4624,Freight Account 4624,North America,Startup,ORD-04624,2026-08-26,3121.96,WH-NEWYORK
CUST-JOIN-4625,Freight Account 4625,North America,Startup,ORD-04625,2026-08-27,6947.59,WH-DETROIT
CUST-JOIN-4626,Freight Account 4626,Asia Pacific,Startup,ORD-04626,2026-08-27,1873.27,WH-MIAMI
CUST-JOIN-4627,Freight Account 4627,North America,SMB,ORD-04627,2026-08-27,7974.63,WH-MIAMI
CUST-JOIN-4628,Freight Account 4628,North America,Startup,ORD-04628,2026-08-27,2177.07,WH-CHICAGO
CUST-JOIN-4629,Freight Account 4629,Europe,Startup,ORD-04629,2026-08-27,4485.85,WH-MIAMI
CUST-JOIN-4630,Freight Account 4630,North America,SMB,ORD-04630,2026-08-27,2608.32,WH-DETROIT
CUST-JOIN-4631,Freight Account 4631,Asia Pacific,Startup,ORD-04631,2026-08-27,4389.65,WH-CHICAGO
CUST-JOIN-4632,Freight Account 4632,North America,SMB,ORD-04632,2026-08-27,1610.33,WH-CHICAGO
CUST-JOIN-4633,Freight Account 4633,North America,Startup,ORD-04633,2026-08-27,2977.14,WH-CHICAGO
CUST-JOIN-4634,Freight Account 4634,Europe,Startup,ORD-04634,2026-08-27,5975.22,WH-MIAMI
CUST-JOIN-4635,Freight Account 4635,Europe,Startup,ORD-04635,2026-08-27,3632.79,WH-NEWYORK
CUST-JOIN-4636,Freight Account 4636,North America,Startup,ORD-04636,2026-08-27,307.56,WH-DETROIT
CUST-JOIN-4637,Freight Account 4637,Asia Pacific,SMB,ORD-04637,2026-08-27,1481.5,WH-MIAMI
CUST-JOIN-4638,Freight Account 4638,North America,Startup,ORD-04638,2026-08-27,2183.99,WH-NEWYORK
CUST-JOIN-4639,Freight Account 4639,North America,Startup,ORD-04639,2026-08-27,826.73,WH-NEWYORK
CUST-JOIN-4640,Freight Account 4640,Europe,Startup,ORD-04640,2026-08-27,3663.69,WH-MIAMI
CUST-JOIN-4641,Freight Account 4641,Asia Pacific,Startup,ORD-04641,2026-08-27,4865.9,WH-MIAMI
CUST-JOIN-4642,Freight Account 4642,Asia Pacific,Startup,ORD-04642,2026-08-27,1952.28,WH-DETROIT
CUST-JOIN-4643,Freight Account 4643,Europe,Startup,ORD-04643,2026-08-27,7357.9,WH-MIAMI
CUST-JOIN-4644,Freight Account 4644,Europe,Startup,ORD-04644,2026-08-27,6059.81,WH-NEWYORK
CUST-JOIN-4645,Freight Account 4645,North America,Startup,ORD-04645,2026-08-27,5768.09,WH-CHICAGO
CUST-JOIN-4646,Freight Account 4646,Asia Pacific,Enterprise,ORD-04646,2026-08-27,7096.18,WH-NEWYORK
CUST-JOIN-4647,Freight Account 4647,Europe,Enterprise,ORD-04647,2026-08-27,3613.16,WH-NEWYORK
CUST-JOIN-4648,Freight Account 4648,North America,Startup,ORD-04648,2026-08-27,4513.86,WH-CHICAGO
CUST-JOIN-4649,Freight Account 4649,Asia Pacific,SMB,ORD-04649,2026-08-28,2305.94,WH-DETROIT
CUST-JOIN-4650,Freight Account 4650,North America,Startup,ORD-04650,2026-08-28,5404.49,WH-NEWYORK
CUST-JOIN-4651,Freight Account 4651,Europe,Enterprise,ORD-04651,2026-08-28,4797.16,WH-NEWYORK
CUST-JOIN-4652,Freight Account 4652,Europe,SMB,ORD-04652,2026-08-28,368.57,WH-DETROIT
CUST-JOIN-4653,Freight Account 4653,Europe,SMB,ORD-04653,2026-08-28,1010.46,WH-MIAMI
CUST-JOIN-4654,Freight Account 4654,North America,SMB,ORD-04654,2026-08-28,2524.45,WH-CHICAGO
CUST-JOIN-4655,Freight Account 4655,North America,Startup,ORD-04655,2026-08-28,4586.15,WH-NEWYORK
CUST-JOIN-4656,Freight Account 4656,North America,SMB,ORD-04656,2026-08-28,3923.21,WH-NEWYORK
CUST-JOIN-4657,Freight Account 4657,Asia Pacific,Startup,ORD-04657,2026-08-28,303.26,WH-CHICAGO
CUST-JOIN-4658,Freight Account 4658,Europe,Startup,ORD-04658,2026-08-28,3005.6,WH-DETROIT
CUST-JOIN-4659,Freight Account 4659,Europe,Startup,ORD-04659,2026-08-28,6757.29,WH-MIAMI
CUST-JOIN-4660,Freight Account 4660,Europe,Startup,ORD-04660,2026-08-28,5545.49,WH-NEWYORK
CUST-JOIN-4661,Freight Account 4661,Europe,SMB,ORD-04661,2026-08-28,6491.01,WH-MIAMI
CUST-JOIN-4662,Freight Account 4662,Asia Pacific,SMB,ORD-04662,2026-08-28,7853.35,WH-CHICAGO
CUST-JOIN-4663,Freight Account 4663,North America,Startup,ORD-04663,2026-08-28,2328.24,WH-DETROIT
CUST-JOIN-4664,Freight Account 4664,North America,SMB,ORD-04664,2026-08-28,6790.02,WH-MIAMI
CUST-JOIN-4665,Freight Account 4665,Europe,Startup,ORD-04665,2026-08-28,3087.24,WH-DETROIT
CUST-JOIN-4666,Freight Account 4666,Europe,SMB,ORD-04666,2026-08-28,2295.4,WH-DETROIT
CUST-JOIN-4667,Freight Account 4667,North America,SMB,ORD-04667,2026-08-28,6723.78,WH-NEWYORK
CUST-JOIN-4668,Freight Account 4668,North America,SMB,ORD-04668,2026-08-28,1758.73,WH-MIAMI
CUST-JOIN-4669,Freight Account 4669,Asia Pacific,SMB,ORD-04669,2026-08-28,5595.06,WH-DETROIT
CUST-JOIN-4670,Freight Account 4670,Europe,Startup,ORD-04670,2026-08-28,311.65,WH-DETROIT
CUST-JOIN-4671,Freight Account 4671,Asia Pacific,Startup,ORD-04671,2026-08-28,7207.04,WH-NEWYORK
CUST-JOIN-4672,Freight Account 4672,Europe,SMB,ORD-04672,2026-08-28,5525.53,WH-MIAMI
CUST-JOIN-4673,Freight Account 4673,North America,Enterprise,ORD-04673,2026-08-29,2039.16,WH-NEWYORK
CUST-JOIN-4674,Freight Account 4674,Asia Pacific,SMB,ORD-04674,2026-08-29,5601.68,WH-NEWYORK
CUST-JOIN-4675,Freight Account 4675,Asia Pacific,Enterprise,ORD-04675,2026-08-29,5493.85,WH-MIAMI
CUST-JOIN-4676,Freight Account 4676,Europe,Enterprise,ORD-04676,2026-08-29,7254.9,WH-CHICAGO
CUST-JOIN-4677,Freight Account 4677,Asia Pacific,SMB,ORD-04677,2026-08-29,2811.18,WH-DETROIT
CUST-JOIN-4678,Freight Account 4678,Asia Pacific,SMB,ORD-04678,2026-08-29,5220.77,WH-NEWYORK
CUST-JOIN-4679,Freight Account 4679,Asia Pacific,SMB,ORD-04679,2026-08-29,4663.61,WH-NEWYORK
CUST-JOIN-4680,Freight Account 4680,Europe,SMB,ORD-04680,2026-08-29,2997.57,WH-DETROIT
CUST-JOIN-4681,Freight Account 4681,Asia Pacific,Startup,ORD-04681,2026-08-29,7660.58,WH-NEWYORK
CUST-JOIN-4682,Freight Account 4682,North America,Startup,ORD-04682,2026-08-29,7514.72,WH-CHICAGO
CUST-JOIN-4683,Freight Account 4683,Asia Pacific,SMB,ORD-04683,2026-08-29,7089.59,WH-MIAMI
CUST-JOIN-4684,Freight Account 4684,Asia Pacific,Startup,ORD-04684,2026-08-29,7722.0,WH-CHICAGO
CUST-JOIN-4685,Freight Account 4685,Europe,Startup,ORD-04685,2026-08-29,288.3,WH-MIAMI
CUST-JOIN-4686,Freight Account 4686,Europe,Startup,ORD-04686,2026-08-29,3425.03,WH-CHICAGO
CUST-JOIN-4687,Freight Account 4687,North America,Startup,ORD-04687,2026-08-29,2117.93,WH-NEWYORK
CUST-JOIN-4688,Freight Account 4688,North America,SMB,ORD-04688,2026-08-29,7814.26,WH-CHICAGO
CUST-JOIN-4689,Freight Account 4689,Europe,Startup,ORD-04689,2026-08-29,5097.82,WH-MIAMI
CUST-JOIN-4690,Freight Account 4690,Asia Pacific,SMB,ORD-04690,2026-08-29,368.42,WH-MIAMI
CUST-JOIN-4691,Freight Account 4691,Europe,SMB,ORD-04691,2026-08-29,5608.48,WH-DETROIT
CUST-JOIN-4692,Freight Account 4692,Asia Pacific,Enterprise,ORD-04692,2026-08-29,4317.38,WH-CHICAGO
CUST-JOIN-4693,Freight Account 4693,North America,SMB,ORD-04693,2026-08-29,6501.36,WH-CHICAGO
CUST-JOIN-4694,Freight Account 4694,North America,Enterprise,ORD-04694,2026-08-29,6766.06,WH-MIAMI
CUST-JOIN-4695,Freight Account 4695,Asia Pacific,SMB,ORD-04695,2026-08-29,5956.09,WH-CHICAGO
CUST-JOIN-4696,Freight Account 4696,North America,SMB,ORD-04696,2026-08-29,886.18,WH-CHICAGO
CUST-JOIN-4697,Freight Account 4697,Asia Pacific,SMB,ORD-04697,2026-08-30,3195.08,WH-CHICAGO
CUST-JOIN-4698,Freight Account 4698,Asia Pacific,SMB,ORD-04698,2026-08-30,6813.57,WH-MIAMI
CUST-JOIN-4699,Freight Account 4699,Europe,SMB,ORD-04699,2026-08-30,5006.99,WH-MIAMI
CUST-JOIN-4700,Freight Account 4700,North America,Startup,ORD-04700,2026-08-30,5239.63,WH-DETROIT
CUST-JOIN-4701,Freight Account 4701,Europe,Startup,ORD-04701,2026-08-30,1798.19,WH-NEWYORK
CUST-JOIN-4702,Freight Account 4702,Europe,SMB,ORD-04702,2026-08-30,3036.9,WH-MIAMI
CUST-JOIN-4703,Freight Account 4703,Europe,Startup,ORD-04703,2026-08-30,1803.46,WH-MIAMI
CUST-JOIN-4704,Freight Account 4704,North America,Enterprise,ORD-04704,2026-08-30,1431.15,WH-DETROIT
CUST-JOIN-4705,Freight Account 4705,Europe,Startup,ORD-04705,2026-08-30,5782.36,WH-MIAMI
CUST-JOIN-4706,Freight Account 4706,Europe,Startup,ORD-04706,2026-08-30,1405.57,WH-MIAMI
CUST-JOIN-4707,Freight Account 4707,Europe,SMB,ORD-04707,2026-08-30,1422.15,WH-MIAMI
CUST-JOIN-4708,Freight Account 4708,Europe,SMB,ORD-04708,2026-08-30,2963.58,WH-DETROIT
CUST-JOIN-4709,Freight Account 4709,Europe,SMB,ORD-04709,2026-08-30,1025.04,WH-CHICAGO
CUST-JOIN-4710,Freight Account 4710,North America,Enterprise,ORD-04710,2026-08-30,1379.8,WH-MIAMI
CUST-JOIN-4711,Freight Account 4711,North America,Startup,ORD-04711,2026-08-30,5693.95,WH-DETROIT
CUST-JOIN-4712,Freight Account 4712,Europe,SMB,ORD-04712,2026-08-30,7236.85,WH-MIAMI
CUST-JOIN-4713,Freight Account 4713,Asia Pacific,Enterprise,ORD-04713,2026-08-30,3586.74,WH-DETROIT
CUST-JOIN-4714,Freight Account 4714,Asia Pacific,Enterprise,ORD-04714,2026-08-30,4189.85,WH-CHICAGO
CUST-JOIN-4715,Freight Account 4715,Asia Pacific,Startup,ORD-04715,2026-08-30,5247.59,WH-NEWYORK
CUST-JOIN-4716,Freight Account 4716,Asia Pacific,SMB,ORD-04716,2026-08-30,526.21,WH-CHICAGO
CUST-JOIN-4717,Freight Account 4717,Asia Pacific,SMB,ORD-04717,2026-08-30,4807.23,WH-DETROIT
CUST-JOIN-4718,Freight Account 4718,North America,Enterprise,ORD-04718,2026-08-30,6611.31,WH-MIAMI
CUST-JOIN-4719,Freight Account 4719,North America,SMB,ORD-04719,2026-08-30,6558.28,WH-MIAMI
CUST-JOIN-4720,Freight Account 4720,Europe,Startup,ORD-04720,2026-08-30,4858.61,WH-MIAMI
CUST-JOIN-4721,Freight Account 4721,Europe,Startup,ORD-04721,2026-08-31,2374.0,WH-CHICAGO
CUST-JOIN-4722,Freight Account 4722,Europe,Startup,ORD-04722,2026-08-31,1370.64,WH-CHICAGO
CUST-JOIN-4723,Freight Account 4723,North America,SMB,ORD-04723,2026-08-31,6715.25,WH-DETROIT
CUST-JOIN-4724,Freight Account 4724,North America,SMB,ORD-04724,2026-08-31,938.68,WH-NEWYORK
CUST-JOIN-4725,Freight Account 4725,Europe,Startup,ORD-04725,2026-08-31,1414.17,WH-NEWYORK
CUST-JOIN-4726,Freight Account 4726,Europe,Startup,ORD-04726,2026-08-31,3086.7,WH-CHICAGO
CUST-JOIN-4727,Freight Account 4727,Asia Pacific,SMB,ORD-04727,2026-08-31,831.84,WH-DETROIT
CUST-JOIN-4728,Freight Account 4728,North America,Enterprise,ORD-04728,2026-08-31,3557.59,WH-MIAMI
CUST-JOIN-4729,Freight Account 4729,Europe,SMB,ORD-04729,2026-08-31,1628.21,WH-NEWYORK
CUST-JOIN-4730,Freight Account 4730,Asia Pacific,Enterprise,ORD-04730,2026-08-31,5109.33,WH-DETROIT
CUST-JOIN-4731,Freight Account 4731,Asia Pacific,Startup,ORD-04731,2026-08-31,2030.14,WH-CHICAGO
CUST-JOIN-4732,Freight Account 4732,Asia Pacific,SMB,ORD-04732,2026-08-31,7455.97,WH-NEWYORK
CUST-JOIN-4733,Freight Account 4733,North America,Startup,ORD-04733,2026-08-31,3630.03,WH-DETROIT
CUST-JOIN-4734,Freight Account 4734,North America,Startup,ORD-04734,2026-08-31,4421.43,WH-MIAMI
CUST-JOIN-4735,Freight Account 4735,North America,Startup,ORD-04735,2026-08-31,6677.12,WH-NEWYORK
CUST-JOIN-4736,Freight Account 4736,Asia Pacific,SMB,ORD-04736,2026-08-31,7535.23,WH-NEWYORK
CUST-JOIN-4737,Freight Account 4737,Europe,Startup,ORD-04737,2026-08-31,5518.6,WH-NEWYORK
CUST-JOIN-4738,Freight Account 4738,Asia Pacific,SMB,ORD-04738,2026-08-31,3725.04,WH-DETROIT
CUST-JOIN-4739,Freight Account 4739,Europe,Enterprise,ORD-04739,2026-08-31,1931.84,WH-NEWYORK
CUST-JOIN-4740,Freight Account 4740,Europe,Enterprise,ORD-04740,2026-08-31,3831.67,WH-DETROIT
CUST-JOIN-4741,Freight Account 4741,Asia Pacific,Startup,ORD-04741,2026-08-31,7932.7,WH-DETROIT
CUST-JOIN-4742,Freight Account 4742,North America,SMB,ORD-04742,2026-08-31,515.58,WH-CHICAGO
CUST-JOIN-4743,Freight Account 4743,Europe,SMB,ORD-04743,2026-08-31,1529.41,WH-NEWYORK
CUST-JOIN-4744,Freight Account 4744,Europe,Startup,ORD-04744,2026-08-31,5506.58,WH-MIAMI
CUST-JOIN-4745,Freight Account 4745,Europe,Startup,ORD-04745,2026-09-01,3823.2,WH-CHICAGO
CUST-JOIN-4746,Freight Account 4746,Asia Pacific,Startup,ORD-04746,2026-09-01,5076.01,WH-CHICAGO
CUST-JOIN-4747,Freight Account 4747,North America,SMB,ORD-04747,2026-09-01,4473.64,WH-NEWYORK
CUST-JOIN-4748,Freight Account 4748,Europe,SMB,ORD-04748,2026-09-01,433.54,WH-NEWYORK
CUST-JOIN-4749,Freight Account 4749,Europe,SMB,ORD-04749,2026-09-01,6337.47,WH-NEWYORK
CUST-JOIN-4750,Freight Account 4750,Asia Pacific,Startup,ORD-04750,2026-09-01,251.81,WH-NEWYORK
CUST-JOIN-4751,Freight Account 4751,Europe,Startup,ORD-04751,2026-09-01,2892.12,WH-CHICAGO
CUST-JOIN-4752,Freight Account 4752,Asia Pacific,Startup,ORD-04752,2026-09-01,688.35,WH-NEWYORK
CUST-JOIN-4753,Freight Account 4753,Europe,Startup,ORD-04753,2026-09-01,2668.89,WH-DETROIT
CUST-JOIN-4754,Freight Account 4754,North America,Startup,ORD-04754,2026-09-01,708.03,WH-CHICAGO
CUST-JOIN-4755,Freight Account 4755,Europe,Enterprise,ORD-04755,2026-09-01,787.15,WH-MIAMI
CUST-JOIN-4756,Freight Account 4756,Europe,Startup,ORD-04756,2026-09-01,4157.86,WH-NEWYORK
CUST-JOIN-4757,Freight Account 4757,Europe,Enterprise,ORD-04757,2026-09-01,3598.78,WH-MIAMI
CUST-JOIN-4758,Freight Account 4758,Asia Pacific,Enterprise,ORD-04758,2026-09-01,5066.97,WH-MIAMI
CUST-JOIN-4759,Freight Account 4759,North America,Startup,ORD-04759,2026-09-01,6365.26,WH-DETROIT
CUST-JOIN-4760,Freight Account 4760,Europe,Startup,ORD-04760,2026-09-01,5971.23,WH-CHICAGO
CUST-JOIN-4761,Freight Account 4761,Asia Pacific,Startup,ORD-04761,2026-09-01,5875.08,WH-DETROIT
CUST-JOIN-4762,Freight Account 4762,North America,SMB,ORD-04762,2026-09-01,7403.07,WH-CHICAGO
CUST-JOIN-4763,Freight Account 4763,Europe,Enterprise,ORD-04763,2026-09-01,5240.84,WH-DETROIT
CUST-JOIN-4764,Freight Account 4764,North America,SMB,ORD-04764,2026-09-01,6334.39,WH-CHICAGO
CUST-JOIN-4765,Freight Account 4765,Europe,SMB,ORD-04765,2026-09-01,4050.0,WH-CHICAGO
CUST-JOIN-4766,Freight Account 4766,Europe,SMB,ORD-04766,2026-09-01,7351.25,WH-CHICAGO
CUST-JOIN-4767,Freight Account 4767,Asia Pacific,SMB,ORD-04767,2026-09-01,7702.8,WH-CHICAGO
CUST-JOIN-4768,Freight Account 4768,Asia Pacific,Startup,ORD-04768,2026-09-01,467.33,WH-NEWYORK
CUST-JOIN-4769,Freight Account 4769,North America,Startup,ORD-04769,2026-09-02,4942.89,WH-MIAMI
CUST-JOIN-4770,Freight Account 4770,Europe,Startup,ORD-04770,2026-09-02,7714.09,WH-CHICAGO
CUST-JOIN-4771,Freight Account 4771,Asia Pacific,Startup,ORD-04771,2026-09-02,6183.96,WH-CHICAGO
CUST-JOIN-4772,Freight Account 4772,North America,Startup,ORD-04772,2026-09-02,1681.31,WH-DETROIT
CUST-JOIN-4773,Freight Account 4773,Asia Pacific,Startup,ORD-04773,2026-09-02,4974.93,WH-NEWYORK
CUST-JOIN-4774,Freight Account 4774,Asia Pacific,Startup,ORD-04774,2026-09-02,6139.47,WH-NEWYORK
CUST-JOIN-4775,Freight Account 4775,Europe,SMB,ORD-04775,2026-09-02,921.08,WH-NEWYORK
CUST-JOIN-4776,Freight Account 4776,Europe,SMB,ORD-04776,2026-09-02,3280.67,WH-NEWYORK
CUST-JOIN-4777,Freight Account 4777,Europe,SMB,ORD-04777,2026-09-02,3877.74,WH-NEWYORK
CUST-JOIN-4778,Freight Account 4778,North America,Startup,ORD-04778,2026-09-02,4806.15,WH-NEWYORK
CUST-JOIN-4779,Freight Account 4779,North America,Startup,ORD-04779,2026-09-02,4474.66,WH-MIAMI
CUST-JOIN-4780,Freight Account 4780,Europe,Startup,ORD-04780,2026-09-02,3786.15,WH-DETROIT
CUST-JOIN-4781,Freight Account 4781,Asia Pacific,Startup,ORD-04781,2026-09-02,4241.6,WH-DETROIT
CUST-JOIN-4782,Freight Account 4782,Europe,SMB,ORD-04782,2026-09-02,450.32,WH-NEWYORK
CUST-JOIN-4783,Freight Account 4783,North America,SMB,ORD-04783,2026-09-02,6062.16,WH-MIAMI
CUST-JOIN-4784,Freight Account 4784,Europe,Startup,ORD-04784,2026-09-02,7917.37,WH-CHICAGO
CUST-JOIN-4785,Freight Account 4785,North America,Startup,ORD-04785,2026-09-02,7282.14,WH-MIAMI
CUST-JOIN-4786,Freight Account 4786,North America,Enterprise,ORD-04786,2026-09-02,2449.52,WH-MIAMI
CUST-JOIN-4787,Freight Account 4787,North America,Startup,ORD-04787,2026-09-02,1202.86,WH-CHICAGO
CUST-JOIN-4788,Freight Account 4788,Asia Pacific,SMB,ORD-04788,2026-09-02,7376.84,WH-MIAMI
CUST-JOIN-4789,Freight Account 4789,Europe,Startup,ORD-04789,2026-09-02,1447.05,WH-MIAMI
CUST-JOIN-4790,Freight Account 4790,North America,SMB,ORD-04790,2026-09-02,860.13,WH-MIAMI
CUST-JOIN-4791,Freight Account 4791,Europe,Enterprise,ORD-04791,2026-09-02,5133.43,WH-DETROIT
CUST-JOIN-4792,Freight Account 4792,North America,Startup,ORD-04792,2026-09-02,1397.5,WH-MIAMI
CUST-JOIN-4793,Freight Account 4793,North America,SMB,ORD-04793,2026-09-03,7729.14,WH-DETROIT
CUST-JOIN-4794,Freight Account 4794,Europe,SMB,ORD-04794,2026-09-03,2412.74,WH-MIAMI
CUST-JOIN-4795,Freight Account 4795,Europe,SMB,ORD-04795,2026-09-03,4093.81,WH-NEWYORK
CUST-JOIN-4796,Freight Account 4796,Europe,SMB,ORD-04796,2026-09-03,7188.32,WH-MIAMI
CUST-JOIN-4797,Freight Account 4797,North America,Startup,ORD-04797,2026-09-03,2835.15,WH-MIAMI
CUST-JOIN-4798,Freight Account 4798,Asia Pacific,SMB,ORD-04798,2026-09-03,2329.68,WH-MIAMI
CUST-JOIN-4799,Freight Account 4799,North America,SMB,ORD-04799,2026-09-03,1184.56,WH-MIAMI
CUST-JOIN-4800,Freight Account 4800,Asia Pacific,SMB,ORD-04800,2026-09-03,3393.82,WH-DETROIT
CUST-JOIN-4801,Freight Account 4801,Europe,SMB,ORD-04801,2026-09-03,4458.66,WH-MIAMI
CUST-JOIN-4802,Freight Account 4802,Asia Pacific,Startup,ORD-04802,2026-09-03,3085.09,WH-NEWYORK
CUST-JOIN-4803,Freight Account 4803,Asia Pacific,Startup,ORD-04803,2026-09-03,7685.88,WH-MIAMI
CUST-JOIN-4804,Freight Account 4804,Europe,Startup,ORD-04804,2026-09-03,4446.87,WH-CHICAGO
CUST-JOIN-4805,Freight Account 4805,Asia Pacific,SMB,ORD-04805,2026-09-03,5351.49,WH-MIAMI
CUST-JOIN-4806,Freight Account 4806,Europe,SMB,ORD-04806,2026-09-03,6935.09,WH-MIAMI
CUST-JOIN-4807,Freight Account 4807,Europe,Startup,ORD-04807,2026-09-03,4859.96,WH-MIAMI
CUST-JOIN-4808,Freight Account 4808,Asia Pacific,SMB,ORD-04808,2026-09-03,6324.64,WH-MIAMI
CUST-JOIN-4809,Freight Account 4809,North America,SMB,ORD-04809,2026-09-03,6582.14,WH-DETROIT
CUST-JOIN-4810,Freight Account 4810,North America,Startup,ORD-04810,2026-09-03,4129.6,WH-CHICAGO
CUST-JOIN-4811,Freight Account 4811,Europe,SMB,ORD-04811,2026-09-03,4551.6,WH-NEWYORK
CUST-JOIN-4812,Freight Account 4812,Europe,SMB,ORD-04812,2026-09-03,5708.53,WH-MIAMI
CUST-JOIN-4813,Freight Account 4813,North America,Startup,ORD-04813,2026-09-03,4130.59,WH-MIAMI
CUST-JOIN-4814,Freight Account 4814,Europe,Startup,ORD-04814,2026-09-03,1866.05,WH-MIAMI
CUST-JOIN-4815,Freight Account 4815,Europe,SMB,ORD-04815,2026-09-03,7025.88,WH-NEWYORK
CUST-JOIN-4816,Freight Account 4816,North America,SMB,ORD-04816,2026-09-03,2985.42,WH-DETROIT
CUST-JOIN-4817,Freight Account 4817,Europe,Startup,ORD-04817,2026-09-04,6411.45,WH-CHICAGO
CUST-JOIN-4818,Freight Account 4818,Europe,SMB,ORD-04818,2026-09-04,5710.59,WH-CHICAGO
CUST-JOIN-4819,Freight Account 4819,North America,Startup,ORD-04819,2026-09-04,6983.42,WH-MIAMI
CUST-JOIN-4820,Freight Account 4820,Europe,SMB,ORD-04820,2026-09-04,1137.49,WH-MIAMI
CUST-JOIN-4821,Freight Account 4821,Asia Pacific,Startup,ORD-04821,2026-09-04,5956.93,WH-MIAMI
CUST-JOIN-4822,Freight Account 4822,Asia Pacific,Enterprise,ORD-04822,2026-09-04,1701.96,WH-DETROIT
CUST-JOIN-4823,Freight Account 4823,Europe,Startup,ORD-04823,2026-09-04,1350.12,WH-DETROIT
CUST-JOIN-4824,Freight Account 4824,North America,Enterprise,ORD-04824,2026-09-04,4173.09,WH-MIAMI
CUST-JOIN-4825,Freight Account 4825,Europe,SMB,ORD-04825,2026-09-04,3334.64,WH-CHICAGO
CUST-JOIN-4826,Freight Account 4826,Asia Pacific,SMB,ORD-04826,2026-09-04,3838.5,WH-NEWYORK
CUST-JOIN-4827,Freight Account 4827,Asia Pacific,SMB,ORD-04827,2026-09-04,3409.07,WH-MIAMI
CUST-JOIN-4828,Freight Account 4828,Asia Pacific,SMB,ORD-04828,2026-09-04,213.59,WH-MIAMI
CUST-JOIN-4829,Freight Account 4829,North America,Startup,ORD-04829,2026-09-04,6804.02,WH-NEWYORK
CUST-JOIN-4830,Freight Account 4830,Asia Pacific,Startup,ORD-04830,2026-09-04,1365.41,WH-MIAMI
CUST-JOIN-4831,Freight Account 4831,Europe,Startup,ORD-04831,2026-09-04,3553.43,WH-CHICAGO
CUST-JOIN-4832,Freight Account 4832,Asia Pacific,SMB,ORD-04832,2026-09-04,7689.36,WH-NEWYORK
CUST-JOIN-4833,Freight Account 4833,North America,SMB,ORD-04833,2026-09-04,1267.72,WH-DETROIT
CUST-JOIN-4834,Freight Account 4834,Asia Pacific,Startup,ORD-04834,2026-09-04,3173.33,WH-DETROIT
CUST-JOIN-4835,Freight Account 4835,Europe,SMB,ORD-04835,2026-09-04,4824.84,WH-CHICAGO
CUST-JOIN-4836,Freight Account 4836,Europe,Startup,ORD-04836,2026-09-04,4409.76,WH-MIAMI
CUST-JOIN-4837,Freight Account 4837,Europe,SMB,ORD-04837,2026-09-04,1663.65,WH-DETROIT
CUST-JOIN-4838,Freight Account 4838,Asia Pacific,Startup,ORD-04838,2026-09-04,240.23,WH-DETROIT
CUST-JOIN-4839,Freight Account 4839,Europe,Startup,ORD-04839,2026-09-04,1938.48,WH-NEWYORK
CUST-JOIN-4840,Freight Account 4840,Asia Pacific,Enterprise,ORD-04840,2026-09-04,3854.81,WH-NEWYORK
CUST-JOIN-4841,Freight Account 4841,Europe,Enterprise,ORD-04841,2026-09-05,1998.24,WH-DETROIT
CUST-JOIN-4842,Freight Account 4842,Asia Pacific,SMB,ORD-04842,2026-09-05,959.39,WH-DETROIT
CUST-JOIN-4843,Freight Account 4843,North America,Startup,ORD-04843,2026-09-05,3651.4,WH-DETROIT
CUST-JOIN-4844,Freight Account 4844,North America,Startup,ORD-04844,2026-09-05,7952.97,WH-MIAMI
CUST-JOIN-4845,Freight Account 4845,Asia Pacific,Startup,ORD-04845,2026-09-05,5786.73,WH-NEWYORK
CUST-JOIN-4846,Freight Account 4846,Europe,Startup,ORD-04846,2026-09-05,571.71,WH-MIAMI
CUST-JOIN-4847,Freight Account 4847,Asia Pacific,Startup,ORD-04847,2026-09-05,6845.36,WH-CHICAGO
CUST-JOIN-4848,Freight Account 4848,North America,Startup,ORD-04848,2026-09-05,1349.88,WH-NEWYORK
CUST-JOIN-4849,Freight Account 4849,North America,Startup,ORD-04849,2026-09-05,2382.64,WH-MIAMI
CUST-JOIN-4850,Freight Account 4850,Europe,SMB,ORD-04850,2026-09-05,2026.44,WH-DETROIT
CUST-JOIN-4851,Freight Account 4851,Europe,Enterprise,ORD-04851,2026-09-05,4953.02,WH-MIAMI
CUST-JOIN-4852,Freight Account 4852,Asia Pacific,Startup,ORD-04852,2026-09-05,3863.33,WH-NEWYORK
CUST-JOIN-4853,Freight Account 4853,North America,Startup,ORD-04853,2026-09-05,5432.05,WH-DETROIT
CUST-JOIN-4854,Freight Account 4854,Asia Pacific,Startup,ORD-04854,2026-09-05,4604.52,WH-CHICAGO
CUST-JOIN-4855,Freight Account 4855,Europe,Startup,ORD-04855,2026-09-05,5309.12,WH-DETROIT
CUST-JOIN-4856,Freight Account 4856,Asia Pacific,SMB,ORD-04856,2026-09-05,948.55,WH-DETROIT
CUST-JOIN-4857,Freight Account 4857,Asia Pacific,Startup,ORD-04857,2026-09-05,7304.23,WH-CHICAGO
CUST-JOIN-4858,Freight Account 4858,Asia Pacific,SMB,ORD-04858,2026-09-05,823.66,WH-NEWYORK
CUST-JOIN-4859,Freight Account 4859,Asia Pacific,SMB,ORD-04859,2026-09-05,6177.7,WH-DETROIT
CUST-JOIN-4860,Freight Account 4860,Europe,Startup,ORD-04860,2026-09-05,2786.65,WH-CHICAGO
CUST-JOIN-4861,Freight Account 4861,Europe,SMB,ORD-04861,2026-09-05,7175.06,WH-CHICAGO
CUST-JOIN-4862,Freight Account 4862,North America,SMB,ORD-04862,2026-09-05,7063.86,WH-MIAMI
CUST-JOIN-4863,Freight Account 4863,Europe,SMB,ORD-04863,2026-09-05,3362.3,WH-CHICAGO
CUST-JOIN-4864,Freight Account 4864,North America,Enterprise,ORD-04864,2026-09-05,2213.24,WH-MIAMI
CUST-JOIN-4865,Freight Account 4865,Europe,Startup,ORD-04865,2026-09-06,6773.66,WH-DETROIT
CUST-JOIN-4866,Freight Account 4866,Europe,Startup,ORD-04866,2026-09-06,6740.41,WH-NEWYORK
CUST-JOIN-4867,Freight Account 4867,Asia Pacific,Enterprise,ORD-04867,2026-09-06,5588.31,WH-MIAMI
CUST-JOIN-4868,Freight Account 4868,North America,Startup,ORD-04868,2026-09-06,245.59,WH-NEWYORK
CUST-JOIN-4869,Freight Account 4869,Europe,SMB,ORD-04869,2026-09-06,4123.95,WH-NEWYORK
CUST-JOIN-4870,Freight Account 4870,Europe,Startup,ORD-04870,2026-09-06,3654.72,WH-MIAMI
CUST-JOIN-4871,Freight Account 4871,North America,Startup,ORD-04871,2026-09-06,3984.2,WH-DETROIT
CUST-JOIN-4872,Freight Account 4872,Asia Pacific,Enterprise,ORD-04872,2026-09-06,5683.96,WH-NEWYORK
CUST-JOIN-4873,Freight Account 4873,North America,Startup,ORD-04873,2026-09-06,3301.97,WH-MIAMI
CUST-JOIN-4874,Freight Account 4874,Europe,SMB,ORD-04874,2026-09-06,6273.16,WH-MIAMI
CUST-JOIN-4875,Freight Account 4875,Asia Pacific,Startup,ORD-04875,2026-09-06,2156.11,WH-MIAMI
CUST-JOIN-4876,Freight Account 4876,Asia Pacific,Startup,ORD-04876,2026-09-06,3373.11,WH-CHICAGO
CUST-JOIN-4877,Freight Account 4877,Asia Pacific,Startup,ORD-04877,2026-09-06,5507.88,WH-NEWYORK
CUST-JOIN-4878,Freight Account 4878,Asia Pacific,SMB,ORD-04878,2026-09-06,3226.66,WH-NEWYORK
CUST-JOIN-4879,Freight Account 4879,Europe,Startup,ORD-04879,2026-09-06,4294.36,WH-MIAMI
CUST-JOIN-4880,Freight Account 4880,North America,Startup,ORD-04880,2026-09-06,763.8,WH-MIAMI
CUST-JOIN-4881,Freight Account 4881,North America,SMB,ORD-04881,2026-09-06,7010.03,WH-CHICAGO
CUST-JOIN-4882,Freight Account 4882,Europe,Startup,ORD-04882,2026-09-06,7207.34,WH-MIAMI
CUST-JOIN-4883,Freight Account 4883,Asia Pacific,Startup,ORD-04883,2026-09-06,5546.44,WH-CHICAGO
CUST-JOIN-4884,Freight Account 4884,Asia Pacific,SMB,ORD-04884,2026-09-06,6122.67,WH-MIAMI
CUST-JOIN-4885,Freight Account 4885,North America,SMB,ORD-04885,2026-09-06,4902.98,WH-NEWYORK
CUST-JOIN-4886,Freight Account 4886,Asia Pacific,SMB,ORD-04886,2026-09-06,6476.92,WH-DETROIT
CUST-JOIN-4887,Freight Account 4887,North America,Startup,ORD-04887,2026-09-06,7897.16,WH-DETROIT
CUST-JOIN-4888,Freight Account 4888,Europe,SMB,ORD-04888,2026-09-06,2053.49,WH-NEWYORK
CUST-JOIN-4889,Freight Account 4889,North America,SMB,ORD-04889,2026-09-07,2878.12,WH-CHICAGO
CUST-JOIN-4890,Freight Account 4890,North America,SMB,ORD-04890,2026-09-07,1238.04,WH-CHICAGO
CUST-JOIN-4891,Freight Account 4891,Europe,SMB,ORD-04891,2026-09-07,2206.58,WH-CHICAGO
CUST-JOIN-4892,Freight Account 4892,Asia Pacific,SMB,ORD-04892,2026-09-07,2634.55,WH-CHICAGO
CUST-JOIN-4893,Freight Account 4893,North America,Startup,ORD-04893,2026-09-07,3836.7,WH-NEWYORK
CUST-JOIN-4894,Freight Account 4894,North America,SMB,ORD-04894,2026-09-07,3777.44,WH-NEWYORK
CUST-JOIN-4895,Freight Account 4895,North America,Enterprise,ORD-04895,2026-09-07,4221.58,WH-MIAMI
CUST-JOIN-4896,Freight Account 4896,Asia Pacific,SMB,ORD-04896,2026-09-07,6825.06,WH-MIAMI
CUST-JOIN-4897,Freight Account 4897,Europe,SMB,ORD-04897,2026-09-07,7485.64,WH-MIAMI
CUST-JOIN-4898,Freight Account 4898,Europe,SMB,ORD-04898,2026-09-07,3636.88,WH-CHICAGO
CUST-JOIN-4899,Freight Account 4899,North America,Startup,ORD-04899,2026-09-07,3907.48,WH-DETROIT
CUST-JOIN-4900,Freight Account 4900,Europe,Startup,ORD-04900,2026-09-07,3232.12,WH-NEWYORK
CUST-JOIN-4901,Freight Account 4901,Europe,Startup,ORD-04901,2026-09-07,785.64,WH-DETROIT
CUST-JOIN-4902,Freight Account 4902,Asia Pacific,Startup,ORD-04902,2026-09-07,1208.22,WH-MIAMI
CUST-JOIN-4903,Freight Account 4903,Europe,Startup,ORD-04903,2026-09-07,7397.09,WH-DETROIT
CUST-JOIN-4904,Freight Account 4904,Asia Pacific,Startup,ORD-04904,2026-09-07,4161.33,WH-CHICAGO
CUST-JOIN-4905,Freight Account 4905,Asia Pacific,SMB,ORD-04905,2026-09-07,7842.66,WH-MIAMI
CUST-JOIN-4906,Freight Account 4906,North America,Startup,ORD-04906,2026-09-07,3851.69,WH-DETROIT
CUST-JOIN-4907,Freight Account 4907,North America,SMB,ORD-04907,2026-09-07,6888.35,WH-DETROIT
CUST-JOIN-4908,Freight Account 4908,North America,SMB,ORD-04908,2026-09-07,5470.9,WH-NEWYORK
CUST-JOIN-4909,Freight Account 4909,Asia Pacific,SMB,ORD-04909,2026-09-07,7843.56,WH-NEWYORK
CUST-JOIN-4910,Freight Account 4910,North America,SMB,ORD-04910,2026-09-07,3976.73,WH-DETROIT
CUST-JOIN-4911,Freight Account 4911,Europe,Startup,ORD-04911,2026-09-07,7766.8,WH-MIAMI
CUST-JOIN-4912,Freight Account 4912,Asia Pacific,Startup,ORD-04912,2026-09-07,1423.86,WH-MIAMI
CUST-JOIN-4913,Freight Account 4913,Asia Pacific,SMB,ORD-04913,2026-09-08,6347.9,WH-MIAMI
CUST-JOIN-4914,Freight Account 4914,Asia Pacific,SMB,ORD-04914,2026-09-08,6480.84,WH-CHICAGO
CUST-JOIN-4915,Freight Account 4915,Europe,SMB,ORD-04915,2026-09-08,2034.02,WH-MIAMI
CUST-JOIN-4916,Freight Account 4916,Asia Pacific,Startup,ORD-04916,2026-09-08,2484.37,WH-DETROIT
CUST-JOIN-4917,Freight Account 4917,North America,Enterprise,ORD-04917,2026-09-08,2401.77,WH-MIAMI
CUST-JOIN-4918,Freight Account 4918,Asia Pacific,Startup,ORD-04918,2026-09-08,2176.69,WH-MIAMI
CUST-JOIN-4919,Freight Account 4919,Europe,SMB,ORD-04919,2026-09-08,1094.55,WH-NEWYORK
CUST-JOIN-4920,Freight Account 4920,Europe,Enterprise,ORD-04920,2026-09-08,1913.61,WH-MIAMI
CUST-JOIN-4921,Freight Account 4921,North America,Enterprise,ORD-04921,2026-09-08,2365.92,WH-MIAMI
CUST-JOIN-4922,Freight Account 4922,North America,SMB,ORD-04922,2026-09-08,6629.3,WH-MIAMI
CUST-JOIN-4923,Freight Account 4923,Europe,Startup,ORD-04923,2026-09-08,1622.13,WH-MIAMI
CUST-JOIN-4924,Freight Account 4924,Asia Pacific,SMB,ORD-04924,2026-09-08,1879.5,WH-NEWYORK
CUST-JOIN-4925,Freight Account 4925,North America,Enterprise,ORD-04925,2026-09-08,3453.2,WH-CHICAGO
CUST-JOIN-4926,Freight Account 4926,Asia Pacific,Startup,ORD-04926,2026-09-08,670.44,WH-DETROIT
CUST-JOIN-4927,Freight Account 4927,Asia Pacific,Startup,ORD-04927,2026-09-08,3864.99,WH-MIAMI
CUST-JOIN-4928,Freight Account 4928,Asia Pacific,Startup,ORD-04928,2026-09-08,2537.27,WH-MIAMI
CUST-JOIN-4929,Freight Account 4929,North America,SMB,ORD-04929,2026-09-08,2491.05,WH-MIAMI
CUST-JOIN-4930,Freight Account 4930,Europe,Startup,ORD-04930,2026-09-08,6662.91,WH-NEWYORK
CUST-JOIN-4931,Freight Account 4931,North America,SMB,ORD-04931,2026-09-08,2222.08,WH-DETROIT
CUST-JOIN-4932,Freight Account 4932,Asia Pacific,SMB,ORD-04932,2026-09-08,2902.27,WH-MIAMI
CUST-JOIN-4933,Freight Account 4933,Asia Pacific,Startup,ORD-04933,2026-09-08,3080.34,WH-MIAMI
CUST-JOIN-4934,Freight Account 4934,Asia Pacific,SMB,ORD-04934,2026-09-08,1787.12,WH-CHICAGO
CUST-JOIN-4935,Freight Account 4935,Asia Pacific,SMB,ORD-04935,2026-09-08,6040.48,WH-DETROIT
CUST-JOIN-4936,Freight Account 4936,North America,SMB,ORD-04936,2026-09-08,3097.41,WH-DETROIT
CUST-JOIN-4937,Freight Account 4937,North America,SMB,ORD-04937,2026-09-09,3966.39,WH-MIAMI
CUST-JOIN-4938,Freight Account 4938,Asia Pacific,Startup,ORD-04938,2026-09-09,5408.52,WH-MIAMI
CUST-JOIN-4939,Freight Account 4939,Europe,Startup,ORD-04939,2026-09-09,2860.07,WH-NEWYORK
CUST-JOIN-4940,Freight Account 4940,North America,Startup,ORD-04940,2026-09-09,1260.81,WH-CHICAGO
CUST-JOIN-4941,Freight Account 4941,Europe,Startup,ORD-04941,2026-09-09,3141.4,WH-MIAMI
CUST-JOIN-4942,Freight Account 4942,Europe,Startup,ORD-04942,2026-09-09,998.24,WH-CHICAGO
CUST-JOIN-4943,Freight Account 4943,North America,Startup,ORD-04943,2026-09-09,2890.14,WH-DETROIT
CUST-JOIN-4944,Freight Account 4944,North America,Startup,ORD-04944,2026-09-09,2395.13,WH-NEWYORK
CUST-JOIN-4945,Freight Account 4945,North America,Startup,ORD-04945,2026-09-09,1782.02,WH-CHICAGO
CUST-JOIN-4946,Freight Account 4946,Europe,Startup,ORD-04946,2026-09-09,5297.49,WH-CHICAGO
CUST-JOIN-4947,Freight Account 4947,North America,Startup,ORD-04947,2026-09-09,3695.85,WH-DETROIT
CUST-JOIN-4948,Freight Account 4948,North America,Startup,ORD-04948,2026-09-09,4766.29,WH-MIAMI
CUST-JOIN-4949,Freight Account 4949,Europe,Startup,ORD-04949,2026-09-09,507.94,WH-NEWYORK
CUST-JOIN-4950,Freight Account 4950,North America,Startup,ORD-04950,2026-09-09,3223.57,WH-CHICAGO
CUST-JOIN-4951,Freight Account 4951,Asia Pacific,SMB,ORD-04951,2026-09-09,386.11,WH-CHICAGO
CUST-JOIN-4952,Freight Account 4952,Europe,Startup,ORD-04952,2026-09-09,3033.15,WH-NEWYORK
CUST-JOIN-4953,Freight Account 4953,Europe,Startup,ORD-04953,2026-09-09,1789.65,WH-CHICAGO
CUST-JOIN-4954,Freight Account 4954,Asia Pacific,SMB,ORD-04954,2026-09-09,4449.46,WH-DETROIT
CUST-JOIN-4955,Freight Account 4955,Asia Pacific,Startup,ORD-04955,2026-09-09,7454.29,WH-NEWYORK
CUST-JOIN-4956,Freight Account 4956,North America,Enterprise,ORD-04956,2026-09-09,2955.75,WH-DETROIT
CUST-JOIN-4957,Freight Account 4957,Europe,SMB,ORD-04957,2026-09-09,614.56,WH-DETROIT
CUST-JOIN-4958,Freight Account 4958,Europe,SMB,ORD-04958,2026-09-09,6771.92,WH-MIAMI
CUST-JOIN-4959,Freight Account 4959,Europe,Startup,ORD-04959,2026-09-09,1435.41,WH-CHICAGO
CUST-JOIN-4960,Freight Account 4960,North America,Startup,ORD-04960,2026-09-09,7820.79,WH-NEWYORK
CUST-JOIN-4961,Freight Account 4961,Asia Pacific,Startup,ORD-04961,2026-09-10,7238.76,WH-CHICAGO
CUST-JOIN-4962,Freight Account 4962,Asia Pacific,Startup,ORD-04962,2026-09-10,2979.39,WH-CHICAGO
CUST-JOIN-4963,Freight Account 4963,Europe,Startup,ORD-04963,2026-09-10,4739.38,WH-CHICAGO
CUST-JOIN-4964,Freight Account 4964,North America,Enterprise,ORD-04964,2026-09-10,7087.41,WH-NEWYORK
CUST-JOIN-4965,Freight Account 4965,Asia Pacific,SMB,ORD-04965,2026-09-10,4106.91,WH-DETROIT
CUST-JOIN-4966,Freight Account 4966,Europe,Startup,ORD-04966,2026-09-10,1226.66,WH-DETROIT
CUST-JOIN-4967,Freight Account 4967,North America,Enterprise,ORD-04967,2026-09-10,4458.66,WH-CHICAGO
CUST-JOIN-4968,Freight Account 4968,Europe,Enterprise,ORD-04968,2026-09-10,2469.17,WH-MIAMI
CUST-JOIN-4969,Freight Account 4969,North America,SMB,ORD-04969,2026-09-10,6775.48,WH-NEWYORK
CUST-JOIN-4970,Freight Account 4970,Asia Pacific,SMB,ORD-04970,2026-09-10,2422.34,WH-MIAMI
CUST-JOIN-4971,Freight Account 4971,Asia Pacific,SMB,ORD-04971,2026-09-10,578.28,WH-CHICAGO
CUST-JOIN-4972,Freight Account 4972,North America,SMB,ORD-04972,2026-09-10,222.29,WH-MIAMI
CUST-JOIN-4973,Freight Account 4973,Asia Pacific,Startup,ORD-04973,2026-09-10,3716.79,WH-DETROIT
CUST-JOIN-4974,Freight Account 4974,Europe,SMB,ORD-04974,2026-09-10,2847.6,WH-CHICAGO
CUST-JOIN-4975,Freight Account 4975,Asia Pacific,SMB,ORD-04975,2026-09-10,352.79,WH-DETROIT
CUST-JOIN-4976,Freight Account 4976,Europe,Startup,ORD-04976,2026-09-10,5606.52,WH-NEWYORK
CUST-JOIN-4977,Freight Account 4977,Europe,SMB,ORD-04977,2026-09-10,4884.22,WH-NEWYORK
CUST-JOIN-4978,Freight Account 4978,Europe,SMB,ORD-04978,2026-09-10,879.12,WH-CHICAGO
CUST-JOIN-4979,Freight Account 4979,North America,Startup,ORD-04979,2026-09-10,1882.8,WH-NEWYORK
CUST-JOIN-4980,Freight Account 4980,Europe,Startup,ORD-04980,2026-09-10,2169.76,WH-MIAMI
CUST-JOIN-4981,Freight Account 4981,Europe,Startup,ORD-04981,2026-09-10,1063.97,WH-CHICAGO
CUST-JOIN-4982,Freight Account 4982,North America,SMB,ORD-04982,2026-09-10,4378.86,WH-NEWYORK
CUST-JOIN-4983,Freight Account 4983,Asia Pacific,SMB,ORD-04983,2026-09-10,7896.02,WH-MIAMI
CUST-JOIN-4984,Freight Account 4984,Europe,SMB,ORD-04984,2026-09-10,3007.01,WH-MIAMI
CUST-JOIN-4985,Freight Account 4985,Asia Pacific,Startup,ORD-04985,2026-09-11,7819.48,WH-CHICAGO
CUST-JOIN-4986,Freight Account 4986,Asia Pacific,SMB,ORD-04986,2026-09-11,2419.06,WH-NEWYORK
CUST-JOIN-4987,Freight Account 4987,North America,Startup,ORD-04987,2026-09-11,3008.02,WH-DETROIT
CUST-JOIN-4988,Freight Account 4988,North America,Startup,ORD-04988,2026-09-11,4262.81,WH-CHICAGO
CUST-JOIN-4989,Freight Account 4989,Asia Pacific,SMB,ORD-04989,2026-09-11,2993.62,WH-CHICAGO
CUST-JOIN-4990,Freight Account 4990,North America,Startup,ORD-04990,2026-09-11,6436.23,WH-DETROIT
CUST-JOIN-4991,Freight Account 4991,North America,Startup,ORD-04991,2026-09-11,5773.1,WH-DETROIT
CUST-JOIN-4992,Freight Account 4992,Asia Pacific,SMB,ORD-04992,2026-09-11,6995.62,WH-MIAMI
CUST-JOIN-4993,Freight Account 4993,Asia Pacific,Startup,ORD-04993,2026-09-11,4121.75,WH-MIAMI
CUST-JOIN-4994,Freight Account 4994,Europe,SMB,ORD-04994,2026-09-11,7681.11,WH-CHICAGO
CUST-JOIN-4995,Freight Account 4995,Asia Pacific,Startup,ORD-04995,2026-09-11,7359.49,WH-DETROIT
CUST-JOIN-4996,Freight Account 4996,Europe,Startup,ORD-04996,2026-09-11,4268.32,WH-MIAMI
CUST-JOIN-4997,Freight Account 4997,North America,Enterprise,ORD-04997,2026-09-11,3519.03,WH-CHICAGO
CUST-JOIN-4998,Freight Account 4998,Europe,SMB,ORD-04998,2026-09-11,6002.29,WH-CHICAGO
CUST-JOIN-4999,Freight Account 4999,Europe,SMB,ORD-04999,2026-09-11,5002.36,WH-NEWYORK
CUST-JOIN-5000,Freight Account 5000,Europe,SMB,ORD-05000,2026-09-11,1949.64,WH-NEWYORK
CUST-JOIN-5001,Freight Account 5001,North America,SMB,ORD-05001,2026-08-01,7236.59,WH-MIAMI
CUST-JOIN-5002,Freight Account 5002,Europe,Startup,ORD-05002,2026-08-01,2962.37,WH-DETROIT
CUST-JOIN-5003,Freight Account 5003,Europe,SMB,ORD-05003,2026-08-01,6587.64,WH-NEWYORK
CUST-JOIN-5004,Freight Account 5004,Europe,SMB,ORD-05004,2026-08-01,3666.09,WH-NEWYORK
CUST-JOIN-5005,Freight Account 5005,Europe,SMB,ORD-05005,2026-08-01,3298.11,WH-DETROIT
CUST-JOIN-5006,Freight Account 5006,North America,Enterprise,ORD-05006,2026-08-01,5169.65,WH-CHICAGO
CUST-JOIN-5007,Freight Account 5007,Asia Pacific,SMB,ORD-05007,2026-08-01,361.53,WH-NEWYORK
CUST-JOIN-5008,Freight Account 5008,Europe,Startup,ORD-05008,2026-08-01,1621.82,WH-DETROIT
CUST-JOIN-5009,Freight Account 5009,Asia Pacific,SMB,ORD-05009,2026-08-01,3772.74,WH-DETROIT
CUST-JOIN-5010,Freight Account 5010,North America,Startup,ORD-05010,2026-08-01,6622.38,WH-MIAMI
CUST-JOIN-5011,Freight Account 5011,Asia Pacific,Startup,ORD-05011,2026-08-01,5700.55,WH-NEWYORK
CUST-JOIN-5012,Freight Account 5012,Asia Pacific,Startup,ORD-05012,2026-08-01,1519.57,WH-CHICAGO
CUST-JOIN-5013,Freight Account 5013,North America,Startup,ORD-05013,2026-08-01,3774.88,WH-NEWYORK
CUST-JOIN-5014,Freight Account 5014,North America,Startup,ORD-05014,2026-08-01,1272.62,WH-NEWYORK
CUST-JOIN-5015,Freight Account 5015,Europe,SMB,ORD-05015,2026-08-01,1046.27,WH-CHICAGO
CUST-JOIN-5016,Freight Account 5016,Asia Pacific,Startup,ORD-05016,2026-08-01,5745.34,WH-CHICAGO
CUST-JOIN-5017,Freight Account 5017,Europe,SMB,ORD-05017,2026-08-01,7131.79,WH-CHICAGO
CUST-JOIN-5018,Freight Account 5018,Europe,Startup,ORD-05018,2026-08-01,7880.68,WH-CHICAGO
CUST-JOIN-5019,Freight Account 5019,North America,Startup,ORD-05019,2026-08-01,6294.75,WH-CHICAGO
CUST-JOIN-5020,Freight Account 5020,North America,SMB,ORD-05020,2026-08-01,4044.21,WH-MIAMI
CUST-JOIN-5021,Freight Account 5021,North America,Enterprise,ORD-05021,2026-08-01,744.01,WH-MIAMI
CUST-JOIN-5022,Freight Account 5022,Asia Pacific,Startup,ORD-05022,2026-08-01,2888.13,WH-DETROIT
CUST-JOIN-5023,Freight Account 5023,Europe,Startup,ORD-05023,2026-08-01,5815.4,WH-NEWYORK
CUST-JOIN-5024,Freight Account 5024,Europe,Startup,ORD-05024,2026-08-01,4406.99,WH-NEWYORK
CUST-JOIN-5025,Freight Account 5025,Europe,Startup,ORD-05025,2026-08-02,2258.11,WH-NEWYORK
CUST-JOIN-5026,Freight Account 5026,Asia Pacific,Enterprise,ORD-05026,2026-08-02,1378.38,WH-MIAMI
CUST-JOIN-5027,Freight Account 5027,Asia Pacific,Startup,ORD-05027,2026-08-02,3969.69,WH-CHICAGO
CUST-JOIN-5028,Freight Account 5028,Europe,SMB,ORD-05028,2026-08-02,341.64,WH-MIAMI
CUST-JOIN-5029,Freight Account 5029,Europe,SMB,ORD-05029,2026-08-02,2332.14,WH-MIAMI
CUST-JOIN-5030,Freight Account 5030,North America,SMB,ORD-05030,2026-08-02,6742.09,WH-MIAMI
CUST-JOIN-5031,Freight Account 5031,North America,Startup,ORD-05031,2026-08-02,4639.82,WH-NEWYORK
CUST-JOIN-5032,Freight Account 5032,Asia Pacific,SMB,ORD-05032,2026-08-02,6979.86,WH-NEWYORK
CUST-JOIN-5033,Freight Account 5033,Asia Pacific,Startup,ORD-05033,2026-08-02,3517.25,WH-DETROIT
CUST-JOIN-5034,Freight Account 5034,North America,Startup,ORD-05034,2026-08-02,4647.08,WH-MIAMI
CUST-JOIN-5035,Freight Account 5035,Asia Pacific,Startup,ORD-05035,2026-08-02,891.12,WH-MIAMI
CUST-JOIN-5036,Freight Account 5036,North America,Startup,ORD-05036,2026-08-02,6565.31,WH-MIAMI
CUST-JOIN-5037,Freight Account 5037,Asia Pacific,Startup,ORD-05037,2026-08-02,3678.81,WH-MIAMI
CUST-JOIN-5038,Freight Account 5038,North America,Startup,ORD-05038,2026-08-02,4373.63,WH-MIAMI
CUST-JOIN-5039,Freight Account 5039,Europe,SMB,ORD-05039,2026-08-02,6272.86,WH-MIAMI
CUST-JOIN-5040,Freight Account 5040,North America,Startup,ORD-05040,2026-08-02,6838.72,WH-NEWYORK
CUST-JOIN-5041,Freight Account 5041,Europe,Startup,ORD-05041,2026-08-02,3054.98,WH-NEWYORK
CUST-JOIN-5042,Freight Account 5042,Europe,SMB,ORD-05042,2026-08-02,5787.6,WH-NEWYORK
CUST-JOIN-5043,Freight Account 5043,Europe,SMB,ORD-05043,2026-08-02,1248.99,WH-MIAMI
CUST-JOIN-5044,Freight Account 5044,Asia Pacific,Startup,ORD-05044,2026-08-02,5033.22,WH-MIAMI
CUST-JOIN-5045,Freight Account 5045,Europe,Startup,ORD-05045,2026-08-02,6245.12,WH-NEWYORK
CUST-JOIN-5046,Freight Account 5046,North America,SMB,ORD-05046,2026-08-02,2894.08,WH-CHICAGO
CUST-JOIN-5047,Freight Account 5047,North America,Startup,ORD-05047,2026-08-02,4128.42,WH-DETROIT
CUST-JOIN-5048,Freight Account 5048,Europe,Startup,ORD-05048,2026-08-02,2537.62,WH-NEWYORK
CUST-JOIN-5049,Freight Account 5049,Europe,Enterprise,ORD-05049,2026-08-03,2507.94,WH-MIAMI
CUST-JOIN-5050,Freight Account 5050,North America,SMB,ORD-05050,2026-08-03,4161.75,WH-MIAMI
CUST-JOIN-5051,Freight Account 5051,Europe,Startup,ORD-05051,2026-08-03,5395.06,WH-NEWYORK
CUST-JOIN-5052,Freight Account 5052,Europe,SMB,ORD-05052,2026-08-03,5922.52,WH-NEWYORK
CUST-JOIN-5053,Freight Account 5053,Asia Pacific,Startup,ORD-05053,2026-08-03,7254.97,WH-CHICAGO
CUST-JOIN-5054,Freight Account 5054,Asia Pacific,SMB,ORD-05054,2026-08-03,5517.7,WH-DETROIT
CUST-JOIN-5055,Freight Account 5055,Asia Pacific,Enterprise,ORD-05055,2026-08-03,6190.19,WH-MIAMI
CUST-JOIN-5056,Freight Account 5056,Europe,Startup,ORD-05056,2026-08-03,352.72,WH-MIAMI
CUST-JOIN-5057,Freight Account 5057,Europe,SMB,ORD-05057,2026-08-03,5465.24,WH-NEWYORK
CUST-JOIN-5058,Freight Account 5058,Asia Pacific,Startup,ORD-05058,2026-08-03,6389.71,WH-DETROIT
CUST-JOIN-5059,Freight Account 5059,Asia Pacific,Startup,ORD-05059,2026-08-03,4148.86,WH-CHICAGO
CUST-JOIN-5060,Freight Account 5060,Asia Pacific,Startup,ORD-05060,2026-08-03,7820.54,WH-NEWYORK
CUST-JOIN-5061,Freight Account 5061,North America,Startup,ORD-05061,2026-08-03,3203.4,WH-NEWYORK
CUST-JOIN-5062,Freight Account 5062,North America,SMB,ORD-05062,2026-08-03,7563.71,WH-CHICAGO
CUST-JOIN-5063,Freight Account 5063,Europe,Startup,ORD-05063,2026-08-03,1487.33,WH-MIAMI
CUST-JOIN-5064,Freight Account 5064,Europe,Startup,ORD-05064,2026-08-03,3319.11,WH-CHICAGO
CUST-JOIN-5065,Freight Account 5065,Asia Pacific,SMB,ORD-05065,2026-08-03,2598.18,WH-NEWYORK
CUST-JOIN-5066,Freight Account 5066,Europe,Startup,ORD-05066,2026-08-03,4157.16,WH-NEWYORK
CUST-JOIN-5067,Freight Account 5067,Asia Pacific,Startup,ORD-05067,2026-08-03,7042.67,WH-DETROIT
CUST-JOIN-5068,Freight Account 5068,Asia Pacific,SMB,ORD-05068,2026-08-03,4735.15,WH-DETROIT
CUST-JOIN-5069,Freight Account 5069,North America,Startup,ORD-05069,2026-08-03,6018.35,WH-NEWYORK
CUST-JOIN-5070,Freight Account 5070,Asia Pacific,Startup,ORD-05070,2026-08-03,4575.94,WH-NEWYORK
CUST-JOIN-5071,Freight Account 5071,North America,Startup,ORD-05071,2026-08-03,4130.2,WH-MIAMI
CUST-JOIN-5072,Freight Account 5072,North America,SMB,ORD-05072,2026-08-03,453.08,WH-CHICAGO
CUST-JOIN-5073,Freight Account 5073,Europe,Startup,ORD-05073,2026-08-04,476.96,WH-NEWYORK
CUST-JOIN-5074,Freight Account 5074,Asia Pacific,SMB,ORD-05074,2026-08-04,5497.98,WH-NEWYORK
CUST-JOIN-5075,Freight Account 5075,North America,Enterprise,ORD-05075,2026-08-04,5246.21,WH-MIAMI
CUST-JOIN-5076,Freight Account 5076,Asia Pacific,Startup,ORD-05076,2026-08-04,555.37,WH-MIAMI
CUST-JOIN-5077,Freight Account 5077,North America,SMB,ORD-05077,2026-08-04,6332.0,WH-MIAMI
CUST-JOIN-5078,Freight Account 5078,Europe,Startup,ORD-05078,2026-08-04,4277.5,WH-NEWYORK
CUST-JOIN-5079,Freight Account 5079,Asia Pacific,Startup,ORD-05079,2026-08-04,1358.78,WH-DETROIT
CUST-JOIN-5080,Freight Account 5080,Europe,Startup,ORD-05080,2026-08-04,6859.16,WH-CHICAGO
CUST-JOIN-5081,Freight Account 5081,Europe,Startup,ORD-05081,2026-08-04,7514.77,WH-MIAMI
CUST-JOIN-5082,Freight Account 5082,North America,SMB,ORD-05082,2026-08-04,1601.95,WH-NEWYORK
CUST-JOIN-5083,Freight Account 5083,North America,Startup,ORD-05083,2026-08-04,4836.22,WH-MIAMI
CUST-JOIN-5084,Freight Account 5084,Europe,Enterprise,ORD-05084,2026-08-04,6026.66,WH-NEWYORK
CUST-JOIN-5085,Freight Account 5085,North America,SMB,ORD-05085,2026-08-04,2841.23,WH-DETROIT
CUST-JOIN-5086,Freight Account 5086,Asia Pacific,Startup,ORD-05086,2026-08-04,5432.85,WH-MIAMI
CUST-JOIN-5087,Freight Account 5087,North America,Enterprise,ORD-05087,2026-08-04,1881.62,WH-MIAMI
CUST-JOIN-5088,Freight Account 5088,Asia Pacific,SMB,ORD-05088,2026-08-04,4051.83,WH-NEWYORK
CUST-JOIN-5089,Freight Account 5089,Europe,Startup,ORD-05089,2026-08-04,7410.37,WH-NEWYORK
CUST-JOIN-5090,Freight Account 5090,Europe,SMB,ORD-05090,2026-08-04,1781.07,WH-DETROIT
CUST-JOIN-5091,Freight Account 5091,Asia Pacific,Startup,ORD-05091,2026-08-04,3497.09,WH-MIAMI
CUST-JOIN-5092,Freight Account 5092,Europe,Enterprise,ORD-05092,2026-08-04,6668.66,WH-NEWYORK
CUST-JOIN-5093,Freight Account 5093,Europe,Startup,ORD-05093,2026-08-04,4354.37,WH-DETROIT
CUST-JOIN-5094,Freight Account 5094,Europe,Startup,ORD-05094,2026-08-04,382.15,WH-DETROIT
CUST-JOIN-5095,Freight Account 5095,Europe,SMB,ORD-05095,2026-08-04,3188.03,WH-MIAMI
CUST-JOIN-5096,Freight Account 5096,Europe,SMB,ORD-05096,2026-08-04,2538.74,WH-MIAMI
CUST-JOIN-5097,Freight Account 5097,Asia Pacific,SMB,ORD-05097,2026-08-05,1240.17,WH-CHICAGO
CUST-JOIN-5098,Freight Account 5098,Europe,Startup,ORD-05098,2026-08-05,1642.42,WH-DETROIT
CUST-JOIN-5099,Freight Account 5099,Asia Pacific,SMB,ORD-05099,2026-08-05,6645.05,WH-CHICAGO
CUST-JOIN-5100,Freight Account 5100,North America,Enterprise,ORD-05100,2026-08-05,5043.62,WH-MIAMI
CUST-JOIN-5101,Freight Account 5101,North America,SMB,ORD-05101,2026-08-05,5602.97,WH-NEWYORK
CUST-JOIN-5102,Freight Account 5102,North America,SMB,ORD-05102,2026-08-05,7523.26,WH-CHICAGO
CUST-JOIN-5103,Freight Account 5103,Europe,Startup,ORD-05103,2026-08-05,6595.51,WH-MIAMI
CUST-JOIN-5104,Freight Account 5104,North America,Startup,ORD-05104,2026-08-05,3662.48,WH-CHICAGO
CUST-JOIN-5105,Freight Account 5105,Europe,SMB,ORD-05105,2026-08-05,6955.87,WH-NEWYORK
CUST-JOIN-5106,Freight Account 5106,Asia Pacific,Startup,ORD-05106,2026-08-05,2409.8,WH-NEWYORK
CUST-JOIN-5107,Freight Account 5107,Europe,Startup,ORD-05107,2026-08-05,4971.78,WH-CHICAGO
CUST-JOIN-5108,Freight Account 5108,North America,SMB,ORD-05108,2026-08-05,4845.94,WH-NEWYORK
CUST-JOIN-5109,Freight Account 5109,Europe,Startup,ORD-05109,2026-08-05,6655.48,WH-DETROIT
CUST-JOIN-5110,Freight Account 5110,Asia Pacific,Startup,ORD-05110,2026-08-05,7339.79,WH-CHICAGO
CUST-JOIN-5111,Freight Account 5111,North America,SMB,ORD-05111,2026-08-05,7616.14,WH-DETROIT
CUST-JOIN-5112,Freight Account 5112,Europe,Enterprise,ORD-05112,2026-08-05,7889.27,WH-NEWYORK
CUST-JOIN-5113,Freight Account 5113,Asia Pacific,SMB,ORD-05113,2026-08-05,827.6,WH-MIAMI
CUST-JOIN-5114,Freight Account 5114,North America,SMB,ORD-05114,2026-08-05,5852.83,WH-DETROIT
CUST-JOIN-5115,Freight Account 5115,Asia Pacific,Startup,ORD-05115,2026-08-05,7970.47,WH-CHICAGO
CUST-JOIN-5116,Freight Account 5116,Asia Pacific,Startup,ORD-05116,2026-08-05,5327.71,WH-MIAMI
CUST-JOIN-5117,Freight Account 5117,North America,Startup,ORD-05117,2026-08-05,5730.08,WH-NEWYORK
CUST-JOIN-5118,Freight Account 5118,Europe,SMB,ORD-05118,2026-08-05,5888.57,WH-NEWYORK
CUST-JOIN-5119,Freight Account 5119,Europe,Startup,ORD-05119,2026-08-05,3017.77,WH-CHICAGO
CUST-JOIN-5120,Freight Account 5120,North America,SMB,ORD-05120,2026-08-05,5537.35,WH-NEWYORK
CUST-JOIN-5121,Freight Account 5121,Asia Pacific,Startup,ORD-05121,2026-08-06,5179.89,WH-DETROIT
CUST-JOIN-5122,Freight Account 5122,Asia Pacific,SMB,ORD-05122,2026-08-06,4730.45,WH-CHICAGO
CUST-JOIN-5123,Freight Account 5123,Asia Pacific,Enterprise,ORD-05123,2026-08-06,3251.8,WH-NEWYORK
CUST-JOIN-5124,Freight Account 5124,North America,Enterprise,ORD-05124,2026-08-06,4251.79,WH-DETROIT
CUST-JOIN-5125,Freight Account 5125,Asia Pacific,SMB,ORD-05125,2026-08-06,7223.1,WH-NEWYORK
CUST-JOIN-5126,Freight Account 5126,North America,Startup,ORD-05126,2026-08-06,3297.6,WH-MIAMI
CUST-JOIN-5127,Freight Account 5127,Europe,Startup,ORD-05127,2026-08-06,6968.68,WH-DETROIT
CUST-JOIN-5128,Freight Account 5128,North America,Startup,ORD-05128,2026-08-06,1725.14,WH-NEWYORK
CUST-JOIN-5129,Freight Account 5129,Asia Pacific,Enterprise,ORD-05129,2026-08-06,6403.74,WH-CHICAGO
CUST-JOIN-5130,Freight Account 5130,North America,Startup,ORD-05130,2026-08-06,5467.65,WH-CHICAGO
CUST-JOIN-5131,Freight Account 5131,Europe,SMB,ORD-05131,2026-08-06,2500.32,WH-MIAMI
CUST-JOIN-5132,Freight Account 5132,Asia Pacific,Startup,ORD-05132,2026-08-06,4398.23,WH-DETROIT
CUST-JOIN-5133,Freight Account 5133,North America,SMB,ORD-05133,2026-08-06,3351.76,WH-DETROIT
CUST-JOIN-5134,Freight Account 5134,North America,Startup,ORD-05134,2026-08-06,5595.19,WH-NEWYORK
CUST-JOIN-5135,Freight Account 5135,Europe,Startup,ORD-05135,2026-08-06,3580.73,WH-DETROIT
CUST-JOIN-5136,Freight Account 5136,Asia Pacific,Enterprise,ORD-05136,2026-08-06,2434.84,WH-NEWYORK
CUST-JOIN-5137,Freight Account 5137,North America,SMB,ORD-05137,2026-08-06,2607.43,WH-MIAMI
CUST-JOIN-5138,Freight Account 5138,North America,Startup,ORD-05138,2026-08-06,450.8,WH-NEWYORK
CUST-JOIN-5139,Freight Account 5139,Asia Pacific,Startup,ORD-05139,2026-08-06,1604.41,WH-NEWYORK
CUST-JOIN-5140,Freight Account 5140,Asia Pacific,Startup,ORD-05140,2026-08-06,4628.3,WH-CHICAGO
CUST-JOIN-5141,Freight Account 5141,North America,SMB,ORD-05141,2026-08-06,2754.52,WH-DETROIT
CUST-JOIN-5142,Freight Account 5142,North America,SMB,ORD-05142,2026-08-06,3104.48,WH-DETROIT
CUST-JOIN-5143,Freight Account 5143,Europe,SMB,ORD-05143,2026-08-06,2456.08,WH-DETROIT
CUST-JOIN-5144,Freight Account 5144,Asia Pacific,Enterprise,ORD-05144,2026-08-06,6745.65,WH-DETROIT
CUST-JOIN-5145,Freight Account 5145,Asia Pacific,Startup,ORD-05145,2026-08-07,4062.28,WH-MIAMI
CUST-JOIN-5146,Freight Account 5146,North America,Startup,ORD-05146,2026-08-07,950.06,WH-CHICAGO
CUST-JOIN-5147,Freight Account 5147,Asia Pacific,SMB,ORD-05147,2026-08-07,2205.92,WH-DETROIT
CUST-JOIN-5148,Freight Account 5148,Europe,Enterprise,ORD-05148,2026-08-07,3465.18,WH-MIAMI
CUST-JOIN-5149,Freight Account 5149,Asia Pacific,Enterprise,ORD-05149,2026-08-07,4715.73,WH-NEWYORK
CUST-JOIN-5150,Freight Account 5150,Asia Pacific,Startup,ORD-05150,2026-08-07,6059.76,WH-MIAMI
CUST-JOIN-5151,Freight Account 5151,Europe,Startup,ORD-05151,2026-08-07,626.82,WH-MIAMI
CUST-JOIN-5152,Freight Account 5152,North America,Startup,ORD-05152,2026-08-07,1911.55,WH-DETROIT
CUST-JOIN-5153,Freight Account 5153,North America,SMB,ORD-05153,2026-08-07,5887.17,WH-NEWYORK
CUST-JOIN-5154,Freight Account 5154,North America,Startup,ORD-05154,2026-08-07,3299.04,WH-CHICAGO
CUST-JOIN-5155,Freight Account 5155,Asia Pacific,Startup,ORD-05155,2026-08-07,751.44,WH-NEWYORK
CUST-JOIN-5156,Freight Account 5156,Europe,Startup,ORD-05156,2026-08-07,449.12,WH-DETROIT
CUST-JOIN-5157,Freight Account 5157,North America,SMB,ORD-05157,2026-08-07,3938.19,WH-CHICAGO
CUST-JOIN-5158,Freight Account 5158,Europe,Startup,ORD-05158,2026-08-07,7347.19,WH-NEWYORK
CUST-JOIN-5159,Freight Account 5159,Europe,Startup,ORD-05159,2026-08-07,3136.23,WH-MIAMI
CUST-JOIN-5160,Freight Account 5160,Europe,Startup,ORD-05160,2026-08-07,5884.98,WH-DETROIT
CUST-JOIN-5161,Freight Account 5161,Asia Pacific,Enterprise,ORD-05161,2026-08-07,3685.99,WH-MIAMI
CUST-JOIN-5162,Freight Account 5162,Asia Pacific,Startup,ORD-05162,2026-08-07,2902.09,WH-MIAMI
CUST-JOIN-5163,Freight Account 5163,North America,SMB,ORD-05163,2026-08-07,676.88,WH-MIAMI
CUST-JOIN-5164,Freight Account 5164,North America,SMB,ORD-05164,2026-08-07,1321.38,WH-DETROIT
CUST-JOIN-5165,Freight Account 5165,North America,Startup,ORD-05165,2026-08-07,1688.43,WH-MIAMI
CUST-JOIN-5166,Freight Account 5166,North America,Startup,ORD-05166,2026-08-07,5297.26,WH-CHICAGO
CUST-JOIN-5167,Freight Account 5167,Europe,SMB,ORD-05167,2026-08-07,1643.89,WH-MIAMI
CUST-JOIN-5168,Freight Account 5168,Asia Pacific,SMB,ORD-05168,2026-08-07,7947.78,WH-CHICAGO
CUST-JOIN-5169,Freight Account 5169,North America,Startup,ORD-05169,2026-08-08,2518.23,WH-NEWYORK
CUST-JOIN-5170,Freight Account 5170,Asia Pacific,SMB,ORD-05170,2026-08-08,4876.89,WH-MIAMI
CUST-JOIN-5171,Freight Account 5171,Europe,SMB,ORD-05171,2026-08-08,7546.45,WH-MIAMI
CUST-JOIN-5172,Freight Account 5172,North America,SMB,ORD-05172,2026-08-08,4560.85,WH-CHICAGO
CUST-JOIN-5173,Freight Account 5173,Europe,Enterprise,ORD-05173,2026-08-08,4853.63,WH-CHICAGO
CUST-JOIN-5174,Freight Account 5174,Asia Pacific,Enterprise,ORD-05174,2026-08-08,1663.75,WH-DETROIT
CUST-JOIN-5175,Freight Account 5175,North America,SMB,ORD-05175,2026-08-08,5827.5,WH-NEWYORK
CUST-JOIN-5176,Freight Account 5176,Europe,SMB,ORD-05176,2026-08-08,7306.75,WH-MIAMI
CUST-JOIN-5177,Freight Account 5177,North America,Startup,ORD-05177,2026-08-08,2408.94,WH-DETROIT
CUST-JOIN-5178,Freight Account 5178,North America,SMB,ORD-05178,2026-08-08,3178.69,WH-MIAMI
CUST-JOIN-5179,Freight Account 5179,Europe,SMB,ORD-05179,2026-08-08,4160.52,WH-NEWYORK
CUST-JOIN-5180,Freight Account 5180,Asia Pacific,Enterprise,ORD-05180,2026-08-08,7213.25,WH-CHICAGO
CUST-JOIN-5181,Freight Account 5181,North America,SMB,ORD-05181,2026-08-08,801.29,WH-CHICAGO
CUST-JOIN-5182,Freight Account 5182,North America,SMB,ORD-05182,2026-08-08,5699.17,WH-DETROIT
CUST-JOIN-5183,Freight Account 5183,Europe,SMB,ORD-05183,2026-08-08,2239.8,WH-NEWYORK
CUST-JOIN-5184,Freight Account 5184,Europe,Startup,ORD-05184,2026-08-08,5127.6,WH-CHICAGO
CUST-JOIN-5185,Freight Account 5185,Asia Pacific,Startup,ORD-05185,2026-08-08,7605.01,WH-NEWYORK
CUST-JOIN-5186,Freight Account 5186,Asia Pacific,Startup,ORD-05186,2026-08-08,5152.05,WH-MIAMI
CUST-JOIN-5187,Freight Account 5187,North America,SMB,ORD-05187,2026-08-08,5036.97,WH-MIAMI
CUST-JOIN-5188,Freight Account 5188,Europe,SMB,ORD-05188,2026-08-08,7450.2,WH-CHICAGO
CUST-JOIN-5189,Freight Account 5189,Asia Pacific,SMB,ORD-05189,2026-08-08,3146.63,WH-CHICAGO
CUST-JOIN-5190,Freight Account 5190,Asia Pacific,SMB,ORD-05190,2026-08-08,4865.85,WH-MIAMI
CUST-JOIN-5191,Freight Account 5191,North America,Startup,ORD-05191,2026-08-08,7713.99,WH-CHICAGO
CUST-JOIN-5192,Freight Account 5192,Europe,Startup,ORD-05192,2026-08-08,2742.62,WH-MIAMI
CUST-JOIN-5193,Freight Account 5193,North America,Startup,ORD-05193,2026-08-09,6955.59,WH-DETROIT
CUST-JOIN-5194,Freight Account 5194,Europe,Enterprise,ORD-05194,2026-08-09,5740.06,WH-DETROIT
CUST-JOIN-5195,Freight Account 5195,North America,SMB,ORD-05195,2026-08-09,2117.18,WH-MIAMI
CUST-JOIN-5196,Freight Account 5196,North America,Enterprise,ORD-05196,2026-08-09,1469.63,WH-NEWYORK
CUST-JOIN-5197,Freight Account 5197,North America,SMB,ORD-05197,2026-08-09,3903.8,WH-CHICAGO
CUST-JOIN-5198,Freight Account 5198,Europe,Startup,ORD-05198,2026-08-09,3689.03,WH-DETROIT
CUST-JOIN-5199,Freight Account 5199,North America,Enterprise,ORD-05199,2026-08-09,2641.41,WH-NEWYORK
CUST-JOIN-5200,Freight Account 5200,Asia Pacific,Startup,ORD-05200,2026-08-09,3975.91,WH-NEWYORK
CUST-JOIN-5201,Freight Account 5201,North America,SMB,ORD-05201,2026-08-09,5119.96,WH-DETROIT
CUST-JOIN-5202,Freight Account 5202,Europe,Startup,ORD-05202,2026-08-09,7688.5,WH-DETROIT
CUST-JOIN-5203,Freight Account 5203,Asia Pacific,Startup,ORD-05203,2026-08-09,7179.36,WH-NEWYORK
CUST-JOIN-5204,Freight Account 5204,Europe,Startup,ORD-05204,2026-08-09,2838.04,WH-CHICAGO
CUST-JOIN-5205,Freight Account 5205,Asia Pacific,Startup,ORD-05205,2026-08-09,4019.2,WH-MIAMI
CUST-JOIN-5206,Freight Account 5206,Asia Pacific,SMB,ORD-05206,2026-08-09,5850.16,WH-MIAMI
CUST-JOIN-5207,Freight Account 5207,North America,Startup,ORD-05207,2026-08-09,3744.37,WH-NEWYORK
CUST-JOIN-5208,Freight Account 5208,Asia Pacific,Enterprise,ORD-05208,2026-08-09,4004.7,WH-CHICAGO
CUST-JOIN-5209,Freight Account 5209,North America,Startup,ORD-05209,2026-08-09,4567.26,WH-DETROIT
CUST-JOIN-5210,Freight Account 5210,Europe,Startup,ORD-05210,2026-08-09,7179.87,WH-DETROIT
CUST-JOIN-5211,Freight Account 5211,Asia Pacific,Startup,ORD-05211,2026-08-09,665.38,WH-CHICAGO
CUST-JOIN-5212,Freight Account 5212,Europe,SMB,ORD-05212,2026-08-09,1620.64,WH-DETROIT
CUST-JOIN-5213,Freight Account 5213,Europe,SMB,ORD-05213,2026-08-09,7752.01,WH-DETROIT
CUST-JOIN-5214,Freight Account 5214,North America,Startup,ORD-05214,2026-08-09,6991.05,WH-NEWYORK
CUST-JOIN-5215,Freight Account 5215,Europe,Startup,ORD-05215,2026-08-09,2777.3,WH-NEWYORK
CUST-JOIN-5216,Freight Account 5216,Asia Pacific,Startup,ORD-05216,2026-08-09,6912.67,WH-NEWYORK
CUST-JOIN-5217,Freight Account 5217,Europe,Startup,ORD-05217,2026-08-10,1153.38,WH-NEWYORK
CUST-JOIN-5218,Freight Account 5218,Europe,Startup,ORD-05218,2026-08-10,4597.44,WH-DETROIT
CUST-JOIN-5219,Freight Account 5219,Europe,Startup,ORD-05219,2026-08-10,5026.88,WH-CHICAGO
CUST-JOIN-5220,Freight Account 5220,North America,Startup,ORD-05220,2026-08-10,3407.75,WH-NEWYORK
CUST-JOIN-5221,Freight Account 5221,Asia Pacific,SMB,ORD-05221,2026-08-10,1112.23,WH-DETROIT
CUST-JOIN-5222,Freight Account 5222,North America,Startup,ORD-05222,2026-08-10,876.36,WH-MIAMI
CUST-JOIN-5223,Freight Account 5223,Europe,SMB,ORD-05223,2026-08-10,3932.03,WH-DETROIT
CUST-JOIN-5224,Freight Account 5224,Europe,Startup,ORD-05224,2026-08-10,5705.19,WH-MIAMI
CUST-JOIN-5225,Freight Account 5225,Europe,Enterprise,ORD-05225,2026-08-10,6359.29,WH-DETROIT
CUST-JOIN-5226,Freight Account 5226,Asia Pacific,SMB,ORD-05226,2026-08-10,2464.68,WH-CHICAGO
CUST-JOIN-5227,Freight Account 5227,North America,Startup,ORD-05227,2026-08-10,1493.19,WH-MIAMI
CUST-JOIN-5228,Freight Account 5228,North America,Startup,ORD-05228,2026-08-10,1962.43,WH-NEWYORK
CUST-JOIN-5229,Freight Account 5229,Europe,SMB,ORD-05229,2026-08-10,7284.66,WH-CHICAGO
CUST-JOIN-5230,Freight Account 5230,North America,Startup,ORD-05230,2026-08-10,3020.34,WH-CHICAGO
CUST-JOIN-5231,Freight Account 5231,Asia Pacific,Enterprise,ORD-05231,2026-08-10,6682.6,WH-CHICAGO
CUST-JOIN-5232,Freight Account 5232,Asia Pacific,SMB,ORD-05232,2026-08-10,464.48,WH-CHICAGO
CUST-JOIN-5233,Freight Account 5233,Europe,Startup,ORD-05233,2026-08-10,6634.32,WH-CHICAGO
CUST-JOIN-5234,Freight Account 5234,Europe,SMB,ORD-05234,2026-08-10,6300.04,WH-DETROIT
CUST-JOIN-5235,Freight Account 5235,Europe,Startup,ORD-05235,2026-08-10,1680.6,WH-MIAMI
CUST-JOIN-5236,Freight Account 5236,North America,Startup,ORD-05236,2026-08-10,6265.28,WH-DETROIT
CUST-JOIN-5237,Freight Account 5237,North America,SMB,ORD-05237,2026-08-10,1821.48,WH-CHICAGO
CUST-JOIN-5238,Freight Account 5238,Asia Pacific,Enterprise,ORD-05238,2026-08-10,7348.95,WH-MIAMI
CUST-JOIN-5239,Freight Account 5239,North America,Startup,ORD-05239,2026-08-10,2045.18,WH-MIAMI
CUST-JOIN-5240,Freight Account 5240,Europe,SMB,ORD-05240,2026-08-10,1908.66,WH-MIAMI
CUST-JOIN-5241,Freight Account 5241,North America,Startup,ORD-05241,2026-08-11,6612.73,WH-MIAMI
CUST-JOIN-5242,Freight Account 5242,Europe,SMB,ORD-05242,2026-08-11,5669.59,WH-DETROIT
CUST-JOIN-5243,Freight Account 5243,North America,Enterprise,ORD-05243,2026-08-11,903.74,WH-DETROIT
CUST-JOIN-5244,Freight Account 5244,Europe,Enterprise,ORD-05244,2026-08-11,908.05,WH-CHICAGO
CUST-JOIN-5245,Freight Account 5245,Asia Pacific,Startup,ORD-05245,2026-08-11,2953.77,WH-DETROIT
CUST-JOIN-5246,Freight Account 5246,Europe,SMB,ORD-05246,2026-08-11,5071.76,WH-CHICAGO
CUST-JOIN-5247,Freight Account 5247,Asia Pacific,SMB,ORD-05247,2026-08-11,4561.93,WH-DETROIT
CUST-JOIN-5248,Freight Account 5248,North America,Startup,ORD-05248,2026-08-11,1477.45,WH-CHICAGO
CUST-JOIN-5249,Freight Account 5249,North America,Startup,ORD-05249,2026-08-11,5245.53,WH-DETROIT
CUST-JOIN-5250,Freight Account 5250,Asia Pacific,SMB,ORD-05250,2026-08-11,3901.56,WH-DETROIT
CUST-JOIN-5251,Freight Account 5251,North America,Enterprise,ORD-05251,2026-08-11,7834.33,WH-DETROIT
CUST-JOIN-5252,Freight Account 5252,Europe,SMB,ORD-05252,2026-08-11,1091.03,WH-NEWYORK
CUST-JOIN-5253,Freight Account 5253,Europe,Enterprise,ORD-05253,2026-08-11,4752.88,WH-NEWYORK
CUST-JOIN-5254,Freight Account 5254,North America,SMB,ORD-05254,2026-08-11,6856.22,WH-MIAMI
CUST-JOIN-5255,Freight Account 5255,Europe,SMB,ORD-05255,2026-08-11,5986.12,WH-NEWYORK
CUST-JOIN-5256,Freight Account 5256,Europe,Enterprise,ORD-05256,2026-08-11,751.56,WH-CHICAGO
CUST-JOIN-5257,Freight Account 5257,North America,Startup,ORD-05257,2026-08-11,1310.16,WH-NEWYORK
CUST-JOIN-5258,Freight Account 5258,North America,Startup,ORD-05258,2026-08-11,7567.5,WH-DETROIT
CUST-JOIN-5259,Freight Account 5259,North America,Enterprise,ORD-05259,2026-08-11,4493.17,WH-MIAMI
CUST-JOIN-5260,Freight Account 5260,Europe,SMB,ORD-05260,2026-08-11,547.53,WH-MIAMI
CUST-JOIN-5261,Freight Account 5261,Asia Pacific,Startup,ORD-05261,2026-08-11,3642.71,WH-MIAMI
CUST-JOIN-5262,Freight Account 5262,Asia Pacific,Startup,ORD-05262,2026-08-11,2103.7,WH-NEWYORK
CUST-JOIN-5263,Freight Account 5263,Asia Pacific,SMB,ORD-05263,2026-08-11,7377.2,WH-CHICAGO
CUST-JOIN-5264,Freight Account 5264,Europe,Startup,ORD-05264,2026-08-11,2348.19,WH-NEWYORK
CUST-JOIN-5265,Freight Account 5265,Asia Pacific,SMB,ORD-05265,2026-08-12,5537.2,WH-DETROIT
CUST-JOIN-5266,Freight Account 5266,North America,SMB,ORD-05266,2026-08-12,2567.22,WH-CHICAGO
CUST-JOIN-5267,Freight Account 5267,Europe,SMB,ORD-05267,2026-08-12,6416.21,WH-MIAMI
CUST-JOIN-5268,Freight Account 5268,Europe,SMB,ORD-05268,2026-08-12,3713.95,WH-NEWYORK
CUST-JOIN-5269,Freight Account 5269,North America,Startup,ORD-05269,2026-08-12,1445.95,WH-MIAMI
CUST-JOIN-5270,Freight Account 5270,North America,Enterprise,ORD-05270,2026-08-12,5826.96,WH-DETROIT
CUST-JOIN-5271,Freight Account 5271,North America,SMB,ORD-05271,2026-08-12,4889.73,WH-DETROIT
CUST-JOIN-5272,Freight Account 5272,Asia Pacific,SMB,ORD-05272,2026-08-12,5799.94,WH-MIAMI
CUST-JOIN-5273,Freight Account 5273,Asia Pacific,SMB,ORD-05273,2026-08-12,2019.38,WH-NEWYORK
CUST-JOIN-5274,Freight Account 5274,North America,Startup,ORD-05274,2026-08-12,5410.05,WH-CHICAGO
CUST-JOIN-5275,Freight Account 5275,Asia Pacific,Startup,ORD-05275,2026-08-12,6783.32,WH-CHICAGO
CUST-JOIN-5276,Freight Account 5276,Europe,Startup,ORD-05276,2026-08-12,851.9,WH-DETROIT
CUST-JOIN-5277,Freight Account 5277,Europe,Startup,ORD-05277,2026-08-12,6736.3,WH-NEWYORK
CUST-JOIN-5278,Freight Account 5278,Asia Pacific,SMB,ORD-05278,2026-08-12,712.37,WH-DETROIT
CUST-JOIN-5279,Freight Account 5279,Europe,Startup,ORD-05279,2026-08-12,2007.13,WH-NEWYORK
CUST-JOIN-5280,Freight Account 5280,Europe,Startup,ORD-05280,2026-08-12,2715.44,WH-NEWYORK
CUST-JOIN-5281,Freight Account 5281,Europe,Startup,ORD-05281,2026-08-12,7799.41,WH-MIAMI
CUST-JOIN-5282,Freight Account 5282,North America,Startup,ORD-05282,2026-08-12,5142.51,WH-DETROIT
CUST-JOIN-5283,Freight Account 5283,North America,Enterprise,ORD-05283,2026-08-12,6068.86,WH-MIAMI
CUST-JOIN-5284,Freight Account 5284,North America,Startup,ORD-05284,2026-08-12,4723.64,WH-CHICAGO
CUST-JOIN-5285,Freight Account 5285,Europe,Startup,ORD-05285,2026-08-12,3897.2,WH-DETROIT
CUST-JOIN-5286,Freight Account 5286,Europe,SMB,ORD-05286,2026-08-12,954.73,WH-CHICAGO
CUST-JOIN-5287,Freight Account 5287,North America,SMB,ORD-05287,2026-08-12,3829.95,WH-DETROIT
CUST-JOIN-5288,Freight Account 5288,Asia Pacific,Startup,ORD-05288,2026-08-12,7119.32,WH-CHICAGO
CUST-JOIN-5289,Freight Account 5289,Asia Pacific,SMB,ORD-05289,2026-08-13,1797.56,WH-CHICAGO
CUST-JOIN-5290,Freight Account 5290,Europe,SMB,ORD-05290,2026-08-13,1579.48,WH-MIAMI
CUST-JOIN-5291,Freight Account 5291,Asia Pacific,Enterprise,ORD-05291,2026-08-13,6763.19,WH-CHICAGO
CUST-JOIN-5292,Freight Account 5292,North America,Startup,ORD-05292,2026-08-13,6457.98,WH-DETROIT
CUST-JOIN-5293,Freight Account 5293,Asia Pacific,Startup,ORD-05293,2026-08-13,1426.02,WH-DETROIT
CUST-JOIN-5294,Freight Account 5294,Asia Pacific,Startup,ORD-05294,2026-08-13,303.57,WH-NEWYORK
CUST-JOIN-5295,Freight Account 5295,Asia Pacific,Startup,ORD-05295,2026-08-13,7888.85,WH-DETROIT
CUST-JOIN-5296,Freight Account 5296,Europe,SMB,ORD-05296,2026-08-13,5480.01,WH-CHICAGO
CUST-JOIN-5297,Freight Account 5297,North America,Startup,ORD-05297,2026-08-13,5848.5,WH-MIAMI
CUST-JOIN-5298,Freight Account 5298,North America,SMB,ORD-05298,2026-08-13,7710.72,WH-NEWYORK
CUST-JOIN-5299,Freight Account 5299,North America,SMB,ORD-05299,2026-08-13,1646.8,WH-CHICAGO
CUST-JOIN-5300,Freight Account 5300,North America,SMB,ORD-05300,2026-08-13,6668.53,WH-MIAMI
CUST-JOIN-5301,Freight Account 5301,Asia Pacific,SMB,ORD-05301,2026-08-13,2986.72,WH-MIAMI
CUST-JOIN-5302,Freight Account 5302,Asia Pacific,SMB,ORD-05302,2026-08-13,7267.19,WH-DETROIT
CUST-JOIN-5303,Freight Account 5303,Asia Pacific,SMB,ORD-05303,2026-08-13,2565.68,WH-NEWYORK
CUST-JOIN-5304,Freight Account 5304,Europe,SMB,ORD-05304,2026-08-13,3089.3,WH-DETROIT
CUST-JOIN-5305,Freight Account 5305,North America,SMB,ORD-05305,2026-08-13,5423.52,WH-CHICAGO
CUST-JOIN-5306,Freight Account 5306,Asia Pacific,SMB,ORD-05306,2026-08-13,4546.03,WH-CHICAGO
CUST-JOIN-5307,Freight Account 5307,Europe,Startup,ORD-05307,2026-08-13,5386.78,WH-MIAMI
CUST-JOIN-5308,Freight Account 5308,Asia Pacific,Startup,ORD-05308,2026-08-13,309.93,WH-MIAMI
CUST-JOIN-5309,Freight Account 5309,North America,Startup,ORD-05309,2026-08-13,580.13,WH-NEWYORK
CUST-JOIN-5310,Freight Account 5310,Asia Pacific,Startup,ORD-05310,2026-08-13,3742.12,WH-NEWYORK
CUST-JOIN-5311,Freight Account 5311,North America,SMB,ORD-05311,2026-08-13,255.44,WH-DETROIT
CUST-JOIN-5312,Freight Account 5312,Asia Pacific,SMB,ORD-05312,2026-08-13,4504.58,WH-DETROIT
CUST-JOIN-5313,Freight Account 5313,Asia Pacific,Enterprise,ORD-05313,2026-08-14,5374.74,WH-DETROIT
CUST-JOIN-5314,Freight Account 5314,Asia Pacific,Startup,ORD-05314,2026-08-14,1094.99,WH-CHICAGO
CUST-JOIN-5315,Freight Account 5315,Asia Pacific,Enterprise,ORD-05315,2026-08-14,5770.63,WH-NEWYORK
CUST-JOIN-5316,Freight Account 5316,North America,SMB,ORD-05316,2026-08-14,7932.56,WH-NEWYORK
CUST-JOIN-5317,Freight Account 5317,North America,SMB,ORD-05317,2026-08-14,7631.22,WH-CHICAGO
CUST-JOIN-5318,Freight Account 5318,Asia Pacific,Startup,ORD-05318,2026-08-14,5181.59,WH-MIAMI
CUST-JOIN-5319,Freight Account 5319,North America,Startup,ORD-05319,2026-08-14,3354.56,WH-MIAMI
CUST-JOIN-5320,Freight Account 5320,Europe,Startup,ORD-05320,2026-08-14,4915.59,WH-DETROIT
CUST-JOIN-5321,Freight Account 5321,Europe,SMB,ORD-05321,2026-08-14,7847.68,WH-MIAMI
CUST-JOIN-5322,Freight Account 5322,North America,SMB,ORD-05322,2026-08-14,5334.26,WH-NEWYORK
CUST-JOIN-5323,Freight Account 5323,Europe,Startup,ORD-05323,2026-08-14,2930.07,WH-DETROIT
CUST-JOIN-5324,Freight Account 5324,North America,Startup,ORD-05324,2026-08-14,2229.04,WH-MIAMI
CUST-JOIN-5325,Freight Account 5325,North America,SMB,ORD-05325,2026-08-14,7973.02,WH-NEWYORK
CUST-JOIN-5326,Freight Account 5326,Europe,SMB,ORD-05326,2026-08-14,6564.01,WH-MIAMI
CUST-JOIN-5327,Freight Account 5327,Asia Pacific,SMB,ORD-05327,2026-08-14,6343.57,WH-MIAMI
CUST-JOIN-5328,Freight Account 5328,Asia Pacific,SMB,ORD-05328,2026-08-14,2752.82,WH-DETROIT
CUST-JOIN-5329,Freight Account 5329,North America,SMB,ORD-05329,2026-08-14,7435.42,WH-MIAMI
CUST-JOIN-5330,Freight Account 5330,Europe,SMB,ORD-05330,2026-08-14,751.44,WH-DETROIT
CUST-JOIN-5331,Freight Account 5331,Europe,SMB,ORD-05331,2026-08-14,1766.02,WH-MIAMI
CUST-JOIN-5332,Freight Account 5332,North America,SMB,ORD-05332,2026-08-14,2595.29,WH-DETROIT
CUST-JOIN-5333,Freight Account 5333,North America,Enterprise,ORD-05333,2026-08-14,469.33,WH-DETROIT
CUST-JOIN-5334,Freight Account 5334,Europe,Startup,ORD-05334,2026-08-14,7084.57,WH-MIAMI
CUST-JOIN-5335,Freight Account 5335,Asia Pacific,SMB,ORD-05335,2026-08-14,2175.42,WH-DETROIT
CUST-JOIN-5336,Freight Account 5336,Asia Pacific,Startup,ORD-05336,2026-08-14,1543.53,WH-NEWYORK
CUST-JOIN-5337,Freight Account 5337,North America,Startup,ORD-05337,2026-08-15,2204.37,WH-DETROIT
CUST-JOIN-5338,Freight Account 5338,Asia Pacific,SMB,ORD-05338,2026-08-15,3563.84,WH-MIAMI
CUST-JOIN-5339,Freight Account 5339,North America,SMB,ORD-05339,2026-08-15,1917.19,WH-NEWYORK
CUST-JOIN-5340,Freight Account 5340,Europe,Startup,ORD-05340,2026-08-15,6600.93,WH-DETROIT
CUST-JOIN-5341,Freight Account 5341,Europe,SMB,ORD-05341,2026-08-15,244.74,WH-CHICAGO
CUST-JOIN-5342,Freight Account 5342,Asia Pacific,Startup,ORD-05342,2026-08-15,4312.38,WH-DETROIT
CUST-JOIN-5343,Freight Account 5343,Europe,Startup,ORD-05343,2026-08-15,5978.37,WH-NEWYORK
CUST-JOIN-5344,Freight Account 5344,Europe,SMB,ORD-05344,2026-08-15,2624.37,WH-NEWYORK
CUST-JOIN-5345,Freight Account 5345,North America,Enterprise,ORD-05345,2026-08-15,1814.6,WH-NEWYORK
CUST-JOIN-5346,Freight Account 5346,Asia Pacific,SMB,ORD-05346,2026-08-15,2426.34,WH-CHICAGO
CUST-JOIN-5347,Freight Account 5347,Europe,SMB,ORD-05347,2026-08-15,271.69,WH-NEWYORK
CUST-JOIN-5348,Freight Account 5348,Europe,Startup,ORD-05348,2026-08-15,7838.35,WH-MIAMI
CUST-JOIN-5349,Freight Account 5349,North America,Startup,ORD-05349,2026-08-15,7173.12,WH-MIAMI
CUST-JOIN-5350,Freight Account 5350,Europe,Startup,ORD-05350,2026-08-15,5823.61,WH-NEWYORK
CUST-JOIN-5351,Freight Account 5351,Europe,Startup,ORD-05351,2026-08-15,3447.94,WH-CHICAGO
CUST-JOIN-5352,Freight Account 5352,North America,Startup,ORD-05352,2026-08-15,3544.32,WH-NEWYORK
CUST-JOIN-5353,Freight Account 5353,Europe,SMB,ORD-05353,2026-08-15,7978.31,WH-NEWYORK
CUST-JOIN-5354,Freight Account 5354,Europe,Startup,ORD-05354,2026-08-15,4365.58,WH-DETROIT
CUST-JOIN-5355,Freight Account 5355,North America,Startup,ORD-05355,2026-08-15,1329.73,WH-NEWYORK
CUST-JOIN-5356,Freight Account 5356,Asia Pacific,Startup,ORD-05356,2026-08-15,5384.89,WH-MIAMI
CUST-JOIN-5357,Freight Account 5357,North America,Startup,ORD-05357,2026-08-15,1223.21,WH-MIAMI
CUST-JOIN-5358,Freight Account 5358,Europe,SMB,ORD-05358,2026-08-15,3569.92,WH-MIAMI
CUST-JOIN-5359,Freight Account 5359,Europe,Enterprise,ORD-05359,2026-08-15,5674.2,WH-CHICAGO
CUST-JOIN-5360,Freight Account 5360,Europe,Startup,ORD-05360,2026-08-15,6916.49,WH-MIAMI
CUST-JOIN-5361,Freight Account 5361,North America,Startup,ORD-05361,2026-08-16,1010.06,WH-NEWYORK
CUST-JOIN-5362,Freight Account 5362,North America,SMB,ORD-05362,2026-08-16,4907.63,WH-DETROIT
CUST-JOIN-5363,Freight Account 5363,Asia Pacific,SMB,ORD-05363,2026-08-16,7988.83,WH-CHICAGO
CUST-JOIN-5364,Freight Account 5364,North America,Startup,ORD-05364,2026-08-16,5016.93,WH-NEWYORK
CUST-JOIN-5365,Freight Account 5365,Europe,Enterprise,ORD-05365,2026-08-16,1599.85,WH-NEWYORK
CUST-JOIN-5366,Freight Account 5366,Asia Pacific,SMB,ORD-05366,2026-08-16,6590.24,WH-DETROIT
CUST-JOIN-5367,Freight Account 5367,Asia Pacific,SMB,ORD-05367,2026-08-16,7132.96,WH-MIAMI
CUST-JOIN-5368,Freight Account 5368,North America,Startup,ORD-05368,2026-08-16,4139.46,WH-CHICAGO
CUST-JOIN-5369,Freight Account 5369,Asia Pacific,Enterprise,ORD-05369,2026-08-16,4958.08,WH-MIAMI
CUST-JOIN-5370,Freight Account 5370,Europe,Startup,ORD-05370,2026-08-16,7856.77,WH-MIAMI
CUST-JOIN-5371,Freight Account 5371,Europe,SMB,ORD-05371,2026-08-16,2501.68,WH-CHICAGO
CUST-JOIN-5372,Freight Account 5372,North America,SMB,ORD-05372,2026-08-16,873.74,WH-MIAMI
CUST-JOIN-5373,Freight Account 5373,Europe,Enterprise,ORD-05373,2026-08-16,3421.96,WH-DETROIT
CUST-JOIN-5374,Freight Account 5374,North America,Enterprise,ORD-05374,2026-08-16,3060.36,WH-CHICAGO
CUST-JOIN-5375,Freight Account 5375,Asia Pacific,Enterprise,ORD-05375,2026-08-16,2795.88,WH-MIAMI
CUST-JOIN-5376,Freight Account 5376,Asia Pacific,Startup,ORD-05376,2026-08-16,7990.03,WH-NEWYORK
CUST-JOIN-5377,Freight Account 5377,Europe,SMB,ORD-05377,2026-08-16,2528.84,WH-CHICAGO
CUST-JOIN-5378,Freight Account 5378,North America,SMB,ORD-05378,2026-08-16,6389.39,WH-NEWYORK
CUST-JOIN-5379,Freight Account 5379,Europe,Startup,ORD-05379,2026-08-16,1476.18,WH-DETROIT
CUST-JOIN-5380,Freight Account 5380,Asia Pacific,SMB,ORD-05380,2026-08-16,7301.48,WH-MIAMI
CUST-JOIN-5381,Freight Account 5381,Asia Pacific,Startup,ORD-05381,2026-08-16,2685.43,WH-MIAMI
CUST-JOIN-5382,Freight Account 5382,North America,Enterprise,ORD-05382,2026-08-16,1930.8,WH-DETROIT
CUST-JOIN-5383,Freight Account 5383,Asia Pacific,Startup,ORD-05383,2026-08-16,5545.86,WH-NEWYORK
CUST-JOIN-5384,Freight Account 5384,Europe,Startup,ORD-05384,2026-08-16,255.82,WH-CHICAGO
CUST-JOIN-5385,Freight Account 5385,North America,SMB,ORD-05385,2026-08-17,5364.95,WH-CHICAGO
CUST-JOIN-5386,Freight Account 5386,Asia Pacific,Startup,ORD-05386,2026-08-17,4852.4,WH-NEWYORK
CUST-JOIN-5387,Freight Account 5387,Asia Pacific,Startup,ORD-05387,2026-08-17,7513.86,WH-DETROIT
CUST-JOIN-5388,Freight Account 5388,North America,Startup,ORD-05388,2026-08-17,5127.3,WH-CHICAGO
CUST-JOIN-5389,Freight Account 5389,Asia Pacific,Enterprise,ORD-05389,2026-08-17,6747.71,WH-CHICAGO
CUST-JOIN-5390,Freight Account 5390,Europe,SMB,ORD-05390,2026-08-17,1144.49,WH-NEWYORK
CUST-JOIN-5391,Freight Account 5391,North America,SMB,ORD-05391,2026-08-17,2134.75,WH-CHICAGO
CUST-JOIN-5392,Freight Account 5392,Asia Pacific,SMB,ORD-05392,2026-08-17,4508.47,WH-CHICAGO
CUST-JOIN-5393,Freight Account 5393,Europe,SMB,ORD-05393,2026-08-17,1640.48,WH-CHICAGO
CUST-JOIN-5394,Freight Account 5394,Europe,Startup,ORD-05394,2026-08-17,6356.14,WH-NEWYORK
CUST-JOIN-5395,Freight Account 5395,North America,SMB,ORD-05395,2026-08-17,5270.86,WH-MIAMI
CUST-JOIN-5396,Freight Account 5396,North America,Startup,ORD-05396,2026-08-17,3347.17,WH-NEWYORK
CUST-JOIN-5397,Freight Account 5397,Asia Pacific,SMB,ORD-05397,2026-08-17,546.43,WH-MIAMI
CUST-JOIN-5398,Freight Account 5398,Europe,SMB,ORD-05398,2026-08-17,4458.96,WH-CHICAGO
CUST-JOIN-5399,Freight Account 5399,Asia Pacific,Startup,ORD-05399,2026-08-17,3950.67,WH-MIAMI
CUST-JOIN-5400,Freight Account 5400,Asia Pacific,SMB,ORD-05400,2026-08-17,1473.83,WH-DETROIT
CUST-JOIN-5401,Freight Account 5401,Europe,Startup,ORD-05401,2026-08-17,7192.76,WH-CHICAGO
CUST-JOIN-5402,Freight Account 5402,North America,SMB,ORD-05402,2026-08-17,7068.08,WH-CHICAGO
CUST-JOIN-5403,Freight Account 5403,North America,SMB,ORD-05403,2026-08-17,896.54,WH-CHICAGO
CUST-JOIN-5404,Freight Account 5404,Asia Pacific,Startup,ORD-05404,2026-08-17,7235.78,WH-MIAMI
CUST-JOIN-5405,Freight Account 5405,Asia Pacific,Startup,ORD-05405,2026-08-17,3920.29,WH-MIAMI
CUST-JOIN-5406,Freight Account 5406,Asia Pacific,Startup,ORD-05406,2026-08-17,2901.19,WH-DETROIT
CUST-JOIN-5407,Freight Account 5407,North America,SMB,ORD-05407,2026-08-17,6313.67,WH-CHICAGO
CUST-JOIN-5408,Freight Account 5408,Asia Pacific,SMB,ORD-05408,2026-08-17,2258.12,WH-NEWYORK
CUST-JOIN-5409,Freight Account 5409,Asia Pacific,SMB,ORD-05409,2026-08-18,6217.18,WH-CHICAGO
CUST-JOIN-5410,Freight Account 5410,Europe,Enterprise,ORD-05410,2026-08-18,7654.64,WH-MIAMI
CUST-JOIN-5411,Freight Account 5411,Asia Pacific,Startup,ORD-05411,2026-08-18,5616.07,WH-CHICAGO
CUST-JOIN-5412,Freight Account 5412,North America,SMB,ORD-05412,2026-08-18,5388.52,WH-CHICAGO
CUST-JOIN-5413,Freight Account 5413,Asia Pacific,Enterprise,ORD-05413,2026-08-18,5098.06,WH-NEWYORK
CUST-JOIN-5414,Freight Account 5414,Europe,Startup,ORD-05414,2026-08-18,7793.81,WH-DETROIT
CUST-JOIN-5415,Freight Account 5415,North America,Startup,ORD-05415,2026-08-18,562.84,WH-MIAMI
CUST-JOIN-5416,Freight Account 5416,Asia Pacific,SMB,ORD-05416,2026-08-18,2125.89,WH-NEWYORK
CUST-JOIN-5417,Freight Account 5417,Europe,SMB,ORD-05417,2026-08-18,1122.62,WH-NEWYORK
CUST-JOIN-5418,Freight Account 5418,North America,SMB,ORD-05418,2026-08-18,6153.6,WH-DETROIT
CUST-JOIN-5419,Freight Account 5419,Europe,Startup,ORD-05419,2026-08-18,5344.29,WH-DETROIT
CUST-JOIN-5420,Freight Account 5420,North America,Startup,ORD-05420,2026-08-18,3712.6,WH-CHICAGO
CUST-JOIN-5421,Freight Account 5421,North America,SMB,ORD-05421,2026-08-18,6139.68,WH-DETROIT
CUST-JOIN-5422,Freight Account 5422,North America,SMB,ORD-05422,2026-08-18,4087.32,WH-MIAMI
CUST-JOIN-5423,Freight Account 5423,North America,Startup,ORD-05423,2026-08-18,5745.76,WH-NEWYORK
CUST-JOIN-5424,Freight Account 5424,North America,SMB,ORD-05424,2026-08-18,5338.38,WH-DETROIT
CUST-JOIN-5425,Freight Account 5425,North America,Enterprise,ORD-05425,2026-08-18,5128.71,WH-MIAMI
CUST-JOIN-5426,Freight Account 5426,Europe,SMB,ORD-05426,2026-08-18,4658.75,WH-DETROIT
CUST-JOIN-5427,Freight Account 5427,Europe,SMB,ORD-05427,2026-08-18,3446.7,WH-CHICAGO
CUST-JOIN-5428,Freight Account 5428,Europe,Startup,ORD-05428,2026-08-18,1593.21,WH-NEWYORK
CUST-JOIN-5429,Freight Account 5429,Asia Pacific,Startup,ORD-05429,2026-08-18,6173.09,WH-MIAMI
CUST-JOIN-5430,Freight Account 5430,Europe,Startup,ORD-05430,2026-08-18,1137.13,WH-CHICAGO
CUST-JOIN-5431,Freight Account 5431,North America,SMB,ORD-05431,2026-08-18,2494.12,WH-DETROIT
CUST-JOIN-5432,Freight Account 5432,Asia Pacific,Startup,ORD-05432,2026-08-18,7282.61,WH-DETROIT
CUST-JOIN-5433,Freight Account 5433,Europe,SMB,ORD-05433,2026-08-19,402.59,WH-MIAMI
CUST-JOIN-5434,Freight Account 5434,Asia Pacific,SMB,ORD-05434,2026-08-19,1549.44,WH-NEWYORK
CUST-JOIN-5435,Freight Account 5435,North America,Startup,ORD-05435,2026-08-19,868.58,WH-NEWYORK
CUST-JOIN-5436,Freight Account 5436,Europe,Startup,ORD-05436,2026-08-19,5869.89,WH-CHICAGO
CUST-JOIN-5437,Freight Account 5437,Asia Pacific,SMB,ORD-05437,2026-08-19,6695.11,WH-NEWYORK
CUST-JOIN-5438,Freight Account 5438,Asia Pacific,SMB,ORD-05438,2026-08-19,7493.37,WH-DETROIT
CUST-JOIN-5439,Freight Account 5439,North America,Enterprise,ORD-05439,2026-08-19,5748.7,WH-CHICAGO
CUST-JOIN-5440,Freight Account 5440,Asia Pacific,SMB,ORD-05440,2026-08-19,4624.83,WH-NEWYORK
CUST-JOIN-5441,Freight Account 5441,North America,SMB,ORD-05441,2026-08-19,4199.79,WH-CHICAGO
CUST-JOIN-5442,Freight Account 5442,Europe,SMB,ORD-05442,2026-08-19,2582.25,WH-DETROIT
CUST-JOIN-5443,Freight Account 5443,North America,Startup,ORD-05443,2026-08-19,5074.65,WH-NEWYORK
CUST-JOIN-5444,Freight Account 5444,North America,Startup,ORD-05444,2026-08-19,512.02,WH-DETROIT
CUST-JOIN-5445,Freight Account 5445,Asia Pacific,Startup,ORD-05445,2026-08-19,3719.42,WH-DETROIT
CUST-JOIN-5446,Freight Account 5446,North America,Startup,ORD-05446,2026-08-19,4982.94,WH-NEWYORK
CUST-JOIN-5447,Freight Account 5447,Asia Pacific,SMB,ORD-05447,2026-08-19,6991.09,WH-MIAMI
CUST-JOIN-5448,Freight Account 5448,Asia Pacific,Enterprise,ORD-05448,2026-08-19,5690.61,WH-MIAMI
CUST-JOIN-5449,Freight Account 5449,Europe,Startup,ORD-05449,2026-08-19,7793.24,WH-NEWYORK
CUST-JOIN-5450,Freight Account 5450,Europe,Startup,ORD-05450,2026-08-19,3503.79,WH-MIAMI
CUST-JOIN-5451,Freight Account 5451,Asia Pacific,SMB,ORD-05451,2026-08-19,6838.36,WH-NEWYORK
CUST-JOIN-5452,Freight Account 5452,Europe,Enterprise,ORD-05452,2026-08-19,732.11,WH-CHICAGO
CUST-JOIN-5453,Freight Account 5453,Asia Pacific,SMB,ORD-05453,2026-08-19,4960.97,WH-NEWYORK
CUST-JOIN-5454,Freight Account 5454,Asia Pacific,Enterprise,ORD-05454,2026-08-19,1419.89,WH-MIAMI
CUST-JOIN-5455,Freight Account 5455,North America,Startup,ORD-05455,2026-08-19,2089.17,WH-CHICAGO
CUST-JOIN-5456,Freight Account 5456,North America,SMB,ORD-05456,2026-08-19,5904.4,WH-NEWYORK
CUST-JOIN-5457,Freight Account 5457,Asia Pacific,SMB,ORD-05457,2026-08-20,3121.41,WH-MIAMI
CUST-JOIN-5458,Freight Account 5458,Asia Pacific,Startup,ORD-05458,2026-08-20,3520.59,WH-MIAMI
CUST-JOIN-5459,Freight Account 5459,North America,Startup,ORD-05459,2026-08-20,996.27,WH-DETROIT
CUST-JOIN-5460,Freight Account 5460,Europe,Startup,ORD-05460,2026-08-20,1959.99,WH-CHICAGO
CUST-JOIN-5461,Freight Account 5461,North America,Enterprise,ORD-05461,2026-08-20,4648.47,WH-DETROIT
CUST-JOIN-5462,Freight Account 5462,Asia Pacific,Startup,ORD-05462,2026-08-20,4322.48,WH-NEWYORK
CUST-JOIN-5463,Freight Account 5463,North America,Startup,ORD-05463,2026-08-20,5359.06,WH-NEWYORK
CUST-JOIN-5464,Freight Account 5464,Europe,SMB,ORD-05464,2026-08-20,6267.71,WH-MIAMI
CUST-JOIN-5465,Freight Account 5465,Asia Pacific,Startup,ORD-05465,2026-08-20,1965.06,WH-DETROIT
CUST-JOIN-5466,Freight Account 5466,Europe,Startup,ORD-05466,2026-08-20,2994.13,WH-DETROIT
CUST-JOIN-5467,Freight Account 5467,Europe,SMB,ORD-05467,2026-08-20,4194.26,WH-DETROIT
CUST-JOIN-5468,Freight Account 5468,North America,Startup,ORD-05468,2026-08-20,269.21,WH-DETROIT
CUST-JOIN-5469,Freight Account 5469,North America,Startup,ORD-05469,2026-08-20,3799.33,WH-CHICAGO
CUST-JOIN-5470,Freight Account 5470,Europe,Startup,ORD-05470,2026-08-20,7149.77,WH-NEWYORK
CUST-JOIN-5471,Freight Account 5471,North America,SMB,ORD-05471,2026-08-20,2883.84,WH-MIAMI
CUST-JOIN-5472,Freight Account 5472,North America,SMB,ORD-05472,2026-08-20,2962.71,WH-MIAMI
CUST-JOIN-5473,Freight Account 5473,Europe,Startup,ORD-05473,2026-08-20,2367.99,WH-CHICAGO
CUST-JOIN-5474,Freight Account 5474,North America,Startup,ORD-05474,2026-08-20,4918.86,WH-MIAMI
CUST-JOIN-5475,Freight Account 5475,Europe,SMB,ORD-05475,2026-08-20,6398.96,WH-DETROIT
CUST-JOIN-5476,Freight Account 5476,Asia Pacific,SMB,ORD-05476,2026-08-20,6621.82,WH-MIAMI
CUST-JOIN-5477,Freight Account 5477,Europe,SMB,ORD-05477,2026-08-20,2495.32,WH-MIAMI
CUST-JOIN-5478,Freight Account 5478,Asia Pacific,Startup,ORD-05478,2026-08-20,4953.75,WH-NEWYORK
CUST-JOIN-5479,Freight Account 5479,Europe,SMB,ORD-05479,2026-08-20,5673.05,WH-MIAMI
CUST-JOIN-5480,Freight Account 5480,Europe,Startup,ORD-05480,2026-08-20,7655.6,WH-CHICAGO
CUST-JOIN-5481,Freight Account 5481,Europe,SMB,ORD-05481,2026-08-21,4875.52,WH-MIAMI
CUST-JOIN-5482,Freight Account 5482,North America,SMB,ORD-05482,2026-08-21,2339.69,WH-DETROIT
CUST-JOIN-5483,Freight Account 5483,North America,SMB,ORD-05483,2026-08-21,6075.96,WH-CHICAGO
CUST-JOIN-5484,Freight Account 5484,North America,Startup,ORD-05484,2026-08-21,6288.54,WH-NEWYORK
CUST-JOIN-5485,Freight Account 5485,Asia Pacific,SMB,ORD-05485,2026-08-21,5918.45,WH-DETROIT
CUST-JOIN-5486,Freight Account 5486,Asia Pacific,SMB,ORD-05486,2026-08-21,6429.26,WH-CHICAGO
CUST-JOIN-5487,Freight Account 5487,North America,SMB,ORD-05487,2026-08-21,5849.08,WH-DETROIT
CUST-JOIN-5488,Freight Account 5488,Europe,Startup,ORD-05488,2026-08-21,6662.7,WH-CHICAGO
CUST-JOIN-5489,Freight Account 5489,Asia Pacific,SMB,ORD-05489,2026-08-21,3413.03,WH-DETROIT
CUST-JOIN-5490,Freight Account 5490,Asia Pacific,SMB,ORD-05490,2026-08-21,6690.92,WH-MIAMI
CUST-JOIN-5491,Freight Account 5491,Europe,SMB,ORD-05491,2026-08-21,2169.96,WH-MIAMI
CUST-JOIN-5492,Freight Account 5492,Europe,Enterprise,ORD-05492,2026-08-21,2071.37,WH-CHICAGO
CUST-JOIN-5493,Freight Account 5493,Europe,Startup,ORD-05493,2026-08-21,2448.61,WH-MIAMI
CUST-JOIN-5494,Freight Account 5494,Europe,SMB,ORD-05494,2026-08-21,6602.98,WH-NEWYORK
CUST-JOIN-5495,Freight Account 5495,North America,Startup,ORD-05495,2026-08-21,1451.15,WH-CHICAGO
CUST-JOIN-5496,Freight Account 5496,North America,SMB,ORD-05496,2026-08-21,3516.19,WH-DETROIT
CUST-JOIN-5497,Freight Account 5497,North America,Startup,ORD-05497,2026-08-21,1489.05,WH-MIAMI
CUST-JOIN-5498,Freight Account 5498,Europe,Startup,ORD-05498,2026-08-21,2393.32,WH-NEWYORK
CUST-JOIN-5499,Freight Account 5499,North America,Startup,ORD-05499,2026-08-21,6816.35,WH-MIAMI
CUST-JOIN-5500,Freight Account 5500,North America,Enterprise,ORD-05500,2026-08-21,3579.22,WH-NEWYORK
CUST-JOIN-5501,Freight Account 5501,North America,Startup,ORD-05501,2026-08-21,5721.92,WH-CHICAGO
CUST-JOIN-5502,Freight Account 5502,North America,SMB,ORD-05502,2026-08-21,5027.54,WH-CHICAGO
CUST-JOIN-5503,Freight Account 5503,Europe,SMB,ORD-05503,2026-08-21,398.18,WH-MIAMI
CUST-JOIN-5504,Freight Account 5504,Asia Pacific,SMB,ORD-05504,2026-08-21,1256.1,WH-DETROIT
CUST-JOIN-5505,Freight Account 5505,Europe,SMB,ORD-05505,2026-08-22,2729.85,WH-MIAMI
CUST-JOIN-5506,Freight Account 5506,Europe,SMB,ORD-05506,2026-08-22,2572.49,WH-DETROIT
CUST-JOIN-5507,Freight Account 5507,Europe,SMB,ORD-05507,2026-08-22,7586.47,WH-DETROIT
CUST-JOIN-5508,Freight Account 5508,Asia Pacific,SMB,ORD-05508,2026-08-22,400.51,WH-DETROIT
CUST-JOIN-5509,Freight Account 5509,Europe,SMB,ORD-05509,2026-08-22,5608.19,WH-MIAMI
CUST-JOIN-5510,Freight Account 5510,Europe,Startup,ORD-05510,2026-08-22,6575.76,WH-NEWYORK
CUST-JOIN-5511,Freight Account 5511,North America,SMB,ORD-05511,2026-08-22,3631.68,WH-CHICAGO
CUST-JOIN-5512,Freight Account 5512,Europe,Startup,ORD-05512,2026-08-22,807.14,WH-CHICAGO
CUST-JOIN-5513,Freight Account 5513,Asia Pacific,Startup,ORD-05513,2026-08-22,4230.55,WH-DETROIT
CUST-JOIN-5514,Freight Account 5514,Asia Pacific,SMB,ORD-05514,2026-08-22,4411.42,WH-NEWYORK
CUST-JOIN-5515,Freight Account 5515,North America,Startup,ORD-05515,2026-08-22,1975.26,WH-MIAMI
CUST-JOIN-5516,Freight Account 5516,North America,Startup,ORD-05516,2026-08-22,7326.06,WH-MIAMI
CUST-JOIN-5517,Freight Account 5517,Europe,Enterprise,ORD-05517,2026-08-22,2053.33,WH-DETROIT
CUST-JOIN-5518,Freight Account 5518,North America,SMB,ORD-05518,2026-08-22,7777.68,WH-DETROIT
CUST-JOIN-5519,Freight Account 5519,Europe,Startup,ORD-05519,2026-08-22,6697.33,WH-CHICAGO
CUST-JOIN-5520,Freight Account 5520,Europe,Startup,ORD-05520,2026-08-22,5037.23,WH-CHICAGO
CUST-JOIN-5521,Freight Account 5521,North America,Startup,ORD-05521,2026-08-22,3956.26,WH-CHICAGO
CUST-JOIN-5522,Freight Account 5522,Asia Pacific,Startup,ORD-05522,2026-08-22,6254.13,WH-CHICAGO
CUST-JOIN-5523,Freight Account 5523,Europe,Enterprise,ORD-05523,2026-08-22,2326.99,WH-DETROIT
CUST-JOIN-5524,Freight Account 5524,Europe,SMB,ORD-05524,2026-08-22,5905.5,WH-NEWYORK
CUST-JOIN-5525,Freight Account 5525,Europe,SMB,ORD-05525,2026-08-22,2479.4,WH-CHICAGO
CUST-JOIN-5526,Freight Account 5526,Asia Pacific,SMB,ORD-05526,2026-08-22,1083.72,WH-CHICAGO
CUST-JOIN-5527,Freight Account 5527,North America,Startup,ORD-05527,2026-08-22,4721.26,WH-NEWYORK
CUST-JOIN-5528,Freight Account 5528,North America,Startup,ORD-05528,2026-08-22,7545.61,WH-NEWYORK
CUST-JOIN-5529,Freight Account 5529,North America,Startup,ORD-05529,2026-08-23,6410.74,WH-CHICAGO
CUST-JOIN-5530,Freight Account 5530,Europe,Startup,ORD-05530,2026-08-23,3142.96,WH-DETROIT
CUST-JOIN-5531,Freight Account 5531,North America,SMB,ORD-05531,2026-08-23,7647.81,WH-MIAMI
CUST-JOIN-5532,Freight Account 5532,North America,Startup,ORD-05532,2026-08-23,7867.13,WH-CHICAGO
CUST-JOIN-5533,Freight Account 5533,Europe,Startup,ORD-05533,2026-08-23,3233.47,WH-DETROIT
CUST-JOIN-5534,Freight Account 5534,Asia Pacific,SMB,ORD-05534,2026-08-23,6147.7,WH-DETROIT
CUST-JOIN-5535,Freight Account 5535,Europe,SMB,ORD-05535,2026-08-23,3347.29,WH-CHICAGO
CUST-JOIN-5536,Freight Account 5536,Europe,Startup,ORD-05536,2026-08-23,921.61,WH-DETROIT
CUST-JOIN-5537,Freight Account 5537,Asia Pacific,SMB,ORD-05537,2026-08-23,973.01,WH-NEWYORK
CUST-JOIN-5538,Freight Account 5538,North America,Startup,ORD-05538,2026-08-23,2848.05,WH-MIAMI
CUST-JOIN-5539,Freight Account 5539,Europe,SMB,ORD-05539,2026-08-23,3947.82,WH-MIAMI
CUST-JOIN-5540,Freight Account 5540,Europe,SMB,ORD-05540,2026-08-23,5099.28,WH-NEWYORK
CUST-JOIN-5541,Freight Account 5541,Asia Pacific,Startup,ORD-05541,2026-08-23,6538.26,WH-DETROIT
CUST-JOIN-5542,Freight Account 5542,North America,SMB,ORD-05542,2026-08-23,249.16,WH-CHICAGO
CUST-JOIN-5543,Freight Account 5543,Europe,SMB,ORD-05543,2026-08-23,3115.86,WH-NEWYORK
CUST-JOIN-5544,Freight Account 5544,Asia Pacific,SMB,ORD-05544,2026-08-23,4410.68,WH-DETROIT
CUST-JOIN-5545,Freight Account 5545,Europe,SMB,ORD-05545,2026-08-23,4751.13,WH-CHICAGO
CUST-JOIN-5546,Freight Account 5546,Asia Pacific,SMB,ORD-05546,2026-08-23,6938.09,WH-DETROIT
CUST-JOIN-5547,Freight Account 5547,North America,SMB,ORD-05547,2026-08-23,4166.32,WH-DETROIT
CUST-JOIN-5548,Freight Account 5548,Asia Pacific,Enterprise,ORD-05548,2026-08-23,761.55,WH-DETROIT
CUST-JOIN-5549,Freight Account 5549,North America,Enterprise,ORD-05549,2026-08-23,4881.7,WH-CHICAGO
CUST-JOIN-5550,Freight Account 5550,Europe,Startup,ORD-05550,2026-08-23,5014.1,WH-MIAMI
CUST-JOIN-5551,Freight Account 5551,Europe,SMB,ORD-05551,2026-08-23,3907.16,WH-DETROIT
CUST-JOIN-5552,Freight Account 5552,North America,Startup,ORD-05552,2026-08-23,7196.64,WH-CHICAGO
CUST-JOIN-5553,Freight Account 5553,North America,Startup,ORD-05553,2026-08-24,6941.6,WH-DETROIT
CUST-JOIN-5554,Freight Account 5554,North America,SMB,ORD-05554,2026-08-24,4198.75,WH-NEWYORK
CUST-JOIN-5555,Freight Account 5555,Europe,Startup,ORD-05555,2026-08-24,5344.25,WH-MIAMI
CUST-JOIN-5556,Freight Account 5556,Europe,SMB,ORD-05556,2026-08-24,7132.33,WH-MIAMI
CUST-JOIN-5557,Freight Account 5557,Europe,SMB,ORD-05557,2026-08-24,6053.94,WH-NEWYORK
CUST-JOIN-5558,Freight Account 5558,North America,SMB,ORD-05558,2026-08-24,6443.52,WH-DETROIT
CUST-JOIN-5559,Freight Account 5559,North America,Enterprise,ORD-05559,2026-08-24,1479.66,WH-CHICAGO
CUST-JOIN-5560,Freight Account 5560,Asia Pacific,Startup,ORD-05560,2026-08-24,5940.76,WH-CHICAGO
CUST-JOIN-5561,Freight Account 5561,Europe,Startup,ORD-05561,2026-08-24,2106.75,WH-CHICAGO
CUST-JOIN-5562,Freight Account 5562,North America,Startup,ORD-05562,2026-08-24,3869.0,WH-MIAMI
CUST-JOIN-5563,Freight Account 5563,Asia Pacific,SMB,ORD-05563,2026-08-24,884.44,WH-MIAMI
CUST-JOIN-5564,Freight Account 5564,Asia Pacific,Startup,ORD-05564,2026-08-24,6563.87,WH-MIAMI
CUST-JOIN-5565,Freight Account 5565,Europe,SMB,ORD-05565,2026-08-24,3564.45,WH-MIAMI
CUST-JOIN-5566,Freight Account 5566,Europe,Enterprise,ORD-05566,2026-08-24,6314.81,WH-DETROIT
CUST-JOIN-5567,Freight Account 5567,North America,Startup,ORD-05567,2026-08-24,4870.05,WH-MIAMI
CUST-JOIN-5568,Freight Account 5568,Europe,SMB,ORD-05568,2026-08-24,5803.5,WH-MIAMI
CUST-JOIN-5569,Freight Account 5569,Europe,Startup,ORD-05569,2026-08-24,7612.71,WH-MIAMI
CUST-JOIN-5570,Freight Account 5570,Europe,Startup,ORD-05570,2026-08-24,4476.72,WH-DETROIT
CUST-JOIN-5571,Freight Account 5571,Europe,SMB,ORD-05571,2026-08-24,6418.5,WH-CHICAGO
CUST-JOIN-5572,Freight Account 5572,Europe,SMB,ORD-05572,2026-08-24,4765.85,WH-NEWYORK
CUST-JOIN-5573,Freight Account 5573,Europe,Startup,ORD-05573,2026-08-24,7579.79,WH-NEWYORK
CUST-JOIN-5574,Freight Account 5574,Europe,SMB,ORD-05574,2026-08-24,5513.65,WH-DETROIT
CUST-JOIN-5575,Freight Account 5575,North America,Startup,ORD-05575,2026-08-24,6674.73,WH-CHICAGO
CUST-JOIN-5576,Freight Account 5576,Asia Pacific,Startup,ORD-05576,2026-08-24,3932.0,WH-MIAMI
CUST-JOIN-5577,Freight Account 5577,Asia Pacific,SMB,ORD-05577,2026-08-25,529.69,WH-DETROIT
CUST-JOIN-5578,Freight Account 5578,Europe,Startup,ORD-05578,2026-08-25,6621.05,WH-NEWYORK
CUST-JOIN-5579,Freight Account 5579,North America,SMB,ORD-05579,2026-08-25,6670.23,WH-NEWYORK
CUST-JOIN-5580,Freight Account 5580,Europe,SMB,ORD-05580,2026-08-25,2229.97,WH-CHICAGO
CUST-JOIN-5581,Freight Account 5581,Asia Pacific,SMB,ORD-05581,2026-08-25,3398.85,WH-NEWYORK
CUST-JOIN-5582,Freight Account 5582,North America,SMB,ORD-05582,2026-08-25,3008.92,WH-DETROIT
CUST-JOIN-5583,Freight Account 5583,North America,SMB,ORD-05583,2026-08-25,4848.8,WH-CHICAGO
CUST-JOIN-5584,Freight Account 5584,Europe,SMB,ORD-05584,2026-08-25,2907.79,WH-CHICAGO
CUST-JOIN-5585,Freight Account 5585,Asia Pacific,Startup,ORD-05585,2026-08-25,4583.23,WH-DETROIT
CUST-JOIN-5586,Freight Account 5586,North America,SMB,ORD-05586,2026-08-25,2250.25,WH-MIAMI
CUST-JOIN-5587,Freight Account 5587,Asia Pacific,SMB,ORD-05587,2026-08-25,698.39,WH-CHICAGO
CUST-JOIN-5588,Freight Account 5588,Asia Pacific,SMB,ORD-05588,2026-08-25,4786.36,WH-CHICAGO
CUST-JOIN-5589,Freight Account 5589,Asia Pacific,Startup,ORD-05589,2026-08-25,3708.41,WH-NEWYORK
CUST-JOIN-5590,Freight Account 5590,Asia Pacific,SMB,ORD-05590,2026-08-25,6040.06,WH-NEWYORK
CUST-JOIN-5591,Freight Account 5591,Europe,Startup,ORD-05591,2026-08-25,7340.03,WH-CHICAGO
CUST-JOIN-5592,Freight Account 5592,North America,Startup,ORD-05592,2026-08-25,219.37,WH-MIAMI
CUST-JOIN-5593,Freight Account 5593,Europe,SMB,ORD-05593,2026-08-25,1372.97,WH-NEWYORK
CUST-JOIN-5594,Freight Account 5594,Europe,SMB,ORD-05594,2026-08-25,3818.78,WH-MIAMI
CUST-JOIN-5595,Freight Account 5595,Asia Pacific,Startup,ORD-05595,2026-08-25,5631.25,WH-MIAMI
CUST-JOIN-5596,Freight Account 5596,Asia Pacific,Startup,ORD-05596,2026-08-25,4365.94,WH-NEWYORK
CUST-JOIN-5597,Freight Account 5597,Europe,Enterprise,ORD-05597,2026-08-25,7221.92,WH-DETROIT
CUST-JOIN-5598,Freight Account 5598,North America,Startup,ORD-05598,2026-08-25,1434.33,WH-DETROIT
CUST-JOIN-5599,Freight Account 5599,Europe,SMB,ORD-05599,2026-08-25,6268.93,WH-MIAMI
CUST-JOIN-5600,Freight Account 5600,Europe,SMB,ORD-05600,2026-08-25,7282.97,WH-NEWYORK
CUST-JOIN-5601,Freight Account 5601,North America,SMB,ORD-05601,2026-08-26,1269.56,WH-MIAMI
CUST-JOIN-5602,Freight Account 5602,Europe,Enterprise,ORD-05602,2026-08-26,921.61,WH-DETROIT
CUST-JOIN-5603,Freight Account 5603,Asia Pacific,Startup,ORD-05603,2026-08-26,6550.84,WH-CHICAGO
CUST-JOIN-5604,Freight Account 5604,Asia Pacific,SMB,ORD-05604,2026-08-26,6593.73,WH-DETROIT
CUST-JOIN-5605,Freight Account 5605,North America,Startup,ORD-05605,2026-08-26,1871.18,WH-DETROIT
CUST-JOIN-5606,Freight Account 5606,Europe,Startup,ORD-05606,2026-08-26,369.04,WH-MIAMI
CUST-JOIN-5607,Freight Account 5607,North America,Startup,ORD-05607,2026-08-26,7294.62,WH-DETROIT
CUST-JOIN-5608,Freight Account 5608,Asia Pacific,Startup,ORD-05608,2026-08-26,5378.15,WH-MIAMI
CUST-JOIN-5609,Freight Account 5609,Europe,SMB,ORD-05609,2026-08-26,6205.65,WH-NEWYORK
CUST-JOIN-5610,Freight Account 5610,Asia Pacific,Enterprise,ORD-05610,2026-08-26,6956.44,WH-NEWYORK
CUST-JOIN-5611,Freight Account 5611,North America,Startup,ORD-05611,2026-08-26,4342.82,WH-CHICAGO
CUST-JOIN-5612,Freight Account 5612,Europe,Startup,ORD-05612,2026-08-26,4577.53,WH-CHICAGO
CUST-JOIN-5613,Freight Account 5613,North America,SMB,ORD-05613,2026-08-26,3875.21,WH-NEWYORK
CUST-JOIN-5614,Freight Account 5614,North America,Startup,ORD-05614,2026-08-26,2221.09,WH-DETROIT
CUST-JOIN-5615,Freight Account 5615,North America,SMB,ORD-05615,2026-08-26,4213.39,WH-MIAMI
CUST-JOIN-5616,Freight Account 5616,Asia Pacific,Startup,ORD-05616,2026-08-26,3035.84,WH-CHICAGO
CUST-JOIN-5617,Freight Account 5617,North America,SMB,ORD-05617,2026-08-26,6662.28,WH-MIAMI
CUST-JOIN-5618,Freight Account 5618,Europe,SMB,ORD-05618,2026-08-26,7898.7,WH-NEWYORK
CUST-JOIN-5619,Freight Account 5619,Europe,Startup,ORD-05619,2026-08-26,7506.54,WH-DETROIT
CUST-JOIN-5620,Freight Account 5620,North America,SMB,ORD-05620,2026-08-26,4491.66,WH-DETROIT
CUST-JOIN-5621,Freight Account 5621,Europe,Enterprise,ORD-05621,2026-08-26,1551.08,WH-NEWYORK
CUST-JOIN-5622,Freight Account 5622,North America,Startup,ORD-05622,2026-08-26,5429.18,WH-DETROIT
CUST-JOIN-5623,Freight Account 5623,Asia Pacific,SMB,ORD-05623,2026-08-26,4974.04,WH-MIAMI
CUST-JOIN-5624,Freight Account 5624,Europe,SMB,ORD-05624,2026-08-26,5237.78,WH-NEWYORK
CUST-JOIN-5625,Freight Account 5625,North America,Startup,ORD-05625,2026-08-27,5676.7,WH-MIAMI
CUST-JOIN-5626,Freight Account 5626,North America,SMB,ORD-05626,2026-08-27,4510.22,WH-MIAMI
CUST-JOIN-5627,Freight Account 5627,Asia Pacific,Startup,ORD-05627,2026-08-27,7102.65,WH-CHICAGO
CUST-JOIN-5628,Freight Account 5628,North America,Startup,ORD-05628,2026-08-27,252.59,WH-CHICAGO
CUST-JOIN-5629,Freight Account 5629,Asia Pacific,Startup,ORD-05629,2026-08-27,7380.38,WH-CHICAGO
CUST-JOIN-5630,Freight Account 5630,Asia Pacific,Startup,ORD-05630,2026-08-27,1181.64,WH-NEWYORK
CUST-JOIN-5631,Freight Account 5631,Asia Pacific,SMB,ORD-05631,2026-08-27,6908.22,WH-CHICAGO
CUST-JOIN-5632,Freight Account 5632,Asia Pacific,Startup,ORD-05632,2026-08-27,3305.98,WH-CHICAGO
CUST-JOIN-5633,Freight Account 5633,Europe,SMB,ORD-05633,2026-08-27,5448.87,WH-NEWYORK
CUST-JOIN-5634,Freight Account 5634,North America,Startup,ORD-05634,2026-08-27,6606.07,WH-MIAMI
CUST-JOIN-5635,Freight Account 5635,Asia Pacific,SMB,ORD-05635,2026-08-27,1292.59,WH-DETROIT
CUST-JOIN-5636,Freight Account 5636,North America,Startup,ORD-05636,2026-08-27,2715.28,WH-DETROIT
CUST-JOIN-5637,Freight Account 5637,North America,SMB,ORD-05637,2026-08-27,2648.53,WH-NEWYORK
CUST-JOIN-5638,Freight Account 5638,North America,SMB,ORD-05638,2026-08-27,3636.81,WH-CHICAGO
CUST-JOIN-5639,Freight Account 5639,North America,Startup,ORD-05639,2026-08-27,2878.29,WH-NEWYORK
CUST-JOIN-5640,Freight Account 5640,Europe,SMB,ORD-05640,2026-08-27,4707.78,WH-MIAMI
CUST-JOIN-5641,Freight Account 5641,Europe,SMB,ORD-05641,2026-08-27,5267.41,WH-NEWYORK
CUST-JOIN-5642,Freight Account 5642,Asia Pacific,SMB,ORD-05642,2026-08-27,4858.96,WH-CHICAGO
CUST-JOIN-5643,Freight Account 5643,Europe,SMB,ORD-05643,2026-08-27,4969.8,WH-NEWYORK
CUST-JOIN-5644,Freight Account 5644,Europe,Startup,ORD-05644,2026-08-27,6492.32,WH-CHICAGO
CUST-JOIN-5645,Freight Account 5645,Europe,SMB,ORD-05645,2026-08-27,284.44,WH-DETROIT
CUST-JOIN-5646,Freight Account 5646,Europe,Startup,ORD-05646,2026-08-27,2305.74,WH-CHICAGO
CUST-JOIN-5647,Freight Account 5647,Asia Pacific,SMB,ORD-05647,2026-08-27,5730.1,WH-CHICAGO
CUST-JOIN-5648,Freight Account 5648,North America,Startup,ORD-05648,2026-08-27,7659.94,WH-DETROIT
CUST-JOIN-5649,Freight Account 5649,North America,Enterprise,ORD-05649,2026-08-28,6805.93,WH-DETROIT
CUST-JOIN-5650,Freight Account 5650,North America,Startup,ORD-05650,2026-08-28,7357.14,WH-DETROIT
CUST-JOIN-5651,Freight Account 5651,North America,SMB,ORD-05651,2026-08-28,445.04,WH-CHICAGO
CUST-JOIN-5652,Freight Account 5652,Europe,Startup,ORD-05652,2026-08-28,5904.35,WH-CHICAGO
CUST-JOIN-5653,Freight Account 5653,North America,Startup,ORD-05653,2026-08-28,3734.17,WH-DETROIT
CUST-JOIN-5654,Freight Account 5654,Europe,SMB,ORD-05654,2026-08-28,3956.97,WH-CHICAGO
CUST-JOIN-5655,Freight Account 5655,Europe,SMB,ORD-05655,2026-08-28,6491.59,WH-CHICAGO
CUST-JOIN-5656,Freight Account 5656,Europe,SMB,ORD-05656,2026-08-28,4574.0,WH-DETROIT
CUST-JOIN-5657,Freight Account 5657,North America,SMB,ORD-05657,2026-08-28,1893.68,WH-DETROIT
CUST-JOIN-5658,Freight Account 5658,North America,Startup,ORD-05658,2026-08-28,7735.81,WH-NEWYORK
CUST-JOIN-5659,Freight Account 5659,Europe,Startup,ORD-05659,2026-08-28,3389.93,WH-DETROIT
CUST-JOIN-5660,Freight Account 5660,North America,Startup,ORD-05660,2026-08-28,2105.98,WH-DETROIT
CUST-JOIN-5661,Freight Account 5661,Asia Pacific,SMB,ORD-05661,2026-08-28,2093.35,WH-DETROIT
CUST-JOIN-5662,Freight Account 5662,Asia Pacific,SMB,ORD-05662,2026-08-28,2123.87,WH-NEWYORK
CUST-JOIN-5663,Freight Account 5663,North America,Startup,ORD-05663,2026-08-28,380.04,WH-MIAMI
CUST-JOIN-5664,Freight Account 5664,Asia Pacific,Startup,ORD-05664,2026-08-28,6327.13,WH-DETROIT
CUST-JOIN-5665,Freight Account 5665,Asia Pacific,Startup,ORD-05665,2026-08-28,6662.9,WH-CHICAGO
CUST-JOIN-5666,Freight Account 5666,Asia Pacific,Startup,ORD-05666,2026-08-28,5469.71,WH-MIAMI
CUST-JOIN-5667,Freight Account 5667,Europe,Enterprise,ORD-05667,2026-08-28,2090.01,WH-DETROIT
CUST-JOIN-5668,Freight Account 5668,Asia Pacific,SMB,ORD-05668,2026-08-28,3656.25,WH-CHICAGO
CUST-JOIN-5669,Freight Account 5669,North America,SMB,ORD-05669,2026-08-28,6197.83,WH-NEWYORK
CUST-JOIN-5670,Freight Account 5670,North America,Startup,ORD-05670,2026-08-28,4267.73,WH-NEWYORK
CUST-JOIN-5671,Freight Account 5671,Asia Pacific,Startup,ORD-05671,2026-08-28,7525.06,WH-MIAMI
CUST-JOIN-5672,Freight Account 5672,North America,Startup,ORD-05672,2026-08-28,6160.67,WH-MIAMI
CUST-JOIN-5673,Freight Account 5673,Asia Pacific,Startup,ORD-05673,2026-08-29,6613.68,WH-MIAMI
CUST-JOIN-5674,Freight Account 5674,Asia Pacific,SMB,ORD-05674,2026-08-29,3436.25,WH-MIAMI
CUST-JOIN-5675,Freight Account 5675,Europe,Startup,ORD-05675,2026-08-29,3164.45,WH-DETROIT
CUST-JOIN-5676,Freight Account 5676,Europe,Startup,ORD-05676,2026-08-29,6090.42,WH-NEWYORK
CUST-JOIN-5677,Freight Account 5677,Europe,Startup,ORD-05677,2026-08-29,492.04,WH-DETROIT
CUST-JOIN-5678,Freight Account 5678,Europe,Startup,ORD-05678,2026-08-29,255.0,WH-DETROIT
CUST-JOIN-5679,Freight Account 5679,North America,SMB,ORD-05679,2026-08-29,2928.08,WH-MIAMI
CUST-JOIN-5680,Freight Account 5680,Europe,Enterprise,ORD-05680,2026-08-29,4729.32,WH-CHICAGO
CUST-JOIN-5681,Freight Account 5681,North America,Startup,ORD-05681,2026-08-29,4880.88,WH-CHICAGO
CUST-JOIN-5682,Freight Account 5682,Asia Pacific,Startup,ORD-05682,2026-08-29,847.38,WH-CHICAGO
CUST-JOIN-5683,Freight Account 5683,North America,Startup,ORD-05683,2026-08-29,1571.25,WH-CHICAGO
CUST-JOIN-5684,Freight Account 5684,North America,Enterprise,ORD-05684,2026-08-29,3025.08,WH-CHICAGO
CUST-JOIN-5685,Freight Account 5685,Europe,Startup,ORD-05685,2026-08-29,4569.65,WH-CHICAGO
CUST-JOIN-5686,Freight Account 5686,Asia Pacific,SMB,ORD-05686,2026-08-29,1243.91,WH-MIAMI
CUST-JOIN-5687,Freight Account 5687,Asia Pacific,SMB,ORD-05687,2026-08-29,6088.72,WH-CHICAGO
CUST-JOIN-5688,Freight Account 5688,Asia Pacific,SMB,ORD-05688,2026-08-29,7819.74,WH-CHICAGO
CUST-JOIN-5689,Freight Account 5689,North America,SMB,ORD-05689,2026-08-29,5681.94,WH-CHICAGO
CUST-JOIN-5690,Freight Account 5690,Europe,SMB,ORD-05690,2026-08-29,5086.09,WH-MIAMI
CUST-JOIN-5691,Freight Account 5691,Asia Pacific,Enterprise,ORD-05691,2026-08-29,6206.19,WH-MIAMI
CUST-JOIN-5692,Freight Account 5692,Asia Pacific,SMB,ORD-05692,2026-08-29,6568.87,WH-CHICAGO
CUST-JOIN-5693,Freight Account 5693,Asia Pacific,Startup,ORD-05693,2026-08-29,457.38,WH-MIAMI
CUST-JOIN-5694,Freight Account 5694,Asia Pacific,SMB,ORD-05694,2026-08-29,4024.42,WH-CHICAGO
CUST-JOIN-5695,Freight Account 5695,North America,Enterprise,ORD-05695,2026-08-29,6168.84,WH-DETROIT
CUST-JOIN-5696,Freight Account 5696,Europe,Startup,ORD-05696,2026-08-29,2047.13,WH-DETROIT
CUST-JOIN-5697,Freight Account 5697,Asia Pacific,Startup,ORD-05697,2026-08-30,2874.36,WH-DETROIT
CUST-JOIN-5698,Freight Account 5698,Asia Pacific,SMB,ORD-05698,2026-08-30,7971.23,WH-DETROIT
CUST-JOIN-5699,Freight Account 5699,North America,Startup,ORD-05699,2026-08-30,3522.95,WH-NEWYORK
CUST-JOIN-5700,Freight Account 5700,North America,SMB,ORD-05700,2026-08-30,288.12,WH-DETROIT
CUST-JOIN-5701,Freight Account 5701,Europe,SMB,ORD-05701,2026-08-30,6908.24,WH-CHICAGO
CUST-JOIN-5702,Freight Account 5702,North America,SMB,ORD-05702,2026-08-30,5951.24,WH-NEWYORK
CUST-JOIN-5703,Freight Account 5703,North America,Startup,ORD-05703,2026-08-30,3530.99,WH-NEWYORK
CUST-JOIN-5704,Freight Account 5704,Europe,SMB,ORD-05704,2026-08-30,5660.73,WH-DETROIT
CUST-JOIN-5705,Freight Account 5705,Europe,Enterprise,ORD-05705,2026-08-30,6970.98,WH-DETROIT
CUST-JOIN-5706,Freight Account 5706,Europe,Enterprise,ORD-05706,2026-08-30,3358.31,WH-NEWYORK
CUST-JOIN-5707,Freight Account 5707,Europe,Startup,ORD-05707,2026-08-30,1140.46,WH-MIAMI
CUST-JOIN-5708,Freight Account 5708,Asia Pacific,Startup,ORD-05708,2026-08-30,5039.33,WH-DETROIT
CUST-JOIN-5709,Freight Account 5709,Europe,Startup,ORD-05709,2026-08-30,4226.83,WH-NEWYORK
CUST-JOIN-5710,Freight Account 5710,Europe,Enterprise,ORD-05710,2026-08-30,3056.32,WH-MIAMI
CUST-JOIN-5711,Freight Account 5711,North America,SMB,ORD-05711,2026-08-30,4939.81,WH-MIAMI
CUST-JOIN-5712,Freight Account 5712,Europe,Startup,ORD-05712,2026-08-30,7355.97,WH-MIAMI
CUST-JOIN-5713,Freight Account 5713,Europe,SMB,ORD-05713,2026-08-30,6522.28,WH-NEWYORK
CUST-JOIN-5714,Freight Account 5714,North America,SMB,ORD-05714,2026-08-30,6569.08,WH-CHICAGO
CUST-JOIN-5715,Freight Account 5715,Europe,SMB,ORD-05715,2026-08-30,7205.95,WH-MIAMI
CUST-JOIN-5716,Freight Account 5716,Europe,Enterprise,ORD-05716,2026-08-30,4951.66,WH-CHICAGO
CUST-JOIN-5717,Freight Account 5717,Asia Pacific,Startup,ORD-05717,2026-08-30,934.36,WH-MIAMI
CUST-JOIN-5718,Freight Account 5718,North America,Startup,ORD-05718,2026-08-30,7252.85,WH-NEWYORK
CUST-JOIN-5719,Freight Account 5719,Asia Pacific,SMB,ORD-05719,2026-08-30,831.39,WH-CHICAGO
CUST-JOIN-5720,Freight Account 5720,Asia Pacific,Startup,ORD-05720,2026-08-30,2824.78,WH-DETROIT
CUST-JOIN-5721,Freight Account 5721,Asia Pacific,Startup,ORD-05721,2026-08-31,3115.22,WH-CHICAGO
CUST-JOIN-5722,Freight Account 5722,Asia Pacific,Startup,ORD-05722,2026-08-31,5785.03,WH-CHICAGO
CUST-JOIN-5723,Freight Account 5723,North America,Startup,ORD-05723,2026-08-31,787.73,WH-MIAMI
CUST-JOIN-5724,Freight Account 5724,Asia Pacific,Startup,ORD-05724,2026-08-31,1366.85,WH-NEWYORK
CUST-JOIN-5725,Freight Account 5725,Asia Pacific,Enterprise,ORD-05725,2026-08-31,4380.96,WH-NEWYORK
CUST-JOIN-5726,Freight Account 5726,North America,Startup,ORD-05726,2026-08-31,1545.43,WH-NEWYORK
CUST-JOIN-5727,Freight Account 5727,Europe,Startup,ORD-05727,2026-08-31,1774.28,WH-MIAMI
CUST-JOIN-5728,Freight Account 5728,Europe,Enterprise,ORD-05728,2026-08-31,371.21,WH-CHICAGO
CUST-JOIN-5729,Freight Account 5729,North America,SMB,ORD-05729,2026-08-31,1943.85,WH-DETROIT
CUST-JOIN-5730,Freight Account 5730,Europe,Enterprise,ORD-05730,2026-08-31,569.43,WH-MIAMI
CUST-JOIN-5731,Freight Account 5731,Asia Pacific,SMB,ORD-05731,2026-08-31,5537.99,WH-DETROIT
CUST-JOIN-5732,Freight Account 5732,Asia Pacific,SMB,ORD-05732,2026-08-31,7570.41,WH-DETROIT
CUST-JOIN-5733,Freight Account 5733,North America,Startup,ORD-05733,2026-08-31,6677.03,WH-CHICAGO
CUST-JOIN-5734,Freight Account 5734,Asia Pacific,Enterprise,ORD-05734,2026-08-31,7737.07,WH-MIAMI
CUST-JOIN-5735,Freight Account 5735,Asia Pacific,Startup,ORD-05735,2026-08-31,5428.24,WH-CHICAGO
CUST-JOIN-5736,Freight Account 5736,Asia Pacific,Startup,ORD-05736,2026-08-31,5324.3,WH-NEWYORK
CUST-JOIN-5737,Freight Account 5737,North America,SMB,ORD-05737,2026-08-31,3774.64,WH-DETROIT
CUST-JOIN-5738,Freight Account 5738,Asia Pacific,SMB,ORD-05738,2026-08-31,5510.63,WH-CHICAGO
CUST-JOIN-5739,Freight Account 5739,North America,Startup,ORD-05739,2026-08-31,4826.1,WH-NEWYORK
CUST-JOIN-5740,Freight Account 5740,Europe,Enterprise,ORD-05740,2026-08-31,4367.32,WH-NEWYORK
CUST-JOIN-5741,Freight Account 5741,Asia Pacific,SMB,ORD-05741,2026-08-31,5679.87,WH-NEWYORK
CUST-JOIN-5742,Freight Account 5742,Europe,Startup,ORD-05742,2026-08-31,2070.85,WH-MIAMI
CUST-JOIN-5743,Freight Account 5743,Asia Pacific,Startup,ORD-05743,2026-08-31,3532.47,WH-MIAMI
CUST-JOIN-5744,Freight Account 5744,North America,SMB,ORD-05744,2026-08-31,1417.21,WH-DETROIT
CUST-JOIN-5745,Freight Account 5745,Asia Pacific,Enterprise,ORD-05745,2026-09-01,6311.34,WH-DETROIT
CUST-JOIN-5746,Freight Account 5746,Europe,Startup,ORD-05746,2026-09-01,1358.29,WH-MIAMI
CUST-JOIN-5747,Freight Account 5747,North America,SMB,ORD-05747,2026-09-01,3836.49,WH-DETROIT
CUST-JOIN-5748,Freight Account 5748,Asia Pacific,Startup,ORD-05748,2026-09-01,1615.41,WH-CHICAGO
CUST-JOIN-5749,Freight Account 5749,Europe,Startup,ORD-05749,2026-09-01,4211.98,WH-MIAMI
CUST-JOIN-5750,Freight Account 5750,North America,Startup,ORD-05750,2026-09-01,2545.62,WH-MIAMI
CUST-JOIN-5751,Freight Account 5751,Europe,Startup,ORD-05751,2026-09-01,6706.7,WH-MIAMI
CUST-JOIN-5752,Freight Account 5752,Asia Pacific,Enterprise,ORD-05752,2026-09-01,843.18,WH-CHICAGO
CUST-JOIN-5753,Freight Account 5753,Asia Pacific,Startup,ORD-05753,2026-09-01,3111.91,WH-DETROIT
CUST-JOIN-5754,Freight Account 5754,Asia Pacific,Startup,ORD-05754,2026-09-01,5953.02,WH-DETROIT
CUST-JOIN-5755,Freight Account 5755,North America,SMB,ORD-05755,2026-09-01,1522.56,WH-CHICAGO
CUST-JOIN-5756,Freight Account 5756,Asia Pacific,Startup,ORD-05756,2026-09-01,555.79,WH-NEWYORK
CUST-JOIN-5757,Freight Account 5757,Asia Pacific,Startup,ORD-05757,2026-09-01,4770.61,WH-DETROIT
CUST-JOIN-5758,Freight Account 5758,Asia Pacific,Startup,ORD-05758,2026-09-01,2140.7,WH-DETROIT
CUST-JOIN-5759,Freight Account 5759,North America,Startup,ORD-05759,2026-09-01,571.16,WH-DETROIT
CUST-JOIN-5760,Freight Account 5760,Europe,SMB,ORD-05760,2026-09-01,4147.43,WH-NEWYORK
CUST-JOIN-5761,Freight Account 5761,Europe,Startup,ORD-05761,2026-09-01,366.26,WH-CHICAGO
CUST-JOIN-5762,Freight Account 5762,Asia Pacific,Enterprise,ORD-05762,2026-09-01,3344.74,WH-NEWYORK
CUST-JOIN-5763,Freight Account 5763,Europe,Startup,ORD-05763,2026-09-01,5608.61,WH-NEWYORK
CUST-JOIN-5764,Freight Account 5764,Europe,Startup,ORD-05764,2026-09-01,2103.05,WH-CHICAGO
CUST-JOIN-5765,Freight Account 5765,Asia Pacific,Startup,ORD-05765,2026-09-01,6828.92,WH-CHICAGO
CUST-JOIN-5766,Freight Account 5766,Asia Pacific,Startup,ORD-05766,2026-09-01,3139.98,WH-CHICAGO
CUST-JOIN-5767,Freight Account 5767,Europe,Startup,ORD-05767,2026-09-01,3696.99,WH-CHICAGO
CUST-JOIN-5768,Freight Account 5768,North America,SMB,ORD-05768,2026-09-01,5495.63,WH-DETROIT
CUST-JOIN-5769,Freight Account 5769,Asia Pacific,SMB,ORD-05769,2026-09-02,4036.99,WH-DETROIT
CUST-JOIN-5770,Freight Account 5770,Europe,Startup,ORD-05770,2026-09-02,4467.85,WH-DETROIT
CUST-JOIN-5771,Freight Account 5771,Asia Pacific,Enterprise,ORD-05771,2026-09-02,7925.47,WH-CHICAGO
CUST-JOIN-5772,Freight Account 5772,Asia Pacific,SMB,ORD-05772,2026-09-02,1428.2,WH-MIAMI
CUST-JOIN-5773,Freight Account 5773,North America,Startup,ORD-05773,2026-09-02,3876.9,WH-DETROIT
CUST-JOIN-5774,Freight Account 5774,Europe,SMB,ORD-05774,2026-09-02,3708.77,WH-MIAMI
CUST-JOIN-5775,Freight Account 5775,Asia Pacific,Enterprise,ORD-05775,2026-09-02,5211.09,WH-DETROIT
CUST-JOIN-5776,Freight Account 5776,Europe,Startup,ORD-05776,2026-09-02,7336.19,WH-NEWYORK
CUST-JOIN-5777,Freight Account 5777,Asia Pacific,Startup,ORD-05777,2026-09-02,2511.34,WH-CHICAGO
CUST-JOIN-5778,Freight Account 5778,Europe,Enterprise,ORD-05778,2026-09-02,2943.73,WH-DETROIT
CUST-JOIN-5779,Freight Account 5779,Asia Pacific,Startup,ORD-05779,2026-09-02,1888.86,WH-NEWYORK
CUST-JOIN-5780,Freight Account 5780,Europe,SMB,ORD-05780,2026-09-02,5244.43,WH-NEWYORK
CUST-JOIN-5781,Freight Account 5781,Asia Pacific,SMB,ORD-05781,2026-09-02,2617.51,WH-DETROIT
CUST-JOIN-5782,Freight Account 5782,Asia Pacific,Enterprise,ORD-05782,2026-09-02,2005.99,WH-NEWYORK
CUST-JOIN-5783,Freight Account 5783,Asia Pacific,SMB,ORD-05783,2026-09-02,7556.87,WH-NEWYORK
CUST-JOIN-5784,Freight Account 5784,North America,SMB,ORD-05784,2026-09-02,4301.23,WH-MIAMI
CUST-JOIN-5785,Freight Account 5785,North America,SMB,ORD-05785,2026-09-02,7436.45,WH-DETROIT
CUST-JOIN-5786,Freight Account 5786,Europe,SMB,ORD-05786,2026-09-02,4652.91,WH-MIAMI
CUST-JOIN-5787,Freight Account 5787,Europe,Startup,ORD-05787,2026-09-02,6042.16,WH-NEWYORK
CUST-JOIN-5788,Freight Account 5788,Europe,Startup,ORD-05788,2026-09-02,4593.8,WH-DETROIT
CUST-JOIN-5789,Freight Account 5789,Asia Pacific,SMB,ORD-05789,2026-09-02,3421.24,WH-NEWYORK
CUST-JOIN-5790,Freight Account 5790,Europe,Enterprise,ORD-05790,2026-09-02,5341.2,WH-CHICAGO
CUST-JOIN-5791,Freight Account 5791,Asia Pacific,SMB,ORD-05791,2026-09-02,3719.88,WH-MIAMI
CUST-JOIN-5792,Freight Account 5792,North America,SMB,ORD-05792,2026-09-02,797.47,WH-NEWYORK
CUST-JOIN-5793,Freight Account 5793,Asia Pacific,Startup,ORD-05793,2026-09-03,7892.64,WH-DETROIT
CUST-JOIN-5794,Freight Account 5794,North America,Startup,ORD-05794,2026-09-03,3901.14,WH-NEWYORK
CUST-JOIN-5795,Freight Account 5795,Asia Pacific,SMB,ORD-05795,2026-09-03,2500.15,WH-NEWYORK
CUST-JOIN-5796,Freight Account 5796,North America,SMB,ORD-05796,2026-09-03,1679.46,WH-CHICAGO
CUST-JOIN-5797,Freight Account 5797,Europe,Startup,ORD-05797,2026-09-03,3921.61,WH-MIAMI
CUST-JOIN-5798,Freight Account 5798,Asia Pacific,SMB,ORD-05798,2026-09-03,5241.62,WH-DETROIT
CUST-JOIN-5799,Freight Account 5799,Europe,Startup,ORD-05799,2026-09-03,4150.09,WH-DETROIT
CUST-JOIN-5800,Freight Account 5800,North America,SMB,ORD-05800,2026-09-03,1933.43,WH-DETROIT
CUST-JOIN-5801,Freight Account 5801,North America,Startup,ORD-05801,2026-09-03,5439.83,WH-MIAMI
CUST-JOIN-5802,Freight Account 5802,Europe,Startup,ORD-05802,2026-09-03,3968.95,WH-NEWYORK
CUST-JOIN-5803,Freight Account 5803,North America,Startup,ORD-05803,2026-09-03,7368.38,WH-CHICAGO
CUST-JOIN-5804,Freight Account 5804,Asia Pacific,Startup,ORD-05804,2026-09-03,1116.3,WH-CHICAGO
CUST-JOIN-5805,Freight Account 5805,Asia Pacific,SMB,ORD-05805,2026-09-03,6430.24,WH-CHICAGO
CUST-JOIN-5806,Freight Account 5806,Asia Pacific,Startup,ORD-05806,2026-09-03,5951.05,WH-NEWYORK
CUST-JOIN-5807,Freight Account 5807,North America,SMB,ORD-05807,2026-09-03,4680.33,WH-DETROIT
CUST-JOIN-5808,Freight Account 5808,Europe,SMB,ORD-05808,2026-09-03,5146.15,WH-NEWYORK
CUST-JOIN-5809,Freight Account 5809,North America,SMB,ORD-05809,2026-09-03,6101.75,WH-MIAMI
CUST-JOIN-5810,Freight Account 5810,Europe,SMB,ORD-05810,2026-09-03,814.59,WH-NEWYORK
CUST-JOIN-5811,Freight Account 5811,Asia Pacific,Startup,ORD-05811,2026-09-03,3802.57,WH-NEWYORK
CUST-JOIN-5812,Freight Account 5812,Europe,Enterprise,ORD-05812,2026-09-03,5536.11,WH-MIAMI
CUST-JOIN-5813,Freight Account 5813,Asia Pacific,Enterprise,ORD-05813,2026-09-03,7639.02,WH-CHICAGO
CUST-JOIN-5814,Freight Account 5814,Europe,Startup,ORD-05814,2026-09-03,1698.13,WH-MIAMI
CUST-JOIN-5815,Freight Account 5815,North America,Startup,ORD-05815,2026-09-03,4476.99,WH-MIAMI
CUST-JOIN-5816,Freight Account 5816,North America,SMB,ORD-05816,2026-09-03,5255.71,WH-NEWYORK
CUST-JOIN-5817,Freight Account 5817,North America,SMB,ORD-05817,2026-09-04,1509.2,WH-NEWYORK
CUST-JOIN-5818,Freight Account 5818,Asia Pacific,Startup,ORD-05818,2026-09-04,7795.88,WH-MIAMI
CUST-JOIN-5819,Freight Account 5819,Europe,SMB,ORD-05819,2026-09-04,3914.61,WH-NEWYORK
CUST-JOIN-5820,Freight Account 5820,North America,SMB,ORD-05820,2026-09-04,7427.32,WH-DETROIT
CUST-JOIN-5821,Freight Account 5821,Europe,Startup,ORD-05821,2026-09-04,2980.54,WH-MIAMI
CUST-JOIN-5822,Freight Account 5822,Europe,SMB,ORD-05822,2026-09-04,2468.47,WH-CHICAGO
CUST-JOIN-5823,Freight Account 5823,North America,Startup,ORD-05823,2026-09-04,2005.76,WH-CHICAGO
CUST-JOIN-5824,Freight Account 5824,Asia Pacific,Startup,ORD-05824,2026-09-04,4602.97,WH-MIAMI
CUST-JOIN-5825,Freight Account 5825,Europe,Startup,ORD-05825,2026-09-04,3233.29,WH-DETROIT
CUST-JOIN-5826,Freight Account 5826,North America,Enterprise,ORD-05826,2026-09-04,3091.47,WH-NEWYORK
CUST-JOIN-5827,Freight Account 5827,Europe,Startup,ORD-05827,2026-09-04,6089.95,WH-NEWYORK
CUST-JOIN-5828,Freight Account 5828,North America,SMB,ORD-05828,2026-09-04,2253.76,WH-CHICAGO
CUST-JOIN-5829,Freight Account 5829,Europe,SMB,ORD-05829,2026-09-04,1719.24,WH-MIAMI
CUST-JOIN-5830,Freight Account 5830,Asia Pacific,SMB,ORD-05830,2026-09-04,4008.34,WH-CHICAGO
CUST-JOIN-5831,Freight Account 5831,North America,Startup,ORD-05831,2026-09-04,5061.7,WH-NEWYORK
CUST-JOIN-5832,Freight Account 5832,Asia Pacific,SMB,ORD-05832,2026-09-04,1633.0,WH-CHICAGO
CUST-JOIN-5833,Freight Account 5833,North America,Enterprise,ORD-05833,2026-09-04,5057.28,WH-NEWYORK
CUST-JOIN-5834,Freight Account 5834,North America,SMB,ORD-05834,2026-09-04,6364.64,WH-NEWYORK
CUST-JOIN-5835,Freight Account 5835,Europe,Startup,ORD-05835,2026-09-04,6484.21,WH-DETROIT
CUST-JOIN-5836,Freight Account 5836,Europe,Enterprise,ORD-05836,2026-09-04,1523.56,WH-DETROIT
CUST-JOIN-5837,Freight Account 5837,Europe,SMB,ORD-05837,2026-09-04,3332.12,WH-MIAMI
CUST-JOIN-5838,Freight Account 5838,Europe,Startup,ORD-05838,2026-09-04,7442.01,WH-DETROIT
CUST-JOIN-5839,Freight Account 5839,Europe,SMB,ORD-05839,2026-09-04,6306.07,WH-MIAMI
CUST-JOIN-5840,Freight Account 5840,Europe,SMB,ORD-05840,2026-09-04,1691.05,WH-NEWYORK
CUST-JOIN-5841,Freight Account 5841,Asia Pacific,Startup,ORD-05841,2026-09-05,839.19,WH-MIAMI
CUST-JOIN-5842,Freight Account 5842,Asia Pacific,SMB,ORD-05842,2026-09-05,7740.49,WH-DETROIT
CUST-JOIN-5843,Freight Account 5843,North America,Startup,ORD-05843,2026-09-05,2697.64,WH-CHICAGO
CUST-JOIN-5844,Freight Account 5844,Asia Pacific,Startup,ORD-05844,2026-09-05,1438.38,WH-CHICAGO
CUST-JOIN-5845,Freight Account 5845,Europe,Startup,ORD-05845,2026-09-05,6504.58,WH-CHICAGO
CUST-JOIN-5846,Freight Account 5846,Asia Pacific,SMB,ORD-05846,2026-09-05,565.12,WH-NEWYORK
CUST-JOIN-5847,Freight Account 5847,North America,SMB,ORD-05847,2026-09-05,6393.04,WH-MIAMI
CUST-JOIN-5848,Freight Account 5848,North America,SMB,ORD-05848,2026-09-05,2552.72,WH-NEWYORK
CUST-JOIN-5849,Freight Account 5849,North America,Startup,ORD-05849,2026-09-05,4143.4,WH-CHICAGO
CUST-JOIN-5850,Freight Account 5850,North America,Startup,ORD-05850,2026-09-05,7503.15,WH-MIAMI
CUST-JOIN-5851,Freight Account 5851,Asia Pacific,Startup,ORD-05851,2026-09-05,6883.84,WH-CHICAGO
CUST-JOIN-5852,Freight Account 5852,Europe,Enterprise,ORD-05852,2026-09-05,4587.49,WH-CHICAGO
CUST-JOIN-5853,Freight Account 5853,Europe,SMB,ORD-05853,2026-09-05,6127.21,WH-CHICAGO
CUST-JOIN-5854,Freight Account 5854,North America,SMB,ORD-05854,2026-09-05,1973.5,WH-NEWYORK
CUST-JOIN-5855,Freight Account 5855,Asia Pacific,Enterprise,ORD-05855,2026-09-05,548.05,WH-CHICAGO
CUST-JOIN-5856,Freight Account 5856,Europe,SMB,ORD-05856,2026-09-05,2113.09,WH-DETROIT
CUST-JOIN-5857,Freight Account 5857,Europe,SMB,ORD-05857,2026-09-05,4916.42,WH-DETROIT
CUST-JOIN-5858,Freight Account 5858,Asia Pacific,Startup,ORD-05858,2026-09-05,2668.02,WH-DETROIT
CUST-JOIN-5859,Freight Account 5859,Asia Pacific,SMB,ORD-05859,2026-09-05,6797.56,WH-CHICAGO
CUST-JOIN-5860,Freight Account 5860,Asia Pacific,SMB,ORD-05860,2026-09-05,3390.88,WH-DETROIT
CUST-JOIN-5861,Freight Account 5861,North America,Startup,ORD-05861,2026-09-05,3234.91,WH-CHICAGO
CUST-JOIN-5862,Freight Account 5862,Asia Pacific,SMB,ORD-05862,2026-09-05,3070.6,WH-NEWYORK
CUST-JOIN-5863,Freight Account 5863,Asia Pacific,Startup,ORD-05863,2026-09-05,6374.91,WH-NEWYORK
CUST-JOIN-5864,Freight Account 5864,Europe,Startup,ORD-05864,2026-09-05,2097.96,WH-NEWYORK
CUST-JOIN-5865,Freight Account 5865,Asia Pacific,Enterprise,ORD-05865,2026-09-06,6801.4,WH-DETROIT
CUST-JOIN-5866,Freight Account 5866,North America,SMB,ORD-05866,2026-09-06,2050.43,WH-MIAMI
CUST-JOIN-5867,Freight Account 5867,Asia Pacific,SMB,ORD-05867,2026-09-06,3952.95,WH-NEWYORK
CUST-JOIN-5868,Freight Account 5868,North America,Startup,ORD-05868,2026-09-06,845.84,WH-CHICAGO
CUST-JOIN-5869,Freight Account 5869,Asia Pacific,Startup,ORD-05869,2026-09-06,7613.48,WH-NEWYORK
CUST-JOIN-5870,Freight Account 5870,Asia Pacific,SMB,ORD-05870,2026-09-06,7175.99,WH-DETROIT
CUST-JOIN-5871,Freight Account 5871,North America,Startup,ORD-05871,2026-09-06,4721.45,WH-NEWYORK
CUST-JOIN-5872,Freight Account 5872,Europe,SMB,ORD-05872,2026-09-06,1707.83,WH-CHICAGO
CUST-JOIN-5873,Freight Account 5873,North America,Startup,ORD-05873,2026-09-06,4564.5,WH-NEWYORK
CUST-JOIN-5874,Freight Account 5874,Europe,Enterprise,ORD-05874,2026-09-06,3517.59,WH-NEWYORK
CUST-JOIN-5875,Freight Account 5875,North America,SMB,ORD-05875,2026-09-06,993.54,WH-MIAMI
CUST-JOIN-5876,Freight Account 5876,North America,Startup,ORD-05876,2026-09-06,7645.62,WH-CHICAGO
CUST-JOIN-5877,Freight Account 5877,North America,SMB,ORD-05877,2026-09-06,3103.8,WH-NEWYORK
CUST-JOIN-5878,Freight Account 5878,North America,Startup,ORD-05878,2026-09-06,544.98,WH-CHICAGO
CUST-JOIN-5879,Freight Account 5879,Asia Pacific,Enterprise,ORD-05879,2026-09-06,7140.01,WH-DETROIT
CUST-JOIN-5880,Freight Account 5880,Asia Pacific,Startup,ORD-05880,2026-09-06,453.63,WH-CHICAGO
CUST-JOIN-5881,Freight Account 5881,Asia Pacific,SMB,ORD-05881,2026-09-06,4328.66,WH-DETROIT
CUST-JOIN-5882,Freight Account 5882,North America,Startup,ORD-05882,2026-09-06,3905.63,WH-MIAMI
CUST-JOIN-5883,Freight Account 5883,North America,Startup,ORD-05883,2026-09-06,3860.19,WH-CHICAGO
CUST-JOIN-5884,Freight Account 5884,Europe,Startup,ORD-05884,2026-09-06,4475.98,WH-CHICAGO
CUST-JOIN-5885,Freight Account 5885,North America,SMB,ORD-05885,2026-09-06,7608.16,WH-NEWYORK
CUST-JOIN-5886,Freight Account 5886,North America,Startup,ORD-05886,2026-09-06,520.42,WH-MIAMI
CUST-JOIN-5887,Freight Account 5887,Asia Pacific,Startup,ORD-05887,2026-09-06,5123.39,WH-MIAMI
CUST-JOIN-5888,Freight Account 5888,Asia Pacific,Startup,ORD-05888,2026-09-06,3666.18,WH-MIAMI
CUST-JOIN-5889,Freight Account 5889,Europe,Startup,ORD-05889,2026-09-07,5006.79,WH-MIAMI
CUST-JOIN-5890,Freight Account 5890,North America,Startup,ORD-05890,2026-09-07,4406.76,WH-CHICAGO
CUST-JOIN-5891,Freight Account 5891,Europe,SMB,ORD-05891,2026-09-07,2871.77,WH-MIAMI
CUST-JOIN-5892,Freight Account 5892,Asia Pacific,Startup,ORD-05892,2026-09-07,3301.11,WH-MIAMI
CUST-JOIN-5893,Freight Account 5893,North America,SMB,ORD-05893,2026-09-07,3805.56,WH-CHICAGO
CUST-JOIN-5894,Freight Account 5894,Asia Pacific,Startup,ORD-05894,2026-09-07,7418.09,WH-CHICAGO
CUST-JOIN-5895,Freight Account 5895,Europe,Startup,ORD-05895,2026-09-07,5120.6,WH-CHICAGO
CUST-JOIN-5896,Freight Account 5896,Europe,Startup,ORD-05896,2026-09-07,2184.8,WH-CHICAGO
CUST-JOIN-5897,Freight Account 5897,Europe,SMB,ORD-05897,2026-09-07,5891.53,WH-MIAMI
CUST-JOIN-5898,Freight Account 5898,North America,SMB,ORD-05898,2026-09-07,3849.16,WH-CHICAGO
CUST-JOIN-5899,Freight Account 5899,North America,SMB,ORD-05899,2026-09-07,7217.21,WH-DETROIT
CUST-JOIN-5900,Freight Account 5900,North America,Enterprise,ORD-05900,2026-09-07,5293.55,WH-DETROIT
CUST-JOIN-5901,Freight Account 5901,North America,Startup,ORD-05901,2026-09-07,7512.55,WH-DETROIT
CUST-JOIN-5902,Freight Account 5902,North America,Enterprise,ORD-05902,2026-09-07,7323.17,WH-NEWYORK
CUST-JOIN-5903,Freight Account 5903,North America,Enterprise,ORD-05903,2026-09-07,5056.13,WH-MIAMI
CUST-JOIN-5904,Freight Account 5904,North America,SMB,ORD-05904,2026-09-07,3925.03,WH-CHICAGO
CUST-JOIN-5905,Freight Account 5905,North America,SMB,ORD-05905,2026-09-07,1879.33,WH-NEWYORK
CUST-JOIN-5906,Freight Account 5906,Asia Pacific,Startup,ORD-05906,2026-09-07,936.15,WH-DETROIT
CUST-JOIN-5907,Freight Account 5907,Europe,Startup,ORD-05907,2026-09-07,4842.43,WH-CHICAGO
CUST-JOIN-5908,Freight Account 5908,Asia Pacific,Enterprise,ORD-05908,2026-09-07,2264.75,WH-NEWYORK
CUST-JOIN-5909,Freight Account 5909,North America,SMB,ORD-05909,2026-09-07,7845.75,WH-DETROIT
CUST-JOIN-5910,Freight Account 5910,Europe,SMB,ORD-05910,2026-09-07,5942.68,WH-NEWYORK
CUST-JOIN-5911,Freight Account 5911,North America,Startup,ORD-05911,2026-09-07,3061.17,WH-DETROIT
CUST-JOIN-5912,Freight Account 5912,North America,SMB,ORD-05912,2026-09-07,1977.04,WH-CHICAGO
CUST-JOIN-5913,Freight Account 5913,Asia Pacific,Enterprise,ORD-05913,2026-09-08,5503.1,WH-DETROIT
CUST-JOIN-5914,Freight Account 5914,Asia Pacific,Startup,ORD-05914,2026-09-08,1098.44,WH-CHICAGO
CUST-JOIN-5915,Freight Account 5915,Europe,Startup,ORD-05915,2026-09-08,6625.2,WH-MIAMI
CUST-JOIN-5916,Freight Account 5916,North America,Startup,ORD-05916,2026-09-08,4543.63,WH-NEWYORK
CUST-JOIN-5917,Freight Account 5917,Asia Pacific,SMB,ORD-05917,2026-09-08,7172.55,WH-DETROIT
CUST-JOIN-5918,Freight Account 5918,North America,SMB,ORD-05918,2026-09-08,5183.76,WH-DETROIT
CUST-JOIN-5919,Freight Account 5919,Europe,Startup,ORD-05919,2026-09-08,6219.95,WH-DETROIT
CUST-JOIN-5920,Freight Account 5920,Asia Pacific,SMB,ORD-05920,2026-09-08,3975.55,WH-MIAMI
CUST-JOIN-5921,Freight Account 5921,North America,Enterprise,ORD-05921,2026-09-08,2200.31,WH-CHICAGO
CUST-JOIN-5922,Freight Account 5922,North America,Startup,ORD-05922,2026-09-08,6213.24,WH-MIAMI
CUST-JOIN-5923,Freight Account 5923,North America,Startup,ORD-05923,2026-09-08,201.28,WH-NEWYORK
CUST-JOIN-5924,Freight Account 5924,North America,Startup,ORD-05924,2026-09-08,862.74,WH-CHICAGO
CUST-JOIN-5925,Freight Account 5925,North America,Startup,ORD-05925,2026-09-08,622.32,WH-DETROIT
CUST-JOIN-5926,Freight Account 5926,Europe,SMB,ORD-05926,2026-09-08,5048.58,WH-DETROIT
CUST-JOIN-5927,Freight Account 5927,North America,Startup,ORD-05927,2026-09-08,3543.48,WH-DETROIT
CUST-JOIN-5928,Freight Account 5928,North America,Startup,ORD-05928,2026-09-08,2378.54,WH-DETROIT
CUST-JOIN-5929,Freight Account 5929,Europe,Startup,ORD-05929,2026-09-08,827.96,WH-DETROIT
CUST-JOIN-5930,Freight Account 5930,Asia Pacific,SMB,ORD-05930,2026-09-08,4299.97,WH-CHICAGO
CUST-JOIN-5931,Freight Account 5931,North America,Startup,ORD-05931,2026-09-08,792.66,WH-NEWYORK
CUST-JOIN-5932,Freight Account 5932,Europe,Startup,ORD-05932,2026-09-08,7355.62,WH-MIAMI
CUST-JOIN-5933,Freight Account 5933,North America,SMB,ORD-05933,2026-09-08,7267.19,WH-DETROIT
CUST-JOIN-5934,Freight Account 5934,North America,SMB,ORD-05934,2026-09-08,7246.47,WH-MIAMI
CUST-JOIN-5935,Freight Account 5935,Europe,Startup,ORD-05935,2026-09-08,4536.84,WH-CHICAGO
CUST-JOIN-5936,Freight Account 5936,Asia Pacific,Startup,ORD-05936,2026-09-08,1039.64,WH-NEWYORK
CUST-JOIN-5937,Freight Account 5937,North America,Startup,ORD-05937,2026-09-09,7861.25,WH-CHICAGO
CUST-JOIN-5938,Freight Account 5938,North America,SMB,ORD-05938,2026-09-09,5049.95,WH-NEWYORK
CUST-JOIN-5939,Freight Account 5939,Asia Pacific,SMB,ORD-05939,2026-09-09,363.55,WH-MIAMI
CUST-JOIN-5940,Freight Account 5940,Asia Pacific,Enterprise,ORD-05940,2026-09-09,3094.18,WH-CHICAGO
CUST-JOIN-5941,Freight Account 5941,Europe,SMB,ORD-05941,2026-09-09,5551.42,WH-NEWYORK
CUST-JOIN-5942,Freight Account 5942,Asia Pacific,SMB,ORD-05942,2026-09-09,605.92,WH-NEWYORK
CUST-JOIN-5943,Freight Account 5943,North America,SMB,ORD-05943,2026-09-09,4151.3,WH-CHICAGO
CUST-JOIN-5944,Freight Account 5944,Europe,SMB,ORD-05944,2026-09-09,4964.61,WH-MIAMI
CUST-JOIN-5945,Freight Account 5945,Asia Pacific,SMB,ORD-05945,2026-09-09,4925.2,WH-DETROIT
CUST-JOIN-5946,Freight Account 5946,Asia Pacific,Startup,ORD-05946,2026-09-09,5940.56,WH-CHICAGO
CUST-JOIN-5947,Freight Account 5947,Europe,SMB,ORD-05947,2026-09-09,5055.71,WH-NEWYORK
CUST-JOIN-5948,Freight Account 5948,Europe,Startup,ORD-05948,2026-09-09,2138.23,WH-NEWYORK
CUST-JOIN-5949,Freight Account 5949,Europe,Startup,ORD-05949,2026-09-09,3859.87,WH-NEWYORK
CUST-JOIN-5950,Freight Account 5950,Asia Pacific,Enterprise,ORD-05950,2026-09-09,4400.35,WH-CHICAGO
CUST-JOIN-5951,Freight Account 5951,North America,Startup,ORD-05951,2026-09-09,4084.05,WH-MIAMI
CUST-JOIN-5952,Freight Account 5952,Europe,SMB,ORD-05952,2026-09-09,1587.77,WH-CHICAGO
CUST-JOIN-5953,Freight Account 5953,North America,Startup,ORD-05953,2026-09-09,6687.95,WH-CHICAGO
CUST-JOIN-5954,Freight Account 5954,Europe,SMB,ORD-05954,2026-09-09,1401.65,WH-NEWYORK
CUST-JOIN-5955,Freight Account 5955,Europe,Startup,ORD-05955,2026-09-09,3696.17,WH-CHICAGO
CUST-JOIN-5956,Freight Account 5956,Europe,Startup,ORD-05956,2026-09-09,2621.26,WH-DETROIT
CUST-JOIN-5957,Freight Account 5957,Asia Pacific,SMB,ORD-05957,2026-09-09,985.77,WH-DETROIT
CUST-JOIN-5958,Freight Account 5958,North America,Startup,ORD-05958,2026-09-09,7377.53,WH-CHICAGO
CUST-JOIN-5959,Freight Account 5959,North America,SMB,ORD-05959,2026-09-09,5411.56,WH-CHICAGO
CUST-JOIN-5960,Freight Account 5960,Europe,SMB,ORD-05960,2026-09-09,4174.46,WH-CHICAGO
CUST-JOIN-5961,Freight Account 5961,Europe,Startup,ORD-05961,2026-09-10,1555.25,WH-NEWYORK
CUST-JOIN-5962,Freight Account 5962,Asia Pacific,Startup,ORD-05962,2026-09-10,3268.34,WH-NEWYORK
CUST-JOIN-5963,Freight Account 5963,Asia Pacific,SMB,ORD-05963,2026-09-10,3544.27,WH-NEWYORK
CUST-JOIN-5964,Freight Account 5964,Asia Pacific,SMB,ORD-05964,2026-09-10,7802.85,WH-DETROIT
CUST-JOIN-5965,Freight Account 5965,North America,Startup,ORD-05965,2026-09-10,2678.69,WH-NEWYORK
CUST-JOIN-5966,Freight Account 5966,Asia Pacific,SMB,ORD-05966,2026-09-10,7525.27,WH-CHICAGO
CUST-JOIN-5967,Freight Account 5967,North America,Startup,ORD-05967,2026-09-10,585.4,WH-MIAMI
CUST-JOIN-5968,Freight Account 5968,Asia Pacific,Startup,ORD-05968,2026-09-10,7907.92,WH-MIAMI
CUST-JOIN-5969,Freight Account 5969,Europe,Startup,ORD-05969,2026-09-10,7028.14,WH-CHICAGO
CUST-JOIN-5970,Freight Account 5970,Asia Pacific,Startup,ORD-05970,2026-09-10,5420.59,WH-MIAMI
CUST-JOIN-5971,Freight Account 5971,North America,Startup,ORD-05971,2026-09-10,6119.3,WH-CHICAGO
CUST-JOIN-5972,Freight Account 5972,Europe,SMB,ORD-05972,2026-09-10,2889.65,WH-NEWYORK
CUST-JOIN-5973,Freight Account 5973,Asia Pacific,Enterprise,ORD-05973,2026-09-10,4009.3,WH-MIAMI
CUST-JOIN-5974,Freight Account 5974,Asia Pacific,SMB,ORD-05974,2026-09-10,5099.39,WH-NEWYORK
CUST-JOIN-5975,Freight Account 5975,Asia Pacific,SMB,ORD-05975,2026-09-10,4981.32,WH-DETROIT
CUST-JOIN-5976,Freight Account 5976,Europe,SMB,ORD-05976,2026-09-10,2834.84,WH-CHICAGO
CUST-JOIN-5977,Freight Account 5977,Europe,Startup,ORD-05977,2026-09-10,3109.69,WH-CHICAGO
CUST-JOIN-5978,Freight Account 5978,North America,Startup,ORD-05978,2026-09-10,7792.31,WH-DETROIT
CUST-JOIN-5979,Freight Account 5979,North America,Startup,ORD-05979,2026-09-10,1763.39,WH-MIAMI
CUST-JOIN-5980,Freight Account 5980,Europe,SMB,ORD-05980,2026-09-10,1790.28,WH-CHICAGO
CUST-JOIN-5981,Freight Account 5981,Europe,Startup,ORD-05981,2026-09-10,7545.82,WH-CHICAGO
CUST-JOIN-5982,Freight Account 5982,North America,Startup,ORD-05982,2026-09-10,618.31,WH-MIAMI
CUST-JOIN-5983,Freight Account 5983,Europe,Startup,ORD-05983,2026-09-10,4394.44,WH-DETROIT
CUST-JOIN-5984,Freight Account 5984,North America,Startup,ORD-05984,2026-09-10,242.38,WH-DETROIT
CUST-JOIN-5985,Freight Account 5985,Europe,SMB,ORD-05985,2026-09-11,7535.75,WH-MIAMI
CUST-JOIN-5986,Freight Account 5986,Europe,SMB,ORD-05986,2026-09-11,6387.12,WH-MIAMI
CUST-JOIN-5987,Freight Account 5987,Asia Pacific,Startup,ORD-05987,2026-09-11,5598.18,WH-MIAMI
CUST-JOIN-5988,Freight Account 5988,Asia Pacific,Startup,ORD-05988,2026-09-11,6532.73,WH-DETROIT
CUST-JOIN-5989,Freight Account 5989,Asia Pacific,Enterprise,ORD-05989,2026-09-11,7014.7,WH-MIAMI
CUST-JOIN-5990,Freight Account 5990,Asia Pacific,Startup,ORD-05990,2026-09-11,3411.64,WH-CHICAGO
CUST-JOIN-5991,Freight Account 5991,Asia Pacific,Startup,ORD-05991,2026-09-11,707.56,WH-CHICAGO
CUST-JOIN-5992,Freight Account 5992,Asia Pacific,SMB,ORD-05992,2026-09-11,3395.24,WH-CHICAGO
CUST-JOIN-5993,Freight Account 5993,Europe,SMB,ORD-05993,2026-09-11,5893.52,WH-MIAMI
CUST-JOIN-5994,Freight Account 5994,North America,SMB,ORD-05994,2026-09-11,5394.67,WH-CHICAGO
CUST-JOIN-5995,Freight Account 5995,Asia Pacific,Startup,ORD-05995,2026-09-11,4647.1,WH-DETROIT
CUST-JOIN-5996,Freight Account 5996,Europe,SMB,ORD-05996,2026-09-11,422.42,WH-MIAMI
CUST-JOIN-5997,Freight Account 5997,Asia Pacific,Startup,ORD-05997,2026-09-11,6993.17,WH-MIAMI
CUST-JOIN-5998,Freight Account 5998,Asia Pacific,Startup,ORD-05998,2026-09-11,6704.17,WH-DETROIT
CUST-JOIN-5999,Freight Account 5999,Europe,SMB,ORD-05999,2026-09-11,438.0,WH-NEWYORK
CUST-JOIN-6000,Freight Account 6000,Asia Pacific,SMB,ORD-06000,2026-09-11,7773.33,WH-MIAMI
CUST-JOIN-6001,Freight Account 6001,Europe,Startup,ORD-06001,2026-08-01,5631.18,WH-DETROIT
CUST-JOIN-6002,Freight Account 6002,Europe,Startup,ORD-06002,2026-08-01,5193.97,WH-DETROIT
CUST-JOIN-6003,Freight Account 6003,North America,SMB,ORD-06003,2026-08-01,6406.0,WH-CHICAGO
CUST-JOIN-6004,Freight Account 6004,Asia Pacific,Enterprise,ORD-06004,2026-08-01,6928.61,WH-NEWYORK
CUST-JOIN-6005,Freight Account 6005,North America,SMB,ORD-06005,2026-08-01,1970.57,WH-MIAMI
CUST-JOIN-6006,Freight Account 6006,Asia Pacific,SMB,ORD-06006,2026-08-01,7518.97,WH-CHICAGO
CUST-JOIN-6007,Freight Account 6007,North America,Enterprise,ORD-06007,2026-08-01,4614.8,WH-CHICAGO
CUST-JOIN-6008,Freight Account 6008,Europe,Startup,ORD-06008,2026-08-01,348.48,WH-CHICAGO
CUST-JOIN-6009,Freight Account 6009,Asia Pacific,SMB,ORD-06009,2026-08-01,4811.88,WH-NEWYORK
CUST-JOIN-6010,Freight Account 6010,Asia Pacific,Startup,ORD-06010,2026-08-01,1830.1,WH-CHICAGO
CUST-JOIN-6011,Freight Account 6011,Europe,SMB,ORD-06011,2026-08-01,5531.8,WH-MIAMI
CUST-JOIN-6012,Freight Account 6012,North America,Startup,ORD-06012,2026-08-01,4427.57,WH-MIAMI
CUST-JOIN-6013,Freight Account 6013,Asia Pacific,Startup,ORD-06013,2026-08-01,6906.24,WH-MIAMI
CUST-JOIN-6014,Freight Account 6014,Asia Pacific,SMB,ORD-06014,2026-08-01,3080.12,WH-CHICAGO
CUST-JOIN-6015,Freight Account 6015,North America,Startup,ORD-06015,2026-08-01,5548.11,WH-DETROIT
CUST-JOIN-6016,Freight Account 6016,Europe,Enterprise,ORD-06016,2026-08-01,7546.69,WH-DETROIT
CUST-JOIN-6017,Freight Account 6017,North America,Startup,ORD-06017,2026-08-01,933.4,WH-MIAMI
CUST-JOIN-6018,Freight Account 6018,North America,Enterprise,ORD-06018,2026-08-01,3499.68,WH-DETROIT
CUST-JOIN-6019,Freight Account 6019,Asia Pacific,Enterprise,ORD-06019,2026-08-01,7929.77,WH-CHICAGO
CUST-JOIN-6020,Freight Account 6020,North America,Startup,ORD-06020,2026-08-01,2210.96,WH-DETROIT
CUST-JOIN-6021,Freight Account 6021,Asia Pacific,SMB,ORD-06021,2026-08-01,432.71,WH-DETROIT
CUST-JOIN-6022,Freight Account 6022,North America,Startup,ORD-06022,2026-08-01,2999.94,WH-MIAMI
CUST-JOIN-6023,Freight Account 6023,North America,Startup,ORD-06023,2026-08-01,1821.95,WH-CHICAGO
CUST-JOIN-6024,Freight Account 6024,Asia Pacific,SMB,ORD-06024,2026-08-01,6093.3,WH-NEWYORK
CUST-JOIN-6025,Freight Account 6025,Asia Pacific,SMB,ORD-06025,2026-08-02,5815.8,WH-MIAMI
CUST-JOIN-6026,Freight Account 6026,Asia Pacific,SMB,ORD-06026,2026-08-02,7186.57,WH-NEWYORK
CUST-JOIN-6027,Freight Account 6027,North America,SMB,ORD-06027,2026-08-02,3178.35,WH-MIAMI
CUST-JOIN-6028,Freight Account 6028,Europe,Startup,ORD-06028,2026-08-02,2854.43,WH-MIAMI
CUST-JOIN-6029,Freight Account 6029,North America,Startup,ORD-06029,2026-08-02,3444.27,WH-CHICAGO
CUST-JOIN-6030,Freight Account 6030,North America,SMB,ORD-06030,2026-08-02,7760.74,WH-CHICAGO
CUST-JOIN-6031,Freight Account 6031,North America,SMB,ORD-06031,2026-08-02,6533.44,WH-MIAMI
CUST-JOIN-6032,Freight Account 6032,Asia Pacific,SMB,ORD-06032,2026-08-02,686.47,WH-CHICAGO
CUST-JOIN-6033,Freight Account 6033,Europe,Enterprise,ORD-06033,2026-08-02,688.01,WH-NEWYORK
CUST-JOIN-6034,Freight Account 6034,North America,Startup,ORD-06034,2026-08-02,2040.06,WH-CHICAGO
CUST-JOIN-6035,Freight Account 6035,Europe,SMB,ORD-06035,2026-08-02,4184.99,WH-CHICAGO
CUST-JOIN-6036,Freight Account 6036,Asia Pacific,Startup,ORD-06036,2026-08-02,4619.48,WH-NEWYORK
CUST-JOIN-6037,Freight Account 6037,North America,Enterprise,ORD-06037,2026-08-02,7281.22,WH-CHICAGO
CUST-JOIN-6038,Freight Account 6038,North America,Startup,ORD-06038,2026-08-02,7989.37,WH-DETROIT
CUST-JOIN-6039,Freight Account 6039,Asia Pacific,Startup,ORD-06039,2026-08-02,2265.11,WH-NEWYORK
CUST-JOIN-6040,Freight Account 6040,Europe,SMB,ORD-06040,2026-08-02,1923.48,WH-MIAMI
CUST-JOIN-6041,Freight Account 6041,Europe,SMB,ORD-06041,2026-08-02,3631.87,WH-MIAMI
CUST-JOIN-6042,Freight Account 6042,North America,Startup,ORD-06042,2026-08-02,7494.44,WH-DETROIT
CUST-JOIN-6043,Freight Account 6043,North America,Enterprise,ORD-06043,2026-08-02,4182.07,WH-CHICAGO
CUST-JOIN-6044,Freight Account 6044,Asia Pacific,Startup,ORD-06044,2026-08-02,927.93,WH-MIAMI
CUST-JOIN-6045,Freight Account 6045,Asia Pacific,Enterprise,ORD-06045,2026-08-02,5163.52,WH-DETROIT
CUST-JOIN-6046,Freight Account 6046,North America,Startup,ORD-06046,2026-08-02,2488.51,WH-MIAMI
CUST-JOIN-6047,Freight Account 6047,Europe,Startup,ORD-06047,2026-08-02,5841.69,WH-NEWYORK
CUST-JOIN-6048,Freight Account 6048,North America,Startup,ORD-06048,2026-08-02,5958.48,WH-DETROIT
CUST-JOIN-6049,Freight Account 6049,Europe,Startup,ORD-06049,2026-08-03,7048.28,WH-CHICAGO
CUST-JOIN-6050,Freight Account 6050,North America,Startup,ORD-06050,2026-08-03,7988.02,WH-CHICAGO
CUST-JOIN-6051,Freight Account 6051,Europe,Startup,ORD-06051,2026-08-03,5105.2,WH-MIAMI
CUST-JOIN-6052,Freight Account 6052,North America,SMB,ORD-06052,2026-08-03,3892.58,WH-CHICAGO
CUST-JOIN-6053,Freight Account 6053,Asia Pacific,Enterprise,ORD-06053,2026-08-03,6015.93,WH-DETROIT
CUST-JOIN-6054,Freight Account 6054,North America,SMB,ORD-06054,2026-08-03,1763.24,WH-MIAMI
CUST-JOIN-6055,Freight Account 6055,North America,Startup,ORD-06055,2026-08-03,664.86,WH-DETROIT
CUST-JOIN-6056,Freight Account 6056,Asia Pacific,SMB,ORD-06056,2026-08-03,1856.55,WH-MIAMI
CUST-JOIN-6057,Freight Account 6057,North America,SMB,ORD-06057,2026-08-03,4987.62,WH-CHICAGO
CUST-JOIN-6058,Freight Account 6058,North America,SMB,ORD-06058,2026-08-03,580.16,WH-DETROIT
CUST-JOIN-6059,Freight Account 6059,Europe,SMB,ORD-06059,2026-08-03,6422.73,WH-CHICAGO
CUST-JOIN-6060,Freight Account 6060,Asia Pacific,SMB,ORD-06060,2026-08-03,3847.83,WH-DETROIT
CUST-JOIN-6061,Freight Account 6061,North America,SMB,ORD-06061,2026-08-03,1999.04,WH-DETROIT
CUST-JOIN-6062,Freight Account 6062,Asia Pacific,Enterprise,ORD-06062,2026-08-03,7741.88,WH-CHICAGO
CUST-JOIN-6063,Freight Account 6063,Europe,Startup,ORD-06063,2026-08-03,4559.11,WH-CHICAGO
CUST-JOIN-6064,Freight Account 6064,North America,Startup,ORD-06064,2026-08-03,7083.33,WH-DETROIT
CUST-JOIN-6065,Freight Account 6065,North America,SMB,ORD-06065,2026-08-03,3846.8,WH-CHICAGO
CUST-JOIN-6066,Freight Account 6066,Europe,SMB,ORD-06066,2026-08-03,4094.08,WH-NEWYORK
CUST-JOIN-6067,Freight Account 6067,North America,Startup,ORD-06067,2026-08-03,2027.58,WH-MIAMI
CUST-JOIN-6068,Freight Account 6068,Europe,SMB,ORD-06068,2026-08-03,6982.25,WH-DETROIT
CUST-JOIN-6069,Freight Account 6069,Asia Pacific,SMB,ORD-06069,2026-08-03,4640.29,WH-MIAMI
CUST-JOIN-6070,Freight Account 6070,Asia Pacific,Startup,ORD-06070,2026-08-03,2999.71,WH-CHICAGO
CUST-JOIN-6071,Freight Account 6071,Asia Pacific,Startup,ORD-06071,2026-08-03,2284.09,WH-NEWYORK
CUST-JOIN-6072,Freight Account 6072,Asia Pacific,SMB,ORD-06072,2026-08-03,7359.39,WH-CHICAGO
CUST-JOIN-6073,Freight Account 6073,Asia Pacific,Startup,ORD-06073,2026-08-04,645.67,WH-DETROIT
CUST-JOIN-6074,Freight Account 6074,Europe,Startup,ORD-06074,2026-08-04,7018.81,WH-MIAMI
CUST-JOIN-6075,Freight Account 6075,Asia Pacific,Startup,ORD-06075,2026-08-04,2069.91,WH-CHICAGO
CUST-JOIN-6076,Freight Account 6076,Asia Pacific,Startup,ORD-06076,2026-08-04,6319.86,WH-MIAMI
CUST-JOIN-6077,Freight Account 6077,Asia Pacific,Startup,ORD-06077,2026-08-04,1855.8,WH-NEWYORK
CUST-JOIN-6078,Freight Account 6078,North America,SMB,ORD-06078,2026-08-04,5967.02,WH-NEWYORK
CUST-JOIN-6079,Freight Account 6079,Asia Pacific,Enterprise,ORD-06079,2026-08-04,3185.18,WH-CHICAGO
CUST-JOIN-6080,Freight Account 6080,Europe,SMB,ORD-06080,2026-08-04,6475.22,WH-CHICAGO
CUST-JOIN-6081,Freight Account 6081,North America,Startup,ORD-06081,2026-08-04,4685.69,WH-MIAMI
CUST-JOIN-6082,Freight Account 6082,North America,Startup,ORD-06082,2026-08-04,2652.29,WH-CHICAGO
CUST-JOIN-6083,Freight Account 6083,North America,SMB,ORD-06083,2026-08-04,4437.71,WH-DETROIT
CUST-JOIN-6084,Freight Account 6084,Asia Pacific,Startup,ORD-06084,2026-08-04,5018.24,WH-NEWYORK
CUST-JOIN-6085,Freight Account 6085,North America,Enterprise,ORD-06085,2026-08-04,3156.51,WH-MIAMI
CUST-JOIN-6086,Freight Account 6086,Asia Pacific,SMB,ORD-06086,2026-08-04,5692.25,WH-MIAMI
CUST-JOIN-6087,Freight Account 6087,North America,SMB,ORD-06087,2026-08-04,2114.55,WH-CHICAGO
CUST-JOIN-6088,Freight Account 6088,North America,Enterprise,ORD-06088,2026-08-04,3148.71,WH-DETROIT
CUST-JOIN-6089,Freight Account 6089,Europe,Enterprise,ORD-06089,2026-08-04,6572.91,WH-NEWYORK
CUST-JOIN-6090,Freight Account 6090,Asia Pacific,Startup,ORD-06090,2026-08-04,263.67,WH-NEWYORK
CUST-JOIN-6091,Freight Account 6091,Asia Pacific,Enterprise,ORD-06091,2026-08-04,1145.15,WH-CHICAGO
CUST-JOIN-6092,Freight Account 6092,North America,SMB,ORD-06092,2026-08-04,7220.12,WH-CHICAGO
CUST-JOIN-6093,Freight Account 6093,North America,Enterprise,ORD-06093,2026-08-04,6901.08,WH-MIAMI
CUST-JOIN-6094,Freight Account 6094,North America,Startup,ORD-06094,2026-08-04,1414.53,WH-NEWYORK
CUST-JOIN-6095,Freight Account 6095,Europe,Startup,ORD-06095,2026-08-04,3318.49,WH-CHICAGO
CUST-JOIN-6096,Freight Account 6096,Asia Pacific,Startup,ORD-06096,2026-08-04,6470.5,WH-MIAMI
CUST-JOIN-6097,Freight Account 6097,Asia Pacific,Startup,ORD-06097,2026-08-05,7364.33,WH-DETROIT
CUST-JOIN-6098,Freight Account 6098,North America,SMB,ORD-06098,2026-08-05,7496.23,WH-DETROIT
CUST-JOIN-6099,Freight Account 6099,North America,SMB,ORD-06099,2026-08-05,1595.83,WH-DETROIT
CUST-JOIN-6100,Freight Account 6100,Europe,Startup,ORD-06100,2026-08-05,3550.77,WH-DETROIT
CUST-JOIN-6101,Freight Account 6101,Europe,Startup,ORD-06101,2026-08-05,7802.87,WH-DETROIT
CUST-JOIN-6102,Freight Account 6102,Europe,Enterprise,ORD-06102,2026-08-05,5174.67,WH-CHICAGO
CUST-JOIN-6103,Freight Account 6103,Asia Pacific,Enterprise,ORD-06103,2026-08-05,3819.07,WH-DETROIT
CUST-JOIN-6104,Freight Account 6104,North America,Startup,ORD-06104,2026-08-05,5418.16,WH-MIAMI
CUST-JOIN-6105,Freight Account 6105,Asia Pacific,Startup,ORD-06105,2026-08-05,4460.18,WH-NEWYORK
CUST-JOIN-6106,Freight Account 6106,Asia Pacific,Startup,ORD-06106,2026-08-05,2126.25,WH-DETROIT
CUST-JOIN-6107,Freight Account 6107,Asia Pacific,SMB,ORD-06107,2026-08-05,7458.41,WH-DETROIT
CUST-JOIN-6108,Freight Account 6108,Europe,Startup,ORD-06108,2026-08-05,7997.6,WH-DETROIT
CUST-JOIN-6109,Freight Account 6109,Europe,Startup,ORD-06109,2026-08-05,6982.77,WH-MIAMI
CUST-JOIN-6110,Freight Account 6110,North America,Startup,ORD-06110,2026-08-05,7293.57,WH-CHICAGO
CUST-JOIN-6111,Freight Account 6111,North America,Startup,ORD-06111,2026-08-05,1765.69,WH-DETROIT
CUST-JOIN-6112,Freight Account 6112,Europe,Startup,ORD-06112,2026-08-05,4342.16,WH-MIAMI
CUST-JOIN-6113,Freight Account 6113,Asia Pacific,SMB,ORD-06113,2026-08-05,7222.1,WH-MIAMI
CUST-JOIN-6114,Freight Account 6114,Europe,SMB,ORD-06114,2026-08-05,2063.53,WH-NEWYORK
CUST-JOIN-6115,Freight Account 6115,Asia Pacific,SMB,ORD-06115,2026-08-05,3487.59,WH-MIAMI
CUST-JOIN-6116,Freight Account 6116,Asia Pacific,Startup,ORD-06116,2026-08-05,3268.7,WH-MIAMI
CUST-JOIN-6117,Freight Account 6117,Europe,SMB,ORD-06117,2026-08-05,4842.61,WH-CHICAGO
CUST-JOIN-6118,Freight Account 6118,Asia Pacific,SMB,ORD-06118,2026-08-05,3277.51,WH-CHICAGO
CUST-JOIN-6119,Freight Account 6119,Asia Pacific,Startup,ORD-06119,2026-08-05,7901.54,WH-MIAMI
CUST-JOIN-6120,Freight Account 6120,Europe,Startup,ORD-06120,2026-08-05,5070.19,WH-NEWYORK
CUST-JOIN-6121,Freight Account 6121,Europe,SMB,ORD-06121,2026-08-06,1696.57,WH-CHICAGO
CUST-JOIN-6122,Freight Account 6122,Europe,SMB,ORD-06122,2026-08-06,7135.22,WH-MIAMI
CUST-JOIN-6123,Freight Account 6123,Asia Pacific,Startup,ORD-06123,2026-08-06,4870.22,WH-CHICAGO
CUST-JOIN-6124,Freight Account 6124,North America,Startup,ORD-06124,2026-08-06,5876.88,WH-DETROIT
CUST-JOIN-6125,Freight Account 6125,Asia Pacific,Startup,ORD-06125,2026-08-06,5838.66,WH-MIAMI
CUST-JOIN-6126,Freight Account 6126,Europe,Startup,ORD-06126,2026-08-06,1995.97,WH-CHICAGO
CUST-JOIN-6127,Freight Account 6127,Asia Pacific,SMB,ORD-06127,2026-08-06,3982.48,WH-CHICAGO
CUST-JOIN-6128,Freight Account 6128,North America,SMB,ORD-06128,2026-08-06,2594.47,WH-MIAMI
CUST-JOIN-6129,Freight Account 6129,Europe,SMB,ORD-06129,2026-08-06,6876.81,WH-MIAMI
CUST-JOIN-6130,Freight Account 6130,Asia Pacific,Enterprise,ORD-06130,2026-08-06,814.98,WH-CHICAGO
CUST-JOIN-6131,Freight Account 6131,Europe,SMB,ORD-06131,2026-08-06,5046.3,WH-NEWYORK
CUST-JOIN-6132,Freight Account 6132,Europe,Startup,ORD-06132,2026-08-06,2899.28,WH-DETROIT
CUST-JOIN-6133,Freight Account 6133,Europe,SMB,ORD-06133,2026-08-06,594.0,WH-MIAMI
CUST-JOIN-6134,Freight Account 6134,Europe,Startup,ORD-06134,2026-08-06,7509.06,WH-NEWYORK
CUST-JOIN-6135,Freight Account 6135,North America,Enterprise,ORD-06135,2026-08-06,7703.41,WH-DETROIT
CUST-JOIN-6136,Freight Account 6136,Europe,Startup,ORD-06136,2026-08-06,1098.91,WH-CHICAGO
CUST-JOIN-6137,Freight Account 6137,Asia Pacific,Startup,ORD-06137,2026-08-06,3386.58,WH-MIAMI
CUST-JOIN-6138,Freight Account 6138,Europe,Startup,ORD-06138,2026-08-06,7771.06,WH-DETROIT
CUST-JOIN-6139,Freight Account 6139,Europe,SMB,ORD-06139,2026-08-06,2332.14,WH-CHICAGO
CUST-JOIN-6140,Freight Account 6140,Asia Pacific,Startup,ORD-06140,2026-08-06,834.13,WH-DETROIT
CUST-JOIN-6141,Freight Account 6141,North America,Startup,ORD-06141,2026-08-06,4832.45,WH-DETROIT
CUST-JOIN-6142,Freight Account 6142,North America,Startup,ORD-06142,2026-08-06,769.19,WH-CHICAGO
CUST-JOIN-6143,Freight Account 6143,Europe,Startup,ORD-06143,2026-08-06,2682.71,WH-NEWYORK
CUST-JOIN-6144,Freight Account 6144,Asia Pacific,SMB,ORD-06144,2026-08-06,3012.94,WH-DETROIT
CUST-JOIN-6145,Freight Account 6145,Asia Pacific,Startup,ORD-06145,2026-08-07,6862.93,WH-MIAMI
CUST-JOIN-6146,Freight Account 6146,North America,Startup,ORD-06146,2026-08-07,3302.88,WH-NEWYORK
CUST-JOIN-6147,Freight Account 6147,North America,Startup,ORD-06147,2026-08-07,3413.02,WH-MIAMI
CUST-JOIN-6148,Freight Account 6148,Europe,SMB,ORD-06148,2026-08-07,4906.02,WH-MIAMI
CUST-JOIN-6149,Freight Account 6149,Europe,SMB,ORD-06149,2026-08-07,4802.98,WH-DETROIT
CUST-JOIN-6150,Freight Account 6150,Europe,Enterprise,ORD-06150,2026-08-07,1274.34,WH-NEWYORK
CUST-JOIN-6151,Freight Account 6151,Europe,SMB,ORD-06151,2026-08-07,5314.58,WH-CHICAGO
CUST-JOIN-6152,Freight Account 6152,Europe,SMB,ORD-06152,2026-08-07,5362.77,WH-NEWYORK
CUST-JOIN-6153,Freight Account 6153,Asia Pacific,Startup,ORD-06153,2026-08-07,1470.2,WH-DETROIT
CUST-JOIN-6154,Freight Account 6154,North America,Startup,ORD-06154,2026-08-07,5618.72,WH-DETROIT
CUST-JOIN-6155,Freight Account 6155,Europe,Startup,ORD-06155,2026-08-07,5560.58,WH-CHICAGO
CUST-JOIN-6156,Freight Account 6156,North America,Startup,ORD-06156,2026-08-07,2076.68,WH-NEWYORK
CUST-JOIN-6157,Freight Account 6157,North America,SMB,ORD-06157,2026-08-07,2312.16,WH-CHICAGO
CUST-JOIN-6158,Freight Account 6158,Asia Pacific,Startup,ORD-06158,2026-08-07,4956.23,WH-DETROIT
CUST-JOIN-6159,Freight Account 6159,Europe,SMB,ORD-06159,2026-08-07,340.97,WH-DETROIT
CUST-JOIN-6160,Freight Account 6160,Asia Pacific,SMB,ORD-06160,2026-08-07,5126.81,WH-MIAMI
CUST-JOIN-6161,Freight Account 6161,North America,Startup,ORD-06161,2026-08-07,1827.51,WH-NEWYORK
CUST-JOIN-6162,Freight Account 6162,Europe,SMB,ORD-06162,2026-08-07,4688.91,WH-MIAMI
CUST-JOIN-6163,Freight Account 6163,Europe,SMB,ORD-06163,2026-08-07,4823.69,WH-NEWYORK
CUST-JOIN-6164,Freight Account 6164,North America,SMB,ORD-06164,2026-08-07,5795.61,WH-CHICAGO
CUST-JOIN-6165,Freight Account 6165,Europe,Startup,ORD-06165,2026-08-07,5322.56,WH-MIAMI
CUST-JOIN-6166,Freight Account 6166,Europe,SMB,ORD-06166,2026-08-07,7916.51,WH-DETROIT
CUST-JOIN-6167,Freight Account 6167,Europe,Startup,ORD-06167,2026-08-07,7797.51,WH-NEWYORK
CUST-JOIN-6168,Freight Account 6168,Asia Pacific,Enterprise,ORD-06168,2026-08-07,5556.71,WH-DETROIT
CUST-JOIN-6169,Freight Account 6169,Europe,Enterprise,ORD-06169,2026-08-08,1830.25,WH-NEWYORK
CUST-JOIN-6170,Freight Account 6170,Asia Pacific,SMB,ORD-06170,2026-08-08,1857.59,WH-DETROIT
CUST-JOIN-6171,Freight Account 6171,Asia Pacific,SMB,ORD-06171,2026-08-08,3242.26,WH-MIAMI
CUST-JOIN-6172,Freight Account 6172,Asia Pacific,SMB,ORD-06172,2026-08-08,5501.13,WH-DETROIT
CUST-JOIN-6173,Freight Account 6173,Europe,SMB,ORD-06173,2026-08-08,947.57,WH-DETROIT
CUST-JOIN-6174,Freight Account 6174,Europe,Startup,ORD-06174,2026-08-08,6182.12,WH-DETROIT
CUST-JOIN-6175,Freight Account 6175,North America,Startup,ORD-06175,2026-08-08,1603.09,WH-CHICAGO
CUST-JOIN-6176,Freight Account 6176,North America,Enterprise,ORD-06176,2026-08-08,1487.15,WH-DETROIT
CUST-JOIN-6177,Freight Account 6177,Asia Pacific,Startup,ORD-06177,2026-08-08,3784.73,WH-NEWYORK
CUST-JOIN-6178,Freight Account 6178,North America,Startup,ORD-06178,2026-08-08,4647.81,WH-DETROIT
CUST-JOIN-6179,Freight Account 6179,Europe,Startup,ORD-06179,2026-08-08,3549.8,WH-MIAMI
CUST-JOIN-6180,Freight Account 6180,Asia Pacific,Startup,ORD-06180,2026-08-08,4070.97,WH-CHICAGO
CUST-JOIN-6181,Freight Account 6181,Europe,SMB,ORD-06181,2026-08-08,6704.07,WH-MIAMI
CUST-JOIN-6182,Freight Account 6182,North America,Startup,ORD-06182,2026-08-08,7408.4,WH-NEWYORK
CUST-JOIN-6183,Freight Account 6183,North America,Startup,ORD-06183,2026-08-08,1688.07,WH-CHICAGO
CUST-JOIN-6184,Freight Account 6184,Asia Pacific,Startup,ORD-06184,2026-08-08,2688.91,WH-MIAMI
CUST-JOIN-6185,Freight Account 6185,North America,Startup,ORD-06185,2026-08-08,7894.75,WH-MIAMI
CUST-JOIN-6186,Freight Account 6186,Europe,Startup,ORD-06186,2026-08-08,7764.49,WH-DETROIT
CUST-JOIN-6187,Freight Account 6187,Asia Pacific,SMB,ORD-06187,2026-08-08,3872.34,WH-NEWYORK
CUST-JOIN-6188,Freight Account 6188,North America,SMB,ORD-06188,2026-08-08,962.07,WH-CHICAGO
CUST-JOIN-6189,Freight Account 6189,Asia Pacific,SMB,ORD-06189,2026-08-08,2037.5,WH-DETROIT
CUST-JOIN-6190,Freight Account 6190,North America,SMB,ORD-06190,2026-08-08,6964.39,WH-NEWYORK
CUST-JOIN-6191,Freight Account 6191,Asia Pacific,Startup,ORD-06191,2026-08-08,5040.27,WH-DETROIT
CUST-JOIN-6192,Freight Account 6192,Asia Pacific,Startup,ORD-06192,2026-08-08,1498.22,WH-DETROIT
CUST-JOIN-6193,Freight Account 6193,Europe,Startup,ORD-06193,2026-08-09,2692.03,WH-DETROIT
CUST-JOIN-6194,Freight Account 6194,Asia Pacific,SMB,ORD-06194,2026-08-09,6284.94,WH-MIAMI
CUST-JOIN-6195,Freight Account 6195,North America,SMB,ORD-06195,2026-08-09,3980.58,WH-DETROIT
CUST-JOIN-6196,Freight Account 6196,Asia Pacific,Startup,ORD-06196,2026-08-09,6207.56,WH-NEWYORK
CUST-JOIN-6197,Freight Account 6197,North America,Startup,ORD-06197,2026-08-09,7683.45,WH-DETROIT
CUST-JOIN-6198,Freight Account 6198,North America,Startup,ORD-06198,2026-08-09,7541.01,WH-MIAMI
CUST-JOIN-6199,Freight Account 6199,Europe,Startup,ORD-06199,2026-08-09,3266.05,WH-NEWYORK
CUST-JOIN-6200,Freight Account 6200,Asia Pacific,SMB,ORD-06200,2026-08-09,3910.55,WH-DETROIT
CUST-JOIN-6201,Freight Account 6201,Europe,SMB,ORD-06201,2026-08-09,5960.94,WH-NEWYORK
CUST-JOIN-6202,Freight Account 6202,Asia Pacific,Startup,ORD-06202,2026-08-09,563.35,WH-CHICAGO
CUST-JOIN-6203,Freight Account 6203,Asia Pacific,Startup,ORD-06203,2026-08-09,3911.28,WH-NEWYORK
CUST-JOIN-6204,Freight Account 6204,Asia Pacific,Startup,ORD-06204,2026-08-09,927.36,WH-MIAMI
CUST-JOIN-6205,Freight Account 6205,North America,Startup,ORD-06205,2026-08-09,5487.37,WH-NEWYORK
CUST-JOIN-6206,Freight Account 6206,Asia Pacific,Startup,ORD-06206,2026-08-09,7427.12,WH-CHICAGO
CUST-JOIN-6207,Freight Account 6207,Europe,Startup,ORD-06207,2026-08-09,1757.51,WH-CHICAGO
CUST-JOIN-6208,Freight Account 6208,Europe,SMB,ORD-06208,2026-08-09,7634.16,WH-NEWYORK
CUST-JOIN-6209,Freight Account 6209,North America,Startup,ORD-06209,2026-08-09,1045.47,WH-CHICAGO
CUST-JOIN-6210,Freight Account 6210,North America,Startup,ORD-06210,2026-08-09,4508.59,WH-DETROIT
CUST-JOIN-6211,Freight Account 6211,North America,Startup,ORD-06211,2026-08-09,4543.85,WH-MIAMI
CUST-JOIN-6212,Freight Account 6212,Europe,Enterprise,ORD-06212,2026-08-09,3626.73,WH-MIAMI
CUST-JOIN-6213,Freight Account 6213,Asia Pacific,Enterprise,ORD-06213,2026-08-09,2361.96,WH-MIAMI
CUST-JOIN-6214,Freight Account 6214,Europe,SMB,ORD-06214,2026-08-09,2909.37,WH-NEWYORK
CUST-JOIN-6215,Freight Account 6215,Asia Pacific,Startup,ORD-06215,2026-08-09,5946.2,WH-MIAMI
CUST-JOIN-6216,Freight Account 6216,Europe,Startup,ORD-06216,2026-08-09,2967.31,WH-DETROIT
CUST-JOIN-6217,Freight Account 6217,North America,SMB,ORD-06217,2026-08-10,5220.02,WH-MIAMI
CUST-JOIN-6218,Freight Account 6218,Europe,SMB,ORD-06218,2026-08-10,1871.72,WH-MIAMI
CUST-JOIN-6219,Freight Account 6219,Asia Pacific,Startup,ORD-06219,2026-08-10,1827.53,WH-NEWYORK
CUST-JOIN-6220,Freight Account 6220,Asia Pacific,SMB,ORD-06220,2026-08-10,4360.05,WH-MIAMI
CUST-JOIN-6221,Freight Account 6221,North America,Enterprise,ORD-06221,2026-08-10,332.67,WH-MIAMI
CUST-JOIN-6222,Freight Account 6222,North America,SMB,ORD-06222,2026-08-10,1047.0,WH-MIAMI
CUST-JOIN-6223,Freight Account 6223,Europe,SMB,ORD-06223,2026-08-10,3180.95,WH-DETROIT
CUST-JOIN-6224,Freight Account 6224,Europe,SMB,ORD-06224,2026-08-10,5354.3,WH-MIAMI
CUST-JOIN-6225,Freight Account 6225,Asia Pacific,Startup,ORD-06225,2026-08-10,1605.71,WH-NEWYORK
CUST-JOIN-6226,Freight Account 6226,North America,Startup,ORD-06226,2026-08-10,6606.43,WH-MIAMI
CUST-JOIN-6227,Freight Account 6227,Europe,Enterprise,ORD-06227,2026-08-10,2139.93,WH-NEWYORK
CUST-JOIN-6228,Freight Account 6228,North America,SMB,ORD-06228,2026-08-10,3654.18,WH-MIAMI
CUST-JOIN-6229,Freight Account 6229,North America,SMB,ORD-06229,2026-08-10,231.84,WH-NEWYORK
CUST-JOIN-6230,Freight Account 6230,Asia Pacific,Enterprise,ORD-06230,2026-08-10,2476.88,WH-CHICAGO
CUST-JOIN-6231,Freight Account 6231,Europe,Startup,ORD-06231,2026-08-10,2120.93,WH-CHICAGO
CUST-JOIN-6232,Freight Account 6232,Asia Pacific,SMB,ORD-06232,2026-08-10,465.48,WH-NEWYORK
CUST-JOIN-6233,Freight Account 6233,Asia Pacific,Enterprise,ORD-06233,2026-08-10,4140.75,WH-DETROIT
CUST-JOIN-6234,Freight Account 6234,Europe,Startup,ORD-06234,2026-08-10,6107.41,WH-CHICAGO
CUST-JOIN-6235,Freight Account 6235,North America,Startup,ORD-06235,2026-08-10,5793.27,WH-NEWYORK
CUST-JOIN-6236,Freight Account 6236,Europe,SMB,ORD-06236,2026-08-10,4756.88,WH-CHICAGO
CUST-JOIN-6237,Freight Account 6237,Europe,SMB,ORD-06237,2026-08-10,4067.95,WH-CHICAGO
CUST-JOIN-6238,Freight Account 6238,Europe,Startup,ORD-06238,2026-08-10,617.55,WH-NEWYORK
CUST-JOIN-6239,Freight Account 6239,Europe,SMB,ORD-06239,2026-08-10,413.14,WH-CHICAGO
CUST-JOIN-6240,Freight Account 6240,Asia Pacific,Startup,ORD-06240,2026-08-10,4487.87,WH-DETROIT
CUST-JOIN-6241,Freight Account 6241,Asia Pacific,Startup,ORD-06241,2026-08-11,2537.71,WH-NEWYORK
CUST-JOIN-6242,Freight Account 6242,Asia Pacific,Startup,ORD-06242,2026-08-11,2790.3,WH-DETROIT
CUST-JOIN-6243,Freight Account 6243,Asia Pacific,SMB,ORD-06243,2026-08-11,6634.69,WH-CHICAGO
CUST-JOIN-6244,Freight Account 6244,Asia Pacific,Startup,ORD-06244,2026-08-11,3442.45,WH-NEWYORK
CUST-JOIN-6245,Freight Account 6245,Europe,SMB,ORD-06245,2026-08-11,3124.42,WH-CHICAGO
CUST-JOIN-6246,Freight Account 6246,Asia Pacific,SMB,ORD-06246,2026-08-11,7480.13,WH-MIAMI
CUST-JOIN-6247,Freight Account 6247,Asia Pacific,Startup,ORD-06247,2026-08-11,5108.2,WH-NEWYORK
CUST-JOIN-6248,Freight Account 6248,North America,SMB,ORD-06248,2026-08-11,4164.16,WH-MIAMI
CUST-JOIN-6249,Freight Account 6249,Europe,SMB,ORD-06249,2026-08-11,6812.43,WH-MIAMI
CUST-JOIN-6250,Freight Account 6250,Asia Pacific,Enterprise,ORD-06250,2026-08-11,7333.03,WH-CHICAGO
CUST-JOIN-6251,Freight Account 6251,Europe,Enterprise,ORD-06251,2026-08-11,630.2,WH-DETROIT
CUST-JOIN-6252,Freight Account 6252,Asia Pacific,SMB,ORD-06252,2026-08-11,6090.37,WH-DETROIT
CUST-JOIN-6253,Freight Account 6253,Asia Pacific,Startup,ORD-06253,2026-08-11,7664.42,WH-DETROIT
CUST-JOIN-6254,Freight Account 6254,Europe,SMB,ORD-06254,2026-08-11,4492.25,WH-DETROIT
CUST-JOIN-6255,Freight Account 6255,Asia Pacific,SMB,ORD-06255,2026-08-11,5201.06,WH-CHICAGO
CUST-JOIN-6256,Freight Account 6256,Asia Pacific,Startup,ORD-06256,2026-08-11,6064.73,WH-MIAMI
CUST-JOIN-6257,Freight Account 6257,North America,Startup,ORD-06257,2026-08-11,6416.42,WH-CHICAGO
CUST-JOIN-6258,Freight Account 6258,Europe,Startup,ORD-06258,2026-08-11,2946.26,WH-DETROIT
CUST-JOIN-6259,Freight Account 6259,Europe,Startup,ORD-06259,2026-08-11,4656.57,WH-NEWYORK
CUST-JOIN-6260,Freight Account 6260,Asia Pacific,Enterprise,ORD-06260,2026-08-11,5250.45,WH-NEWYORK
CUST-JOIN-6261,Freight Account 6261,Asia Pacific,Startup,ORD-06261,2026-08-11,1751.97,WH-DETROIT
CUST-JOIN-6262,Freight Account 6262,Europe,Startup,ORD-06262,2026-08-11,2341.34,WH-NEWYORK
CUST-JOIN-6263,Freight Account 6263,Europe,SMB,ORD-06263,2026-08-11,4729.12,WH-NEWYORK
CUST-JOIN-6264,Freight Account 6264,North America,Startup,ORD-06264,2026-08-11,2702.37,WH-CHICAGO
CUST-JOIN-6265,Freight Account 6265,Asia Pacific,Startup,ORD-06265,2026-08-12,3626.44,WH-CHICAGO
CUST-JOIN-6266,Freight Account 6266,North America,Startup,ORD-06266,2026-08-12,3543.11,WH-DETROIT
CUST-JOIN-6267,Freight Account 6267,North America,Enterprise,ORD-06267,2026-08-12,5623.99,WH-CHICAGO
CUST-JOIN-6268,Freight Account 6268,Asia Pacific,SMB,ORD-06268,2026-08-12,6936.18,WH-NEWYORK
CUST-JOIN-6269,Freight Account 6269,Asia Pacific,SMB,ORD-06269,2026-08-12,5741.12,WH-NEWYORK
CUST-JOIN-6270,Freight Account 6270,Europe,Startup,ORD-06270,2026-08-12,4180.94,WH-MIAMI
CUST-JOIN-6271,Freight Account 6271,Asia Pacific,Startup,ORD-06271,2026-08-12,1630.13,WH-NEWYORK
CUST-JOIN-6272,Freight Account 6272,Europe,Enterprise,ORD-06272,2026-08-12,7165.94,WH-MIAMI
CUST-JOIN-6273,Freight Account 6273,Asia Pacific,Startup,ORD-06273,2026-08-12,5245.94,WH-NEWYORK
CUST-JOIN-6274,Freight Account 6274,North America,Startup,ORD-06274,2026-08-12,5852.58,WH-NEWYORK
CUST-JOIN-6275,Freight Account 6275,North America,SMB,ORD-06275,2026-08-12,3932.65,WH-NEWYORK
CUST-JOIN-6276,Freight Account 6276,Europe,Enterprise,ORD-06276,2026-08-12,3929.48,WH-MIAMI
CUST-JOIN-6277,Freight Account 6277,Asia Pacific,Enterprise,ORD-06277,2026-08-12,2627.29,WH-MIAMI
CUST-JOIN-6278,Freight Account 6278,North America,Enterprise,ORD-06278,2026-08-12,2385.53,WH-DETROIT
CUST-JOIN-6279,Freight Account 6279,Asia Pacific,Startup,ORD-06279,2026-08-12,7219.36,WH-DETROIT
CUST-JOIN-6280,Freight Account 6280,Asia Pacific,SMB,ORD-06280,2026-08-12,1850.93,WH-DETROIT
CUST-JOIN-6281,Freight Account 6281,North America,SMB,ORD-06281,2026-08-12,2102.21,WH-CHICAGO
CUST-JOIN-6282,Freight Account 6282,Asia Pacific,SMB,ORD-06282,2026-08-12,7979.95,WH-CHICAGO
CUST-JOIN-6283,Freight Account 6283,Europe,Startup,ORD-06283,2026-08-12,4340.37,WH-NEWYORK
CUST-JOIN-6284,Freight Account 6284,Europe,Startup,ORD-06284,2026-08-12,4763.74,WH-MIAMI
CUST-JOIN-6285,Freight Account 6285,North America,SMB,ORD-06285,2026-08-12,7533.68,WH-CHICAGO
CUST-JOIN-6286,Freight Account 6286,Asia Pacific,Enterprise,ORD-06286,2026-08-12,764.86,WH-CHICAGO
CUST-JOIN-6287,Freight Account 6287,Europe,Enterprise,ORD-06287,2026-08-12,3522.57,WH-MIAMI
CUST-JOIN-6288,Freight Account 6288,North America,Enterprise,ORD-06288,2026-08-12,1076.14,WH-DETROIT
CUST-JOIN-6289,Freight Account 6289,North America,SMB,ORD-06289,2026-08-13,922.5,WH-DETROIT
CUST-JOIN-6290,Freight Account 6290,Asia Pacific,Startup,ORD-06290,2026-08-13,3131.68,WH-NEWYORK
CUST-JOIN-6291,Freight Account 6291,Asia Pacific,SMB,ORD-06291,2026-08-13,1157.63,WH-DETROIT
CUST-JOIN-6292,Freight Account 6292,North America,SMB,ORD-06292,2026-08-13,1976.56,WH-CHICAGO
CUST-JOIN-6293,Freight Account 6293,North America,Startup,ORD-06293,2026-08-13,4800.78,WH-CHICAGO
CUST-JOIN-6294,Freight Account 6294,Asia Pacific,SMB,ORD-06294,2026-08-13,226.63,WH-DETROIT
CUST-JOIN-6295,Freight Account 6295,Asia Pacific,SMB,ORD-06295,2026-08-13,4714.97,WH-NEWYORK
CUST-JOIN-6296,Freight Account 6296,Asia Pacific,Startup,ORD-06296,2026-08-13,2694.09,WH-NEWYORK
CUST-JOIN-6297,Freight Account 6297,Europe,Startup,ORD-06297,2026-08-13,5571.86,WH-MIAMI
CUST-JOIN-6298,Freight Account 6298,Europe,Startup,ORD-06298,2026-08-13,466.78,WH-DETROIT
CUST-JOIN-6299,Freight Account 6299,North America,Startup,ORD-06299,2026-08-13,7488.0,WH-MIAMI
CUST-JOIN-6300,Freight Account 6300,Asia Pacific,Startup,ORD-06300,2026-08-13,420.33,WH-DETROIT
CUST-JOIN-6301,Freight Account 6301,Europe,Enterprise,ORD-06301,2026-08-13,1875.47,WH-MIAMI
CUST-JOIN-6302,Freight Account 6302,Europe,SMB,ORD-06302,2026-08-13,3527.99,WH-CHICAGO
CUST-JOIN-6303,Freight Account 6303,Europe,SMB,ORD-06303,2026-08-13,1483.38,WH-DETROIT
CUST-JOIN-6304,Freight Account 6304,Asia Pacific,Startup,ORD-06304,2026-08-13,4832.13,WH-NEWYORK
CUST-JOIN-6305,Freight Account 6305,North America,SMB,ORD-06305,2026-08-13,2237.05,WH-CHICAGO
CUST-JOIN-6306,Freight Account 6306,North America,Startup,ORD-06306,2026-08-13,3236.95,WH-CHICAGO
CUST-JOIN-6307,Freight Account 6307,Asia Pacific,Startup,ORD-06307,2026-08-13,6311.62,WH-MIAMI
CUST-JOIN-6308,Freight Account 6308,Asia Pacific,SMB,ORD-06308,2026-08-13,3692.29,WH-MIAMI
CUST-JOIN-6309,Freight Account 6309,Europe,SMB,ORD-06309,2026-08-13,2019.23,WH-NEWYORK
CUST-JOIN-6310,Freight Account 6310,North America,Startup,ORD-06310,2026-08-13,5470.82,WH-NEWYORK
CUST-JOIN-6311,Freight Account 6311,Europe,Startup,ORD-06311,2026-08-13,3603.95,WH-DETROIT
CUST-JOIN-6312,Freight Account 6312,Europe,SMB,ORD-06312,2026-08-13,3310.17,WH-NEWYORK
CUST-JOIN-6313,Freight Account 6313,Asia Pacific,SMB,ORD-06313,2026-08-14,2923.58,WH-NEWYORK
CUST-JOIN-6314,Freight Account 6314,Asia Pacific,SMB,ORD-06314,2026-08-14,1336.45,WH-MIAMI
CUST-JOIN-6315,Freight Account 6315,North America,Startup,ORD-06315,2026-08-14,4922.35,WH-NEWYORK
CUST-JOIN-6316,Freight Account 6316,Asia Pacific,Startup,ORD-06316,2026-08-14,5439.87,WH-CHICAGO
CUST-JOIN-6317,Freight Account 6317,Europe,Startup,ORD-06317,2026-08-14,7855.15,WH-DETROIT
CUST-JOIN-6318,Freight Account 6318,Asia Pacific,SMB,ORD-06318,2026-08-14,1054.24,WH-MIAMI
CUST-JOIN-6319,Freight Account 6319,North America,SMB,ORD-06319,2026-08-14,5472.68,WH-CHICAGO
CUST-JOIN-6320,Freight Account 6320,Asia Pacific,Startup,ORD-06320,2026-08-14,4584.89,WH-NEWYORK
CUST-JOIN-6321,Freight Account 6321,Asia Pacific,SMB,ORD-06321,2026-08-14,1397.55,WH-MIAMI
CUST-JOIN-6322,Freight Account 6322,North America,Startup,ORD-06322,2026-08-14,2469.16,WH-CHICAGO
CUST-JOIN-6323,Freight Account 6323,Europe,Startup,ORD-06323,2026-08-14,7905.53,WH-NEWYORK
CUST-JOIN-6324,Freight Account 6324,North America,Startup,ORD-06324,2026-08-14,5161.18,WH-MIAMI
CUST-JOIN-6325,Freight Account 6325,Asia Pacific,Startup,ORD-06325,2026-08-14,6562.5,WH-CHICAGO
CUST-JOIN-6326,Freight Account 6326,North America,Startup,ORD-06326,2026-08-14,4311.01,WH-DETROIT
CUST-JOIN-6327,Freight Account 6327,Europe,Startup,ORD-06327,2026-08-14,1413.83,WH-MIAMI
CUST-JOIN-6328,Freight Account 6328,North America,Startup,ORD-06328,2026-08-14,5974.03,WH-DETROIT
CUST-JOIN-6329,Freight Account 6329,Europe,Startup,ORD-06329,2026-08-14,2305.5,WH-CHICAGO
CUST-JOIN-6330,Freight Account 6330,North America,Startup,ORD-06330,2026-08-14,3930.61,WH-NEWYORK
CUST-JOIN-6331,Freight Account 6331,North America,Startup,ORD-06331,2026-08-14,600.18,WH-MIAMI
CUST-JOIN-6332,Freight Account 6332,Europe,SMB,ORD-06332,2026-08-14,1754.36,WH-DETROIT
CUST-JOIN-6333,Freight Account 6333,Asia Pacific,SMB,ORD-06333,2026-08-14,3163.16,WH-CHICAGO
CUST-JOIN-6334,Freight Account 6334,Asia Pacific,SMB,ORD-06334,2026-08-14,6766.26,WH-MIAMI
CUST-JOIN-6335,Freight Account 6335,North America,SMB,ORD-06335,2026-08-14,1384.89,WH-DETROIT
CUST-JOIN-6336,Freight Account 6336,Asia Pacific,SMB,ORD-06336,2026-08-14,6093.73,WH-MIAMI
CUST-JOIN-6337,Freight Account 6337,North America,Startup,ORD-06337,2026-08-15,5409.66,WH-DETROIT
CUST-JOIN-6338,Freight Account 6338,Europe,Startup,ORD-06338,2026-08-15,1918.33,WH-NEWYORK
CUST-JOIN-6339,Freight Account 6339,Europe,Startup,ORD-06339,2026-08-15,653.27,WH-MIAMI
CUST-JOIN-6340,Freight Account 6340,Asia Pacific,Startup,ORD-06340,2026-08-15,7920.24,WH-DETROIT
CUST-JOIN-6341,Freight Account 6341,Europe,Enterprise,ORD-06341,2026-08-15,4768.1,WH-MIAMI
CUST-JOIN-6342,Freight Account 6342,Asia Pacific,SMB,ORD-06342,2026-08-15,6035.56,WH-NEWYORK
CUST-JOIN-6343,Freight Account 6343,North America,Startup,ORD-06343,2026-08-15,3649.99,WH-NEWYORK
CUST-JOIN-6344,Freight Account 6344,Asia Pacific,Startup,ORD-06344,2026-08-15,7808.33,WH-DETROIT
CUST-JOIN-6345,Freight Account 6345,Europe,Startup,ORD-06345,2026-08-15,478.09,WH-CHICAGO
CUST-JOIN-6346,Freight Account 6346,Asia Pacific,Startup,ORD-06346,2026-08-15,3369.17,WH-MIAMI
CUST-JOIN-6347,Freight Account 6347,North America,Startup,ORD-06347,2026-08-15,7398.65,WH-NEWYORK
CUST-JOIN-6348,Freight Account 6348,Asia Pacific,SMB,ORD-06348,2026-08-15,6488.55,WH-NEWYORK
CUST-JOIN-6349,Freight Account 6349,Europe,SMB,ORD-06349,2026-08-15,3286.38,WH-CHICAGO
CUST-JOIN-6350,Freight Account 6350,North America,SMB,ORD-06350,2026-08-15,1899.87,WH-CHICAGO
CUST-JOIN-6351,Freight Account 6351,Asia Pacific,Startup,ORD-06351,2026-08-15,796.0,WH-DETROIT
CUST-JOIN-6352,Freight Account 6352,Europe,Startup,ORD-06352,2026-08-15,6103.31,WH-MIAMI
CUST-JOIN-6353,Freight Account 6353,North America,SMB,ORD-06353,2026-08-15,5988.11,WH-MIAMI
CUST-JOIN-6354,Freight Account 6354,Europe,Startup,ORD-06354,2026-08-15,848.17,WH-MIAMI
CUST-JOIN-6355,Freight Account 6355,North America,Startup,ORD-06355,2026-08-15,1072.88,WH-NEWYORK
CUST-JOIN-6356,Freight Account 6356,Europe,Startup,ORD-06356,2026-08-15,2815.72,WH-CHICAGO
CUST-JOIN-6357,Freight Account 6357,Europe,SMB,ORD-06357,2026-08-15,6835.86,WH-DETROIT
CUST-JOIN-6358,Freight Account 6358,North America,SMB,ORD-06358,2026-08-15,5516.43,WH-DETROIT
CUST-JOIN-6359,Freight Account 6359,Europe,Startup,ORD-06359,2026-08-15,4716.83,WH-DETROIT
CUST-JOIN-6360,Freight Account 6360,North America,Enterprise,ORD-06360,2026-08-15,1566.48,WH-CHICAGO
CUST-JOIN-6361,Freight Account 6361,Europe,Enterprise,ORD-06361,2026-08-16,6460.07,WH-DETROIT
CUST-JOIN-6362,Freight Account 6362,Europe,SMB,ORD-06362,2026-08-16,7961.23,WH-DETROIT
CUST-JOIN-6363,Freight Account 6363,North America,Startup,ORD-06363,2026-08-16,7327.73,WH-NEWYORK
CUST-JOIN-6364,Freight Account 6364,North America,SMB,ORD-06364,2026-08-16,612.71,WH-CHICAGO
CUST-JOIN-6365,Freight Account 6365,Asia Pacific,Enterprise,ORD-06365,2026-08-16,6741.91,WH-CHICAGO
CUST-JOIN-6366,Freight Account 6366,North America,Startup,ORD-06366,2026-08-16,4336.26,WH-NEWYORK
CUST-JOIN-6367,Freight Account 6367,Asia Pacific,Startup,ORD-06367,2026-08-16,5437.81,WH-MIAMI
CUST-JOIN-6368,Freight Account 6368,Europe,SMB,ORD-06368,2026-08-16,7119.62,WH-NEWYORK
CUST-JOIN-6369,Freight Account 6369,Europe,SMB,ORD-06369,2026-08-16,4620.22,WH-CHICAGO
CUST-JOIN-6370,Freight Account 6370,North America,Startup,ORD-06370,2026-08-16,4233.77,WH-DETROIT
CUST-JOIN-6371,Freight Account 6371,North America,SMB,ORD-06371,2026-08-16,7108.07,WH-CHICAGO
CUST-JOIN-6372,Freight Account 6372,North America,Startup,ORD-06372,2026-08-16,2074.81,WH-MIAMI
CUST-JOIN-6373,Freight Account 6373,Asia Pacific,Enterprise,ORD-06373,2026-08-16,2758.09,WH-MIAMI
CUST-JOIN-6374,Freight Account 6374,North America,SMB,ORD-06374,2026-08-16,1382.54,WH-CHICAGO
CUST-JOIN-6375,Freight Account 6375,Europe,Startup,ORD-06375,2026-08-16,2653.96,WH-DETROIT
CUST-JOIN-6376,Freight Account 6376,North America,Startup,ORD-06376,2026-08-16,4855.89,WH-NEWYORK
CUST-JOIN-6377,Freight Account 6377,Asia Pacific,SMB,ORD-06377,2026-08-16,5672.87,WH-DETROIT
CUST-JOIN-6378,Freight Account 6378,Europe,SMB,ORD-06378,2026-08-16,5708.35,WH-CHICAGO
CUST-JOIN-6379,Freight Account 6379,North America,SMB,ORD-06379,2026-08-16,7926.86,WH-CHICAGO
CUST-JOIN-6380,Freight Account 6380,Europe,Startup,ORD-06380,2026-08-16,7819.89,WH-NEWYORK
CUST-JOIN-6381,Freight Account 6381,North America,Startup,ORD-06381,2026-08-16,3270.03,WH-DETROIT
CUST-JOIN-6382,Freight Account 6382,North America,Enterprise,ORD-06382,2026-08-16,4024.21,WH-NEWYORK
CUST-JOIN-6383,Freight Account 6383,North America,SMB,ORD-06383,2026-08-16,5632.5,WH-DETROIT
CUST-JOIN-6384,Freight Account 6384,Asia Pacific,SMB,ORD-06384,2026-08-16,6187.04,WH-CHICAGO
CUST-JOIN-6385,Freight Account 6385,Europe,SMB,ORD-06385,2026-08-17,7882.9,WH-NEWYORK
CUST-JOIN-6386,Freight Account 6386,North America,SMB,ORD-06386,2026-08-17,1394.84,WH-NEWYORK
CUST-JOIN-6387,Freight Account 6387,Europe,SMB,ORD-06387,2026-08-17,2548.74,WH-DETROIT
CUST-JOIN-6388,Freight Account 6388,Europe,Enterprise,ORD-06388,2026-08-17,4986.98,WH-NEWYORK
CUST-JOIN-6389,Freight Account 6389,North America,SMB,ORD-06389,2026-08-17,356.73,WH-MIAMI
CUST-JOIN-6390,Freight Account 6390,North America,Startup,ORD-06390,2026-08-17,1012.85,WH-DETROIT
CUST-JOIN-6391,Freight Account 6391,Asia Pacific,Startup,ORD-06391,2026-08-17,685.28,WH-DETROIT
CUST-JOIN-6392,Freight Account 6392,Asia Pacific,SMB,ORD-06392,2026-08-17,3554.63,WH-CHICAGO
CUST-JOIN-6393,Freight Account 6393,Asia Pacific,SMB,ORD-06393,2026-08-17,3963.59,WH-MIAMI
CUST-JOIN-6394,Freight Account 6394,Europe,Enterprise,ORD-06394,2026-08-17,4601.37,WH-CHICAGO
CUST-JOIN-6395,Freight Account 6395,North America,Startup,ORD-06395,2026-08-17,1881.28,WH-NEWYORK
CUST-JOIN-6396,Freight Account 6396,North America,Startup,ORD-06396,2026-08-17,3665.45,WH-DETROIT
CUST-JOIN-6397,Freight Account 6397,Asia Pacific,SMB,ORD-06397,2026-08-17,3626.1,WH-MIAMI
CUST-JOIN-6398,Freight Account 6398,North America,SMB,ORD-06398,2026-08-17,1179.25,WH-MIAMI
CUST-JOIN-6399,Freight Account 6399,Asia Pacific,Enterprise,ORD-06399,2026-08-17,1084.74,WH-MIAMI
CUST-JOIN-6400,Freight Account 6400,North America,SMB,ORD-06400,2026-08-17,801.09,WH-MIAMI
CUST-JOIN-6401,Freight Account 6401,Europe,SMB,ORD-06401,2026-08-17,5864.05,WH-DETROIT
CUST-JOIN-6402,Freight Account 6402,Asia Pacific,Startup,ORD-06402,2026-08-17,6482.99,WH-DETROIT
CUST-JOIN-6403,Freight Account 6403,Asia Pacific,Startup,ORD-06403,2026-08-17,2969.3,WH-NEWYORK
CUST-JOIN-6404,Freight Account 6404,Europe,Startup,ORD-06404,2026-08-17,4256.82,WH-MIAMI
CUST-JOIN-6405,Freight Account 6405,Europe,Startup,ORD-06405,2026-08-17,5423.65,WH-NEWYORK
CUST-JOIN-6406,Freight Account 6406,Asia Pacific,SMB,ORD-06406,2026-08-17,5882.84,WH-NEWYORK
CUST-JOIN-6407,Freight Account 6407,Asia Pacific,SMB,ORD-06407,2026-08-17,3122.4,WH-MIAMI
CUST-JOIN-6408,Freight Account 6408,North America,SMB,ORD-06408,2026-08-17,5620.99,WH-DETROIT
CUST-JOIN-6409,Freight Account 6409,Europe,SMB,ORD-06409,2026-08-18,5839.24,WH-MIAMI
CUST-JOIN-6410,Freight Account 6410,Asia Pacific,SMB,ORD-06410,2026-08-18,2375.39,WH-DETROIT
CUST-JOIN-6411,Freight Account 6411,Europe,Enterprise,ORD-06411,2026-08-18,3916.07,WH-MIAMI
CUST-JOIN-6412,Freight Account 6412,Europe,Startup,ORD-06412,2026-08-18,7381.54,WH-NEWYORK
CUST-JOIN-6413,Freight Account 6413,Asia Pacific,Enterprise,ORD-06413,2026-08-18,7109.22,WH-NEWYORK
CUST-JOIN-6414,Freight Account 6414,Asia Pacific,Enterprise,ORD-06414,2026-08-18,1158.42,WH-CHICAGO
CUST-JOIN-6415,Freight Account 6415,North America,Enterprise,ORD-06415,2026-08-18,3389.55,WH-CHICAGO
CUST-JOIN-6416,Freight Account 6416,Europe,SMB,ORD-06416,2026-08-18,3156.11,WH-NEWYORK
CUST-JOIN-6417,Freight Account 6417,Europe,Startup,ORD-06417,2026-08-18,4560.04,WH-MIAMI
CUST-JOIN-6418,Freight Account 6418,North America,SMB,ORD-06418,2026-08-18,4426.27,WH-CHICAGO
CUST-JOIN-6419,Freight Account 6419,North America,Startup,ORD-06419,2026-08-18,1692.91,WH-DETROIT
CUST-JOIN-6420,Freight Account 6420,North America,Startup,ORD-06420,2026-08-18,1011.46,WH-NEWYORK
CUST-JOIN-6421,Freight Account 6421,North America,SMB,ORD-06421,2026-08-18,7285.93,WH-NEWYORK
CUST-JOIN-6422,Freight Account 6422,Europe,Startup,ORD-06422,2026-08-18,1043.69,WH-MIAMI
CUST-JOIN-6423,Freight Account 6423,Europe,Enterprise,ORD-06423,2026-08-18,5350.08,WH-DETROIT
CUST-JOIN-6424,Freight Account 6424,North America,SMB,ORD-06424,2026-08-18,7297.94,WH-NEWYORK
CUST-JOIN-6425,Freight Account 6425,Europe,Startup,ORD-06425,2026-08-18,6197.75,WH-MIAMI
CUST-JOIN-6426,Freight Account 6426,Europe,Startup,ORD-06426,2026-08-18,3968.43,WH-NEWYORK
CUST-JOIN-6427,Freight Account 6427,Asia Pacific,Startup,ORD-06427,2026-08-18,5989.46,WH-DETROIT
CUST-JOIN-6428,Freight Account 6428,Asia Pacific,Startup,ORD-06428,2026-08-18,2677.16,WH-MIAMI
CUST-JOIN-6429,Freight Account 6429,North America,SMB,ORD-06429,2026-08-18,2665.1,WH-MIAMI
CUST-JOIN-6430,Freight Account 6430,North America,Startup,ORD-06430,2026-08-18,5158.16,WH-CHICAGO
CUST-JOIN-6431,Freight Account 6431,North America,SMB,ORD-06431,2026-08-18,3300.48,WH-CHICAGO
CUST-JOIN-6432,Freight Account 6432,North America,Startup,ORD-06432,2026-08-18,4480.98,WH-NEWYORK
CUST-JOIN-6433,Freight Account 6433,North America,Enterprise,ORD-06433,2026-08-19,372.2,WH-CHICAGO
CUST-JOIN-6434,Freight Account 6434,Asia Pacific,Startup,ORD-06434,2026-08-19,4325.55,WH-DETROIT
CUST-JOIN-6435,Freight Account 6435,Europe,SMB,ORD-06435,2026-08-19,6335.49,WH-MIAMI
CUST-JOIN-6436,Freight Account 6436,North America,SMB,ORD-06436,2026-08-19,4028.49,WH-NEWYORK
CUST-JOIN-6437,Freight Account 6437,Europe,Startup,ORD-06437,2026-08-19,2004.36,WH-DETROIT
CUST-JOIN-6438,Freight Account 6438,North America,Startup,ORD-06438,2026-08-19,1350.68,WH-DETROIT
CUST-JOIN-6439,Freight Account 6439,Europe,SMB,ORD-06439,2026-08-19,5054.41,WH-DETROIT
CUST-JOIN-6440,Freight Account 6440,North America,Startup,ORD-06440,2026-08-19,7211.63,WH-MIAMI
CUST-JOIN-6441,Freight Account 6441,Asia Pacific,SMB,ORD-06441,2026-08-19,4506.34,WH-NEWYORK
CUST-JOIN-6442,Freight Account 6442,Europe,Startup,ORD-06442,2026-08-19,3431.38,WH-CHICAGO
CUST-JOIN-6443,Freight Account 6443,Asia Pacific,SMB,ORD-06443,2026-08-19,2481.56,WH-CHICAGO
CUST-JOIN-6444,Freight Account 6444,Asia Pacific,SMB,ORD-06444,2026-08-19,3547.53,WH-NEWYORK
CUST-JOIN-6445,Freight Account 6445,Asia Pacific,Startup,ORD-06445,2026-08-19,4117.46,WH-NEWYORK
CUST-JOIN-6446,Freight Account 6446,Asia Pacific,Startup,ORD-06446,2026-08-19,3783.78,WH-CHICAGO
CUST-JOIN-6447,Freight Account 6447,Asia Pacific,SMB,ORD-06447,2026-08-19,1918.17,WH-CHICAGO
CUST-JOIN-6448,Freight Account 6448,Europe,Startup,ORD-06448,2026-08-19,3156.13,WH-MIAMI
CUST-JOIN-6449,Freight Account 6449,Europe,Enterprise,ORD-06449,2026-08-19,3598.99,WH-DETROIT
CUST-JOIN-6450,Freight Account 6450,North America,SMB,ORD-06450,2026-08-19,3756.06,WH-MIAMI
CUST-JOIN-6451,Freight Account 6451,North America,Startup,ORD-06451,2026-08-19,4869.76,WH-DETROIT
CUST-JOIN-6452,Freight Account 6452,Asia Pacific,SMB,ORD-06452,2026-08-19,360.76,WH-NEWYORK
CUST-JOIN-6453,Freight Account 6453,Asia Pacific,SMB,ORD-06453,2026-08-19,3703.46,WH-NEWYORK
CUST-JOIN-6454,Freight Account 6454,North America,Startup,ORD-06454,2026-08-19,1636.67,WH-MIAMI
CUST-JOIN-6455,Freight Account 6455,North America,SMB,ORD-06455,2026-08-19,7048.93,WH-MIAMI
CUST-JOIN-6456,Freight Account 6456,Asia Pacific,Enterprise,ORD-06456,2026-08-19,3996.59,WH-MIAMI
CUST-JOIN-6457,Freight Account 6457,North America,Startup,ORD-06457,2026-08-20,7528.41,WH-DETROIT
CUST-JOIN-6458,Freight Account 6458,Asia Pacific,Startup,ORD-06458,2026-08-20,5871.38,WH-NEWYORK
CUST-JOIN-6459,Freight Account 6459,Europe,Startup,ORD-06459,2026-08-20,7572.22,WH-NEWYORK
CUST-JOIN-6460,Freight Account 6460,North America,SMB,ORD-06460,2026-08-20,2383.32,WH-MIAMI
CUST-JOIN-6461,Freight Account 6461,North America,Startup,ORD-06461,2026-08-20,475.61,WH-MIAMI
CUST-JOIN-6462,Freight Account 6462,Asia Pacific,Startup,ORD-06462,2026-08-20,3071.87,WH-NEWYORK
CUST-JOIN-6463,Freight Account 6463,Asia Pacific,Startup,ORD-06463,2026-08-20,2178.67,WH-DETROIT
CUST-JOIN-6464,Freight Account 6464,Europe,Enterprise,ORD-06464,2026-08-20,1521.13,WH-CHICAGO
CUST-JOIN-6465,Freight Account 6465,Asia Pacific,Startup,ORD-06465,2026-08-20,5038.11,WH-CHICAGO
CUST-JOIN-6466,Freight Account 6466,North America,Startup,ORD-06466,2026-08-20,2037.33,WH-DETROIT
CUST-JOIN-6467,Freight Account 6467,North America,Startup,ORD-06467,2026-08-20,4477.62,WH-NEWYORK
CUST-JOIN-6468,Freight Account 6468,North America,SMB,ORD-06468,2026-08-20,6902.9,WH-MIAMI
CUST-JOIN-6469,Freight Account 6469,Europe,SMB,ORD-06469,2026-08-20,3715.74,WH-DETROIT
CUST-JOIN-6470,Freight Account 6470,North America,Startup,ORD-06470,2026-08-20,7962.92,WH-MIAMI
CUST-JOIN-6471,Freight Account 6471,Europe,Startup,ORD-06471,2026-08-20,766.93,WH-CHICAGO
CUST-JOIN-6472,Freight Account 6472,Europe,SMB,ORD-06472,2026-08-20,3765.98,WH-MIAMI
CUST-JOIN-6473,Freight Account 6473,Europe,Startup,ORD-06473,2026-08-20,2581.58,WH-NEWYORK
CUST-JOIN-6474,Freight Account 6474,Asia Pacific,SMB,ORD-06474,2026-08-20,6665.21,WH-CHICAGO
CUST-JOIN-6475,Freight Account 6475,Asia Pacific,SMB,ORD-06475,2026-08-20,2296.7,WH-CHICAGO
CUST-JOIN-6476,Freight Account 6476,North America,SMB,ORD-06476,2026-08-20,7066.66,WH-NEWYORK
CUST-JOIN-6477,Freight Account 6477,Europe,Startup,ORD-06477,2026-08-20,1549.84,WH-MIAMI
CUST-JOIN-6478,Freight Account 6478,North America,Startup,ORD-06478,2026-08-20,3867.53,WH-MIAMI
CUST-JOIN-6479,Freight Account 6479,Europe,SMB,ORD-06479,2026-08-20,276.61,WH-NEWYORK
CUST-JOIN-6480,Freight Account 6480,Europe,SMB,ORD-06480,2026-08-20,923.5,WH-DETROIT
CUST-JOIN-6481,Freight Account 6481,Europe,Enterprise,ORD-06481,2026-08-21,814.59,WH-DETROIT
CUST-JOIN-6482,Freight Account 6482,Europe,SMB,ORD-06482,2026-08-21,223.45,WH-NEWYORK
CUST-JOIN-6483,Freight Account 6483,Europe,Startup,ORD-06483,2026-08-21,6042.12,WH-MIAMI
CUST-JOIN-6484,Freight Account 6484,Asia Pacific,SMB,ORD-06484,2026-08-21,6565.17,WH-NEWYORK
CUST-JOIN-6485,Freight Account 6485,Europe,Startup,ORD-06485,2026-08-21,5487.64,WH-MIAMI
CUST-JOIN-6486,Freight Account 6486,North America,Startup,ORD-06486,2026-08-21,1995.97,WH-DETROIT
CUST-JOIN-6487,Freight Account 6487,Europe,SMB,ORD-06487,2026-08-21,5368.65,WH-DETROIT
CUST-JOIN-6488,Freight Account 6488,Asia Pacific,SMB,ORD-06488,2026-08-21,4257.27,WH-CHICAGO
CUST-JOIN-6489,Freight Account 6489,Europe,Startup,ORD-06489,2026-08-21,7043.75,WH-CHICAGO
CUST-JOIN-6490,Freight Account 6490,North America,SMB,ORD-06490,2026-08-21,4995.89,WH-CHICAGO
CUST-JOIN-6491,Freight Account 6491,Europe,SMB,ORD-06491,2026-08-21,2208.09,WH-NEWYORK
CUST-JOIN-6492,Freight Account 6492,Europe,Startup,ORD-06492,2026-08-21,4622.44,WH-MIAMI
CUST-JOIN-6493,Freight Account 6493,North America,SMB,ORD-06493,2026-08-21,3045.92,WH-MIAMI
CUST-JOIN-6494,Freight Account 6494,Asia Pacific,Startup,ORD-06494,2026-08-21,3577.66,WH-DETROIT
CUST-JOIN-6495,Freight Account 6495,North America,Startup,ORD-06495,2026-08-21,1926.24,WH-DETROIT
CUST-JOIN-6496,Freight Account 6496,Asia Pacific,SMB,ORD-06496,2026-08-21,3756.96,WH-NEWYORK
CUST-JOIN-6497,Freight Account 6497,Asia Pacific,SMB,ORD-06497,2026-08-21,4580.03,WH-DETROIT
CUST-JOIN-6498,Freight Account 6498,Asia Pacific,Startup,ORD-06498,2026-08-21,5350.08,WH-CHICAGO
CUST-JOIN-6499,Freight Account 6499,Europe,Startup,ORD-06499,2026-08-21,1107.44,WH-DETROIT
CUST-JOIN-6500,Freight Account 6500,North America,SMB,ORD-06500,2026-08-21,4503.9,WH-CHICAGO
CUST-JOIN-6501,Freight Account 6501,Asia Pacific,SMB,ORD-06501,2026-08-21,5118.83,WH-CHICAGO
CUST-JOIN-6502,Freight Account 6502,North America,Startup,ORD-06502,2026-08-21,1547.97,WH-DETROIT
CUST-JOIN-6503,Freight Account 6503,North America,SMB,ORD-06503,2026-08-21,3403.78,WH-CHICAGO
CUST-JOIN-6504,Freight Account 6504,Asia Pacific,SMB,ORD-06504,2026-08-21,5440.66,WH-MIAMI
CUST-JOIN-6505,Freight Account 6505,North America,Startup,ORD-06505,2026-08-22,4288.32,WH-MIAMI
CUST-JOIN-6506,Freight Account 6506,Europe,SMB,ORD-06506,2026-08-22,2920.31,WH-CHICAGO
CUST-JOIN-6507,Freight Account 6507,North America,Startup,ORD-06507,2026-08-22,775.88,WH-MIAMI
CUST-JOIN-6508,Freight Account 6508,North America,Startup,ORD-06508,2026-08-22,7163.03,WH-DETROIT
CUST-JOIN-6509,Freight Account 6509,Europe,Startup,ORD-06509,2026-08-22,5526.92,WH-NEWYORK
CUST-JOIN-6510,Freight Account 6510,Asia Pacific,SMB,ORD-06510,2026-08-22,7395.98,WH-DETROIT
CUST-JOIN-6511,Freight Account 6511,North America,Startup,ORD-06511,2026-08-22,3525.11,WH-MIAMI
CUST-JOIN-6512,Freight Account 6512,Europe,Startup,ORD-06512,2026-08-22,2875.62,WH-CHICAGO
CUST-JOIN-6513,Freight Account 6513,North America,Startup,ORD-06513,2026-08-22,652.08,WH-NEWYORK
CUST-JOIN-6514,Freight Account 6514,Europe,Startup,ORD-06514,2026-08-22,5703.18,WH-CHICAGO
CUST-JOIN-6515,Freight Account 6515,North America,Startup,ORD-06515,2026-08-22,4526.05,WH-NEWYORK
CUST-JOIN-6516,Freight Account 6516,Europe,Startup,ORD-06516,2026-08-22,5251.24,WH-MIAMI
CUST-JOIN-6517,Freight Account 6517,Europe,Startup,ORD-06517,2026-08-22,2568.09,WH-NEWYORK
CUST-JOIN-6518,Freight Account 6518,Europe,SMB,ORD-06518,2026-08-22,3647.73,WH-CHICAGO
CUST-JOIN-6519,Freight Account 6519,Asia Pacific,SMB,ORD-06519,2026-08-22,589.17,WH-DETROIT
CUST-JOIN-6520,Freight Account 6520,North America,Startup,ORD-06520,2026-08-22,1799.77,WH-NEWYORK
CUST-JOIN-6521,Freight Account 6521,North America,Startup,ORD-06521,2026-08-22,2454.37,WH-MIAMI
CUST-JOIN-6522,Freight Account 6522,Asia Pacific,SMB,ORD-06522,2026-08-22,4969.5,WH-DETROIT
CUST-JOIN-6523,Freight Account 6523,North America,SMB,ORD-06523,2026-08-22,6164.5,WH-MIAMI
CUST-JOIN-6524,Freight Account 6524,Europe,SMB,ORD-06524,2026-08-22,2384.68,WH-MIAMI
CUST-JOIN-6525,Freight Account 6525,Europe,SMB,ORD-06525,2026-08-22,231.86,WH-CHICAGO
CUST-JOIN-6526,Freight Account 6526,Asia Pacific,Startup,ORD-06526,2026-08-22,1286.18,WH-NEWYORK
CUST-JOIN-6527,Freight Account 6527,Europe,SMB,ORD-06527,2026-08-22,3312.63,WH-MIAMI
CUST-JOIN-6528,Freight Account 6528,North America,Startup,ORD-06528,2026-08-22,6811.07,WH-NEWYORK
CUST-JOIN-6529,Freight Account 6529,Europe,Startup,ORD-06529,2026-08-23,6940.26,WH-MIAMI
CUST-JOIN-6530,Freight Account 6530,Asia Pacific,Enterprise,ORD-06530,2026-08-23,801.84,WH-DETROIT
CUST-JOIN-6531,Freight Account 6531,Asia Pacific,SMB,ORD-06531,2026-08-23,6474.56,WH-DETROIT
CUST-JOIN-6532,Freight Account 6532,Europe,SMB,ORD-06532,2026-08-23,6287.28,WH-NEWYORK
CUST-JOIN-6533,Freight Account 6533,North America,SMB,ORD-06533,2026-08-23,3517.84,WH-MIAMI
CUST-JOIN-6534,Freight Account 6534,Asia Pacific,Startup,ORD-06534,2026-08-23,1755.69,WH-DETROIT
CUST-JOIN-6535,Freight Account 6535,Europe,SMB,ORD-06535,2026-08-23,273.64,WH-NEWYORK
CUST-JOIN-6536,Freight Account 6536,Asia Pacific,SMB,ORD-06536,2026-08-23,3023.41,WH-NEWYORK
CUST-JOIN-6537,Freight Account 6537,North America,SMB,ORD-06537,2026-08-23,6538.56,WH-NEWYORK
CUST-JOIN-6538,Freight Account 6538,Europe,SMB,ORD-06538,2026-08-23,6806.51,WH-MIAMI
CUST-JOIN-6539,Freight Account 6539,Europe,SMB,ORD-06539,2026-08-23,3106.77,WH-CHICAGO
CUST-JOIN-6540,Freight Account 6540,Europe,Startup,ORD-06540,2026-08-23,1631.63,WH-MIAMI
CUST-JOIN-6541,Freight Account 6541,North America,SMB,ORD-06541,2026-08-23,1609.72,WH-MIAMI
CUST-JOIN-6542,Freight Account 6542,Europe,Startup,ORD-06542,2026-08-23,4824.74,WH-MIAMI
CUST-JOIN-6543,Freight Account 6543,Asia Pacific,Startup,ORD-06543,2026-08-23,4094.14,WH-CHICAGO
CUST-JOIN-6544,Freight Account 6544,Europe,SMB,ORD-06544,2026-08-23,3690.03,WH-MIAMI
CUST-JOIN-6545,Freight Account 6545,Europe,Startup,ORD-06545,2026-08-23,3321.29,WH-DETROIT
CUST-JOIN-6546,Freight Account 6546,Asia Pacific,SMB,ORD-06546,2026-08-23,5665.27,WH-DETROIT
CUST-JOIN-6547,Freight Account 6547,North America,Startup,ORD-06547,2026-08-23,7195.62,WH-CHICAGO
CUST-JOIN-6548,Freight Account 6548,Europe,Startup,ORD-06548,2026-08-23,3263.19,WH-DETROIT
CUST-JOIN-6549,Freight Account 6549,Europe,Startup,ORD-06549,2026-08-23,2442.14,WH-NEWYORK
CUST-JOIN-6550,Freight Account 6550,Asia Pacific,Startup,ORD-06550,2026-08-23,7945.47,WH-MIAMI
CUST-JOIN-6551,Freight Account 6551,Asia Pacific,Enterprise,ORD-06551,2026-08-23,5461.29,WH-NEWYORK
CUST-JOIN-6552,Freight Account 6552,North America,SMB,ORD-06552,2026-08-23,4911.89,WH-CHICAGO
CUST-JOIN-6553,Freight Account 6553,Asia Pacific,Startup,ORD-06553,2026-08-24,6177.14,WH-CHICAGO
CUST-JOIN-6554,Freight Account 6554,Europe,SMB,ORD-06554,2026-08-24,4293.99,WH-DETROIT
CUST-JOIN-6555,Freight Account 6555,Europe,Startup,ORD-06555,2026-08-24,533.93,WH-MIAMI
CUST-JOIN-6556,Freight Account 6556,North America,SMB,ORD-06556,2026-08-24,315.53,WH-NEWYORK
CUST-JOIN-6557,Freight Account 6557,Asia Pacific,Startup,ORD-06557,2026-08-24,7210.05,WH-NEWYORK
CUST-JOIN-6558,Freight Account 6558,Asia Pacific,SMB,ORD-06558,2026-08-24,1141.21,WH-CHICAGO
CUST-JOIN-6559,Freight Account 6559,North America,SMB,ORD-06559,2026-08-24,357.87,WH-MIAMI
CUST-JOIN-6560,Freight Account 6560,North America,SMB,ORD-06560,2026-08-24,2576.95,WH-NEWYORK
CUST-JOIN-6561,Freight Account 6561,Europe,SMB,ORD-06561,2026-08-24,4111.84,WH-NEWYORK
CUST-JOIN-6562,Freight Account 6562,Europe,Startup,ORD-06562,2026-08-24,2909.82,WH-DETROIT
CUST-JOIN-6563,Freight Account 6563,North America,Startup,ORD-06563,2026-08-24,4842.33,WH-DETROIT
CUST-JOIN-6564,Freight Account 6564,Europe,Startup,ORD-06564,2026-08-24,4070.16,WH-NEWYORK
CUST-JOIN-6565,Freight Account 6565,Asia Pacific,Startup,ORD-06565,2026-08-24,3832.16,WH-NEWYORK
CUST-JOIN-6566,Freight Account 6566,North America,SMB,ORD-06566,2026-08-24,6254.24,WH-NEWYORK
CUST-JOIN-6567,Freight Account 6567,Asia Pacific,Startup,ORD-06567,2026-08-24,245.38,WH-MIAMI
CUST-JOIN-6568,Freight Account 6568,Asia Pacific,SMB,ORD-06568,2026-08-24,1600.11,WH-CHICAGO
CUST-JOIN-6569,Freight Account 6569,North America,SMB,ORD-06569,2026-08-24,7474.23,WH-MIAMI
CUST-JOIN-6570,Freight Account 6570,Asia Pacific,SMB,ORD-06570,2026-08-24,6843.3,WH-CHICAGO
CUST-JOIN-6571,Freight Account 6571,Europe,SMB,ORD-06571,2026-08-24,2300.52,WH-DETROIT
CUST-JOIN-6572,Freight Account 6572,North America,SMB,ORD-06572,2026-08-24,7550.61,WH-CHICAGO
CUST-JOIN-6573,Freight Account 6573,Asia Pacific,Startup,ORD-06573,2026-08-24,6341.03,WH-CHICAGO
CUST-JOIN-6574,Freight Account 6574,North America,Startup,ORD-06574,2026-08-24,4460.67,WH-MIAMI
CUST-JOIN-6575,Freight Account 6575,Asia Pacific,Startup,ORD-06575,2026-08-24,3240.07,WH-MIAMI
CUST-JOIN-6576,Freight Account 6576,Europe,SMB,ORD-06576,2026-08-24,2866.98,WH-MIAMI
CUST-JOIN-6577,Freight Account 6577,Asia Pacific,SMB,ORD-06577,2026-08-25,1279.74,WH-DETROIT
CUST-JOIN-6578,Freight Account 6578,Asia Pacific,Startup,ORD-06578,2026-08-25,2877.08,WH-NEWYORK
CUST-JOIN-6579,Freight Account 6579,Europe,Startup,ORD-06579,2026-08-25,7112.51,WH-MIAMI
CUST-JOIN-6580,Freight Account 6580,North America,Enterprise,ORD-06580,2026-08-25,3282.93,WH-MIAMI
CUST-JOIN-6581,Freight Account 6581,Europe,Startup,ORD-06581,2026-08-25,1533.82,WH-CHICAGO
CUST-JOIN-6582,Freight Account 6582,North America,SMB,ORD-06582,2026-08-25,991.91,WH-MIAMI
CUST-JOIN-6583,Freight Account 6583,Asia Pacific,SMB,ORD-06583,2026-08-25,5488.04,WH-DETROIT
CUST-JOIN-6584,Freight Account 6584,Europe,Startup,ORD-06584,2026-08-25,6275.92,WH-DETROIT
CUST-JOIN-6585,Freight Account 6585,North America,SMB,ORD-06585,2026-08-25,5392.09,WH-NEWYORK
CUST-JOIN-6586,Freight Account 6586,Asia Pacific,Startup,ORD-06586,2026-08-25,6668.54,WH-MIAMI
CUST-JOIN-6587,Freight Account 6587,Europe,Startup,ORD-06587,2026-08-25,6714.77,WH-CHICAGO
CUST-JOIN-6588,Freight Account 6588,Europe,Enterprise,ORD-06588,2026-08-25,1962.67,WH-NEWYORK
CUST-JOIN-6589,Freight Account 6589,Europe,Startup,ORD-06589,2026-08-25,895.75,WH-DETROIT
CUST-JOIN-6590,Freight Account 6590,Europe,Startup,ORD-06590,2026-08-25,2562.04,WH-NEWYORK
CUST-JOIN-6591,Freight Account 6591,Asia Pacific,SMB,ORD-06591,2026-08-25,2993.6,WH-MIAMI
CUST-JOIN-6592,Freight Account 6592,Europe,SMB,ORD-06592,2026-08-25,7512.79,WH-NEWYORK
CUST-JOIN-6593,Freight Account 6593,Asia Pacific,SMB,ORD-06593,2026-08-25,805.55,WH-CHICAGO
CUST-JOIN-6594,Freight Account 6594,Europe,Startup,ORD-06594,2026-08-25,4090.47,WH-NEWYORK
CUST-JOIN-6595,Freight Account 6595,North America,SMB,ORD-06595,2026-08-25,5868.15,WH-NEWYORK
CUST-JOIN-6596,Freight Account 6596,Europe,Enterprise,ORD-06596,2026-08-25,5781.03,WH-MIAMI
CUST-JOIN-6597,Freight Account 6597,North America,SMB,ORD-06597,2026-08-25,3268.33,WH-MIAMI
CUST-JOIN-6598,Freight Account 6598,Europe,SMB,ORD-06598,2026-08-25,1987.0,WH-MIAMI
CUST-JOIN-6599,Freight Account 6599,Asia Pacific,SMB,ORD-06599,2026-08-25,4666.43,WH-CHICAGO
CUST-JOIN-6600,Freight Account 6600,Asia Pacific,SMB,ORD-06600,2026-08-25,4335.1,WH-MIAMI
CUST-JOIN-6601,Freight Account 6601,Asia Pacific,SMB,ORD-06601,2026-08-26,7641.23,WH-DETROIT
CUST-JOIN-6602,Freight Account 6602,Asia Pacific,Startup,ORD-06602,2026-08-26,1982.92,WH-MIAMI
CUST-JOIN-6603,Freight Account 6603,Europe,Startup,ORD-06603,2026-08-26,3512.76,WH-DETROIT
CUST-JOIN-6604,Freight Account 6604,Asia Pacific,Startup,ORD-06604,2026-08-26,7000.89,WH-DETROIT
CUST-JOIN-6605,Freight Account 6605,North America,Startup,ORD-06605,2026-08-26,2998.62,WH-NEWYORK
CUST-JOIN-6606,Freight Account 6606,North America,Enterprise,ORD-06606,2026-08-26,6230.88,WH-DETROIT
CUST-JOIN-6607,Freight Account 6607,North America,Startup,ORD-06607,2026-08-26,230.92,WH-CHICAGO
CUST-JOIN-6608,Freight Account 6608,Asia Pacific,Startup,ORD-06608,2026-08-26,5943.38,WH-CHICAGO
CUST-JOIN-6609,Freight Account 6609,North America,Startup,ORD-06609,2026-08-26,831.23,WH-DETROIT
CUST-JOIN-6610,Freight Account 6610,Asia Pacific,SMB,ORD-06610,2026-08-26,4504.22,WH-CHICAGO
CUST-JOIN-6611,Freight Account 6611,Europe,Enterprise,ORD-06611,2026-08-26,4132.53,WH-CHICAGO
CUST-JOIN-6612,Freight Account 6612,Europe,Startup,ORD-06612,2026-08-26,3766.93,WH-DETROIT
CUST-JOIN-6613,Freight Account 6613,Europe,SMB,ORD-06613,2026-08-26,7944.81,WH-MIAMI
CUST-JOIN-6614,Freight Account 6614,North America,Enterprise,ORD-06614,2026-08-26,7854.19,WH-NEWYORK
CUST-JOIN-6615,Freight Account 6615,Europe,Startup,ORD-06615,2026-08-26,1749.4,WH-NEWYORK
CUST-JOIN-6616,Freight Account 6616,North America,Startup,ORD-06616,2026-08-26,4481.8,WH-CHICAGO
CUST-JOIN-6617,Freight Account 6617,Asia Pacific,Enterprise,ORD-06617,2026-08-26,1159.33,WH-MIAMI
CUST-JOIN-6618,Freight Account 6618,Europe,SMB,ORD-06618,2026-08-26,7022.87,WH-CHICAGO
CUST-JOIN-6619,Freight Account 6619,Europe,Startup,ORD-06619,2026-08-26,3593.3,WH-DETROIT
CUST-JOIN-6620,Freight Account 6620,North America,SMB,ORD-06620,2026-08-26,3644.93,WH-NEWYORK
CUST-JOIN-6621,Freight Account 6621,Europe,Startup,ORD-06621,2026-08-26,4808.22,WH-NEWYORK
CUST-JOIN-6622,Freight Account 6622,North America,SMB,ORD-06622,2026-08-26,6537.64,WH-NEWYORK
CUST-JOIN-6623,Freight Account 6623,Asia Pacific,SMB,ORD-06623,2026-08-26,4269.38,WH-NEWYORK
CUST-JOIN-6624,Freight Account 6624,Europe,SMB,ORD-06624,2026-08-26,7063.23,WH-NEWYORK
CUST-JOIN-6625,Freight Account 6625,Asia Pacific,Startup,ORD-06625,2026-08-27,3797.76,WH-DETROIT
CUST-JOIN-6626,Freight Account 6626,North America,Startup,ORD-06626,2026-08-27,4140.99,WH-MIAMI
CUST-JOIN-6627,Freight Account 6627,Asia Pacific,SMB,ORD-06627,2026-08-27,7821.75,WH-CHICAGO
CUST-JOIN-6628,Freight Account 6628,Asia Pacific,SMB,ORD-06628,2026-08-27,1671.01,WH-MIAMI
CUST-JOIN-6629,Freight Account 6629,North America,Startup,ORD-06629,2026-08-27,5449.76,WH-MIAMI
CUST-JOIN-6630,Freight Account 6630,Europe,SMB,ORD-06630,2026-08-27,7534.48,WH-NEWYORK
CUST-JOIN-6631,Freight Account 6631,Asia Pacific,Startup,ORD-06631,2026-08-27,7019.89,WH-CHICAGO
CUST-JOIN-6632,Freight Account 6632,North America,Startup,ORD-06632,2026-08-27,308.41,WH-CHICAGO
CUST-JOIN-6633,Freight Account 6633,Asia Pacific,Startup,ORD-06633,2026-08-27,7102.12,WH-DETROIT
CUST-JOIN-6634,Freight Account 6634,Europe,Startup,ORD-06634,2026-08-27,2756.42,WH-DETROIT
CUST-JOIN-6635,Freight Account 6635,Europe,SMB,ORD-06635,2026-08-27,4607.67,WH-DETROIT
CUST-JOIN-6636,Freight Account 6636,Europe,SMB,ORD-06636,2026-08-27,1830.11,WH-CHICAGO
CUST-JOIN-6637,Freight Account 6637,Asia Pacific,SMB,ORD-06637,2026-08-27,7642.18,WH-MIAMI
CUST-JOIN-6638,Freight Account 6638,North America,Startup,ORD-06638,2026-08-27,4183.63,WH-CHICAGO
CUST-JOIN-6639,Freight Account 6639,Asia Pacific,Startup,ORD-06639,2026-08-27,4440.03,WH-MIAMI
CUST-JOIN-6640,Freight Account 6640,Europe,Startup,ORD-06640,2026-08-27,6818.01,WH-CHICAGO
CUST-JOIN-6641,Freight Account 6641,Europe,Startup,ORD-06641,2026-08-27,1714.88,WH-DETROIT
CUST-JOIN-6642,Freight Account 6642,Europe,SMB,ORD-06642,2026-08-27,5408.62,WH-NEWYORK
CUST-JOIN-6643,Freight Account 6643,North America,Startup,ORD-06643,2026-08-27,3246.93,WH-DETROIT
CUST-JOIN-6644,Freight Account 6644,Europe,Enterprise,ORD-06644,2026-08-27,6434.35,WH-DETROIT
CUST-JOIN-6645,Freight Account 6645,Europe,Startup,ORD-06645,2026-08-27,715.49,WH-NEWYORK
CUST-JOIN-6646,Freight Account 6646,North America,SMB,ORD-06646,2026-08-27,537.4,WH-DETROIT
CUST-JOIN-6647,Freight Account 6647,Europe,Startup,ORD-06647,2026-08-27,6220.31,WH-DETROIT
CUST-JOIN-6648,Freight Account 6648,North America,Startup,ORD-06648,2026-08-27,7534.08,WH-MIAMI
CUST-JOIN-6649,Freight Account 6649,Asia Pacific,Startup,ORD-06649,2026-08-28,4565.44,WH-CHICAGO
CUST-JOIN-6650,Freight Account 6650,Asia Pacific,Startup,ORD-06650,2026-08-28,1667.73,WH-CHICAGO
CUST-JOIN-6651,Freight Account 6651,Asia Pacific,SMB,ORD-06651,2026-08-28,7477.39,WH-NEWYORK
CUST-JOIN-6652,Freight Account 6652,Asia Pacific,SMB,ORD-06652,2026-08-28,5715.75,WH-MIAMI
CUST-JOIN-6653,Freight Account 6653,Asia Pacific,Startup,ORD-06653,2026-08-28,3168.13,WH-DETROIT
CUST-JOIN-6654,Freight Account 6654,Europe,Enterprise,ORD-06654,2026-08-28,3738.12,WH-MIAMI
CUST-JOIN-6655,Freight Account 6655,North America,Startup,ORD-06655,2026-08-28,2620.77,WH-DETROIT
CUST-JOIN-6656,Freight Account 6656,Asia Pacific,Startup,ORD-06656,2026-08-28,1980.57,WH-CHICAGO
CUST-JOIN-6657,Freight Account 6657,North America,Startup,ORD-06657,2026-08-28,5926.33,WH-MIAMI
CUST-JOIN-6658,Freight Account 6658,Europe,Enterprise,ORD-06658,2026-08-28,7858.44,WH-DETROIT
CUST-JOIN-6659,Freight Account 6659,Asia Pacific,SMB,ORD-06659,2026-08-28,6086.57,WH-CHICAGO
CUST-JOIN-6660,Freight Account 6660,Asia Pacific,Startup,ORD-06660,2026-08-28,6693.34,WH-MIAMI
CUST-JOIN-6661,Freight Account 6661,North America,SMB,ORD-06661,2026-08-28,1629.93,WH-MIAMI
CUST-JOIN-6662,Freight Account 6662,Asia Pacific,SMB,ORD-06662,2026-08-28,1985.52,WH-DETROIT
CUST-JOIN-6663,Freight Account 6663,North America,Enterprise,ORD-06663,2026-08-28,4127.09,WH-NEWYORK
CUST-JOIN-6664,Freight Account 6664,North America,SMB,ORD-06664,2026-08-28,497.1,WH-CHICAGO
CUST-JOIN-6665,Freight Account 6665,Europe,SMB,ORD-06665,2026-08-28,1621.71,WH-NEWYORK
CUST-JOIN-6666,Freight Account 6666,North America,SMB,ORD-06666,2026-08-28,2816.71,WH-MIAMI
CUST-JOIN-6667,Freight Account 6667,North America,SMB,ORD-06667,2026-08-28,7283.0,WH-MIAMI
CUST-JOIN-6668,Freight Account 6668,Asia Pacific,Startup,ORD-06668,2026-08-28,6496.22,WH-CHICAGO
CUST-JOIN-6669,Freight Account 6669,North America,Startup,ORD-06669,2026-08-28,7417.36,WH-MIAMI
CUST-JOIN-6670,Freight Account 6670,Asia Pacific,Startup,ORD-06670,2026-08-28,4683.67,WH-CHICAGO
CUST-JOIN-6671,Freight Account 6671,North America,Startup,ORD-06671,2026-08-28,6531.39,WH-MIAMI
CUST-JOIN-6672,Freight Account 6672,North America,SMB,ORD-06672,2026-08-28,730.87,WH-NEWYORK
CUST-JOIN-6673,Freight Account 6673,Asia Pacific,SMB,ORD-06673,2026-08-29,6505.95,WH-CHICAGO
CUST-JOIN-6674,Freight Account 6674,North America,SMB,ORD-06674,2026-08-29,5968.67,WH-NEWYORK
CUST-JOIN-6675,Freight Account 6675,Asia Pacific,Startup,ORD-06675,2026-08-29,2685.5,WH-CHICAGO
CUST-JOIN-6676,Freight Account 6676,Europe,Startup,ORD-06676,2026-08-29,3040.23,WH-NEWYORK
CUST-JOIN-6677,Freight Account 6677,Europe,Enterprise,ORD-06677,2026-08-29,3028.17,WH-DETROIT
CUST-JOIN-6678,Freight Account 6678,North America,SMB,ORD-06678,2026-08-29,4581.12,WH-DETROIT
CUST-JOIN-6679,Freight Account 6679,Asia Pacific,Startup,ORD-06679,2026-08-29,7210.56,WH-DETROIT
CUST-JOIN-6680,Freight Account 6680,Asia Pacific,Startup,ORD-06680,2026-08-29,7247.94,WH-MIAMI
CUST-JOIN-6681,Freight Account 6681,North America,SMB,ORD-06681,2026-08-29,1232.0,WH-NEWYORK
CUST-JOIN-6682,Freight Account 6682,Europe,SMB,ORD-06682,2026-08-29,1029.32,WH-NEWYORK
CUST-JOIN-6683,Freight Account 6683,Europe,Startup,ORD-06683,2026-08-29,2565.79,WH-DETROIT
CUST-JOIN-6684,Freight Account 6684,Asia Pacific,Startup,ORD-06684,2026-08-29,5960.23,WH-CHICAGO
CUST-JOIN-6685,Freight Account 6685,North America,Startup,ORD-06685,2026-08-29,4872.99,WH-CHICAGO
CUST-JOIN-6686,Freight Account 6686,North America,Enterprise,ORD-06686,2026-08-29,4616.08,WH-CHICAGO
CUST-JOIN-6687,Freight Account 6687,Europe,Startup,ORD-06687,2026-08-29,766.48,WH-DETROIT
CUST-JOIN-6688,Freight Account 6688,Europe,SMB,ORD-06688,2026-08-29,3728.01,WH-DETROIT
CUST-JOIN-6689,Freight Account 6689,North America,Startup,ORD-06689,2026-08-29,7246.81,WH-NEWYORK
CUST-JOIN-6690,Freight Account 6690,North America,SMB,ORD-06690,2026-08-29,7478.09,WH-MIAMI
CUST-JOIN-6691,Freight Account 6691,Asia Pacific,SMB,ORD-06691,2026-08-29,3743.87,WH-MIAMI
CUST-JOIN-6692,Freight Account 6692,North America,SMB,ORD-06692,2026-08-29,7345.04,WH-MIAMI
CUST-JOIN-6693,Freight Account 6693,North America,Startup,ORD-06693,2026-08-29,7769.03,WH-NEWYORK
CUST-JOIN-6694,Freight Account 6694,North America,SMB,ORD-06694,2026-08-29,5767.69,WH-NEWYORK
CUST-JOIN-6695,Freight Account 6695,Asia Pacific,SMB,ORD-06695,2026-08-29,1672.7,WH-MIAMI
CUST-JOIN-6696,Freight Account 6696,Asia Pacific,SMB,ORD-06696,2026-08-29,1899.78,WH-CHICAGO
CUST-JOIN-6697,Freight Account 6697,Asia Pacific,SMB,ORD-06697,2026-08-30,328.47,WH-MIAMI
CUST-JOIN-6698,Freight Account 6698,Asia Pacific,SMB,ORD-06698,2026-08-30,2291.17,WH-DETROIT
CUST-JOIN-6699,Freight Account 6699,Europe,SMB,ORD-06699,2026-08-30,1475.17,WH-MIAMI
CUST-JOIN-6700,Freight Account 6700,Asia Pacific,Startup,ORD-06700,2026-08-30,3785.49,WH-DETROIT
CUST-JOIN-6701,Freight Account 6701,Europe,Startup,ORD-06701,2026-08-30,519.57,WH-MIAMI
CUST-JOIN-6702,Freight Account 6702,Europe,SMB,ORD-06702,2026-08-30,1298.48,WH-CHICAGO
CUST-JOIN-6703,Freight Account 6703,North America,Enterprise,ORD-06703,2026-08-30,5521.43,WH-MIAMI
CUST-JOIN-6704,Freight Account 6704,North America,SMB,ORD-06704,2026-08-30,6554.82,WH-DETROIT
CUST-JOIN-6705,Freight Account 6705,Asia Pacific,Enterprise,ORD-06705,2026-08-30,5489.86,WH-NEWYORK
CUST-JOIN-6706,Freight Account 6706,Asia Pacific,Startup,ORD-06706,2026-08-30,5114.75,WH-NEWYORK
CUST-JOIN-6707,Freight Account 6707,North America,SMB,ORD-06707,2026-08-30,6714.88,WH-NEWYORK
CUST-JOIN-6708,Freight Account 6708,North America,Startup,ORD-06708,2026-08-30,7920.91,WH-NEWYORK
CUST-JOIN-6709,Freight Account 6709,Asia Pacific,Startup,ORD-06709,2026-08-30,7453.28,WH-NEWYORK
CUST-JOIN-6710,Freight Account 6710,Asia Pacific,Enterprise,ORD-06710,2026-08-30,6009.99,WH-CHICAGO
CUST-JOIN-6711,Freight Account 6711,North America,Enterprise,ORD-06711,2026-08-30,5833.17,WH-NEWYORK
CUST-JOIN-6712,Freight Account 6712,Europe,Startup,ORD-06712,2026-08-30,7099.39,WH-NEWYORK
CUST-JOIN-6713,Freight Account 6713,Europe,Startup,ORD-06713,2026-08-30,3239.27,WH-DETROIT
CUST-JOIN-6714,Freight Account 6714,Asia Pacific,Startup,ORD-06714,2026-08-30,5135.18,WH-NEWYORK
CUST-JOIN-6715,Freight Account 6715,Asia Pacific,SMB,ORD-06715,2026-08-30,1560.54,WH-NEWYORK
CUST-JOIN-6716,Freight Account 6716,Europe,Startup,ORD-06716,2026-08-30,6251.43,WH-NEWYORK
CUST-JOIN-6717,Freight Account 6717,North America,SMB,ORD-06717,2026-08-30,5390.36,WH-MIAMI
CUST-JOIN-6718,Freight Account 6718,North America,SMB,ORD-06718,2026-08-30,6604.69,WH-DETROIT
CUST-JOIN-6719,Freight Account 6719,Asia Pacific,SMB,ORD-06719,2026-08-30,5889.93,WH-MIAMI
CUST-JOIN-6720,Freight Account 6720,Asia Pacific,SMB,ORD-06720,2026-08-30,7935.25,WH-DETROIT
CUST-JOIN-6721,Freight Account 6721,North America,Enterprise,ORD-06721,2026-08-31,7817.95,WH-NEWYORK
CUST-JOIN-6722,Freight Account 6722,North America,Startup,ORD-06722,2026-08-31,3032.08,WH-MIAMI
CUST-JOIN-6723,Freight Account 6723,Europe,Startup,ORD-06723,2026-08-31,4280.52,WH-NEWYORK
CUST-JOIN-6724,Freight Account 6724,Asia Pacific,SMB,ORD-06724,2026-08-31,6433.73,WH-MIAMI
CUST-JOIN-6725,Freight Account 6725,Europe,Enterprise,ORD-06725,2026-08-31,3693.84,WH-DETROIT
CUST-JOIN-6726,Freight Account 6726,Europe,Enterprise,ORD-06726,2026-08-31,7986.84,WH-CHICAGO
CUST-JOIN-6727,Freight Account 6727,Asia Pacific,Startup,ORD-06727,2026-08-31,4399.27,WH-NEWYORK
CUST-JOIN-6728,Freight Account 6728,Europe,Startup,ORD-06728,2026-08-31,6718.63,WH-MIAMI
CUST-JOIN-6729,Freight Account 6729,North America,Startup,ORD-06729,2026-08-31,6548.07,WH-CHICAGO
CUST-JOIN-6730,Freight Account 6730,Asia Pacific,Startup,ORD-06730,2026-08-31,5969.88,WH-CHICAGO
CUST-JOIN-6731,Freight Account 6731,North America,SMB,ORD-06731,2026-08-31,4717.2,WH-CHICAGO
CUST-JOIN-6732,Freight Account 6732,Europe,SMB,ORD-06732,2026-08-31,6750.83,WH-NEWYORK
CUST-JOIN-6733,Freight Account 6733,North America,Startup,ORD-06733,2026-08-31,3156.14,WH-NEWYORK
CUST-JOIN-6734,Freight Account 6734,Asia Pacific,Startup,ORD-06734,2026-08-31,6666.31,WH-MIAMI
CUST-JOIN-6735,Freight Account 6735,Asia Pacific,Startup,ORD-06735,2026-08-31,6331.7,WH-NEWYORK
CUST-JOIN-6736,Freight Account 6736,Asia Pacific,Startup,ORD-06736,2026-08-31,5864.46,WH-NEWYORK
CUST-JOIN-6737,Freight Account 6737,North America,Startup,ORD-06737,2026-08-31,3542.16,WH-CHICAGO
CUST-JOIN-6738,Freight Account 6738,Europe,SMB,ORD-06738,2026-08-31,1490.02,WH-MIAMI
CUST-JOIN-6739,Freight Account 6739,Europe,Startup,ORD-06739,2026-08-31,4834.24,WH-CHICAGO
CUST-JOIN-6740,Freight Account 6740,Europe,SMB,ORD-06740,2026-08-31,1086.35,WH-CHICAGO
CUST-JOIN-6741,Freight Account 6741,Asia Pacific,Startup,ORD-06741,2026-08-31,6460.29,WH-NEWYORK
CUST-JOIN-6742,Freight Account 6742,North America,Startup,ORD-06742,2026-08-31,5653.26,WH-DETROIT
CUST-JOIN-6743,Freight Account 6743,Asia Pacific,Startup,ORD-06743,2026-08-31,1777.93,WH-NEWYORK
CUST-JOIN-6744,Freight Account 6744,Europe,Startup,ORD-06744,2026-08-31,1737.55,WH-DETROIT
CUST-JOIN-6745,Freight Account 6745,Europe,Enterprise,ORD-06745,2026-09-01,3158.61,WH-CHICAGO
CUST-JOIN-6746,Freight Account 6746,North America,SMB,ORD-06746,2026-09-01,7148.8,WH-CHICAGO
CUST-JOIN-6747,Freight Account 6747,North America,SMB,ORD-06747,2026-09-01,6382.59,WH-DETROIT
CUST-JOIN-6748,Freight Account 6748,Asia Pacific,Enterprise,ORD-06748,2026-09-01,1333.81,WH-MIAMI
CUST-JOIN-6749,Freight Account 6749,Asia Pacific,SMB,ORD-06749,2026-09-01,5311.58,WH-DETROIT
CUST-JOIN-6750,Freight Account 6750,Asia Pacific,Enterprise,ORD-06750,2026-09-01,3084.77,WH-CHICAGO
CUST-JOIN-6751,Freight Account 6751,Asia Pacific,Startup,ORD-06751,2026-09-01,1852.28,WH-DETROIT
CUST-JOIN-6752,Freight Account 6752,Asia Pacific,Startup,ORD-06752,2026-09-01,341.26,WH-DETROIT
CUST-JOIN-6753,Freight Account 6753,Europe,SMB,ORD-06753,2026-09-01,664.56,WH-MIAMI
CUST-JOIN-6754,Freight Account 6754,Europe,Startup,ORD-06754,2026-09-01,886.11,WH-DETROIT
CUST-JOIN-6755,Freight Account 6755,Asia Pacific,Enterprise,ORD-06755,2026-09-01,7846.47,WH-NEWYORK
CUST-JOIN-6756,Freight Account 6756,North America,SMB,ORD-06756,2026-09-01,1619.7,WH-NEWYORK
CUST-JOIN-6757,Freight Account 6757,Asia Pacific,SMB,ORD-06757,2026-09-01,3817.94,WH-DETROIT
CUST-JOIN-6758,Freight Account 6758,Asia Pacific,Startup,ORD-06758,2026-09-01,296.1,WH-MIAMI
CUST-JOIN-6759,Freight Account 6759,Europe,Startup,ORD-06759,2026-09-01,4637.19,WH-NEWYORK
CUST-JOIN-6760,Freight Account 6760,Europe,Startup,ORD-06760,2026-09-01,3012.74,WH-DETROIT
CUST-JOIN-6761,Freight Account 6761,Asia Pacific,SMB,ORD-06761,2026-09-01,5146.89,WH-NEWYORK
CUST-JOIN-6762,Freight Account 6762,Europe,Startup,ORD-06762,2026-09-01,2695.01,WH-CHICAGO
CUST-JOIN-6763,Freight Account 6763,Asia Pacific,SMB,ORD-06763,2026-09-01,3325.76,WH-CHICAGO
CUST-JOIN-6764,Freight Account 6764,North America,Enterprise,ORD-06764,2026-09-01,6054.54,WH-MIAMI
CUST-JOIN-6765,Freight Account 6765,North America,Startup,ORD-06765,2026-09-01,7706.97,WH-DETROIT
CUST-JOIN-6766,Freight Account 6766,North America,Startup,ORD-06766,2026-09-01,4224.08,WH-DETROIT
CUST-JOIN-6767,Freight Account 6767,North America,Startup,ORD-06767,2026-09-01,3349.9,WH-DETROIT
CUST-JOIN-6768,Freight Account 6768,Asia Pacific,Enterprise,ORD-06768,2026-09-01,1156.58,WH-NEWYORK
CUST-JOIN-6769,Freight Account 6769,North America,SMB,ORD-06769,2026-09-02,4885.39,WH-CHICAGO
CUST-JOIN-6770,Freight Account 6770,Asia Pacific,Startup,ORD-06770,2026-09-02,4974.67,WH-CHICAGO
CUST-JOIN-6771,Freight Account 6771,Europe,SMB,ORD-06771,2026-09-02,7535.62,WH-DETROIT
CUST-JOIN-6772,Freight Account 6772,Asia Pacific,SMB,ORD-06772,2026-09-02,900.66,WH-DETROIT
CUST-JOIN-6773,Freight Account 6773,Asia Pacific,Enterprise,ORD-06773,2026-09-02,3968.62,WH-NEWYORK
CUST-JOIN-6774,Freight Account 6774,North America,Startup,ORD-06774,2026-09-02,1214.43,WH-CHICAGO
CUST-JOIN-6775,Freight Account 6775,North America,SMB,ORD-06775,2026-09-02,3077.11,WH-MIAMI
CUST-JOIN-6776,Freight Account 6776,Europe,SMB,ORD-06776,2026-09-02,1480.26,WH-DETROIT
CUST-JOIN-6777,Freight Account 6777,Asia Pacific,Enterprise,ORD-06777,2026-09-02,6374.31,WH-NEWYORK
CUST-JOIN-6778,Freight Account 6778,Europe,SMB,ORD-06778,2026-09-02,6415.47,WH-MIAMI
CUST-JOIN-6779,Freight Account 6779,Asia Pacific,Startup,ORD-06779,2026-09-02,258.71,WH-CHICAGO
CUST-JOIN-6780,Freight Account 6780,Europe,SMB,ORD-06780,2026-09-02,6303.73,WH-NEWYORK
CUST-JOIN-6781,Freight Account 6781,Asia Pacific,SMB,ORD-06781,2026-09-02,4535.21,WH-DETROIT
CUST-JOIN-6782,Freight Account 6782,Asia Pacific,Enterprise,ORD-06782,2026-09-02,591.12,WH-DETROIT
CUST-JOIN-6783,Freight Account 6783,North America,Enterprise,ORD-06783,2026-09-02,1376.76,WH-NEWYORK
CUST-JOIN-6784,Freight Account 6784,Europe,Startup,ORD-06784,2026-09-02,7849.69,WH-DETROIT
CUST-JOIN-6785,Freight Account 6785,North America,SMB,ORD-06785,2026-09-02,4273.82,WH-CHICAGO
CUST-JOIN-6786,Freight Account 6786,Europe,SMB,ORD-06786,2026-09-02,3692.86,WH-CHICAGO
CUST-JOIN-6787,Freight Account 6787,North America,Startup,ORD-06787,2026-09-02,4699.12,WH-NEWYORK
CUST-JOIN-6788,Freight Account 6788,Asia Pacific,Startup,ORD-06788,2026-09-02,6047.43,WH-DETROIT
CUST-JOIN-6789,Freight Account 6789,Europe,SMB,ORD-06789,2026-09-02,3238.12,WH-CHICAGO
CUST-JOIN-6790,Freight Account 6790,North America,Enterprise,ORD-06790,2026-09-02,4206.17,WH-DETROIT
CUST-JOIN-6791,Freight Account 6791,Asia Pacific,Startup,ORD-06791,2026-09-02,1755.23,WH-CHICAGO
CUST-JOIN-6792,Freight Account 6792,North America,Enterprise,ORD-06792,2026-09-02,2008.79,WH-MIAMI
CUST-JOIN-6793,Freight Account 6793,North America,SMB,ORD-06793,2026-09-03,7770.68,WH-CHICAGO
CUST-JOIN-6794,Freight Account 6794,Europe,Startup,ORD-06794,2026-09-03,1133.02,WH-NEWYORK
CUST-JOIN-6795,Freight Account 6795,North America,SMB,ORD-06795,2026-09-03,4236.08,WH-CHICAGO
CUST-JOIN-6796,Freight Account 6796,Asia Pacific,Startup,ORD-06796,2026-09-03,5458.65,WH-MIAMI
CUST-JOIN-6797,Freight Account 6797,Asia Pacific,SMB,ORD-06797,2026-09-03,1745.42,WH-NEWYORK
CUST-JOIN-6798,Freight Account 6798,North America,Startup,ORD-06798,2026-09-03,6777.56,WH-MIAMI
CUST-JOIN-6799,Freight Account 6799,Europe,Startup,ORD-06799,2026-09-03,6816.07,WH-DETROIT
CUST-JOIN-6800,Freight Account 6800,Europe,Enterprise,ORD-06800,2026-09-03,886.54,WH-MIAMI
CUST-JOIN-6801,Freight Account 6801,North America,Startup,ORD-06801,2026-09-03,300.62,WH-MIAMI
CUST-JOIN-6802,Freight Account 6802,North America,Startup,ORD-06802,2026-09-03,6723.28,WH-MIAMI
CUST-JOIN-6803,Freight Account 6803,Asia Pacific,SMB,ORD-06803,2026-09-03,3019.28,WH-NEWYORK
CUST-JOIN-6804,Freight Account 6804,North America,Startup,ORD-06804,2026-09-03,3189.13,WH-CHICAGO
CUST-JOIN-6805,Freight Account 6805,Asia Pacific,Startup,ORD-06805,2026-09-03,7313.06,WH-DETROIT
CUST-JOIN-6806,Freight Account 6806,North America,SMB,ORD-06806,2026-09-03,5877.74,WH-MIAMI
CUST-JOIN-6807,Freight Account 6807,Europe,SMB,ORD-06807,2026-09-03,1433.49,WH-DETROIT
CUST-JOIN-6808,Freight Account 6808,North America,SMB,ORD-06808,2026-09-03,5416.09,WH-MIAMI
CUST-JOIN-6809,Freight Account 6809,North America,Startup,ORD-06809,2026-09-03,2422.22,WH-DETROIT
CUST-JOIN-6810,Freight Account 6810,Asia Pacific,SMB,ORD-06810,2026-09-03,7185.02,WH-DETROIT
CUST-JOIN-6811,Freight Account 6811,North America,Startup,ORD-06811,2026-09-03,7831.86,WH-NEWYORK
CUST-JOIN-6812,Freight Account 6812,North America,SMB,ORD-06812,2026-09-03,2192.19,WH-NEWYORK
CUST-JOIN-6813,Freight Account 6813,Europe,SMB,ORD-06813,2026-09-03,7174.33,WH-MIAMI
CUST-JOIN-6814,Freight Account 6814,Europe,SMB,ORD-06814,2026-09-03,6823.41,WH-DETROIT
CUST-JOIN-6815,Freight Account 6815,Asia Pacific,Startup,ORD-06815,2026-09-03,7522.39,WH-DETROIT
CUST-JOIN-6816,Freight Account 6816,North America,Startup,ORD-06816,2026-09-03,1250.63,WH-NEWYORK
CUST-JOIN-6817,Freight Account 6817,Asia Pacific,Startup,ORD-06817,2026-09-04,5818.65,WH-DETROIT
CUST-JOIN-6818,Freight Account 6818,Europe,SMB,ORD-06818,2026-09-04,6640.29,WH-NEWYORK
CUST-JOIN-6819,Freight Account 6819,Europe,SMB,ORD-06819,2026-09-04,487.84,WH-DETROIT
CUST-JOIN-6820,Freight Account 6820,Asia Pacific,Startup,ORD-06820,2026-09-04,2971.29,WH-MIAMI
CUST-JOIN-6821,Freight Account 6821,Asia Pacific,Startup,ORD-06821,2026-09-04,1793.28,WH-DETROIT
CUST-JOIN-6822,Freight Account 6822,North America,Startup,ORD-06822,2026-09-04,1097.78,WH-NEWYORK
CUST-JOIN-6823,Freight Account 6823,Asia Pacific,Startup,ORD-06823,2026-09-04,4121.05,WH-DETROIT
CUST-JOIN-6824,Freight Account 6824,Europe,Startup,ORD-06824,2026-09-04,1887.55,WH-NEWYORK
CUST-JOIN-6825,Freight Account 6825,North America,Startup,ORD-06825,2026-09-04,6344.65,WH-MIAMI
CUST-JOIN-6826,Freight Account 6826,North America,SMB,ORD-06826,2026-09-04,6260.41,WH-MIAMI
CUST-JOIN-6827,Freight Account 6827,Europe,Startup,ORD-06827,2026-09-04,3126.98,WH-CHICAGO
CUST-JOIN-6828,Freight Account 6828,Europe,Startup,ORD-06828,2026-09-04,3528.1,WH-MIAMI
CUST-JOIN-6829,Freight Account 6829,North America,SMB,ORD-06829,2026-09-04,261.84,WH-CHICAGO
CUST-JOIN-6830,Freight Account 6830,Europe,Startup,ORD-06830,2026-09-04,4701.25,WH-MIAMI
CUST-JOIN-6831,Freight Account 6831,Asia Pacific,Startup,ORD-06831,2026-09-04,7572.77,WH-CHICAGO
CUST-JOIN-6832,Freight Account 6832,Asia Pacific,SMB,ORD-06832,2026-09-04,7401.0,WH-MIAMI
CUST-JOIN-6833,Freight Account 6833,North America,Startup,ORD-06833,2026-09-04,3651.25,WH-DETROIT
CUST-JOIN-6834,Freight Account 6834,North America,SMB,ORD-06834,2026-09-04,5965.1,WH-CHICAGO
CUST-JOIN-6835,Freight Account 6835,Asia Pacific,SMB,ORD-06835,2026-09-04,852.96,WH-MIAMI
CUST-JOIN-6836,Freight Account 6836,Europe,SMB,ORD-06836,2026-09-04,1145.93,WH-DETROIT
CUST-JOIN-6837,Freight Account 6837,Europe,SMB,ORD-06837,2026-09-04,3261.39,WH-CHICAGO
CUST-JOIN-6838,Freight Account 6838,Europe,SMB,ORD-06838,2026-09-04,6725.04,WH-CHICAGO
CUST-JOIN-6839,Freight Account 6839,North America,Startup,ORD-06839,2026-09-04,2789.24,WH-MIAMI
CUST-JOIN-6840,Freight Account 6840,Europe,Startup,ORD-06840,2026-09-04,6722.82,WH-DETROIT
CUST-JOIN-6841,Freight Account 6841,Asia Pacific,SMB,ORD-06841,2026-09-05,1346.22,WH-DETROIT
CUST-JOIN-6842,Freight Account 6842,North America,SMB,ORD-06842,2026-09-05,4745.04,WH-NEWYORK
CUST-JOIN-6843,Freight Account 6843,North America,Startup,ORD-06843,2026-09-05,3336.54,WH-CHICAGO
CUST-JOIN-6844,Freight Account 6844,Asia Pacific,SMB,ORD-06844,2026-09-05,727.16,WH-CHICAGO
CUST-JOIN-6845,Freight Account 6845,Asia Pacific,SMB,ORD-06845,2026-09-05,7249.63,WH-NEWYORK
CUST-JOIN-6846,Freight Account 6846,Asia Pacific,SMB,ORD-06846,2026-09-05,4723.81,WH-MIAMI
CUST-JOIN-6847,Freight Account 6847,North America,Startup,ORD-06847,2026-09-05,5563.27,WH-CHICAGO
CUST-JOIN-6848,Freight Account 6848,Europe,SMB,ORD-06848,2026-09-05,3515.75,WH-DETROIT
CUST-JOIN-6849,Freight Account 6849,Asia Pacific,SMB,ORD-06849,2026-09-05,2817.52,WH-DETROIT
CUST-JOIN-6850,Freight Account 6850,Europe,SMB,ORD-06850,2026-09-05,7084.38,WH-MIAMI
CUST-JOIN-6851,Freight Account 6851,Asia Pacific,Startup,ORD-06851,2026-09-05,3434.34,WH-DETROIT
CUST-JOIN-6852,Freight Account 6852,North America,Startup,ORD-06852,2026-09-05,2697.73,WH-CHICAGO
CUST-JOIN-6853,Freight Account 6853,Europe,SMB,ORD-06853,2026-09-05,4420.54,WH-NEWYORK
CUST-JOIN-6854,Freight Account 6854,North America,Startup,ORD-06854,2026-09-05,1785.16,WH-CHICAGO
CUST-JOIN-6855,Freight Account 6855,Asia Pacific,Startup,ORD-06855,2026-09-05,7366.29,WH-NEWYORK
CUST-JOIN-6856,Freight Account 6856,Asia Pacific,Startup,ORD-06856,2026-09-05,5925.07,WH-MIAMI
CUST-JOIN-6857,Freight Account 6857,Europe,SMB,ORD-06857,2026-09-05,635.02,WH-NEWYORK
CUST-JOIN-6858,Freight Account 6858,North America,Startup,ORD-06858,2026-09-05,4366.8,WH-CHICAGO
CUST-JOIN-6859,Freight Account 6859,Asia Pacific,Startup,ORD-06859,2026-09-05,6759.07,WH-CHICAGO
CUST-JOIN-6860,Freight Account 6860,Asia Pacific,SMB,ORD-06860,2026-09-05,7236.53,WH-CHICAGO
CUST-JOIN-6861,Freight Account 6861,North America,SMB,ORD-06861,2026-09-05,6634.3,WH-DETROIT
CUST-JOIN-6862,Freight Account 6862,Asia Pacific,Startup,ORD-06862,2026-09-05,7488.83,WH-CHICAGO
CUST-JOIN-6863,Freight Account 6863,Asia Pacific,Startup,ORD-06863,2026-09-05,3892.83,WH-NEWYORK
CUST-JOIN-6864,Freight Account 6864,Asia Pacific,SMB,ORD-06864,2026-09-05,1920.36,WH-NEWYORK
CUST-JOIN-6865,Freight Account 6865,Asia Pacific,SMB,ORD-06865,2026-09-06,4121.96,WH-MIAMI
CUST-JOIN-6866,Freight Account 6866,Asia Pacific,SMB,ORD-06866,2026-09-06,1625.63,WH-NEWYORK
CUST-JOIN-6867,Freight Account 6867,Europe,Enterprise,ORD-06867,2026-09-06,7956.14,WH-CHICAGO
CUST-JOIN-6868,Freight Account 6868,Europe,Startup,ORD-06868,2026-09-06,2171.65,WH-MIAMI
CUST-JOIN-6869,Freight Account 6869,Asia Pacific,Startup,ORD-06869,2026-09-06,3295.21,WH-MIAMI
CUST-JOIN-6870,Freight Account 6870,Europe,Startup,ORD-06870,2026-09-06,6401.9,WH-DETROIT
CUST-JOIN-6871,Freight Account 6871,North America,Startup,ORD-06871,2026-09-06,2330.58,WH-NEWYORK
CUST-JOIN-6872,Freight Account 6872,North America,Startup,ORD-06872,2026-09-06,5896.69,WH-DETROIT
CUST-JOIN-6873,Freight Account 6873,Europe,SMB,ORD-06873,2026-09-06,2505.36,WH-NEWYORK
CUST-JOIN-6874,Freight Account 6874,Europe,Startup,ORD-06874,2026-09-06,3914.35,WH-MIAMI
CUST-JOIN-6875,Freight Account 6875,Asia Pacific,SMB,ORD-06875,2026-09-06,2727.38,WH-MIAMI
CUST-JOIN-6876,Freight Account 6876,Europe,Startup,ORD-06876,2026-09-06,4959.09,WH-NEWYORK
CUST-JOIN-6877,Freight Account 6877,North America,SMB,ORD-06877,2026-09-06,1124.84,WH-DETROIT
CUST-JOIN-6878,Freight Account 6878,Asia Pacific,SMB,ORD-06878,2026-09-06,6355.93,WH-NEWYORK
CUST-JOIN-6879,Freight Account 6879,Asia Pacific,Startup,ORD-06879,2026-09-06,1259.4,WH-NEWYORK
CUST-JOIN-6880,Freight Account 6880,Asia Pacific,SMB,ORD-06880,2026-09-06,4793.57,WH-MIAMI
CUST-JOIN-6881,Freight Account 6881,Europe,SMB,ORD-06881,2026-09-06,5695.37,WH-DETROIT
CUST-JOIN-6882,Freight Account 6882,Asia Pacific,SMB,ORD-06882,2026-09-06,1245.0,WH-DETROIT
CUST-JOIN-6883,Freight Account 6883,North America,Startup,ORD-06883,2026-09-06,6272.87,WH-CHICAGO
CUST-JOIN-6884,Freight Account 6884,Europe,Startup,ORD-06884,2026-09-06,6642.57,WH-NEWYORK
CUST-JOIN-6885,Freight Account 6885,Europe,Startup,ORD-06885,2026-09-06,4203.66,WH-MIAMI
CUST-JOIN-6886,Freight Account 6886,North America,Startup,ORD-06886,2026-09-06,6313.8,WH-MIAMI
CUST-JOIN-6887,Freight Account 6887,North America,Enterprise,ORD-06887,2026-09-06,6159.79,WH-DETROIT
CUST-JOIN-6888,Freight Account 6888,Asia Pacific,SMB,ORD-06888,2026-09-06,2548.54,WH-CHICAGO
CUST-JOIN-6889,Freight Account 6889,Asia Pacific,SMB,ORD-06889,2026-09-07,7255.85,WH-NEWYORK
CUST-JOIN-6890,Freight Account 6890,Europe,Startup,ORD-06890,2026-09-07,536.07,WH-DETROIT
CUST-JOIN-6891,Freight Account 6891,Asia Pacific,SMB,ORD-06891,2026-09-07,416.44,WH-CHICAGO
CUST-JOIN-6892,Freight Account 6892,North America,Startup,ORD-06892,2026-09-07,651.43,WH-CHICAGO
CUST-JOIN-6893,Freight Account 6893,Europe,Startup,ORD-06893,2026-09-07,1989.04,WH-CHICAGO
CUST-JOIN-6894,Freight Account 6894,Asia Pacific,Startup,ORD-06894,2026-09-07,2139.53,WH-CHICAGO
CUST-JOIN-6895,Freight Account 6895,Europe,Startup,ORD-06895,2026-09-07,5182.02,WH-NEWYORK
CUST-JOIN-6896,Freight Account 6896,Asia Pacific,Startup,ORD-06896,2026-09-07,4012.34,WH-CHICAGO
CUST-JOIN-6897,Freight Account 6897,North America,SMB,ORD-06897,2026-09-07,2715.96,WH-NEWYORK
CUST-JOIN-6898,Freight Account 6898,Asia Pacific,Startup,ORD-06898,2026-09-07,3532.36,WH-NEWYORK
CUST-JOIN-6899,Freight Account 6899,Europe,SMB,ORD-06899,2026-09-07,5455.98,WH-CHICAGO
CUST-JOIN-6900,Freight Account 6900,Europe,Startup,ORD-06900,2026-09-07,5393.57,WH-MIAMI
CUST-JOIN-6901,Freight Account 6901,North America,Startup,ORD-06901,2026-09-07,7063.28,WH-MIAMI
CUST-JOIN-6902,Freight Account 6902,Asia Pacific,SMB,ORD-06902,2026-09-07,2553.12,WH-NEWYORK
CUST-JOIN-6903,Freight Account 6903,North America,SMB,ORD-06903,2026-09-07,5479.71,WH-DETROIT
CUST-JOIN-6904,Freight Account 6904,North America,Startup,ORD-06904,2026-09-07,1057.34,WH-MIAMI
CUST-JOIN-6905,Freight Account 6905,Asia Pacific,Enterprise,ORD-06905,2026-09-07,3366.45,WH-NEWYORK
CUST-JOIN-6906,Freight Account 6906,Asia Pacific,SMB,ORD-06906,2026-09-07,5646.16,WH-MIAMI
CUST-JOIN-6907,Freight Account 6907,Asia Pacific,SMB,ORD-06907,2026-09-07,5302.32,WH-DETROIT
CUST-JOIN-6908,Freight Account 6908,Asia Pacific,Startup,ORD-06908,2026-09-07,7297.81,WH-MIAMI
CUST-JOIN-6909,Freight Account 6909,North America,Startup,ORD-06909,2026-09-07,626.49,WH-NEWYORK
CUST-JOIN-6910,Freight Account 6910,North America,SMB,ORD-06910,2026-09-07,4783.17,WH-NEWYORK
CUST-JOIN-6911,Freight Account 6911,Europe,Enterprise,ORD-06911,2026-09-07,2062.55,WH-DETROIT
CUST-JOIN-6912,Freight Account 6912,North America,Enterprise,ORD-06912,2026-09-07,1028.56,WH-NEWYORK
CUST-JOIN-6913,Freight Account 6913,North America,Startup,ORD-06913,2026-09-08,426.07,WH-CHICAGO
CUST-JOIN-6914,Freight Account 6914,Europe,Startup,ORD-06914,2026-09-08,7280.52,WH-MIAMI
CUST-JOIN-6915,Freight Account 6915,Asia Pacific,SMB,ORD-06915,2026-09-08,7002.63,WH-CHICAGO
CUST-JOIN-6916,Freight Account 6916,Asia Pacific,Startup,ORD-06916,2026-09-08,2941.59,WH-CHICAGO
CUST-JOIN-6917,Freight Account 6917,Europe,Startup,ORD-06917,2026-09-08,7159.56,WH-NEWYORK
CUST-JOIN-6918,Freight Account 6918,North America,SMB,ORD-06918,2026-09-08,2054.18,WH-NEWYORK
CUST-JOIN-6919,Freight Account 6919,Asia Pacific,SMB,ORD-06919,2026-09-08,463.15,WH-CHICAGO
CUST-JOIN-6920,Freight Account 6920,North America,SMB,ORD-06920,2026-09-08,386.65,WH-DETROIT
CUST-JOIN-6921,Freight Account 6921,Asia Pacific,Startup,ORD-06921,2026-09-08,1337.03,WH-MIAMI
CUST-JOIN-6922,Freight Account 6922,Europe,Startup,ORD-06922,2026-09-08,2099.65,WH-DETROIT
CUST-JOIN-6923,Freight Account 6923,Asia Pacific,Startup,ORD-06923,2026-09-08,6278.92,WH-NEWYORK
CUST-JOIN-6924,Freight Account 6924,North America,Startup,ORD-06924,2026-09-08,3041.2,WH-MIAMI
CUST-JOIN-6925,Freight Account 6925,Asia Pacific,Startup,ORD-06925,2026-09-08,2350.95,WH-NEWYORK
CUST-JOIN-6926,Freight Account 6926,North America,Startup,ORD-06926,2026-09-08,2831.47,WH-NEWYORK
CUST-JOIN-6927,Freight Account 6927,Asia Pacific,Startup,ORD-06927,2026-09-08,316.01,WH-NEWYORK
CUST-JOIN-6928,Freight Account 6928,Asia Pacific,Startup,ORD-06928,2026-09-08,7972.08,WH-MIAMI
CUST-JOIN-6929,Freight Account 6929,Asia Pacific,Enterprise,ORD-06929,2026-09-08,1364.25,WH-CHICAGO
CUST-JOIN-6930,Freight Account 6930,Asia Pacific,SMB,ORD-06930,2026-09-08,4113.53,WH-DETROIT
CUST-JOIN-6931,Freight Account 6931,Europe,SMB,ORD-06931,2026-09-08,2203.79,WH-DETROIT
CUST-JOIN-6932,Freight Account 6932,North America,Startup,ORD-06932,2026-09-08,256.0,WH-NEWYORK
CUST-JOIN-6933,Freight Account 6933,Europe,SMB,ORD-06933,2026-09-08,4255.31,WH-CHICAGO
CUST-JOIN-6934,Freight Account 6934,Europe,SMB,ORD-06934,2026-09-08,7045.35,WH-DETROIT
CUST-JOIN-6935,Freight Account 6935,Europe,SMB,ORD-06935,2026-09-08,3129.15,WH-CHICAGO
CUST-JOIN-6936,Freight Account 6936,North America,Startup,ORD-06936,2026-09-08,7452.19,WH-DETROIT
CUST-JOIN-6937,Freight Account 6937,North America,SMB,ORD-06937,2026-09-09,1358.42,WH-NEWYORK
CUST-JOIN-6938,Freight Account 6938,Europe,Startup,ORD-06938,2026-09-09,6075.5,WH-DETROIT
CUST-JOIN-6939,Freight Account 6939,Asia Pacific,Enterprise,ORD-06939,2026-09-09,5908.36,WH-DETROIT
CUST-JOIN-6940,Freight Account 6940,Europe,SMB,ORD-06940,2026-09-09,2682.74,WH-CHICAGO
CUST-JOIN-6941,Freight Account 6941,Asia Pacific,Startup,ORD-06941,2026-09-09,448.58,WH-CHICAGO
CUST-JOIN-6942,Freight Account 6942,Europe,SMB,ORD-06942,2026-09-09,4932.56,WH-CHICAGO
CUST-JOIN-6943,Freight Account 6943,Asia Pacific,Startup,ORD-06943,2026-09-09,5660.74,WH-CHICAGO
CUST-JOIN-6944,Freight Account 6944,Europe,Enterprise,ORD-06944,2026-09-09,6408.97,WH-CHICAGO
CUST-JOIN-6945,Freight Account 6945,North America,SMB,ORD-06945,2026-09-09,7490.18,WH-NEWYORK
CUST-JOIN-6946,Freight Account 6946,Asia Pacific,Startup,ORD-06946,2026-09-09,3601.43,WH-DETROIT
CUST-JOIN-6947,Freight Account 6947,Asia Pacific,SMB,ORD-06947,2026-09-09,7498.0,WH-DETROIT
CUST-JOIN-6948,Freight Account 6948,Asia Pacific,SMB,ORD-06948,2026-09-09,3794.54,WH-CHICAGO
CUST-JOIN-6949,Freight Account 6949,Europe,SMB,ORD-06949,2026-09-09,3907.87,WH-MIAMI
CUST-JOIN-6950,Freight Account 6950,Europe,Startup,ORD-06950,2026-09-09,251.94,WH-MIAMI
CUST-JOIN-6951,Freight Account 6951,North America,SMB,ORD-06951,2026-09-09,2550.98,WH-NEWYORK
CUST-JOIN-6952,Freight Account 6952,North America,Startup,ORD-06952,2026-09-09,4101.89,WH-DETROIT
CUST-JOIN-6953,Freight Account 6953,North America,SMB,ORD-06953,2026-09-09,3836.25,WH-MIAMI
CUST-JOIN-6954,Freight Account 6954,Asia Pacific,SMB,ORD-06954,2026-09-09,6853.54,WH-MIAMI
CUST-JOIN-6955,Freight Account 6955,Europe,SMB,ORD-06955,2026-09-09,698.97,WH-NEWYORK
CUST-JOIN-6956,Freight Account 6956,North America,Enterprise,ORD-06956,2026-09-09,4772.0,WH-DETROIT
CUST-JOIN-6957,Freight Account 6957,North America,Startup,ORD-06957,2026-09-09,4215.39,WH-NEWYORK
CUST-JOIN-6958,Freight Account 6958,North America,SMB,ORD-06958,2026-09-09,6447.53,WH-DETROIT
CUST-JOIN-6959,Freight Account 6959,North America,SMB,ORD-06959,2026-09-09,4675.36,WH-NEWYORK
CUST-JOIN-6960,Freight Account 6960,Europe,SMB,ORD-06960,2026-09-09,1901.48,WH-DETROIT
CUST-JOIN-6961,Freight Account 6961,Europe,SMB,ORD-06961,2026-09-10,3353.8,WH-DETROIT
CUST-JOIN-6962,Freight Account 6962,Europe,Startup,ORD-06962,2026-09-10,3470.89,WH-CHICAGO
CUST-JOIN-6963,Freight Account 6963,Asia Pacific,Startup,ORD-06963,2026-09-10,392.17,WH-CHICAGO
CUST-JOIN-6964,Freight Account 6964,North America,SMB,ORD-06964,2026-09-10,5938.3,WH-MIAMI
CUST-JOIN-6965,Freight Account 6965,Europe,Startup,ORD-06965,2026-09-10,5648.77,WH-MIAMI
CUST-JOIN-6966,Freight Account 6966,North America,Startup,ORD-06966,2026-09-10,1464.59,WH-CHICAGO
CUST-JOIN-6967,Freight Account 6967,North America,SMB,ORD-06967,2026-09-10,7712.59,WH-NEWYORK
CUST-JOIN-6968,Freight Account 6968,Asia Pacific,SMB,ORD-06968,2026-09-10,6354.62,WH-MIAMI
CUST-JOIN-6969,Freight Account 6969,Asia Pacific,Startup,ORD-06969,2026-09-10,4034.25,WH-MIAMI
CUST-JOIN-6970,Freight Account 6970,Asia Pacific,Startup,ORD-06970,2026-09-10,3763.36,WH-NEWYORK
CUST-JOIN-6971,Freight Account 6971,Europe,Startup,ORD-06971,2026-09-10,2105.69,WH-CHICAGO
CUST-JOIN-6972,Freight Account 6972,Asia Pacific,Enterprise,ORD-06972,2026-09-10,4157.97,WH-DETROIT
CUST-JOIN-6973,Freight Account 6973,Asia Pacific,Startup,ORD-06973,2026-09-10,7582.24,WH-MIAMI
CUST-JOIN-6974,Freight Account 6974,Europe,SMB,ORD-06974,2026-09-10,2701.67,WH-CHICAGO
CUST-JOIN-6975,Freight Account 6975,Europe,Startup,ORD-06975,2026-09-10,6493.64,WH-NEWYORK
CUST-JOIN-6976,Freight Account 6976,North America,Startup,ORD-06976,2026-09-10,2248.02,WH-CHICAGO
CUST-JOIN-6977,Freight Account 6977,North America,Startup,ORD-06977,2026-09-10,5603.66,WH-DETROIT
CUST-JOIN-6978,Freight Account 6978,Asia Pacific,Startup,ORD-06978,2026-09-10,4070.17,WH-DETROIT
CUST-JOIN-6979,Freight Account 6979,Europe,Startup,ORD-06979,2026-09-10,7179.21,WH-CHICAGO
CUST-JOIN-6980,Freight Account 6980,Europe,SMB,ORD-06980,2026-09-10,4075.87,WH-MIAMI
CUST-JOIN-6981,Freight Account 6981,North America,Startup,ORD-06981,2026-09-10,6516.37,WH-NEWYORK
CUST-JOIN-6982,Freight Account 6982,Europe,SMB,ORD-06982,2026-09-10,5477.88,WH-CHICAGO
CUST-JOIN-6983,Freight Account 6983,Asia Pacific,SMB,ORD-06983,2026-09-10,5937.44,WH-MIAMI
CUST-JOIN-6984,Freight Account 6984,North America,Startup,ORD-06984,2026-09-10,2474.76,WH-MIAMI
CUST-JOIN-6985,Freight Account 6985,Europe,Startup,ORD-06985,2026-09-11,7910.12,WH-CHICAGO
CUST-JOIN-6986,Freight Account 6986,Asia Pacific,SMB,ORD-06986,2026-09-11,6493.27,WH-CHICAGO
CUST-JOIN-6987,Freight Account 6987,Europe,SMB,ORD-06987,2026-09-11,5798.91,WH-NEWYORK
CUST-JOIN-6988,Freight Account 6988,Europe,Startup,ORD-06988,2026-09-11,5529.83,WH-NEWYORK
CUST-JOIN-6989,Freight Account 6989,Europe,Startup,ORD-06989,2026-09-11,7124.26,WH-MIAMI
CUST-JOIN-6990,Freight Account 6990,Asia Pacific,SMB,ORD-06990,2026-09-11,2982.42,WH-MIAMI
CUST-JOIN-6991,Freight Account 6991,Asia Pacific,SMB,ORD-06991,2026-09-11,5940.01,WH-DETROIT
CUST-JOIN-6992,Freight Account 6992,Asia Pacific,SMB,ORD-06992,2026-09-11,4805.22,WH-DETROIT
CUST-JOIN-6993,Freight Account 6993,Europe,Startup,ORD-06993,2026-09-11,2670.3,WH-MIAMI
CUST-JOIN-6994,Freight Account 6994,North America,Startup,ORD-06994,2026-09-11,3593.6,WH-CHICAGO
CUST-JOIN-6995,Freight Account 6995,Asia Pacific,SMB,ORD-06995,2026-09-11,5501.31,WH-CHICAGO
CUST-JOIN-6996,Freight Account 6996,Europe,Startup,ORD-06996,2026-09-11,7599.8,WH-CHICAGO
CUST-JOIN-6997,Freight Account 6997,Europe,Startup,ORD-06997,2026-09-11,4353.12,WH-MIAMI
CUST-JOIN-6998,Freight Account 6998,Europe,Startup,ORD-06998,2026-09-11,3723.48,WH-CHICAGO
CUST-JOIN-6999,Freight Account 6999,Europe,SMB,ORD-06999,2026-09-11,6016.28,WH-MIAMI
CUST-JOIN-7000,Freight Account 7000,Asia Pacific,SMB,ORD-07000,2026-09-11,5068.07,WH-NEWYORK
CUST-JOIN-7001,Freight Account 7001,Asia Pacific,Startup,ORD-07001,2026-08-01,668.56,WH-CHICAGO
CUST-JOIN-7002,Freight Account 7002,North America,Startup,ORD-07002,2026-08-01,5459.58,WH-DETROIT
CUST-JOIN-7003,Freight Account 7003,Europe,Enterprise,ORD-07003,2026-08-01,5132.8,WH-DETROIT
CUST-JOIN-7004,Freight Account 7004,Asia Pacific,SMB,ORD-07004,2026-08-01,6406.58,WH-MIAMI
CUST-JOIN-7005,Freight Account 7005,Europe,SMB,ORD-07005,2026-08-01,6911.63,WH-MIAMI
CUST-JOIN-7006,Freight Account 7006,North America,Enterprise,ORD-07006,2026-08-01,3786.96,WH-DETROIT
CUST-JOIN-7007,Freight Account 7007,North America,Startup,ORD-07007,2026-08-01,1014.56,WH-CHICAGO
CUST-JOIN-7008,Freight Account 7008,North America,SMB,ORD-07008,2026-08-01,3961.23,WH-NEWYORK
CUST-JOIN-7009,Freight Account 7009,North America,SMB,ORD-07009,2026-08-01,7422.86,WH-CHICAGO
CUST-JOIN-7010,Freight Account 7010,North America,SMB,ORD-07010,2026-08-01,6428.46,WH-DETROIT
CUST-JOIN-7011,Freight Account 7011,North America,Startup,ORD-07011,2026-08-01,4200.84,WH-NEWYORK
CUST-JOIN-7012,Freight Account 7012,Europe,SMB,ORD-07012,2026-08-01,5319.68,WH-CHICAGO
CUST-JOIN-7013,Freight Account 7013,North America,Startup,ORD-07013,2026-08-01,3674.25,WH-DETROIT
CUST-JOIN-7014,Freight Account 7014,North America,Startup,ORD-07014,2026-08-01,1343.79,WH-MIAMI
CUST-JOIN-7015,Freight Account 7015,Asia Pacific,SMB,ORD-07015,2026-08-01,4244.82,WH-MIAMI
CUST-JOIN-7016,Freight Account 7016,Asia Pacific,Startup,ORD-07016,2026-08-01,258.83,WH-DETROIT
CUST-JOIN-7017,Freight Account 7017,Europe,Startup,ORD-07017,2026-08-01,6515.24,WH-MIAMI
CUST-JOIN-7018,Freight Account 7018,Europe,SMB,ORD-07018,2026-08-01,6802.13,WH-MIAMI
CUST-JOIN-7019,Freight Account 7019,Europe,Enterprise,ORD-07019,2026-08-01,221.77,WH-DETROIT
CUST-JOIN-7020,Freight Account 7020,Europe,Startup,ORD-07020,2026-08-01,6262.22,WH-CHICAGO
CUST-JOIN-7021,Freight Account 7021,Europe,Startup,ORD-07021,2026-08-01,881.37,WH-DETROIT
CUST-JOIN-7022,Freight Account 7022,North America,SMB,ORD-07022,2026-08-01,5339.67,WH-CHICAGO
CUST-JOIN-7023,Freight Account 7023,Europe,Startup,ORD-07023,2026-08-01,1437.0,WH-NEWYORK
CUST-JOIN-7024,Freight Account 7024,Europe,Startup,ORD-07024,2026-08-01,1683.25,WH-CHICAGO
CUST-JOIN-7025,Freight Account 7025,North America,Startup,ORD-07025,2026-08-02,1252.14,WH-NEWYORK
CUST-JOIN-7026,Freight Account 7026,Europe,SMB,ORD-07026,2026-08-02,6512.22,WH-DETROIT
CUST-JOIN-7027,Freight Account 7027,North America,SMB,ORD-07027,2026-08-02,2866.2,WH-CHICAGO
CUST-JOIN-7028,Freight Account 7028,Europe,SMB,ORD-07028,2026-08-02,7602.09,WH-CHICAGO
CUST-JOIN-7029,Freight Account 7029,North America,Startup,ORD-07029,2026-08-02,4615.61,WH-DETROIT
CUST-JOIN-7030,Freight Account 7030,Asia Pacific,Startup,ORD-07030,2026-08-02,2168.57,WH-CHICAGO
CUST-JOIN-7031,Freight Account 7031,North America,Enterprise,ORD-07031,2026-08-02,1789.34,WH-CHICAGO
CUST-JOIN-7032,Freight Account 7032,Asia Pacific,Startup,ORD-07032,2026-08-02,297.56,WH-NEWYORK
CUST-JOIN-7033,Freight Account 7033,Asia Pacific,Startup,ORD-07033,2026-08-02,5040.64,WH-NEWYORK
CUST-JOIN-7034,Freight Account 7034,North America,SMB,ORD-07034,2026-08-02,2715.74,WH-CHICAGO
CUST-JOIN-7035,Freight Account 7035,North America,SMB,ORD-07035,2026-08-02,6039.07,WH-DETROIT
CUST-JOIN-7036,Freight Account 7036,Asia Pacific,SMB,ORD-07036,2026-08-02,6630.47,WH-MIAMI
CUST-JOIN-7037,Freight Account 7037,North America,Enterprise,ORD-07037,2026-08-02,6385.05,WH-CHICAGO
CUST-JOIN-7038,Freight Account 7038,Asia Pacific,SMB,ORD-07038,2026-08-02,2163.72,WH-CHICAGO
CUST-JOIN-7039,Freight Account 7039,Asia Pacific,SMB,ORD-07039,2026-08-02,823.02,WH-DETROIT
CUST-JOIN-7040,Freight Account 7040,Asia Pacific,Startup,ORD-07040,2026-08-02,4956.45,WH-CHICAGO
CUST-JOIN-7041,Freight Account 7041,Asia Pacific,Startup,ORD-07041,2026-08-02,7750.97,WH-MIAMI
CUST-JOIN-7042,Freight Account 7042,North America,SMB,ORD-07042,2026-08-02,1830.08,WH-NEWYORK
CUST-JOIN-7043,Freight Account 7043,Europe,Startup,ORD-07043,2026-08-02,831.57,WH-NEWYORK
CUST-JOIN-7044,Freight Account 7044,Asia Pacific,Startup,ORD-07044,2026-08-02,6173.06,WH-DETROIT
CUST-JOIN-7045,Freight Account 7045,Europe,SMB,ORD-07045,2026-08-02,2850.08,WH-DETROIT
CUST-JOIN-7046,Freight Account 7046,North America,Startup,ORD-07046,2026-08-02,6780.01,WH-CHICAGO
CUST-JOIN-7047,Freight Account 7047,Asia Pacific,SMB,ORD-07047,2026-08-02,1816.81,WH-MIAMI
CUST-JOIN-7048,Freight Account 7048,Asia Pacific,Startup,ORD-07048,2026-08-02,6609.97,WH-MIAMI
CUST-JOIN-7049,Freight Account 7049,Asia Pacific,Startup,ORD-07049,2026-08-03,6462.84,WH-DETROIT
CUST-JOIN-7050,Freight Account 7050,Europe,SMB,ORD-07050,2026-08-03,2169.8,WH-NEWYORK
CUST-JOIN-7051,Freight Account 7051,Europe,Startup,ORD-07051,2026-08-03,6069.55,WH-CHICAGO
CUST-JOIN-7052,Freight Account 7052,North America,Enterprise,ORD-07052,2026-08-03,4319.48,WH-NEWYORK
CUST-JOIN-7053,Freight Account 7053,Europe,SMB,ORD-07053,2026-08-03,6715.86,WH-CHICAGO
CUST-JOIN-7054,Freight Account 7054,Asia Pacific,Startup,ORD-07054,2026-08-03,5021.27,WH-DETROIT
CUST-JOIN-7055,Freight Account 7055,Asia Pacific,Startup,ORD-07055,2026-08-03,5692.18,WH-CHICAGO
CUST-JOIN-7056,Freight Account 7056,Europe,Startup,ORD-07056,2026-08-03,4052.98,WH-CHICAGO
CUST-JOIN-7057,Freight Account 7057,Europe,SMB,ORD-07057,2026-08-03,1464.78,WH-MIAMI
CUST-JOIN-7058,Freight Account 7058,North America,Startup,ORD-07058,2026-08-03,7333.92,WH-CHICAGO
CUST-JOIN-7059,Freight Account 7059,Asia Pacific,Startup,ORD-07059,2026-08-03,6235.69,WH-DETROIT
CUST-JOIN-7060,Freight Account 7060,North America,Startup,ORD-07060,2026-08-03,4565.48,WH-DETROIT
CUST-JOIN-7061,Freight Account 7061,Asia Pacific,Startup,ORD-07061,2026-08-03,2758.23,WH-NEWYORK
CUST-JOIN-7062,Freight Account 7062,Asia Pacific,SMB,ORD-07062,2026-08-03,575.46,WH-DETROIT
CUST-JOIN-7063,Freight Account 7063,Europe,SMB,ORD-07063,2026-08-03,1959.21,WH-CHICAGO
CUST-JOIN-7064,Freight Account 7064,Europe,Startup,ORD-07064,2026-08-03,5667.45,WH-CHICAGO
CUST-JOIN-7065,Freight Account 7065,Asia Pacific,Startup,ORD-07065,2026-08-03,2615.19,WH-MIAMI
CUST-JOIN-7066,Freight Account 7066,Europe,SMB,ORD-07066,2026-08-03,616.18,WH-DETROIT
CUST-JOIN-7067,Freight Account 7067,North America,Enterprise,ORD-07067,2026-08-03,7835.95,WH-MIAMI
CUST-JOIN-7068,Freight Account 7068,North America,SMB,ORD-07068,2026-08-03,2750.15,WH-DETROIT
CUST-JOIN-7069,Freight Account 7069,North America,Enterprise,ORD-07069,2026-08-03,1149.06,WH-CHICAGO
CUST-JOIN-7070,Freight Account 7070,Europe,Enterprise,ORD-07070,2026-08-03,7662.48,WH-MIAMI
CUST-JOIN-7071,Freight Account 7071,North America,Startup,ORD-07071,2026-08-03,992.49,WH-CHICAGO
CUST-JOIN-7072,Freight Account 7072,Europe,Startup,ORD-07072,2026-08-03,5355.21,WH-DETROIT
CUST-JOIN-7073,Freight Account 7073,North America,Startup,ORD-07073,2026-08-04,4015.75,WH-CHICAGO
CUST-JOIN-7074,Freight Account 7074,North America,Startup,ORD-07074,2026-08-04,1803.94,WH-MIAMI
CUST-JOIN-7075,Freight Account 7075,North America,SMB,ORD-07075,2026-08-04,6241.27,WH-DETROIT
CUST-JOIN-7076,Freight Account 7076,Asia Pacific,SMB,ORD-07076,2026-08-04,1307.27,WH-DETROIT
CUST-JOIN-7077,Freight Account 7077,Asia Pacific,Startup,ORD-07077,2026-08-04,6319.88,WH-DETROIT
CUST-JOIN-7078,Freight Account 7078,North America,SMB,ORD-07078,2026-08-04,5152.87,WH-CHICAGO
CUST-JOIN-7079,Freight Account 7079,Asia Pacific,Enterprise,ORD-07079,2026-08-04,2038.05,WH-DETROIT
CUST-JOIN-7080,Freight Account 7080,Asia Pacific,SMB,ORD-07080,2026-08-04,5950.21,WH-NEWYORK
CUST-JOIN-7081,Freight Account 7081,Asia Pacific,SMB,ORD-07081,2026-08-04,6382.44,WH-NEWYORK
CUST-JOIN-7082,Freight Account 7082,Europe,Startup,ORD-07082,2026-08-04,3944.01,WH-NEWYORK
CUST-JOIN-7083,Freight Account 7083,Europe,SMB,ORD-07083,2026-08-04,3883.31,WH-DETROIT
CUST-JOIN-7084,Freight Account 7084,Asia Pacific,Startup,ORD-07084,2026-08-04,4568.58,WH-MIAMI
CUST-JOIN-7085,Freight Account 7085,Asia Pacific,Startup,ORD-07085,2026-08-04,3879.39,WH-MIAMI
CUST-JOIN-7086,Freight Account 7086,Asia Pacific,Enterprise,ORD-07086,2026-08-04,3861.98,WH-CHICAGO
CUST-JOIN-7087,Freight Account 7087,Europe,Enterprise,ORD-07087,2026-08-04,945.94,WH-CHICAGO
CUST-JOIN-7088,Freight Account 7088,Asia Pacific,SMB,ORD-07088,2026-08-04,1539.34,WH-MIAMI
CUST-JOIN-7089,Freight Account 7089,Europe,Startup,ORD-07089,2026-08-04,5444.56,WH-CHICAGO
CUST-JOIN-7090,Freight Account 7090,Europe,SMB,ORD-07090,2026-08-04,836.28,WH-NEWYORK
CUST-JOIN-7091,Freight Account 7091,North America,SMB,ORD-07091,2026-08-04,5570.16,WH-NEWYORK
CUST-JOIN-7092,Freight Account 7092,Europe,SMB,ORD-07092,2026-08-04,1993.66,WH-MIAMI
CUST-JOIN-7093,Freight Account 7093,North America,SMB,ORD-07093,2026-08-04,4385.41,WH-MIAMI
CUST-JOIN-7094,Freight Account 7094,North America,SMB,ORD-07094,2026-08-04,7689.99,WH-NEWYORK
CUST-JOIN-7095,Freight Account 7095,Europe,Startup,ORD-07095,2026-08-04,3878.15,WH-DETROIT
CUST-JOIN-7096,Freight Account 7096,Asia Pacific,SMB,ORD-07096,2026-08-04,7660.92,WH-NEWYORK
CUST-JOIN-7097,Freight Account 7097,Asia Pacific,Startup,ORD-07097,2026-08-05,544.03,WH-MIAMI
CUST-JOIN-7098,Freight Account 7098,Europe,Startup,ORD-07098,2026-08-05,5259.12,WH-DETROIT
CUST-JOIN-7099,Freight Account 7099,Asia Pacific,SMB,ORD-07099,2026-08-05,1004.4,WH-MIAMI
CUST-JOIN-7100,Freight Account 7100,North America,Enterprise,ORD-07100,2026-08-05,5526.39,WH-NEWYORK
CUST-JOIN-7101,Freight Account 7101,Asia Pacific,Startup,ORD-07101,2026-08-05,5448.0,WH-CHICAGO
CUST-JOIN-7102,Freight Account 7102,Asia Pacific,SMB,ORD-07102,2026-08-05,1345.57,WH-DETROIT
CUST-JOIN-7103,Freight Account 7103,Europe,Startup,ORD-07103,2026-08-05,2253.6,WH-CHICAGO
CUST-JOIN-7104,Freight Account 7104,North America,SMB,ORD-07104,2026-08-05,2797.72,WH-NEWYORK
CUST-JOIN-7105,Freight Account 7105,North America,Startup,ORD-07105,2026-08-05,7720.86,WH-CHICAGO
CUST-JOIN-7106,Freight Account 7106,Europe,Enterprise,ORD-07106,2026-08-05,5952.42,WH-CHICAGO
CUST-JOIN-7107,Freight Account 7107,Europe,Startup,ORD-07107,2026-08-05,659.15,WH-CHICAGO
CUST-JOIN-7108,Freight Account 7108,North America,Startup,ORD-07108,2026-08-05,4069.28,WH-NEWYORK
CUST-JOIN-7109,Freight Account 7109,Europe,SMB,ORD-07109,2026-08-05,2350.04,WH-NEWYORK
CUST-JOIN-7110,Freight Account 7110,North America,SMB,ORD-07110,2026-08-05,753.97,WH-DETROIT
CUST-JOIN-7111,Freight Account 7111,North America,Startup,ORD-07111,2026-08-05,4429.22,WH-NEWYORK
CUST-JOIN-7112,Freight Account 7112,North America,Startup,ORD-07112,2026-08-05,5656.11,WH-CHICAGO
CUST-JOIN-7113,Freight Account 7113,North America,SMB,ORD-07113,2026-08-05,4800.69,WH-CHICAGO
CUST-JOIN-7114,Freight Account 7114,Europe,SMB,ORD-07114,2026-08-05,2667.16,WH-MIAMI
CUST-JOIN-7115,Freight Account 7115,North America,Enterprise,ORD-07115,2026-08-05,5016.67,WH-NEWYORK
CUST-JOIN-7116,Freight Account 7116,Asia Pacific,SMB,ORD-07116,2026-08-05,5041.73,WH-MIAMI
CUST-JOIN-7117,Freight Account 7117,Asia Pacific,Startup,ORD-07117,2026-08-05,1663.59,WH-NEWYORK
CUST-JOIN-7118,Freight Account 7118,Asia Pacific,SMB,ORD-07118,2026-08-05,5617.4,WH-DETROIT
CUST-JOIN-7119,Freight Account 7119,North America,Startup,ORD-07119,2026-08-05,6489.59,WH-NEWYORK
CUST-JOIN-7120,Freight Account 7120,North America,SMB,ORD-07120,2026-08-05,3315.92,WH-NEWYORK
CUST-JOIN-7121,Freight Account 7121,Asia Pacific,Startup,ORD-07121,2026-08-06,5930.73,WH-NEWYORK
CUST-JOIN-7122,Freight Account 7122,Asia Pacific,Startup,ORD-07122,2026-08-06,2257.96,WH-MIAMI
CUST-JOIN-7123,Freight Account 7123,Europe,Startup,ORD-07123,2026-08-06,2449.31,WH-DETROIT
CUST-JOIN-7124,Freight Account 7124,Asia Pacific,Enterprise,ORD-07124,2026-08-06,2778.89,WH-MIAMI
CUST-JOIN-7125,Freight Account 7125,Europe,SMB,ORD-07125,2026-08-06,2405.52,WH-MIAMI
CUST-JOIN-7126,Freight Account 7126,North America,SMB,ORD-07126,2026-08-06,969.26,WH-CHICAGO
CUST-JOIN-7127,Freight Account 7127,Europe,Startup,ORD-07127,2026-08-06,2742.63,WH-MIAMI
CUST-JOIN-7128,Freight Account 7128,North America,Startup,ORD-07128,2026-08-06,2721.42,WH-NEWYORK
CUST-JOIN-7129,Freight Account 7129,North America,Startup,ORD-07129,2026-08-06,4687.17,WH-NEWYORK
CUST-JOIN-7130,Freight Account 7130,Asia Pacific,Startup,ORD-07130,2026-08-06,3680.86,WH-NEWYORK
CUST-JOIN-7131,Freight Account 7131,Asia Pacific,SMB,ORD-07131,2026-08-06,7763.17,WH-CHICAGO
CUST-JOIN-7132,Freight Account 7132,North America,SMB,ORD-07132,2026-08-06,7292.0,WH-MIAMI
CUST-JOIN-7133,Freight Account 7133,Asia Pacific,SMB,ORD-07133,2026-08-06,538.19,WH-CHICAGO
CUST-JOIN-7134,Freight Account 7134,Asia Pacific,SMB,ORD-07134,2026-08-06,7396.79,WH-CHICAGO
CUST-JOIN-7135,Freight Account 7135,Europe,Startup,ORD-07135,2026-08-06,1815.2,WH-NEWYORK
CUST-JOIN-7136,Freight Account 7136,Asia Pacific,SMB,ORD-07136,2026-08-06,1464.12,WH-DETROIT
CUST-JOIN-7137,Freight Account 7137,Europe,Startup,ORD-07137,2026-08-06,4148.54,WH-CHICAGO
CUST-JOIN-7138,Freight Account 7138,North America,Enterprise,ORD-07138,2026-08-06,5022.59,WH-CHICAGO
CUST-JOIN-7139,Freight Account 7139,Asia Pacific,Startup,ORD-07139,2026-08-06,6712.55,WH-DETROIT
CUST-JOIN-7140,Freight Account 7140,North America,SMB,ORD-07140,2026-08-06,7574.77,WH-NEWYORK
CUST-JOIN-7141,Freight Account 7141,Asia Pacific,SMB,ORD-07141,2026-08-06,2484.27,WH-MIAMI
CUST-JOIN-7142,Freight Account 7142,North America,Startup,ORD-07142,2026-08-06,5517.77,WH-MIAMI
CUST-JOIN-7143,Freight Account 7143,North America,Startup,ORD-07143,2026-08-06,4037.13,WH-CHICAGO
CUST-JOIN-7144,Freight Account 7144,North America,Startup,ORD-07144,2026-08-06,5396.96,WH-MIAMI
CUST-JOIN-7145,Freight Account 7145,North America,SMB,ORD-07145,2026-08-07,296.06,WH-DETROIT
CUST-JOIN-7146,Freight Account 7146,Asia Pacific,Startup,ORD-07146,2026-08-07,4749.78,WH-MIAMI
CUST-JOIN-7147,Freight Account 7147,Europe,Startup,ORD-07147,2026-08-07,3210.52,WH-DETROIT
CUST-JOIN-7148,Freight Account 7148,Asia Pacific,SMB,ORD-07148,2026-08-07,5384.9,WH-NEWYORK
CUST-JOIN-7149,Freight Account 7149,North America,Startup,ORD-07149,2026-08-07,4663.48,WH-CHICAGO
CUST-JOIN-7150,Freight Account 7150,Asia Pacific,Startup,ORD-07150,2026-08-07,1060.79,WH-NEWYORK
CUST-JOIN-7151,Freight Account 7151,North America,SMB,ORD-07151,2026-08-07,5839.77,WH-DETROIT
CUST-JOIN-7152,Freight Account 7152,Asia Pacific,Startup,ORD-07152,2026-08-07,7695.15,WH-DETROIT
CUST-JOIN-7153,Freight Account 7153,North America,Startup,ORD-07153,2026-08-07,4027.66,WH-DETROIT
CUST-JOIN-7154,Freight Account 7154,Europe,Startup,ORD-07154,2026-08-07,7468.97,WH-MIAMI
CUST-JOIN-7155,Freight Account 7155,North America,Startup,ORD-07155,2026-08-07,3191.17,WH-MIAMI
CUST-JOIN-7156,Freight Account 7156,Europe,SMB,ORD-07156,2026-08-07,6118.59,WH-CHICAGO
CUST-JOIN-7157,Freight Account 7157,Asia Pacific,SMB,ORD-07157,2026-08-07,5808.33,WH-MIAMI
CUST-JOIN-7158,Freight Account 7158,Asia Pacific,SMB,ORD-07158,2026-08-07,3123.82,WH-CHICAGO
CUST-JOIN-7159,Freight Account 7159,North America,SMB,ORD-07159,2026-08-07,6298.5,WH-CHICAGO
CUST-JOIN-7160,Freight Account 7160,Europe,Startup,ORD-07160,2026-08-07,5653.77,WH-NEWYORK
CUST-JOIN-7161,Freight Account 7161,North America,SMB,ORD-07161,2026-08-07,864.2,WH-DETROIT
CUST-JOIN-7162,Freight Account 7162,North America,Startup,ORD-07162,2026-08-07,961.5,WH-MIAMI
CUST-JOIN-7163,Freight Account 7163,Europe,Startup,ORD-07163,2026-08-07,7952.95,WH-CHICAGO
CUST-JOIN-7164,Freight Account 7164,North America,Startup,ORD-07164,2026-08-07,5100.91,WH-MIAMI
CUST-JOIN-7165,Freight Account 7165,Europe,Startup,ORD-07165,2026-08-07,777.99,WH-MIAMI
CUST-JOIN-7166,Freight Account 7166,North America,SMB,ORD-07166,2026-08-07,1976.07,WH-MIAMI
CUST-JOIN-7167,Freight Account 7167,Asia Pacific,Startup,ORD-07167,2026-08-07,3343.53,WH-NEWYORK
CUST-JOIN-7168,Freight Account 7168,Europe,SMB,ORD-07168,2026-08-07,4302.2,WH-DETROIT
CUST-JOIN-7169,Freight Account 7169,North America,Startup,ORD-07169,2026-08-08,6341.06,WH-MIAMI
CUST-JOIN-7170,Freight Account 7170,Asia Pacific,Startup,ORD-07170,2026-08-08,3182.27,WH-NEWYORK
CUST-JOIN-7171,Freight Account 7171,Asia Pacific,SMB,ORD-07171,2026-08-08,4507.26,WH-CHICAGO
CUST-JOIN-7172,Freight Account 7172,North America,Startup,ORD-07172,2026-08-08,2338.78,WH-MIAMI
CUST-JOIN-7173,Freight Account 7173,Europe,Startup,ORD-07173,2026-08-08,6792.64,WH-CHICAGO
CUST-JOIN-7174,Freight Account 7174,North America,SMB,ORD-07174,2026-08-08,2930.55,WH-DETROIT
CUST-JOIN-7175,Freight Account 7175,Europe,SMB,ORD-07175,2026-08-08,5703.39,WH-NEWYORK
CUST-JOIN-7176,Freight Account 7176,Asia Pacific,SMB,ORD-07176,2026-08-08,6890.04,WH-NEWYORK
CUST-JOIN-7177,Freight Account 7177,Europe,SMB,ORD-07177,2026-08-08,1499.13,WH-CHICAGO
CUST-JOIN-7178,Freight Account 7178,Europe,Startup,ORD-07178,2026-08-08,3235.09,WH-NEWYORK
CUST-JOIN-7179,Freight Account 7179,Europe,SMB,ORD-07179,2026-08-08,3785.6,WH-MIAMI
CUST-JOIN-7180,Freight Account 7180,Asia Pacific,Startup,ORD-07180,2026-08-08,523.55,WH-DETROIT
CUST-JOIN-7181,Freight Account 7181,Europe,Startup,ORD-07181,2026-08-08,5247.31,WH-MIAMI
CUST-JOIN-7182,Freight Account 7182,North America,Startup,ORD-07182,2026-08-08,4789.54,WH-CHICAGO
CUST-JOIN-7183,Freight Account 7183,Europe,SMB,ORD-07183,2026-08-08,6081.35,WH-MIAMI
CUST-JOIN-7184,Freight Account 7184,Asia Pacific,Startup,ORD-07184,2026-08-08,6085.3,WH-NEWYORK
CUST-JOIN-7185,Freight Account 7185,Europe,SMB,ORD-07185,2026-08-08,3902.13,WH-MIAMI
CUST-JOIN-7186,Freight Account 7186,Europe,Startup,ORD-07186,2026-08-08,3498.01,WH-MIAMI
CUST-JOIN-7187,Freight Account 7187,Europe,Startup,ORD-07187,2026-08-08,2173.5,WH-MIAMI
CUST-JOIN-7188,Freight Account 7188,Asia Pacific,Startup,ORD-07188,2026-08-08,2206.45,WH-MIAMI
CUST-JOIN-7189,Freight Account 7189,Europe,Startup,ORD-07189,2026-08-08,1393.68,WH-DETROIT
CUST-JOIN-7190,Freight Account 7190,Asia Pacific,Startup,ORD-07190,2026-08-08,791.03,WH-MIAMI
CUST-JOIN-7191,Freight Account 7191,North America,Enterprise,ORD-07191,2026-08-08,6101.65,WH-NEWYORK
CUST-JOIN-7192,Freight Account 7192,North America,Startup,ORD-07192,2026-08-08,7707.17,WH-MIAMI
CUST-JOIN-7193,Freight Account 7193,Europe,Startup,ORD-07193,2026-08-09,7153.38,WH-MIAMI
CUST-JOIN-7194,Freight Account 7194,North America,SMB,ORD-07194,2026-08-09,1961.23,WH-DETROIT
CUST-JOIN-7195,Freight Account 7195,North America,Startup,ORD-07195,2026-08-09,6075.34,WH-DETROIT
CUST-JOIN-7196,Freight Account 7196,North America,Startup,ORD-07196,2026-08-09,1187.8,WH-MIAMI
CUST-JOIN-7197,Freight Account 7197,Europe,Startup,ORD-07197,2026-08-09,7152.93,WH-CHICAGO
CUST-JOIN-7198,Freight Account 7198,North America,Startup,ORD-07198,2026-08-09,7961.13,WH-NEWYORK
CUST-JOIN-7199,Freight Account 7199,Europe,Startup,ORD-07199,2026-08-09,7956.3,WH-MIAMI
CUST-JOIN-7200,Freight Account 7200,Asia Pacific,Startup,ORD-07200,2026-08-09,2789.17,WH-CHICAGO
CUST-JOIN-7201,Freight Account 7201,Europe,SMB,ORD-07201,2026-08-09,6318.43,WH-MIAMI
CUST-JOIN-7202,Freight Account 7202,North America,Startup,ORD-07202,2026-08-09,5646.48,WH-DETROIT
CUST-JOIN-7203,Freight Account 7203,North America,SMB,ORD-07203,2026-08-09,2884.3,WH-NEWYORK
CUST-JOIN-7204,Freight Account 7204,North America,SMB,ORD-07204,2026-08-09,3357.9,WH-MIAMI
CUST-JOIN-7205,Freight Account 7205,North America,SMB,ORD-07205,2026-08-09,3936.66,WH-CHICAGO
CUST-JOIN-7206,Freight Account 7206,Europe,Startup,ORD-07206,2026-08-09,5652.23,WH-CHICAGO
CUST-JOIN-7207,Freight Account 7207,North America,SMB,ORD-07207,2026-08-09,6686.33,WH-DETROIT
CUST-JOIN-7208,Freight Account 7208,Europe,SMB,ORD-07208,2026-08-09,7200.49,WH-CHICAGO
CUST-JOIN-7209,Freight Account 7209,Asia Pacific,Startup,ORD-07209,2026-08-09,7008.45,WH-MIAMI
CUST-JOIN-7210,Freight Account 7210,Europe,SMB,ORD-07210,2026-08-09,7798.51,WH-CHICAGO
CUST-JOIN-7211,Freight Account 7211,North America,SMB,ORD-07211,2026-08-09,1147.92,WH-NEWYORK
CUST-JOIN-7212,Freight Account 7212,North America,SMB,ORD-07212,2026-08-09,6598.2,WH-NEWYORK
CUST-JOIN-7213,Freight Account 7213,Asia Pacific,Enterprise,ORD-07213,2026-08-09,4455.04,WH-DETROIT
CUST-JOIN-7214,Freight Account 7214,Europe,Enterprise,ORD-07214,2026-08-09,5567.09,WH-DETROIT
CUST-JOIN-7215,Freight Account 7215,Asia Pacific,Startup,ORD-07215,2026-08-09,5574.56,WH-MIAMI
CUST-JOIN-7216,Freight Account 7216,North America,Startup,ORD-07216,2026-08-09,1270.52,WH-MIAMI
CUST-JOIN-7217,Freight Account 7217,Asia Pacific,Startup,ORD-07217,2026-08-10,6534.68,WH-NEWYORK
CUST-JOIN-7218,Freight Account 7218,Europe,SMB,ORD-07218,2026-08-10,7900.26,WH-CHICAGO
CUST-JOIN-7219,Freight Account 7219,North America,SMB,ORD-07219,2026-08-10,4594.64,WH-DETROIT
CUST-JOIN-7220,Freight Account 7220,Europe,Startup,ORD-07220,2026-08-10,1550.71,WH-NEWYORK
CUST-JOIN-7221,Freight Account 7221,Asia Pacific,Startup,ORD-07221,2026-08-10,242.04,WH-NEWYORK
CUST-JOIN-7222,Freight Account 7222,North America,SMB,ORD-07222,2026-08-10,4487.76,WH-CHICAGO
CUST-JOIN-7223,Freight Account 7223,Europe,SMB,ORD-07223,2026-08-10,911.38,WH-DETROIT
CUST-JOIN-7224,Freight Account 7224,North America,Startup,ORD-07224,2026-08-10,3546.26,WH-NEWYORK
CUST-JOIN-7225,Freight Account 7225,Asia Pacific,SMB,ORD-07225,2026-08-10,4704.65,WH-DETROIT
CUST-JOIN-7226,Freight Account 7226,Asia Pacific,SMB,ORD-07226,2026-08-10,4854.06,WH-CHICAGO
CUST-JOIN-7227,Freight Account 7227,Asia Pacific,Startup,ORD-07227,2026-08-10,1698.94,WH-MIAMI
CUST-JOIN-7228,Freight Account 7228,Asia Pacific,Enterprise,ORD-07228,2026-08-10,4397.66,WH-CHICAGO
CUST-JOIN-7229,Freight Account 7229,North America,SMB,ORD-07229,2026-08-10,6006.94,WH-CHICAGO
CUST-JOIN-7230,Freight Account 7230,North America,SMB,ORD-07230,2026-08-10,1154.36,WH-CHICAGO
CUST-JOIN-7231,Freight Account 7231,Asia Pacific,Startup,ORD-07231,2026-08-10,4650.48,WH-CHICAGO
CUST-JOIN-7232,Freight Account 7232,North America,SMB,ORD-07232,2026-08-10,747.69,WH-MIAMI
CUST-JOIN-7233,Freight Account 7233,North America,SMB,ORD-07233,2026-08-10,478.81,WH-NEWYORK
CUST-JOIN-7234,Freight Account 7234,Asia Pacific,Startup,ORD-07234,2026-08-10,1611.62,WH-CHICAGO
CUST-JOIN-7235,Freight Account 7235,Europe,Startup,ORD-07235,2026-08-10,7350.15,WH-NEWYORK
CUST-JOIN-7236,Freight Account 7236,Europe,Startup,ORD-07236,2026-08-10,4997.07,WH-CHICAGO
CUST-JOIN-7237,Freight Account 7237,North America,Startup,ORD-07237,2026-08-10,5436.42,WH-CHICAGO
CUST-JOIN-7238,Freight Account 7238,North America,Startup,ORD-07238,2026-08-10,2880.77,WH-CHICAGO
CUST-JOIN-7239,Freight Account 7239,Asia Pacific,SMB,ORD-07239,2026-08-10,635.85,WH-DETROIT
CUST-JOIN-7240,Freight Account 7240,Asia Pacific,SMB,ORD-07240,2026-08-10,2798.22,WH-DETROIT
CUST-JOIN-7241,Freight Account 7241,Asia Pacific,Startup,ORD-07241,2026-08-11,5225.18,WH-MIAMI
CUST-JOIN-7242,Freight Account 7242,North America,Enterprise,ORD-07242,2026-08-11,3972.26,WH-MIAMI
CUST-JOIN-7243,Freight Account 7243,Asia Pacific,SMB,ORD-07243,2026-08-11,7652.58,WH-DETROIT
CUST-JOIN-7244,Freight Account 7244,Asia Pacific,SMB,ORD-07244,2026-08-11,1012.32,WH-MIAMI
CUST-JOIN-7245,Freight Account 7245,Europe,SMB,ORD-07245,2026-08-11,5568.26,WH-CHICAGO
CUST-JOIN-7246,Freight Account 7246,North America,SMB,ORD-07246,2026-08-11,2286.5,WH-CHICAGO
CUST-JOIN-7247,Freight Account 7247,North America,Startup,ORD-07247,2026-08-11,1626.88,WH-MIAMI
CUST-JOIN-7248,Freight Account 7248,Europe,Startup,ORD-07248,2026-08-11,6778.53,WH-NEWYORK
CUST-JOIN-7249,Freight Account 7249,Europe,Startup,ORD-07249,2026-08-11,3809.45,WH-NEWYORK
CUST-JOIN-7250,Freight Account 7250,Europe,SMB,ORD-07250,2026-08-11,1060.78,WH-CHICAGO
CUST-JOIN-7251,Freight Account 7251,Europe,SMB,ORD-07251,2026-08-11,7376.65,WH-CHICAGO
CUST-JOIN-7252,Freight Account 7252,Europe,Startup,ORD-07252,2026-08-11,7232.84,WH-MIAMI
CUST-JOIN-7253,Freight Account 7253,Asia Pacific,Enterprise,ORD-07253,2026-08-11,5489.28,WH-DETROIT
CUST-JOIN-7254,Freight Account 7254,North America,Startup,ORD-07254,2026-08-11,6758.99,WH-DETROIT
CUST-JOIN-7255,Freight Account 7255,Asia Pacific,Startup,ORD-07255,2026-08-11,390.02,WH-MIAMI
CUST-JOIN-7256,Freight Account 7256,Asia Pacific,Startup,ORD-07256,2026-08-11,6295.15,WH-DETROIT
CUST-JOIN-7257,Freight Account 7257,Asia Pacific,Startup,ORD-07257,2026-08-11,3039.12,WH-CHICAGO
CUST-JOIN-7258,Freight Account 7258,North America,SMB,ORD-07258,2026-08-11,7094.59,WH-MIAMI
CUST-JOIN-7259,Freight Account 7259,Europe,SMB,ORD-07259,2026-08-11,7328.38,WH-CHICAGO
CUST-JOIN-7260,Freight Account 7260,Europe,Startup,ORD-07260,2026-08-11,5671.61,WH-CHICAGO
CUST-JOIN-7261,Freight Account 7261,Asia Pacific,Enterprise,ORD-07261,2026-08-11,4915.56,WH-CHICAGO
CUST-JOIN-7262,Freight Account 7262,North America,Startup,ORD-07262,2026-08-11,1910.77,WH-NEWYORK
CUST-JOIN-7263,Freight Account 7263,Asia Pacific,SMB,ORD-07263,2026-08-11,4648.62,WH-MIAMI
CUST-JOIN-7264,Freight Account 7264,Asia Pacific,SMB,ORD-07264,2026-08-11,1234.82,WH-NEWYORK
CUST-JOIN-7265,Freight Account 7265,Asia Pacific,Startup,ORD-07265,2026-08-12,1443.78,WH-NEWYORK
CUST-JOIN-7266,Freight Account 7266,Europe,SMB,ORD-07266,2026-08-12,4529.39,WH-MIAMI
CUST-JOIN-7267,Freight Account 7267,Europe,Enterprise,ORD-07267,2026-08-12,4763.19,WH-CHICAGO
CUST-JOIN-7268,Freight Account 7268,Europe,Startup,ORD-07268,2026-08-12,3650.18,WH-NEWYORK
CUST-JOIN-7269,Freight Account 7269,Asia Pacific,SMB,ORD-07269,2026-08-12,2154.61,WH-NEWYORK
CUST-JOIN-7270,Freight Account 7270,North America,SMB,ORD-07270,2026-08-12,2354.89,WH-NEWYORK
CUST-JOIN-7271,Freight Account 7271,Europe,Startup,ORD-07271,2026-08-12,7637.29,WH-DETROIT
CUST-JOIN-7272,Freight Account 7272,Asia Pacific,SMB,ORD-07272,2026-08-12,1223.22,WH-MIAMI
CUST-JOIN-7273,Freight Account 7273,North America,Startup,ORD-07273,2026-08-12,3673.84,WH-MIAMI
CUST-JOIN-7274,Freight Account 7274,Europe,Enterprise,ORD-07274,2026-08-12,1720.63,WH-MIAMI
CUST-JOIN-7275,Freight Account 7275,North America,Startup,ORD-07275,2026-08-12,662.14,WH-DETROIT
CUST-JOIN-7276,Freight Account 7276,North America,SMB,ORD-07276,2026-08-12,3554.13,WH-CHICAGO
CUST-JOIN-7277,Freight Account 7277,Europe,SMB,ORD-07277,2026-08-12,7595.1,WH-CHICAGO
CUST-JOIN-7278,Freight Account 7278,Europe,Startup,ORD-07278,2026-08-12,2330.31,WH-DETROIT
CUST-JOIN-7279,Freight Account 7279,North America,SMB,ORD-07279,2026-08-12,6962.88,WH-DETROIT
CUST-JOIN-7280,Freight Account 7280,North America,SMB,ORD-07280,2026-08-12,4098.31,WH-CHICAGO
CUST-JOIN-7281,Freight Account 7281,Europe,Enterprise,ORD-07281,2026-08-12,7241.66,WH-NEWYORK
CUST-JOIN-7282,Freight Account 7282,Asia Pacific,SMB,ORD-07282,2026-08-12,7360.04,WH-CHICAGO
CUST-JOIN-7283,Freight Account 7283,Asia Pacific,Enterprise,ORD-07283,2026-08-12,5322.29,WH-NEWYORK
CUST-JOIN-7284,Freight Account 7284,Asia Pacific,Enterprise,ORD-07284,2026-08-12,5171.6,WH-NEWYORK
CUST-JOIN-7285,Freight Account 7285,Europe,Startup,ORD-07285,2026-08-12,1440.07,WH-CHICAGO
CUST-JOIN-7286,Freight Account 7286,North America,Startup,ORD-07286,2026-08-12,1273.1,WH-NEWYORK
CUST-JOIN-7287,Freight Account 7287,Asia Pacific,SMB,ORD-07287,2026-08-12,1371.35,WH-MIAMI
CUST-JOIN-7288,Freight Account 7288,Europe,Startup,ORD-07288,2026-08-12,6851.82,WH-MIAMI
CUST-JOIN-7289,Freight Account 7289,Europe,SMB,ORD-07289,2026-08-13,6516.77,WH-MIAMI
CUST-JOIN-7290,Freight Account 7290,Europe,Startup,ORD-07290,2026-08-13,6600.67,WH-CHICAGO
CUST-JOIN-7291,Freight Account 7291,North America,SMB,ORD-07291,2026-08-13,339.42,WH-DETROIT
CUST-JOIN-7292,Freight Account 7292,North America,Startup,ORD-07292,2026-08-13,4981.99,WH-CHICAGO
CUST-JOIN-7293,Freight Account 7293,Asia Pacific,Startup,ORD-07293,2026-08-13,3847.74,WH-NEWYORK
CUST-JOIN-7294,Freight Account 7294,Europe,Startup,ORD-07294,2026-08-13,7458.91,WH-CHICAGO
CUST-JOIN-7295,Freight Account 7295,Europe,Startup,ORD-07295,2026-08-13,3134.77,WH-DETROIT
CUST-JOIN-7296,Freight Account 7296,Asia Pacific,Startup,ORD-07296,2026-08-13,7448.36,WH-DETROIT
CUST-JOIN-7297,Freight Account 7297,Europe,SMB,ORD-07297,2026-08-13,2620.29,WH-DETROIT
CUST-JOIN-7298,Freight Account 7298,North America,Startup,ORD-07298,2026-08-13,4877.93,WH-MIAMI
CUST-JOIN-7299,Freight Account 7299,Europe,Startup,ORD-07299,2026-08-13,6011.7,WH-MIAMI
CUST-JOIN-7300,Freight Account 7300,Asia Pacific,Enterprise,ORD-07300,2026-08-13,4000.16,WH-MIAMI
CUST-JOIN-7301,Freight Account 7301,Asia Pacific,Startup,ORD-07301,2026-08-13,5802.81,WH-CHICAGO
CUST-JOIN-7302,Freight Account 7302,North America,SMB,ORD-07302,2026-08-13,7455.86,WH-MIAMI
CUST-JOIN-7303,Freight Account 7303,Asia Pacific,Startup,ORD-07303,2026-08-13,376.07,WH-MIAMI
CUST-JOIN-7304,Freight Account 7304,Europe,SMB,ORD-07304,2026-08-13,6412.22,WH-CHICAGO
CUST-JOIN-7305,Freight Account 7305,Asia Pacific,SMB,ORD-07305,2026-08-13,639.93,WH-CHICAGO
CUST-JOIN-7306,Freight Account 7306,North America,Startup,ORD-07306,2026-08-13,3152.15,WH-DETROIT
CUST-JOIN-7307,Freight Account 7307,Asia Pacific,SMB,ORD-07307,2026-08-13,721.73,WH-DETROIT
CUST-JOIN-7308,Freight Account 7308,North America,SMB,ORD-07308,2026-08-13,238.08,WH-CHICAGO
CUST-JOIN-7309,Freight Account 7309,North America,Startup,ORD-07309,2026-08-13,2194.88,WH-DETROIT
CUST-JOIN-7310,Freight Account 7310,Europe,SMB,ORD-07310,2026-08-13,3644.91,WH-CHICAGO
CUST-JOIN-7311,Freight Account 7311,Europe,SMB,ORD-07311,2026-08-13,7615.8,WH-DETROIT
CUST-JOIN-7312,Freight Account 7312,Europe,SMB,ORD-07312,2026-08-13,6977.41,WH-CHICAGO
CUST-JOIN-7313,Freight Account 7313,Asia Pacific,SMB,ORD-07313,2026-08-14,7625.89,WH-DETROIT
CUST-JOIN-7314,Freight Account 7314,Asia Pacific,SMB,ORD-07314,2026-08-14,4493.89,WH-NEWYORK
CUST-JOIN-7315,Freight Account 7315,Europe,Enterprise,ORD-07315,2026-08-14,6749.58,WH-NEWYORK
CUST-JOIN-7316,Freight Account 7316,Asia Pacific,Startup,ORD-07316,2026-08-14,6173.61,WH-DETROIT
CUST-JOIN-7317,Freight Account 7317,Asia Pacific,SMB,ORD-07317,2026-08-14,5547.93,WH-DETROIT
CUST-JOIN-7318,Freight Account 7318,Europe,Startup,ORD-07318,2026-08-14,1879.55,WH-MIAMI
CUST-JOIN-7319,Freight Account 7319,Asia Pacific,SMB,ORD-07319,2026-08-14,2005.85,WH-MIAMI
CUST-JOIN-7320,Freight Account 7320,North America,Startup,ORD-07320,2026-08-14,1309.6,WH-CHICAGO
CUST-JOIN-7321,Freight Account 7321,Europe,SMB,ORD-07321,2026-08-14,3121.51,WH-MIAMI
CUST-JOIN-7322,Freight Account 7322,Asia Pacific,SMB,ORD-07322,2026-08-14,7183.86,WH-DETROIT
CUST-JOIN-7323,Freight Account 7323,North America,SMB,ORD-07323,2026-08-14,265.18,WH-DETROIT
CUST-JOIN-7324,Freight Account 7324,Europe,Startup,ORD-07324,2026-08-14,3517.44,WH-DETROIT
CUST-JOIN-7325,Freight Account 7325,North America,Startup,ORD-07325,2026-08-14,680.28,WH-MIAMI
CUST-JOIN-7326,Freight Account 7326,Asia Pacific,SMB,ORD-07326,2026-08-14,5781.24,WH-NEWYORK
CUST-JOIN-7327,Freight Account 7327,Europe,Startup,ORD-07327,2026-08-14,295.41,WH-NEWYORK
CUST-JOIN-7328,Freight Account 7328,Asia Pacific,SMB,ORD-07328,2026-08-14,459.36,WH-MIAMI
CUST-JOIN-7329,Freight Account 7329,North America,SMB,ORD-07329,2026-08-14,3838.97,WH-CHICAGO
CUST-JOIN-7330,Freight Account 7330,North America,Startup,ORD-07330,2026-08-14,2257.92,WH-NEWYORK
CUST-JOIN-7331,Freight Account 7331,Europe,Startup,ORD-07331,2026-08-14,4606.27,WH-CHICAGO
CUST-JOIN-7332,Freight Account 7332,North America,Enterprise,ORD-07332,2026-08-14,3908.99,WH-NEWYORK
CUST-JOIN-7333,Freight Account 7333,North America,Startup,ORD-07333,2026-08-14,7896.96,WH-DETROIT
CUST-JOIN-7334,Freight Account 7334,Europe,Startup,ORD-07334,2026-08-14,2694.4,WH-CHICAGO
CUST-JOIN-7335,Freight Account 7335,North America,Enterprise,ORD-07335,2026-08-14,1485.38,WH-CHICAGO
CUST-JOIN-7336,Freight Account 7336,Asia Pacific,SMB,ORD-07336,2026-08-14,1842.25,WH-CHICAGO
CUST-JOIN-7337,Freight Account 7337,Europe,SMB,ORD-07337,2026-08-15,2654.74,WH-DETROIT
CUST-JOIN-7338,Freight Account 7338,Asia Pacific,Enterprise,ORD-07338,2026-08-15,905.24,WH-NEWYORK
CUST-JOIN-7339,Freight Account 7339,Europe,Startup,ORD-07339,2026-08-15,1855.42,WH-NEWYORK
CUST-JOIN-7340,Freight Account 7340,North America,Startup,ORD-07340,2026-08-15,3409.77,WH-DETROIT
CUST-JOIN-7341,Freight Account 7341,Asia Pacific,Startup,ORD-07341,2026-08-15,5671.28,WH-NEWYORK
CUST-JOIN-7342,Freight Account 7342,Asia Pacific,SMB,ORD-07342,2026-08-15,3630.98,WH-NEWYORK
CUST-JOIN-7343,Freight Account 7343,North America,Startup,ORD-07343,2026-08-15,818.56,WH-NEWYORK
CUST-JOIN-7344,Freight Account 7344,Europe,SMB,ORD-07344,2026-08-15,1145.74,WH-DETROIT
CUST-JOIN-7345,Freight Account 7345,Asia Pacific,Startup,ORD-07345,2026-08-15,3886.42,WH-NEWYORK
CUST-JOIN-7346,Freight Account 7346,North America,SMB,ORD-07346,2026-08-15,2532.4,WH-MIAMI
CUST-JOIN-7347,Freight Account 7347,Asia Pacific,SMB,ORD-07347,2026-08-15,1485.49,WH-NEWYORK
CUST-JOIN-7348,Freight Account 7348,North America,Startup,ORD-07348,2026-08-15,3593.64,WH-DETROIT
CUST-JOIN-7349,Freight Account 7349,Europe,SMB,ORD-07349,2026-08-15,7852.05,WH-NEWYORK
CUST-JOIN-7350,Freight Account 7350,North America,SMB,ORD-07350,2026-08-15,1176.86,WH-CHICAGO
CUST-JOIN-7351,Freight Account 7351,Europe,SMB,ORD-07351,2026-08-15,2522.62,WH-NEWYORK
CUST-JOIN-7352,Freight Account 7352,Europe,Startup,ORD-07352,2026-08-15,2418.41,WH-DETROIT
CUST-JOIN-7353,Freight Account 7353,Europe,SMB,ORD-07353,2026-08-15,6646.93,WH-NEWYORK
CUST-JOIN-7354,Freight Account 7354,North America,Startup,ORD-07354,2026-08-15,400.38,WH-CHICAGO
CUST-JOIN-7355,Freight Account 7355,North America,Startup,ORD-07355,2026-08-15,380.82,WH-DETROIT
CUST-JOIN-7356,Freight Account 7356,North America,Startup,ORD-07356,2026-08-15,6907.75,WH-DETROIT
CUST-JOIN-7357,Freight Account 7357,Europe,Enterprise,ORD-07357,2026-08-15,2644.06,WH-CHICAGO
CUST-JOIN-7358,Freight Account 7358,Europe,SMB,ORD-07358,2026-08-15,5242.79,WH-CHICAGO
CUST-JOIN-7359,Freight Account 7359,Europe,SMB,ORD-07359,2026-08-15,3596.04,WH-NEWYORK
CUST-JOIN-7360,Freight Account 7360,Asia Pacific,Startup,ORD-07360,2026-08-15,4164.5,WH-MIAMI
CUST-JOIN-7361,Freight Account 7361,North America,Enterprise,ORD-07361,2026-08-16,1253.68,WH-CHICAGO
CUST-JOIN-7362,Freight Account 7362,North America,SMB,ORD-07362,2026-08-16,1199.09,WH-MIAMI
CUST-JOIN-7363,Freight Account 7363,North America,Startup,ORD-07363,2026-08-16,1925.22,WH-DETROIT
CUST-JOIN-7364,Freight Account 7364,Europe,SMB,ORD-07364,2026-08-16,4409.87,WH-NEWYORK
CUST-JOIN-7365,Freight Account 7365,North America,Startup,ORD-07365,2026-08-16,2433.95,WH-NEWYORK
CUST-JOIN-7366,Freight Account 7366,Asia Pacific,Startup,ORD-07366,2026-08-16,5205.19,WH-MIAMI
CUST-JOIN-7367,Freight Account 7367,North America,Startup,ORD-07367,2026-08-16,4749.59,WH-CHICAGO
CUST-JOIN-7368,Freight Account 7368,Asia Pacific,Startup,ORD-07368,2026-08-16,6560.19,WH-DETROIT
CUST-JOIN-7369,Freight Account 7369,North America,SMB,ORD-07369,2026-08-16,4578.54,WH-DETROIT
CUST-JOIN-7370,Freight Account 7370,Asia Pacific,SMB,ORD-07370,2026-08-16,3902.42,WH-CHICAGO
CUST-JOIN-7371,Freight Account 7371,North America,Startup,ORD-07371,2026-08-16,4788.44,WH-MIAMI
CUST-JOIN-7372,Freight Account 7372,Asia Pacific,SMB,ORD-07372,2026-08-16,6816.52,WH-MIAMI
CUST-JOIN-7373,Freight Account 7373,Europe,Startup,ORD-07373,2026-08-16,3061.27,WH-NEWYORK
CUST-JOIN-7374,Freight Account 7374,North America,SMB,ORD-07374,2026-08-16,3594.82,WH-NEWYORK
CUST-JOIN-7375,Freight Account 7375,Asia Pacific,Startup,ORD-07375,2026-08-16,4565.63,WH-CHICAGO
CUST-JOIN-7376,Freight Account 7376,Asia Pacific,Startup,ORD-07376,2026-08-16,6707.53,WH-MIAMI
CUST-JOIN-7377,Freight Account 7377,Europe,Enterprise,ORD-07377,2026-08-16,3326.51,WH-MIAMI
CUST-JOIN-7378,Freight Account 7378,North America,SMB,ORD-07378,2026-08-16,3511.4,WH-DETROIT
CUST-JOIN-7379,Freight Account 7379,Asia Pacific,Startup,ORD-07379,2026-08-16,5561.82,WH-DETROIT
CUST-JOIN-7380,Freight Account 7380,Asia Pacific,Startup,ORD-07380,2026-08-16,2438.52,WH-CHICAGO
CUST-JOIN-7381,Freight Account 7381,North America,SMB,ORD-07381,2026-08-16,4260.98,WH-CHICAGO
CUST-JOIN-7382,Freight Account 7382,North America,Startup,ORD-07382,2026-08-16,438.02,WH-MIAMI
CUST-JOIN-7383,Freight Account 7383,Europe,Startup,ORD-07383,2026-08-16,3390.53,WH-CHICAGO
CUST-JOIN-7384,Freight Account 7384,North America,Startup,ORD-07384,2026-08-16,4274.49,WH-CHICAGO
CUST-JOIN-7385,Freight Account 7385,North America,Enterprise,ORD-07385,2026-08-17,2774.91,WH-CHICAGO
CUST-JOIN-7386,Freight Account 7386,Asia Pacific,SMB,ORD-07386,2026-08-17,6357.49,WH-DETROIT
CUST-JOIN-7387,Freight Account 7387,North America,SMB,ORD-07387,2026-08-17,4784.54,WH-CHICAGO
CUST-JOIN-7388,Freight Account 7388,Asia Pacific,SMB,ORD-07388,2026-08-17,6971.94,WH-MIAMI
CUST-JOIN-7389,Freight Account 7389,Europe,Startup,ORD-07389,2026-08-17,7068.8,WH-NEWYORK
CUST-JOIN-7390,Freight Account 7390,North America,Startup,ORD-07390,2026-08-17,2920.4,WH-NEWYORK
CUST-JOIN-7391,Freight Account 7391,North America,Startup,ORD-07391,2026-08-17,2259.68,WH-DETROIT
CUST-JOIN-7392,Freight Account 7392,Europe,Startup,ORD-07392,2026-08-17,1476.44,WH-DETROIT
CUST-JOIN-7393,Freight Account 7393,Europe,Startup,ORD-07393,2026-08-17,4481.31,WH-MIAMI
CUST-JOIN-7394,Freight Account 7394,North America,Startup,ORD-07394,2026-08-17,4882.16,WH-MIAMI
CUST-JOIN-7395,Freight Account 7395,Europe,Startup,ORD-07395,2026-08-17,5500.16,WH-DETROIT
CUST-JOIN-7396,Freight Account 7396,North America,Enterprise,ORD-07396,2026-08-17,867.95,WH-CHICAGO
CUST-JOIN-7397,Freight Account 7397,North America,SMB,ORD-07397,2026-08-17,7108.17,WH-CHICAGO
CUST-JOIN-7398,Freight Account 7398,Asia Pacific,Enterprise,ORD-07398,2026-08-17,2757.18,WH-MIAMI
CUST-JOIN-7399,Freight Account 7399,North America,SMB,ORD-07399,2026-08-17,7627.64,WH-CHICAGO
CUST-JOIN-7400,Freight Account 7400,North America,Startup,ORD-07400,2026-08-17,3576.79,WH-CHICAGO
CUST-JOIN-7401,Freight Account 7401,North America,Startup,ORD-07401,2026-08-17,5843.23,WH-NEWYORK
CUST-JOIN-7402,Freight Account 7402,North America,SMB,ORD-07402,2026-08-17,3279.5,WH-DETROIT
CUST-JOIN-7403,Freight Account 7403,Europe,Enterprise,ORD-07403,2026-08-17,284.6,WH-MIAMI
CUST-JOIN-7404,Freight Account 7404,Asia Pacific,Startup,ORD-07404,2026-08-17,6582.22,WH-MIAMI
CUST-JOIN-7405,Freight Account 7405,Asia Pacific,Startup,ORD-07405,2026-08-17,6060.9,WH-DETROIT
CUST-JOIN-7406,Freight Account 7406,North America,SMB,ORD-07406,2026-08-17,5408.12,WH-MIAMI
CUST-JOIN-7407,Freight Account 7407,North America,Startup,ORD-07407,2026-08-17,4662.92,WH-MIAMI
CUST-JOIN-7408,Freight Account 7408,North America,Startup,ORD-07408,2026-08-17,3554.71,WH-CHICAGO
CUST-JOIN-7409,Freight Account 7409,North America,Startup,ORD-07409,2026-08-18,4160.91,WH-DETROIT
CUST-JOIN-7410,Freight Account 7410,Asia Pacific,Startup,ORD-07410,2026-08-18,250.57,WH-CHICAGO
CUST-JOIN-7411,Freight Account 7411,Asia Pacific,Startup,ORD-07411,2026-08-18,3368.97,WH-NEWYORK
CUST-JOIN-7412,Freight Account 7412,Europe,SMB,ORD-07412,2026-08-18,2326.13,WH-NEWYORK
CUST-JOIN-7413,Freight Account 7413,North America,Startup,ORD-07413,2026-08-18,5789.04,WH-NEWYORK
CUST-JOIN-7414,Freight Account 7414,Europe,Startup,ORD-07414,2026-08-18,1253.76,WH-MIAMI
CUST-JOIN-7415,Freight Account 7415,North America,SMB,ORD-07415,2026-08-18,5916.18,WH-NEWYORK
CUST-JOIN-7416,Freight Account 7416,Europe,SMB,ORD-07416,2026-08-18,5688.04,WH-NEWYORK
CUST-JOIN-7417,Freight Account 7417,North America,SMB,ORD-07417,2026-08-18,349.85,WH-NEWYORK
CUST-JOIN-7418,Freight Account 7418,North America,SMB,ORD-07418,2026-08-18,6534.42,WH-MIAMI
CUST-JOIN-7419,Freight Account 7419,Asia Pacific,Startup,ORD-07419,2026-08-18,5203.85,WH-MIAMI
CUST-JOIN-7420,Freight Account 7420,Asia Pacific,SMB,ORD-07420,2026-08-18,1109.02,WH-CHICAGO
CUST-JOIN-7421,Freight Account 7421,North America,Startup,ORD-07421,2026-08-18,5486.4,WH-MIAMI
CUST-JOIN-7422,Freight Account 7422,Asia Pacific,Startup,ORD-07422,2026-08-18,229.01,WH-NEWYORK
CUST-JOIN-7423,Freight Account 7423,Europe,Startup,ORD-07423,2026-08-18,2027.1,WH-MIAMI
CUST-JOIN-7424,Freight Account 7424,Europe,SMB,ORD-07424,2026-08-18,4670.77,WH-DETROIT
CUST-JOIN-7425,Freight Account 7425,Europe,Enterprise,ORD-07425,2026-08-18,2817.33,WH-CHICAGO
CUST-JOIN-7426,Freight Account 7426,Asia Pacific,Startup,ORD-07426,2026-08-18,7857.85,WH-CHICAGO
CUST-JOIN-7427,Freight Account 7427,North America,Startup,ORD-07427,2026-08-18,1121.65,WH-NEWYORK
CUST-JOIN-7428,Freight Account 7428,Europe,Startup,ORD-07428,2026-08-18,5316.06,WH-NEWYORK
CUST-JOIN-7429,Freight Account 7429,Europe,Startup,ORD-07429,2026-08-18,2797.28,WH-CHICAGO
CUST-JOIN-7430,Freight Account 7430,Europe,SMB,ORD-07430,2026-08-18,697.02,WH-DETROIT
CUST-JOIN-7431,Freight Account 7431,North America,SMB,ORD-07431,2026-08-18,1639.85,WH-MIAMI
CUST-JOIN-7432,Freight Account 7432,North America,SMB,ORD-07432,2026-08-18,459.54,WH-NEWYORK
CUST-JOIN-7433,Freight Account 7433,North America,Startup,ORD-07433,2026-08-19,2018.78,WH-NEWYORK
CUST-JOIN-7434,Freight Account 7434,Asia Pacific,SMB,ORD-07434,2026-08-19,5933.75,WH-DETROIT
CUST-JOIN-7435,Freight Account 7435,Europe,SMB,ORD-07435,2026-08-19,7517.53,WH-CHICAGO
CUST-JOIN-7436,Freight Account 7436,Asia Pacific,Startup,ORD-07436,2026-08-19,3287.64,WH-DETROIT
CUST-JOIN-7437,Freight Account 7437,Asia Pacific,SMB,ORD-07437,2026-08-19,1971.41,WH-CHICAGO
CUST-JOIN-7438,Freight Account 7438,North America,Startup,ORD-07438,2026-08-19,5476.58,WH-DETROIT
CUST-JOIN-7439,Freight Account 7439,North America,Startup,ORD-07439,2026-08-19,1934.82,WH-DETROIT
CUST-JOIN-7440,Freight Account 7440,North America,SMB,ORD-07440,2026-08-19,4282.88,WH-MIAMI
CUST-JOIN-7441,Freight Account 7441,North America,Startup,ORD-07441,2026-08-19,3647.94,WH-NEWYORK
CUST-JOIN-7442,Freight Account 7442,North America,Startup,ORD-07442,2026-08-19,5893.5,WH-NEWYORK
CUST-JOIN-7443,Freight Account 7443,Asia Pacific,Startup,ORD-07443,2026-08-19,2571.8,WH-DETROIT
CUST-JOIN-7444,Freight Account 7444,Europe,Startup,ORD-07444,2026-08-19,7163.68,WH-NEWYORK
CUST-JOIN-7445,Freight Account 7445,Asia Pacific,SMB,ORD-07445,2026-08-19,6275.84,WH-MIAMI
CUST-JOIN-7446,Freight Account 7446,North America,Startup,ORD-07446,2026-08-19,4807.25,WH-DETROIT
CUST-JOIN-7447,Freight Account 7447,North America,Startup,ORD-07447,2026-08-19,6080.23,WH-NEWYORK
CUST-JOIN-7448,Freight Account 7448,North America,SMB,ORD-07448,2026-08-19,7741.51,WH-DETROIT
CUST-JOIN-7449,Freight Account 7449,Asia Pacific,Startup,ORD-07449,2026-08-19,371.97,WH-MIAMI
CUST-JOIN-7450,Freight Account 7450,North America,Startup,ORD-07450,2026-08-19,1021.19,WH-MIAMI
CUST-JOIN-7451,Freight Account 7451,Europe,Enterprise,ORD-07451,2026-08-19,1565.13,WH-MIAMI
CUST-JOIN-7452,Freight Account 7452,North America,Enterprise,ORD-07452,2026-08-19,2528.19,WH-CHICAGO
CUST-JOIN-7453,Freight Account 7453,North America,SMB,ORD-07453,2026-08-19,2481.23,WH-MIAMI
CUST-JOIN-7454,Freight Account 7454,North America,Enterprise,ORD-07454,2026-08-19,1128.99,WH-CHICAGO
CUST-JOIN-7455,Freight Account 7455,Europe,Startup,ORD-07455,2026-08-19,4170.13,WH-MIAMI
CUST-JOIN-7456,Freight Account 7456,Asia Pacific,SMB,ORD-07456,2026-08-19,6750.45,WH-DETROIT
CUST-JOIN-7457,Freight Account 7457,Asia Pacific,SMB,ORD-07457,2026-08-20,1859.49,WH-NEWYORK
CUST-JOIN-7458,Freight Account 7458,Europe,Startup,ORD-07458,2026-08-20,4355.76,WH-CHICAGO
CUST-JOIN-7459,Freight Account 7459,Asia Pacific,SMB,ORD-07459,2026-08-20,7963.75,WH-NEWYORK
CUST-JOIN-7460,Freight Account 7460,North America,Enterprise,ORD-07460,2026-08-20,1167.13,WH-MIAMI
CUST-JOIN-7461,Freight Account 7461,North America,Startup,ORD-07461,2026-08-20,6475.65,WH-DETROIT
CUST-JOIN-7462,Freight Account 7462,Europe,SMB,ORD-07462,2026-08-20,2398.51,WH-DETROIT
CUST-JOIN-7463,Freight Account 7463,Europe,Startup,ORD-07463,2026-08-20,1455.43,WH-DETROIT
CUST-JOIN-7464,Freight Account 7464,Asia Pacific,Startup,ORD-07464,2026-08-20,5876.42,WH-CHICAGO
CUST-JOIN-7465,Freight Account 7465,Europe,SMB,ORD-07465,2026-08-20,3260.87,WH-MIAMI
CUST-JOIN-7466,Freight Account 7466,Asia Pacific,SMB,ORD-07466,2026-08-20,5217.45,WH-NEWYORK
CUST-JOIN-7467,Freight Account 7467,Europe,Startup,ORD-07467,2026-08-20,6807.39,WH-NEWYORK
CUST-JOIN-7468,Freight Account 7468,Europe,Startup,ORD-07468,2026-08-20,4416.48,WH-MIAMI
CUST-JOIN-7469,Freight Account 7469,Europe,SMB,ORD-07469,2026-08-20,423.05,WH-NEWYORK
CUST-JOIN-7470,Freight Account 7470,North America,Startup,ORD-07470,2026-08-20,2684.58,WH-MIAMI
CUST-JOIN-7471,Freight Account 7471,Asia Pacific,Startup,ORD-07471,2026-08-20,2057.93,WH-CHICAGO
CUST-JOIN-7472,Freight Account 7472,Asia Pacific,Startup,ORD-07472,2026-08-20,5789.17,WH-MIAMI
CUST-JOIN-7473,Freight Account 7473,Europe,Startup,ORD-07473,2026-08-20,6307.43,WH-MIAMI
CUST-JOIN-7474,Freight Account 7474,Europe,SMB,ORD-07474,2026-08-20,2607.47,WH-DETROIT
CUST-JOIN-7475,Freight Account 7475,North America,SMB,ORD-07475,2026-08-20,549.69,WH-NEWYORK
CUST-JOIN-7476,Freight Account 7476,North America,Startup,ORD-07476,2026-08-20,5893.86,WH-DETROIT
CUST-JOIN-7477,Freight Account 7477,Europe,Enterprise,ORD-07477,2026-08-20,3077.47,WH-NEWYORK
CUST-JOIN-7478,Freight Account 7478,North America,SMB,ORD-07478,2026-08-20,4450.39,WH-MIAMI
CUST-JOIN-7479,Freight Account 7479,Asia Pacific,Startup,ORD-07479,2026-08-20,7294.44,WH-NEWYORK
CUST-JOIN-7480,Freight Account 7480,Europe,Startup,ORD-07480,2026-08-20,7041.67,WH-DETROIT
CUST-JOIN-7481,Freight Account 7481,North America,Startup,ORD-07481,2026-08-21,3562.77,WH-NEWYORK
CUST-JOIN-7482,Freight Account 7482,North America,SMB,ORD-07482,2026-08-21,6428.01,WH-MIAMI
CUST-JOIN-7483,Freight Account 7483,Asia Pacific,SMB,ORD-07483,2026-08-21,2114.47,WH-MIAMI
CUST-JOIN-7484,Freight Account 7484,North America,Startup,ORD-07484,2026-08-21,4531.33,WH-DETROIT
CUST-JOIN-7485,Freight Account 7485,Asia Pacific,SMB,ORD-07485,2026-08-21,3538.12,WH-CHICAGO
CUST-JOIN-7486,Freight Account 7486,Asia Pacific,Startup,ORD-07486,2026-08-21,3619.54,WH-MIAMI
CUST-JOIN-7487,Freight Account 7487,North America,SMB,ORD-07487,2026-08-21,2446.38,WH-NEWYORK
CUST-JOIN-7488,Freight Account 7488,Asia Pacific,SMB,ORD-07488,2026-08-21,5937.42,WH-CHICAGO
CUST-JOIN-7489,Freight Account 7489,Europe,Startup,ORD-07489,2026-08-21,2620.5,WH-MIAMI
CUST-JOIN-7490,Freight Account 7490,North America,SMB,ORD-07490,2026-08-21,221.13,WH-DETROIT
CUST-JOIN-7491,Freight Account 7491,North America,SMB,ORD-07491,2026-08-21,3713.88,WH-CHICAGO
CUST-JOIN-7492,Freight Account 7492,North America,SMB,ORD-07492,2026-08-21,1114.91,WH-CHICAGO
CUST-JOIN-7493,Freight Account 7493,North America,Startup,ORD-07493,2026-08-21,1727.67,WH-CHICAGO
CUST-JOIN-7494,Freight Account 7494,North America,Enterprise,ORD-07494,2026-08-21,5824.84,WH-CHICAGO
CUST-JOIN-7495,Freight Account 7495,Asia Pacific,SMB,ORD-07495,2026-08-21,3224.49,WH-NEWYORK
CUST-JOIN-7496,Freight Account 7496,Asia Pacific,Enterprise,ORD-07496,2026-08-21,2591.42,WH-MIAMI
CUST-JOIN-7497,Freight Account 7497,Europe,SMB,ORD-07497,2026-08-21,6632.88,WH-MIAMI
CUST-JOIN-7498,Freight Account 7498,Asia Pacific,SMB,ORD-07498,2026-08-21,7255.68,WH-DETROIT
CUST-JOIN-7499,Freight Account 7499,Europe,SMB,ORD-07499,2026-08-21,6182.68,WH-MIAMI
CUST-JOIN-7500,Freight Account 7500,Asia Pacific,Startup,ORD-07500,2026-08-21,2956.7,WH-CHICAGO
CUST-JOIN-7501,Freight Account 7501,Asia Pacific,SMB,,,,
CUST-JOIN-7502,Freight Account 7502,Europe,Startup,,,,
CUST-JOIN-7503,Freight Account 7503,North America,Startup,,,,
CUST-JOIN-7504,Freight Account 7504,Asia Pacific,SMB,,,,
CUST-JOIN-7505,Freight Account 7505,Europe,SMB,,,,
CUST-JOIN-7506,Freight Account 7506,Asia Pacific,SMB,,,,
CUST-JOIN-7507,Freight Account 7507,Asia Pacific,SMB,,,,
CUST-JOIN-7508,Freight Account 7508,North America,SMB,,,,
CUST-JOIN-7509,Freight Account 7509,North America,Startup,,,,
CUST-JOIN-7510,Freight Account 7510,Asia Pacific,Enterprise,,,,
CUST-JOIN-7511,Freight Account 7511,North America,Startup,,,,
CUST-JOIN-7512,Freight Account 7512,North America,SMB,,,,
CUST-JOIN-7513,Freight Account 7513,North America,Startup,,,,
CUST-JOIN-7514,Freight Account 7514,Europe,SMB,,,,
CUST-JOIN-7515,Freight Account 7515,Asia Pacific,SMB,,,,
CUST-JOIN-7516,Freight Account 7516,Europe,Startup,,,,
CUST-JOIN-7517,Freight Account 7517,North America,SMB,,,,
CUST-JOIN-7518,Freight Account 7518,North America,Startup,,,,
CUST-JOIN-7519,Freight Account 7519,Asia Pacific,SMB,,,,
CUST-JOIN-7520,Freight Account 7520,North America,Startup,,,,
CUST-JOIN-7521,Freight Account 7521,Asia Pacific,Startup,,,,
CUST-JOIN-7522,Freight Account 7522,North America,SMB,,,,
CUST-JOIN-7523,Freight Account 7523,North America,Startup,,,,
CUST-JOIN-7524,Freight Account 7524,Asia Pacific,Startup,,,,
CUST-JOIN-7525,Freight Account 7525,North America,Enterprise,,,,
CUST-JOIN-7526,Freight Account 7526,North America,SMB,,,,
CUST-JOIN-7527,Freight Account 7527,North America,Startup,,,,
CUST-JOIN-7528,Freight Account 7528,Europe,SMB,,,,
CUST-JOIN-7529,Freight Account 7529,North America,Startup,,,,
CUST-JOIN-7530,Freight Account 7530,Asia Pacific,Startup,,,,
CUST-JOIN-7531,Freight Account 7531,North America,Enterprise,,,,
CUST-JOIN-7532,Freight Account 7532,Europe,Startup,,,,
CUST-JOIN-7533,Freight Account 7533,Europe,Startup,,,,
CUST-JOIN-7534,Freight Account 7534,North America,Startup,,,,
CUST-JOIN-7535,Freight Account 7535,North America,Enterprise,,,,
CUST-JOIN-7536,Freight Account 7536,North America,Startup,,,,
CUST-JOIN-7537,Freight Account 7537,Europe,SMB,,,,
CUST-JOIN-7538,Freight Account 7538,North America,Startup,,,,
CUST-JOIN-7539,Freight Account 7539,North America,SMB,,,,
CUST-JOIN-7540,Freight Account 7540,Europe,Startup,,,,
CUST-JOIN-7541,Freight Account 7541,Asia Pacific,Startup,,,,
CUST-JOIN-7542,Freight Account 7542,North America,SMB,,,,
CUST-JOIN-7543,Freight Account 7543,North America,Startup,,,,
CUST-JOIN-7544,Freight Account 7544,North America,SMB,,,,
CUST-JOIN-7545,Freight Account 7545,North America,Startup,,,,
CUST-JOIN-7546,Freight Account 7546,Europe,Startup,,,,
CUST-JOIN-7547,Freight Account 7547,Asia Pacific,SMB,,,,
CUST-JOIN-7548,Freight Account 7548,Asia Pacific,SMB,,,,
CUST-JOIN-7549,Freight Account 7549,Europe,SMB,,,,
CUST-JOIN-7550,Freight Account 7550,Asia Pacific,Startup,,,,
CUST-JOIN-7551,Freight Account 7551,Asia Pacific,SMB,,,,
CUST-JOIN-7552,Freight Account 7552,North America,Startup,,,,
CUST-JOIN-7553,Freight Account 7553,Europe,SMB,,,,
CUST-JOIN-7554,Freight Account 7554,Europe,Startup,,,,
CUST-JOIN-7555,Freight Account 7555,Asia Pacific,SMB,,,,
CUST-JOIN-7556,Freight Account 7556,North America,Startup,,,,
CUST-JOIN-7557,Freight Account 7557,Europe,Startup,,,,
CUST-JOIN-7558,Freight Account 7558,Europe,Startup,,,,
CUST-JOIN-7559,Freight Account 7559,Europe,SMB,,,,
CUST-JOIN-7560,Freight Account 7560,Asia Pacific,SMB,,,,
CUST-JOIN-7561,Freight Account 7561,Europe,SMB,,,,
CUST-JOIN-7562,Freight Account 7562,Europe,Startup,,,,
CUST-JOIN-7563,Freight Account 7563,Europe,Startup,,,,
CUST-JOIN-7564,Freight Account 7564,North America,Startup,,,,
CUST-JOIN-7565,Freight Account 7565,North America,Startup,,,,
CUST-JOIN-7566,Freight Account 7566,North America,Startup,,,,
CUST-JOIN-7567,Freight Account 7567,Europe,Startup,,,,
CUST-JOIN-7568,Freight Account 7568,Europe,Enterprise,,,,
CUST-JOIN-7569,Freight Account 7569,North America,Startup,,,,
CUST-JOIN-7570,Freight Account 7570,Europe,Startup,,,,
CUST-JOIN-7571,Freight Account 7571,North America,Startup,,,,
CUST-JOIN-7572,Freight Account 7572,North America,SMB,,,,
CUST-JOIN-7573,Freight Account 7573,North America,SMB,,,,
CUST-JOIN-7574,Freight Account 7574,Europe,SMB,,,,
CUST-JOIN-7575,Freight Account 7575,North America,Startup,,,,
CUST-JOIN-7576,Freight Account 7576,Europe,Startup,,,,
CUST-JOIN-7577,Freight Account 7577,North America,SMB,,,,
CUST-JOIN-7578,Freight Account 7578,Europe,Startup,,,,
CUST-JOIN-7579,Freight Account 7579,Asia Pacific,SMB,,,,
CUST-JOIN-7580,Freight Account 7580,Asia Pacific,Startup,,,,
CUST-JOIN-7581,Freight Account 7581,Asia Pacific,SMB,,,,
CUST-JOIN-7582,Freight Account 7582,Europe,Startup,,,,
CUST-JOIN-7583,Freight Account 7583,Asia Pacific,SMB,,,,
CUST-JOIN-7584,Freight Account 7584,Asia Pacific,SMB,,,,
CUST-JOIN-7585,Freight Account 7585,North America,Startup,,,,
CUST-JOIN-7586,Freight Account 7586,North America,Startup,,,,
CUST-JOIN-7587,Freight Account 7587,Europe,SMB,,,,
CUST-JOIN-7588,Freight Account 7588,Asia Pacific,SMB,,,,
CUST-JOIN-7589,Freight Account 7589,North America,SMB,,,,
CUST-JOIN-7590,Freight Account 7590,Asia Pacific,Enterprise,,,,
CUST-JOIN-7591,Freight Account 7591,Europe,Startup,,,,
CUST-JOIN-7592,Freight Account 7592,Asia Pacific,SMB,,,,
CUST-JOIN-7593,Freight Account 7593,Europe,Enterprise,,,,
CUST-JOIN-7594,Freight Account 7594,North America,Enterprise,,,,
CUST-JOIN-7595,Freight Account 7595,Asia Pacific,SMB,,,,
CUST-JOIN-7596,Freight Account 7596,North America,SMB,,,,
CUST-JOIN-7597,Freight Account 7597,Europe,Startup,,,,
CUST-JOIN-7598,Freight Account 7598,Europe,Startup,,,,
CUST-JOIN-7599,Freight Account 7599,North America,Startup,,,,
CUST-JOIN-7600,Freight Account 7600,Europe,Startup,,,,
CUST-JOIN-7601,Freight Account 7601,Asia Pacific,Startup,,,,
CUST-JOIN-7602,Freight Account 7602,Asia Pacific,Startup,,,,
CUST-JOIN-7603,Freight Account 7603,Asia Pacific,SMB,,,,
CUST-JOIN-7604,Freight Account 7604,Europe,SMB,,,,
CUST-JOIN-7605,Freight Account 7605,Asia Pacific,SMB,,,,
CUST-JOIN-7606,Freight Account 7606,Europe,Startup,,,,
CUST-JOIN-7607,Freight Account 7607,Asia Pacific,Startup,,,,
CUST-JOIN-7608,Freight Account 7608,North America,Startup,,,,
CUST-JOIN-7609,Freight Account 7609,North America,Startup,,,,
CUST-JOIN-7610,Freight Account 7610,North America,Startup,,,,
CUST-JOIN-7611,Freight Account 7611,North America,Enterprise,,,,
CUST-JOIN-7612,Freight Account 7612,North America,Startup,,,,
CUST-JOIN-7613,Freight Account 7613,Europe,SMB,,,,
CUST-JOIN-7614,Freight Account 7614,North America,Startup,,,,
CUST-JOIN-7615,Freight Account 7615,Europe,Startup,,,,
CUST-JOIN-7616,Freight Account 7616,Europe,Enterprise,,,,
CUST-JOIN-7617,Freight Account 7617,Asia Pacific,Startup,,,,
CUST-JOIN-7618,Freight Account 7618,Asia Pacific,SMB,,,,
CUST-JOIN-7619,Freight Account 7619,North America,Enterprise,,,,
CUST-JOIN-7620,Freight Account 7620,Europe,SMB,,,,
CUST-JOIN-7621,Freight Account 7621,North America,Enterprise,,,,
CUST-JOIN-7622,Freight Account 7622,North America,Startup,,,,
CUST-JOIN-7623,Freight Account 7623,Europe,SMB,,,,
CUST-JOIN-7624,Freight Account 7624,Europe,Startup,,,,
CUST-JOIN-7625,Freight Account 7625,North America,SMB,,,,
CUST-JOIN-7626,Freight Account 7626,North America,Enterprise,,,,
CUST-JOIN-7627,Freight Account 7627,Asia Pacific,SMB,,,,
CUST-JOIN-7628,Freight Account 7628,North America,Startup,,,,
CUST-JOIN-7629,Freight Account 7629,North America,SMB,,,,
CUST-JOIN-7630,Freight Account 7630,Asia Pacific,Startup,,,,
CUST-JOIN-7631,Freight Account 7631,North America,Startup,,,,
CUST-JOIN-7632,Freight Account 7632,Europe,SMB,,,,
CUST-JOIN-7633,Freight Account 7633,Europe,SMB,,,,
CUST-JOIN-7634,Freight Account 7634,North America,SMB,,,,
CUST-JOIN-7635,Freight Account 7635,Europe,Startup,,,,
CUST-JOIN-7636,Freight Account 7636,Europe,SMB,,,,
CUST-JOIN-7637,Freight Account 7637,North America,Startup,,,,
CUST-JOIN-7638,Freight Account 7638,Europe,Startup,,,,
CUST-JOIN-7639,Freight Account 7639,Asia Pacific,Startup,,,,
CUST-JOIN-7640,Freight Account 7640,North America,Enterprise,,,,
CUST-JOIN-7641,Freight Account 7641,Asia Pacific,Startup,,,,
CUST-JOIN-7642,Freight Account 7642,Europe,Enterprise,,,,
CUST-JOIN-7643,Freight Account 7643,North America,Startup,,,,
CUST-JOIN-7644,Freight Account 7644,Europe,Startup,,,,
CUST-JOIN-7645,Freight Account 7645,Europe,Startup,,,,
CUST-JOIN-7646,Freight Account 7646,Asia Pacific,SMB,,,,
CUST-JOIN-7647,Freight Account 7647,Asia Pacific,Enterprise,,,,
CUST-JOIN-7648,Freight Account 7648,Europe,Enterprise,,,,
CUST-JOIN-7649,Freight Account 7649,North America,SMB,,,,
CUST-JOIN-7650,Freight Account 7650,Europe,SMB,,,,
CUST-JOIN-7651,Freight Account 7651,North America,Startup,,,,
CUST-JOIN-7652,Freight Account 7652,Europe,SMB,,,,
CUST-JOIN-7653,Freight Account 7653,North America,SMB,,,,
CUST-JOIN-7654,Freight Account 7654,North America,SMB,,,,
CUST-JOIN-7655,Freight Account 7655,North America,Startup,,,,
CUST-JOIN-7656,Freight Account 7656,North America,SMB,,,,
CUST-JOIN-7657,Freight Account 7657,Europe,Startup,,,,
CUST-JOIN-7658,Freight Account 7658,Europe,Startup,,,,
CUST-JOIN-7659,Freight Account 7659,Asia Pacific,Startup,,,,
CUST-JOIN-7660,Freight Account 7660,Europe,Enterprise,,,,
CUST-JOIN-7661,Freight Account 7661,Europe,SMB,,,,
CUST-JOIN-7662,Freight Account 7662,Asia Pacific,Enterprise,,,,
CUST-JOIN-7663,Freight Account 7663,Europe,SMB,,,,
CUST-JOIN-7664,Freight Account 7664,Asia Pacific,SMB,,,,
CUST-JOIN-7665,Freight Account 7665,North America,SMB,,,,
CUST-JOIN-7666,Freight Account 7666,Europe,Startup,,,,
CUST-JOIN-7667,Freight Account 7667,Asia Pacific,Startup,,,,
CUST-JOIN-7668,Freight Account 7668,North America,SMB,,,,
CUST-JOIN-7669,Freight Account 7669,Asia Pacific,Startup,,,,
CUST-JOIN-7670,Freight Account 7670,North America,SMB,,,,
CUST-JOIN-7671,Freight Account 7671,Europe,Enterprise,,,,
CUST-JOIN-7672,Freight Account 7672,Europe,Startup,,,,
CUST-JOIN-7673,Freight Account 7673,Europe,Startup,,,,
CUST-JOIN-7674,Freight Account 7674,North America,SMB,,,,
CUST-JOIN-7675,Freight Account 7675,North America,Startup,,,,
CUST-JOIN-7676,Freight Account 7676,North America,Startup,,,,
CUST-JOIN-7677,Freight Account 7677,Europe,Startup,,,,
CUST-JOIN-7678,Freight Account 7678,Europe,Startup,,,,
CUST-JOIN-7679,Freight Account 7679,Asia Pacific,Startup,,,,
CUST-JOIN-7680,Freight Account 7680,North America,SMB,,,,
CUST-JOIN-7681,Freight Account 7681,North America,SMB,,,,
CUST-JOIN-7682,Freight Account 7682,Asia Pacific,SMB,,,,
CUST-JOIN-7683,Freight Account 7683,Europe,Startup,,,,
CUST-JOIN-7684,Freight Account 7684,North America,Startup,,,,
CUST-JOIN-7685,Freight Account 7685,Europe,Startup,,,,
CUST-JOIN-7686,Freight Account 7686,North America,Startup,,,,
CUST-JOIN-7687,Freight Account 7687,Europe,SMB,,,,
CUST-JOIN-7688,Freight Account 7688,North America,Startup,,,,
CUST-JOIN-7689,Freight Account 7689,Europe,Startup,,,,
CUST-JOIN-7690,Freight Account 7690,North America,SMB,,,,
CUST-JOIN-7691,Freight Account 7691,North America,Startup,,,,
CUST-JOIN-7692,Freight Account 7692,Europe,Startup,,,,
CUST-JOIN-7693,Freight Account 7693,North America,Startup,,,,
CUST-JOIN-7694,Freight Account 7694,Europe,Startup,,,,
CUST-JOIN-7695,Freight Account 7695,North America,SMB,,,,
CUST-JOIN-7696,Freight Account 7696,Europe,SMB,,,,
CUST-JOIN-7697,Freight Account 7697,Asia Pacific,Startup,,,,
CUST-JOIN-7698,Freight Account 7698,North America,Enterprise,,,,
CUST-JOIN-7699,Freight Account 7699,Europe,Startup,,,,
CUST-JOIN-7700,Freight Account 7700,Asia Pacific,Startup,,,,
CUST-JOIN-7701,Freight Account 7701,North America,SMB,,,,
CUST-JOIN-7702,Freight Account 7702,Asia Pacific,Startup,,,,
CUST-JOIN-7703,Freight Account 7703,Europe,Startup,,,,
CUST-JOIN-7704,Freight Account 7704,Europe,SMB,,,,
CUST-JOIN-7705,Freight Account 7705,Europe,SMB,,,,
CUST-JOIN-7706,Freight Account 7706,Asia Pacific,Startup,,,,
CUST-JOIN-7707,Freight Account 7707,Asia Pacific,Startup,,,,
CUST-JOIN-7708,Freight Account 7708,Europe,Startup,,,,
CUST-JOIN-7709,Freight Account 7709,Europe,Startup,,,,
CUST-JOIN-7710,Freight Account 7710,Asia Pacific,Startup,,,,
CUST-JOIN-7711,Freight Account 7711,Asia Pacific,SMB,,,,
CUST-JOIN-7712,Freight Account 7712,Europe,Startup,,,,
CUST-JOIN-7713,Freight Account 7713,Europe,Startup,,,,
CUST-JOIN-7714,Freight Account 7714,Europe,Startup,,,,
CUST-JOIN-7715,Freight Account 7715,North America,SMB,,,,
CUST-JOIN-7716,Freight Account 7716,Asia Pacific,SMB,,,,
CUST-JOIN-7717,Freight Account 7717,Europe,SMB,,,,
CUST-JOIN-7718,Freight Account 7718,North America,Startup,,,,
CUST-JOIN-7719,Freight Account 7719,North America,SMB,,,,
CUST-JOIN-7720,Freight Account 7720,North America,Startup,,,,
CUST-JOIN-7721,Freight Account 7721,Asia Pacific,Startup,,,,
CUST-JOIN-7722,Freight Account 7722,Europe,SMB,,,,
CUST-JOIN-7723,Freight Account 7723,Asia Pacific,SMB,,,,
CUST-JOIN-7724,Freight Account 7724,Europe,Startup,,,,
CUST-JOIN-7725,Freight Account 7725,Asia Pacific,SMB,,,,
CUST-JOIN-7726,Freight Account 7726,Asia Pacific,SMB,,,,
CUST-JOIN-7727,Freight Account 7727,Asia Pacific,SMB,,,,
CUST-JOIN-7728,Freight Account 7728,North America,SMB,,,,
CUST-JOIN-7729,Freight Account 7729,Asia Pacific,Startup,,,,
CUST-JOIN-7730,Freight Account 7730,North America,SMB,,,,
CUST-JOIN-7731,Freight Account 7731,Europe,Startup,,,,
CUST-JOIN-7732,Freight Account 7732,Europe,SMB,,,,
CUST-JOIN-7733,Freight Account 7733,Europe,Startup,,,,
CUST-JOIN-7734,Freight Account 7734,Asia Pacific,SMB,,,,
CUST-JOIN-7735,Freight Account 7735,Europe,SMB,,,,
CUST-JOIN-7736,Freight Account 7736,Europe,Startup,,,,
CUST-JOIN-7737,Freight Account 7737,North America,Startup,,,,
CUST-JOIN-7738,Freight Account 7738,Asia Pacific,Startup,,,,
CUST-JOIN-7739,Freight Account 7739,Asia Pacific,Startup,,,,
CUST-JOIN-7740,Freight Account 7740,North America,SMB,,,,
CUST-JOIN-7741,Freight Account 7741,North America,Startup,,,,
CUST-JOIN-7742,Freight Account 7742,North America,Startup,,,,
CUST-JOIN-7743,Freight Account 7743,Asia Pacific,Startup,,,,
CUST-JOIN-7744,Freight Account 7744,North America,Startup,,,,
CUST-JOIN-7745,Freight Account 7745,Asia Pacific,Startup,,,,
CUST-JOIN-7746,Freight Account 7746,North America,Startup,,,,
CUST-JOIN-7747,Freight Account 7747,North America,Startup,,,,
CUST-JOIN-7748,Freight Account 7748,North America,SMB,,,,
CUST-JOIN-7749,Freight Account 7749,North America,SMB,,,,
CUST-JOIN-7750,Freight Account 7750,Asia Pacific,Startup,,,,
CUST-JOIN-7751,Freight Account 7751,Asia Pacific,Startup,,,,
CUST-JOIN-7752,Freight Account 7752,North America,Startup,,,,
CUST-JOIN-7753,Freight Account 7753,North America,Startup,,,,
CUST-JOIN-7754,Freight Account 7754,Asia Pacific,Startup,,,,
CUST-JOIN-7755,Freight Account 7755,Europe,Startup,,,,
CUST-JOIN-7756,Freight Account 7756,Europe,SMB,,,,
CUST-JOIN-7757,Freight Account 7757,Europe,Startup,,,,
CUST-JOIN-7758,Freight Account 7758,North America,Startup,,,,
CUST-JOIN-7759,Freight Account 7759,Europe,SMB,,,,
CUST-JOIN-7760,Freight Account 7760,Europe,Startup,,,,
CUST-JOIN-7761,Freight Account 7761,Europe,Startup,,,,
CUST-JOIN-7762,Freight Account 7762,Europe,SMB,,,,
CUST-JOIN-7763,Freight Account 7763,Asia Pacific,SMB,,,,
CUST-JOIN-7764,Freight Account 7764,North America,SMB,,,,
CUST-JOIN-7765,Freight Account 7765,North America,Startup,,,,
CUST-JOIN-7766,Freight Account 7766,North America,SMB,,,,
CUST-JOIN-7767,Freight Account 7767,Asia Pacific,Startup,,,,
CUST-JOIN-7768,Freight Account 7768,Asia Pacific,SMB,,,,
CUST-JOIN-7769,Freight Account 7769,Asia Pacific,Startup,,,,
CUST-JOIN-7770,Freight Account 7770,Asia Pacific,Startup,,,,
CUST-JOIN-7771,Freight Account 7771,Asia Pacific,SMB,,,,
CUST-JOIN-7772,Freight Account 7772,North America,Startup,,,,
CUST-JOIN-7773,Freight Account 7773,North America,SMB,,,,
CUST-JOIN-7774,Freight Account 7774,North America,Enterprise,,,,
CUST-JOIN-7775,Freight Account 7775,Europe,SMB,,,,
CUST-JOIN-7776,Freight Account 7776,North America,Startup,,,,
CUST-JOIN-7777,Freight Account 7777,Europe,Startup,,,,
CUST-JOIN-7778,Freight Account 7778,Europe,SMB,,,,
CUST-JOIN-7779,Freight Account 7779,North America,SMB,,,,
CUST-JOIN-7780,Freight Account 7780,Europe,Enterprise,,,,
CUST-JOIN-7781,Freight Account 7781,North America,SMB,,,,
CUST-JOIN-7782,Freight Account 7782,Europe,Startup,,,,
CUST-JOIN-7783,Freight Account 7783,Asia Pacific,Startup,,,,
CUST-JOIN-7784,Freight Account 7784,North America,SMB,,,,
CUST-JOIN-7785,Freight Account 7785,Asia Pacific,SMB,,,,
CUST-JOIN-7786,Freight Account 7786,Asia Pacific,Startup,,,,
CUST-JOIN-7787,Freight Account 7787,North America,SMB,,,,
CUST-JOIN-7788,Freight Account 7788,North America,Startup,,,,
CUST-JOIN-7789,Freight Account 7789,North America,Startup,,,,
CUST-JOIN-7790,Freight Account 7790,Asia Pacific,Startup,,,,
CUST-JOIN-7791,Freight Account 7791,Asia Pacific,Startup,,,,
CUST-JOIN-7792,Freight Account 7792,Europe,Startup,,,,
CUST-JOIN-7793,Freight Account 7793,Asia Pacific,SMB,,,,
CUST-JOIN-7794,Freight Account 7794,North America,SMB,,,,
CUST-JOIN-7795,Freight Account 7795,Europe,Startup,,,,
CUST-JOIN-7796,Freight Account 7796,Asia Pacific,SMB,,,,
CUST-JOIN-7797,Freight Account 7797,Europe,SMB,,,,
CUST-JOIN-7798,Freight Account 7798,Asia Pacific,Enterprise,,,,
CUST-JOIN-7799,Freight Account 7799,North America,SMB,,,,
CUST-JOIN-7800,Freight Account 7800,Asia Pacific,Startup,,,,
CUST-JOIN-7801,Freight Account 7801,North America,SMB,,,,
CUST-JOIN-7802,Freight Account 7802,Asia Pacific,SMB,,,,
CUST-JOIN-7803,Freight Account 7803,North America,Enterprise,,,,
CUST-JOIN-7804,Freight Account 7804,Europe,Startup,,,,
CUST-JOIN-7805,Freight Account 7805,Europe,Startup,,,,
CUST-JOIN-7806,Freight Account 7806,North America,SMB,,,,
CUST-JOIN-7807,Freight Account 7807,Asia Pacific,Startup,,,,
CUST-JOIN-7808,Freight Account 7808,North America,Startup,,,,
CUST-JOIN-7809,Freight Account 7809,Asia Pacific,SMB,,,,
CUST-JOIN-7810,Freight Account 7810,Europe,SMB,,,,
CUST-JOIN-7811,Freight Account 7811,Asia Pacific,Startup,,,,
CUST-JOIN-7812,Freight Account 7812,North America,SMB,,,,
CUST-JOIN-7813,Freight Account 7813,North America,Startup,,,,
CUST-JOIN-7814,Freight Account 7814,Europe,SMB,,,,
CUST-JOIN-7815,Freight Account 7815,Europe,Startup,,,,
CUST-JOIN-7816,Freight Account 7816,Europe,SMB,,,,
CUST-JOIN-7817,Freight Account 7817,Europe,SMB,,,,
CUST-JOIN-7818,Freight Account 7818,North America,Startup,,,,
CUST-JOIN-7819,Freight Account 7819,North America,SMB,,,,
CUST-JOIN-7820,Freight Account 7820,Europe,SMB,,,,
CUST-JOIN-7821,Freight Account 7821,Asia Pacific,SMB,,,,
CUST-JOIN-7822,Freight Account 7822,Europe,Enterprise,,,,
CUST-JOIN-7823,Freight Account 7823,Europe,Startup,,,,
CUST-JOIN-7824,Freight Account 7824,Europe,Startup,,,,
CUST-JOIN-7825,Freight Account 7825,Europe,Startup,,,,
CUST-JOIN-7826,Freight Account 7826,Europe,SMB,,,,
CUST-JOIN-7827,Freight Account 7827,North America,SMB,,,,
CUST-JOIN-7828,Freight Account 7828,Europe,Startup,,,,
CUST-JOIN-7829,Freight Account 7829,Asia Pacific,SMB,,,,
CUST-JOIN-7830,Freight Account 7830,North America,Enterprise,,,,
CUST-JOIN-7831,Freight Account 7831,Europe,Startup,,,,
CUST-JOIN-7832,Freight Account 7832,Asia Pacific,SMB,,,,
CUST-JOIN-7833,Freight Account 7833,North America,Startup,,,,
CUST-JOIN-7834,Freight Account 7834,North America,Startup,,,,
CUST-JOIN-7835,Freight Account 7835,North America,Startup,,,,
CUST-JOIN-7836,Freight Account 7836,Asia Pacific,Startup,,,,
CUST-JOIN-7837,Freight Account 7837,Asia Pacific,Enterprise,,,,
CUST-JOIN-7838,Freight Account 7838,Asia Pacific,SMB,,,,
CUST-JOIN-7839,Freight Account 7839,Europe,Startup,,,,
CUST-JOIN-7840,Freight Account 7840,Europe,Startup,,,,
CUST-JOIN-7841,Freight Account 7841,Asia Pacific,Startup,,,,
CUST-JOIN-7842,Freight Account 7842,North America,Startup,,,,
CUST-JOIN-7843,Freight Account 7843,Asia Pacific,SMB,,,,
CUST-JOIN-7844,Freight Account 7844,Europe,SMB,,,,
CUST-JOIN-7845,Freight Account 7845,Europe,Startup,,,,
CUST-JOIN-7846,Freight Account 7846,North America,SMB,,,,
CUST-JOIN-7847,Freight Account 7847,North America,Startup,,,,
CUST-JOIN-7848,Freight Account 7848,North America,Enterprise,,,,
CUST-JOIN-7849,Freight Account 7849,Europe,Startup,,,,
CUST-JOIN-7850,Freight Account 7850,Asia Pacific,Startup,,,,
CUST-JOIN-7851,Freight Account 7851,Asia Pacific,SMB,,,,
CUST-JOIN-7852,Freight Account 7852,North America,SMB,,,,
CUST-JOIN-7853,Freight Account 7853,Asia Pacific,Startup,,,,
CUST-JOIN-7854,Freight Account 7854,Asia Pacific,Startup,,,,
CUST-JOIN-7855,Freight Account 7855,North America,Startup,,,,
CUST-JOIN-7856,Freight Account 7856,North America,Startup,,,,
CUST-JOIN-7857,Freight Account 7857,North America,Startup,,,,
CUST-JOIN-7858,Freight Account 7858,Europe,SMB,,,,
CUST-JOIN-7859,Freight Account 7859,Europe,Startup,,,,
CUST-JOIN-7860,Freight Account 7860,Asia Pacific,Startup,,,,
CUST-JOIN-7861,Freight Account 7861,Europe,SMB,,,,
CUST-JOIN-7862,Freight Account 7862,Asia Pacific,SMB,,,,
CUST-JOIN-7863,Freight Account 7863,Europe,SMB,,,,
CUST-JOIN-7864,Freight Account 7864,Europe,SMB,,,,
CUST-JOIN-7865,Freight Account 7865,North America,Startup,,,,
CUST-JOIN-7866,Freight Account 7866,Europe,SMB,,,,
CUST-JOIN-7867,Freight Account 7867,North America,Startup,,,,
CUST-JOIN-7868,Freight Account 7868,Europe,Startup,,,,
CUST-JOIN-7869,Freight Account 7869,Europe,Startup,,,,
CUST-JOIN-7870,Freight Account 7870,Asia Pacific,Enterprise,,,,
CUST-JOIN-7871,Freight Account 7871,Asia Pacific,SMB,,,,
CUST-JOIN-7872,Freight Account 7872,Asia Pacific,Startup,,,,
CUST-JOIN-7873,Freight Account 7873,Europe,Startup,,,,
CUST-JOIN-7874,Freight Account 7874,Europe,Startup,,,,
CUST-JOIN-7875,Freight Account 7875,North America,SMB,,,,
CUST-JOIN-7876,Freight Account 7876,Europe,SMB,,,,
CUST-JOIN-7877,Freight Account 7877,Asia Pacific,SMB,,,,
CUST-JOIN-7878,Freight Account 7878,Europe,SMB,,,,
CUST-JOIN-7879,Freight Account 7879,Asia Pacific,Startup,,,,
CUST-JOIN-7880,Freight Account 7880,Asia Pacific,Startup,,,,
CUST-JOIN-7881,Freight Account 7881,Asia Pacific,SMB,,,,
CUST-JOIN-7882,Freight Account 7882,North America,Startup,,,,
CUST-JOIN-7883,Freight Account 7883,Asia Pacific,SMB,,,,
CUST-JOIN-7884,Freight Account 7884,North America,Startup,,,,
CUST-JOIN-7885,Freight Account 7885,Europe,Startup,,,,
CUST-JOIN-7886,Freight Account 7886,Europe,SMB,,,,
CUST-JOIN-7887,Freight Account 7887,Asia Pacific,Startup,,,,
CUST-JOIN-7888,Freight Account 7888,Europe,SMB,,,,
CUST-JOIN-7889,Freight Account 7889,North America,Startup,,,,
CUST-JOIN-7890,Freight Account 7890,North America,SMB,,,,
CUST-JOIN-7891,Freight Account 7891,North America,Startup,,,,
CUST-JOIN-7892,Freight Account 7892,Europe,SMB,,,,
CUST-JOIN-7893,Freight Account 7893,North America,SMB,,,,
CUST-JOIN-7894,Freight Account 7894,Asia Pacific,Startup,,,,
CUST-JOIN-7895,Freight Account 7895,North America,Startup,,,,
CUST-JOIN-7896,Freight Account 7896,North America,SMB,,,,
CUST-JOIN-7897,Freight Account 7897,North America,Startup,,,,
CUST-JOIN-7898,Freight Account 7898,North America,Enterprise,,,,
CUST-JOIN-7899,Freight Account 7899,Asia Pacific,Startup,,,,
CUST-JOIN-7900,Freight Account 7900,North America,SMB,,,,
CUST-JOIN-7901,Freight Account 7901,Europe,Startup,,,,
CUST-JOIN-7902,Freight Account 7902,Asia Pacific,Startup,,,,
CUST-JOIN-7903,Freight Account 7903,Asia Pacific,Enterprise,,,,
CUST-JOIN-7904,Freight Account 7904,Europe,SMB,,,,
CUST-JOIN-7905,Freight Account 7905,Europe,Startup,,,,
CUST-JOIN-7906,Freight Account 7906,Asia Pacific,Startup,,,,
CUST-JOIN-7907,Freight Account 7907,North America,Startup,,,,
CUST-JOIN-7908,Freight Account 7908,Asia Pacific,Startup,,,,
CUST-JOIN-7909,Freight Account 7909,Asia Pacific,SMB,,,,
CUST-JOIN-7910,Freight Account 7910,Europe,Startup,,,,
CUST-JOIN-7911,Freight Account 7911,Asia Pacific,Enterprise,,,,
CUST-JOIN-7912,Freight Account 7912,North America,Startup,,,,
CUST-JOIN-7913,Freight Account 7913,Asia Pacific,Startup,,,,
CUST-JOIN-7914,Freight Account 7914,North America,Startup,,,,
CUST-JOIN-7915,Freight Account 7915,Europe,SMB,,,,
CUST-JOIN-7916,Freight Account 7916,Europe,Enterprise,,,,
CUST-JOIN-7917,Freight Account 7917,North America,Startup,,,,
CUST-JOIN-7918,Freight Account 7918,Asia Pacific,Startup,,,,
CUST-JOIN-7919,Freight Account 7919,Asia Pacific,SMB,,,,
CUST-JOIN-7920,Freight Account 7920,Europe,Startup,,,,
CUST-JOIN-7921,Freight Account 7921,Asia Pacific,SMB,,,,
CUST-JOIN-7922,Freight Account 7922,Europe,SMB,,,,
CUST-JOIN-7923,Freight Account 7923,Europe,Startup,,,,
CUST-JOIN-7924,Freight Account 7924,Europe,SMB,,,,
CUST-JOIN-7925,Freight Account 7925,Asia Pacific,Enterprise,,,,
CUST-JOIN-7926,Freight Account 7926,Europe,Startup,,,,
CUST-JOIN-7927,Freight Account 7927,Asia Pacific,Startup,,,,
CUST-JOIN-7928,Freight Account 7928,Europe,Enterprise,,,,
CUST-JOIN-7929,Freight Account 7929,Europe,Enterprise,,,,
CUST-JOIN-7930,Freight Account 7930,North America,Enterprise,,,,
CUST-JOIN-7931,Freight Account 7931,North America,Startup,,,,
CUST-JOIN-7932,Freight Account 7932,North America,SMB,,,,
CUST-JOIN-7933,Freight Account 7933,North America,Enterprise,,,,
CUST-JOIN-7934,Freight Account 7934,Europe,Startup,,,,
CUST-JOIN-7935,Freight Account 7935,North America,Startup,,,,
CUST-JOIN-7936,Freight Account 7936,Asia Pacific,SMB,,,,
CUST-JOIN-7937,Freight Account 7937,North America,Startup,,,,
CUST-JOIN-7938,Freight Account 7938,Asia Pacific,SMB,,,,
CUST-JOIN-7939,Freight Account 7939,Europe,Startup,,,,
CUST-JOIN-7940,Freight Account 7940,Asia Pacific,Enterprise,,,,
CUST-JOIN-7941,Freight Account 7941,North America,Startup,,,,
CUST-JOIN-7942,Freight Account 7942,Asia Pacific,Startup,,,,
CUST-JOIN-7943,Freight Account 7943,Europe,Startup,,,,
CUST-JOIN-7944,Freight Account 7944,Europe,Startup,,,,
CUST-JOIN-7945,Freight Account 7945,Asia Pacific,SMB,,,,
CUST-JOIN-7946,Freight Account 7946,North America,Startup,,,,
CUST-JOIN-7947,Freight Account 7947,Asia Pacific,Enterprise,,,,
CUST-JOIN-7948,Freight Account 7948,Asia Pacific,SMB,,,,
CUST-JOIN-7949,Freight Account 7949,North America,SMB,,,,
CUST-JOIN-7950,Freight Account 7950,Europe,Startup,,,,
CUST-JOIN-7951,Freight Account 7951,Europe,Startup,,,,
CUST-JOIN-7952,Freight Account 7952,North America,Startup,,,,
CUST-JOIN-7953,Freight Account 7953,Asia Pacific,Startup,,,,
CUST-JOIN-7954,Freight Account 7954,North America,Startup,,,,
CUST-JOIN-7955,Freight Account 7955,Asia Pacific,Startup,,,,
CUST-JOIN-7956,Freight Account 7956,North America,SMB,,,,
CUST-JOIN-7957,Freight Account 7957,Europe,Startup,,,,
CUST-JOIN-7958,Freight Account 7958,Asia Pacific,SMB,,,,
CUST-JOIN-7959,Freight Account 7959,North America,Startup,,,,
CUST-JOIN-7960,Freight Account 7960,Europe,Enterprise,,,,
CUST-JOIN-7961,Freight Account 7961,North America,Enterprise,,,,
CUST-JOIN-7962,Freight Account 7962,North America,SMB,,,,
CUST-JOIN-7963,Freight Account 7963,Asia Pacific,SMB,,,,
CUST-JOIN-7964,Freight Account 7964,Europe,SMB,,,,
CUST-JOIN-7965,Freight Account 7965,North America,SMB,,,,
CUST-JOIN-7966,Freight Account 7966,Europe,Startup,,,,
CUST-JOIN-7967,Freight Account 7967,Europe,Startup,,,,
CUST-JOIN-7968,Freight Account 7968,Asia Pacific,Startup,,,,
CUST-JOIN-7969,Freight Account 7969,North America,Startup,,,,
CUST-JOIN-7970,Freight Account 7970,Europe,Enterprise,,,,
CUST-JOIN-7971,Freight Account 7971,North America,Enterprise,,,,
CUST-JOIN-7972,Freight Account 7972,North America,SMB,,,,
CUST-JOIN-7973,Freight Account 7973,North America,Startup,,,,
CUST-JOIN-7974,Freight Account 7974,Asia Pacific,SMB,,,,
CUST-JOIN-7975,Freight Account 7975,North America,Startup,,,,
CUST-JOIN-7976,Freight Account 7976,Asia Pacific,Startup,,,,
CUST-JOIN-7977,Freight Account 7977,Asia Pacific,SMB,,,,
CUST-JOIN-7978,Freight Account 7978,Europe,Startup,,,,
CUST-JOIN-7979,Freight Account 7979,Asia Pacific,SMB,,,,
CUST-JOIN-7980,Freight Account 7980,North America,SMB,,,,
CUST-JOIN-7981,Freight Account 7981,Europe,SMB,,,,
CUST-JOIN-7982,Freight Account 7982,Asia Pacific,Startup,,,,
CUST-JOIN-7983,Freight Account 7983,Asia Pacific,Startup,,,,
CUST-JOIN-7984,Freight Account 7984,North America,SMB,,,,
CUST-JOIN-7985,Freight Account 7985,North America,Startup,,,,
CUST-JOIN-7986,Freight Account 7986,Europe,SMB,,,,
CUST-JOIN-7987,Freight Account 7987,North America,Startup,,,,
CUST-JOIN-7988,Freight Account 7988,Asia Pacific,SMB,,,,
CUST-JOIN-7989,Freight Account 7989,North America,SMB,,,,
CUST-JOIN-7990,Freight Account 7990,Europe,Enterprise,,,,
CUST-JOIN-7991,Freight Account 7991,Asia Pacific,Startup,,,,
CUST-JOIN-7992,Freight Account 7992,North America,SMB,,,,
CUST-JOIN-7993,Freight Account 7993,Asia Pacific,Startup,,,,
CUST-JOIN-7994,Freight Account 7994,Europe,Startup,,,,
CUST-JOIN-7995,Freight Account 7995,Asia Pacific,SMB,,,,
CUST-JOIN-7996,Freight Account 7996,North America,Startup,,,,
CUST-JOIN-7997,Freight Account 7997,Europe,SMB,,,,
CUST-JOIN-7998,Freight Account 7998,Europe,SMB,,,,
CUST-JOIN-7999,Freight Account 7999,North America,SMB,,,,
CUST-JOIN-8000,Freight Account 8000,North America,Startup,,,,
