customer_id,transaction_date,amount,status
CUST-DUP-0001,2026-08-01,1050.09,CANCELLED
CUST-DUP-0002,2026-08-01,665.6,COMPLETED
CUST-DUP-0003,2026-08-01,1047.31,CANCELLED
CUST-DUP-0004,2026-08-01,788.95,COMPLETED
CUST-DUP-0005,2026-08-01,873.04,COMPLETED
CUST-DUP-0006,2026-08-01,525.95,PENDING
CUST-DUP-0007,2026-08-01,817.65,COMPLETED
CUST-DUP-0008,2026-08-01,1039.87,PENDING
CUST-DUP-0009,2026-08-01,441.93,PENDING
CUST-DUP-0010,2026-08-01,1463.79,COMPLETED
CUST-DUP-0011,2026-08-01,1224.29,COMPLETED
CUST-DUP-0012,2026-08-01,1280.19,PENDING
CUST-DUP-0013,2026-08-01,641.92,COMPLETED
CUST-DUP-0014,2026-08-01,975.14,PENDING
CUST-DUP-0015,2026-08-01,410.41,CANCELLED
CUST-DUP-0016,2026-08-01,628.87,COMPLETED
CUST-DUP-0017,2026-08-01,1300.47,COMPLETED
CUST-DUP-0018,2026-08-01,340.75,PENDING
CUST-DUP-0019,2026-08-01,1058.61,CANCELLED
CUST-DUP-0020,2026-08-01,854.68,CANCELLED
CUST-DUP-0021,2026-08-01,781.5,CANCELLED
CUST-DUP-0022,2026-08-01,273.79,CANCELLED
CUST-DUP-0023,2026-08-01,749.19,CANCELLED
CUST-DUP-0024,2026-08-01,304.95,CANCELLED
CUST-DUP-0025,2026-08-02,487.13,PENDING
CUST-DUP-0026,2026-08-02,412.78,CANCELLED
CUST-DUP-0027,2026-08-02,608.11,PENDING
CUST-DUP-0028,2026-08-02,1425.88,PENDING
CUST-DUP-0029,2026-08-02,667.94,COMPLETED
CUST-DUP-0030,2026-08-02,159.52,COMPLETED
CUST-DUP-0031,2026-08-02,629.45,PENDING
CUST-DUP-0032,2026-08-02,1140.42,PENDING
CUST-DUP-0033,2026-08-02,1164.7,COMPLETED
CUST-DUP-0034,2026-08-02,924.56,COMPLETED
CUST-DUP-0035,2026-08-02,1210.97,COMPLETED
CUST-DUP-0036,2026-08-02,364.87,CANCELLED
CUST-DUP-0037,2026-08-02,145.85,CANCELLED
CUST-DUP-0038,2026-08-02,530.53,CANCELLED
CUST-DUP-0039,2026-08-02,1291.3,COMPLETED
CUST-DUP-0040,2026-08-02,1194.38,COMPLETED
CUST-DUP-0041,2026-08-02,139.26,PENDING
CUST-DUP-0042,2026-08-02,737.02,CANCELLED
CUST-DUP-0043,2026-08-02,301.54,PENDING
CUST-DUP-0044,2026-08-02,420.04,CANCELLED
CUST-DUP-0045,2026-08-02,1228.12,COMPLETED
CUST-DUP-0046,2026-08-02,287.25,COMPLETED
CUST-DUP-0047,2026-08-02,1352.78,CANCELLED
CUST-DUP-0048,2026-08-02,1126.81,PENDING
CUST-DUP-0049,2026-08-03,639.46,PENDING
CUST-DUP-0050,2026-08-03,1003.71,COMPLETED
CUST-DUP-0051,2026-08-03,809.11,CANCELLED
CUST-DUP-0052,2026-08-03,519.8,CANCELLED
CUST-DUP-0053,2026-08-03,374.01,PENDING
CUST-DUP-0054,2026-08-03,144.43,PENDING
CUST-DUP-0055,2026-08-03,1047.33,PENDING
CUST-DUP-0056,2026-08-03,556.94,PENDING
CUST-DUP-0057,2026-08-03,887.38,CANCELLED
CUST-DUP-0058,2026-08-03,1455.26,PENDING
CUST-DUP-0059,2026-08-03,543.01,COMPLETED
CUST-DUP-0060,2026-08-03,779.61,PENDING
CUST-DUP-0061,2026-08-03,1208.97,PENDING
CUST-DUP-0062,2026-08-03,259.73,CANCELLED
CUST-DUP-0063,2026-08-03,572.4,PENDING
CUST-DUP-0064,2026-08-03,732.52,CANCELLED
CUST-DUP-0065,2026-08-03,988.33,PENDING
CUST-DUP-0066,2026-08-03,889.23,CANCELLED
CUST-DUP-0067,2026-08-03,731.48,CANCELLED
CUST-DUP-0068,2026-08-03,498.94,CANCELLED
CUST-DUP-0069,2026-08-03,241.43,CANCELLED
CUST-DUP-0070,2026-08-03,1390.41,COMPLETED
CUST-DUP-0071,2026-08-03,1220.22,PENDING
CUST-DUP-0072,2026-08-03,688.28,COMPLETED
CUST-DUP-0073,2026-08-04,1086.46,PENDING
CUST-DUP-0074,2026-08-04,270.67,CANCELLED
CUST-DUP-0075,2026-08-04,1437.0,COMPLETED
CUST-DUP-0076,2026-08-04,119.05,CANCELLED
CUST-DUP-0077,2026-08-04,283.87,COMPLETED
CUST-DUP-0078,2026-08-04,713.38,PENDING
CUST-DUP-0079,2026-08-04,741.41,PENDING
CUST-DUP-0080,2026-08-04,1194.08,PENDING
CUST-DUP-0081,2026-08-04,712.66,CANCELLED
CUST-DUP-0082,2026-08-04,1387.45,COMPLETED
CUST-DUP-0083,2026-08-04,257.94,COMPLETED
CUST-DUP-0084,2026-08-04,1375.07,PENDING
CUST-DUP-0085,2026-08-04,652.82,COMPLETED
CUST-DUP-0086,2026-08-04,1208.51,CANCELLED
CUST-DUP-0087,2026-08-04,785.94,PENDING
CUST-DUP-0088,2026-08-04,864.91,CANCELLED
CUST-DUP-0089,2026-08-04,408.11,COMPLETED
CUST-DUP-0090,2026-08-04,265.8,PENDING
CUST-DUP-0091,2026-08-04,319.24,PENDING
CUST-DUP-0092,2026-08-04,393.48,COMPLETED
CUST-DUP-0093,2026-08-04,1015.99,PENDING
CUST-DUP-0094,2026-08-04,1373.11,COMPLETED
CUST-DUP-0095,2026-08-04,1116.64,PENDING
CUST-DUP-0096,2026-08-04,244.08,PENDING
CUST-DUP-0097,2026-08-05,239.85,PENDING
CUST-DUP-0098,2026-08-05,524.75,PENDING
CUST-DUP-0099,2026-08-05,566.02,PENDING
CUST-DUP-0100,2026-08-05,306.52,COMPLETED
CUST-DUP-0101,2026-08-05,163.3,CANCELLED
CUST-DUP-0102,2026-08-05,236.61,COMPLETED
CUST-DUP-0103,2026-08-05,616.32,COMPLETED
CUST-DUP-0104,2026-08-05,1159.86,PENDING
CUST-DUP-0105,2026-08-05,759.89,PENDING
CUST-DUP-0106,2026-08-05,675.13,COMPLETED
CUST-DUP-0107,2026-08-05,736.38,CANCELLED
CUST-DUP-0108,2026-08-05,894.9,COMPLETED
CUST-DUP-0109,2026-08-05,1172.95,PENDING
CUST-DUP-0110,2026-08-05,391.62,PENDING
CUST-DUP-0111,2026-08-05,367.01,PENDING
CUST-DUP-0112,2026-08-05,236.35,PENDING
CUST-DUP-0113,2026-08-05,1477.86,COMPLETED
CUST-DUP-0114,2026-08-05,630.08,COMPLETED
CUST-DUP-0115,2026-08-05,707.47,COMPLETED
CUST-DUP-0116,2026-08-05,703.43,CANCELLED
CUST-DUP-0117,2026-08-05,1144.08,PENDING
CUST-DUP-0118,2026-08-05,1457.14,PENDING
CUST-DUP-0119,2026-08-05,1384.26,COMPLETED
CUST-DUP-0120,2026-08-05,275.63,COMPLETED
CUST-DUP-0121,2026-08-06,783.36,PENDING
CUST-DUP-0122,2026-08-06,689.12,PENDING
CUST-DUP-0123,2026-08-06,202.97,CANCELLED
CUST-DUP-0124,2026-08-06,215.2,CANCELLED
CUST-DUP-0125,2026-08-06,623.52,COMPLETED
CUST-DUP-0126,2026-08-06,1115.61,COMPLETED
CUST-DUP-0127,2026-08-06,926.74,PENDING
CUST-DUP-0128,2026-08-06,192.87,CANCELLED
CUST-DUP-0129,2026-08-06,1342.46,COMPLETED
CUST-DUP-0130,2026-08-06,820.86,PENDING
CUST-DUP-0131,2026-08-06,652.2,PENDING
CUST-DUP-0132,2026-08-06,1296.6,PENDING
CUST-DUP-0133,2026-08-06,1484.4,PENDING
CUST-DUP-0134,2026-08-06,1409.56,COMPLETED
CUST-DUP-0135,2026-08-06,421.35,PENDING
CUST-DUP-0136,2026-08-06,642.12,CANCELLED
CUST-DUP-0137,2026-08-06,1164.41,COMPLETED
CUST-DUP-0138,2026-08-06,1247.57,CANCELLED
CUST-DUP-0139,2026-08-06,809.26,PENDING
CUST-DUP-0140,2026-08-06,1082.41,CANCELLED
CUST-DUP-0141,2026-08-06,1372.2,PENDING
CUST-DUP-0142,2026-08-06,490.36,CANCELLED
CUST-DUP-0143,2026-08-06,935.02,COMPLETED
CUST-DUP-0144,2026-08-06,898.21,CANCELLED
CUST-DUP-0145,2026-08-07,356.97,CANCELLED
CUST-DUP-0146,2026-08-07,148.81,COMPLETED
CUST-DUP-0147,2026-08-07,1322.07,COMPLETED
CUST-DUP-0148,2026-08-07,286.88,CANCELLED
CUST-DUP-0149,2026-08-07,716.35,COMPLETED
CUST-DUP-0150,2026-08-07,1442.48,CANCELLED
CUST-DUP-0151,2026-08-07,746.14,PENDING
CUST-DUP-0152,2026-08-07,702.58,PENDING
CUST-DUP-0153,2026-08-07,1037.86,PENDING
CUST-DUP-0154,2026-08-07,143.47,PENDING
CUST-DUP-0155,2026-08-07,645.34,COMPLETED
CUST-DUP-0156,2026-08-07,463.38,CANCELLED
CUST-DUP-0157,2026-08-07,121.24,COMPLETED
CUST-DUP-0158,2026-08-07,1192.73,PENDING
CUST-DUP-0159,2026-08-07,1481.55,PENDING
CUST-DUP-0160,2026-08-07,991.25,CANCELLED
CUST-DUP-0161,2026-08-07,806.46,PENDING
CUST-DUP-0162,2026-08-07,726.3,COMPLETED
CUST-DUP-0163,2026-08-07,1087.88,COMPLETED
CUST-DUP-0164,2026-08-07,506.21,CANCELLED
CUST-DUP-0165,2026-08-07,261.99,CANCELLED
CUST-DUP-0166,2026-08-07,1475.44,PENDING
CUST-DUP-0167,2026-08-07,1024.29,PENDING
CUST-DUP-0168,2026-08-07,1498.02,CANCELLED
CUST-DUP-0169,2026-08-08,715.83,CANCELLED
CUST-DUP-0170,2026-08-08,1428.45,PENDING
CUST-DUP-0171,2026-08-08,223.19,CANCELLED
CUST-DUP-0172,2026-08-08,723.26,COMPLETED
CUST-DUP-0173,2026-08-08,888.44,PENDING
CUST-DUP-0174,2026-08-08,715.6,PENDING
CUST-DUP-0175,2026-08-08,1465.23,COMPLETED
CUST-DUP-0176,2026-08-08,1382.3,PENDING
CUST-DUP-0177,2026-08-08,654.82,PENDING
CUST-DUP-0178,2026-08-08,592.61,COMPLETED
CUST-DUP-0179,2026-08-08,1048.8,PENDING
CUST-DUP-0180,2026-08-08,493.65,PENDING
CUST-DUP-0181,2026-08-08,323.45,PENDING
CUST-DUP-0182,2026-08-08,1258.08,CANCELLED
CUST-DUP-0183,2026-08-08,519.0,CANCELLED
CUST-DUP-0184,2026-08-08,244.56,COMPLETED
CUST-DUP-0185,2026-08-08,1092.08,CANCELLED
CUST-DUP-0186,2026-08-08,729.89,COMPLETED
CUST-DUP-0187,2026-08-08,1452.18,PENDING
CUST-DUP-0188,2026-08-08,412.57,COMPLETED
CUST-DUP-0189,2026-08-08,1274.47,CANCELLED
CUST-DUP-0190,2026-08-08,1056.16,COMPLETED
CUST-DUP-0191,2026-08-08,1477.43,CANCELLED
CUST-DUP-0192,2026-08-08,1335.07,COMPLETED
CUST-DUP-0193,2026-08-09,1013.44,PENDING
CUST-DUP-0194,2026-08-09,1131.68,CANCELLED
CUST-DUP-0195,2026-08-09,1128.31,PENDING
CUST-DUP-0196,2026-08-09,1388.72,COMPLETED
CUST-DUP-0197,2026-08-09,1092.16,COMPLETED
CUST-DUP-0198,2026-08-09,653.16,PENDING
CUST-DUP-0199,2026-08-09,593.18,COMPLETED
CUST-DUP-0200,2026-08-09,1193.68,CANCELLED
CUST-DUP-0201,2026-08-09,946.73,CANCELLED
CUST-DUP-0202,2026-08-09,1108.2,COMPLETED
CUST-DUP-0203,2026-08-09,1199.25,CANCELLED
CUST-DUP-0204,2026-08-09,1118.56,CANCELLED
CUST-DUP-0205,2026-08-09,272.67,PENDING
CUST-DUP-0206,2026-08-09,1284.34,COMPLETED
CUST-DUP-0207,2026-08-09,464.23,COMPLETED
CUST-DUP-0208,2026-08-09,1022.19,PENDING
CUST-DUP-0209,2026-08-09,829.92,CANCELLED
CUST-DUP-0210,2026-08-09,851.57,CANCELLED
CUST-DUP-0211,2026-08-09,833.57,COMPLETED
CUST-DUP-0212,2026-08-09,617.6,CANCELLED
CUST-DUP-0213,2026-08-09,1253.03,COMPLETED
CUST-DUP-0214,2026-08-09,1021.92,COMPLETED
CUST-DUP-0215,2026-08-09,711.74,CANCELLED
CUST-DUP-0216,2026-08-09,158.72,CANCELLED
CUST-DUP-0217,2026-08-10,497.81,CANCELLED
CUST-DUP-0218,2026-08-10,989.42,PENDING
CUST-DUP-0219,2026-08-10,218.96,CANCELLED
CUST-DUP-0220,2026-08-10,1099.51,PENDING
CUST-DUP-0221,2026-08-10,1212.83,COMPLETED
CUST-DUP-0222,2026-08-10,1065.11,PENDING
CUST-DUP-0223,2026-08-10,641.84,CANCELLED
CUST-DUP-0224,2026-08-10,186.46,COMPLETED
CUST-DUP-0225,2026-08-10,251.51,COMPLETED
CUST-DUP-0226,2026-08-10,1078.45,PENDING
CUST-DUP-0227,2026-08-10,367.1,COMPLETED
CUST-DUP-0228,2026-08-10,1320.42,CANCELLED
CUST-DUP-0229,2026-08-10,255.6,COMPLETED
CUST-DUP-0230,2026-08-10,1053.93,PENDING
CUST-DUP-0231,2026-08-10,412.31,COMPLETED
CUST-DUP-0232,2026-08-10,864.72,PENDING
CUST-DUP-0233,2026-08-10,723.36,COMPLETED
CUST-DUP-0234,2026-08-10,744.72,PENDING
CUST-DUP-0235,2026-08-10,1432.31,PENDING
CUST-DUP-0236,2026-08-10,142.37,PENDING
CUST-DUP-0237,2026-08-10,509.21,CANCELLED
CUST-DUP-0238,2026-08-10,1191.98,COMPLETED
CUST-DUP-0239,2026-08-10,464.22,CANCELLED
CUST-DUP-0240,2026-08-10,436.47,PENDING
CUST-DUP-0241,2026-08-11,341.03,CANCELLED
CUST-DUP-0242,2026-08-11,750.5,PENDING
CUST-DUP-0243,2026-08-11,852.29,COMPLETED
CUST-DUP-0244,2026-08-11,679.83,COMPLETED
CUST-DUP-0245,2026-08-11,1457.39,CANCELLED
CUST-DUP-0246,2026-08-11,452.3,CANCELLED
CUST-DUP-0247,2026-08-11,1352.04,COMPLETED
CUST-DUP-0248,2026-08-11,1022.57,CANCELLED
CUST-DUP-0249,2026-08-11,348.61,PENDING
CUST-DUP-0250,2026-08-11,1304.47,CANCELLED
CUST-DUP-0251,2026-08-11,191.48,PENDING
CUST-DUP-0252,2026-08-11,1160.57,PENDING
CUST-DUP-0253,2026-08-11,244.86,COMPLETED
CUST-DUP-0254,2026-08-11,245.66,PENDING
CUST-DUP-0255,2026-08-11,667.57,CANCELLED
CUST-DUP-0256,2026-08-11,635.7,CANCELLED
CUST-DUP-0257,2026-08-11,247.29,PENDING
CUST-DUP-0258,2026-08-11,821.91,CANCELLED
CUST-DUP-0259,2026-08-11,431.29,COMPLETED
CUST-DUP-0260,2026-08-11,345.35,COMPLETED
CUST-DUP-0261,2026-08-11,108.74,PENDING
CUST-DUP-0262,2026-08-11,1404.58,CANCELLED
CUST-DUP-0263,2026-08-11,422.25,COMPLETED
CUST-DUP-0264,2026-08-11,478.85,CANCELLED
CUST-DUP-0265,2026-08-12,702.96,PENDING
CUST-DUP-0266,2026-08-12,332.55,PENDING
CUST-DUP-0267,2026-08-12,1466.59,CANCELLED
CUST-DUP-0268,2026-08-12,133.09,COMPLETED
CUST-DUP-0269,2026-08-12,304.75,CANCELLED
CUST-DUP-0270,2026-08-12,1049.67,CANCELLED
CUST-DUP-0271,2026-08-12,1283.11,CANCELLED
CUST-DUP-0272,2026-08-12,923.75,COMPLETED
CUST-DUP-0273,2026-08-12,546.23,CANCELLED
CUST-DUP-0274,2026-08-12,739.23,COMPLETED
CUST-DUP-0275,2026-08-12,655.66,CANCELLED
CUST-DUP-0276,2026-08-12,970.32,COMPLETED
CUST-DUP-0277,2026-08-12,1119.93,CANCELLED
CUST-DUP-0278,2026-08-12,1367.43,COMPLETED
CUST-DUP-0279,2026-08-12,1494.68,PENDING
CUST-DUP-0280,2026-08-12,603.77,PENDING
CUST-DUP-0281,2026-08-12,117.19,CANCELLED
CUST-DUP-0282,2026-08-12,741.32,CANCELLED
CUST-DUP-0283,2026-08-12,500.33,PENDING
CUST-DUP-0284,2026-08-12,1349.6,PENDING
CUST-DUP-0285,2026-08-12,539.83,COMPLETED
CUST-DUP-0286,2026-08-12,785.27,PENDING
CUST-DUP-0287,2026-08-12,1208.82,PENDING
CUST-DUP-0288,2026-08-12,1305.78,CANCELLED
CUST-DUP-0289,2026-08-13,520.73,COMPLETED
CUST-DUP-0290,2026-08-13,344.92,COMPLETED
CUST-DUP-0291,2026-08-13,428.64,CANCELLED
CUST-DUP-0292,2026-08-13,701.49,PENDING
CUST-DUP-0293,2026-08-13,206.23,CANCELLED
CUST-DUP-0294,2026-08-13,497.12,CANCELLED
CUST-DUP-0295,2026-08-13,287.91,COMPLETED
CUST-DUP-0296,2026-08-13,508.44,COMPLETED
CUST-DUP-0297,2026-08-13,1100.38,COMPLETED
CUST-DUP-0298,2026-08-13,434.26,COMPLETED
CUST-DUP-0299,2026-08-13,899.99,COMPLETED
CUST-DUP-0300,2026-08-13,1225.99,PENDING
CUST-DUP-0301,2026-08-13,630.73,CANCELLED
CUST-DUP-0302,2026-08-13,1242.26,PENDING
CUST-DUP-0303,2026-08-13,880.85,PENDING
CUST-DUP-0304,2026-08-13,358.56,COMPLETED
CUST-DUP-0305,2026-08-13,424.78,CANCELLED
CUST-DUP-0306,2026-08-13,677.14,CANCELLED
CUST-DUP-0307,2026-08-13,234.83,CANCELLED
CUST-DUP-0308,2026-08-13,1047.66,COMPLETED
CUST-DUP-0309,2026-08-13,210.63,CANCELLED
CUST-DUP-0310,2026-08-13,480.75,CANCELLED
CUST-DUP-0311,2026-08-13,185.48,CANCELLED
CUST-DUP-0312,2026-08-13,724.48,COMPLETED
CUST-DUP-0313,2026-08-14,1190.17,CANCELLED
CUST-DUP-0314,2026-08-14,610.93,COMPLETED
CUST-DUP-0315,2026-08-14,706.3,PENDING
CUST-DUP-0316,2026-08-14,535.88,PENDING
CUST-DUP-0317,2026-08-14,329.41,PENDING
CUST-DUP-0318,2026-08-14,682.7,COMPLETED
CUST-DUP-0319,2026-08-14,1004.75,COMPLETED
CUST-DUP-0320,2026-08-14,162.16,CANCELLED
CUST-DUP-0321,2026-08-14,921.14,CANCELLED
CUST-DUP-0322,2026-08-14,1452.54,COMPLETED
CUST-DUP-0323,2026-08-14,689.01,CANCELLED
CUST-DUP-0324,2026-08-14,455.07,CANCELLED
CUST-DUP-0325,2026-08-14,1151.99,PENDING
CUST-DUP-0326,2026-08-14,447.03,PENDING
CUST-DUP-0327,2026-08-14,1201.8,PENDING
CUST-DUP-0328,2026-08-14,870.25,PENDING
CUST-DUP-0329,2026-08-14,760.02,COMPLETED
CUST-DUP-0330,2026-08-14,965.5,PENDING
CUST-DUP-0331,2026-08-14,514.28,PENDING
CUST-DUP-0332,2026-08-14,563.67,PENDING
CUST-DUP-0333,2026-08-14,295.06,PENDING
CUST-DUP-0334,2026-08-14,1337.77,CANCELLED
CUST-DUP-0335,2026-08-14,1356.39,COMPLETED
CUST-DUP-0336,2026-08-14,532.73,CANCELLED
CUST-DUP-0337,2026-08-15,927.82,COMPLETED
CUST-DUP-0338,2026-08-15,1393.34,CANCELLED
CUST-DUP-0339,2026-08-15,1382.66,PENDING
CUST-DUP-0340,2026-08-15,869.82,COMPLETED
CUST-DUP-0341,2026-08-15,287.85,CANCELLED
CUST-DUP-0342,2026-08-15,670.06,COMPLETED
CUST-DUP-0343,2026-08-15,1262.85,CANCELLED
CUST-DUP-0344,2026-08-15,599.13,PENDING
CUST-DUP-0345,2026-08-15,1450.57,PENDING
CUST-DUP-0346,2026-08-15,730.61,PENDING
CUST-DUP-0347,2026-08-15,424.91,PENDING
CUST-DUP-0348,2026-08-15,227.25,PENDING
CUST-DUP-0349,2026-08-15,1224.35,PENDING
CUST-DUP-0350,2026-08-15,797.84,CANCELLED
CUST-DUP-0351,2026-08-15,247.95,CANCELLED
CUST-DUP-0352,2026-08-15,743.72,CANCELLED
CUST-DUP-0353,2026-08-15,115.32,PENDING
CUST-DUP-0354,2026-08-15,274.92,COMPLETED
CUST-DUP-0355,2026-08-15,842.48,PENDING
CUST-DUP-0356,2026-08-15,261.71,COMPLETED
CUST-DUP-0357,2026-08-15,760.65,COMPLETED
CUST-DUP-0358,2026-08-15,1034.98,CANCELLED
CUST-DUP-0359,2026-08-15,665.43,CANCELLED
CUST-DUP-0360,2026-08-15,1285.37,COMPLETED
CUST-DUP-0361,2026-08-16,377.65,COMPLETED
CUST-DUP-0362,2026-08-16,1377.57,PENDING
CUST-DUP-0363,2026-08-16,1151.03,PENDING
CUST-DUP-0364,2026-08-16,1019.05,COMPLETED
CUST-DUP-0365,2026-08-16,571.28,CANCELLED
CUST-DUP-0366,2026-08-16,541.78,CANCELLED
CUST-DUP-0367,2026-08-16,1479.17,PENDING
CUST-DUP-0368,2026-08-16,582.32,COMPLETED
CUST-DUP-0369,2026-08-16,635.92,CANCELLED
CUST-DUP-0370,2026-08-16,660.41,PENDING
CUST-DUP-0371,2026-08-16,492.68,CANCELLED
CUST-DUP-0372,2026-08-16,1096.5,CANCELLED
CUST-DUP-0373,2026-08-16,959.65,CANCELLED
CUST-DUP-0374,2026-08-16,743.19,COMPLETED
CUST-DUP-0375,2026-08-16,1274.96,CANCELLED
CUST-DUP-0376,2026-08-16,446.14,PENDING
CUST-DUP-0377,2026-08-16,159.66,COMPLETED
CUST-DUP-0378,2026-08-16,1443.4,CANCELLED
CUST-DUP-0379,2026-08-16,923.64,CANCELLED
CUST-DUP-0380,2026-08-16,663.76,PENDING
CUST-DUP-0381,2026-08-16,432.7,PENDING
CUST-DUP-0382,2026-08-16,967.47,PENDING
CUST-DUP-0383,2026-08-16,635.64,CANCELLED
CUST-DUP-0384,2026-08-16,1469.91,COMPLETED
CUST-DUP-0385,2026-08-17,279.08,COMPLETED
CUST-DUP-0386,2026-08-17,943.84,PENDING
CUST-DUP-0387,2026-08-17,451.22,CANCELLED
CUST-DUP-0388,2026-08-17,827.68,PENDING
CUST-DUP-0389,2026-08-17,106.15,PENDING
CUST-DUP-0390,2026-08-17,815.98,COMPLETED
CUST-DUP-0391,2026-08-17,1475.55,COMPLETED
CUST-DUP-0392,2026-08-17,1098.97,CANCELLED
CUST-DUP-0393,2026-08-17,1280.04,PENDING
CUST-DUP-0394,2026-08-17,116.71,COMPLETED
CUST-DUP-0395,2026-08-17,1277.75,PENDING
CUST-DUP-0396,2026-08-17,1448.99,CANCELLED
CUST-DUP-0397,2026-08-17,707.87,CANCELLED
CUST-DUP-0398,2026-08-17,199.75,PENDING
CUST-DUP-0399,2026-08-17,1181.37,PENDING
CUST-DUP-0400,2026-08-17,231.67,COMPLETED
CUST-DUP-0401,2026-08-17,340.31,COMPLETED
CUST-DUP-0402,2026-08-17,617.3,COMPLETED
CUST-DUP-0403,2026-08-17,152.77,CANCELLED
CUST-DUP-0404,2026-08-17,738.76,PENDING
CUST-DUP-0405,2026-08-17,1228.18,PENDING
CUST-DUP-0406,2026-08-17,122.67,PENDING
CUST-DUP-0407,2026-08-17,621.43,COMPLETED
CUST-DUP-0408,2026-08-17,158.4,COMPLETED
CUST-DUP-0409,2026-08-18,218.79,PENDING
CUST-DUP-0410,2026-08-18,910.32,PENDING
CUST-DUP-0411,2026-08-18,761.77,CANCELLED
CUST-DUP-0412,2026-08-18,354.63,PENDING
CUST-DUP-0413,2026-08-18,676.06,COMPLETED
CUST-DUP-0414,2026-08-18,1441.26,COMPLETED
CUST-DUP-0415,2026-08-18,441.28,CANCELLED
CUST-DUP-0416,2026-08-18,949.6,CANCELLED
CUST-DUP-0417,2026-08-18,300.68,COMPLETED
CUST-DUP-0418,2026-08-18,286.4,PENDING
CUST-DUP-0419,2026-08-18,912.86,CANCELLED
CUST-DUP-0420,2026-08-18,1372.95,PENDING
CUST-DUP-0421,2026-08-18,1181.28,CANCELLED
CUST-DUP-0422,2026-08-18,952.26,CANCELLED
CUST-DUP-0423,2026-08-18,389.36,CANCELLED
CUST-DUP-0424,2026-08-18,1206.61,PENDING
CUST-DUP-0425,2026-08-18,377.01,CANCELLED
CUST-DUP-0426,2026-08-18,422.47,COMPLETED
CUST-DUP-0427,2026-08-18,1436.82,COMPLETED
CUST-DUP-0428,2026-08-18,1470.18,CANCELLED
CUST-DUP-0429,2026-08-18,688.38,CANCELLED
CUST-DUP-0430,2026-08-18,838.56,PENDING
CUST-DUP-0431,2026-08-18,961.4,CANCELLED
CUST-DUP-0432,2026-08-18,464.67,CANCELLED
CUST-DUP-0433,2026-08-19,330.44,COMPLETED
CUST-DUP-0434,2026-08-19,1382.06,COMPLETED
CUST-DUP-0435,2026-08-19,1442.6,PENDING
CUST-DUP-0436,2026-08-19,930.49,CANCELLED
CUST-DUP-0437,2026-08-19,616.33,PENDING
CUST-DUP-0438,2026-08-19,479.13,COMPLETED
CUST-DUP-0439,2026-08-19,814.98,CANCELLED
CUST-DUP-0440,2026-08-19,736.34,CANCELLED
CUST-DUP-0441,2026-08-19,976.36,PENDING
CUST-DUP-0442,2026-08-19,1221.82,PENDING
CUST-DUP-0443,2026-08-19,583.47,PENDING
CUST-DUP-0444,2026-08-19,1312.55,COMPLETED
CUST-DUP-0445,2026-08-19,728.35,COMPLETED
CUST-DUP-0446,2026-08-19,1310.12,CANCELLED
CUST-DUP-0447,2026-08-19,704.63,CANCELLED
CUST-DUP-0448,2026-08-19,581.62,PENDING
CUST-DUP-0449,2026-08-19,347.34,CANCELLED
CUST-DUP-0450,2026-08-19,1424.47,COMPLETED
CUST-DUP-0451,2026-08-19,1178.03,CANCELLED
CUST-DUP-0452,2026-08-19,301.75,COMPLETED
CUST-DUP-0453,2026-08-19,1254.39,COMPLETED
CUST-DUP-0454,2026-08-19,708.71,COMPLETED
CUST-DUP-0455,2026-08-19,1383.88,PENDING
CUST-DUP-0456,2026-08-19,143.63,COMPLETED
CUST-DUP-0457,2026-08-20,508.22,PENDING
CUST-DUP-0458,2026-08-20,647.02,COMPLETED
CUST-DUP-0459,2026-08-20,481.73,COMPLETED
CUST-DUP-0460,2026-08-20,175.25,PENDING
CUST-DUP-0461,2026-08-20,127.3,PENDING
CUST-DUP-0462,2026-08-20,1244.28,PENDING
CUST-DUP-0463,2026-08-20,1121.07,CANCELLED
CUST-DUP-0464,2026-08-20,295.27,COMPLETED
CUST-DUP-0465,2026-08-20,1088.62,COMPLETED
CUST-DUP-0466,2026-08-20,319.65,PENDING
CUST-DUP-0467,2026-08-20,649.72,CANCELLED
CUST-DUP-0468,2026-08-20,688.94,PENDING
CUST-DUP-0469,2026-08-20,685.09,PENDING
CUST-DUP-0470,2026-08-20,810.86,PENDING
CUST-DUP-0471,2026-08-20,341.7,PENDING
CUST-DUP-0472,2026-08-20,1174.69,COMPLETED
CUST-DUP-0473,2026-08-20,175.29,CANCELLED
CUST-DUP-0474,2026-08-20,421.81,PENDING
CUST-DUP-0475,2026-08-20,499.59,COMPLETED
CUST-DUP-0476,2026-08-20,412.75,PENDING
CUST-DUP-0477,2026-08-20,399.84,CANCELLED
CUST-DUP-0478,2026-08-20,1155.21,CANCELLED
CUST-DUP-0479,2026-08-20,1324.48,CANCELLED
CUST-DUP-0480,2026-08-20,1454.52,CANCELLED
CUST-DUP-0481,2026-08-21,1403.52,CANCELLED
CUST-DUP-0482,2026-08-21,348.52,PENDING
CUST-DUP-0483,2026-08-21,925.91,CANCELLED
CUST-DUP-0484,2026-08-21,787.93,CANCELLED
CUST-DUP-0485,2026-08-21,1497.61,PENDING
CUST-DUP-0486,2026-08-21,639.58,CANCELLED
CUST-DUP-0487,2026-08-21,1251.29,CANCELLED
CUST-DUP-0488,2026-08-21,169.42,CANCELLED
CUST-DUP-0489,2026-08-21,481.34,PENDING
CUST-DUP-0490,2026-08-21,1087.34,PENDING
CUST-DUP-0491,2026-08-21,469.33,CANCELLED
CUST-DUP-0492,2026-08-21,956.14,COMPLETED
CUST-DUP-0493,2026-08-21,1161.99,COMPLETED
CUST-DUP-0494,2026-08-21,433.09,COMPLETED
CUST-DUP-0495,2026-08-21,665.2,COMPLETED
CUST-DUP-0496,2026-08-21,398.73,PENDING
CUST-DUP-0497,2026-08-21,883.41,CANCELLED
CUST-DUP-0498,2026-08-21,433.34,CANCELLED
CUST-DUP-0499,2026-08-21,668.53,CANCELLED
CUST-DUP-0500,2026-08-21,685.37,PENDING
CUST-DUP-0501,2026-08-01,832.87,COMPLETED
CUST-DUP-0502,2026-08-01,594.65,CANCELLED
CUST-DUP-0503,2026-08-01,1175.67,PENDING
CUST-DUP-0504,2026-08-01,781.17,COMPLETED
CUST-DUP-0505,2026-08-01,275.27,COMPLETED
CUST-DUP-0506,2026-08-01,1248.34,PENDING
CUST-DUP-0507,2026-08-01,304.73,PENDING
CUST-DUP-0508,2026-08-01,208.83,COMPLETED
CUST-DUP-0509,2026-08-01,1312.06,CANCELLED
CUST-DUP-0510,2026-08-01,1147.07,COMPLETED
CUST-DUP-0511,2026-08-01,415.92,PENDING
CUST-DUP-0512,2026-08-01,562.66,COMPLETED
CUST-DUP-0513,2026-08-01,1219.23,CANCELLED
CUST-DUP-0514,2026-08-01,1484.9,COMPLETED
CUST-DUP-0515,2026-08-01,1052.56,CANCELLED
CUST-DUP-0516,2026-08-01,1188.76,COMPLETED
CUST-DUP-0517,2026-08-01,359.73,PENDING
CUST-DUP-0518,2026-08-01,1478.97,COMPLETED
CUST-DUP-0519,2026-08-01,986.03,COMPLETED
CUST-DUP-0520,2026-08-01,1035.2,COMPLETED
CUST-DUP-0521,2026-08-01,1320.84,CANCELLED
CUST-DUP-0522,2026-08-01,1131.76,COMPLETED
CUST-DUP-0523,2026-08-01,532.69,PENDING
CUST-DUP-0524,2026-08-01,618.59,PENDING
CUST-DUP-0525,2026-08-02,104.07,PENDING
CUST-DUP-0526,2026-08-02,1159.84,CANCELLED
CUST-DUP-0527,2026-08-02,1130.57,COMPLETED
CUST-DUP-0528,2026-08-02,683.59,PENDING
CUST-DUP-0529,2026-08-02,451.42,CANCELLED
CUST-DUP-0530,2026-08-02,1071.31,PENDING
CUST-DUP-0531,2026-08-02,662.1,COMPLETED
CUST-DUP-0532,2026-08-02,836.43,PENDING
CUST-DUP-0533,2026-08-02,733.59,COMPLETED
CUST-DUP-0534,2026-08-02,392.11,COMPLETED
CUST-DUP-0535,2026-08-02,966.87,CANCELLED
CUST-DUP-0536,2026-08-02,532.04,COMPLETED
CUST-DUP-0537,2026-08-02,1357.08,PENDING
CUST-DUP-0538,2026-08-02,1401.86,PENDING
CUST-DUP-0539,2026-08-02,1267.43,CANCELLED
CUST-DUP-0540,2026-08-02,551.66,PENDING
CUST-DUP-0541,2026-08-02,994.7,CANCELLED
CUST-DUP-0542,2026-08-02,271.16,PENDING
CUST-DUP-0543,2026-08-02,242.61,PENDING
CUST-DUP-0544,2026-08-02,377.71,CANCELLED
CUST-DUP-0545,2026-08-02,1100.73,PENDING
CUST-DUP-0546,2026-08-02,1072.23,PENDING
CUST-DUP-0547,2026-08-02,1032.1,COMPLETED
CUST-DUP-0548,2026-08-02,141.01,CANCELLED
CUST-DUP-0549,2026-08-03,1067.19,CANCELLED
CUST-DUP-0550,2026-08-03,1229.76,COMPLETED
CUST-DUP-0551,2026-08-03,909.5,CANCELLED
CUST-DUP-0552,2026-08-03,543.6,PENDING
CUST-DUP-0553,2026-08-03,337.79,CANCELLED
CUST-DUP-0554,2026-08-03,854.71,CANCELLED
CUST-DUP-0555,2026-08-03,1288.62,CANCELLED
CUST-DUP-0556,2026-08-03,1070.56,PENDING
CUST-DUP-0557,2026-08-03,181.34,PENDING
CUST-DUP-0558,2026-08-03,876.72,PENDING
CUST-DUP-0559,2026-08-03,147.73,PENDING
CUST-DUP-0560,2026-08-03,697.26,CANCELLED
CUST-DUP-0561,2026-08-03,1089.97,PENDING
CUST-DUP-0562,2026-08-03,157.5,COMPLETED
CUST-DUP-0563,2026-08-03,1437.99,CANCELLED
CUST-DUP-0564,2026-08-03,649.05,CANCELLED
CUST-DUP-0565,2026-08-03,1061.28,COMPLETED
CUST-DUP-0566,2026-08-03,647.78,COMPLETED
CUST-DUP-0567,2026-08-03,487.62,COMPLETED
CUST-DUP-0568,2026-08-03,1213.76,CANCELLED
CUST-DUP-0569,2026-08-03,494.48,PENDING
CUST-DUP-0570,2026-08-03,546.39,COMPLETED
CUST-DUP-0571,2026-08-03,1122.79,CANCELLED
CUST-DUP-0572,2026-08-03,521.6,COMPLETED
CUST-DUP-0573,2026-08-04,644.97,CANCELLED
CUST-DUP-0574,2026-08-04,722.24,COMPLETED
CUST-DUP-0575,2026-08-04,710.79,CANCELLED
CUST-DUP-0576,2026-08-04,440.82,CANCELLED
CUST-DUP-0577,2026-08-04,168.49,CANCELLED
CUST-DUP-0578,2026-08-04,285.49,CANCELLED
CUST-DUP-0579,2026-08-04,1495.4,CANCELLED
CUST-DUP-0580,2026-08-04,187.71,CANCELLED
CUST-DUP-0581,2026-08-04,1052.04,PENDING
CUST-DUP-0582,2026-08-04,778.29,CANCELLED
CUST-DUP-0583,2026-08-04,211.39,COMPLETED
CUST-DUP-0584,2026-08-04,1026.85,CANCELLED
CUST-DUP-0585,2026-08-04,940.94,PENDING
CUST-DUP-0586,2026-08-04,179.95,PENDING
CUST-DUP-0587,2026-08-04,677.1,COMPLETED
CUST-DUP-0588,2026-08-04,965.16,COMPLETED
CUST-DUP-0589,2026-08-04,1052.44,CANCELLED
CUST-DUP-0590,2026-08-04,1276.17,CANCELLED
CUST-DUP-0591,2026-08-04,898.12,PENDING
CUST-DUP-0592,2026-08-04,887.98,PENDING
CUST-DUP-0593,2026-08-04,644.2,CANCELLED
CUST-DUP-0594,2026-08-04,160.2,PENDING
CUST-DUP-0595,2026-08-04,897.9,CANCELLED
CUST-DUP-0596,2026-08-04,1402.35,COMPLETED
CUST-DUP-0597,2026-08-05,1281.08,COMPLETED
CUST-DUP-0598,2026-08-05,718.07,CANCELLED
CUST-DUP-0599,2026-08-05,462.94,PENDING
CUST-DUP-0600,2026-08-05,219.77,PENDING
CUST-DUP-0601,2026-08-05,452.35,PENDING
CUST-DUP-0602,2026-08-05,250.25,CANCELLED
CUST-DUP-0603,2026-08-05,328.09,CANCELLED
CUST-DUP-0604,2026-08-05,402.53,PENDING
CUST-DUP-0605,2026-08-05,1042.4,PENDING
CUST-DUP-0606,2026-08-05,419.88,CANCELLED
CUST-DUP-0607,2026-08-05,425.5,PENDING
CUST-DUP-0608,2026-08-05,361.58,CANCELLED
CUST-DUP-0609,2026-08-05,556.17,CANCELLED
CUST-DUP-0610,2026-08-05,400.18,COMPLETED
CUST-DUP-0611,2026-08-05,173.54,COMPLETED
CUST-DUP-0612,2026-08-05,826.45,PENDING
CUST-DUP-0613,2026-08-05,214.03,CANCELLED
CUST-DUP-0614,2026-08-05,712.64,PENDING
CUST-DUP-0615,2026-08-05,340.79,CANCELLED
CUST-DUP-0616,2026-08-05,557.17,COMPLETED
CUST-DUP-0617,2026-08-05,648.11,COMPLETED
CUST-DUP-0618,2026-08-05,1071.28,COMPLETED
CUST-DUP-0619,2026-08-05,968.55,COMPLETED
CUST-DUP-0620,2026-08-05,754.31,CANCELLED
CUST-DUP-0621,2026-08-06,1146.77,PENDING
CUST-DUP-0622,2026-08-06,852.81,PENDING
CUST-DUP-0623,2026-08-06,313.4,PENDING
CUST-DUP-0624,2026-08-06,1002.41,COMPLETED
CUST-DUP-0625,2026-08-06,395.61,CANCELLED
CUST-DUP-0626,2026-08-06,1120.55,COMPLETED
CUST-DUP-0627,2026-08-06,129.35,CANCELLED
CUST-DUP-0628,2026-08-06,834.49,PENDING
CUST-DUP-0629,2026-08-06,547.34,CANCELLED
CUST-DUP-0630,2026-08-06,431.72,COMPLETED
CUST-DUP-0631,2026-08-06,1116.8,CANCELLED
CUST-DUP-0632,2026-08-06,801.01,PENDING
CUST-DUP-0633,2026-08-06,1214.99,PENDING
CUST-DUP-0634,2026-08-06,1277.16,COMPLETED
CUST-DUP-0635,2026-08-06,344.89,PENDING
CUST-DUP-0636,2026-08-06,860.61,PENDING
CUST-DUP-0637,2026-08-06,1208.44,COMPLETED
CUST-DUP-0638,2026-08-06,117.33,COMPLETED
CUST-DUP-0639,2026-08-06,356.76,COMPLETED
CUST-DUP-0640,2026-08-06,1208.58,CANCELLED
CUST-DUP-0641,2026-08-06,663.85,COMPLETED
CUST-DUP-0642,2026-08-06,994.41,CANCELLED
CUST-DUP-0643,2026-08-06,597.36,PENDING
CUST-DUP-0644,2026-08-06,282.13,CANCELLED
CUST-DUP-0645,2026-08-07,769.39,PENDING
CUST-DUP-0646,2026-08-07,455.17,COMPLETED
CUST-DUP-0647,2026-08-07,1431.97,COMPLETED
CUST-DUP-0648,2026-08-07,1080.77,COMPLETED
CUST-DUP-0649,2026-08-07,331.16,COMPLETED
CUST-DUP-0650,2026-08-07,1019.14,CANCELLED
CUST-DUP-0651,2026-08-07,1419.69,COMPLETED
CUST-DUP-0652,2026-08-07,686.16,COMPLETED
CUST-DUP-0653,2026-08-07,983.91,CANCELLED
CUST-DUP-0654,2026-08-07,547.3,PENDING
CUST-DUP-0655,2026-08-07,1053.41,PENDING
CUST-DUP-0656,2026-08-07,1159.64,CANCELLED
CUST-DUP-0657,2026-08-07,830.12,PENDING
CUST-DUP-0658,2026-08-07,869.38,CANCELLED
CUST-DUP-0659,2026-08-07,1392.05,CANCELLED
CUST-DUP-0660,2026-08-07,1173.77,PENDING
CUST-DUP-0661,2026-08-07,119.07,CANCELLED
CUST-DUP-0662,2026-08-07,1376.02,COMPLETED
CUST-DUP-0663,2026-08-07,867.69,PENDING
CUST-DUP-0664,2026-08-07,108.1,CANCELLED
CUST-DUP-0665,2026-08-07,1364.08,PENDING
CUST-DUP-0666,2026-08-07,999.89,COMPLETED
CUST-DUP-0667,2026-08-07,467.25,COMPLETED
CUST-DUP-0668,2026-08-07,885.64,CANCELLED
CUST-DUP-0669,2026-08-08,1334.81,PENDING
CUST-DUP-0670,2026-08-08,644.18,COMPLETED
CUST-DUP-0671,2026-08-08,637.07,CANCELLED
CUST-DUP-0672,2026-08-08,674.4,COMPLETED
CUST-DUP-0673,2026-08-08,258.37,PENDING
CUST-DUP-0674,2026-08-08,675.79,COMPLETED
CUST-DUP-0675,2026-08-08,1165.31,CANCELLED
CUST-DUP-0676,2026-08-08,943.59,COMPLETED
CUST-DUP-0677,2026-08-08,808.66,CANCELLED
CUST-DUP-0678,2026-08-08,1135.76,PENDING
CUST-DUP-0679,2026-08-08,1222.89,CANCELLED
CUST-DUP-0680,2026-08-08,1019.56,PENDING
CUST-DUP-0681,2026-08-08,552.85,PENDING
CUST-DUP-0682,2026-08-08,1049.62,CANCELLED
CUST-DUP-0683,2026-08-08,217.62,PENDING
CUST-DUP-0684,2026-08-08,112.11,CANCELLED
CUST-DUP-0685,2026-08-08,992.24,CANCELLED
CUST-DUP-0686,2026-08-08,751.53,CANCELLED
CUST-DUP-0687,2026-08-08,512.55,CANCELLED
CUST-DUP-0688,2026-08-08,1349.11,COMPLETED
CUST-DUP-0689,2026-08-08,863.62,COMPLETED
CUST-DUP-0690,2026-08-08,998.8,CANCELLED
CUST-DUP-0691,2026-08-08,445.44,CANCELLED
CUST-DUP-0692,2026-08-08,772.59,COMPLETED
CUST-DUP-0693,2026-08-09,1372.6,PENDING
CUST-DUP-0694,2026-08-09,646.24,CANCELLED
CUST-DUP-0695,2026-08-09,881.59,COMPLETED
CUST-DUP-0696,2026-08-09,557.22,CANCELLED
CUST-DUP-0697,2026-08-09,409.67,COMPLETED
CUST-DUP-0698,2026-08-09,244.4,CANCELLED
CUST-DUP-0699,2026-08-09,951.06,CANCELLED
CUST-DUP-0700,2026-08-09,131.57,CANCELLED
CUST-DUP-0701,2026-08-09,751.23,CANCELLED
CUST-DUP-0702,2026-08-09,1257.75,PENDING
CUST-DUP-0703,2026-08-09,714.17,PENDING
CUST-DUP-0704,2026-08-09,372.27,CANCELLED
CUST-DUP-0705,2026-08-09,993.74,CANCELLED
CUST-DUP-0706,2026-08-09,198.94,CANCELLED
CUST-DUP-0707,2026-08-09,868.44,COMPLETED
CUST-DUP-0708,2026-08-09,138.95,CANCELLED
CUST-DUP-0709,2026-08-09,1438.59,PENDING
CUST-DUP-0710,2026-08-09,1440.38,CANCELLED
CUST-DUP-0711,2026-08-09,528.11,COMPLETED
CUST-DUP-0712,2026-08-09,223.61,PENDING
CUST-DUP-0713,2026-08-09,1383.7,CANCELLED
CUST-DUP-0714,2026-08-09,1314.87,PENDING
CUST-DUP-0715,2026-08-09,435.25,PENDING
CUST-DUP-0716,2026-08-09,815.28,PENDING
CUST-DUP-0717,2026-08-10,434.33,PENDING
CUST-DUP-0718,2026-08-10,581.1,CANCELLED
CUST-DUP-0719,2026-08-10,884.84,CANCELLED
CUST-DUP-0720,2026-08-10,746.59,PENDING
CUST-DUP-0721,2026-08-10,716.42,PENDING
CUST-DUP-0722,2026-08-10,999.32,PENDING
CUST-DUP-0723,2026-08-10,884.96,CANCELLED
CUST-DUP-0724,2026-08-10,922.2,CANCELLED
CUST-DUP-0725,2026-08-10,1269.71,CANCELLED
CUST-DUP-0726,2026-08-10,1492.09,CANCELLED
CUST-DUP-0727,2026-08-10,789.82,PENDING
CUST-DUP-0728,2026-08-10,125.95,PENDING
CUST-DUP-0729,2026-08-10,388.25,CANCELLED
CUST-DUP-0730,2026-08-10,1236.68,COMPLETED
CUST-DUP-0731,2026-08-10,765.39,PENDING
CUST-DUP-0732,2026-08-10,1239.74,PENDING
CUST-DUP-0733,2026-08-10,771.69,COMPLETED
CUST-DUP-0734,2026-08-10,1236.3,PENDING
CUST-DUP-0735,2026-08-10,220.53,CANCELLED
CUST-DUP-0736,2026-08-10,562.92,PENDING
CUST-DUP-0737,2026-08-10,770.16,PENDING
CUST-DUP-0738,2026-08-10,528.61,PENDING
CUST-DUP-0739,2026-08-10,295.02,CANCELLED
CUST-DUP-0740,2026-08-10,1302.96,CANCELLED
CUST-DUP-0741,2026-08-11,914.83,COMPLETED
CUST-DUP-0742,2026-08-11,278.53,PENDING
CUST-DUP-0743,2026-08-11,689.26,CANCELLED
CUST-DUP-0744,2026-08-11,1257.68,COMPLETED
CUST-DUP-0745,2026-08-11,457.81,CANCELLED
CUST-DUP-0746,2026-08-11,405.64,COMPLETED
CUST-DUP-0747,2026-08-11,1265.96,CANCELLED
CUST-DUP-0748,2026-08-11,1165.11,COMPLETED
CUST-DUP-0749,2026-08-11,432.58,CANCELLED
CUST-DUP-0750,2026-08-11,1316.62,COMPLETED
CUST-DUP-0751,2026-08-11,459.03,COMPLETED
CUST-DUP-0752,2026-08-11,806.26,CANCELLED
CUST-DUP-0753,2026-08-11,205.52,CANCELLED
CUST-DUP-0754,2026-08-11,1314.37,COMPLETED
CUST-DUP-0755,2026-08-11,1373.37,COMPLETED
CUST-DUP-0756,2026-08-11,344.82,CANCELLED
CUST-DUP-0757,2026-08-11,1240.4,PENDING
CUST-DUP-0758,2026-08-11,940.88,COMPLETED
CUST-DUP-0759,2026-08-11,1092.42,CANCELLED
CUST-DUP-0760,2026-08-11,1034.76,CANCELLED
CUST-DUP-0761,2026-08-11,635.37,CANCELLED
CUST-DUP-0762,2026-08-11,747.3,CANCELLED
CUST-DUP-0763,2026-08-11,421.28,COMPLETED
CUST-DUP-0764,2026-08-11,846.2,PENDING
CUST-DUP-0765,2026-08-12,1497.49,CANCELLED
CUST-DUP-0766,2026-08-12,1119.33,CANCELLED
CUST-DUP-0767,2026-08-12,336.75,PENDING
CUST-DUP-0768,2026-08-12,1173.44,CANCELLED
CUST-DUP-0769,2026-08-12,1314.94,COMPLETED
CUST-DUP-0770,2026-08-12,742.22,COMPLETED
CUST-DUP-0771,2026-08-12,845.36,PENDING
CUST-DUP-0772,2026-08-12,830.36,COMPLETED
CUST-DUP-0773,2026-08-12,1101.31,CANCELLED
CUST-DUP-0774,2026-08-12,723.35,COMPLETED
CUST-DUP-0775,2026-08-12,519.54,CANCELLED
CUST-DUP-0776,2026-08-12,375.61,CANCELLED
CUST-DUP-0777,2026-08-12,781.29,CANCELLED
CUST-DUP-0778,2026-08-12,443.5,PENDING
CUST-DUP-0779,2026-08-12,1365.29,CANCELLED
CUST-DUP-0780,2026-08-12,1411.51,CANCELLED
CUST-DUP-0781,2026-08-12,1415.12,PENDING
CUST-DUP-0782,2026-08-12,1316.98,CANCELLED
CUST-DUP-0783,2026-08-12,454.87,CANCELLED
CUST-DUP-0784,2026-08-12,104.95,COMPLETED
CUST-DUP-0785,2026-08-12,1155.04,PENDING
CUST-DUP-0786,2026-08-12,1170.33,PENDING
CUST-DUP-0787,2026-08-12,1326.4,CANCELLED
CUST-DUP-0788,2026-08-12,828.74,CANCELLED
CUST-DUP-0789,2026-08-13,1466.45,CANCELLED
CUST-DUP-0790,2026-08-13,379.47,COMPLETED
CUST-DUP-0791,2026-08-13,918.22,CANCELLED
CUST-DUP-0792,2026-08-13,128.77,PENDING
CUST-DUP-0793,2026-08-13,1189.61,PENDING
CUST-DUP-0794,2026-08-13,1482.84,COMPLETED
CUST-DUP-0795,2026-08-13,1215.46,CANCELLED
CUST-DUP-0796,2026-08-13,733.64,PENDING
CUST-DUP-0797,2026-08-13,704.45,COMPLETED
CUST-DUP-0798,2026-08-13,1045.24,COMPLETED
CUST-DUP-0799,2026-08-13,258.17,COMPLETED
CUST-DUP-0800,2026-08-13,1076.05,PENDING
CUST-DUP-0801,2026-08-13,1286.68,CANCELLED
CUST-DUP-0802,2026-08-13,529.86,CANCELLED
CUST-DUP-0803,2026-08-13,346.76,COMPLETED
CUST-DUP-0804,2026-08-13,983.23,COMPLETED
CUST-DUP-0805,2026-08-13,102.96,PENDING
CUST-DUP-0806,2026-08-13,1391.47,PENDING
CUST-DUP-0807,2026-08-13,277.91,PENDING
CUST-DUP-0808,2026-08-13,552.96,CANCELLED
CUST-DUP-0809,2026-08-13,992.11,PENDING
CUST-DUP-0810,2026-08-13,1387.71,PENDING
CUST-DUP-0811,2026-08-13,1277.66,COMPLETED
CUST-DUP-0812,2026-08-13,954.12,PENDING
CUST-DUP-0813,2026-08-14,843.77,CANCELLED
CUST-DUP-0814,2026-08-14,185.99,CANCELLED
CUST-DUP-0815,2026-08-14,1158.59,CANCELLED
CUST-DUP-0816,2026-08-14,187.46,CANCELLED
CUST-DUP-0817,2026-08-14,380.96,COMPLETED
CUST-DUP-0818,2026-08-14,1131.32,PENDING
CUST-DUP-0819,2026-08-14,571.69,CANCELLED
CUST-DUP-0820,2026-08-14,237.44,COMPLETED
CUST-DUP-0821,2026-08-14,931.87,PENDING
CUST-DUP-0822,2026-08-14,338.95,COMPLETED
CUST-DUP-0823,2026-08-14,1182.06,PENDING
CUST-DUP-0824,2026-08-14,1348.14,COMPLETED
CUST-DUP-0825,2026-08-14,1442.46,COMPLETED
CUST-DUP-0826,2026-08-14,1017.85,PENDING
CUST-DUP-0827,2026-08-14,904.51,CANCELLED
CUST-DUP-0828,2026-08-14,102.81,CANCELLED
CUST-DUP-0829,2026-08-14,998.41,PENDING
CUST-DUP-0830,2026-08-14,380.48,COMPLETED
CUST-DUP-0831,2026-08-14,374.91,CANCELLED
CUST-DUP-0832,2026-08-14,591.9,CANCELLED
CUST-DUP-0833,2026-08-14,141.33,PENDING
CUST-DUP-0834,2026-08-14,527.4,COMPLETED
CUST-DUP-0835,2026-08-14,935.89,PENDING
CUST-DUP-0836,2026-08-14,362.47,CANCELLED
CUST-DUP-0837,2026-08-15,546.94,PENDING
CUST-DUP-0838,2026-08-15,579.0,CANCELLED
CUST-DUP-0839,2026-08-15,621.82,COMPLETED
CUST-DUP-0840,2026-08-15,1457.87,PENDING
CUST-DUP-0841,2026-08-15,1268.85,CANCELLED
CUST-DUP-0842,2026-08-15,142.05,COMPLETED
CUST-DUP-0843,2026-08-15,203.55,CANCELLED
CUST-DUP-0844,2026-08-15,194.92,CANCELLED
CUST-DUP-0845,2026-08-15,744.94,COMPLETED
CUST-DUP-0846,2026-08-15,1317.5,CANCELLED
CUST-DUP-0847,2026-08-15,787.65,CANCELLED
CUST-DUP-0848,2026-08-15,464.25,PENDING
CUST-DUP-0849,2026-08-15,881.06,CANCELLED
CUST-DUP-0850,2026-08-15,826.49,PENDING
CUST-DUP-0851,2026-08-15,1374.71,CANCELLED
CUST-DUP-0852,2026-08-15,506.0,COMPLETED
CUST-DUP-0853,2026-08-15,1188.17,CANCELLED
CUST-DUP-0854,2026-08-15,477.36,CANCELLED
CUST-DUP-0855,2026-08-15,1410.96,PENDING
CUST-DUP-0856,2026-08-15,243.62,PENDING
CUST-DUP-0857,2026-08-15,754.44,COMPLETED
CUST-DUP-0858,2026-08-15,105.52,CANCELLED
CUST-DUP-0859,2026-08-15,1185.19,COMPLETED
CUST-DUP-0860,2026-08-15,772.93,COMPLETED
CUST-DUP-0861,2026-08-16,585.99,PENDING
CUST-DUP-0862,2026-08-16,1313.52,CANCELLED
CUST-DUP-0863,2026-08-16,651.6,CANCELLED
CUST-DUP-0864,2026-08-16,1472.45,CANCELLED
CUST-DUP-0865,2026-08-16,1096.59,COMPLETED
CUST-DUP-0866,2026-08-16,835.73,PENDING
CUST-DUP-0867,2026-08-16,625.5,CANCELLED
CUST-DUP-0868,2026-08-16,256.27,COMPLETED
CUST-DUP-0869,2026-08-16,1391.11,CANCELLED
CUST-DUP-0870,2026-08-16,520.71,COMPLETED
CUST-DUP-0871,2026-08-16,913.88,COMPLETED
CUST-DUP-0872,2026-08-16,517.66,PENDING
CUST-DUP-0873,2026-08-16,568.68,COMPLETED
CUST-DUP-0874,2026-08-16,484.93,CANCELLED
CUST-DUP-0875,2026-08-16,278.88,CANCELLED
CUST-DUP-0876,2026-08-16,448.05,CANCELLED
CUST-DUP-0877,2026-08-16,556.17,COMPLETED
CUST-DUP-0878,2026-08-16,1230.5,COMPLETED
CUST-DUP-0879,2026-08-16,1478.76,PENDING
CUST-DUP-0880,2026-08-16,1254.65,CANCELLED
CUST-DUP-0881,2026-08-16,465.19,PENDING
CUST-DUP-0882,2026-08-16,1482.34,CANCELLED
CUST-DUP-0883,2026-08-16,737.75,PENDING
CUST-DUP-0884,2026-08-16,374.89,COMPLETED
CUST-DUP-0885,2026-08-17,751.57,PENDING
CUST-DUP-0886,2026-08-17,1158.47,COMPLETED
CUST-DUP-0887,2026-08-17,1239.96,CANCELLED
CUST-DUP-0888,2026-08-17,605.56,CANCELLED
CUST-DUP-0889,2026-08-17,192.65,PENDING
CUST-DUP-0890,2026-08-17,437.42,PENDING
CUST-DUP-0891,2026-08-17,1140.03,COMPLETED
CUST-DUP-0892,2026-08-17,1428.73,COMPLETED
CUST-DUP-0893,2026-08-17,799.64,COMPLETED
CUST-DUP-0894,2026-08-17,1211.24,COMPLETED
CUST-DUP-0895,2026-08-17,143.97,PENDING
CUST-DUP-0896,2026-08-17,552.62,COMPLETED
CUST-DUP-0897,2026-08-17,123.75,CANCELLED
CUST-DUP-0898,2026-08-17,640.32,COMPLETED
CUST-DUP-0899,2026-08-17,1172.97,CANCELLED
CUST-DUP-0900,2026-08-17,152.12,PENDING
CUST-DUP-0901,2026-08-17,552.72,CANCELLED
CUST-DUP-0902,2026-08-17,471.84,PENDING
CUST-DUP-0903,2026-08-17,734.33,CANCELLED
CUST-DUP-0904,2026-08-17,982.43,CANCELLED
CUST-DUP-0905,2026-08-17,700.6,COMPLETED
CUST-DUP-0906,2026-08-17,1091.39,COMPLETED
CUST-DUP-0907,2026-08-17,328.91,COMPLETED
CUST-DUP-0908,2026-08-17,144.96,CANCELLED
CUST-DUP-0909,2026-08-18,1237.39,COMPLETED
CUST-DUP-0910,2026-08-18,955.59,PENDING
CUST-DUP-0911,2026-08-18,518.56,PENDING
CUST-DUP-0912,2026-08-18,1207.21,COMPLETED
CUST-DUP-0913,2026-08-18,1104.58,COMPLETED
CUST-DUP-0914,2026-08-18,1377.02,PENDING
CUST-DUP-0915,2026-08-18,242.33,CANCELLED
CUST-DUP-0916,2026-08-18,1275.44,COMPLETED
CUST-DUP-0917,2026-08-18,480.7,CANCELLED
CUST-DUP-0918,2026-08-18,1434.43,COMPLETED
CUST-DUP-0919,2026-08-18,321.39,COMPLETED
CUST-DUP-0920,2026-08-18,346.16,PENDING
CUST-DUP-0921,2026-08-18,573.46,COMPLETED
CUST-DUP-0922,2026-08-18,1384.5,PENDING
CUST-DUP-0923,2026-08-18,1493.41,COMPLETED
CUST-DUP-0924,2026-08-18,526.51,PENDING
CUST-DUP-0925,2026-08-18,1442.97,COMPLETED
CUST-DUP-0926,2026-08-18,487.66,PENDING
CUST-DUP-0927,2026-08-18,1206.13,CANCELLED
CUST-DUP-0928,2026-08-18,975.32,CANCELLED
CUST-DUP-0929,2026-08-18,192.52,COMPLETED
CUST-DUP-0930,2026-08-18,1133.31,CANCELLED
CUST-DUP-0931,2026-08-18,365.19,COMPLETED
CUST-DUP-0932,2026-08-18,675.31,COMPLETED
CUST-DUP-0933,2026-08-19,1130.34,PENDING
CUST-DUP-0934,2026-08-19,407.18,PENDING
CUST-DUP-0935,2026-08-19,122.03,CANCELLED
CUST-DUP-0936,2026-08-19,1299.62,COMPLETED
CUST-DUP-0937,2026-08-19,555.13,CANCELLED
CUST-DUP-0938,2026-08-19,609.9,CANCELLED
CUST-DUP-0939,2026-08-19,461.32,PENDING
CUST-DUP-0940,2026-08-19,403.44,COMPLETED
CUST-DUP-0941,2026-08-19,1410.35,PENDING
CUST-DUP-0942,2026-08-19,678.85,COMPLETED
CUST-DUP-0943,2026-08-19,842.4,COMPLETED
CUST-DUP-0944,2026-08-19,769.32,COMPLETED
CUST-DUP-0945,2026-08-19,1433.93,COMPLETED
CUST-DUP-0946,2026-08-19,1063.46,COMPLETED
CUST-DUP-0947,2026-08-19,510.21,COMPLETED
CUST-DUP-0948,2026-08-19,1440.48,CANCELLED
CUST-DUP-0949,2026-08-19,1377.35,CANCELLED
CUST-DUP-0950,2026-08-19,858.85,COMPLETED
CUST-DUP-0951,2026-08-19,1196.59,CANCELLED
CUST-DUP-0952,2026-08-19,500.06,PENDING
CUST-DUP-0953,2026-08-19,1060.09,COMPLETED
CUST-DUP-0954,2026-08-19,1417.04,COMPLETED
CUST-DUP-0955,2026-08-19,303.62,CANCELLED
CUST-DUP-0956,2026-08-19,464.44,CANCELLED
CUST-DUP-0957,2026-08-20,1319.79,COMPLETED
CUST-DUP-0958,2026-08-20,620.78,CANCELLED
CUST-DUP-0959,2026-08-20,1439.33,COMPLETED
CUST-DUP-0960,2026-08-20,1111.47,PENDING
CUST-DUP-0961,2026-08-20,1121.69,COMPLETED
CUST-DUP-0962,2026-08-20,1042.82,COMPLETED
CUST-DUP-0963,2026-08-20,1233.92,CANCELLED
CUST-DUP-0964,2026-08-20,1051.49,PENDING
CUST-DUP-0965,2026-08-20,1065.8,COMPLETED
CUST-DUP-0966,2026-08-20,598.99,PENDING
CUST-DUP-0967,2026-08-20,858.64,CANCELLED
CUST-DUP-0968,2026-08-20,1489.43,PENDING
CUST-DUP-0969,2026-08-20,1290.26,CANCELLED
CUST-DUP-0970,2026-08-20,1046.8,CANCELLED
CUST-DUP-0971,2026-08-20,1081.55,CANCELLED
CUST-DUP-0972,2026-08-20,533.21,COMPLETED
CUST-DUP-0973,2026-08-20,140.92,PENDING
CUST-DUP-0974,2026-08-20,187.01,PENDING
CUST-DUP-0975,2026-08-20,1057.37,CANCELLED
CUST-DUP-0976,2026-08-20,802.09,CANCELLED
CUST-DUP-0977,2026-08-20,706.14,PENDING
CUST-DUP-0978,2026-08-20,961.76,COMPLETED
CUST-DUP-0979,2026-08-20,355.33,CANCELLED
CUST-DUP-0980,2026-08-20,1073.3,CANCELLED
CUST-DUP-0981,2026-08-21,763.46,CANCELLED
CUST-DUP-0982,2026-08-21,1193.91,PENDING
CUST-DUP-0983,2026-08-21,1498.06,CANCELLED
CUST-DUP-0984,2026-08-21,1432.97,CANCELLED
CUST-DUP-0985,2026-08-21,1033.73,PENDING
CUST-DUP-0986,2026-08-21,1417.7,CANCELLED
CUST-DUP-0987,2026-08-21,1211.3,PENDING
CUST-DUP-0988,2026-08-21,1139.5,PENDING
CUST-DUP-0989,2026-08-21,895.6,CANCELLED
CUST-DUP-0990,2026-08-21,585.63,PENDING
CUST-DUP-0991,2026-08-21,1283.73,PENDING
CUST-DUP-0992,2026-08-21,1119.66,PENDING
CUST-DUP-0993,2026-08-21,188.28,CANCELLED
CUST-DUP-0994,2026-08-21,343.38,CANCELLED
CUST-DUP-0995,2026-08-21,299.3,CANCELLED
CUST-DUP-0996,2026-08-21,591.8,CANCELLED
CUST-DUP-0997,2026-08-21,1139.18,COMPLETED
CUST-DUP-0998,2026-08-21,1275.52,COMPLETED
CUST-DUP-0999,2026-08-21,745.94,CANCELLED
CUST-DUP-1000,2026-08-21,123.06,CANCELLED
CUST-DUP-1001,2026-08-01,291.55,PENDING
CUST-DUP-1002,2026-08-01,627.99,COMPLETED
CUST-DUP-1003,2026-08-01,170.72,PENDING
CUST-DUP-1004,2026-08-01,463.49,CANCELLED
CUST-DUP-1005,2026-08-01,668.42,PENDING
CUST-DUP-1006,2026-08-01,680.25,CANCELLED
CUST-DUP-1007,2026-08-01,512.39,PENDING
CUST-DUP-1008,2026-08-01,941.93,COMPLETED
CUST-DUP-1009,2026-08-01,236.8,PENDING
CUST-DUP-1010,2026-08-01,262.41,COMPLETED
CUST-DUP-1011,2026-08-01,264.04,PENDING
CUST-DUP-1012,2026-08-01,1275.19,COMPLETED
CUST-DUP-1013,2026-08-01,248.4,PENDING
CUST-DUP-1014,2026-08-01,808.14,PENDING
CUST-DUP-1015,2026-08-01,506.24,PENDING
CUST-DUP-1016,2026-08-01,1426.86,COMPLETED
CUST-DUP-1017,2026-08-01,1226.8,COMPLETED
CUST-DUP-1018,2026-08-01,496.03,CANCELLED
CUST-DUP-1019,2026-08-01,1319.13,COMPLETED
CUST-DUP-1020,2026-08-01,1433.25,COMPLETED
CUST-DUP-1021,2026-08-01,1419.57,CANCELLED
CUST-DUP-1022,2026-08-01,674.13,CANCELLED
CUST-DUP-1023,2026-08-01,935.59,PENDING
CUST-DUP-1024,2026-08-01,1207.37,COMPLETED
CUST-DUP-1025,2026-08-02,1454.23,PENDING
CUST-DUP-1026,2026-08-02,522.64,PENDING
CUST-DUP-1027,2026-08-02,1269.18,COMPLETED
CUST-DUP-1028,2026-08-02,432.86,PENDING
CUST-DUP-1029,2026-08-02,1043.73,PENDING
CUST-DUP-1030,2026-08-02,1344.9,PENDING
CUST-DUP-1031,2026-08-02,458.39,COMPLETED
CUST-DUP-1032,2026-08-02,1231.21,PENDING
CUST-DUP-1033,2026-08-02,1310.11,COMPLETED
CUST-DUP-1034,2026-08-02,530.28,PENDING
CUST-DUP-1035,2026-08-02,584.56,COMPLETED
CUST-DUP-1036,2026-08-02,1428.79,COMPLETED
CUST-DUP-1037,2026-08-02,578.38,CANCELLED
CUST-DUP-1038,2026-08-02,408.03,CANCELLED
CUST-DUP-1039,2026-08-02,322.2,COMPLETED
CUST-DUP-1040,2026-08-02,1250.07,COMPLETED
CUST-DUP-1041,2026-08-02,769.41,CANCELLED
CUST-DUP-1042,2026-08-02,1281.22,COMPLETED
CUST-DUP-1043,2026-08-02,1241.97,COMPLETED
CUST-DUP-1044,2026-08-02,1437.92,PENDING
CUST-DUP-1045,2026-08-02,680.94,PENDING
CUST-DUP-1046,2026-08-02,613.46,PENDING
CUST-DUP-1047,2026-08-02,631.83,PENDING
CUST-DUP-1048,2026-08-02,498.64,COMPLETED
CUST-DUP-1049,2026-08-03,1406.64,PENDING
CUST-DUP-1050,2026-08-03,990.35,COMPLETED
CUST-DUP-1051,2026-08-03,1155.01,CANCELLED
CUST-DUP-1052,2026-08-03,929.43,COMPLETED
CUST-DUP-1053,2026-08-03,561.36,PENDING
CUST-DUP-1054,2026-08-03,1300.5,PENDING
CUST-DUP-1055,2026-08-03,571.31,PENDING
CUST-DUP-1056,2026-08-03,1459.11,PENDING
CUST-DUP-1057,2026-08-03,1369.55,PENDING
CUST-DUP-1058,2026-08-03,1149.64,PENDING
CUST-DUP-1059,2026-08-03,290.76,PENDING
CUST-DUP-1060,2026-08-03,604.35,CANCELLED
CUST-DUP-1061,2026-08-03,636.29,PENDING
CUST-DUP-1062,2026-08-03,1363.3,CANCELLED
CUST-DUP-1063,2026-08-03,755.55,CANCELLED
CUST-DUP-1064,2026-08-03,411.71,PENDING
CUST-DUP-1065,2026-08-03,1470.88,COMPLETED
CUST-DUP-1066,2026-08-03,1468.02,CANCELLED
CUST-DUP-1067,2026-08-03,358.69,COMPLETED
CUST-DUP-1068,2026-08-03,1318.59,COMPLETED
CUST-DUP-1069,2026-08-03,304.75,PENDING
CUST-DUP-1070,2026-08-03,714.23,PENDING
CUST-DUP-1071,2026-08-03,442.75,PENDING
CUST-DUP-1072,2026-08-03,1353.45,CANCELLED
CUST-DUP-1073,2026-08-04,447.78,COMPLETED
CUST-DUP-1074,2026-08-04,849.67,COMPLETED
CUST-DUP-1075,2026-08-04,314.25,PENDING
CUST-DUP-1076,2026-08-04,1133.59,COMPLETED
CUST-DUP-1077,2026-08-04,591.9,COMPLETED
CUST-DUP-1078,2026-08-04,1097.73,PENDING
CUST-DUP-1079,2026-08-04,991.68,COMPLETED
CUST-DUP-1080,2026-08-04,103.08,COMPLETED
CUST-DUP-1081,2026-08-04,1345.42,PENDING
CUST-DUP-1082,2026-08-04,853.3,CANCELLED
CUST-DUP-1083,2026-08-04,898.36,COMPLETED
CUST-DUP-1084,2026-08-04,981.94,PENDING
CUST-DUP-1085,2026-08-04,1072.92,PENDING
CUST-DUP-1086,2026-08-04,241.67,CANCELLED
CUST-DUP-1087,2026-08-04,1079.12,CANCELLED
CUST-DUP-1088,2026-08-04,451.91,CANCELLED
CUST-DUP-1089,2026-08-04,105.49,PENDING
CUST-DUP-1090,2026-08-04,669.11,PENDING
CUST-DUP-1091,2026-08-04,449.6,PENDING
CUST-DUP-1092,2026-08-04,160.14,PENDING
CUST-DUP-1093,2026-08-04,431.46,CANCELLED
CUST-DUP-1094,2026-08-04,1347.75,PENDING
CUST-DUP-1095,2026-08-04,763.51,COMPLETED
CUST-DUP-1096,2026-08-04,240.67,PENDING
CUST-DUP-1097,2026-08-05,577.98,COMPLETED
CUST-DUP-1098,2026-08-05,609.98,PENDING
CUST-DUP-1099,2026-08-05,890.01,CANCELLED
CUST-DUP-1100,2026-08-05,1065.28,CANCELLED
CUST-DUP-1101,2026-08-05,621.31,CANCELLED
CUST-DUP-1102,2026-08-05,1236.23,CANCELLED
CUST-DUP-1103,2026-08-05,544.53,PENDING
CUST-DUP-1104,2026-08-05,980.45,COMPLETED
CUST-DUP-1105,2026-08-05,265.61,PENDING
CUST-DUP-1106,2026-08-05,634.02,CANCELLED
CUST-DUP-1107,2026-08-05,920.9,CANCELLED
CUST-DUP-1108,2026-08-05,1052.45,CANCELLED
CUST-DUP-1109,2026-08-05,1408.86,CANCELLED
CUST-DUP-1110,2026-08-05,511.78,PENDING
CUST-DUP-1111,2026-08-05,691.78,PENDING
CUST-DUP-1112,2026-08-05,1041.85,CANCELLED
CUST-DUP-1113,2026-08-05,703.2,COMPLETED
CUST-DUP-1114,2026-08-05,644.75,CANCELLED
CUST-DUP-1115,2026-08-05,1096.09,CANCELLED
CUST-DUP-1116,2026-08-05,306.44,COMPLETED
CUST-DUP-1117,2026-08-05,302.76,PENDING
CUST-DUP-1118,2026-08-05,1352.63,PENDING
CUST-DUP-1119,2026-08-05,1160.37,PENDING
CUST-DUP-1120,2026-08-05,139.51,PENDING
CUST-DUP-1121,2026-08-06,470.49,PENDING
CUST-DUP-1122,2026-08-06,1280.16,COMPLETED
CUST-DUP-1123,2026-08-06,1026.34,PENDING
CUST-DUP-1124,2026-08-06,124.39,COMPLETED
CUST-DUP-1125,2026-08-06,735.13,PENDING
CUST-DUP-1126,2026-08-06,118.37,COMPLETED
CUST-DUP-1127,2026-08-06,1037.81,PENDING
CUST-DUP-1128,2026-08-06,1498.09,CANCELLED
CUST-DUP-1129,2026-08-06,427.65,CANCELLED
CUST-DUP-1130,2026-08-06,1016.23,COMPLETED
CUST-DUP-1131,2026-08-06,111.48,PENDING
CUST-DUP-1132,2026-08-06,1482.0,CANCELLED
CUST-DUP-1133,2026-08-06,1074.67,PENDING
CUST-DUP-1134,2026-08-06,614.84,PENDING
CUST-DUP-1135,2026-08-06,1243.3,CANCELLED
CUST-DUP-1136,2026-08-06,1442.79,CANCELLED
CUST-DUP-1137,2026-08-06,1022.92,CANCELLED
CUST-DUP-1138,2026-08-06,1145.86,COMPLETED
CUST-DUP-1139,2026-08-06,828.28,COMPLETED
CUST-DUP-1140,2026-08-06,668.21,CANCELLED
CUST-DUP-1141,2026-08-06,1275.26,COMPLETED
CUST-DUP-1142,2026-08-06,325.49,CANCELLED
CUST-DUP-1143,2026-08-06,1103.12,CANCELLED
CUST-DUP-1144,2026-08-06,415.99,CANCELLED
CUST-DUP-1145,2026-08-07,1388.88,CANCELLED
CUST-DUP-1146,2026-08-07,870.12,COMPLETED
CUST-DUP-1147,2026-08-07,834.61,PENDING
CUST-DUP-1148,2026-08-07,1015.02,PENDING
CUST-DUP-1149,2026-08-07,492.09,CANCELLED
CUST-DUP-1150,2026-08-07,952.37,PENDING
CUST-DUP-1151,2026-08-07,1260.06,CANCELLED
CUST-DUP-1152,2026-08-07,781.61,PENDING
CUST-DUP-1153,2026-08-07,1338.38,PENDING
CUST-DUP-1154,2026-08-07,742.66,CANCELLED
CUST-DUP-1155,2026-08-07,908.76,CANCELLED
CUST-DUP-1156,2026-08-07,445.42,PENDING
CUST-DUP-1157,2026-08-07,373.78,PENDING
CUST-DUP-1158,2026-08-07,1152.6,CANCELLED
CUST-DUP-1159,2026-08-07,1398.08,COMPLETED
CUST-DUP-1160,2026-08-07,384.02,COMPLETED
CUST-DUP-1161,2026-08-07,1480.59,COMPLETED
CUST-DUP-1162,2026-08-07,1334.02,CANCELLED
CUST-DUP-1163,2026-08-07,461.91,CANCELLED
CUST-DUP-1164,2026-08-07,132.24,PENDING
CUST-DUP-1165,2026-08-07,1480.6,COMPLETED
CUST-DUP-1166,2026-08-07,1086.31,PENDING
CUST-DUP-1167,2026-08-07,638.02,PENDING
CUST-DUP-1168,2026-08-07,601.41,PENDING
CUST-DUP-1169,2026-08-08,633.86,COMPLETED
CUST-DUP-1170,2026-08-08,1380.68,PENDING
CUST-DUP-1171,2026-08-08,201.75,PENDING
CUST-DUP-1172,2026-08-08,609.41,COMPLETED
CUST-DUP-1173,2026-08-08,314.98,COMPLETED
CUST-DUP-1174,2026-08-08,1242.67,CANCELLED
CUST-DUP-1175,2026-08-08,234.07,CANCELLED
CUST-DUP-1176,2026-08-08,788.59,CANCELLED
CUST-DUP-1177,2026-08-08,862.43,COMPLETED
CUST-DUP-1178,2026-08-08,164.42,PENDING
CUST-DUP-1179,2026-08-08,1466.87,PENDING
CUST-DUP-1180,2026-08-08,570.66,PENDING
CUST-DUP-1181,2026-08-08,1432.99,CANCELLED
CUST-DUP-1182,2026-08-08,960.85,COMPLETED
CUST-DUP-1183,2026-08-08,1475.47,PENDING
CUST-DUP-1184,2026-08-08,205.39,COMPLETED
CUST-DUP-1185,2026-08-08,493.35,CANCELLED
CUST-DUP-1186,2026-08-08,383.61,COMPLETED
CUST-DUP-1187,2026-08-08,882.23,COMPLETED
CUST-DUP-1188,2026-08-08,566.05,CANCELLED
CUST-DUP-1189,2026-08-08,629.93,COMPLETED
CUST-DUP-1190,2026-08-08,1475.94,COMPLETED
CUST-DUP-1191,2026-08-08,1279.43,COMPLETED
CUST-DUP-1192,2026-08-08,1232.35,CANCELLED
CUST-DUP-1193,2026-08-09,1269.84,CANCELLED
CUST-DUP-1194,2026-08-09,589.73,CANCELLED
CUST-DUP-1195,2026-08-09,132.9,PENDING
CUST-DUP-1196,2026-08-09,737.9,PENDING
CUST-DUP-1197,2026-08-09,210.26,CANCELLED
CUST-DUP-1198,2026-08-09,916.43,CANCELLED
CUST-DUP-1199,2026-08-09,1434.24,PENDING
CUST-DUP-1200,2026-08-09,1309.58,CANCELLED
CUST-DUP-1201,2026-08-09,569.85,PENDING
CUST-DUP-1202,2026-08-09,1146.56,CANCELLED
CUST-DUP-1203,2026-08-09,456.27,PENDING
CUST-DUP-1204,2026-08-09,591.16,CANCELLED
CUST-DUP-1205,2026-08-09,693.4,CANCELLED
CUST-DUP-1206,2026-08-09,845.69,CANCELLED
CUST-DUP-1207,2026-08-09,990.06,COMPLETED
CUST-DUP-1208,2026-08-09,602.3,PENDING
CUST-DUP-1209,2026-08-09,998.72,PENDING
CUST-DUP-1210,2026-08-09,167.52,COMPLETED
CUST-DUP-1211,2026-08-09,329.93,PENDING
CUST-DUP-1212,2026-08-09,912.5,PENDING
CUST-DUP-1213,2026-08-09,132.77,CANCELLED
CUST-DUP-1214,2026-08-09,870.87,COMPLETED
CUST-DUP-1215,2026-08-09,208.07,CANCELLED
CUST-DUP-1216,2026-08-09,1018.26,CANCELLED
CUST-DUP-1217,2026-08-10,544.89,COMPLETED
CUST-DUP-1218,2026-08-10,1385.5,CANCELLED
CUST-DUP-1219,2026-08-10,235.66,COMPLETED
CUST-DUP-1220,2026-08-10,836.38,PENDING
CUST-DUP-1221,2026-08-10,994.24,CANCELLED
CUST-DUP-1222,2026-08-10,807.42,PENDING
CUST-DUP-1223,2026-08-10,1335.88,COMPLETED
CUST-DUP-1224,2026-08-10,798.9,COMPLETED
CUST-DUP-1225,2026-08-10,790.02,COMPLETED
CUST-DUP-1226,2026-08-10,1032.81,CANCELLED
CUST-DUP-1227,2026-08-10,417.79,PENDING
CUST-DUP-1228,2026-08-10,869.35,CANCELLED
CUST-DUP-1229,2026-08-10,188.13,PENDING
CUST-DUP-1230,2026-08-10,1387.04,COMPLETED
CUST-DUP-1231,2026-08-10,1269.67,COMPLETED
CUST-DUP-1232,2026-08-10,832.63,PENDING
CUST-DUP-1233,2026-08-10,353.03,CANCELLED
CUST-DUP-1234,2026-08-10,885.06,COMPLETED
CUST-DUP-1235,2026-08-10,1101.03,PENDING
CUST-DUP-1236,2026-08-10,1145.34,COMPLETED
CUST-DUP-1237,2026-08-10,151.51,COMPLETED
CUST-DUP-1238,2026-08-10,109.97,CANCELLED
CUST-DUP-1239,2026-08-10,937.96,COMPLETED
CUST-DUP-1240,2026-08-10,1059.06,CANCELLED
CUST-DUP-1241,2026-08-11,1357.14,CANCELLED
CUST-DUP-1242,2026-08-11,1320.35,COMPLETED
CUST-DUP-1243,2026-08-11,1276.16,COMPLETED
CUST-DUP-1244,2026-08-11,856.48,CANCELLED
CUST-DUP-1245,2026-08-11,904.59,CANCELLED
CUST-DUP-1246,2026-08-11,146.21,PENDING
CUST-DUP-1247,2026-08-11,718.34,PENDING
CUST-DUP-1248,2026-08-11,1425.21,COMPLETED
CUST-DUP-1249,2026-08-11,1186.12,PENDING
CUST-DUP-1250,2026-08-11,612.78,CANCELLED
CUST-DUP-1251,2026-08-11,109.84,CANCELLED
CUST-DUP-1252,2026-08-11,1389.23,COMPLETED
CUST-DUP-1253,2026-08-11,883.21,COMPLETED
CUST-DUP-1254,2026-08-11,251.89,COMPLETED
CUST-DUP-1255,2026-08-11,1195.78,COMPLETED
CUST-DUP-1256,2026-08-11,421.93,PENDING
CUST-DUP-1257,2026-08-11,155.19,PENDING
CUST-DUP-1258,2026-08-11,322.41,PENDING
CUST-DUP-1259,2026-08-11,328.32,COMPLETED
CUST-DUP-1260,2026-08-11,1082.16,CANCELLED
CUST-DUP-1261,2026-08-11,911.79,PENDING
CUST-DUP-1262,2026-08-11,425.51,PENDING
CUST-DUP-1263,2026-08-11,318.06,PENDING
CUST-DUP-1264,2026-08-11,681.71,COMPLETED
CUST-DUP-1265,2026-08-12,211.41,COMPLETED
CUST-DUP-1266,2026-08-12,1251.83,PENDING
CUST-DUP-1267,2026-08-12,647.97,PENDING
CUST-DUP-1268,2026-08-12,1268.38,CANCELLED
CUST-DUP-1269,2026-08-12,1333.85,COMPLETED
CUST-DUP-1270,2026-08-12,574.42,CANCELLED
CUST-DUP-1271,2026-08-12,903.87,CANCELLED
CUST-DUP-1272,2026-08-12,412.52,PENDING
CUST-DUP-1273,2026-08-12,213.69,PENDING
CUST-DUP-1274,2026-08-12,292.41,CANCELLED
CUST-DUP-1275,2026-08-12,980.68,PENDING
CUST-DUP-1276,2026-08-12,1458.75,CANCELLED
CUST-DUP-1277,2026-08-12,1210.03,CANCELLED
CUST-DUP-1278,2026-08-12,1478.82,COMPLETED
CUST-DUP-1279,2026-08-12,1298.95,PENDING
CUST-DUP-1280,2026-08-12,643.41,CANCELLED
CUST-DUP-1281,2026-08-12,714.31,CANCELLED
CUST-DUP-1282,2026-08-12,519.84,PENDING
CUST-DUP-1283,2026-08-12,976.03,COMPLETED
CUST-DUP-1284,2026-08-12,1088.14,COMPLETED
CUST-DUP-1285,2026-08-12,807.73,CANCELLED
CUST-DUP-1286,2026-08-12,1270.37,CANCELLED
CUST-DUP-1287,2026-08-12,1239.15,CANCELLED
CUST-DUP-1288,2026-08-12,990.13,PENDING
CUST-DUP-1289,2026-08-13,1494.15,COMPLETED
CUST-DUP-1290,2026-08-13,1250.33,COMPLETED
CUST-DUP-1291,2026-08-13,354.74,PENDING
CUST-DUP-1292,2026-08-13,434.74,COMPLETED
CUST-DUP-1293,2026-08-13,1318.56,PENDING
CUST-DUP-1294,2026-08-13,1245.35,PENDING
CUST-DUP-1295,2026-08-13,1337.27,COMPLETED
CUST-DUP-1296,2026-08-13,1462.6,COMPLETED
CUST-DUP-1297,2026-08-13,343.32,CANCELLED
CUST-DUP-1298,2026-08-13,1454.55,COMPLETED
CUST-DUP-1299,2026-08-13,611.65,COMPLETED
CUST-DUP-1300,2026-08-13,1292.69,COMPLETED
CUST-DUP-1301,2026-08-13,1073.9,CANCELLED
CUST-DUP-1302,2026-08-13,643.55,CANCELLED
CUST-DUP-1303,2026-08-13,630.22,COMPLETED
CUST-DUP-1304,2026-08-13,1432.37,CANCELLED
CUST-DUP-1305,2026-08-13,1491.56,CANCELLED
CUST-DUP-1306,2026-08-13,1153.56,CANCELLED
CUST-DUP-1307,2026-08-13,1148.65,CANCELLED
CUST-DUP-1308,2026-08-13,566.53,PENDING
CUST-DUP-1309,2026-08-13,594.33,CANCELLED
CUST-DUP-1310,2026-08-13,1337.08,CANCELLED
CUST-DUP-1311,2026-08-13,791.33,PENDING
CUST-DUP-1312,2026-08-13,1378.22,CANCELLED
CUST-DUP-1313,2026-08-14,1049.23,PENDING
CUST-DUP-1314,2026-08-14,1390.66,COMPLETED
CUST-DUP-1315,2026-08-14,204.12,COMPLETED
CUST-DUP-1316,2026-08-14,854.8,COMPLETED
CUST-DUP-1317,2026-08-14,812.86,CANCELLED
CUST-DUP-1318,2026-08-14,759.01,CANCELLED
CUST-DUP-1319,2026-08-14,151.73,PENDING
CUST-DUP-1320,2026-08-14,940.96,PENDING
CUST-DUP-1321,2026-08-14,120.56,CANCELLED
CUST-DUP-1322,2026-08-14,646.27,PENDING
CUST-DUP-1323,2026-08-14,834.24,CANCELLED
CUST-DUP-1324,2026-08-14,555.72,PENDING
CUST-DUP-1325,2026-08-14,1044.8,CANCELLED
CUST-DUP-1326,2026-08-14,1264.94,PENDING
CUST-DUP-1327,2026-08-14,730.7,CANCELLED
CUST-DUP-1328,2026-08-14,723.42,COMPLETED
CUST-DUP-1329,2026-08-14,509.71,COMPLETED
CUST-DUP-1330,2026-08-14,708.08,PENDING
CUST-DUP-1331,2026-08-14,321.0,CANCELLED
CUST-DUP-1332,2026-08-14,1118.25,COMPLETED
CUST-DUP-1333,2026-08-14,105.27,PENDING
CUST-DUP-1334,2026-08-14,1112.06,CANCELLED
CUST-DUP-1335,2026-08-14,988.62,COMPLETED
CUST-DUP-1336,2026-08-14,913.26,CANCELLED
CUST-DUP-1337,2026-08-15,802.73,CANCELLED
CUST-DUP-1338,2026-08-15,1377.78,COMPLETED
CUST-DUP-1339,2026-08-15,834.46,CANCELLED
CUST-DUP-1340,2026-08-15,252.44,PENDING
CUST-DUP-1341,2026-08-15,484.7,CANCELLED
CUST-DUP-1342,2026-08-15,624.06,COMPLETED
CUST-DUP-1343,2026-08-15,360.14,COMPLETED
CUST-DUP-1344,2026-08-15,618.7,PENDING
CUST-DUP-1345,2026-08-15,197.66,COMPLETED
CUST-DUP-1346,2026-08-15,692.49,PENDING
CUST-DUP-1347,2026-08-15,758.59,CANCELLED
CUST-DUP-1348,2026-08-15,210.01,COMPLETED
CUST-DUP-1349,2026-08-15,1243.37,COMPLETED
CUST-DUP-1350,2026-08-15,1079.69,COMPLETED
CUST-DUP-1351,2026-08-15,462.71,CANCELLED
CUST-DUP-1352,2026-08-15,267.64,PENDING
CUST-DUP-1353,2026-08-15,1453.98,COMPLETED
CUST-DUP-1354,2026-08-15,1299.35,CANCELLED
CUST-DUP-1355,2026-08-15,949.28,PENDING
CUST-DUP-1356,2026-08-15,651.22,COMPLETED
CUST-DUP-1357,2026-08-15,779.39,CANCELLED
CUST-DUP-1358,2026-08-15,1121.46,COMPLETED
CUST-DUP-1359,2026-08-15,436.17,CANCELLED
CUST-DUP-1360,2026-08-15,980.65,COMPLETED
CUST-DUP-1361,2026-08-16,269.01,COMPLETED
CUST-DUP-1362,2026-08-16,1193.59,PENDING
CUST-DUP-1363,2026-08-16,1328.05,CANCELLED
CUST-DUP-1364,2026-08-16,1457.89,COMPLETED
CUST-DUP-1365,2026-08-16,1268.73,COMPLETED
CUST-DUP-1366,2026-08-16,1266.78,COMPLETED
CUST-DUP-1367,2026-08-16,351.51,CANCELLED
CUST-DUP-1368,2026-08-16,624.78,COMPLETED
CUST-DUP-1369,2026-08-16,802.51,CANCELLED
CUST-DUP-1370,2026-08-16,1034.15,PENDING
CUST-DUP-1371,2026-08-16,431.56,PENDING
CUST-DUP-1372,2026-08-16,382.35,PENDING
CUST-DUP-1373,2026-08-16,343.25,CANCELLED
CUST-DUP-1374,2026-08-16,1337.01,COMPLETED
CUST-DUP-1375,2026-08-16,351.78,CANCELLED
CUST-DUP-1376,2026-08-16,961.59,COMPLETED
CUST-DUP-1377,2026-08-16,282.04,CANCELLED
CUST-DUP-1378,2026-08-16,1197.04,PENDING
CUST-DUP-1379,2026-08-16,540.57,CANCELLED
CUST-DUP-1380,2026-08-16,1071.26,COMPLETED
CUST-DUP-1381,2026-08-16,601.61,COMPLETED
CUST-DUP-1382,2026-08-16,1152.03,COMPLETED
CUST-DUP-1383,2026-08-16,1222.93,COMPLETED
CUST-DUP-1384,2026-08-16,523.72,CANCELLED
CUST-DUP-1385,2026-08-17,1400.17,CANCELLED
CUST-DUP-1386,2026-08-17,1494.69,COMPLETED
CUST-DUP-1387,2026-08-17,270.06,PENDING
CUST-DUP-1388,2026-08-17,1451.18,COMPLETED
CUST-DUP-1389,2026-08-17,624.36,PENDING
CUST-DUP-1390,2026-08-17,307.62,CANCELLED
CUST-DUP-1391,2026-08-17,1262.81,CANCELLED
CUST-DUP-1392,2026-08-17,1103.78,CANCELLED
CUST-DUP-1393,2026-08-17,628.03,PENDING
CUST-DUP-1394,2026-08-17,183.26,COMPLETED
CUST-DUP-1395,2026-08-17,1299.21,CANCELLED
CUST-DUP-1396,2026-08-17,173.0,CANCELLED
CUST-DUP-1397,2026-08-17,1393.13,COMPLETED
CUST-DUP-1398,2026-08-17,1478.97,COMPLETED
CUST-DUP-1399,2026-08-17,1135.57,CANCELLED
CUST-DUP-1400,2026-08-17,658.38,CANCELLED
CUST-DUP-1401,2026-08-17,537.2,PENDING
CUST-DUP-1402,2026-08-17,1443.97,COMPLETED
CUST-DUP-1403,2026-08-17,1348.41,COMPLETED
CUST-DUP-1404,2026-08-17,489.27,CANCELLED
CUST-DUP-1405,2026-08-17,1422.64,COMPLETED
CUST-DUP-1406,2026-08-17,1427.55,PENDING
CUST-DUP-1407,2026-08-17,1179.25,PENDING
CUST-DUP-1408,2026-08-17,1086.26,COMPLETED
CUST-DUP-1409,2026-08-18,754.05,COMPLETED
CUST-DUP-1410,2026-08-18,1094.16,CANCELLED
CUST-DUP-1411,2026-08-18,1363.5,COMPLETED
CUST-DUP-1412,2026-08-18,1263.25,CANCELLED
CUST-DUP-1413,2026-08-18,1380.96,CANCELLED
CUST-DUP-1414,2026-08-18,687.92,COMPLETED
CUST-DUP-1415,2026-08-18,599.77,COMPLETED
CUST-DUP-1416,2026-08-18,483.69,CANCELLED
CUST-DUP-1417,2026-08-18,912.67,PENDING
CUST-DUP-1418,2026-08-18,613.24,CANCELLED
CUST-DUP-1419,2026-08-18,669.82,COMPLETED
CUST-DUP-1420,2026-08-18,1284.88,PENDING
CUST-DUP-1421,2026-08-18,673.94,COMPLETED
CUST-DUP-1422,2026-08-18,433.36,COMPLETED
CUST-DUP-1423,2026-08-18,480.57,PENDING
CUST-DUP-1424,2026-08-18,616.75,COMPLETED
CUST-DUP-1425,2026-08-18,238.76,CANCELLED
CUST-DUP-1426,2026-08-18,269.95,PENDING
CUST-DUP-1427,2026-08-18,267.19,PENDING
CUST-DUP-1428,2026-08-18,1482.89,PENDING
CUST-DUP-1429,2026-08-18,268.46,COMPLETED
CUST-DUP-1430,2026-08-18,618.89,PENDING
CUST-DUP-1431,2026-08-18,434.32,PENDING
CUST-DUP-1432,2026-08-18,448.35,PENDING
CUST-DUP-1433,2026-08-19,962.07,COMPLETED
CUST-DUP-1434,2026-08-19,156.03,PENDING
CUST-DUP-1435,2026-08-19,201.39,CANCELLED
CUST-DUP-1436,2026-08-19,1046.84,COMPLETED
CUST-DUP-1437,2026-08-19,1213.39,COMPLETED
CUST-DUP-1438,2026-08-19,1142.66,COMPLETED
CUST-DUP-1439,2026-08-19,542.04,PENDING
CUST-DUP-1440,2026-08-19,843.17,PENDING
CUST-DUP-1441,2026-08-19,297.45,PENDING
CUST-DUP-1442,2026-08-19,207.53,PENDING
CUST-DUP-1443,2026-08-19,1150.2,PENDING
CUST-DUP-1444,2026-08-19,497.3,COMPLETED
CUST-DUP-1445,2026-08-19,525.9,CANCELLED
CUST-DUP-1446,2026-08-19,1041.46,CANCELLED
CUST-DUP-1447,2026-08-19,1475.64,CANCELLED
CUST-DUP-1448,2026-08-19,375.16,CANCELLED
CUST-DUP-1449,2026-08-19,259.02,CANCELLED
CUST-DUP-1450,2026-08-19,1066.45,COMPLETED
CUST-DUP-1451,2026-08-19,1338.65,COMPLETED
CUST-DUP-1452,2026-08-19,913.57,COMPLETED
CUST-DUP-1453,2026-08-19,515.12,CANCELLED
CUST-DUP-1454,2026-08-19,1202.82,COMPLETED
CUST-DUP-1455,2026-08-19,972.31,CANCELLED
CUST-DUP-1456,2026-08-19,850.78,COMPLETED
CUST-DUP-1457,2026-08-20,670.46,CANCELLED
CUST-DUP-1458,2026-08-20,713.47,COMPLETED
CUST-DUP-1459,2026-08-20,1277.32,PENDING
CUST-DUP-1460,2026-08-20,1392.98,PENDING
CUST-DUP-1461,2026-08-20,1366.44,COMPLETED
CUST-DUP-1462,2026-08-20,867.49,COMPLETED
CUST-DUP-1463,2026-08-20,1133.45,PENDING
CUST-DUP-1464,2026-08-20,992.55,CANCELLED
CUST-DUP-1465,2026-08-20,361.22,COMPLETED
CUST-DUP-1466,2026-08-20,1413.96,CANCELLED
CUST-DUP-1467,2026-08-20,981.38,PENDING
CUST-DUP-1468,2026-08-20,705.94,CANCELLED
CUST-DUP-1469,2026-08-20,1002.3,PENDING
CUST-DUP-1470,2026-08-20,1013.5,CANCELLED
CUST-DUP-1471,2026-08-20,919.75,COMPLETED
CUST-DUP-1472,2026-08-20,1460.5,COMPLETED
CUST-DUP-1473,2026-08-20,239.8,CANCELLED
CUST-DUP-1474,2026-08-20,1001.17,CANCELLED
CUST-DUP-1475,2026-08-20,201.76,CANCELLED
CUST-DUP-1476,2026-08-20,558.52,CANCELLED
CUST-DUP-1477,2026-08-20,896.34,COMPLETED
CUST-DUP-1478,2026-08-20,881.49,COMPLETED
CUST-DUP-1479,2026-08-20,226.68,CANCELLED
CUST-DUP-1480,2026-08-20,1235.77,COMPLETED
CUST-DUP-1481,2026-08-21,1088.93,CANCELLED
CUST-DUP-1482,2026-08-21,1130.15,COMPLETED
CUST-DUP-1483,2026-08-21,767.39,COMPLETED
CUST-DUP-1484,2026-08-21,565.56,CANCELLED
CUST-DUP-1485,2026-08-21,1121.42,PENDING
CUST-DUP-1486,2026-08-21,1488.4,PENDING
CUST-DUP-1487,2026-08-21,681.04,CANCELLED
CUST-DUP-1488,2026-08-21,892.45,PENDING
CUST-DUP-1489,2026-08-21,898.79,CANCELLED
CUST-DUP-1490,2026-08-21,947.45,CANCELLED
CUST-DUP-1491,2026-08-21,669.36,COMPLETED
CUST-DUP-1492,2026-08-21,189.82,COMPLETED
CUST-DUP-1493,2026-08-21,550.23,COMPLETED
CUST-DUP-1494,2026-08-21,1367.06,CANCELLED
CUST-DUP-1495,2026-08-21,435.47,PENDING
CUST-DUP-1496,2026-08-21,893.63,COMPLETED
CUST-DUP-1497,2026-08-21,251.61,COMPLETED
CUST-DUP-1498,2026-08-21,277.08,PENDING
CUST-DUP-1499,2026-08-21,842.58,PENDING
CUST-DUP-1500,2026-08-21,657.89,PENDING
CUST-DUP-1501,2026-08-01,1085.79,CANCELLED
CUST-DUP-1502,2026-08-01,874.7,COMPLETED
CUST-DUP-1503,2026-08-01,825.31,CANCELLED
CUST-DUP-1504,2026-08-01,975.75,PENDING
CUST-DUP-1505,2026-08-01,657.21,PENDING
CUST-DUP-1506,2026-08-01,293.94,COMPLETED
CUST-DUP-1507,2026-08-01,290.81,CANCELLED
CUST-DUP-1508,2026-08-01,1336.05,CANCELLED
CUST-DUP-1509,2026-08-01,1004.16,COMPLETED
CUST-DUP-1510,2026-08-01,531.64,COMPLETED
CUST-DUP-1511,2026-08-01,809.99,COMPLETED
CUST-DUP-1512,2026-08-01,564.18,COMPLETED
CUST-DUP-1513,2026-08-01,564.62,CANCELLED
CUST-DUP-1514,2026-08-01,1023.57,PENDING
CUST-DUP-1515,2026-08-01,601.12,COMPLETED
CUST-DUP-1516,2026-08-01,300.58,PENDING
CUST-DUP-1517,2026-08-01,1213.74,COMPLETED
CUST-DUP-1518,2026-08-01,1049.29,CANCELLED
CUST-DUP-1519,2026-08-01,800.16,CANCELLED
CUST-DUP-1520,2026-08-01,816.75,CANCELLED
CUST-DUP-1521,2026-08-01,937.72,CANCELLED
CUST-DUP-1522,2026-08-01,542.28,PENDING
CUST-DUP-1523,2026-08-01,360.77,PENDING
CUST-DUP-1524,2026-08-01,1434.69,COMPLETED
CUST-DUP-1525,2026-08-02,851.43,CANCELLED
CUST-DUP-1526,2026-08-02,952.3,CANCELLED
CUST-DUP-1527,2026-08-02,863.07,COMPLETED
CUST-DUP-1528,2026-08-02,760.74,PENDING
CUST-DUP-1529,2026-08-02,873.34,COMPLETED
CUST-DUP-1530,2026-08-02,693.79,COMPLETED
CUST-DUP-1531,2026-08-02,1449.43,COMPLETED
CUST-DUP-1532,2026-08-02,696.46,CANCELLED
CUST-DUP-1533,2026-08-02,1406.19,COMPLETED
CUST-DUP-1534,2026-08-02,872.54,PENDING
CUST-DUP-1535,2026-08-02,859.29,PENDING
CUST-DUP-1536,2026-08-02,176.48,CANCELLED
CUST-DUP-1537,2026-08-02,1459.65,CANCELLED
CUST-DUP-1538,2026-08-02,701.1,COMPLETED
CUST-DUP-1539,2026-08-02,217.22,PENDING
CUST-DUP-1540,2026-08-02,177.12,PENDING
CUST-DUP-1541,2026-08-02,1266.44,PENDING
CUST-DUP-1542,2026-08-02,315.25,COMPLETED
CUST-DUP-1543,2026-08-02,416.92,COMPLETED
CUST-DUP-1544,2026-08-02,331.78,PENDING
CUST-DUP-1545,2026-08-02,883.07,PENDING
CUST-DUP-1546,2026-08-02,268.25,COMPLETED
CUST-DUP-1547,2026-08-02,1049.11,PENDING
CUST-DUP-1548,2026-08-02,914.14,COMPLETED
CUST-DUP-1549,2026-08-03,972.91,CANCELLED
CUST-DUP-1550,2026-08-03,1378.0,PENDING
CUST-DUP-1551,2026-08-03,1210.7,CANCELLED
CUST-DUP-1552,2026-08-03,517.15,PENDING
CUST-DUP-1553,2026-08-03,1370.28,COMPLETED
CUST-DUP-1554,2026-08-03,1368.14,COMPLETED
CUST-DUP-1555,2026-08-03,737.8,CANCELLED
CUST-DUP-1556,2026-08-03,1207.42,PENDING
CUST-DUP-1557,2026-08-03,1049.53,CANCELLED
CUST-DUP-1558,2026-08-03,1286.94,COMPLETED
CUST-DUP-1559,2026-08-03,661.3,COMPLETED
CUST-DUP-1560,2026-08-03,880.23,COMPLETED
CUST-DUP-1561,2026-08-03,951.2,COMPLETED
CUST-DUP-1562,2026-08-03,1050.52,PENDING
CUST-DUP-1563,2026-08-03,1430.97,CANCELLED
CUST-DUP-1564,2026-08-03,1239.74,PENDING
CUST-DUP-1565,2026-08-03,463.29,CANCELLED
CUST-DUP-1566,2026-08-03,802.25,COMPLETED
CUST-DUP-1567,2026-08-03,555.23,COMPLETED
CUST-DUP-1568,2026-08-03,1438.5,PENDING
CUST-DUP-1569,2026-08-03,475.22,PENDING
CUST-DUP-1570,2026-08-03,203.53,CANCELLED
CUST-DUP-1571,2026-08-03,969.0,PENDING
CUST-DUP-1572,2026-08-03,828.76,COMPLETED
CUST-DUP-1573,2026-08-04,261.89,CANCELLED
CUST-DUP-1574,2026-08-04,1053.7,CANCELLED
CUST-DUP-1575,2026-08-04,163.88,CANCELLED
CUST-DUP-1576,2026-08-04,659.94,PENDING
CUST-DUP-1577,2026-08-04,410.61,PENDING
CUST-DUP-1578,2026-08-04,1327.97,PENDING
CUST-DUP-1579,2026-08-04,1368.74,CANCELLED
CUST-DUP-1580,2026-08-04,812.78,COMPLETED
CUST-DUP-1581,2026-08-04,1289.64,PENDING
CUST-DUP-1582,2026-08-04,836.54,COMPLETED
CUST-DUP-1583,2026-08-04,1352.91,PENDING
CUST-DUP-1584,2026-08-04,1231.59,COMPLETED
CUST-DUP-1585,2026-08-04,185.36,CANCELLED
CUST-DUP-1586,2026-08-04,936.41,CANCELLED
CUST-DUP-1587,2026-08-04,999.39,PENDING
CUST-DUP-1588,2026-08-04,923.18,COMPLETED
CUST-DUP-1589,2026-08-04,328.59,COMPLETED
CUST-DUP-1590,2026-08-04,1311.81,COMPLETED
CUST-DUP-1591,2026-08-04,1338.9,PENDING
CUST-DUP-1592,2026-08-04,609.49,COMPLETED
CUST-DUP-1593,2026-08-04,211.72,CANCELLED
CUST-DUP-1594,2026-08-04,699.54,PENDING
CUST-DUP-1595,2026-08-04,1490.41,PENDING
CUST-DUP-1596,2026-08-04,578.39,CANCELLED
CUST-DUP-1597,2026-08-05,925.38,PENDING
CUST-DUP-1598,2026-08-05,516.16,COMPLETED
CUST-DUP-1599,2026-08-05,1009.94,PENDING
CUST-DUP-1600,2026-08-05,1193.96,CANCELLED
CUST-DUP-1601,2026-08-05,891.46,PENDING
CUST-DUP-1602,2026-08-05,1278.82,COMPLETED
CUST-DUP-1603,2026-08-05,1440.81,CANCELLED
CUST-DUP-1604,2026-08-05,171.28,COMPLETED
CUST-DUP-1605,2026-08-05,813.25,PENDING
CUST-DUP-1606,2026-08-05,1177.33,PENDING
CUST-DUP-1607,2026-08-05,352.79,COMPLETED
CUST-DUP-1608,2026-08-05,490.9,CANCELLED
CUST-DUP-1609,2026-08-05,1345.68,PENDING
CUST-DUP-1610,2026-08-05,634.65,COMPLETED
CUST-DUP-1611,2026-08-05,591.71,PENDING
CUST-DUP-1612,2026-08-05,765.54,CANCELLED
CUST-DUP-1613,2026-08-05,156.38,PENDING
CUST-DUP-1614,2026-08-05,852.62,COMPLETED
CUST-DUP-1615,2026-08-05,119.24,COMPLETED
CUST-DUP-1616,2026-08-05,741.62,CANCELLED
CUST-DUP-1617,2026-08-05,654.46,CANCELLED
CUST-DUP-1618,2026-08-05,1402.49,CANCELLED
CUST-DUP-1619,2026-08-05,478.11,PENDING
CUST-DUP-1620,2026-08-05,1072.05,CANCELLED
CUST-DUP-1621,2026-08-06,670.55,PENDING
CUST-DUP-1622,2026-08-06,668.14,CANCELLED
CUST-DUP-1623,2026-08-06,1345.74,COMPLETED
CUST-DUP-1624,2026-08-06,1363.92,COMPLETED
CUST-DUP-1625,2026-08-06,839.12,COMPLETED
CUST-DUP-1626,2026-08-06,919.95,PENDING
CUST-DUP-1627,2026-08-06,352.26,PENDING
CUST-DUP-1628,2026-08-06,915.35,CANCELLED
CUST-DUP-1629,2026-08-06,1216.54,CANCELLED
CUST-DUP-1630,2026-08-06,1372.62,CANCELLED
CUST-DUP-1631,2026-08-06,951.47,PENDING
CUST-DUP-1632,2026-08-06,623.66,PENDING
CUST-DUP-1633,2026-08-06,810.98,COMPLETED
CUST-DUP-1634,2026-08-06,1217.88,CANCELLED
CUST-DUP-1635,2026-08-06,1487.96,CANCELLED
CUST-DUP-1636,2026-08-06,790.62,COMPLETED
CUST-DUP-1637,2026-08-06,1446.75,CANCELLED
CUST-DUP-1638,2026-08-06,1152.21,PENDING
CUST-DUP-1639,2026-08-06,1268.53,COMPLETED
CUST-DUP-1640,2026-08-06,183.29,COMPLETED
CUST-DUP-1641,2026-08-06,871.21,CANCELLED
CUST-DUP-1642,2026-08-06,533.5,COMPLETED
CUST-DUP-1643,2026-08-06,892.23,PENDING
CUST-DUP-1644,2026-08-06,396.81,CANCELLED
CUST-DUP-1645,2026-08-07,1178.58,CANCELLED
CUST-DUP-1646,2026-08-07,472.85,COMPLETED
CUST-DUP-1647,2026-08-07,464.18,CANCELLED
CUST-DUP-1648,2026-08-07,581.1,COMPLETED
CUST-DUP-1649,2026-08-07,1088.08,PENDING
CUST-DUP-1650,2026-08-07,1162.11,CANCELLED
CUST-DUP-1651,2026-08-07,1140.53,CANCELLED
CUST-DUP-1652,2026-08-07,1356.45,PENDING
CUST-DUP-1653,2026-08-07,751.39,CANCELLED
CUST-DUP-1654,2026-08-07,721.03,COMPLETED
CUST-DUP-1655,2026-08-07,592.13,CANCELLED
CUST-DUP-1656,2026-08-07,960.07,COMPLETED
CUST-DUP-1657,2026-08-07,823.15,PENDING
CUST-DUP-1658,2026-08-07,917.56,COMPLETED
CUST-DUP-1659,2026-08-07,1245.64,PENDING
CUST-DUP-1660,2026-08-07,454.77,PENDING
CUST-DUP-1661,2026-08-07,337.24,COMPLETED
CUST-DUP-1662,2026-08-07,1489.08,COMPLETED
CUST-DUP-1663,2026-08-07,858.89,COMPLETED
CUST-DUP-1664,2026-08-07,688.66,CANCELLED
CUST-DUP-1665,2026-08-07,628.16,CANCELLED
CUST-DUP-1666,2026-08-07,1250.26,CANCELLED
CUST-DUP-1667,2026-08-07,1249.77,COMPLETED
CUST-DUP-1668,2026-08-07,927.32,PENDING
CUST-DUP-1669,2026-08-08,829.52,COMPLETED
CUST-DUP-1670,2026-08-08,1271.57,PENDING
CUST-DUP-1671,2026-08-08,1036.86,COMPLETED
CUST-DUP-1672,2026-08-08,240.64,PENDING
CUST-DUP-1673,2026-08-08,1065.95,COMPLETED
CUST-DUP-1674,2026-08-08,1281.12,COMPLETED
CUST-DUP-1675,2026-08-08,1325.56,CANCELLED
CUST-DUP-1676,2026-08-08,339.91,COMPLETED
CUST-DUP-1677,2026-08-08,998.18,COMPLETED
CUST-DUP-1678,2026-08-08,723.96,PENDING
CUST-DUP-1679,2026-08-08,573.02,COMPLETED
CUST-DUP-1680,2026-08-08,926.06,PENDING
CUST-DUP-1681,2026-08-08,165.62,CANCELLED
CUST-DUP-1682,2026-08-08,1304.88,PENDING
CUST-DUP-1683,2026-08-08,273.88,CANCELLED
CUST-DUP-1684,2026-08-08,476.57,CANCELLED
CUST-DUP-1685,2026-08-08,882.75,COMPLETED
CUST-DUP-1686,2026-08-08,718.41,CANCELLED
CUST-DUP-1687,2026-08-08,1094.91,COMPLETED
CUST-DUP-1688,2026-08-08,1175.56,COMPLETED
CUST-DUP-1689,2026-08-08,1307.46,PENDING
CUST-DUP-1690,2026-08-08,209.14,PENDING
CUST-DUP-1691,2026-08-08,1047.57,CANCELLED
CUST-DUP-1692,2026-08-08,1297.39,COMPLETED
CUST-DUP-1693,2026-08-09,1233.47,COMPLETED
CUST-DUP-1694,2026-08-09,1398.36,COMPLETED
CUST-DUP-1695,2026-08-09,724.85,CANCELLED
CUST-DUP-1696,2026-08-09,651.84,PENDING
CUST-DUP-1697,2026-08-09,1098.84,PENDING
CUST-DUP-1698,2026-08-09,274.5,CANCELLED
CUST-DUP-1699,2026-08-09,1352.37,CANCELLED
CUST-DUP-1700,2026-08-09,491.83,CANCELLED
CUST-DUP-1701,2026-08-09,1002.72,COMPLETED
CUST-DUP-1702,2026-08-09,1103.6,COMPLETED
CUST-DUP-1703,2026-08-09,1042.95,COMPLETED
CUST-DUP-1704,2026-08-09,1203.8,COMPLETED
CUST-DUP-1705,2026-08-09,538.75,COMPLETED
CUST-DUP-1706,2026-08-09,187.34,CANCELLED
CUST-DUP-1707,2026-08-09,680.2,PENDING
CUST-DUP-1708,2026-08-09,1235.45,CANCELLED
CUST-DUP-1709,2026-08-09,706.03,CANCELLED
CUST-DUP-1710,2026-08-09,967.36,CANCELLED
CUST-DUP-1711,2026-08-09,1464.13,PENDING
CUST-DUP-1712,2026-08-09,834.82,CANCELLED
CUST-DUP-1713,2026-08-09,875.81,PENDING
CUST-DUP-1714,2026-08-09,227.11,PENDING
CUST-DUP-1715,2026-08-09,480.98,PENDING
CUST-DUP-1716,2026-08-09,537.19,COMPLETED
CUST-DUP-1717,2026-08-10,696.84,PENDING
CUST-DUP-1718,2026-08-10,789.97,CANCELLED
CUST-DUP-1719,2026-08-10,551.87,PENDING
CUST-DUP-1720,2026-08-10,1386.09,CANCELLED
CUST-DUP-1721,2026-08-10,960.86,COMPLETED
CUST-DUP-1722,2026-08-10,802.18,PENDING
CUST-DUP-1723,2026-08-10,520.36,CANCELLED
CUST-DUP-1724,2026-08-10,1165.86,COMPLETED
CUST-DUP-1725,2026-08-10,543.09,COMPLETED
CUST-DUP-1726,2026-08-10,1397.4,CANCELLED
CUST-DUP-1727,2026-08-10,1385.3,COMPLETED
CUST-DUP-1728,2026-08-10,577.34,COMPLETED
CUST-DUP-1729,2026-08-10,1206.48,PENDING
CUST-DUP-1730,2026-08-10,1010.72,COMPLETED
CUST-DUP-1731,2026-08-10,1430.96,PENDING
CUST-DUP-1732,2026-08-10,1150.38,PENDING
CUST-DUP-1733,2026-08-10,1479.07,PENDING
CUST-DUP-1734,2026-08-10,1363.86,PENDING
CUST-DUP-1735,2026-08-10,480.44,PENDING
CUST-DUP-1736,2026-08-10,1222.34,PENDING
CUST-DUP-1737,2026-08-10,376.39,PENDING
CUST-DUP-1738,2026-08-10,130.17,CANCELLED
CUST-DUP-1739,2026-08-10,262.26,PENDING
CUST-DUP-1740,2026-08-10,1400.09,PENDING
CUST-DUP-1741,2026-08-11,854.6,PENDING
CUST-DUP-1742,2026-08-11,683.25,CANCELLED
CUST-DUP-1743,2026-08-11,299.72,PENDING
CUST-DUP-1744,2026-08-11,543.36,PENDING
CUST-DUP-1745,2026-08-11,940.74,CANCELLED
CUST-DUP-1746,2026-08-11,1231.36,COMPLETED
CUST-DUP-1747,2026-08-11,961.27,CANCELLED
CUST-DUP-1748,2026-08-11,941.43,COMPLETED
CUST-DUP-1749,2026-08-11,1301.37,CANCELLED
CUST-DUP-1750,2026-08-11,1391.99,CANCELLED
CUST-DUP-1751,2026-08-11,143.68,COMPLETED
CUST-DUP-1752,2026-08-11,672.01,CANCELLED
CUST-DUP-1753,2026-08-11,403.34,CANCELLED
CUST-DUP-1754,2026-08-11,515.71,PENDING
CUST-DUP-1755,2026-08-11,1402.58,CANCELLED
CUST-DUP-1756,2026-08-11,964.06,COMPLETED
CUST-DUP-1757,2026-08-11,308.65,CANCELLED
CUST-DUP-1758,2026-08-11,614.55,COMPLETED
CUST-DUP-1759,2026-08-11,952.53,PENDING
CUST-DUP-1760,2026-08-11,1309.28,CANCELLED
CUST-DUP-1761,2026-08-11,1164.53,CANCELLED
CUST-DUP-1762,2026-08-11,620.58,COMPLETED
CUST-DUP-1763,2026-08-11,601.08,COMPLETED
CUST-DUP-1764,2026-08-11,153.28,COMPLETED
CUST-DUP-1765,2026-08-12,1301.65,PENDING
CUST-DUP-1766,2026-08-12,220.96,PENDING
CUST-DUP-1767,2026-08-12,1229.41,PENDING
CUST-DUP-1768,2026-08-12,834.04,COMPLETED
CUST-DUP-1769,2026-08-12,1016.48,COMPLETED
CUST-DUP-1770,2026-08-12,1357.18,PENDING
CUST-DUP-1771,2026-08-12,926.04,PENDING
CUST-DUP-1772,2026-08-12,936.69,COMPLETED
CUST-DUP-1773,2026-08-12,1063.13,PENDING
CUST-DUP-1774,2026-08-12,1080.19,CANCELLED
CUST-DUP-1775,2026-08-12,325.32,COMPLETED
CUST-DUP-1776,2026-08-12,1417.79,PENDING
CUST-DUP-1777,2026-08-12,295.99,PENDING
CUST-DUP-1778,2026-08-12,444.45,PENDING
CUST-DUP-1779,2026-08-12,1223.81,COMPLETED
CUST-DUP-1780,2026-08-12,1363.52,CANCELLED
CUST-DUP-1781,2026-08-12,262.63,CANCELLED
CUST-DUP-1782,2026-08-12,989.32,COMPLETED
CUST-DUP-1783,2026-08-12,1005.43,PENDING
CUST-DUP-1784,2026-08-12,1338.93,CANCELLED
CUST-DUP-1785,2026-08-12,510.62,CANCELLED
CUST-DUP-1786,2026-08-12,467.93,CANCELLED
CUST-DUP-1787,2026-08-12,1027.08,PENDING
CUST-DUP-1788,2026-08-12,686.28,CANCELLED
CUST-DUP-1789,2026-08-13,141.82,PENDING
CUST-DUP-1790,2026-08-13,1272.23,COMPLETED
CUST-DUP-1791,2026-08-13,534.71,COMPLETED
CUST-DUP-1792,2026-08-13,1206.94,CANCELLED
CUST-DUP-1793,2026-08-13,1472.19,PENDING
CUST-DUP-1794,2026-08-13,1230.11,CANCELLED
CUST-DUP-1795,2026-08-13,1263.76,PENDING
CUST-DUP-1796,2026-08-13,1364.18,PENDING
CUST-DUP-1797,2026-08-13,842.67,CANCELLED
CUST-DUP-1798,2026-08-13,268.42,PENDING
CUST-DUP-1799,2026-08-13,728.18,PENDING
CUST-DUP-1800,2026-08-13,772.55,CANCELLED
CUST-DUP-1801,2026-08-13,1333.81,CANCELLED
CUST-DUP-1802,2026-08-13,571.14,COMPLETED
CUST-DUP-1803,2026-08-13,509.99,PENDING
CUST-DUP-1804,2026-08-13,475.35,PENDING
CUST-DUP-1805,2026-08-13,1196.95,COMPLETED
CUST-DUP-1806,2026-08-13,385.96,PENDING
CUST-DUP-1807,2026-08-13,1279.16,PENDING
CUST-DUP-1808,2026-08-13,260.94,PENDING
CUST-DUP-1809,2026-08-13,1065.73,PENDING
CUST-DUP-1810,2026-08-13,432.51,PENDING
CUST-DUP-1811,2026-08-13,585.64,CANCELLED
CUST-DUP-1812,2026-08-13,1285.69,PENDING
CUST-DUP-1813,2026-08-14,947.06,CANCELLED
CUST-DUP-1814,2026-08-14,633.08,CANCELLED
CUST-DUP-1815,2026-08-14,1074.25,PENDING
CUST-DUP-1816,2026-08-14,302.76,CANCELLED
CUST-DUP-1817,2026-08-14,210.25,COMPLETED
CUST-DUP-1818,2026-08-14,109.06,PENDING
CUST-DUP-1819,2026-08-14,142.63,CANCELLED
CUST-DUP-1820,2026-08-14,788.24,CANCELLED
CUST-DUP-1821,2026-08-14,563.96,CANCELLED
CUST-DUP-1822,2026-08-14,1195.83,COMPLETED
CUST-DUP-1823,2026-08-14,197.05,COMPLETED
CUST-DUP-1824,2026-08-14,191.13,PENDING
CUST-DUP-1825,2026-08-14,1498.75,PENDING
CUST-DUP-1826,2026-08-14,231.6,PENDING
CUST-DUP-1827,2026-08-14,215.97,COMPLETED
CUST-DUP-1828,2026-08-14,733.22,COMPLETED
CUST-DUP-1829,2026-08-14,200.7,PENDING
CUST-DUP-1830,2026-08-14,232.87,PENDING
CUST-DUP-1831,2026-08-14,983.15,PENDING
CUST-DUP-1832,2026-08-14,797.33,COMPLETED
CUST-DUP-1833,2026-08-14,1198.16,CANCELLED
CUST-DUP-1834,2026-08-14,1103.39,PENDING
CUST-DUP-1835,2026-08-14,599.15,PENDING
CUST-DUP-1836,2026-08-14,142.51,CANCELLED
CUST-DUP-1837,2026-08-15,906.66,COMPLETED
CUST-DUP-1838,2026-08-15,670.87,CANCELLED
CUST-DUP-1839,2026-08-15,1423.34,CANCELLED
CUST-DUP-1840,2026-08-15,380.08,COMPLETED
CUST-DUP-1841,2026-08-15,1109.15,PENDING
CUST-DUP-1842,2026-08-15,1480.63,CANCELLED
CUST-DUP-1843,2026-08-15,382.14,COMPLETED
CUST-DUP-1844,2026-08-15,511.64,COMPLETED
CUST-DUP-1845,2026-08-15,894.28,CANCELLED
CUST-DUP-1846,2026-08-15,980.3,PENDING
CUST-DUP-1847,2026-08-15,251.43,COMPLETED
CUST-DUP-1848,2026-08-15,765.38,COMPLETED
CUST-DUP-1849,2026-08-15,1228.07,CANCELLED
CUST-DUP-1850,2026-08-15,1048.4,PENDING
CUST-DUP-1851,2026-08-15,1440.33,COMPLETED
CUST-DUP-1852,2026-08-15,953.53,PENDING
CUST-DUP-1853,2026-08-15,326.28,CANCELLED
CUST-DUP-1854,2026-08-15,1247.67,CANCELLED
CUST-DUP-1855,2026-08-15,982.93,PENDING
CUST-DUP-1856,2026-08-15,583.89,CANCELLED
CUST-DUP-1857,2026-08-15,836.25,COMPLETED
CUST-DUP-1858,2026-08-15,449.4,PENDING
CUST-DUP-1859,2026-08-15,886.09,CANCELLED
CUST-DUP-1860,2026-08-15,637.64,COMPLETED
CUST-DUP-1861,2026-08-16,918.25,COMPLETED
CUST-DUP-1862,2026-08-16,452.72,PENDING
CUST-DUP-1863,2026-08-16,467.85,PENDING
CUST-DUP-1864,2026-08-16,625.51,CANCELLED
CUST-DUP-1865,2026-08-16,280.73,COMPLETED
CUST-DUP-1866,2026-08-16,1426.2,CANCELLED
CUST-DUP-1867,2026-08-16,779.93,PENDING
CUST-DUP-1868,2026-08-16,869.18,PENDING
CUST-DUP-1869,2026-08-16,441.17,PENDING
CUST-DUP-1870,2026-08-16,1443.53,CANCELLED
CUST-DUP-1871,2026-08-16,909.9,COMPLETED
CUST-DUP-1872,2026-08-16,321.72,PENDING
CUST-DUP-1873,2026-08-16,947.44,PENDING
CUST-DUP-1874,2026-08-16,1033.8,COMPLETED
CUST-DUP-1875,2026-08-16,157.11,CANCELLED
CUST-DUP-1876,2026-08-16,388.52,COMPLETED
CUST-DUP-1877,2026-08-16,853.64,CANCELLED
CUST-DUP-1878,2026-08-16,1068.48,PENDING
CUST-DUP-1879,2026-08-16,1408.19,COMPLETED
CUST-DUP-1880,2026-08-16,780.36,COMPLETED
CUST-DUP-1881,2026-08-16,240.24,CANCELLED
CUST-DUP-1882,2026-08-16,603.28,COMPLETED
CUST-DUP-1883,2026-08-16,287.53,PENDING
CUST-DUP-1884,2026-08-16,254.57,PENDING
CUST-DUP-1885,2026-08-17,792.93,PENDING
CUST-DUP-1886,2026-08-17,866.86,PENDING
CUST-DUP-1887,2026-08-17,403.04,CANCELLED
CUST-DUP-1888,2026-08-17,1155.39,CANCELLED
CUST-DUP-1889,2026-08-17,741.84,CANCELLED
CUST-DUP-1890,2026-08-17,236.63,PENDING
CUST-DUP-1891,2026-08-17,280.92,CANCELLED
CUST-DUP-1892,2026-08-17,506.48,PENDING
CUST-DUP-1893,2026-08-17,300.12,COMPLETED
CUST-DUP-1894,2026-08-17,854.8,CANCELLED
CUST-DUP-1895,2026-08-17,334.06,COMPLETED
CUST-DUP-1896,2026-08-17,669.18,CANCELLED
CUST-DUP-1897,2026-08-17,207.42,CANCELLED
CUST-DUP-1898,2026-08-17,839.71,PENDING
CUST-DUP-1899,2026-08-17,977.55,COMPLETED
CUST-DUP-1900,2026-08-17,379.65,COMPLETED
CUST-DUP-1901,2026-08-17,999.65,COMPLETED
CUST-DUP-1902,2026-08-17,1388.6,COMPLETED
CUST-DUP-1903,2026-08-17,1468.6,COMPLETED
CUST-DUP-1904,2026-08-17,631.96,COMPLETED
CUST-DUP-1905,2026-08-17,931.06,CANCELLED
CUST-DUP-1906,2026-08-17,800.01,COMPLETED
CUST-DUP-1907,2026-08-17,1378.4,COMPLETED
CUST-DUP-1908,2026-08-17,309.4,COMPLETED
CUST-DUP-1909,2026-08-18,664.96,PENDING
CUST-DUP-1910,2026-08-18,1465.14,CANCELLED
CUST-DUP-1911,2026-08-18,1332.79,COMPLETED
CUST-DUP-1912,2026-08-18,862.09,COMPLETED
CUST-DUP-1913,2026-08-18,183.05,PENDING
CUST-DUP-1914,2026-08-18,865.0,COMPLETED
CUST-DUP-1915,2026-08-18,990.39,COMPLETED
CUST-DUP-1916,2026-08-18,1408.47,PENDING
CUST-DUP-1917,2026-08-18,602.66,CANCELLED
CUST-DUP-1918,2026-08-18,554.84,COMPLETED
CUST-DUP-1919,2026-08-18,292.75,CANCELLED
CUST-DUP-1920,2026-08-18,295.52,CANCELLED
CUST-DUP-1921,2026-08-18,1238.92,COMPLETED
CUST-DUP-1922,2026-08-18,613.96,COMPLETED
CUST-DUP-1923,2026-08-18,1203.93,PENDING
CUST-DUP-1924,2026-08-18,1248.81,PENDING
CUST-DUP-1925,2026-08-18,1039.91,PENDING
CUST-DUP-1926,2026-08-18,1387.28,CANCELLED
CUST-DUP-1927,2026-08-18,531.57,CANCELLED
CUST-DUP-1928,2026-08-18,762.81,CANCELLED
CUST-DUP-1929,2026-08-18,881.75,CANCELLED
CUST-DUP-1930,2026-08-18,1039.65,COMPLETED
CUST-DUP-1931,2026-08-18,1260.06,CANCELLED
CUST-DUP-1932,2026-08-18,351.08,PENDING
CUST-DUP-1933,2026-08-19,996.02,CANCELLED
CUST-DUP-1934,2026-08-19,663.22,COMPLETED
CUST-DUP-1935,2026-08-19,1244.05,PENDING
CUST-DUP-1936,2026-08-19,522.09,PENDING
CUST-DUP-1937,2026-08-19,112.94,CANCELLED
CUST-DUP-1938,2026-08-19,815.22,CANCELLED
CUST-DUP-1939,2026-08-19,1477.74,PENDING
CUST-DUP-1940,2026-08-19,1156.32,CANCELLED
CUST-DUP-1941,2026-08-19,1320.87,CANCELLED
CUST-DUP-1942,2026-08-19,1427.77,CANCELLED
CUST-DUP-1943,2026-08-19,1369.18,COMPLETED
CUST-DUP-1944,2026-08-19,962.02,COMPLETED
CUST-DUP-1945,2026-08-19,617.35,COMPLETED
CUST-DUP-1946,2026-08-19,451.45,COMPLETED
CUST-DUP-1947,2026-08-19,1380.6,CANCELLED
CUST-DUP-1948,2026-08-19,726.38,CANCELLED
CUST-DUP-1949,2026-08-19,799.84,CANCELLED
CUST-DUP-1950,2026-08-19,236.15,CANCELLED
CUST-DUP-1951,2026-08-19,371.85,CANCELLED
CUST-DUP-1952,2026-08-19,1418.1,CANCELLED
CUST-DUP-1953,2026-08-19,1434.91,PENDING
CUST-DUP-1954,2026-08-19,414.86,PENDING
CUST-DUP-1955,2026-08-19,275.64,PENDING
CUST-DUP-1956,2026-08-19,1041.89,CANCELLED
CUST-DUP-1957,2026-08-20,1088.92,PENDING
CUST-DUP-1958,2026-08-20,681.57,CANCELLED
CUST-DUP-1959,2026-08-20,655.47,CANCELLED
CUST-DUP-1960,2026-08-20,1344.64,PENDING
CUST-DUP-1961,2026-08-20,177.12,COMPLETED
CUST-DUP-1962,2026-08-20,752.53,PENDING
CUST-DUP-1963,2026-08-20,848.94,COMPLETED
CUST-DUP-1964,2026-08-20,1217.52,PENDING
CUST-DUP-1965,2026-08-20,1167.27,CANCELLED
CUST-DUP-1966,2026-08-20,193.8,PENDING
CUST-DUP-1967,2026-08-20,765.02,COMPLETED
CUST-DUP-1968,2026-08-20,1132.85,CANCELLED
CUST-DUP-1969,2026-08-20,310.76,COMPLETED
CUST-DUP-1970,2026-08-20,1441.71,CANCELLED
CUST-DUP-1971,2026-08-20,1358.87,COMPLETED
CUST-DUP-1972,2026-08-20,623.63,PENDING
CUST-DUP-1973,2026-08-20,1397.18,CANCELLED
CUST-DUP-1974,2026-08-20,749.42,COMPLETED
CUST-DUP-1975,2026-08-20,246.23,CANCELLED
CUST-DUP-1976,2026-08-20,545.77,CANCELLED
CUST-DUP-1977,2026-08-20,706.34,PENDING
CUST-DUP-1978,2026-08-20,1167.67,COMPLETED
CUST-DUP-1979,2026-08-20,318.88,CANCELLED
CUST-DUP-1980,2026-08-20,1003.76,CANCELLED
CUST-DUP-1981,2026-08-21,1494.38,COMPLETED
CUST-DUP-1982,2026-08-21,391.23,CANCELLED
CUST-DUP-1983,2026-08-21,1398.97,CANCELLED
CUST-DUP-1984,2026-08-21,370.04,CANCELLED
CUST-DUP-1985,2026-08-21,623.55,CANCELLED
CUST-DUP-1986,2026-08-21,362.3,PENDING
CUST-DUP-1987,2026-08-21,1094.93,CANCELLED
CUST-DUP-1988,2026-08-21,1487.63,COMPLETED
CUST-DUP-1989,2026-08-21,909.39,PENDING
CUST-DUP-1990,2026-08-21,403.77,COMPLETED
CUST-DUP-1991,2026-08-21,771.19,PENDING
CUST-DUP-1992,2026-08-21,1434.48,COMPLETED
CUST-DUP-1993,2026-08-21,319.16,CANCELLED
CUST-DUP-1994,2026-08-21,614.57,PENDING
CUST-DUP-1995,2026-08-21,297.64,COMPLETED
CUST-DUP-1996,2026-08-21,854.66,CANCELLED
CUST-DUP-1997,2026-08-21,786.62,COMPLETED
CUST-DUP-1998,2026-08-21,809.51,PENDING
CUST-DUP-1999,2026-08-21,516.31,COMPLETED
CUST-DUP-2000,2026-08-21,831.73,COMPLETED
CUST-DUP-2001,2026-08-01,947.92,CANCELLED
CUST-DUP-2002,2026-08-01,555.58,CANCELLED
CUST-DUP-2003,2026-08-01,567.84,COMPLETED
CUST-DUP-2004,2026-08-01,1278.93,CANCELLED
CUST-DUP-2005,2026-08-01,1345.78,COMPLETED
CUST-DUP-2006,2026-08-01,1036.5,COMPLETED
CUST-DUP-2007,2026-08-01,1042.5,PENDING
CUST-DUP-2008,2026-08-01,555.27,COMPLETED
CUST-DUP-2009,2026-08-01,1115.6,PENDING
CUST-DUP-2010,2026-08-01,805.24,CANCELLED
CUST-DUP-2011,2026-08-01,778.97,COMPLETED
CUST-DUP-2012,2026-08-01,1442.74,CANCELLED
CUST-DUP-2013,2026-08-01,1299.97,COMPLETED
CUST-DUP-2014,2026-08-01,1211.02,CANCELLED
CUST-DUP-2015,2026-08-01,1272.81,PENDING
CUST-DUP-2016,2026-08-01,1318.98,CANCELLED
CUST-DUP-2017,2026-08-01,1022.24,PENDING
CUST-DUP-2018,2026-08-01,722.1,PENDING
CUST-DUP-2019,2026-08-01,1382.75,CANCELLED
CUST-DUP-2020,2026-08-01,337.79,CANCELLED
CUST-DUP-2021,2026-08-01,171.59,CANCELLED
CUST-DUP-2022,2026-08-01,1075.9,COMPLETED
CUST-DUP-2023,2026-08-01,595.76,COMPLETED
CUST-DUP-2024,2026-08-01,509.26,COMPLETED
CUST-DUP-2025,2026-08-02,890.31,CANCELLED
CUST-DUP-2026,2026-08-02,804.41,COMPLETED
CUST-DUP-2027,2026-08-02,566.9,CANCELLED
CUST-DUP-2028,2026-08-02,146.96,COMPLETED
CUST-DUP-2029,2026-08-02,347.67,CANCELLED
CUST-DUP-2030,2026-08-02,673.89,COMPLETED
CUST-DUP-2031,2026-08-02,555.01,COMPLETED
CUST-DUP-2032,2026-08-02,1186.2,PENDING
CUST-DUP-2033,2026-08-02,321.68,CANCELLED
CUST-DUP-2034,2026-08-02,1241.7,PENDING
CUST-DUP-2035,2026-08-02,1038.22,COMPLETED
CUST-DUP-2036,2026-08-02,810.96,PENDING
CUST-DUP-2037,2026-08-02,612.58,PENDING
CUST-DUP-2038,2026-08-02,963.67,PENDING
CUST-DUP-2039,2026-08-02,1128.26,CANCELLED
CUST-DUP-2040,2026-08-02,1328.86,COMPLETED
CUST-DUP-2041,2026-08-02,823.84,PENDING
CUST-DUP-2042,2026-08-02,899.1,CANCELLED
CUST-DUP-2043,2026-08-02,1007.0,COMPLETED
CUST-DUP-2044,2026-08-02,719.84,COMPLETED
CUST-DUP-2045,2026-08-02,313.01,PENDING
CUST-DUP-2046,2026-08-02,1387.03,CANCELLED
CUST-DUP-2047,2026-08-02,1053.36,PENDING
CUST-DUP-2048,2026-08-02,344.73,CANCELLED
CUST-DUP-2049,2026-08-03,1206.77,COMPLETED
CUST-DUP-2050,2026-08-03,1007.62,PENDING
CUST-DUP-2051,2026-08-03,626.05,COMPLETED
CUST-DUP-2052,2026-08-03,431.64,CANCELLED
CUST-DUP-2053,2026-08-03,336.38,COMPLETED
CUST-DUP-2054,2026-08-03,1014.9,CANCELLED
CUST-DUP-2055,2026-08-03,505.45,COMPLETED
CUST-DUP-2056,2026-08-03,1250.07,CANCELLED
CUST-DUP-2057,2026-08-03,508.44,COMPLETED
CUST-DUP-2058,2026-08-03,1287.65,CANCELLED
CUST-DUP-2059,2026-08-03,354.16,COMPLETED
CUST-DUP-2060,2026-08-03,933.51,PENDING
CUST-DUP-2061,2026-08-03,556.83,CANCELLED
CUST-DUP-2062,2026-08-03,1098.62,COMPLETED
CUST-DUP-2063,2026-08-03,535.15,CANCELLED
CUST-DUP-2064,2026-08-03,646.12,PENDING
CUST-DUP-2065,2026-08-03,932.07,CANCELLED
CUST-DUP-2066,2026-08-03,1289.52,CANCELLED
CUST-DUP-2067,2026-08-03,1299.06,COMPLETED
CUST-DUP-2068,2026-08-03,114.78,COMPLETED
CUST-DUP-2069,2026-08-03,1302.74,PENDING
CUST-DUP-2070,2026-08-03,1026.72,COMPLETED
CUST-DUP-2071,2026-08-03,293.56,PENDING
CUST-DUP-2072,2026-08-03,1322.98,PENDING
CUST-DUP-2073,2026-08-04,1364.06,CANCELLED
CUST-DUP-2074,2026-08-04,1274.4,PENDING
CUST-DUP-2075,2026-08-04,1453.42,COMPLETED
CUST-DUP-2076,2026-08-04,1261.12,CANCELLED
CUST-DUP-2077,2026-08-04,454.7,CANCELLED
CUST-DUP-2078,2026-08-04,1458.59,CANCELLED
CUST-DUP-2079,2026-08-04,714.01,COMPLETED
CUST-DUP-2080,2026-08-04,363.95,CANCELLED
CUST-DUP-2081,2026-08-04,790.15,PENDING
CUST-DUP-2082,2026-08-04,642.49,COMPLETED
CUST-DUP-2083,2026-08-04,1333.58,CANCELLED
CUST-DUP-2084,2026-08-04,245.07,PENDING
CUST-DUP-2085,2026-08-04,756.1,COMPLETED
CUST-DUP-2086,2026-08-04,485.36,COMPLETED
CUST-DUP-2087,2026-08-04,383.64,CANCELLED
CUST-DUP-2088,2026-08-04,1138.85,COMPLETED
CUST-DUP-2089,2026-08-04,116.44,CANCELLED
CUST-DUP-2090,2026-08-04,1320.42,PENDING
CUST-DUP-2091,2026-08-04,334.91,COMPLETED
CUST-DUP-2092,2026-08-04,996.87,CANCELLED
CUST-DUP-2093,2026-08-04,725.97,COMPLETED
CUST-DUP-2094,2026-08-04,1096.22,COMPLETED
CUST-DUP-2095,2026-08-04,890.55,COMPLETED
CUST-DUP-2096,2026-08-04,205.79,COMPLETED
CUST-DUP-2097,2026-08-05,1064.49,COMPLETED
CUST-DUP-2098,2026-08-05,1116.11,CANCELLED
CUST-DUP-2099,2026-08-05,967.52,COMPLETED
CUST-DUP-2100,2026-08-05,447.81,CANCELLED
CUST-DUP-2101,2026-08-05,252.5,PENDING
CUST-DUP-2102,2026-08-05,416.44,CANCELLED
CUST-DUP-2103,2026-08-05,1257.38,COMPLETED
CUST-DUP-2104,2026-08-05,1048.58,PENDING
CUST-DUP-2105,2026-08-05,303.11,CANCELLED
CUST-DUP-2106,2026-08-05,581.06,COMPLETED
CUST-DUP-2107,2026-08-05,546.05,PENDING
CUST-DUP-2108,2026-08-05,1229.11,CANCELLED
CUST-DUP-2109,2026-08-05,511.28,PENDING
CUST-DUP-2110,2026-08-05,1189.47,COMPLETED
CUST-DUP-2111,2026-08-05,301.55,CANCELLED
CUST-DUP-2112,2026-08-05,1219.39,CANCELLED
CUST-DUP-2113,2026-08-05,470.78,CANCELLED
CUST-DUP-2114,2026-08-05,251.08,PENDING
CUST-DUP-2115,2026-08-05,860.36,CANCELLED
CUST-DUP-2116,2026-08-05,183.45,COMPLETED
CUST-DUP-2117,2026-08-05,652.25,COMPLETED
CUST-DUP-2118,2026-08-05,253.09,PENDING
CUST-DUP-2119,2026-08-05,695.39,PENDING
CUST-DUP-2120,2026-08-05,1048.25,CANCELLED
CUST-DUP-2121,2026-08-06,1473.15,PENDING
CUST-DUP-2122,2026-08-06,783.85,CANCELLED
CUST-DUP-2123,2026-08-06,1178.44,CANCELLED
CUST-DUP-2124,2026-08-06,614.92,COMPLETED
CUST-DUP-2125,2026-08-06,961.07,CANCELLED
CUST-DUP-2126,2026-08-06,1123.59,COMPLETED
CUST-DUP-2127,2026-08-06,532.86,PENDING
CUST-DUP-2128,2026-08-06,1408.64,PENDING
CUST-DUP-2129,2026-08-06,864.94,CANCELLED
CUST-DUP-2130,2026-08-06,1092.63,COMPLETED
CUST-DUP-2131,2026-08-06,122.95,COMPLETED
CUST-DUP-2132,2026-08-06,1032.22,CANCELLED
CUST-DUP-2133,2026-08-06,1200.43,CANCELLED
CUST-DUP-2134,2026-08-06,735.73,PENDING
CUST-DUP-2135,2026-08-06,179.01,COMPLETED
CUST-DUP-2136,2026-08-06,377.6,COMPLETED
CUST-DUP-2137,2026-08-06,1442.09,CANCELLED
CUST-DUP-2138,2026-08-06,225.21,COMPLETED
CUST-DUP-2139,2026-08-06,843.47,PENDING
CUST-DUP-2140,2026-08-06,1229.62,PENDING
CUST-DUP-2141,2026-08-06,1023.89,COMPLETED
CUST-DUP-2142,2026-08-06,493.93,COMPLETED
CUST-DUP-2143,2026-08-06,406.29,CANCELLED
CUST-DUP-2144,2026-08-06,988.61,CANCELLED
CUST-DUP-2145,2026-08-07,959.79,CANCELLED
CUST-DUP-2146,2026-08-07,969.43,COMPLETED
CUST-DUP-2147,2026-08-07,539.23,PENDING
CUST-DUP-2148,2026-08-07,621.33,CANCELLED
CUST-DUP-2149,2026-08-07,225.99,CANCELLED
CUST-DUP-2150,2026-08-07,345.86,PENDING
CUST-DUP-2151,2026-08-07,265.85,COMPLETED
CUST-DUP-2152,2026-08-07,1170.8,COMPLETED
CUST-DUP-2153,2026-08-07,221.11,PENDING
CUST-DUP-2154,2026-08-07,447.03,COMPLETED
CUST-DUP-2155,2026-08-07,1053.63,COMPLETED
CUST-DUP-2156,2026-08-07,477.97,PENDING
CUST-DUP-2157,2026-08-07,1040.31,COMPLETED
CUST-DUP-2158,2026-08-07,1457.39,COMPLETED
CUST-DUP-2159,2026-08-07,834.64,CANCELLED
CUST-DUP-2160,2026-08-07,118.01,COMPLETED
CUST-DUP-2161,2026-08-07,297.88,COMPLETED
CUST-DUP-2162,2026-08-07,323.02,CANCELLED
CUST-DUP-2163,2026-08-07,449.35,PENDING
CUST-DUP-2164,2026-08-07,1080.65,PENDING
CUST-DUP-2165,2026-08-07,950.49,CANCELLED
CUST-DUP-2166,2026-08-07,454.13,COMPLETED
CUST-DUP-2167,2026-08-07,614.93,PENDING
CUST-DUP-2168,2026-08-07,1049.45,CANCELLED
CUST-DUP-2169,2026-08-08,1142.22,PENDING
CUST-DUP-2170,2026-08-08,1055.94,COMPLETED
CUST-DUP-2171,2026-08-08,809.51,CANCELLED
CUST-DUP-2172,2026-08-08,791.04,COMPLETED
CUST-DUP-2173,2026-08-08,503.48,CANCELLED
CUST-DUP-2174,2026-08-08,175.37,PENDING
CUST-DUP-2175,2026-08-08,659.49,CANCELLED
CUST-DUP-2176,2026-08-08,567.98,PENDING
CUST-DUP-2177,2026-08-08,1141.06,CANCELLED
CUST-DUP-2178,2026-08-08,158.46,PENDING
CUST-DUP-2179,2026-08-08,299.15,PENDING
CUST-DUP-2180,2026-08-08,976.54,CANCELLED
CUST-DUP-2181,2026-08-08,1372.02,CANCELLED
CUST-DUP-2182,2026-08-08,1202.6,PENDING
CUST-DUP-2183,2026-08-08,548.05,CANCELLED
CUST-DUP-2184,2026-08-08,845.41,CANCELLED
CUST-DUP-2185,2026-08-08,1063.64,PENDING
CUST-DUP-2186,2026-08-08,713.31,CANCELLED
CUST-DUP-2187,2026-08-08,490.82,CANCELLED
CUST-DUP-2188,2026-08-08,501.17,PENDING
CUST-DUP-2189,2026-08-08,1323.93,COMPLETED
CUST-DUP-2190,2026-08-08,1167.23,PENDING
CUST-DUP-2191,2026-08-08,553.63,COMPLETED
CUST-DUP-2192,2026-08-08,229.91,PENDING
CUST-DUP-2193,2026-08-09,647.68,CANCELLED
CUST-DUP-2194,2026-08-09,762.37,COMPLETED
CUST-DUP-2195,2026-08-09,596.72,COMPLETED
CUST-DUP-2196,2026-08-09,1043.17,CANCELLED
CUST-DUP-2197,2026-08-09,640.23,COMPLETED
CUST-DUP-2198,2026-08-09,621.66,PENDING
CUST-DUP-2199,2026-08-09,190.69,CANCELLED
CUST-DUP-2200,2026-08-09,138.87,PENDING
CUST-DUP-2201,2026-08-09,823.2,PENDING
CUST-DUP-2202,2026-08-09,662.4,CANCELLED
CUST-DUP-2203,2026-08-09,531.3,COMPLETED
CUST-DUP-2204,2026-08-09,795.64,PENDING
CUST-DUP-2205,2026-08-09,1473.41,PENDING
CUST-DUP-2206,2026-08-09,971.31,CANCELLED
CUST-DUP-2207,2026-08-09,881.86,PENDING
CUST-DUP-2208,2026-08-09,1254.22,PENDING
CUST-DUP-2209,2026-08-09,656.61,COMPLETED
CUST-DUP-2210,2026-08-09,1078.96,CANCELLED
CUST-DUP-2211,2026-08-09,1211.95,COMPLETED
CUST-DUP-2212,2026-08-09,647.92,CANCELLED
CUST-DUP-2213,2026-08-09,576.03,COMPLETED
CUST-DUP-2214,2026-08-09,927.51,CANCELLED
CUST-DUP-2215,2026-08-09,1241.88,COMPLETED
CUST-DUP-2216,2026-08-09,434.86,PENDING
CUST-DUP-2217,2026-08-10,597.02,CANCELLED
CUST-DUP-2218,2026-08-10,195.64,CANCELLED
CUST-DUP-2219,2026-08-10,1448.05,CANCELLED
CUST-DUP-2220,2026-08-10,412.34,CANCELLED
CUST-DUP-2221,2026-08-10,671.26,PENDING
CUST-DUP-2222,2026-08-10,180.88,PENDING
CUST-DUP-2223,2026-08-10,1005.35,PENDING
CUST-DUP-2224,2026-08-10,852.04,COMPLETED
CUST-DUP-2225,2026-08-10,165.05,COMPLETED
CUST-DUP-2226,2026-08-10,1202.18,CANCELLED
CUST-DUP-2227,2026-08-10,770.98,PENDING
CUST-DUP-2228,2026-08-10,714.53,COMPLETED
CUST-DUP-2229,2026-08-10,977.9,PENDING
CUST-DUP-2230,2026-08-10,869.87,PENDING
CUST-DUP-2231,2026-08-10,986.44,CANCELLED
CUST-DUP-2232,2026-08-10,1233.56,PENDING
CUST-DUP-2233,2026-08-10,391.1,CANCELLED
CUST-DUP-2234,2026-08-10,660.04,CANCELLED
CUST-DUP-2235,2026-08-10,1294.72,CANCELLED
CUST-DUP-2236,2026-08-10,450.12,CANCELLED
CUST-DUP-2237,2026-08-10,104.73,CANCELLED
CUST-DUP-2238,2026-08-10,385.45,PENDING
CUST-DUP-2239,2026-08-10,498.06,COMPLETED
CUST-DUP-2240,2026-08-10,1171.41,PENDING
CUST-DUP-2241,2026-08-11,1393.77,CANCELLED
CUST-DUP-2242,2026-08-11,1000.15,COMPLETED
CUST-DUP-2243,2026-08-11,503.26,CANCELLED
CUST-DUP-2244,2026-08-11,377.55,CANCELLED
CUST-DUP-2245,2026-08-11,410.63,CANCELLED
CUST-DUP-2246,2026-08-11,1409.01,COMPLETED
CUST-DUP-2247,2026-08-11,498.85,COMPLETED
CUST-DUP-2248,2026-08-11,809.89,COMPLETED
CUST-DUP-2249,2026-08-11,1259.22,CANCELLED
CUST-DUP-2250,2026-08-11,1146.33,PENDING
CUST-DUP-2251,2026-08-11,1043.05,PENDING
CUST-DUP-2252,2026-08-11,1188.41,PENDING
CUST-DUP-2253,2026-08-11,859.71,COMPLETED
CUST-DUP-2254,2026-08-11,1381.66,PENDING
CUST-DUP-2255,2026-08-11,519.69,CANCELLED
CUST-DUP-2256,2026-08-11,751.22,CANCELLED
CUST-DUP-2257,2026-08-11,720.98,CANCELLED
CUST-DUP-2258,2026-08-11,1041.77,COMPLETED
CUST-DUP-2259,2026-08-11,487.18,COMPLETED
CUST-DUP-2260,2026-08-11,1216.78,COMPLETED
CUST-DUP-2261,2026-08-11,1073.58,COMPLETED
CUST-DUP-2262,2026-08-11,1326.27,PENDING
CUST-DUP-2263,2026-08-11,1060.84,PENDING
CUST-DUP-2264,2026-08-11,1084.47,CANCELLED
CUST-DUP-2265,2026-08-12,343.51,PENDING
CUST-DUP-2266,2026-08-12,1038.66,CANCELLED
CUST-DUP-2267,2026-08-12,461.94,PENDING
CUST-DUP-2268,2026-08-12,659.02,COMPLETED
CUST-DUP-2269,2026-08-12,139.41,CANCELLED
CUST-DUP-2270,2026-08-12,603.97,COMPLETED
CUST-DUP-2271,2026-08-12,1372.21,CANCELLED
CUST-DUP-2272,2026-08-12,950.74,PENDING
CUST-DUP-2273,2026-08-12,1391.66,PENDING
CUST-DUP-2274,2026-08-12,358.65,CANCELLED
CUST-DUP-2275,2026-08-12,520.78,PENDING
CUST-DUP-2276,2026-08-12,150.51,CANCELLED
CUST-DUP-2277,2026-08-12,1443.47,PENDING
CUST-DUP-2278,2026-08-12,145.95,COMPLETED
CUST-DUP-2279,2026-08-12,1225.2,COMPLETED
CUST-DUP-2280,2026-08-12,1212.84,COMPLETED
CUST-DUP-2281,2026-08-12,264.64,COMPLETED
CUST-DUP-2282,2026-08-12,158.99,COMPLETED
CUST-DUP-2283,2026-08-12,1304.31,COMPLETED
CUST-DUP-2284,2026-08-12,1372.16,COMPLETED
CUST-DUP-2285,2026-08-12,654.59,CANCELLED
CUST-DUP-2286,2026-08-12,519.6,CANCELLED
CUST-DUP-2287,2026-08-12,1281.68,PENDING
CUST-DUP-2288,2026-08-12,243.18,CANCELLED
CUST-DUP-2289,2026-08-13,894.33,CANCELLED
CUST-DUP-2290,2026-08-13,407.29,PENDING
CUST-DUP-2291,2026-08-13,1454.09,COMPLETED
CUST-DUP-2292,2026-08-13,258.17,PENDING
CUST-DUP-2293,2026-08-13,512.22,COMPLETED
CUST-DUP-2294,2026-08-13,624.74,CANCELLED
CUST-DUP-2295,2026-08-13,1024.45,PENDING
CUST-DUP-2296,2026-08-13,1153.46,COMPLETED
CUST-DUP-2297,2026-08-13,1201.7,CANCELLED
CUST-DUP-2298,2026-08-13,1223.92,COMPLETED
CUST-DUP-2299,2026-08-13,1343.61,CANCELLED
CUST-DUP-2300,2026-08-13,1428.83,CANCELLED
CUST-DUP-2301,2026-08-13,309.22,PENDING
CUST-DUP-2302,2026-08-13,322.18,PENDING
CUST-DUP-2303,2026-08-13,611.47,CANCELLED
CUST-DUP-2304,2026-08-13,1310.9,CANCELLED
CUST-DUP-2305,2026-08-13,973.89,COMPLETED
CUST-DUP-2306,2026-08-13,1217.46,PENDING
CUST-DUP-2307,2026-08-13,262.46,PENDING
CUST-DUP-2308,2026-08-13,712.24,CANCELLED
CUST-DUP-2309,2026-08-13,767.64,PENDING
CUST-DUP-2310,2026-08-13,1178.98,CANCELLED
CUST-DUP-2311,2026-08-13,1377.86,COMPLETED
CUST-DUP-2312,2026-08-13,840.32,CANCELLED
CUST-DUP-2313,2026-08-14,1002.82,PENDING
CUST-DUP-2314,2026-08-14,1336.25,COMPLETED
CUST-DUP-2315,2026-08-14,120.08,PENDING
CUST-DUP-2316,2026-08-14,1258.12,CANCELLED
CUST-DUP-2317,2026-08-14,739.21,COMPLETED
CUST-DUP-2318,2026-08-14,871.94,PENDING
CUST-DUP-2319,2026-08-14,258.45,CANCELLED
CUST-DUP-2320,2026-08-14,489.94,COMPLETED
CUST-DUP-2321,2026-08-14,732.6,COMPLETED
CUST-DUP-2322,2026-08-14,1109.82,COMPLETED
CUST-DUP-2323,2026-08-14,1377.12,PENDING
CUST-DUP-2324,2026-08-14,1460.79,CANCELLED
CUST-DUP-2325,2026-08-14,332.41,COMPLETED
CUST-DUP-2326,2026-08-14,519.49,COMPLETED
CUST-DUP-2327,2026-08-14,406.77,CANCELLED
CUST-DUP-2328,2026-08-14,1233.58,CANCELLED
CUST-DUP-2329,2026-08-14,981.2,PENDING
CUST-DUP-2330,2026-08-14,1353.02,PENDING
CUST-DUP-2331,2026-08-14,1077.19,CANCELLED
CUST-DUP-2332,2026-08-14,1338.58,PENDING
CUST-DUP-2333,2026-08-14,288.5,CANCELLED
CUST-DUP-2334,2026-08-14,1483.95,COMPLETED
CUST-DUP-2335,2026-08-14,1323.3,COMPLETED
CUST-DUP-2336,2026-08-14,330.06,PENDING
CUST-DUP-2337,2026-08-15,539.51,CANCELLED
CUST-DUP-2338,2026-08-15,1451.96,PENDING
CUST-DUP-2339,2026-08-15,916.34,COMPLETED
CUST-DUP-2340,2026-08-15,1128.36,PENDING
CUST-DUP-2341,2026-08-15,891.24,CANCELLED
CUST-DUP-2342,2026-08-15,785.2,COMPLETED
CUST-DUP-2343,2026-08-15,219.8,PENDING
CUST-DUP-2344,2026-08-15,515.22,COMPLETED
CUST-DUP-2345,2026-08-15,941.43,CANCELLED
CUST-DUP-2346,2026-08-15,716.88,PENDING
CUST-DUP-2347,2026-08-15,561.88,CANCELLED
CUST-DUP-2348,2026-08-15,770.6,CANCELLED
CUST-DUP-2349,2026-08-15,835.76,PENDING
CUST-DUP-2350,2026-08-15,853.3,COMPLETED
CUST-DUP-2351,2026-08-15,1418.49,CANCELLED
CUST-DUP-2352,2026-08-15,463.92,COMPLETED
CUST-DUP-2353,2026-08-15,963.94,CANCELLED
CUST-DUP-2354,2026-08-15,951.6,CANCELLED
CUST-DUP-2355,2026-08-15,1013.73,CANCELLED
CUST-DUP-2356,2026-08-15,962.71,PENDING
CUST-DUP-2357,2026-08-15,1082.85,CANCELLED
CUST-DUP-2358,2026-08-15,323.1,CANCELLED
CUST-DUP-2359,2026-08-15,1485.46,COMPLETED
CUST-DUP-2360,2026-08-15,860.42,CANCELLED
CUST-DUP-2361,2026-08-16,1155.41,PENDING
CUST-DUP-2362,2026-08-16,251.54,COMPLETED
CUST-DUP-2363,2026-08-16,670.19,COMPLETED
CUST-DUP-2364,2026-08-16,520.96,CANCELLED
CUST-DUP-2365,2026-08-16,1197.99,PENDING
CUST-DUP-2366,2026-08-16,291.69,PENDING
CUST-DUP-2367,2026-08-16,1342.71,PENDING
CUST-DUP-2368,2026-08-16,769.68,PENDING
CUST-DUP-2369,2026-08-16,1194.09,PENDING
CUST-DUP-2370,2026-08-16,184.97,CANCELLED
CUST-DUP-2371,2026-08-16,143.45,PENDING
CUST-DUP-2372,2026-08-16,645.04,COMPLETED
CUST-DUP-2373,2026-08-16,685.3,CANCELLED
CUST-DUP-2374,2026-08-16,186.43,PENDING
CUST-DUP-2375,2026-08-16,1086.85,CANCELLED
CUST-DUP-2376,2026-08-16,1027.84,PENDING
CUST-DUP-2377,2026-08-16,995.57,COMPLETED
CUST-DUP-2378,2026-08-16,1200.75,CANCELLED
CUST-DUP-2379,2026-08-16,944.06,CANCELLED
CUST-DUP-2380,2026-08-16,169.06,COMPLETED
CUST-DUP-2381,2026-08-16,316.93,CANCELLED
CUST-DUP-2382,2026-08-16,310.46,COMPLETED
CUST-DUP-2383,2026-08-16,154.76,CANCELLED
CUST-DUP-2384,2026-08-16,524.3,CANCELLED
CUST-DUP-2385,2026-08-17,1409.5,CANCELLED
CUST-DUP-2386,2026-08-17,1239.46,COMPLETED
CUST-DUP-2387,2026-08-17,916.9,COMPLETED
CUST-DUP-2388,2026-08-17,1197.6,COMPLETED
CUST-DUP-2389,2026-08-17,1376.43,PENDING
CUST-DUP-2390,2026-08-17,163.03,CANCELLED
CUST-DUP-2391,2026-08-17,1275.73,PENDING
CUST-DUP-2392,2026-08-17,1331.29,COMPLETED
CUST-DUP-2393,2026-08-17,952.49,COMPLETED
CUST-DUP-2394,2026-08-17,531.58,PENDING
CUST-DUP-2395,2026-08-17,190.38,CANCELLED
CUST-DUP-2396,2026-08-17,618.43,CANCELLED
CUST-DUP-2397,2026-08-17,308.73,CANCELLED
CUST-DUP-2398,2026-08-17,941.27,COMPLETED
CUST-DUP-2399,2026-08-17,369.97,COMPLETED
CUST-DUP-2400,2026-08-17,1024.58,COMPLETED
CUST-DUP-2401,2026-08-17,282.59,PENDING
CUST-DUP-2402,2026-08-17,1072.37,CANCELLED
CUST-DUP-2403,2026-08-17,468.04,CANCELLED
CUST-DUP-2404,2026-08-17,1098.77,CANCELLED
CUST-DUP-2405,2026-08-17,633.78,PENDING
CUST-DUP-2406,2026-08-17,103.23,CANCELLED
CUST-DUP-2407,2026-08-17,1109.24,PENDING
CUST-DUP-2408,2026-08-17,346.76,COMPLETED
CUST-DUP-2409,2026-08-18,927.48,COMPLETED
CUST-DUP-2410,2026-08-18,104.06,CANCELLED
CUST-DUP-2411,2026-08-18,844.13,PENDING
CUST-DUP-2412,2026-08-18,1031.14,CANCELLED
CUST-DUP-2413,2026-08-18,1366.73,CANCELLED
CUST-DUP-2414,2026-08-18,278.33,CANCELLED
CUST-DUP-2415,2026-08-18,645.55,CANCELLED
CUST-DUP-2416,2026-08-18,751.59,PENDING
CUST-DUP-2417,2026-08-18,469.25,PENDING
CUST-DUP-2418,2026-08-18,262.27,PENDING
CUST-DUP-2419,2026-08-18,997.98,COMPLETED
CUST-DUP-2420,2026-08-18,1271.98,CANCELLED
CUST-DUP-2421,2026-08-18,743.28,CANCELLED
CUST-DUP-2422,2026-08-18,705.05,COMPLETED
CUST-DUP-2423,2026-08-18,852.76,PENDING
CUST-DUP-2424,2026-08-18,988.36,PENDING
CUST-DUP-2425,2026-08-18,1008.38,COMPLETED
CUST-DUP-2426,2026-08-18,948.4,CANCELLED
CUST-DUP-2427,2026-08-18,651.6,COMPLETED
CUST-DUP-2428,2026-08-18,280.17,PENDING
CUST-DUP-2429,2026-08-18,1205.25,COMPLETED
CUST-DUP-2430,2026-08-18,1290.75,COMPLETED
CUST-DUP-2431,2026-08-18,848.22,PENDING
CUST-DUP-2432,2026-08-18,1477.1,COMPLETED
CUST-DUP-2433,2026-08-19,152.91,CANCELLED
CUST-DUP-2434,2026-08-19,600.3,PENDING
CUST-DUP-2435,2026-08-19,861.49,PENDING
CUST-DUP-2436,2026-08-19,992.83,CANCELLED
CUST-DUP-2437,2026-08-19,1148.78,CANCELLED
CUST-DUP-2438,2026-08-19,676.28,COMPLETED
CUST-DUP-2439,2026-08-19,918.46,PENDING
CUST-DUP-2440,2026-08-19,897.94,COMPLETED
CUST-DUP-2441,2026-08-19,118.95,CANCELLED
CUST-DUP-2442,2026-08-19,1348.95,CANCELLED
CUST-DUP-2443,2026-08-19,1087.56,PENDING
CUST-DUP-2444,2026-08-19,967.68,CANCELLED
CUST-DUP-2445,2026-08-19,1344.61,CANCELLED
CUST-DUP-2446,2026-08-19,327.55,PENDING
CUST-DUP-2447,2026-08-19,1230.42,CANCELLED
CUST-DUP-2448,2026-08-19,472.54,CANCELLED
CUST-DUP-2449,2026-08-19,350.99,CANCELLED
CUST-DUP-2450,2026-08-19,1241.67,CANCELLED
CUST-DUP-2451,2026-08-19,823.31,COMPLETED
CUST-DUP-2452,2026-08-19,1175.67,PENDING
CUST-DUP-2453,2026-08-19,1060.58,PENDING
CUST-DUP-2454,2026-08-19,928.41,COMPLETED
CUST-DUP-2455,2026-08-19,970.65,CANCELLED
CUST-DUP-2456,2026-08-19,1473.89,COMPLETED
CUST-DUP-2457,2026-08-20,940.48,PENDING
CUST-DUP-2458,2026-08-20,168.7,CANCELLED
CUST-DUP-2459,2026-08-20,992.07,COMPLETED
CUST-DUP-2460,2026-08-20,587.67,CANCELLED
CUST-DUP-2461,2026-08-20,1226.68,COMPLETED
CUST-DUP-2462,2026-08-20,1064.43,PENDING
CUST-DUP-2463,2026-08-20,267.11,CANCELLED
CUST-DUP-2464,2026-08-20,425.38,CANCELLED
CUST-DUP-2465,2026-08-20,208.23,COMPLETED
CUST-DUP-2466,2026-08-20,717.51,PENDING
CUST-DUP-2467,2026-08-20,560.23,CANCELLED
CUST-DUP-2468,2026-08-20,762.35,COMPLETED
CUST-DUP-2469,2026-08-20,405.07,CANCELLED
CUST-DUP-2470,2026-08-20,761.47,COMPLETED
CUST-DUP-2471,2026-08-20,988.55,PENDING
CUST-DUP-2472,2026-08-20,1081.61,CANCELLED
CUST-DUP-2473,2026-08-20,554.53,PENDING
CUST-DUP-2474,2026-08-20,708.35,CANCELLED
CUST-DUP-2475,2026-08-20,1337.49,COMPLETED
CUST-DUP-2476,2026-08-20,161.32,CANCELLED
CUST-DUP-2477,2026-08-20,1290.66,COMPLETED
CUST-DUP-2478,2026-08-20,170.66,CANCELLED
CUST-DUP-2479,2026-08-20,1410.97,PENDING
CUST-DUP-2480,2026-08-20,515.15,PENDING
CUST-DUP-2481,2026-08-21,705.76,COMPLETED
CUST-DUP-2482,2026-08-21,671.25,COMPLETED
CUST-DUP-2483,2026-08-21,708.18,PENDING
CUST-DUP-2484,2026-08-21,296.25,COMPLETED
CUST-DUP-2485,2026-08-21,287.41,CANCELLED
CUST-DUP-2486,2026-08-21,228.52,PENDING
CUST-DUP-2487,2026-08-21,886.91,PENDING
CUST-DUP-2488,2026-08-21,1392.04,CANCELLED
CUST-DUP-2489,2026-08-21,1120.53,CANCELLED
CUST-DUP-2490,2026-08-21,913.32,COMPLETED
CUST-DUP-2491,2026-08-21,782.07,CANCELLED
CUST-DUP-2492,2026-08-21,426.72,CANCELLED
CUST-DUP-2493,2026-08-21,1185.82,COMPLETED
CUST-DUP-2494,2026-08-21,766.31,COMPLETED
CUST-DUP-2495,2026-08-21,472.85,CANCELLED
CUST-DUP-2496,2026-08-21,1337.94,CANCELLED
CUST-DUP-2497,2026-08-21,1202.49,CANCELLED
CUST-DUP-2498,2026-08-21,554.31,COMPLETED
CUST-DUP-2499,2026-08-21,1321.73,PENDING
CUST-DUP-2500,2026-08-21,121.37,PENDING
CUST-DUP-2501,2026-08-01,1396.49,PENDING
CUST-DUP-2502,2026-08-01,1069.91,CANCELLED
CUST-DUP-2503,2026-08-01,819.6,CANCELLED
CUST-DUP-2504,2026-08-01,901.86,COMPLETED
CUST-DUP-2505,2026-08-01,1394.79,COMPLETED
CUST-DUP-2506,2026-08-01,1418.86,CANCELLED
CUST-DUP-2507,2026-08-01,1166.64,COMPLETED
CUST-DUP-2508,2026-08-01,1219.08,CANCELLED
CUST-DUP-2509,2026-08-01,741.08,COMPLETED
CUST-DUP-2510,2026-08-01,1194.56,COMPLETED
CUST-DUP-2511,2026-08-01,988.93,CANCELLED
CUST-DUP-2512,2026-08-01,1411.19,CANCELLED
CUST-DUP-2513,2026-08-01,531.78,CANCELLED
CUST-DUP-2514,2026-08-01,1318.28,CANCELLED
CUST-DUP-2515,2026-08-01,300.74,COMPLETED
CUST-DUP-2516,2026-08-01,1109.44,PENDING
CUST-DUP-2517,2026-08-01,1197.55,CANCELLED
CUST-DUP-2518,2026-08-01,1124.01,CANCELLED
CUST-DUP-2519,2026-08-01,368.74,PENDING
CUST-DUP-2520,2026-08-01,313.11,CANCELLED
CUST-DUP-2521,2026-08-01,598.83,PENDING
CUST-DUP-2522,2026-08-01,1208.73,CANCELLED
CUST-DUP-2523,2026-08-01,679.99,CANCELLED
CUST-DUP-2524,2026-08-01,275.37,CANCELLED
CUST-DUP-2525,2026-08-02,131.78,PENDING
CUST-DUP-2526,2026-08-02,641.84,PENDING
CUST-DUP-2527,2026-08-02,463.12,COMPLETED
CUST-DUP-2528,2026-08-02,534.47,COMPLETED
CUST-DUP-2529,2026-08-02,1259.28,COMPLETED
CUST-DUP-2530,2026-08-02,855.04,CANCELLED
CUST-DUP-2531,2026-08-02,682.19,CANCELLED
CUST-DUP-2532,2026-08-02,561.57,CANCELLED
CUST-DUP-2533,2026-08-02,1478.2,COMPLETED
CUST-DUP-2534,2026-08-02,611.57,COMPLETED
CUST-DUP-2535,2026-08-02,1303.75,COMPLETED
CUST-DUP-2536,2026-08-02,357.39,COMPLETED
CUST-DUP-2537,2026-08-02,153.87,CANCELLED
CUST-DUP-2538,2026-08-02,590.51,PENDING
CUST-DUP-2539,2026-08-02,545.35,COMPLETED
CUST-DUP-2540,2026-08-02,710.74,CANCELLED
CUST-DUP-2541,2026-08-02,673.53,PENDING
CUST-DUP-2542,2026-08-02,629.72,CANCELLED
CUST-DUP-2543,2026-08-02,417.48,CANCELLED
CUST-DUP-2544,2026-08-02,141.32,COMPLETED
CUST-DUP-2545,2026-08-02,1106.95,COMPLETED
CUST-DUP-2546,2026-08-02,1045.1,COMPLETED
CUST-DUP-2547,2026-08-02,151.66,PENDING
CUST-DUP-2548,2026-08-02,690.85,CANCELLED
CUST-DUP-2549,2026-08-03,1189.15,PENDING
CUST-DUP-2550,2026-08-03,1107.26,PENDING
CUST-DUP-2551,2026-08-03,1122.13,CANCELLED
CUST-DUP-2552,2026-08-03,1203.67,COMPLETED
CUST-DUP-2553,2026-08-03,732.72,CANCELLED
CUST-DUP-2554,2026-08-03,449.8,CANCELLED
CUST-DUP-2555,2026-08-03,835.62,COMPLETED
CUST-DUP-2556,2026-08-03,726.09,COMPLETED
CUST-DUP-2557,2026-08-03,1476.43,COMPLETED
CUST-DUP-2558,2026-08-03,208.86,CANCELLED
CUST-DUP-2559,2026-08-03,633.63,CANCELLED
CUST-DUP-2560,2026-08-03,524.1,COMPLETED
CUST-DUP-2561,2026-08-03,927.33,CANCELLED
CUST-DUP-2562,2026-08-03,972.99,CANCELLED
CUST-DUP-2563,2026-08-03,175.12,CANCELLED
CUST-DUP-2564,2026-08-03,1183.38,CANCELLED
CUST-DUP-2565,2026-08-03,900.55,COMPLETED
CUST-DUP-2566,2026-08-03,1014.44,CANCELLED
CUST-DUP-2567,2026-08-03,1407.83,COMPLETED
CUST-DUP-2568,2026-08-03,729.78,PENDING
CUST-DUP-2569,2026-08-03,822.55,CANCELLED
CUST-DUP-2570,2026-08-03,684.62,CANCELLED
CUST-DUP-2571,2026-08-03,158.74,PENDING
CUST-DUP-2572,2026-08-03,439.97,CANCELLED
CUST-DUP-2573,2026-08-04,131.0,COMPLETED
CUST-DUP-2574,2026-08-04,622.92,COMPLETED
CUST-DUP-2575,2026-08-04,939.04,CANCELLED
CUST-DUP-2576,2026-08-04,1099.2,PENDING
CUST-DUP-2577,2026-08-04,828.39,CANCELLED
CUST-DUP-2578,2026-08-04,1121.97,CANCELLED
CUST-DUP-2579,2026-08-04,285.94,CANCELLED
CUST-DUP-2580,2026-08-04,309.83,CANCELLED
CUST-DUP-2581,2026-08-04,1143.96,PENDING
CUST-DUP-2582,2026-08-04,1103.63,PENDING
CUST-DUP-2583,2026-08-04,568.37,PENDING
CUST-DUP-2584,2026-08-04,314.62,PENDING
CUST-DUP-2585,2026-08-04,748.74,COMPLETED
CUST-DUP-2586,2026-08-04,703.39,PENDING
CUST-DUP-2587,2026-08-04,1097.17,CANCELLED
CUST-DUP-2588,2026-08-04,326.29,PENDING
CUST-DUP-2589,2026-08-04,1218.35,PENDING
CUST-DUP-2590,2026-08-04,1445.63,PENDING
CUST-DUP-2591,2026-08-04,1253.7,CANCELLED
CUST-DUP-2592,2026-08-04,1118.39,COMPLETED
CUST-DUP-2593,2026-08-04,1364.35,CANCELLED
CUST-DUP-2594,2026-08-04,363.92,COMPLETED
CUST-DUP-2595,2026-08-04,814.48,PENDING
CUST-DUP-2596,2026-08-04,695.92,CANCELLED
CUST-DUP-2597,2026-08-05,1168.78,CANCELLED
CUST-DUP-2598,2026-08-05,286.96,PENDING
CUST-DUP-2599,2026-08-05,232.3,COMPLETED
CUST-DUP-2600,2026-08-05,266.56,COMPLETED
CUST-DUP-2601,2026-08-05,559.33,CANCELLED
CUST-DUP-2602,2026-08-05,1207.92,PENDING
CUST-DUP-2603,2026-08-05,400.16,PENDING
CUST-DUP-2604,2026-08-05,1435.45,PENDING
CUST-DUP-2605,2026-08-05,1404.12,CANCELLED
CUST-DUP-2606,2026-08-05,579.56,PENDING
CUST-DUP-2607,2026-08-05,239.38,COMPLETED
CUST-DUP-2608,2026-08-05,829.64,PENDING
CUST-DUP-2609,2026-08-05,687.66,PENDING
CUST-DUP-2610,2026-08-05,1052.04,CANCELLED
CUST-DUP-2611,2026-08-05,905.09,CANCELLED
CUST-DUP-2612,2026-08-05,649.19,CANCELLED
CUST-DUP-2613,2026-08-05,1123.17,CANCELLED
CUST-DUP-2614,2026-08-05,258.7,COMPLETED
CUST-DUP-2615,2026-08-05,282.88,COMPLETED
CUST-DUP-2616,2026-08-05,472.19,CANCELLED
CUST-DUP-2617,2026-08-05,1204.26,CANCELLED
CUST-DUP-2618,2026-08-05,1404.02,COMPLETED
CUST-DUP-2619,2026-08-05,381.77,PENDING
CUST-DUP-2620,2026-08-05,1041.05,CANCELLED
CUST-DUP-2621,2026-08-06,376.11,PENDING
CUST-DUP-2622,2026-08-06,263.26,CANCELLED
CUST-DUP-2623,2026-08-06,1242.88,PENDING
CUST-DUP-2624,2026-08-06,416.5,CANCELLED
CUST-DUP-2625,2026-08-06,1384.99,PENDING
CUST-DUP-2626,2026-08-06,140.93,COMPLETED
CUST-DUP-2627,2026-08-06,1232.53,PENDING
CUST-DUP-2628,2026-08-06,783.07,CANCELLED
CUST-DUP-2629,2026-08-06,719.2,COMPLETED
CUST-DUP-2630,2026-08-06,1100.53,COMPLETED
CUST-DUP-2631,2026-08-06,1155.73,CANCELLED
CUST-DUP-2632,2026-08-06,694.64,COMPLETED
CUST-DUP-2633,2026-08-06,214.13,COMPLETED
CUST-DUP-2634,2026-08-06,797.05,PENDING
CUST-DUP-2635,2026-08-06,325.87,CANCELLED
CUST-DUP-2636,2026-08-06,238.69,COMPLETED
CUST-DUP-2637,2026-08-06,113.38,PENDING
CUST-DUP-2638,2026-08-06,959.03,PENDING
CUST-DUP-2639,2026-08-06,581.45,COMPLETED
CUST-DUP-2640,2026-08-06,851.6,CANCELLED
CUST-DUP-2641,2026-08-06,398.35,PENDING
CUST-DUP-2642,2026-08-06,886.98,PENDING
CUST-DUP-2643,2026-08-06,122.96,COMPLETED
CUST-DUP-2644,2026-08-06,822.11,PENDING
CUST-DUP-2645,2026-08-07,1362.06,CANCELLED
CUST-DUP-2646,2026-08-07,1216.59,CANCELLED
CUST-DUP-2647,2026-08-07,1123.33,COMPLETED
CUST-DUP-2648,2026-08-07,1307.76,PENDING
CUST-DUP-2649,2026-08-07,227.51,COMPLETED
CUST-DUP-2650,2026-08-07,200.23,CANCELLED
CUST-DUP-2651,2026-08-07,1140.57,PENDING
CUST-DUP-2652,2026-08-07,534.01,COMPLETED
CUST-DUP-2653,2026-08-07,1163.17,CANCELLED
CUST-DUP-2654,2026-08-07,762.61,PENDING
CUST-DUP-2655,2026-08-07,741.68,PENDING
CUST-DUP-2656,2026-08-07,1321.89,PENDING
CUST-DUP-2657,2026-08-07,132.41,PENDING
CUST-DUP-2658,2026-08-07,455.39,CANCELLED
CUST-DUP-2659,2026-08-07,1269.92,COMPLETED
CUST-DUP-2660,2026-08-07,1380.58,PENDING
CUST-DUP-2661,2026-08-07,538.26,PENDING
CUST-DUP-2662,2026-08-07,1018.99,COMPLETED
CUST-DUP-2663,2026-08-07,1457.69,PENDING
CUST-DUP-2664,2026-08-07,1088.33,COMPLETED
CUST-DUP-2665,2026-08-07,309.75,PENDING
CUST-DUP-2666,2026-08-07,467.72,PENDING
CUST-DUP-2667,2026-08-07,459.99,CANCELLED
CUST-DUP-2668,2026-08-07,491.12,COMPLETED
CUST-DUP-2669,2026-08-08,842.09,CANCELLED
CUST-DUP-2670,2026-08-08,940.64,COMPLETED
CUST-DUP-2671,2026-08-08,1277.22,COMPLETED
CUST-DUP-2672,2026-08-08,1214.53,CANCELLED
CUST-DUP-2673,2026-08-08,750.07,COMPLETED
CUST-DUP-2674,2026-08-08,898.42,PENDING
CUST-DUP-2675,2026-08-08,849.7,COMPLETED
CUST-DUP-2676,2026-08-08,486.46,COMPLETED
CUST-DUP-2677,2026-08-08,247.26,COMPLETED
CUST-DUP-2678,2026-08-08,567.15,PENDING
CUST-DUP-2679,2026-08-08,188.71,CANCELLED
CUST-DUP-2680,2026-08-08,147.91,PENDING
CUST-DUP-2681,2026-08-08,415.28,PENDING
CUST-DUP-2682,2026-08-08,473.68,PENDING
CUST-DUP-2683,2026-08-08,977.12,PENDING
CUST-DUP-2684,2026-08-08,268.69,CANCELLED
CUST-DUP-2685,2026-08-08,1344.95,CANCELLED
CUST-DUP-2686,2026-08-08,107.96,COMPLETED
CUST-DUP-2687,2026-08-08,459.08,COMPLETED
CUST-DUP-2688,2026-08-08,1039.97,COMPLETED
CUST-DUP-2689,2026-08-08,1105.39,COMPLETED
CUST-DUP-2690,2026-08-08,648.75,PENDING
CUST-DUP-2691,2026-08-08,700.75,PENDING
CUST-DUP-2692,2026-08-08,425.92,COMPLETED
CUST-DUP-2693,2026-08-09,1458.5,COMPLETED
CUST-DUP-2694,2026-08-09,1430.06,PENDING
CUST-DUP-2695,2026-08-09,259.82,CANCELLED
CUST-DUP-2696,2026-08-09,322.87,PENDING
CUST-DUP-2697,2026-08-09,1036.91,PENDING
CUST-DUP-2698,2026-08-09,251.01,CANCELLED
CUST-DUP-2699,2026-08-09,1219.37,CANCELLED
CUST-DUP-2700,2026-08-09,1424.53,CANCELLED
CUST-DUP-2701,2026-08-09,966.84,COMPLETED
CUST-DUP-2702,2026-08-09,287.25,COMPLETED
CUST-DUP-2703,2026-08-09,1434.82,CANCELLED
CUST-DUP-2704,2026-08-09,1208.94,PENDING
CUST-DUP-2705,2026-08-09,363.88,COMPLETED
CUST-DUP-2706,2026-08-09,1223.92,COMPLETED
CUST-DUP-2707,2026-08-09,259.49,CANCELLED
CUST-DUP-2708,2026-08-09,1146.97,CANCELLED
CUST-DUP-2709,2026-08-09,903.23,COMPLETED
CUST-DUP-2710,2026-08-09,1486.59,PENDING
CUST-DUP-2711,2026-08-09,370.65,CANCELLED
CUST-DUP-2712,2026-08-09,938.45,PENDING
CUST-DUP-2713,2026-08-09,1333.48,PENDING
CUST-DUP-2714,2026-08-09,1119.17,CANCELLED
CUST-DUP-2715,2026-08-09,375.09,CANCELLED
CUST-DUP-2716,2026-08-09,1305.33,CANCELLED
CUST-DUP-2717,2026-08-10,539.02,CANCELLED
CUST-DUP-2718,2026-08-10,587.38,CANCELLED
CUST-DUP-2719,2026-08-10,266.6,CANCELLED
CUST-DUP-2720,2026-08-10,973.27,CANCELLED
CUST-DUP-2721,2026-08-10,960.9,PENDING
CUST-DUP-2722,2026-08-10,945.57,PENDING
CUST-DUP-2723,2026-08-10,503.13,CANCELLED
CUST-DUP-2724,2026-08-10,303.31,CANCELLED
CUST-DUP-2725,2026-08-10,595.45,COMPLETED
CUST-DUP-2726,2026-08-10,1368.87,COMPLETED
CUST-DUP-2727,2026-08-10,1288.96,CANCELLED
CUST-DUP-2728,2026-08-10,981.13,COMPLETED
CUST-DUP-2729,2026-08-10,619.72,PENDING
CUST-DUP-2730,2026-08-10,422.29,CANCELLED
CUST-DUP-2731,2026-08-10,946.14,COMPLETED
CUST-DUP-2732,2026-08-10,377.45,PENDING
CUST-DUP-2733,2026-08-10,1247.95,COMPLETED
CUST-DUP-2734,2026-08-10,432.41,CANCELLED
CUST-DUP-2735,2026-08-10,610.69,COMPLETED
CUST-DUP-2736,2026-08-10,614.29,CANCELLED
CUST-DUP-2737,2026-08-10,1006.12,CANCELLED
CUST-DUP-2738,2026-08-10,1066.07,PENDING
CUST-DUP-2739,2026-08-10,1485.89,PENDING
CUST-DUP-2740,2026-08-10,467.74,COMPLETED
CUST-DUP-2741,2026-08-11,205.86,PENDING
CUST-DUP-2742,2026-08-11,1123.22,COMPLETED
CUST-DUP-2743,2026-08-11,749.34,CANCELLED
CUST-DUP-2744,2026-08-11,1468.81,CANCELLED
CUST-DUP-2745,2026-08-11,409.05,COMPLETED
CUST-DUP-2746,2026-08-11,1385.76,PENDING
CUST-DUP-2747,2026-08-11,1199.32,CANCELLED
CUST-DUP-2748,2026-08-11,410.95,CANCELLED
CUST-DUP-2749,2026-08-11,1496.19,CANCELLED
CUST-DUP-2750,2026-08-11,506.92,COMPLETED
CUST-DUP-2751,2026-08-11,984.05,PENDING
CUST-DUP-2752,2026-08-11,219.0,COMPLETED
CUST-DUP-2753,2026-08-11,596.74,PENDING
CUST-DUP-2754,2026-08-11,226.51,COMPLETED
CUST-DUP-2755,2026-08-11,1202.9,COMPLETED
CUST-DUP-2756,2026-08-11,245.24,PENDING
CUST-DUP-2757,2026-08-11,355.02,PENDING
CUST-DUP-2758,2026-08-11,669.28,PENDING
CUST-DUP-2759,2026-08-11,835.3,CANCELLED
CUST-DUP-2760,2026-08-11,1448.97,COMPLETED
CUST-DUP-2761,2026-08-11,1368.56,PENDING
CUST-DUP-2762,2026-08-11,988.23,COMPLETED
CUST-DUP-2763,2026-08-11,874.27,CANCELLED
CUST-DUP-2764,2026-08-11,1310.17,CANCELLED
CUST-DUP-2765,2026-08-12,266.48,PENDING
CUST-DUP-2766,2026-08-12,316.56,CANCELLED
CUST-DUP-2767,2026-08-12,1003.24,COMPLETED
CUST-DUP-2768,2026-08-12,901.28,PENDING
CUST-DUP-2769,2026-08-12,985.82,PENDING
CUST-DUP-2770,2026-08-12,171.42,CANCELLED
CUST-DUP-2771,2026-08-12,1060.21,CANCELLED
CUST-DUP-2772,2026-08-12,1182.7,PENDING
CUST-DUP-2773,2026-08-12,850.83,PENDING
CUST-DUP-2774,2026-08-12,701.55,PENDING
CUST-DUP-2775,2026-08-12,1488.65,CANCELLED
CUST-DUP-2776,2026-08-12,119.35,PENDING
CUST-DUP-2777,2026-08-12,1003.8,CANCELLED
CUST-DUP-2778,2026-08-12,417.75,CANCELLED
CUST-DUP-2779,2026-08-12,700.6,COMPLETED
CUST-DUP-2780,2026-08-12,1408.93,COMPLETED
CUST-DUP-2781,2026-08-12,870.47,PENDING
CUST-DUP-2782,2026-08-12,1318.69,CANCELLED
CUST-DUP-2783,2026-08-12,911.24,PENDING
CUST-DUP-2784,2026-08-12,1306.61,PENDING
CUST-DUP-2785,2026-08-12,317.76,CANCELLED
CUST-DUP-2786,2026-08-12,608.35,COMPLETED
CUST-DUP-2787,2026-08-12,617.93,PENDING
CUST-DUP-2788,2026-08-12,1014.9,COMPLETED
CUST-DUP-2789,2026-08-13,942.34,PENDING
CUST-DUP-2790,2026-08-13,464.53,CANCELLED
CUST-DUP-2791,2026-08-13,182.55,COMPLETED
CUST-DUP-2792,2026-08-13,871.19,PENDING
CUST-DUP-2793,2026-08-13,1186.35,CANCELLED
CUST-DUP-2794,2026-08-13,923.02,COMPLETED
CUST-DUP-2795,2026-08-13,455.47,CANCELLED
CUST-DUP-2796,2026-08-13,839.38,PENDING
CUST-DUP-2797,2026-08-13,1310.16,COMPLETED
CUST-DUP-2798,2026-08-13,1365.32,CANCELLED
CUST-DUP-2799,2026-08-13,430.41,PENDING
CUST-DUP-2800,2026-08-13,1058.6,PENDING
CUST-DUP-2801,2026-08-13,625.93,PENDING
CUST-DUP-2802,2026-08-13,1414.19,COMPLETED
CUST-DUP-2803,2026-08-13,864.87,PENDING
CUST-DUP-2804,2026-08-13,1000.31,CANCELLED
CUST-DUP-2805,2026-08-13,286.83,CANCELLED
CUST-DUP-2806,2026-08-13,801.08,CANCELLED
CUST-DUP-2807,2026-08-13,1012.42,PENDING
CUST-DUP-2808,2026-08-13,1148.6,CANCELLED
CUST-DUP-2809,2026-08-13,1188.65,PENDING
CUST-DUP-2810,2026-08-13,361.57,CANCELLED
CUST-DUP-2811,2026-08-13,657.09,CANCELLED
CUST-DUP-2812,2026-08-13,765.03,CANCELLED
CUST-DUP-2813,2026-08-14,912.35,PENDING
CUST-DUP-2814,2026-08-14,1217.69,PENDING
CUST-DUP-2815,2026-08-14,1303.36,COMPLETED
CUST-DUP-2816,2026-08-14,1425.47,PENDING
CUST-DUP-2817,2026-08-14,960.93,PENDING
CUST-DUP-2818,2026-08-14,1470.83,CANCELLED
CUST-DUP-2819,2026-08-14,1487.05,PENDING
CUST-DUP-2820,2026-08-14,779.48,CANCELLED
CUST-DUP-2821,2026-08-14,569.01,PENDING
CUST-DUP-2822,2026-08-14,730.5,PENDING
CUST-DUP-2823,2026-08-14,1069.63,COMPLETED
CUST-DUP-2824,2026-08-14,390.61,PENDING
CUST-DUP-2825,2026-08-14,858.01,CANCELLED
CUST-DUP-2826,2026-08-14,390.58,COMPLETED
CUST-DUP-2827,2026-08-14,1206.37,PENDING
CUST-DUP-2828,2026-08-14,896.0,CANCELLED
CUST-DUP-2829,2026-08-14,413.55,PENDING
CUST-DUP-2830,2026-08-14,832.9,COMPLETED
CUST-DUP-2831,2026-08-14,642.46,PENDING
CUST-DUP-2832,2026-08-14,1122.04,COMPLETED
CUST-DUP-2833,2026-08-14,1444.19,COMPLETED
CUST-DUP-2834,2026-08-14,237.93,PENDING
CUST-DUP-2835,2026-08-14,397.09,PENDING
CUST-DUP-2836,2026-08-14,1327.14,CANCELLED
CUST-DUP-2837,2026-08-15,308.53,CANCELLED
CUST-DUP-2838,2026-08-15,160.29,PENDING
CUST-DUP-2839,2026-08-15,346.33,PENDING
CUST-DUP-2840,2026-08-15,919.92,PENDING
CUST-DUP-2841,2026-08-15,790.44,PENDING
CUST-DUP-2842,2026-08-15,1415.35,PENDING
CUST-DUP-2843,2026-08-15,1076.57,CANCELLED
CUST-DUP-2844,2026-08-15,682.27,CANCELLED
CUST-DUP-2845,2026-08-15,875.74,PENDING
CUST-DUP-2846,2026-08-15,468.44,CANCELLED
CUST-DUP-2847,2026-08-15,221.71,PENDING
CUST-DUP-2848,2026-08-15,1282.27,CANCELLED
CUST-DUP-2849,2026-08-15,990.78,CANCELLED
CUST-DUP-2850,2026-08-15,599.63,CANCELLED
CUST-DUP-2851,2026-08-15,1478.14,CANCELLED
CUST-DUP-2852,2026-08-15,787.73,CANCELLED
CUST-DUP-2853,2026-08-15,1240.03,CANCELLED
CUST-DUP-2854,2026-08-15,213.92,PENDING
CUST-DUP-2855,2026-08-15,1201.33,COMPLETED
CUST-DUP-2856,2026-08-15,1098.78,COMPLETED
CUST-DUP-2857,2026-08-15,1336.83,PENDING
CUST-DUP-2858,2026-08-15,780.73,COMPLETED
CUST-DUP-2859,2026-08-15,1275.28,PENDING
CUST-DUP-2860,2026-08-15,1474.09,COMPLETED
CUST-DUP-2861,2026-08-16,290.6,COMPLETED
CUST-DUP-2862,2026-08-16,839.37,PENDING
CUST-DUP-2863,2026-08-16,755.2,COMPLETED
CUST-DUP-2864,2026-08-16,1048.1,COMPLETED
CUST-DUP-2865,2026-08-16,1491.99,CANCELLED
CUST-DUP-2866,2026-08-16,605.31,CANCELLED
CUST-DUP-2867,2026-08-16,1028.99,COMPLETED
CUST-DUP-2868,2026-08-16,900.37,CANCELLED
CUST-DUP-2869,2026-08-16,605.75,PENDING
CUST-DUP-2870,2026-08-16,817.71,CANCELLED
CUST-DUP-2871,2026-08-16,1416.25,PENDING
CUST-DUP-2872,2026-08-16,389.38,COMPLETED
CUST-DUP-2873,2026-08-16,1431.86,COMPLETED
CUST-DUP-2874,2026-08-16,235.0,PENDING
CUST-DUP-2875,2026-08-16,507.88,CANCELLED
CUST-DUP-2876,2026-08-16,257.47,PENDING
CUST-DUP-2877,2026-08-16,1388.38,COMPLETED
CUST-DUP-2878,2026-08-16,801.88,PENDING
CUST-DUP-2879,2026-08-16,591.58,COMPLETED
CUST-DUP-2880,2026-08-16,1244.05,CANCELLED
CUST-DUP-2881,2026-08-16,607.9,COMPLETED
CUST-DUP-2882,2026-08-16,368.39,COMPLETED
CUST-DUP-2883,2026-08-16,1158.64,PENDING
CUST-DUP-2884,2026-08-16,1122.96,PENDING
CUST-DUP-2885,2026-08-17,580.02,CANCELLED
CUST-DUP-2886,2026-08-17,115.57,PENDING
CUST-DUP-2887,2026-08-17,118.1,PENDING
CUST-DUP-2888,2026-08-17,396.52,PENDING
CUST-DUP-2889,2026-08-17,545.03,COMPLETED
CUST-DUP-2890,2026-08-17,1401.86,PENDING
CUST-DUP-2891,2026-08-17,537.23,PENDING
CUST-DUP-2892,2026-08-17,621.81,CANCELLED
CUST-DUP-2893,2026-08-17,812.85,COMPLETED
CUST-DUP-2894,2026-08-17,689.93,CANCELLED
CUST-DUP-2895,2026-08-17,1085.39,CANCELLED
CUST-DUP-2896,2026-08-17,768.24,COMPLETED
CUST-DUP-2897,2026-08-17,223.68,CANCELLED
CUST-DUP-2898,2026-08-17,927.22,COMPLETED
CUST-DUP-2899,2026-08-17,608.79,PENDING
CUST-DUP-2900,2026-08-17,149.18,CANCELLED
CUST-DUP-2901,2026-08-17,842.84,PENDING
CUST-DUP-2902,2026-08-17,359.44,COMPLETED
CUST-DUP-2903,2026-08-17,102.1,COMPLETED
CUST-DUP-2904,2026-08-17,472.35,COMPLETED
CUST-DUP-2905,2026-08-17,814.57,COMPLETED
CUST-DUP-2906,2026-08-17,781.75,PENDING
CUST-DUP-2907,2026-08-17,151.65,COMPLETED
CUST-DUP-2908,2026-08-17,234.33,PENDING
CUST-DUP-2909,2026-08-18,1480.98,COMPLETED
CUST-DUP-2910,2026-08-18,501.19,CANCELLED
CUST-DUP-2911,2026-08-18,839.83,COMPLETED
CUST-DUP-2912,2026-08-18,875.68,PENDING
CUST-DUP-2913,2026-08-18,1222.88,COMPLETED
CUST-DUP-2914,2026-08-18,1150.65,CANCELLED
CUST-DUP-2915,2026-08-18,399.27,COMPLETED
CUST-DUP-2916,2026-08-18,395.69,CANCELLED
CUST-DUP-2917,2026-08-18,1141.15,COMPLETED
CUST-DUP-2918,2026-08-18,1359.67,PENDING
CUST-DUP-2919,2026-08-18,856.7,COMPLETED
CUST-DUP-2920,2026-08-18,295.33,CANCELLED
CUST-DUP-2921,2026-08-18,1004.31,COMPLETED
CUST-DUP-2922,2026-08-18,559.87,COMPLETED
CUST-DUP-2923,2026-08-18,1023.3,COMPLETED
CUST-DUP-2924,2026-08-18,703.13,PENDING
CUST-DUP-2925,2026-08-18,429.67,CANCELLED
CUST-DUP-2926,2026-08-18,1293.8,CANCELLED
CUST-DUP-2927,2026-08-18,586.3,PENDING
CUST-DUP-2928,2026-08-18,407.73,PENDING
CUST-DUP-2929,2026-08-18,1202.97,COMPLETED
CUST-DUP-2930,2026-08-18,468.8,CANCELLED
CUST-DUP-2931,2026-08-18,410.28,CANCELLED
CUST-DUP-2932,2026-08-18,812.83,CANCELLED
CUST-DUP-2933,2026-08-19,522.02,PENDING
CUST-DUP-2934,2026-08-19,1036.96,PENDING
CUST-DUP-2935,2026-08-19,571.87,COMPLETED
CUST-DUP-2936,2026-08-19,852.06,CANCELLED
CUST-DUP-2937,2026-08-19,232.35,PENDING
CUST-DUP-2938,2026-08-19,760.51,PENDING
CUST-DUP-2939,2026-08-19,996.21,PENDING
CUST-DUP-2940,2026-08-19,1049.02,PENDING
CUST-DUP-2941,2026-08-19,299.21,PENDING
CUST-DUP-2942,2026-08-19,1140.31,PENDING
CUST-DUP-2943,2026-08-19,125.27,CANCELLED
CUST-DUP-2944,2026-08-19,848.19,CANCELLED
CUST-DUP-2945,2026-08-19,1355.73,PENDING
CUST-DUP-2946,2026-08-19,1093.67,COMPLETED
CUST-DUP-2947,2026-08-19,547.84,CANCELLED
CUST-DUP-2948,2026-08-19,128.31,CANCELLED
CUST-DUP-2949,2026-08-19,207.44,CANCELLED
CUST-DUP-2950,2026-08-19,1264.83,CANCELLED
CUST-DUP-2951,2026-08-19,113.81,PENDING
CUST-DUP-2952,2026-08-19,285.01,PENDING
CUST-DUP-2953,2026-08-19,1446.74,COMPLETED
CUST-DUP-2954,2026-08-19,301.3,PENDING
CUST-DUP-2955,2026-08-19,853.66,PENDING
CUST-DUP-2956,2026-08-19,474.78,PENDING
CUST-DUP-2957,2026-08-20,485.61,CANCELLED
CUST-DUP-2958,2026-08-20,146.36,COMPLETED
CUST-DUP-2959,2026-08-20,1257.34,COMPLETED
CUST-DUP-2960,2026-08-20,1362.2,PENDING
CUST-DUP-2961,2026-08-20,1047.38,PENDING
CUST-DUP-2962,2026-08-20,1048.29,COMPLETED
CUST-DUP-2963,2026-08-20,844.2,CANCELLED
CUST-DUP-2964,2026-08-20,1421.13,CANCELLED
CUST-DUP-2965,2026-08-20,920.21,CANCELLED
CUST-DUP-2966,2026-08-20,810.05,COMPLETED
CUST-DUP-2967,2026-08-20,132.75,COMPLETED
CUST-DUP-2968,2026-08-20,1482.93,COMPLETED
CUST-DUP-2969,2026-08-20,1498.89,CANCELLED
CUST-DUP-2970,2026-08-20,177.38,PENDING
CUST-DUP-2971,2026-08-20,520.86,COMPLETED
CUST-DUP-2972,2026-08-20,882.22,PENDING
CUST-DUP-2973,2026-08-20,833.59,CANCELLED
CUST-DUP-2974,2026-08-20,107.54,PENDING
CUST-DUP-2975,2026-08-20,1438.59,COMPLETED
CUST-DUP-2976,2026-08-20,278.79,PENDING
CUST-DUP-2977,2026-08-20,956.57,COMPLETED
CUST-DUP-2978,2026-08-20,723.87,PENDING
CUST-DUP-2979,2026-08-20,1116.92,COMPLETED
CUST-DUP-2980,2026-08-20,1025.77,PENDING
CUST-DUP-2981,2026-08-21,112.81,PENDING
CUST-DUP-2982,2026-08-21,591.42,COMPLETED
CUST-DUP-2983,2026-08-21,516.49,CANCELLED
CUST-DUP-2984,2026-08-21,1059.88,CANCELLED
CUST-DUP-2985,2026-08-21,284.76,PENDING
CUST-DUP-2986,2026-08-21,146.3,COMPLETED
CUST-DUP-2987,2026-08-21,1408.12,PENDING
CUST-DUP-2988,2026-08-21,1130.46,PENDING
CUST-DUP-2989,2026-08-21,1036.01,COMPLETED
CUST-DUP-2990,2026-08-21,530.26,CANCELLED
CUST-DUP-2991,2026-08-21,327.3,CANCELLED
CUST-DUP-2992,2026-08-21,535.99,CANCELLED
CUST-DUP-2993,2026-08-21,167.98,PENDING
CUST-DUP-2994,2026-08-21,907.5,COMPLETED
CUST-DUP-2995,2026-08-21,1100.68,CANCELLED
CUST-DUP-2996,2026-08-21,105.07,CANCELLED
CUST-DUP-2997,2026-08-21,636.46,CANCELLED
CUST-DUP-2998,2026-08-21,419.97,COMPLETED
CUST-DUP-2999,2026-08-21,819.48,COMPLETED
CUST-DUP-3000,2026-08-21,641.69,PENDING
CUST-DUP-3001,2026-08-01,1179.04,PENDING
CUST-DUP-3002,2026-08-01,1362.37,CANCELLED
CUST-DUP-3003,2026-08-01,225.97,COMPLETED
CUST-DUP-3004,2026-08-01,898.94,CANCELLED
CUST-DUP-3005,2026-08-01,1469.44,COMPLETED
CUST-DUP-3006,2026-08-01,557.61,CANCELLED
CUST-DUP-3007,2026-08-01,780.04,PENDING
CUST-DUP-3008,2026-08-01,368.22,COMPLETED
CUST-DUP-3009,2026-08-01,1059.05,PENDING
CUST-DUP-3010,2026-08-01,572.76,COMPLETED
CUST-DUP-3011,2026-08-01,840.14,COMPLETED
CUST-DUP-3012,2026-08-01,189.6,COMPLETED
CUST-DUP-3013,2026-08-01,606.54,CANCELLED
CUST-DUP-3014,2026-08-01,466.04,COMPLETED
CUST-DUP-3015,2026-08-01,302.02,COMPLETED
CUST-DUP-3016,2026-08-01,705.12,CANCELLED
CUST-DUP-3017,2026-08-01,1434.44,CANCELLED
CUST-DUP-3018,2026-08-01,432.83,CANCELLED
CUST-DUP-3019,2026-08-01,329.08,CANCELLED
CUST-DUP-3020,2026-08-01,496.55,PENDING
CUST-DUP-3021,2026-08-01,522.52,COMPLETED
CUST-DUP-3022,2026-08-01,1240.93,PENDING
CUST-DUP-3023,2026-08-01,1187.93,COMPLETED
CUST-DUP-3024,2026-08-01,1329.39,CANCELLED
CUST-DUP-3025,2026-08-02,1100.39,CANCELLED
CUST-DUP-3026,2026-08-02,955.3,COMPLETED
CUST-DUP-3027,2026-08-02,1317.22,PENDING
CUST-DUP-3028,2026-08-02,616.34,PENDING
CUST-DUP-3029,2026-08-02,670.04,CANCELLED
CUST-DUP-3030,2026-08-02,754.59,PENDING
CUST-DUP-3031,2026-08-02,1034.74,PENDING
CUST-DUP-3032,2026-08-02,432.09,PENDING
CUST-DUP-3033,2026-08-02,635.01,COMPLETED
CUST-DUP-3034,2026-08-02,836.11,PENDING
CUST-DUP-3035,2026-08-02,707.28,COMPLETED
CUST-DUP-3036,2026-08-02,1341.05,PENDING
CUST-DUP-3037,2026-08-02,369.27,CANCELLED
CUST-DUP-3038,2026-08-02,914.96,COMPLETED
CUST-DUP-3039,2026-08-02,1288.22,COMPLETED
CUST-DUP-3040,2026-08-02,1324.91,CANCELLED
CUST-DUP-3041,2026-08-02,1054.4,PENDING
CUST-DUP-3042,2026-08-02,898.69,CANCELLED
CUST-DUP-3043,2026-08-02,395.94,PENDING
CUST-DUP-3044,2026-08-02,1200.44,CANCELLED
CUST-DUP-3045,2026-08-02,1373.46,CANCELLED
CUST-DUP-3046,2026-08-02,932.9,CANCELLED
CUST-DUP-3047,2026-08-02,176.19,PENDING
CUST-DUP-3048,2026-08-02,553.61,COMPLETED
CUST-DUP-3049,2026-08-03,584.42,COMPLETED
CUST-DUP-3050,2026-08-03,685.44,COMPLETED
CUST-DUP-3051,2026-08-03,1230.92,COMPLETED
CUST-DUP-3052,2026-08-03,690.57,PENDING
CUST-DUP-3053,2026-08-03,1241.73,PENDING
CUST-DUP-3054,2026-08-03,1111.37,PENDING
CUST-DUP-3055,2026-08-03,626.83,PENDING
CUST-DUP-3056,2026-08-03,1273.08,PENDING
CUST-DUP-3057,2026-08-03,1170.14,COMPLETED
CUST-DUP-3058,2026-08-03,1017.75,COMPLETED
CUST-DUP-3059,2026-08-03,813.22,CANCELLED
CUST-DUP-3060,2026-08-03,570.93,COMPLETED
CUST-DUP-3061,2026-08-03,1008.35,PENDING
CUST-DUP-3062,2026-08-03,253.25,CANCELLED
CUST-DUP-3063,2026-08-03,198.07,COMPLETED
CUST-DUP-3064,2026-08-03,922.49,CANCELLED
CUST-DUP-3065,2026-08-03,1221.66,CANCELLED
CUST-DUP-3066,2026-08-03,1131.99,CANCELLED
CUST-DUP-3067,2026-08-03,1098.22,COMPLETED
CUST-DUP-3068,2026-08-03,515.34,CANCELLED
CUST-DUP-3069,2026-08-03,719.24,PENDING
CUST-DUP-3070,2026-08-03,1462.0,CANCELLED
CUST-DUP-3071,2026-08-03,1073.57,PENDING
CUST-DUP-3072,2026-08-03,1125.54,CANCELLED
CUST-DUP-3073,2026-08-04,1447.24,CANCELLED
CUST-DUP-3074,2026-08-04,141.31,CANCELLED
CUST-DUP-3075,2026-08-04,1057.92,CANCELLED
CUST-DUP-3076,2026-08-04,1013.73,COMPLETED
CUST-DUP-3077,2026-08-04,1224.22,PENDING
CUST-DUP-3078,2026-08-04,438.44,COMPLETED
CUST-DUP-3079,2026-08-04,803.56,CANCELLED
CUST-DUP-3080,2026-08-04,905.75,COMPLETED
CUST-DUP-3081,2026-08-04,873.87,COMPLETED
CUST-DUP-3082,2026-08-04,640.92,CANCELLED
CUST-DUP-3083,2026-08-04,211.71,CANCELLED
CUST-DUP-3084,2026-08-04,348.68,PENDING
CUST-DUP-3085,2026-08-04,781.05,COMPLETED
CUST-DUP-3086,2026-08-04,1414.12,COMPLETED
CUST-DUP-3087,2026-08-04,388.11,PENDING
CUST-DUP-3088,2026-08-04,1052.96,PENDING
CUST-DUP-3089,2026-08-04,797.76,COMPLETED
CUST-DUP-3090,2026-08-04,487.6,PENDING
CUST-DUP-3091,2026-08-04,830.7,CANCELLED
CUST-DUP-3092,2026-08-04,1480.0,COMPLETED
CUST-DUP-3093,2026-08-04,541.85,PENDING
CUST-DUP-3094,2026-08-04,784.5,PENDING
CUST-DUP-3095,2026-08-04,1288.44,COMPLETED
CUST-DUP-3096,2026-08-04,299.05,COMPLETED
CUST-DUP-3097,2026-08-05,401.71,CANCELLED
CUST-DUP-3098,2026-08-05,881.41,COMPLETED
CUST-DUP-3099,2026-08-05,1087.82,COMPLETED
CUST-DUP-3100,2026-08-05,1110.34,PENDING
CUST-DUP-3101,2026-08-05,1094.32,PENDING
CUST-DUP-3102,2026-08-05,730.84,COMPLETED
CUST-DUP-3103,2026-08-05,1329.74,CANCELLED
CUST-DUP-3104,2026-08-05,565.32,COMPLETED
CUST-DUP-3105,2026-08-05,102.3,PENDING
CUST-DUP-3106,2026-08-05,1322.13,COMPLETED
CUST-DUP-3107,2026-08-05,563.71,PENDING
CUST-DUP-3108,2026-08-05,514.42,COMPLETED
CUST-DUP-3109,2026-08-05,1236.95,CANCELLED
CUST-DUP-3110,2026-08-05,729.26,PENDING
CUST-DUP-3111,2026-08-05,1354.03,PENDING
CUST-DUP-3112,2026-08-05,998.12,CANCELLED
CUST-DUP-3113,2026-08-05,1118.79,COMPLETED
CUST-DUP-3114,2026-08-05,116.2,COMPLETED
CUST-DUP-3115,2026-08-05,1391.94,PENDING
CUST-DUP-3116,2026-08-05,518.9,CANCELLED
CUST-DUP-3117,2026-08-05,1360.57,COMPLETED
CUST-DUP-3118,2026-08-05,1344.91,PENDING
CUST-DUP-3119,2026-08-05,655.08,COMPLETED
CUST-DUP-3120,2026-08-05,1166.81,CANCELLED
CUST-DUP-3121,2026-08-06,1490.12,PENDING
CUST-DUP-3122,2026-08-06,961.22,COMPLETED
CUST-DUP-3123,2026-08-06,189.85,PENDING
CUST-DUP-3124,2026-08-06,340.6,CANCELLED
CUST-DUP-3125,2026-08-06,706.57,PENDING
CUST-DUP-3126,2026-08-06,1166.37,PENDING
CUST-DUP-3127,2026-08-06,287.63,PENDING
CUST-DUP-3128,2026-08-06,490.47,PENDING
CUST-DUP-3129,2026-08-06,129.3,CANCELLED
CUST-DUP-3130,2026-08-06,750.38,COMPLETED
CUST-DUP-3131,2026-08-06,379.93,COMPLETED
CUST-DUP-3132,2026-08-06,780.98,PENDING
CUST-DUP-3133,2026-08-06,1487.21,COMPLETED
CUST-DUP-3134,2026-08-06,541.37,COMPLETED
CUST-DUP-3135,2026-08-06,1087.06,PENDING
CUST-DUP-3136,2026-08-06,1419.79,CANCELLED
CUST-DUP-3137,2026-08-06,995.12,COMPLETED
CUST-DUP-3138,2026-08-06,1259.73,PENDING
CUST-DUP-3139,2026-08-06,350.96,CANCELLED
CUST-DUP-3140,2026-08-06,774.5,PENDING
CUST-DUP-3141,2026-08-06,766.96,PENDING
CUST-DUP-3142,2026-08-06,1478.77,CANCELLED
CUST-DUP-3143,2026-08-06,182.52,CANCELLED
CUST-DUP-3144,2026-08-06,1305.23,COMPLETED
CUST-DUP-3145,2026-08-07,1414.25,PENDING
CUST-DUP-3146,2026-08-07,672.42,CANCELLED
CUST-DUP-3147,2026-08-07,1063.22,COMPLETED
CUST-DUP-3148,2026-08-07,1064.31,COMPLETED
CUST-DUP-3149,2026-08-07,749.54,PENDING
CUST-DUP-3150,2026-08-07,1377.63,CANCELLED
CUST-DUP-3151,2026-08-07,667.19,CANCELLED
CUST-DUP-3152,2026-08-07,418.01,PENDING
CUST-DUP-3153,2026-08-07,1485.76,COMPLETED
CUST-DUP-3154,2026-08-07,1182.14,PENDING
CUST-DUP-3155,2026-08-07,1465.41,COMPLETED
CUST-DUP-3156,2026-08-07,1187.62,CANCELLED
CUST-DUP-3157,2026-08-07,1429.52,CANCELLED
CUST-DUP-3158,2026-08-07,316.85,PENDING
CUST-DUP-3159,2026-08-07,1123.18,CANCELLED
CUST-DUP-3160,2026-08-07,339.58,CANCELLED
CUST-DUP-3161,2026-08-07,1107.37,COMPLETED
CUST-DUP-3162,2026-08-07,820.63,COMPLETED
CUST-DUP-3163,2026-08-07,1002.54,COMPLETED
CUST-DUP-3164,2026-08-07,1212.9,CANCELLED
CUST-DUP-3165,2026-08-07,537.59,PENDING
CUST-DUP-3166,2026-08-07,133.85,CANCELLED
CUST-DUP-3167,2026-08-07,516.64,COMPLETED
CUST-DUP-3168,2026-08-07,428.27,COMPLETED
CUST-DUP-3169,2026-08-08,911.36,PENDING
CUST-DUP-3170,2026-08-08,378.75,COMPLETED
CUST-DUP-3171,2026-08-08,963.19,CANCELLED
CUST-DUP-3172,2026-08-08,386.4,PENDING
CUST-DUP-3173,2026-08-08,1454.22,COMPLETED
CUST-DUP-3174,2026-08-08,507.5,CANCELLED
CUST-DUP-3175,2026-08-08,1005.1,CANCELLED
CUST-DUP-3176,2026-08-08,530.12,PENDING
CUST-DUP-3177,2026-08-08,647.71,PENDING
CUST-DUP-3178,2026-08-08,666.27,COMPLETED
CUST-DUP-3179,2026-08-08,1315.84,COMPLETED
CUST-DUP-3180,2026-08-08,676.98,CANCELLED
CUST-DUP-3181,2026-08-08,1309.92,PENDING
CUST-DUP-3182,2026-08-08,175.28,CANCELLED
CUST-DUP-3183,2026-08-08,492.03,PENDING
CUST-DUP-3184,2026-08-08,698.05,COMPLETED
CUST-DUP-3185,2026-08-08,343.05,PENDING
CUST-DUP-3186,2026-08-08,1358.65,PENDING
CUST-DUP-3187,2026-08-08,1198.44,COMPLETED
CUST-DUP-3188,2026-08-08,317.41,CANCELLED
CUST-DUP-3189,2026-08-08,201.38,CANCELLED
CUST-DUP-3190,2026-08-08,236.11,CANCELLED
CUST-DUP-3191,2026-08-08,576.12,COMPLETED
CUST-DUP-3192,2026-08-08,732.23,CANCELLED
CUST-DUP-3193,2026-08-09,1093.95,CANCELLED
CUST-DUP-3194,2026-08-09,413.81,CANCELLED
CUST-DUP-3195,2026-08-09,356.73,CANCELLED
CUST-DUP-3196,2026-08-09,218.67,COMPLETED
CUST-DUP-3197,2026-08-09,1177.86,PENDING
CUST-DUP-3198,2026-08-09,154.4,PENDING
CUST-DUP-3199,2026-08-09,738.64,COMPLETED
CUST-DUP-3200,2026-08-09,1094.9,CANCELLED
CUST-DUP-3201,2026-08-09,178.8,PENDING
CUST-DUP-3202,2026-08-09,1363.02,COMPLETED
CUST-DUP-3203,2026-08-09,376.95,PENDING
CUST-DUP-3204,2026-08-09,416.4,COMPLETED
CUST-DUP-3205,2026-08-09,1313.93,COMPLETED
CUST-DUP-3206,2026-08-09,630.05,COMPLETED
CUST-DUP-3207,2026-08-09,1127.32,CANCELLED
CUST-DUP-3208,2026-08-09,1098.07,CANCELLED
CUST-DUP-3209,2026-08-09,475.69,CANCELLED
CUST-DUP-3210,2026-08-09,1077.84,PENDING
CUST-DUP-3211,2026-08-09,1062.51,PENDING
CUST-DUP-3212,2026-08-09,638.99,COMPLETED
CUST-DUP-3213,2026-08-09,781.67,PENDING
CUST-DUP-3214,2026-08-09,482.19,CANCELLED
CUST-DUP-3215,2026-08-09,118.76,CANCELLED
CUST-DUP-3216,2026-08-09,1310.61,COMPLETED
CUST-DUP-3217,2026-08-10,1281.68,PENDING
CUST-DUP-3218,2026-08-10,162.84,PENDING
CUST-DUP-3219,2026-08-10,643.32,CANCELLED
CUST-DUP-3220,2026-08-10,336.67,PENDING
CUST-DUP-3221,2026-08-10,409.12,PENDING
CUST-DUP-3222,2026-08-10,596.49,PENDING
CUST-DUP-3223,2026-08-10,1428.23,COMPLETED
CUST-DUP-3224,2026-08-10,666.41,PENDING
CUST-DUP-3225,2026-08-10,1478.91,PENDING
CUST-DUP-3226,2026-08-10,334.65,CANCELLED
CUST-DUP-3227,2026-08-10,260.77,CANCELLED
CUST-DUP-3228,2026-08-10,1241.49,COMPLETED
CUST-DUP-3229,2026-08-10,959.33,PENDING
CUST-DUP-3230,2026-08-10,1386.22,COMPLETED
CUST-DUP-3231,2026-08-10,1398.36,PENDING
CUST-DUP-3232,2026-08-10,137.69,COMPLETED
CUST-DUP-3233,2026-08-10,1243.39,COMPLETED
CUST-DUP-3234,2026-08-10,654.49,CANCELLED
CUST-DUP-3235,2026-08-10,1106.07,CANCELLED
CUST-DUP-3236,2026-08-10,742.27,CANCELLED
CUST-DUP-3237,2026-08-10,1288.38,PENDING
CUST-DUP-3238,2026-08-10,763.61,PENDING
CUST-DUP-3239,2026-08-10,876.91,COMPLETED
CUST-DUP-3240,2026-08-10,322.1,PENDING
CUST-DUP-3241,2026-08-11,1366.56,COMPLETED
CUST-DUP-3242,2026-08-11,774.68,CANCELLED
CUST-DUP-3243,2026-08-11,997.61,CANCELLED
CUST-DUP-3244,2026-08-11,647.36,COMPLETED
CUST-DUP-3245,2026-08-11,189.61,CANCELLED
CUST-DUP-3246,2026-08-11,1377.7,COMPLETED
CUST-DUP-3247,2026-08-11,831.72,COMPLETED
CUST-DUP-3248,2026-08-11,129.43,COMPLETED
CUST-DUP-3249,2026-08-11,625.22,PENDING
CUST-DUP-3250,2026-08-11,848.29,CANCELLED
CUST-DUP-3251,2026-08-11,1212.27,CANCELLED
CUST-DUP-3252,2026-08-11,1027.1,PENDING
CUST-DUP-3253,2026-08-11,1380.99,COMPLETED
CUST-DUP-3254,2026-08-11,783.45,PENDING
CUST-DUP-3255,2026-08-11,1267.09,PENDING
CUST-DUP-3256,2026-08-11,1047.31,PENDING
CUST-DUP-3257,2026-08-11,1348.39,PENDING
CUST-DUP-3258,2026-08-11,883.1,COMPLETED
CUST-DUP-3259,2026-08-11,1220.17,COMPLETED
CUST-DUP-3260,2026-08-11,263.55,COMPLETED
CUST-DUP-3261,2026-08-11,485.23,CANCELLED
CUST-DUP-3262,2026-08-11,924.9,PENDING
CUST-DUP-3263,2026-08-11,720.35,COMPLETED
CUST-DUP-3264,2026-08-11,1467.77,COMPLETED
CUST-DUP-3265,2026-08-12,244.07,COMPLETED
CUST-DUP-3266,2026-08-12,1104.73,CANCELLED
CUST-DUP-3267,2026-08-12,792.19,PENDING
CUST-DUP-3268,2026-08-12,523.78,PENDING
CUST-DUP-3269,2026-08-12,391.48,COMPLETED
CUST-DUP-3270,2026-08-12,1290.5,CANCELLED
CUST-DUP-3271,2026-08-12,332.15,CANCELLED
CUST-DUP-3272,2026-08-12,1003.32,CANCELLED
CUST-DUP-3273,2026-08-12,1259.85,CANCELLED
CUST-DUP-3274,2026-08-12,1473.32,CANCELLED
CUST-DUP-3275,2026-08-12,1037.24,CANCELLED
CUST-DUP-3276,2026-08-12,276.56,PENDING
CUST-DUP-3277,2026-08-12,119.42,PENDING
CUST-DUP-3278,2026-08-12,1274.7,PENDING
CUST-DUP-3279,2026-08-12,1364.3,COMPLETED
CUST-DUP-3280,2026-08-12,252.24,PENDING
CUST-DUP-3281,2026-08-12,1387.39,PENDING
CUST-DUP-3282,2026-08-12,1161.42,PENDING
CUST-DUP-3283,2026-08-12,384.8,COMPLETED
CUST-DUP-3284,2026-08-12,726.34,COMPLETED
CUST-DUP-3285,2026-08-12,436.02,CANCELLED
CUST-DUP-3286,2026-08-12,1293.84,PENDING
CUST-DUP-3287,2026-08-12,782.81,CANCELLED
CUST-DUP-3288,2026-08-12,683.66,COMPLETED
CUST-DUP-3289,2026-08-13,498.03,CANCELLED
CUST-DUP-3290,2026-08-13,980.08,CANCELLED
CUST-DUP-3291,2026-08-13,941.22,CANCELLED
CUST-DUP-3292,2026-08-13,347.81,COMPLETED
CUST-DUP-3293,2026-08-13,1232.41,PENDING
CUST-DUP-3294,2026-08-13,1090.02,COMPLETED
CUST-DUP-3295,2026-08-13,285.32,CANCELLED
CUST-DUP-3296,2026-08-13,781.23,COMPLETED
CUST-DUP-3297,2026-08-13,1044.24,CANCELLED
CUST-DUP-3298,2026-08-13,666.86,PENDING
CUST-DUP-3299,2026-08-13,1137.14,COMPLETED
CUST-DUP-3300,2026-08-13,932.86,CANCELLED
CUST-DUP-3301,2026-08-13,1442.03,PENDING
CUST-DUP-3302,2026-08-13,148.75,CANCELLED
CUST-DUP-3303,2026-08-13,339.39,PENDING
CUST-DUP-3304,2026-08-13,687.47,CANCELLED
CUST-DUP-3305,2026-08-13,1371.82,CANCELLED
CUST-DUP-3306,2026-08-13,395.1,COMPLETED
CUST-DUP-3307,2026-08-13,975.36,CANCELLED
CUST-DUP-3308,2026-08-13,117.34,PENDING
CUST-DUP-3309,2026-08-13,206.22,PENDING
CUST-DUP-3310,2026-08-13,872.23,CANCELLED
CUST-DUP-3311,2026-08-13,884.27,CANCELLED
CUST-DUP-3312,2026-08-13,823.46,COMPLETED
CUST-DUP-3313,2026-08-14,1465.48,PENDING
CUST-DUP-3314,2026-08-14,770.62,CANCELLED
CUST-DUP-3315,2026-08-14,223.13,CANCELLED
CUST-DUP-3316,2026-08-14,247.05,PENDING
CUST-DUP-3317,2026-08-14,500.08,PENDING
CUST-DUP-3318,2026-08-14,526.84,CANCELLED
CUST-DUP-3319,2026-08-14,1147.32,COMPLETED
CUST-DUP-3320,2026-08-14,738.86,COMPLETED
CUST-DUP-3321,2026-08-14,798.78,CANCELLED
CUST-DUP-3322,2026-08-14,1481.48,COMPLETED
CUST-DUP-3323,2026-08-14,1292.37,PENDING
CUST-DUP-3324,2026-08-14,298.3,CANCELLED
CUST-DUP-3325,2026-08-14,1463.59,CANCELLED
CUST-DUP-3326,2026-08-14,1372.3,COMPLETED
CUST-DUP-3327,2026-08-14,366.92,CANCELLED
CUST-DUP-3328,2026-08-14,831.46,COMPLETED
CUST-DUP-3329,2026-08-14,1050.37,CANCELLED
CUST-DUP-3330,2026-08-14,1149.45,COMPLETED
CUST-DUP-3331,2026-08-14,887.68,CANCELLED
CUST-DUP-3332,2026-08-14,237.98,PENDING
CUST-DUP-3333,2026-08-14,1230.0,PENDING
CUST-DUP-3334,2026-08-14,220.97,COMPLETED
CUST-DUP-3335,2026-08-14,1352.96,COMPLETED
CUST-DUP-3336,2026-08-14,657.16,PENDING
CUST-DUP-3337,2026-08-15,759.57,COMPLETED
CUST-DUP-3338,2026-08-15,965.74,CANCELLED
CUST-DUP-3339,2026-08-15,102.39,CANCELLED
CUST-DUP-3340,2026-08-15,269.13,CANCELLED
CUST-DUP-3341,2026-08-15,1405.75,PENDING
CUST-DUP-3342,2026-08-15,210.9,COMPLETED
CUST-DUP-3343,2026-08-15,1230.66,CANCELLED
CUST-DUP-3344,2026-08-15,1201.81,COMPLETED
CUST-DUP-3345,2026-08-15,185.4,PENDING
CUST-DUP-3346,2026-08-15,597.46,CANCELLED
CUST-DUP-3347,2026-08-15,399.56,PENDING
CUST-DUP-3348,2026-08-15,1310.37,CANCELLED
CUST-DUP-3349,2026-08-15,1275.57,CANCELLED
CUST-DUP-3350,2026-08-15,887.67,CANCELLED
CUST-DUP-3351,2026-08-15,1466.74,PENDING
CUST-DUP-3352,2026-08-15,1330.27,PENDING
CUST-DUP-3353,2026-08-15,512.18,PENDING
CUST-DUP-3354,2026-08-15,355.66,PENDING
CUST-DUP-3355,2026-08-15,1086.18,COMPLETED
CUST-DUP-3356,2026-08-15,1384.79,CANCELLED
CUST-DUP-3357,2026-08-15,1253.69,CANCELLED
CUST-DUP-3358,2026-08-15,330.65,COMPLETED
CUST-DUP-3359,2026-08-15,934.72,PENDING
CUST-DUP-3360,2026-08-15,1108.11,COMPLETED
CUST-DUP-3361,2026-08-16,1469.84,COMPLETED
CUST-DUP-3362,2026-08-16,897.13,PENDING
CUST-DUP-3363,2026-08-16,693.39,COMPLETED
CUST-DUP-3364,2026-08-16,534.02,CANCELLED
CUST-DUP-3365,2026-08-16,1100.25,PENDING
CUST-DUP-3366,2026-08-16,1322.87,CANCELLED
CUST-DUP-3367,2026-08-16,1007.67,PENDING
CUST-DUP-3368,2026-08-16,1419.91,CANCELLED
CUST-DUP-3369,2026-08-16,1160.92,COMPLETED
CUST-DUP-3370,2026-08-16,702.2,PENDING
CUST-DUP-3371,2026-08-16,619.93,PENDING
CUST-DUP-3372,2026-08-16,1401.36,CANCELLED
CUST-DUP-3373,2026-08-16,809.36,COMPLETED
CUST-DUP-3374,2026-08-16,876.84,CANCELLED
CUST-DUP-3375,2026-08-16,728.11,PENDING
CUST-DUP-3376,2026-08-16,1144.52,COMPLETED
CUST-DUP-3377,2026-08-16,1409.6,COMPLETED
CUST-DUP-3378,2026-08-16,1365.14,PENDING
CUST-DUP-3379,2026-08-16,849.29,CANCELLED
CUST-DUP-3380,2026-08-16,1009.9,COMPLETED
CUST-DUP-3381,2026-08-16,452.52,CANCELLED
CUST-DUP-3382,2026-08-16,163.88,COMPLETED
CUST-DUP-3383,2026-08-16,1261.93,PENDING
CUST-DUP-3384,2026-08-16,1241.2,PENDING
CUST-DUP-3385,2026-08-17,1417.69,PENDING
CUST-DUP-3386,2026-08-17,113.79,COMPLETED
CUST-DUP-3387,2026-08-17,1035.18,PENDING
CUST-DUP-3388,2026-08-17,769.74,COMPLETED
CUST-DUP-3389,2026-08-17,750.03,PENDING
CUST-DUP-3390,2026-08-17,829.74,PENDING
CUST-DUP-3391,2026-08-17,1489.08,CANCELLED
CUST-DUP-3392,2026-08-17,285.14,PENDING
CUST-DUP-3393,2026-08-17,597.9,COMPLETED
CUST-DUP-3394,2026-08-17,1344.38,COMPLETED
CUST-DUP-3395,2026-08-17,570.16,PENDING
CUST-DUP-3396,2026-08-17,606.88,PENDING
CUST-DUP-3397,2026-08-17,742.73,CANCELLED
CUST-DUP-3398,2026-08-17,1256.99,CANCELLED
CUST-DUP-3399,2026-08-17,1401.74,CANCELLED
CUST-DUP-3400,2026-08-17,136.73,PENDING
CUST-DUP-3401,2026-08-17,572.58,COMPLETED
CUST-DUP-3402,2026-08-17,639.35,COMPLETED
CUST-DUP-3403,2026-08-17,771.23,COMPLETED
CUST-DUP-3404,2026-08-17,476.29,CANCELLED
CUST-DUP-3405,2026-08-17,431.4,PENDING
CUST-DUP-3406,2026-08-17,1354.44,CANCELLED
CUST-DUP-3407,2026-08-17,944.55,COMPLETED
CUST-DUP-3408,2026-08-17,348.34,PENDING
CUST-DUP-3409,2026-08-18,602.63,COMPLETED
CUST-DUP-3410,2026-08-18,863.43,COMPLETED
CUST-DUP-3411,2026-08-18,205.25,CANCELLED
CUST-DUP-3412,2026-08-18,1062.32,CANCELLED
CUST-DUP-3413,2026-08-18,979.21,PENDING
CUST-DUP-3414,2026-08-18,1468.25,CANCELLED
CUST-DUP-3415,2026-08-18,339.21,CANCELLED
CUST-DUP-3416,2026-08-18,997.2,PENDING
CUST-DUP-3417,2026-08-18,1189.5,COMPLETED
CUST-DUP-3418,2026-08-18,1087.34,COMPLETED
CUST-DUP-3419,2026-08-18,125.11,CANCELLED
CUST-DUP-3420,2026-08-18,1176.24,PENDING
CUST-DUP-3421,2026-08-18,350.6,COMPLETED
CUST-DUP-3422,2026-08-18,884.19,COMPLETED
CUST-DUP-3423,2026-08-18,1394.0,COMPLETED
CUST-DUP-3424,2026-08-18,590.5,COMPLETED
CUST-DUP-3425,2026-08-18,236.08,PENDING
CUST-DUP-3426,2026-08-18,743.28,COMPLETED
CUST-DUP-3427,2026-08-18,807.32,CANCELLED
CUST-DUP-3428,2026-08-18,322.56,CANCELLED
CUST-DUP-3429,2026-08-18,476.59,COMPLETED
CUST-DUP-3430,2026-08-18,1044.09,CANCELLED
CUST-DUP-3431,2026-08-18,989.22,COMPLETED
CUST-DUP-3432,2026-08-18,1438.8,PENDING
CUST-DUP-3433,2026-08-19,851.58,COMPLETED
CUST-DUP-3434,2026-08-19,226.95,COMPLETED
CUST-DUP-3435,2026-08-19,1482.27,PENDING
CUST-DUP-3436,2026-08-19,658.46,PENDING
CUST-DUP-3437,2026-08-19,608.5,PENDING
CUST-DUP-3438,2026-08-19,575.21,PENDING
CUST-DUP-3439,2026-08-19,863.17,PENDING
CUST-DUP-3440,2026-08-19,939.55,COMPLETED
CUST-DUP-3441,2026-08-19,1409.81,PENDING
CUST-DUP-3442,2026-08-19,1150.53,CANCELLED
CUST-DUP-3443,2026-08-19,342.25,COMPLETED
CUST-DUP-3444,2026-08-19,443.53,PENDING
CUST-DUP-3445,2026-08-19,1288.93,CANCELLED
CUST-DUP-3446,2026-08-19,655.9,PENDING
CUST-DUP-3447,2026-08-19,1412.41,PENDING
CUST-DUP-3448,2026-08-19,467.51,PENDING
CUST-DUP-3449,2026-08-19,187.6,COMPLETED
CUST-DUP-3450,2026-08-19,999.17,PENDING
CUST-DUP-3451,2026-08-19,620.95,PENDING
CUST-DUP-3452,2026-08-19,1214.86,COMPLETED
CUST-DUP-3453,2026-08-19,238.14,CANCELLED
CUST-DUP-3454,2026-08-19,332.99,PENDING
CUST-DUP-3455,2026-08-19,1083.14,COMPLETED
CUST-DUP-3456,2026-08-19,426.42,COMPLETED
CUST-DUP-3457,2026-08-20,1254.02,PENDING
CUST-DUP-3458,2026-08-20,760.81,PENDING
CUST-DUP-3459,2026-08-20,321.69,COMPLETED
CUST-DUP-3460,2026-08-20,415.6,PENDING
CUST-DUP-3461,2026-08-20,974.0,PENDING
CUST-DUP-3462,2026-08-20,317.44,PENDING
CUST-DUP-3463,2026-08-20,484.01,CANCELLED
CUST-DUP-3464,2026-08-20,1074.32,CANCELLED
CUST-DUP-3465,2026-08-20,1262.56,PENDING
CUST-DUP-3466,2026-08-20,1191.37,CANCELLED
CUST-DUP-3467,2026-08-20,299.46,CANCELLED
CUST-DUP-3468,2026-08-20,1440.48,COMPLETED
CUST-DUP-3469,2026-08-20,454.85,COMPLETED
CUST-DUP-3470,2026-08-20,195.2,CANCELLED
CUST-DUP-3471,2026-08-20,859.08,COMPLETED
CUST-DUP-3472,2026-08-20,1471.51,CANCELLED
CUST-DUP-3473,2026-08-20,495.93,PENDING
CUST-DUP-3474,2026-08-20,650.11,CANCELLED
CUST-DUP-3475,2026-08-20,103.3,PENDING
CUST-DUP-3476,2026-08-20,389.44,PENDING
CUST-DUP-3477,2026-08-20,767.7,PENDING
CUST-DUP-3478,2026-08-20,1226.71,COMPLETED
CUST-DUP-3479,2026-08-20,486.56,COMPLETED
CUST-DUP-3480,2026-08-20,146.04,CANCELLED
CUST-DUP-3481,2026-08-21,293.26,COMPLETED
CUST-DUP-3482,2026-08-21,1227.72,CANCELLED
CUST-DUP-3483,2026-08-21,1388.17,COMPLETED
CUST-DUP-3484,2026-08-21,446.09,COMPLETED
CUST-DUP-3485,2026-08-21,655.38,CANCELLED
CUST-DUP-3486,2026-08-21,282.22,COMPLETED
CUST-DUP-3487,2026-08-21,358.21,PENDING
CUST-DUP-3488,2026-08-21,1019.9,COMPLETED
CUST-DUP-3489,2026-08-21,1322.99,PENDING
CUST-DUP-3490,2026-08-21,1107.04,PENDING
CUST-DUP-3491,2026-08-21,1070.33,CANCELLED
CUST-DUP-3492,2026-08-21,1296.07,COMPLETED
CUST-DUP-3493,2026-08-21,635.15,PENDING
CUST-DUP-3494,2026-08-21,1144.08,COMPLETED
CUST-DUP-3495,2026-08-21,380.75,PENDING
CUST-DUP-3496,2026-08-21,1492.03,COMPLETED
CUST-DUP-3497,2026-08-21,1067.44,PENDING
CUST-DUP-3498,2026-08-21,306.63,PENDING
CUST-DUP-3499,2026-08-21,315.48,PENDING
CUST-DUP-3500,2026-08-21,455.72,COMPLETED
CUST-DUP-3501,2026-08-01,189.74,COMPLETED
CUST-DUP-3502,2026-08-01,823.72,CANCELLED
CUST-DUP-3503,2026-08-01,1306.94,CANCELLED
CUST-DUP-3504,2026-08-01,879.05,COMPLETED
CUST-DUP-3505,2026-08-01,375.87,COMPLETED
CUST-DUP-3506,2026-08-01,185.17,CANCELLED
CUST-DUP-3507,2026-08-01,1286.09,CANCELLED
CUST-DUP-3508,2026-08-01,510.46,PENDING
CUST-DUP-3509,2026-08-01,1363.83,COMPLETED
CUST-DUP-3510,2026-08-01,847.5,CANCELLED
CUST-DUP-3511,2026-08-01,848.15,COMPLETED
CUST-DUP-3512,2026-08-01,1185.84,CANCELLED
CUST-DUP-3513,2026-08-01,1165.17,COMPLETED
CUST-DUP-3514,2026-08-01,1386.37,CANCELLED
CUST-DUP-3515,2026-08-01,1356.5,CANCELLED
CUST-DUP-3516,2026-08-01,351.75,PENDING
CUST-DUP-3517,2026-08-01,570.88,CANCELLED
CUST-DUP-3518,2026-08-01,1339.72,PENDING
CUST-DUP-3519,2026-08-01,1483.78,COMPLETED
CUST-DUP-3520,2026-08-01,1386.5,COMPLETED
CUST-DUP-3521,2026-08-01,799.95,CANCELLED
CUST-DUP-3522,2026-08-01,921.0,CANCELLED
CUST-DUP-3523,2026-08-01,1277.37,PENDING
CUST-DUP-3524,2026-08-01,1300.64,COMPLETED
CUST-DUP-3525,2026-08-02,1244.83,CANCELLED
CUST-DUP-3526,2026-08-02,1477.53,CANCELLED
CUST-DUP-3527,2026-08-02,440.75,CANCELLED
CUST-DUP-3528,2026-08-02,136.34,PENDING
CUST-DUP-3529,2026-08-02,593.31,PENDING
CUST-DUP-3530,2026-08-02,556.49,CANCELLED
CUST-DUP-3531,2026-08-02,367.28,COMPLETED
CUST-DUP-3532,2026-08-02,1174.2,PENDING
CUST-DUP-3533,2026-08-02,297.23,CANCELLED
CUST-DUP-3534,2026-08-02,1411.15,COMPLETED
CUST-DUP-3535,2026-08-02,632.07,CANCELLED
CUST-DUP-3536,2026-08-02,862.69,COMPLETED
CUST-DUP-3537,2026-08-02,937.33,CANCELLED
CUST-DUP-3538,2026-08-02,975.95,CANCELLED
CUST-DUP-3539,2026-08-02,123.62,PENDING
CUST-DUP-3540,2026-08-02,1303.77,PENDING
CUST-DUP-3541,2026-08-02,1056.97,PENDING
CUST-DUP-3542,2026-08-02,674.06,COMPLETED
CUST-DUP-3543,2026-08-02,389.2,PENDING
CUST-DUP-3544,2026-08-02,188.25,COMPLETED
CUST-DUP-3545,2026-08-02,399.82,PENDING
CUST-DUP-3546,2026-08-02,968.84,COMPLETED
CUST-DUP-3547,2026-08-02,253.79,COMPLETED
CUST-DUP-3548,2026-08-02,800.12,PENDING
CUST-DUP-3549,2026-08-03,420.98,COMPLETED
CUST-DUP-3550,2026-08-03,658.4,PENDING
CUST-DUP-3551,2026-08-03,714.36,PENDING
CUST-DUP-3552,2026-08-03,978.72,CANCELLED
CUST-DUP-3553,2026-08-03,178.07,PENDING
CUST-DUP-3554,2026-08-03,1030.42,CANCELLED
CUST-DUP-3555,2026-08-03,358.88,PENDING
CUST-DUP-3556,2026-08-03,294.09,PENDING
CUST-DUP-3557,2026-08-03,1187.72,COMPLETED
CUST-DUP-3558,2026-08-03,1483.44,PENDING
CUST-DUP-3559,2026-08-03,290.9,COMPLETED
CUST-DUP-3560,2026-08-03,748.73,COMPLETED
CUST-DUP-3561,2026-08-03,825.5,COMPLETED
CUST-DUP-3562,2026-08-03,292.92,CANCELLED
CUST-DUP-3563,2026-08-03,110.83,CANCELLED
CUST-DUP-3564,2026-08-03,1286.37,PENDING
CUST-DUP-3565,2026-08-03,762.28,COMPLETED
CUST-DUP-3566,2026-08-03,365.63,CANCELLED
CUST-DUP-3567,2026-08-03,581.14,PENDING
CUST-DUP-3568,2026-08-03,711.03,PENDING
CUST-DUP-3569,2026-08-03,1227.33,CANCELLED
CUST-DUP-3570,2026-08-03,1189.25,CANCELLED
CUST-DUP-3571,2026-08-03,701.55,CANCELLED
CUST-DUP-3572,2026-08-03,590.03,CANCELLED
CUST-DUP-3573,2026-08-04,1221.59,COMPLETED
CUST-DUP-3574,2026-08-04,700.16,COMPLETED
CUST-DUP-3575,2026-08-04,630.24,CANCELLED
CUST-DUP-3576,2026-08-04,1151.61,COMPLETED
CUST-DUP-3577,2026-08-04,498.77,CANCELLED
CUST-DUP-3578,2026-08-04,1290.88,PENDING
CUST-DUP-3579,2026-08-04,944.33,CANCELLED
CUST-DUP-3580,2026-08-04,702.74,PENDING
CUST-DUP-3581,2026-08-04,974.98,CANCELLED
CUST-DUP-3582,2026-08-04,430.19,CANCELLED
CUST-DUP-3583,2026-08-04,1334.64,PENDING
CUST-DUP-3584,2026-08-04,284.67,PENDING
CUST-DUP-3585,2026-08-04,455.5,CANCELLED
CUST-DUP-3586,2026-08-04,855.66,PENDING
CUST-DUP-3587,2026-08-04,1093.21,COMPLETED
CUST-DUP-3588,2026-08-04,407.49,CANCELLED
CUST-DUP-3589,2026-08-04,1478.6,COMPLETED
CUST-DUP-3590,2026-08-04,761.15,CANCELLED
CUST-DUP-3591,2026-08-04,1080.11,CANCELLED
CUST-DUP-3592,2026-08-04,743.11,PENDING
CUST-DUP-3593,2026-08-04,580.59,PENDING
CUST-DUP-3594,2026-08-04,710.68,CANCELLED
CUST-DUP-3595,2026-08-04,1461.37,CANCELLED
CUST-DUP-3596,2026-08-04,424.06,PENDING
CUST-DUP-3597,2026-08-05,1311.29,CANCELLED
CUST-DUP-3598,2026-08-05,460.02,PENDING
CUST-DUP-3599,2026-08-05,1474.32,PENDING
CUST-DUP-3600,2026-08-05,946.99,COMPLETED
CUST-DUP-3601,2026-08-05,948.11,CANCELLED
CUST-DUP-3602,2026-08-05,733.89,COMPLETED
CUST-DUP-3603,2026-08-05,1099.94,PENDING
CUST-DUP-3604,2026-08-05,235.35,CANCELLED
CUST-DUP-3605,2026-08-05,736.25,PENDING
CUST-DUP-3606,2026-08-05,839.55,PENDING
CUST-DUP-3607,2026-08-05,1224.04,PENDING
CUST-DUP-3608,2026-08-05,1338.95,CANCELLED
CUST-DUP-3609,2026-08-05,1456.36,PENDING
CUST-DUP-3610,2026-08-05,1303.12,CANCELLED
CUST-DUP-3611,2026-08-05,900.85,PENDING
CUST-DUP-3612,2026-08-05,211.58,CANCELLED
CUST-DUP-3613,2026-08-05,1132.73,PENDING
CUST-DUP-3614,2026-08-05,180.57,CANCELLED
CUST-DUP-3615,2026-08-05,1380.37,PENDING
CUST-DUP-3616,2026-08-05,1372.43,CANCELLED
CUST-DUP-3617,2026-08-05,159.69,CANCELLED
CUST-DUP-3618,2026-08-05,1034.87,COMPLETED
CUST-DUP-3619,2026-08-05,726.7,CANCELLED
CUST-DUP-3620,2026-08-05,1418.3,CANCELLED
CUST-DUP-3621,2026-08-06,1238.1,COMPLETED
CUST-DUP-3622,2026-08-06,1058.04,PENDING
CUST-DUP-3623,2026-08-06,544.65,PENDING
CUST-DUP-3624,2026-08-06,1152.21,COMPLETED
CUST-DUP-3625,2026-08-06,346.72,COMPLETED
CUST-DUP-3626,2026-08-06,858.32,PENDING
CUST-DUP-3627,2026-08-06,628.31,CANCELLED
CUST-DUP-3628,2026-08-06,280.86,PENDING
CUST-DUP-3629,2026-08-06,1395.03,COMPLETED
CUST-DUP-3630,2026-08-06,1487.09,PENDING
CUST-DUP-3631,2026-08-06,223.68,CANCELLED
CUST-DUP-3632,2026-08-06,802.57,COMPLETED
CUST-DUP-3633,2026-08-06,531.33,PENDING
CUST-DUP-3634,2026-08-06,229.7,CANCELLED
CUST-DUP-3635,2026-08-06,1071.99,COMPLETED
CUST-DUP-3636,2026-08-06,657.58,COMPLETED
CUST-DUP-3637,2026-08-06,1466.4,CANCELLED
CUST-DUP-3638,2026-08-06,1017.51,COMPLETED
CUST-DUP-3639,2026-08-06,688.74,CANCELLED
CUST-DUP-3640,2026-08-06,925.07,CANCELLED
CUST-DUP-3641,2026-08-06,663.24,COMPLETED
CUST-DUP-3642,2026-08-06,938.87,PENDING
CUST-DUP-3643,2026-08-06,528.46,PENDING
CUST-DUP-3644,2026-08-06,159.06,PENDING
CUST-DUP-3645,2026-08-07,259.72,COMPLETED
CUST-DUP-3646,2026-08-07,587.56,PENDING
CUST-DUP-3647,2026-08-07,356.0,PENDING
CUST-DUP-3648,2026-08-07,648.24,COMPLETED
CUST-DUP-3649,2026-08-07,516.56,COMPLETED
CUST-DUP-3650,2026-08-07,924.49,PENDING
CUST-DUP-3651,2026-08-07,492.52,CANCELLED
CUST-DUP-3652,2026-08-07,846.99,CANCELLED
CUST-DUP-3653,2026-08-07,344.96,COMPLETED
CUST-DUP-3654,2026-08-07,1233.36,PENDING
CUST-DUP-3655,2026-08-07,1288.26,COMPLETED
CUST-DUP-3656,2026-08-07,116.48,CANCELLED
CUST-DUP-3657,2026-08-07,150.61,COMPLETED
CUST-DUP-3658,2026-08-07,915.59,PENDING
CUST-DUP-3659,2026-08-07,1046.23,PENDING
CUST-DUP-3660,2026-08-07,395.4,COMPLETED
CUST-DUP-3661,2026-08-07,553.09,PENDING
CUST-DUP-3662,2026-08-07,411.82,PENDING
CUST-DUP-3663,2026-08-07,1468.21,COMPLETED
CUST-DUP-3664,2026-08-07,988.5,COMPLETED
CUST-DUP-3665,2026-08-07,398.78,PENDING
CUST-DUP-3666,2026-08-07,930.89,COMPLETED
CUST-DUP-3667,2026-08-07,1045.04,CANCELLED
CUST-DUP-3668,2026-08-07,829.66,PENDING
CUST-DUP-3669,2026-08-08,1139.81,PENDING
CUST-DUP-3670,2026-08-08,1111.04,PENDING
CUST-DUP-3671,2026-08-08,518.95,PENDING
CUST-DUP-3672,2026-08-08,551.61,CANCELLED
CUST-DUP-3673,2026-08-08,551.7,PENDING
CUST-DUP-3674,2026-08-08,1059.66,CANCELLED
CUST-DUP-3675,2026-08-08,729.04,CANCELLED
CUST-DUP-3676,2026-08-08,898.77,CANCELLED
CUST-DUP-3677,2026-08-08,672.47,CANCELLED
CUST-DUP-3678,2026-08-08,1188.4,CANCELLED
CUST-DUP-3679,2026-08-08,840.35,COMPLETED
CUST-DUP-3680,2026-08-08,444.56,CANCELLED
CUST-DUP-3681,2026-08-08,745.67,CANCELLED
CUST-DUP-3682,2026-08-08,276.39,COMPLETED
CUST-DUP-3683,2026-08-08,716.68,COMPLETED
CUST-DUP-3684,2026-08-08,829.11,COMPLETED
CUST-DUP-3685,2026-08-08,1409.47,COMPLETED
CUST-DUP-3686,2026-08-08,683.32,CANCELLED
CUST-DUP-3687,2026-08-08,667.0,COMPLETED
CUST-DUP-3688,2026-08-08,260.38,CANCELLED
CUST-DUP-3689,2026-08-08,571.6,COMPLETED
CUST-DUP-3690,2026-08-08,530.38,CANCELLED
CUST-DUP-3691,2026-08-08,1463.07,COMPLETED
CUST-DUP-3692,2026-08-08,884.54,PENDING
CUST-DUP-3693,2026-08-09,1333.53,CANCELLED
CUST-DUP-3694,2026-08-09,1083.71,COMPLETED
CUST-DUP-3695,2026-08-09,626.02,CANCELLED
CUST-DUP-3696,2026-08-09,237.62,CANCELLED
CUST-DUP-3697,2026-08-09,182.43,CANCELLED
CUST-DUP-3698,2026-08-09,590.12,CANCELLED
CUST-DUP-3699,2026-08-09,753.55,PENDING
CUST-DUP-3700,2026-08-09,413.84,COMPLETED
CUST-DUP-3701,2026-08-09,1034.13,CANCELLED
CUST-DUP-3702,2026-08-09,102.62,PENDING
CUST-DUP-3703,2026-08-09,907.52,COMPLETED
CUST-DUP-3704,2026-08-09,998.45,CANCELLED
CUST-DUP-3705,2026-08-09,724.36,PENDING
CUST-DUP-3706,2026-08-09,430.03,PENDING
CUST-DUP-3707,2026-08-09,1210.08,CANCELLED
CUST-DUP-3708,2026-08-09,1057.43,COMPLETED
CUST-DUP-3709,2026-08-09,412.5,COMPLETED
CUST-DUP-3710,2026-08-09,650.98,CANCELLED
CUST-DUP-3711,2026-08-09,1248.56,PENDING
CUST-DUP-3712,2026-08-09,1049.12,PENDING
CUST-DUP-3713,2026-08-09,1084.2,PENDING
CUST-DUP-3714,2026-08-09,234.61,CANCELLED
CUST-DUP-3715,2026-08-09,1206.93,COMPLETED
CUST-DUP-3716,2026-08-09,697.0,PENDING
CUST-DUP-3717,2026-08-10,1226.47,CANCELLED
CUST-DUP-3718,2026-08-10,1441.43,PENDING
CUST-DUP-3719,2026-08-10,964.08,PENDING
CUST-DUP-3720,2026-08-10,698.79,CANCELLED
CUST-DUP-3721,2026-08-10,327.83,COMPLETED
CUST-DUP-3722,2026-08-10,540.92,COMPLETED
CUST-DUP-3723,2026-08-10,659.35,PENDING
CUST-DUP-3724,2026-08-10,1337.25,CANCELLED
CUST-DUP-3725,2026-08-10,756.51,PENDING
CUST-DUP-3726,2026-08-10,1456.35,CANCELLED
CUST-DUP-3727,2026-08-10,151.15,CANCELLED
CUST-DUP-3728,2026-08-10,534.45,CANCELLED
CUST-DUP-3729,2026-08-10,1489.38,CANCELLED
CUST-DUP-3730,2026-08-10,439.49,COMPLETED
CUST-DUP-3731,2026-08-10,273.55,CANCELLED
CUST-DUP-3732,2026-08-10,555.66,CANCELLED
CUST-DUP-3733,2026-08-10,542.2,PENDING
CUST-DUP-3734,2026-08-10,924.64,PENDING
CUST-DUP-3735,2026-08-10,1142.97,COMPLETED
CUST-DUP-3736,2026-08-10,848.52,PENDING
CUST-DUP-3737,2026-08-10,144.02,COMPLETED
CUST-DUP-3738,2026-08-10,875.59,COMPLETED
CUST-DUP-3739,2026-08-10,846.18,PENDING
CUST-DUP-3740,2026-08-10,1204.95,PENDING
CUST-DUP-3741,2026-08-11,722.59,CANCELLED
CUST-DUP-3742,2026-08-11,926.96,PENDING
CUST-DUP-3743,2026-08-11,628.28,COMPLETED
CUST-DUP-3744,2026-08-11,329.59,COMPLETED
CUST-DUP-3745,2026-08-11,1206.97,PENDING
CUST-DUP-3746,2026-08-11,934.24,COMPLETED
CUST-DUP-3747,2026-08-11,601.33,COMPLETED
CUST-DUP-3748,2026-08-11,1337.89,PENDING
CUST-DUP-3749,2026-08-11,1285.17,COMPLETED
CUST-DUP-3750,2026-08-11,720.42,PENDING
CUST-DUP-3751,2026-08-11,418.76,CANCELLED
CUST-DUP-3752,2026-08-11,351.79,COMPLETED
CUST-DUP-3753,2026-08-11,989.01,PENDING
CUST-DUP-3754,2026-08-11,1451.52,COMPLETED
CUST-DUP-3755,2026-08-11,132.06,CANCELLED
CUST-DUP-3756,2026-08-11,418.88,PENDING
CUST-DUP-3757,2026-08-11,675.23,CANCELLED
CUST-DUP-3758,2026-08-11,1284.54,CANCELLED
CUST-DUP-3759,2026-08-11,1152.6,PENDING
CUST-DUP-3760,2026-08-11,234.49,PENDING
CUST-DUP-3761,2026-08-11,1287.71,PENDING
CUST-DUP-3762,2026-08-11,655.74,PENDING
CUST-DUP-3763,2026-08-11,472.31,COMPLETED
CUST-DUP-3764,2026-08-11,1110.49,CANCELLED
CUST-DUP-3765,2026-08-12,404.6,CANCELLED
CUST-DUP-3766,2026-08-12,731.51,PENDING
CUST-DUP-3767,2026-08-12,274.07,PENDING
CUST-DUP-3768,2026-08-12,1481.14,PENDING
CUST-DUP-3769,2026-08-12,1101.26,CANCELLED
CUST-DUP-3770,2026-08-12,932.01,PENDING
CUST-DUP-3771,2026-08-12,675.87,PENDING
CUST-DUP-3772,2026-08-12,518.99,COMPLETED
CUST-DUP-3773,2026-08-12,666.48,CANCELLED
CUST-DUP-3774,2026-08-12,309.6,CANCELLED
CUST-DUP-3775,2026-08-12,541.99,PENDING
CUST-DUP-3776,2026-08-12,1070.54,CANCELLED
CUST-DUP-3777,2026-08-12,1458.63,COMPLETED
CUST-DUP-3778,2026-08-12,608.95,COMPLETED
CUST-DUP-3779,2026-08-12,824.64,COMPLETED
CUST-DUP-3780,2026-08-12,478.32,PENDING
CUST-DUP-3781,2026-08-12,1189.76,PENDING
CUST-DUP-3782,2026-08-12,692.2,CANCELLED
CUST-DUP-3783,2026-08-12,572.49,PENDING
CUST-DUP-3784,2026-08-12,1356.92,PENDING
CUST-DUP-3785,2026-08-12,487.78,PENDING
CUST-DUP-3786,2026-08-12,700.99,CANCELLED
CUST-DUP-3787,2026-08-12,138.79,PENDING
CUST-DUP-3788,2026-08-12,602.23,PENDING
CUST-DUP-3789,2026-08-13,1375.55,CANCELLED
CUST-DUP-3790,2026-08-13,730.92,PENDING
CUST-DUP-3791,2026-08-13,1341.41,COMPLETED
CUST-DUP-3792,2026-08-13,1213.49,COMPLETED
CUST-DUP-3793,2026-08-13,617.94,COMPLETED
CUST-DUP-3794,2026-08-13,1388.2,CANCELLED
CUST-DUP-3795,2026-08-13,361.29,COMPLETED
CUST-DUP-3796,2026-08-13,673.3,PENDING
CUST-DUP-3797,2026-08-13,893.81,COMPLETED
CUST-DUP-3798,2026-08-13,1064.38,CANCELLED
CUST-DUP-3799,2026-08-13,1207.25,COMPLETED
CUST-DUP-3800,2026-08-13,519.79,CANCELLED
CUST-DUP-3801,2026-08-13,784.41,COMPLETED
CUST-DUP-3802,2026-08-13,1238.75,COMPLETED
CUST-DUP-3803,2026-08-13,609.32,PENDING
CUST-DUP-3804,2026-08-13,1396.83,PENDING
CUST-DUP-3805,2026-08-13,544.24,CANCELLED
CUST-DUP-3806,2026-08-13,498.69,CANCELLED
CUST-DUP-3807,2026-08-13,1271.52,CANCELLED
CUST-DUP-3808,2026-08-13,1368.65,COMPLETED
CUST-DUP-3809,2026-08-13,489.06,COMPLETED
CUST-DUP-3810,2026-08-13,1296.02,CANCELLED
CUST-DUP-3811,2026-08-13,810.09,COMPLETED
CUST-DUP-3812,2026-08-13,504.63,COMPLETED
CUST-DUP-3813,2026-08-14,871.17,CANCELLED
CUST-DUP-3814,2026-08-14,1216.58,CANCELLED
CUST-DUP-3815,2026-08-14,383.52,PENDING
CUST-DUP-3816,2026-08-14,261.35,COMPLETED
CUST-DUP-3817,2026-08-14,957.58,COMPLETED
CUST-DUP-3818,2026-08-14,245.35,COMPLETED
CUST-DUP-3819,2026-08-14,1006.89,PENDING
CUST-DUP-3820,2026-08-14,1328.42,PENDING
CUST-DUP-3821,2026-08-14,517.18,CANCELLED
CUST-DUP-3822,2026-08-14,1200.24,COMPLETED
CUST-DUP-3823,2026-08-14,332.19,CANCELLED
CUST-DUP-3824,2026-08-14,1244.59,COMPLETED
CUST-DUP-3825,2026-08-14,519.7,PENDING
CUST-DUP-3826,2026-08-14,145.09,COMPLETED
CUST-DUP-3827,2026-08-14,1321.95,COMPLETED
CUST-DUP-3828,2026-08-14,423.77,PENDING
CUST-DUP-3829,2026-08-14,1230.31,CANCELLED
CUST-DUP-3830,2026-08-14,1144.34,PENDING
CUST-DUP-3831,2026-08-14,1403.09,COMPLETED
CUST-DUP-3832,2026-08-14,155.59,PENDING
CUST-DUP-3833,2026-08-14,246.23,CANCELLED
CUST-DUP-3834,2026-08-14,718.95,PENDING
CUST-DUP-3835,2026-08-14,1020.16,CANCELLED
CUST-DUP-3836,2026-08-14,1178.17,PENDING
CUST-DUP-3837,2026-08-15,1190.53,PENDING
CUST-DUP-3838,2026-08-15,1095.94,PENDING
CUST-DUP-3839,2026-08-15,818.53,PENDING
CUST-DUP-3840,2026-08-15,494.18,CANCELLED
CUST-DUP-3841,2026-08-15,1367.72,CANCELLED
CUST-DUP-3842,2026-08-15,393.22,COMPLETED
CUST-DUP-3843,2026-08-15,191.03,COMPLETED
CUST-DUP-3844,2026-08-15,1005.18,PENDING
CUST-DUP-3845,2026-08-15,940.7,CANCELLED
CUST-DUP-3846,2026-08-15,1198.27,CANCELLED
CUST-DUP-3847,2026-08-15,1452.68,CANCELLED
CUST-DUP-3848,2026-08-15,990.16,CANCELLED
CUST-DUP-3849,2026-08-15,1344.87,PENDING
CUST-DUP-3850,2026-08-15,1447.54,PENDING
CUST-DUP-3851,2026-08-15,1210.52,COMPLETED
CUST-DUP-3852,2026-08-15,393.35,COMPLETED
CUST-DUP-3853,2026-08-15,1168.71,COMPLETED
CUST-DUP-3854,2026-08-15,1119.8,CANCELLED
CUST-DUP-3855,2026-08-15,1230.2,COMPLETED
CUST-DUP-3856,2026-08-15,970.26,COMPLETED
CUST-DUP-3857,2026-08-15,891.74,PENDING
CUST-DUP-3858,2026-08-15,256.41,PENDING
CUST-DUP-3859,2026-08-15,251.57,PENDING
CUST-DUP-3860,2026-08-15,1465.74,PENDING
CUST-DUP-3861,2026-08-16,374.96,PENDING
CUST-DUP-3862,2026-08-16,213.9,CANCELLED
CUST-DUP-3863,2026-08-16,748.86,CANCELLED
CUST-DUP-3864,2026-08-16,1373.05,CANCELLED
CUST-DUP-3865,2026-08-16,870.42,COMPLETED
CUST-DUP-3866,2026-08-16,751.65,COMPLETED
CUST-DUP-3867,2026-08-16,1280.83,CANCELLED
CUST-DUP-3868,2026-08-16,1328.15,COMPLETED
CUST-DUP-3869,2026-08-16,877.84,CANCELLED
CUST-DUP-3870,2026-08-16,1298.93,CANCELLED
CUST-DUP-3871,2026-08-16,504.22,PENDING
CUST-DUP-3872,2026-08-16,245.91,COMPLETED
CUST-DUP-3873,2026-08-16,827.91,PENDING
CUST-DUP-3874,2026-08-16,745.12,COMPLETED
CUST-DUP-3875,2026-08-16,820.67,CANCELLED
CUST-DUP-3876,2026-08-16,166.99,PENDING
CUST-DUP-3877,2026-08-16,196.99,PENDING
CUST-DUP-3878,2026-08-16,241.95,COMPLETED
CUST-DUP-3879,2026-08-16,726.1,COMPLETED
CUST-DUP-3880,2026-08-16,1205.16,PENDING
CUST-DUP-3881,2026-08-16,286.64,PENDING
CUST-DUP-3882,2026-08-16,663.02,COMPLETED
CUST-DUP-3883,2026-08-16,532.41,COMPLETED
CUST-DUP-3884,2026-08-16,615.44,CANCELLED
CUST-DUP-3885,2026-08-17,113.7,PENDING
CUST-DUP-3886,2026-08-17,882.7,CANCELLED
CUST-DUP-3887,2026-08-17,937.67,PENDING
CUST-DUP-3888,2026-08-17,411.21,PENDING
CUST-DUP-3889,2026-08-17,363.42,PENDING
CUST-DUP-3890,2026-08-17,543.8,CANCELLED
CUST-DUP-3891,2026-08-17,1392.07,PENDING
CUST-DUP-3892,2026-08-17,167.85,CANCELLED
CUST-DUP-3893,2026-08-17,478.91,COMPLETED
CUST-DUP-3894,2026-08-17,262.63,PENDING
CUST-DUP-3895,2026-08-17,1296.47,COMPLETED
CUST-DUP-3896,2026-08-17,1254.96,PENDING
CUST-DUP-3897,2026-08-17,369.59,CANCELLED
CUST-DUP-3898,2026-08-17,105.26,COMPLETED
CUST-DUP-3899,2026-08-17,967.37,COMPLETED
CUST-DUP-3900,2026-08-17,279.77,CANCELLED
CUST-DUP-3901,2026-08-17,1043.18,COMPLETED
CUST-DUP-3902,2026-08-17,169.13,CANCELLED
CUST-DUP-3903,2026-08-17,372.89,CANCELLED
CUST-DUP-3904,2026-08-17,1001.01,COMPLETED
CUST-DUP-3905,2026-08-17,1050.69,COMPLETED
CUST-DUP-3906,2026-08-17,252.1,COMPLETED
CUST-DUP-3907,2026-08-17,634.85,COMPLETED
CUST-DUP-3908,2026-08-17,450.34,COMPLETED
CUST-DUP-3909,2026-08-18,990.16,CANCELLED
CUST-DUP-3910,2026-08-18,192.28,COMPLETED
CUST-DUP-3911,2026-08-18,1088.77,COMPLETED
CUST-DUP-3912,2026-08-18,599.62,COMPLETED
CUST-DUP-3913,2026-08-18,398.29,COMPLETED
CUST-DUP-3914,2026-08-18,982.02,CANCELLED
CUST-DUP-3915,2026-08-18,920.3,PENDING
CUST-DUP-3916,2026-08-18,237.53,COMPLETED
CUST-DUP-3917,2026-08-18,1101.84,CANCELLED
CUST-DUP-3918,2026-08-18,1319.14,PENDING
CUST-DUP-3919,2026-08-18,451.77,COMPLETED
CUST-DUP-3920,2026-08-18,338.86,CANCELLED
CUST-DUP-3921,2026-08-18,328.5,PENDING
CUST-DUP-3922,2026-08-18,663.09,PENDING
CUST-DUP-3923,2026-08-18,379.49,PENDING
CUST-DUP-3924,2026-08-18,695.71,PENDING
CUST-DUP-3925,2026-08-18,1200.54,PENDING
CUST-DUP-3926,2026-08-18,1286.92,COMPLETED
CUST-DUP-3927,2026-08-18,683.5,CANCELLED
CUST-DUP-3928,2026-08-18,704.54,COMPLETED
CUST-DUP-3929,2026-08-18,1071.65,CANCELLED
CUST-DUP-3930,2026-08-18,182.79,COMPLETED
CUST-DUP-3931,2026-08-18,553.41,PENDING
CUST-DUP-3932,2026-08-18,1169.41,PENDING
CUST-DUP-3933,2026-08-19,910.95,PENDING
CUST-DUP-3934,2026-08-19,593.49,COMPLETED
CUST-DUP-3935,2026-08-19,1140.11,CANCELLED
CUST-DUP-3936,2026-08-19,888.39,CANCELLED
CUST-DUP-3937,2026-08-19,1099.76,COMPLETED
CUST-DUP-3938,2026-08-19,687.87,COMPLETED
CUST-DUP-3939,2026-08-19,1219.98,COMPLETED
CUST-DUP-3940,2026-08-19,1086.13,PENDING
CUST-DUP-3941,2026-08-19,734.03,CANCELLED
CUST-DUP-3942,2026-08-19,1114.96,CANCELLED
CUST-DUP-3943,2026-08-19,1144.48,CANCELLED
CUST-DUP-3944,2026-08-19,494.49,PENDING
CUST-DUP-3945,2026-08-19,588.39,CANCELLED
CUST-DUP-3946,2026-08-19,160.33,PENDING
CUST-DUP-3947,2026-08-19,437.8,COMPLETED
CUST-DUP-3948,2026-08-19,1397.35,CANCELLED
CUST-DUP-3949,2026-08-19,1222.68,PENDING
CUST-DUP-3950,2026-08-19,140.0,PENDING
CUST-DUP-3951,2026-08-19,408.59,COMPLETED
CUST-DUP-3952,2026-08-19,819.48,COMPLETED
CUST-DUP-3953,2026-08-19,708.15,PENDING
CUST-DUP-3954,2026-08-19,1207.26,COMPLETED
CUST-DUP-3955,2026-08-19,782.87,CANCELLED
CUST-DUP-3956,2026-08-19,720.62,COMPLETED
CUST-DUP-3957,2026-08-20,410.93,COMPLETED
CUST-DUP-3958,2026-08-20,522.57,PENDING
CUST-DUP-3959,2026-08-20,405.17,COMPLETED
CUST-DUP-3960,2026-08-20,1449.55,CANCELLED
CUST-DUP-3961,2026-08-20,1194.36,PENDING
CUST-DUP-3962,2026-08-20,419.08,PENDING
CUST-DUP-3963,2026-08-20,465.22,PENDING
CUST-DUP-3964,2026-08-20,927.97,PENDING
CUST-DUP-3965,2026-08-20,625.84,PENDING
CUST-DUP-3966,2026-08-20,483.6,CANCELLED
CUST-DUP-3967,2026-08-20,273.87,CANCELLED
CUST-DUP-3968,2026-08-20,134.65,CANCELLED
CUST-DUP-3969,2026-08-20,176.88,PENDING
CUST-DUP-3970,2026-08-20,1256.7,COMPLETED
CUST-DUP-3971,2026-08-20,219.69,COMPLETED
CUST-DUP-3972,2026-08-20,118.23,PENDING
CUST-DUP-3973,2026-08-20,811.33,PENDING
CUST-DUP-3974,2026-08-20,716.71,COMPLETED
CUST-DUP-3975,2026-08-20,858.63,PENDING
CUST-DUP-3976,2026-08-20,1231.99,COMPLETED
CUST-DUP-3977,2026-08-20,270.0,COMPLETED
CUST-DUP-3978,2026-08-20,1178.26,COMPLETED
CUST-DUP-3979,2026-08-20,378.27,PENDING
CUST-DUP-3980,2026-08-20,396.28,COMPLETED
CUST-DUP-3981,2026-08-21,374.74,CANCELLED
CUST-DUP-3982,2026-08-21,641.82,COMPLETED
CUST-DUP-3983,2026-08-21,882.47,PENDING
CUST-DUP-3984,2026-08-21,403.57,COMPLETED
CUST-DUP-3985,2026-08-21,878.44,PENDING
CUST-DUP-3986,2026-08-21,300.35,COMPLETED
CUST-DUP-3987,2026-08-21,250.87,PENDING
CUST-DUP-3988,2026-08-21,1385.79,CANCELLED
CUST-DUP-3989,2026-08-21,199.48,COMPLETED
CUST-DUP-3990,2026-08-21,1336.08,COMPLETED
CUST-DUP-3991,2026-08-21,537.52,PENDING
CUST-DUP-3992,2026-08-21,681.95,CANCELLED
CUST-DUP-3993,2026-08-21,573.16,COMPLETED
CUST-DUP-3994,2026-08-21,148.93,CANCELLED
CUST-DUP-3995,2026-08-21,1429.71,COMPLETED
CUST-DUP-3996,2026-08-21,1274.14,PENDING
CUST-DUP-3997,2026-08-21,710.06,PENDING
CUST-DUP-3998,2026-08-21,550.0,PENDING
CUST-DUP-3999,2026-08-21,899.6,COMPLETED
CUST-DUP-4000,2026-08-21,359.44,PENDING
CUST-DUP-4001,2026-08-01,1385.52,PENDING
CUST-DUP-4002,2026-08-01,956.01,COMPLETED
CUST-DUP-4003,2026-08-01,194.35,COMPLETED
CUST-DUP-4004,2026-08-01,1168.95,COMPLETED
CUST-DUP-4005,2026-08-01,418.96,PENDING
CUST-DUP-4006,2026-08-01,595.98,PENDING
CUST-DUP-4007,2026-08-01,799.81,COMPLETED
CUST-DUP-4008,2026-08-01,441.43,PENDING
CUST-DUP-4009,2026-08-01,869.33,PENDING
CUST-DUP-4010,2026-08-01,867.02,COMPLETED
CUST-DUP-4011,2026-08-01,1166.62,COMPLETED
CUST-DUP-4012,2026-08-01,131.32,PENDING
CUST-DUP-4013,2026-08-01,394.44,COMPLETED
CUST-DUP-4014,2026-08-01,164.11,PENDING
CUST-DUP-4015,2026-08-01,984.55,CANCELLED
CUST-DUP-4016,2026-08-01,1330.71,COMPLETED
CUST-DUP-4017,2026-08-01,908.88,PENDING
CUST-DUP-4018,2026-08-01,839.87,CANCELLED
CUST-DUP-4019,2026-08-01,1479.22,CANCELLED
CUST-DUP-4020,2026-08-01,1104.6,CANCELLED
CUST-DUP-4021,2026-08-01,1401.79,COMPLETED
CUST-DUP-4022,2026-08-01,919.67,CANCELLED
CUST-DUP-4023,2026-08-01,1453.63,PENDING
CUST-DUP-4024,2026-08-01,1178.9,COMPLETED
CUST-DUP-4025,2026-08-02,984.65,COMPLETED
CUST-DUP-4026,2026-08-02,235.44,CANCELLED
CUST-DUP-4027,2026-08-02,404.81,PENDING
CUST-DUP-4028,2026-08-02,1145.7,CANCELLED
CUST-DUP-4029,2026-08-02,327.3,CANCELLED
CUST-DUP-4030,2026-08-02,361.38,PENDING
CUST-DUP-4031,2026-08-02,229.94,CANCELLED
CUST-DUP-4032,2026-08-02,494.44,COMPLETED
CUST-DUP-4033,2026-08-02,357.2,PENDING
CUST-DUP-4034,2026-08-02,389.8,COMPLETED
CUST-DUP-4035,2026-08-02,611.07,CANCELLED
CUST-DUP-4036,2026-08-02,588.8,COMPLETED
CUST-DUP-4037,2026-08-02,1101.22,CANCELLED
CUST-DUP-4038,2026-08-02,1178.33,COMPLETED
CUST-DUP-4039,2026-08-02,1445.24,CANCELLED
CUST-DUP-4040,2026-08-02,662.43,PENDING
CUST-DUP-4041,2026-08-02,869.56,PENDING
CUST-DUP-4042,2026-08-02,789.77,PENDING
CUST-DUP-4043,2026-08-02,347.72,COMPLETED
CUST-DUP-4044,2026-08-02,649.39,COMPLETED
CUST-DUP-4045,2026-08-02,1041.06,CANCELLED
CUST-DUP-4046,2026-08-02,1417.56,CANCELLED
CUST-DUP-4047,2026-08-02,1176.86,PENDING
CUST-DUP-4048,2026-08-02,325.09,PENDING
CUST-DUP-4049,2026-08-03,764.57,COMPLETED
CUST-DUP-4050,2026-08-03,381.03,PENDING
CUST-DUP-4051,2026-08-03,491.39,PENDING
CUST-DUP-4052,2026-08-03,1392.59,PENDING
CUST-DUP-4053,2026-08-03,1259.04,COMPLETED
CUST-DUP-4054,2026-08-03,926.4,COMPLETED
CUST-DUP-4055,2026-08-03,1395.0,PENDING
CUST-DUP-4056,2026-08-03,221.56,CANCELLED
CUST-DUP-4057,2026-08-03,1291.45,CANCELLED
CUST-DUP-4058,2026-08-03,691.22,PENDING
CUST-DUP-4059,2026-08-03,909.0,COMPLETED
CUST-DUP-4060,2026-08-03,261.12,COMPLETED
CUST-DUP-4061,2026-08-03,437.67,CANCELLED
CUST-DUP-4062,2026-08-03,716.42,CANCELLED
CUST-DUP-4063,2026-08-03,772.39,COMPLETED
CUST-DUP-4064,2026-08-03,657.63,PENDING
CUST-DUP-4065,2026-08-03,484.63,PENDING
CUST-DUP-4066,2026-08-03,628.81,CANCELLED
CUST-DUP-4067,2026-08-03,643.24,CANCELLED
CUST-DUP-4068,2026-08-03,1087.44,PENDING
CUST-DUP-4069,2026-08-03,1222.25,COMPLETED
CUST-DUP-4070,2026-08-03,516.52,PENDING
CUST-DUP-4071,2026-08-03,719.62,PENDING
CUST-DUP-4072,2026-08-03,244.84,PENDING
CUST-DUP-4073,2026-08-04,1169.71,PENDING
CUST-DUP-4074,2026-08-04,153.54,PENDING
CUST-DUP-4075,2026-08-04,389.2,PENDING
CUST-DUP-4076,2026-08-04,611.11,CANCELLED
CUST-DUP-4077,2026-08-04,811.62,PENDING
CUST-DUP-4078,2026-08-04,1360.26,PENDING
CUST-DUP-4079,2026-08-04,202.42,CANCELLED
CUST-DUP-4080,2026-08-04,1198.4,PENDING
CUST-DUP-4081,2026-08-04,110.02,PENDING
CUST-DUP-4082,2026-08-04,1435.34,PENDING
CUST-DUP-4083,2026-08-04,534.49,COMPLETED
CUST-DUP-4084,2026-08-04,513.38,PENDING
CUST-DUP-4085,2026-08-04,746.48,PENDING
CUST-DUP-4086,2026-08-04,653.05,COMPLETED
CUST-DUP-4087,2026-08-04,692.87,CANCELLED
CUST-DUP-4088,2026-08-04,457.74,PENDING
CUST-DUP-4089,2026-08-04,629.75,COMPLETED
CUST-DUP-4090,2026-08-04,1049.67,PENDING
CUST-DUP-4091,2026-08-04,921.89,COMPLETED
CUST-DUP-4092,2026-08-04,194.15,PENDING
CUST-DUP-4093,2026-08-04,872.42,PENDING
CUST-DUP-4094,2026-08-04,885.16,COMPLETED
CUST-DUP-4095,2026-08-04,376.41,CANCELLED
CUST-DUP-4096,2026-08-04,286.14,CANCELLED
CUST-DUP-4097,2026-08-05,125.12,CANCELLED
CUST-DUP-4098,2026-08-05,166.37,COMPLETED
CUST-DUP-4099,2026-08-05,1076.99,CANCELLED
CUST-DUP-4100,2026-08-05,967.84,COMPLETED
CUST-DUP-4101,2026-08-05,137.45,PENDING
CUST-DUP-4102,2026-08-05,526.44,COMPLETED
CUST-DUP-4103,2026-08-05,487.01,COMPLETED
CUST-DUP-4104,2026-08-05,706.83,CANCELLED
CUST-DUP-4105,2026-08-05,837.65,CANCELLED
CUST-DUP-4106,2026-08-05,1355.38,COMPLETED
CUST-DUP-4107,2026-08-05,348.4,CANCELLED
CUST-DUP-4108,2026-08-05,1439.61,CANCELLED
CUST-DUP-4109,2026-08-05,1150.85,CANCELLED
CUST-DUP-4110,2026-08-05,435.97,CANCELLED
CUST-DUP-4111,2026-08-05,902.58,CANCELLED
CUST-DUP-4112,2026-08-05,617.16,PENDING
CUST-DUP-4113,2026-08-05,602.68,COMPLETED
CUST-DUP-4114,2026-08-05,1035.52,COMPLETED
CUST-DUP-4115,2026-08-05,273.04,COMPLETED
CUST-DUP-4116,2026-08-05,615.05,COMPLETED
CUST-DUP-4117,2026-08-05,1457.92,CANCELLED
CUST-DUP-4118,2026-08-05,682.26,COMPLETED
CUST-DUP-4119,2026-08-05,201.87,COMPLETED
CUST-DUP-4120,2026-08-05,242.43,PENDING
CUST-DUP-4121,2026-08-06,186.21,PENDING
CUST-DUP-4122,2026-08-06,961.78,COMPLETED
CUST-DUP-4123,2026-08-06,409.96,CANCELLED
CUST-DUP-4124,2026-08-06,290.92,CANCELLED
CUST-DUP-4125,2026-08-06,1301.19,COMPLETED
CUST-DUP-4126,2026-08-06,154.44,COMPLETED
CUST-DUP-4127,2026-08-06,931.59,COMPLETED
CUST-DUP-4128,2026-08-06,1432.86,COMPLETED
CUST-DUP-4129,2026-08-06,320.81,COMPLETED
CUST-DUP-4130,2026-08-06,841.02,COMPLETED
CUST-DUP-4131,2026-08-06,717.99,CANCELLED
CUST-DUP-4132,2026-08-06,1021.68,COMPLETED
CUST-DUP-4133,2026-08-06,1103.96,PENDING
CUST-DUP-4134,2026-08-06,396.25,PENDING
CUST-DUP-4135,2026-08-06,1491.71,PENDING
CUST-DUP-4136,2026-08-06,1398.56,CANCELLED
CUST-DUP-4137,2026-08-06,420.57,CANCELLED
CUST-DUP-4138,2026-08-06,140.18,COMPLETED
CUST-DUP-4139,2026-08-06,1175.73,PENDING
CUST-DUP-4140,2026-08-06,138.33,PENDING
CUST-DUP-4141,2026-08-06,830.02,COMPLETED
CUST-DUP-4142,2026-08-06,135.86,COMPLETED
CUST-DUP-4143,2026-08-06,1236.75,CANCELLED
CUST-DUP-4144,2026-08-06,210.8,CANCELLED
CUST-DUP-4145,2026-08-07,1222.74,PENDING
CUST-DUP-4146,2026-08-07,653.51,COMPLETED
CUST-DUP-4147,2026-08-07,983.11,COMPLETED
CUST-DUP-4148,2026-08-07,1008.36,PENDING
CUST-DUP-4149,2026-08-07,1324.18,PENDING
CUST-DUP-4150,2026-08-07,823.31,CANCELLED
CUST-DUP-4151,2026-08-07,590.33,COMPLETED
CUST-DUP-4152,2026-08-07,610.63,CANCELLED
CUST-DUP-4153,2026-08-07,160.2,CANCELLED
CUST-DUP-4154,2026-08-07,453.76,CANCELLED
CUST-DUP-4155,2026-08-07,194.07,CANCELLED
CUST-DUP-4156,2026-08-07,131.22,CANCELLED
CUST-DUP-4157,2026-08-07,981.98,CANCELLED
CUST-DUP-4158,2026-08-07,127.91,PENDING
CUST-DUP-4159,2026-08-07,489.66,CANCELLED
CUST-DUP-4160,2026-08-07,669.11,PENDING
CUST-DUP-4161,2026-08-07,941.14,COMPLETED
CUST-DUP-4162,2026-08-07,1039.74,COMPLETED
CUST-DUP-4163,2026-08-07,1419.51,PENDING
CUST-DUP-4164,2026-08-07,1155.01,PENDING
CUST-DUP-4165,2026-08-07,409.18,COMPLETED
CUST-DUP-4166,2026-08-07,1156.92,COMPLETED
CUST-DUP-4167,2026-08-07,1369.66,PENDING
CUST-DUP-4168,2026-08-07,278.4,CANCELLED
CUST-DUP-4169,2026-08-08,285.43,CANCELLED
CUST-DUP-4170,2026-08-08,667.03,PENDING
CUST-DUP-4171,2026-08-08,1284.71,PENDING
CUST-DUP-4172,2026-08-08,891.93,CANCELLED
CUST-DUP-4173,2026-08-08,603.49,PENDING
CUST-DUP-4174,2026-08-08,1110.11,CANCELLED
CUST-DUP-4175,2026-08-08,1208.41,COMPLETED
CUST-DUP-4176,2026-08-08,776.25,COMPLETED
CUST-DUP-4177,2026-08-08,560.75,COMPLETED
CUST-DUP-4178,2026-08-08,1096.11,COMPLETED
CUST-DUP-4179,2026-08-08,1473.0,PENDING
CUST-DUP-4180,2026-08-08,1199.6,PENDING
CUST-DUP-4181,2026-08-08,982.98,CANCELLED
CUST-DUP-4182,2026-08-08,133.33,CANCELLED
CUST-DUP-4183,2026-08-08,1328.0,COMPLETED
CUST-DUP-4184,2026-08-08,284.06,CANCELLED
CUST-DUP-4185,2026-08-08,1247.28,PENDING
CUST-DUP-4186,2026-08-08,341.69,COMPLETED
CUST-DUP-4187,2026-08-08,532.55,PENDING
CUST-DUP-4188,2026-08-08,1110.51,COMPLETED
CUST-DUP-4189,2026-08-08,152.74,COMPLETED
CUST-DUP-4190,2026-08-08,783.56,PENDING
CUST-DUP-4191,2026-08-08,998.85,COMPLETED
CUST-DUP-4192,2026-08-08,1285.88,PENDING
CUST-DUP-4193,2026-08-09,190.96,CANCELLED
CUST-DUP-4194,2026-08-09,1389.15,CANCELLED
CUST-DUP-4195,2026-08-09,526.8,PENDING
CUST-DUP-4196,2026-08-09,117.49,CANCELLED
CUST-DUP-4197,2026-08-09,270.93,PENDING
CUST-DUP-4198,2026-08-09,164.55,COMPLETED
CUST-DUP-4199,2026-08-09,315.79,PENDING
CUST-DUP-4200,2026-08-09,755.96,CANCELLED
CUST-DUP-4201,2026-08-09,889.78,CANCELLED
CUST-DUP-4202,2026-08-09,1043.33,CANCELLED
CUST-DUP-4203,2026-08-09,1356.96,CANCELLED
CUST-DUP-4204,2026-08-09,267.25,CANCELLED
CUST-DUP-4205,2026-08-09,743.79,CANCELLED
CUST-DUP-4206,2026-08-09,322.46,COMPLETED
CUST-DUP-4207,2026-08-09,1173.03,CANCELLED
CUST-DUP-4208,2026-08-09,435.66,CANCELLED
CUST-DUP-4209,2026-08-09,1287.67,PENDING
CUST-DUP-4210,2026-08-09,1197.31,COMPLETED
CUST-DUP-4211,2026-08-09,578.44,PENDING
CUST-DUP-4212,2026-08-09,288.61,COMPLETED
CUST-DUP-4213,2026-08-09,1187.48,CANCELLED
CUST-DUP-4214,2026-08-09,924.91,CANCELLED
CUST-DUP-4215,2026-08-09,142.12,PENDING
CUST-DUP-4216,2026-08-09,1094.34,COMPLETED
CUST-DUP-4217,2026-08-10,1490.06,CANCELLED
CUST-DUP-4218,2026-08-10,647.23,PENDING
CUST-DUP-4219,2026-08-10,1054.97,CANCELLED
CUST-DUP-4220,2026-08-10,853.0,PENDING
CUST-DUP-4221,2026-08-10,536.63,COMPLETED
CUST-DUP-4222,2026-08-10,538.73,PENDING
CUST-DUP-4223,2026-08-10,853.65,PENDING
CUST-DUP-4224,2026-08-10,361.85,PENDING
CUST-DUP-4225,2026-08-10,306.12,PENDING
CUST-DUP-4226,2026-08-10,384.44,CANCELLED
CUST-DUP-4227,2026-08-10,1070.98,PENDING
CUST-DUP-4228,2026-08-10,503.55,CANCELLED
CUST-DUP-4229,2026-08-10,273.9,CANCELLED
CUST-DUP-4230,2026-08-10,844.39,CANCELLED
CUST-DUP-4231,2026-08-10,1152.74,PENDING
CUST-DUP-4232,2026-08-10,1370.35,COMPLETED
CUST-DUP-4233,2026-08-10,829.66,CANCELLED
CUST-DUP-4234,2026-08-10,170.81,PENDING
CUST-DUP-4235,2026-08-10,168.48,PENDING
CUST-DUP-4236,2026-08-10,942.61,COMPLETED
CUST-DUP-4237,2026-08-10,143.48,COMPLETED
CUST-DUP-4238,2026-08-10,582.81,PENDING
CUST-DUP-4239,2026-08-10,749.06,COMPLETED
CUST-DUP-4240,2026-08-10,227.73,PENDING
CUST-DUP-4241,2026-08-11,548.27,CANCELLED
CUST-DUP-4242,2026-08-11,1452.47,CANCELLED
CUST-DUP-4243,2026-08-11,852.29,CANCELLED
CUST-DUP-4244,2026-08-11,386.01,PENDING
CUST-DUP-4245,2026-08-11,1151.32,PENDING
CUST-DUP-4246,2026-08-11,430.85,COMPLETED
CUST-DUP-4247,2026-08-11,637.98,COMPLETED
CUST-DUP-4248,2026-08-11,1414.69,CANCELLED
CUST-DUP-4249,2026-08-11,888.48,CANCELLED
CUST-DUP-4250,2026-08-11,554.58,COMPLETED
CUST-DUP-4251,2026-08-11,754.75,COMPLETED
CUST-DUP-4252,2026-08-11,782.38,COMPLETED
CUST-DUP-4253,2026-08-11,356.85,PENDING
CUST-DUP-4254,2026-08-11,1447.81,PENDING
CUST-DUP-4255,2026-08-11,1075.14,COMPLETED
CUST-DUP-4256,2026-08-11,1117.74,CANCELLED
CUST-DUP-4257,2026-08-11,1377.92,PENDING
CUST-DUP-4258,2026-08-11,1005.65,CANCELLED
CUST-DUP-4259,2026-08-11,1311.0,CANCELLED
CUST-DUP-4260,2026-08-11,723.46,CANCELLED
CUST-DUP-4261,2026-08-11,1149.22,PENDING
CUST-DUP-4262,2026-08-11,1085.65,CANCELLED
CUST-DUP-4263,2026-08-11,349.77,COMPLETED
CUST-DUP-4264,2026-08-11,1335.57,PENDING
CUST-DUP-4265,2026-08-12,150.97,PENDING
CUST-DUP-4266,2026-08-12,342.69,COMPLETED
CUST-DUP-4267,2026-08-12,510.94,CANCELLED
CUST-DUP-4268,2026-08-12,1113.7,CANCELLED
CUST-DUP-4269,2026-08-12,328.37,PENDING
CUST-DUP-4270,2026-08-12,363.47,PENDING
CUST-DUP-4271,2026-08-12,808.29,COMPLETED
CUST-DUP-4272,2026-08-12,1256.26,COMPLETED
CUST-DUP-4273,2026-08-12,198.48,COMPLETED
CUST-DUP-4274,2026-08-12,729.6,CANCELLED
CUST-DUP-4275,2026-08-12,1451.44,PENDING
CUST-DUP-4276,2026-08-12,357.69,COMPLETED
CUST-DUP-4277,2026-08-12,1110.93,PENDING
CUST-DUP-4278,2026-08-12,838.85,PENDING
CUST-DUP-4279,2026-08-12,714.62,PENDING
CUST-DUP-4280,2026-08-12,262.34,COMPLETED
CUST-DUP-4281,2026-08-12,781.8,PENDING
CUST-DUP-4282,2026-08-12,844.31,COMPLETED
CUST-DUP-4283,2026-08-12,533.91,CANCELLED
CUST-DUP-4284,2026-08-12,299.65,PENDING
CUST-DUP-4285,2026-08-12,1363.79,CANCELLED
CUST-DUP-4286,2026-08-12,347.59,PENDING
CUST-DUP-4287,2026-08-12,515.67,PENDING
CUST-DUP-4288,2026-08-12,521.34,PENDING
CUST-DUP-4289,2026-08-13,1288.26,CANCELLED
CUST-DUP-4290,2026-08-13,907.32,PENDING
CUST-DUP-4291,2026-08-13,836.82,PENDING
CUST-DUP-4292,2026-08-13,652.43,COMPLETED
CUST-DUP-4293,2026-08-13,1275.21,PENDING
CUST-DUP-4294,2026-08-13,1229.61,COMPLETED
CUST-DUP-4295,2026-08-13,427.92,CANCELLED
CUST-DUP-4296,2026-08-13,326.87,COMPLETED
CUST-DUP-4297,2026-08-13,111.23,PENDING
CUST-DUP-4298,2026-08-13,1232.15,CANCELLED
CUST-DUP-4299,2026-08-13,291.48,COMPLETED
CUST-DUP-4300,2026-08-13,1180.18,CANCELLED
CUST-DUP-4301,2026-08-13,470.44,PENDING
CUST-DUP-4302,2026-08-13,527.21,PENDING
CUST-DUP-4303,2026-08-13,559.96,PENDING
CUST-DUP-4304,2026-08-13,864.07,COMPLETED
CUST-DUP-4305,2026-08-13,449.16,COMPLETED
CUST-DUP-4306,2026-08-13,214.94,PENDING
CUST-DUP-4307,2026-08-13,1404.09,COMPLETED
CUST-DUP-4308,2026-08-13,371.04,PENDING
CUST-DUP-4309,2026-08-13,605.31,PENDING
CUST-DUP-4310,2026-08-13,145.93,PENDING
CUST-DUP-4311,2026-08-13,1149.85,CANCELLED
CUST-DUP-4312,2026-08-13,612.24,COMPLETED
CUST-DUP-4313,2026-08-14,787.63,PENDING
CUST-DUP-4314,2026-08-14,403.63,PENDING
CUST-DUP-4315,2026-08-14,562.24,CANCELLED
CUST-DUP-4316,2026-08-14,462.52,COMPLETED
CUST-DUP-4317,2026-08-14,1345.76,COMPLETED
CUST-DUP-4318,2026-08-14,933.49,PENDING
CUST-DUP-4319,2026-08-14,568.74,CANCELLED
CUST-DUP-4320,2026-08-14,1445.47,CANCELLED
CUST-DUP-4321,2026-08-14,1260.36,CANCELLED
CUST-DUP-4322,2026-08-14,939.75,PENDING
CUST-DUP-4323,2026-08-14,467.61,COMPLETED
CUST-DUP-4324,2026-08-14,886.61,PENDING
CUST-DUP-4325,2026-08-14,921.63,PENDING
CUST-DUP-4326,2026-08-14,1145.68,CANCELLED
CUST-DUP-4327,2026-08-14,613.61,COMPLETED
CUST-DUP-4328,2026-08-14,760.73,COMPLETED
CUST-DUP-4329,2026-08-14,503.54,CANCELLED
CUST-DUP-4330,2026-08-14,1395.76,COMPLETED
CUST-DUP-4331,2026-08-14,757.12,COMPLETED
CUST-DUP-4332,2026-08-14,1265.28,CANCELLED
CUST-DUP-4333,2026-08-14,318.46,CANCELLED
CUST-DUP-4334,2026-08-14,1447.27,PENDING
CUST-DUP-4335,2026-08-14,810.56,COMPLETED
CUST-DUP-4336,2026-08-14,1463.22,PENDING
CUST-DUP-4337,2026-08-15,626.36,COMPLETED
CUST-DUP-4338,2026-08-15,673.24,COMPLETED
CUST-DUP-4339,2026-08-15,118.43,COMPLETED
CUST-DUP-4340,2026-08-15,1194.67,CANCELLED
CUST-DUP-4341,2026-08-15,360.65,CANCELLED
CUST-DUP-4342,2026-08-15,553.19,COMPLETED
CUST-DUP-4343,2026-08-15,548.09,CANCELLED
CUST-DUP-4344,2026-08-15,277.86,PENDING
CUST-DUP-4345,2026-08-15,884.71,CANCELLED
CUST-DUP-4346,2026-08-15,1313.59,PENDING
CUST-DUP-4347,2026-08-15,520.17,CANCELLED
CUST-DUP-4348,2026-08-15,1146.54,PENDING
CUST-DUP-4349,2026-08-15,977.41,COMPLETED
CUST-DUP-4350,2026-08-15,332.75,CANCELLED
CUST-DUP-4351,2026-08-15,131.52,COMPLETED
CUST-DUP-4352,2026-08-15,1283.82,CANCELLED
CUST-DUP-4353,2026-08-15,1306.66,PENDING
CUST-DUP-4354,2026-08-15,846.74,COMPLETED
CUST-DUP-4355,2026-08-15,1411.25,PENDING
CUST-DUP-4356,2026-08-15,1146.59,CANCELLED
CUST-DUP-4357,2026-08-15,353.48,CANCELLED
CUST-DUP-4358,2026-08-15,860.45,CANCELLED
CUST-DUP-4359,2026-08-15,436.56,PENDING
CUST-DUP-4360,2026-08-15,357.98,COMPLETED
CUST-DUP-4361,2026-08-16,1378.96,PENDING
CUST-DUP-4362,2026-08-16,200.76,CANCELLED
CUST-DUP-4363,2026-08-16,1333.25,COMPLETED
CUST-DUP-4364,2026-08-16,1055.2,PENDING
CUST-DUP-4365,2026-08-16,411.21,PENDING
CUST-DUP-4366,2026-08-16,297.01,PENDING
CUST-DUP-4367,2026-08-16,1292.51,COMPLETED
CUST-DUP-4368,2026-08-16,423.61,CANCELLED
CUST-DUP-4369,2026-08-16,930.75,COMPLETED
CUST-DUP-4370,2026-08-16,655.2,COMPLETED
CUST-DUP-4371,2026-08-16,836.15,CANCELLED
CUST-DUP-4372,2026-08-16,1249.54,PENDING
CUST-DUP-4373,2026-08-16,1355.95,CANCELLED
CUST-DUP-4374,2026-08-16,579.39,CANCELLED
CUST-DUP-4375,2026-08-16,1239.17,PENDING
CUST-DUP-4376,2026-08-16,190.07,COMPLETED
CUST-DUP-4377,2026-08-16,1124.9,CANCELLED
CUST-DUP-4378,2026-08-16,1179.82,CANCELLED
CUST-DUP-4379,2026-08-16,264.96,COMPLETED
CUST-DUP-4380,2026-08-16,102.8,PENDING
CUST-DUP-4381,2026-08-16,1061.46,PENDING
CUST-DUP-4382,2026-08-16,224.89,COMPLETED
CUST-DUP-4383,2026-08-16,1355.69,PENDING
CUST-DUP-4384,2026-08-16,195.29,PENDING
CUST-DUP-4385,2026-08-17,1345.04,COMPLETED
CUST-DUP-4386,2026-08-17,345.31,COMPLETED
CUST-DUP-4387,2026-08-17,164.32,CANCELLED
CUST-DUP-4388,2026-08-17,1375.27,COMPLETED
CUST-DUP-4389,2026-08-17,423.39,CANCELLED
CUST-DUP-4390,2026-08-17,1216.21,PENDING
CUST-DUP-4391,2026-08-17,1212.48,COMPLETED
CUST-DUP-4392,2026-08-17,885.21,COMPLETED
CUST-DUP-4393,2026-08-17,1460.78,COMPLETED
CUST-DUP-4394,2026-08-17,1424.21,COMPLETED
CUST-DUP-4395,2026-08-17,1004.19,COMPLETED
CUST-DUP-4396,2026-08-17,1275.71,CANCELLED
CUST-DUP-4397,2026-08-17,334.48,COMPLETED
CUST-DUP-4398,2026-08-17,1207.04,CANCELLED
CUST-DUP-4399,2026-08-17,1188.86,COMPLETED
CUST-DUP-4400,2026-08-17,1016.36,CANCELLED
CUST-DUP-4401,2026-08-17,1262.91,COMPLETED
CUST-DUP-4402,2026-08-17,690.66,CANCELLED
CUST-DUP-4403,2026-08-17,1025.89,CANCELLED
CUST-DUP-4404,2026-08-17,1166.74,PENDING
CUST-DUP-4405,2026-08-17,150.01,PENDING
CUST-DUP-4406,2026-08-17,1264.63,PENDING
CUST-DUP-4407,2026-08-17,146.72,PENDING
CUST-DUP-4408,2026-08-17,512.44,COMPLETED
CUST-DUP-4409,2026-08-18,521.45,COMPLETED
CUST-DUP-4410,2026-08-18,146.37,CANCELLED
CUST-DUP-4411,2026-08-18,768.29,PENDING
CUST-DUP-4412,2026-08-18,945.07,CANCELLED
CUST-DUP-4413,2026-08-18,716.45,PENDING
CUST-DUP-4414,2026-08-18,1238.78,CANCELLED
CUST-DUP-4415,2026-08-18,599.94,PENDING
CUST-DUP-4416,2026-08-18,1148.89,COMPLETED
CUST-DUP-4417,2026-08-18,1169.71,PENDING
CUST-DUP-4418,2026-08-18,1362.83,PENDING
CUST-DUP-4419,2026-08-18,1345.92,PENDING
CUST-DUP-4420,2026-08-18,1484.9,COMPLETED
CUST-DUP-4421,2026-08-18,1156.69,PENDING
CUST-DUP-4422,2026-08-18,227.03,COMPLETED
CUST-DUP-4423,2026-08-18,727.29,CANCELLED
CUST-DUP-4424,2026-08-18,414.24,CANCELLED
CUST-DUP-4425,2026-08-18,264.82,CANCELLED
CUST-DUP-4426,2026-08-18,1310.89,CANCELLED
CUST-DUP-4427,2026-08-18,413.72,COMPLETED
CUST-DUP-4428,2026-08-18,415.1,COMPLETED
CUST-DUP-4429,2026-08-18,1041.11,COMPLETED
CUST-DUP-4430,2026-08-18,188.86,PENDING
CUST-DUP-4431,2026-08-18,125.8,PENDING
CUST-DUP-4432,2026-08-18,585.5,CANCELLED
CUST-DUP-4433,2026-08-19,424.8,CANCELLED
CUST-DUP-4434,2026-08-19,996.18,PENDING
CUST-DUP-4435,2026-08-19,287.98,COMPLETED
CUST-DUP-4436,2026-08-19,1127.51,CANCELLED
CUST-DUP-4437,2026-08-19,1391.41,COMPLETED
CUST-DUP-4438,2026-08-19,139.18,COMPLETED
CUST-DUP-4439,2026-08-19,1032.0,COMPLETED
CUST-DUP-4440,2026-08-19,474.37,COMPLETED
CUST-DUP-4441,2026-08-19,1297.28,PENDING
CUST-DUP-4442,2026-08-19,606.25,CANCELLED
CUST-DUP-4443,2026-08-19,893.07,COMPLETED
CUST-DUP-4444,2026-08-19,307.65,PENDING
CUST-DUP-4445,2026-08-19,1317.05,PENDING
CUST-DUP-4446,2026-08-19,517.87,PENDING
CUST-DUP-4447,2026-08-19,543.01,CANCELLED
CUST-DUP-4448,2026-08-19,383.04,CANCELLED
CUST-DUP-4449,2026-08-19,340.15,COMPLETED
CUST-DUP-4450,2026-08-19,1382.43,COMPLETED
CUST-DUP-4451,2026-08-19,628.04,COMPLETED
CUST-DUP-4452,2026-08-19,410.62,PENDING
CUST-DUP-4453,2026-08-19,271.2,PENDING
CUST-DUP-4454,2026-08-19,1352.96,CANCELLED
CUST-DUP-4455,2026-08-19,341.63,PENDING
CUST-DUP-4456,2026-08-19,1061.87,COMPLETED
CUST-DUP-4457,2026-08-20,952.1,PENDING
CUST-DUP-4458,2026-08-20,716.56,CANCELLED
CUST-DUP-4459,2026-08-20,1282.79,COMPLETED
CUST-DUP-4460,2026-08-20,1310.44,PENDING
CUST-DUP-4461,2026-08-20,663.68,CANCELLED
CUST-DUP-4462,2026-08-20,809.3,COMPLETED
CUST-DUP-4463,2026-08-20,1476.73,COMPLETED
CUST-DUP-4464,2026-08-20,1470.58,CANCELLED
CUST-DUP-4465,2026-08-20,586.7,COMPLETED
CUST-DUP-4466,2026-08-20,441.51,PENDING
CUST-DUP-4467,2026-08-20,765.09,CANCELLED
CUST-DUP-4468,2026-08-20,1440.19,CANCELLED
CUST-DUP-4469,2026-08-20,802.39,CANCELLED
CUST-DUP-4470,2026-08-20,299.02,COMPLETED
CUST-DUP-4471,2026-08-20,1261.91,CANCELLED
CUST-DUP-4472,2026-08-20,775.31,PENDING
CUST-DUP-4473,2026-08-20,1071.28,COMPLETED
CUST-DUP-4474,2026-08-20,1060.6,COMPLETED
CUST-DUP-4475,2026-08-20,818.83,PENDING
CUST-DUP-4476,2026-08-20,1379.53,PENDING
CUST-DUP-4477,2026-08-20,1248.47,PENDING
CUST-DUP-4478,2026-08-20,1328.24,COMPLETED
CUST-DUP-4479,2026-08-20,1383.94,COMPLETED
CUST-DUP-4480,2026-08-20,1174.07,CANCELLED
CUST-DUP-4481,2026-08-21,609.36,PENDING
CUST-DUP-4482,2026-08-21,131.01,CANCELLED
CUST-DUP-4483,2026-08-21,762.7,COMPLETED
CUST-DUP-4484,2026-08-21,443.64,PENDING
CUST-DUP-4485,2026-08-21,996.58,CANCELLED
CUST-DUP-4486,2026-08-21,1235.63,PENDING
CUST-DUP-4487,2026-08-21,559.17,CANCELLED
CUST-DUP-4488,2026-08-21,535.36,PENDING
CUST-DUP-4489,2026-08-21,481.78,PENDING
CUST-DUP-4490,2026-08-21,766.02,CANCELLED
CUST-DUP-4491,2026-08-21,914.74,PENDING
CUST-DUP-4492,2026-08-21,664.91,PENDING
CUST-DUP-4493,2026-08-21,1144.66,COMPLETED
CUST-DUP-4494,2026-08-21,1099.2,CANCELLED
CUST-DUP-4495,2026-08-21,400.18,PENDING
CUST-DUP-4496,2026-08-21,1326.17,COMPLETED
CUST-DUP-4497,2026-08-21,233.6,PENDING
CUST-DUP-4498,2026-08-21,486.94,CANCELLED
CUST-DUP-4499,2026-08-21,139.11,PENDING
CUST-DUP-4500,2026-08-21,1432.49,CANCELLED
CUST-DUP-0001,2026-08-01,197.62,PENDING
CUST-DUP-0002,2026-08-01,778.4,PENDING
CUST-DUP-0003,2026-08-01,1499.72,PENDING
CUST-DUP-0004,2026-08-01,450.49,COMPLETED
CUST-DUP-0005,2026-08-01,1270.7,CANCELLED
CUST-DUP-0006,2026-08-01,1387.61,COMPLETED
CUST-DUP-0007,2026-08-01,1179.22,CANCELLED
CUST-DUP-0008,2026-08-01,987.7,COMPLETED
CUST-DUP-0009,2026-08-01,519.75,CANCELLED
CUST-DUP-0010,2026-08-01,650.6,PENDING
CUST-DUP-0011,2026-08-01,1482.6,PENDING
CUST-DUP-0012,2026-08-01,841.45,PENDING
CUST-DUP-0013,2026-08-01,184.26,CANCELLED
CUST-DUP-0014,2026-08-01,1111.44,CANCELLED
CUST-DUP-0015,2026-08-01,224.42,PENDING
CUST-DUP-0016,2026-08-01,336.33,CANCELLED
CUST-DUP-0017,2026-08-01,780.08,PENDING
CUST-DUP-0018,2026-08-01,442.85,CANCELLED
CUST-DUP-0019,2026-08-01,229.37,COMPLETED
CUST-DUP-0020,2026-08-01,885.63,COMPLETED
CUST-DUP-0021,2026-08-01,1346.78,CANCELLED
CUST-DUP-0022,2026-08-01,782.28,PENDING
CUST-DUP-0023,2026-08-01,853.56,COMPLETED
CUST-DUP-0024,2026-08-01,1475.04,COMPLETED
CUST-DUP-0025,2026-08-02,711.82,PENDING
CUST-DUP-0026,2026-08-02,707.25,CANCELLED
CUST-DUP-0027,2026-08-02,1164.65,COMPLETED
CUST-DUP-0028,2026-08-02,771.2,CANCELLED
CUST-DUP-0029,2026-08-02,157.2,PENDING
CUST-DUP-0030,2026-08-02,762.97,PENDING
CUST-DUP-0031,2026-08-02,1255.36,PENDING
CUST-DUP-0032,2026-08-02,580.42,COMPLETED
CUST-DUP-0033,2026-08-02,104.51,COMPLETED
CUST-DUP-0034,2026-08-02,576.83,PENDING
CUST-DUP-0035,2026-08-02,996.16,COMPLETED
CUST-DUP-0036,2026-08-02,1048.15,PENDING
CUST-DUP-0037,2026-08-02,328.16,COMPLETED
CUST-DUP-0038,2026-08-02,1347.58,COMPLETED
CUST-DUP-0039,2026-08-02,1428.79,COMPLETED
CUST-DUP-0040,2026-08-02,342.05,CANCELLED
CUST-DUP-0041,2026-08-02,317.02,COMPLETED
CUST-DUP-0042,2026-08-02,883.65,CANCELLED
CUST-DUP-0043,2026-08-02,742.61,PENDING
CUST-DUP-0044,2026-08-02,1365.1,COMPLETED
CUST-DUP-0045,2026-08-02,415.89,COMPLETED
CUST-DUP-0046,2026-08-02,516.46,CANCELLED
CUST-DUP-0047,2026-08-02,408.33,CANCELLED
CUST-DUP-0048,2026-08-02,383.3,COMPLETED
CUST-DUP-0049,2026-08-03,474.99,CANCELLED
CUST-DUP-0050,2026-08-03,1030.24,CANCELLED
CUST-DUP-0051,2026-08-03,198.54,PENDING
CUST-DUP-0052,2026-08-03,776.71,COMPLETED
CUST-DUP-0053,2026-08-03,533.84,CANCELLED
CUST-DUP-0054,2026-08-03,1461.29,COMPLETED
CUST-DUP-0055,2026-08-03,721.71,COMPLETED
CUST-DUP-0056,2026-08-03,552.83,CANCELLED
CUST-DUP-0057,2026-08-03,792.01,PENDING
CUST-DUP-0058,2026-08-03,312.77,COMPLETED
CUST-DUP-0059,2026-08-03,559.8,CANCELLED
CUST-DUP-0060,2026-08-03,813.52,CANCELLED
CUST-DUP-0061,2026-08-03,1174.05,PENDING
CUST-DUP-0062,2026-08-03,940.6,COMPLETED
CUST-DUP-0063,2026-08-03,275.34,CANCELLED
CUST-DUP-0064,2026-08-03,1491.21,CANCELLED
CUST-DUP-0065,2026-08-03,697.27,PENDING
CUST-DUP-0066,2026-08-03,481.24,PENDING
CUST-DUP-0067,2026-08-03,238.66,CANCELLED
CUST-DUP-0068,2026-08-03,526.45,COMPLETED
CUST-DUP-0069,2026-08-03,1446.71,CANCELLED
CUST-DUP-0070,2026-08-03,246.8,PENDING
CUST-DUP-0071,2026-08-03,1199.14,COMPLETED
CUST-DUP-0072,2026-08-03,1432.89,COMPLETED
CUST-DUP-0073,2026-08-04,862.01,CANCELLED
CUST-DUP-0074,2026-08-04,1087.96,CANCELLED
CUST-DUP-0075,2026-08-04,1322.19,CANCELLED
CUST-DUP-0076,2026-08-04,172.98,CANCELLED
CUST-DUP-0077,2026-08-04,1333.94,PENDING
CUST-DUP-0078,2026-08-04,570.61,PENDING
CUST-DUP-0079,2026-08-04,950.66,PENDING
CUST-DUP-0080,2026-08-04,1376.51,COMPLETED
CUST-DUP-0081,2026-08-04,662.94,PENDING
CUST-DUP-0082,2026-08-04,1054.01,COMPLETED
CUST-DUP-0083,2026-08-04,1491.74,COMPLETED
CUST-DUP-0084,2026-08-04,523.3,CANCELLED
CUST-DUP-0085,2026-08-04,692.95,CANCELLED
CUST-DUP-0086,2026-08-04,132.04,COMPLETED
CUST-DUP-0087,2026-08-04,793.4,PENDING
CUST-DUP-0088,2026-08-04,1369.49,PENDING
CUST-DUP-0089,2026-08-04,619.72,CANCELLED
CUST-DUP-0090,2026-08-04,446.82,COMPLETED
CUST-DUP-0091,2026-08-04,1245.75,PENDING
CUST-DUP-0092,2026-08-04,134.79,CANCELLED
CUST-DUP-0093,2026-08-04,1100.14,CANCELLED
CUST-DUP-0094,2026-08-04,1109.38,COMPLETED
CUST-DUP-0095,2026-08-04,663.48,CANCELLED
CUST-DUP-0096,2026-08-04,341.89,COMPLETED
CUST-DUP-0097,2026-08-05,1212.87,CANCELLED
CUST-DUP-0098,2026-08-05,368.39,CANCELLED
CUST-DUP-0099,2026-08-05,703.31,COMPLETED
CUST-DUP-0100,2026-08-05,137.98,COMPLETED
CUST-DUP-0101,2026-08-05,891.33,COMPLETED
CUST-DUP-0102,2026-08-05,1404.69,COMPLETED
CUST-DUP-0103,2026-08-05,526.49,CANCELLED
CUST-DUP-0104,2026-08-05,620.92,COMPLETED
CUST-DUP-0105,2026-08-05,1135.21,COMPLETED
CUST-DUP-0106,2026-08-05,1238.86,COMPLETED
CUST-DUP-0107,2026-08-05,500.16,COMPLETED
CUST-DUP-0108,2026-08-05,433.16,CANCELLED
CUST-DUP-0109,2026-08-05,661.17,PENDING
CUST-DUP-0110,2026-08-05,1145.86,CANCELLED
CUST-DUP-0111,2026-08-05,457.39,COMPLETED
CUST-DUP-0112,2026-08-05,1160.61,COMPLETED
CUST-DUP-0113,2026-08-05,796.1,PENDING
CUST-DUP-0114,2026-08-05,382.54,PENDING
CUST-DUP-0115,2026-08-05,757.74,CANCELLED
CUST-DUP-0116,2026-08-05,419.24,COMPLETED
CUST-DUP-0117,2026-08-05,183.46,PENDING
CUST-DUP-0118,2026-08-05,908.9,CANCELLED
CUST-DUP-0119,2026-08-05,1366.21,COMPLETED
CUST-DUP-0120,2026-08-05,678.86,PENDING
CUST-DUP-0121,2026-08-06,447.89,CANCELLED
CUST-DUP-0122,2026-08-06,1228.73,COMPLETED
CUST-DUP-0123,2026-08-06,889.55,PENDING
CUST-DUP-0124,2026-08-06,507.32,COMPLETED
CUST-DUP-0125,2026-08-06,1089.98,COMPLETED
CUST-DUP-0126,2026-08-06,131.0,PENDING
CUST-DUP-0127,2026-08-06,1054.74,CANCELLED
CUST-DUP-0128,2026-08-06,839.43,CANCELLED
CUST-DUP-0129,2026-08-06,318.51,PENDING
CUST-DUP-0130,2026-08-06,1415.43,CANCELLED
CUST-DUP-0131,2026-08-06,912.56,COMPLETED
CUST-DUP-0132,2026-08-06,387.28,COMPLETED
CUST-DUP-0133,2026-08-06,973.47,COMPLETED
CUST-DUP-0134,2026-08-06,506.75,CANCELLED
CUST-DUP-0135,2026-08-06,1331.54,PENDING
CUST-DUP-0136,2026-08-06,353.89,COMPLETED
CUST-DUP-0137,2026-08-06,749.01,PENDING
CUST-DUP-0138,2026-08-06,1134.16,COMPLETED
CUST-DUP-0139,2026-08-06,133.35,CANCELLED
CUST-DUP-0140,2026-08-06,106.75,CANCELLED
CUST-DUP-0141,2026-08-06,413.64,COMPLETED
CUST-DUP-0142,2026-08-06,274.54,PENDING
CUST-DUP-0143,2026-08-06,369.41,PENDING
CUST-DUP-0144,2026-08-06,1262.4,COMPLETED
CUST-DUP-0145,2026-08-07,611.36,PENDING
CUST-DUP-0146,2026-08-07,196.07,CANCELLED
CUST-DUP-0147,2026-08-07,462.46,COMPLETED
CUST-DUP-0148,2026-08-07,1318.51,COMPLETED
CUST-DUP-0149,2026-08-07,1427.03,PENDING
CUST-DUP-0150,2026-08-07,962.77,COMPLETED
CUST-DUP-0151,2026-08-07,943.62,CANCELLED
CUST-DUP-0152,2026-08-07,1463.54,COMPLETED
CUST-DUP-0153,2026-08-07,1328.34,COMPLETED
CUST-DUP-0154,2026-08-07,442.11,COMPLETED
CUST-DUP-0155,2026-08-07,596.21,PENDING
CUST-DUP-0156,2026-08-07,112.7,CANCELLED
CUST-DUP-0157,2026-08-07,418.8,COMPLETED
CUST-DUP-0158,2026-08-07,1046.45,CANCELLED
CUST-DUP-0159,2026-08-07,467.4,PENDING
CUST-DUP-0160,2026-08-07,1443.98,PENDING
CUST-DUP-0161,2026-08-07,565.15,PENDING
CUST-DUP-0162,2026-08-07,1330.95,PENDING
CUST-DUP-0163,2026-08-07,1098.62,PENDING
CUST-DUP-0164,2026-08-07,127.81,PENDING
CUST-DUP-0165,2026-08-07,666.94,COMPLETED
CUST-DUP-0166,2026-08-07,564.75,PENDING
CUST-DUP-0167,2026-08-07,1151.9,CANCELLED
CUST-DUP-0168,2026-08-07,730.45,CANCELLED
CUST-DUP-0169,2026-08-08,421.67,CANCELLED
CUST-DUP-0170,2026-08-08,556.04,PENDING
CUST-DUP-0171,2026-08-08,1290.86,COMPLETED
CUST-DUP-0172,2026-08-08,129.72,CANCELLED
CUST-DUP-0173,2026-08-08,1180.14,COMPLETED
CUST-DUP-0174,2026-08-08,929.43,CANCELLED
CUST-DUP-0175,2026-08-08,115.36,PENDING
CUST-DUP-0176,2026-08-08,498.05,CANCELLED
CUST-DUP-0177,2026-08-08,740.75,CANCELLED
CUST-DUP-0178,2026-08-08,1186.46,CANCELLED
CUST-DUP-0179,2026-08-08,599.24,CANCELLED
CUST-DUP-0180,2026-08-08,454.79,PENDING
CUST-DUP-0181,2026-08-08,323.04,CANCELLED
CUST-DUP-0182,2026-08-08,558.98,COMPLETED
CUST-DUP-0183,2026-08-08,924.72,PENDING
CUST-DUP-0184,2026-08-08,818.6,CANCELLED
CUST-DUP-0185,2026-08-08,127.46,PENDING
CUST-DUP-0186,2026-08-08,1024.69,CANCELLED
CUST-DUP-0187,2026-08-08,852.59,CANCELLED
CUST-DUP-0188,2026-08-08,431.58,PENDING
CUST-DUP-0189,2026-08-08,530.28,COMPLETED
CUST-DUP-0190,2026-08-08,675.47,COMPLETED
CUST-DUP-0191,2026-08-08,1252.13,PENDING
CUST-DUP-0192,2026-08-08,1356.45,CANCELLED
CUST-DUP-0193,2026-08-09,723.03,CANCELLED
CUST-DUP-0194,2026-08-09,1217.1,PENDING
CUST-DUP-0195,2026-08-09,1001.4,PENDING
CUST-DUP-0196,2026-08-09,765.97,PENDING
CUST-DUP-0197,2026-08-09,1216.32,CANCELLED
CUST-DUP-0198,2026-08-09,512.29,CANCELLED
CUST-DUP-0199,2026-08-09,696.51,COMPLETED
CUST-DUP-0200,2026-08-09,120.33,COMPLETED
CUST-DUP-0201,2026-08-09,1310.45,CANCELLED
CUST-DUP-0202,2026-08-09,689.8,CANCELLED
CUST-DUP-0203,2026-08-09,435.61,CANCELLED
CUST-DUP-0204,2026-08-09,1465.99,CANCELLED
CUST-DUP-0205,2026-08-09,1036.71,COMPLETED
CUST-DUP-0206,2026-08-09,998.85,CANCELLED
CUST-DUP-0207,2026-08-09,896.78,COMPLETED
CUST-DUP-0208,2026-08-09,865.95,CANCELLED
CUST-DUP-0209,2026-08-09,413.48,COMPLETED
CUST-DUP-0210,2026-08-09,1407.38,CANCELLED
CUST-DUP-0211,2026-08-09,853.13,CANCELLED
CUST-DUP-0212,2026-08-09,142.47,PENDING
CUST-DUP-0213,2026-08-09,168.19,PENDING
CUST-DUP-0214,2026-08-09,1419.03,COMPLETED
CUST-DUP-0215,2026-08-09,1315.48,COMPLETED
CUST-DUP-0216,2026-08-09,202.4,PENDING
CUST-DUP-0217,2026-08-10,1273.07,CANCELLED
CUST-DUP-0218,2026-08-10,969.32,COMPLETED
CUST-DUP-0219,2026-08-10,758.28,COMPLETED
CUST-DUP-0220,2026-08-10,406.7,PENDING
CUST-DUP-0221,2026-08-10,1131.42,CANCELLED
CUST-DUP-0222,2026-08-10,372.69,COMPLETED
CUST-DUP-0223,2026-08-10,1205.75,PENDING
CUST-DUP-0224,2026-08-10,487.52,COMPLETED
CUST-DUP-0225,2026-08-10,179.59,PENDING
CUST-DUP-0226,2026-08-10,308.94,PENDING
CUST-DUP-0227,2026-08-10,927.81,PENDING
CUST-DUP-0228,2026-08-10,190.06,CANCELLED
CUST-DUP-0229,2026-08-10,527.97,COMPLETED
CUST-DUP-0230,2026-08-10,485.46,PENDING
CUST-DUP-0231,2026-08-10,1129.63,CANCELLED
CUST-DUP-0232,2026-08-10,780.21,COMPLETED
CUST-DUP-0233,2026-08-10,1044.52,CANCELLED
CUST-DUP-0234,2026-08-10,1058.08,PENDING
CUST-DUP-0235,2026-08-10,112.71,PENDING
CUST-DUP-0236,2026-08-10,869.79,COMPLETED
CUST-DUP-0237,2026-08-10,1063.7,COMPLETED
CUST-DUP-0238,2026-08-10,1145.49,PENDING
CUST-DUP-0239,2026-08-10,1120.89,PENDING
CUST-DUP-0240,2026-08-10,1453.17,COMPLETED
CUST-DUP-0241,2026-08-11,1495.67,CANCELLED
CUST-DUP-0242,2026-08-11,1087.32,COMPLETED
CUST-DUP-0243,2026-08-11,102.1,PENDING
CUST-DUP-0244,2026-08-11,1373.53,CANCELLED
CUST-DUP-0245,2026-08-11,1054.6,PENDING
CUST-DUP-0246,2026-08-11,1447.22,CANCELLED
CUST-DUP-0247,2026-08-11,703.98,PENDING
CUST-DUP-0248,2026-08-11,1042.17,PENDING
CUST-DUP-0249,2026-08-11,1222.74,CANCELLED
CUST-DUP-0250,2026-08-11,1159.76,COMPLETED
CUST-DUP-0251,2026-08-11,293.45,CANCELLED
CUST-DUP-0252,2026-08-11,1052.03,COMPLETED
CUST-DUP-0253,2026-08-11,796.57,COMPLETED
CUST-DUP-0254,2026-08-11,1438.63,PENDING
CUST-DUP-0255,2026-08-11,1277.37,CANCELLED
CUST-DUP-0256,2026-08-11,853.08,CANCELLED
CUST-DUP-0257,2026-08-11,338.17,PENDING
CUST-DUP-0258,2026-08-11,1290.56,COMPLETED
CUST-DUP-0259,2026-08-11,1000.35,PENDING
CUST-DUP-0260,2026-08-11,1220.16,PENDING
CUST-DUP-0261,2026-08-11,223.03,PENDING
CUST-DUP-0262,2026-08-11,375.48,COMPLETED
CUST-DUP-0263,2026-08-11,897.35,COMPLETED
CUST-DUP-0264,2026-08-11,536.14,CANCELLED
CUST-DUP-0265,2026-08-12,1029.36,COMPLETED
CUST-DUP-0266,2026-08-12,1477.78,CANCELLED
CUST-DUP-0267,2026-08-12,446.44,COMPLETED
CUST-DUP-0268,2026-08-12,442.64,PENDING
CUST-DUP-0269,2026-08-12,150.0,COMPLETED
CUST-DUP-0270,2026-08-12,510.54,PENDING
CUST-DUP-0271,2026-08-12,1087.25,COMPLETED
CUST-DUP-0272,2026-08-12,526.53,PENDING
CUST-DUP-0273,2026-08-12,1206.27,COMPLETED
CUST-DUP-0274,2026-08-12,885.28,COMPLETED
CUST-DUP-0275,2026-08-12,307.59,COMPLETED
CUST-DUP-0276,2026-08-12,1378.86,CANCELLED
CUST-DUP-0277,2026-08-12,971.0,PENDING
CUST-DUP-0278,2026-08-12,276.37,CANCELLED
CUST-DUP-0279,2026-08-12,1371.07,PENDING
CUST-DUP-0280,2026-08-12,1337.19,PENDING
CUST-DUP-0281,2026-08-12,1161.64,PENDING
CUST-DUP-0282,2026-08-12,792.44,CANCELLED
CUST-DUP-0283,2026-08-12,355.6,CANCELLED
CUST-DUP-0284,2026-08-12,1359.35,CANCELLED
CUST-DUP-0285,2026-08-12,1060.13,PENDING
CUST-DUP-0286,2026-08-12,356.59,CANCELLED
CUST-DUP-0287,2026-08-12,145.5,COMPLETED
CUST-DUP-0288,2026-08-12,237.16,CANCELLED
CUST-DUP-0289,2026-08-13,1403.07,PENDING
CUST-DUP-0290,2026-08-13,689.4,COMPLETED
CUST-DUP-0291,2026-08-13,1386.04,CANCELLED
CUST-DUP-0292,2026-08-13,102.19,PENDING
CUST-DUP-0293,2026-08-13,1397.35,COMPLETED
CUST-DUP-0294,2026-08-13,241.63,COMPLETED
CUST-DUP-0295,2026-08-13,276.11,CANCELLED
CUST-DUP-0296,2026-08-13,415.69,CANCELLED
CUST-DUP-0297,2026-08-13,167.74,CANCELLED
CUST-DUP-0298,2026-08-13,238.95,PENDING
CUST-DUP-0299,2026-08-13,457.25,PENDING
CUST-DUP-0300,2026-08-13,323.29,COMPLETED
CUST-DUP-0301,2026-08-13,253.76,COMPLETED
CUST-DUP-0302,2026-08-13,672.64,COMPLETED
CUST-DUP-0303,2026-08-13,314.86,PENDING
CUST-DUP-0304,2026-08-13,603.42,COMPLETED
CUST-DUP-0305,2026-08-13,475.47,COMPLETED
CUST-DUP-0306,2026-08-13,1184.6,CANCELLED
CUST-DUP-0307,2026-08-13,1190.18,COMPLETED
CUST-DUP-0308,2026-08-13,817.32,PENDING
CUST-DUP-0309,2026-08-13,218.29,COMPLETED
CUST-DUP-0310,2026-08-13,1140.29,COMPLETED
CUST-DUP-0311,2026-08-13,644.35,CANCELLED
CUST-DUP-0312,2026-08-13,857.54,COMPLETED
CUST-DUP-0313,2026-08-14,313.14,PENDING
CUST-DUP-0314,2026-08-14,889.73,CANCELLED
CUST-DUP-0315,2026-08-14,833.02,CANCELLED
CUST-DUP-0316,2026-08-14,642.86,COMPLETED
CUST-DUP-0317,2026-08-14,939.53,COMPLETED
CUST-DUP-0318,2026-08-14,1032.07,COMPLETED
CUST-DUP-0319,2026-08-14,1480.47,CANCELLED
CUST-DUP-0320,2026-08-14,1297.32,PENDING
CUST-DUP-0321,2026-08-14,116.42,COMPLETED
CUST-DUP-0322,2026-08-14,1211.2,PENDING
CUST-DUP-0323,2026-08-14,656.78,COMPLETED
CUST-DUP-0324,2026-08-14,392.66,COMPLETED
CUST-DUP-0325,2026-08-14,545.46,CANCELLED
CUST-DUP-0326,2026-08-14,1351.53,COMPLETED
CUST-DUP-0327,2026-08-14,1056.79,PENDING
CUST-DUP-0328,2026-08-14,968.17,COMPLETED
CUST-DUP-0329,2026-08-14,371.91,CANCELLED
CUST-DUP-0330,2026-08-14,145.35,CANCELLED
CUST-DUP-0331,2026-08-14,746.63,PENDING
CUST-DUP-0332,2026-08-14,945.8,PENDING
CUST-DUP-0333,2026-08-14,1007.42,CANCELLED
CUST-DUP-0334,2026-08-14,540.96,COMPLETED
CUST-DUP-0335,2026-08-14,971.45,PENDING
CUST-DUP-0336,2026-08-14,355.4,CANCELLED
CUST-DUP-0337,2026-08-15,486.18,PENDING
CUST-DUP-0338,2026-08-15,908.68,PENDING
CUST-DUP-0339,2026-08-15,1059.23,CANCELLED
CUST-DUP-0340,2026-08-15,1221.89,COMPLETED
CUST-DUP-0341,2026-08-15,657.54,CANCELLED
CUST-DUP-0342,2026-08-15,568.93,COMPLETED
CUST-DUP-0343,2026-08-15,809.34,PENDING
CUST-DUP-0344,2026-08-15,1098.17,PENDING
CUST-DUP-0345,2026-08-15,769.6,COMPLETED
CUST-DUP-0346,2026-08-15,1230.21,COMPLETED
CUST-DUP-0347,2026-08-15,333.11,CANCELLED
CUST-DUP-0348,2026-08-15,1073.29,PENDING
CUST-DUP-0349,2026-08-15,1272.97,COMPLETED
CUST-DUP-0350,2026-08-15,1409.16,PENDING
CUST-DUP-0351,2026-08-15,455.4,PENDING
CUST-DUP-0352,2026-08-15,563.05,COMPLETED
CUST-DUP-0353,2026-08-15,1252.35,CANCELLED
CUST-DUP-0354,2026-08-15,1226.49,COMPLETED
CUST-DUP-0355,2026-08-15,1365.05,CANCELLED
CUST-DUP-0356,2026-08-15,893.61,CANCELLED
CUST-DUP-0357,2026-08-15,1054.06,CANCELLED
CUST-DUP-0358,2026-08-15,1101.76,PENDING
CUST-DUP-0359,2026-08-15,1270.45,COMPLETED
CUST-DUP-0360,2026-08-15,630.19,CANCELLED
CUST-DUP-0361,2026-08-16,424.62,PENDING
CUST-DUP-0362,2026-08-16,1120.7,COMPLETED
CUST-DUP-0363,2026-08-16,1446.46,CANCELLED
CUST-DUP-0364,2026-08-16,518.26,COMPLETED
CUST-DUP-0365,2026-08-16,1048.35,PENDING
CUST-DUP-0366,2026-08-16,432.46,COMPLETED
CUST-DUP-0367,2026-08-16,1175.78,CANCELLED
CUST-DUP-0368,2026-08-16,787.48,CANCELLED
CUST-DUP-0369,2026-08-16,130.82,COMPLETED
CUST-DUP-0370,2026-08-16,716.29,PENDING
CUST-DUP-0371,2026-08-16,622.78,PENDING
CUST-DUP-0372,2026-08-16,997.91,PENDING
CUST-DUP-0373,2026-08-16,908.05,COMPLETED
CUST-DUP-0374,2026-08-16,1354.65,PENDING
CUST-DUP-0375,2026-08-16,656.5,CANCELLED
CUST-DUP-0376,2026-08-16,430.28,PENDING
CUST-DUP-0377,2026-08-16,1060.55,PENDING
CUST-DUP-0378,2026-08-16,301.67,CANCELLED
CUST-DUP-0379,2026-08-16,1469.81,COMPLETED
CUST-DUP-0380,2026-08-16,440.98,CANCELLED
CUST-DUP-0381,2026-08-16,618.25,CANCELLED
CUST-DUP-0382,2026-08-16,815.95,CANCELLED
CUST-DUP-0383,2026-08-16,1223.32,CANCELLED
CUST-DUP-0384,2026-08-16,1228.03,PENDING
CUST-DUP-0385,2026-08-17,491.33,COMPLETED
CUST-DUP-0386,2026-08-17,245.47,PENDING
CUST-DUP-0387,2026-08-17,1200.66,COMPLETED
CUST-DUP-0388,2026-08-17,1457.14,CANCELLED
CUST-DUP-0389,2026-08-17,642.13,PENDING
CUST-DUP-0390,2026-08-17,1341.41,COMPLETED
CUST-DUP-0391,2026-08-17,868.9,PENDING
CUST-DUP-0392,2026-08-17,302.88,CANCELLED
CUST-DUP-0393,2026-08-17,344.73,PENDING
CUST-DUP-0394,2026-08-17,1266.01,CANCELLED
CUST-DUP-0395,2026-08-17,1206.67,CANCELLED
CUST-DUP-0396,2026-08-17,549.51,CANCELLED
CUST-DUP-0397,2026-08-17,978.41,COMPLETED
CUST-DUP-0398,2026-08-17,255.76,CANCELLED
CUST-DUP-0399,2026-08-17,1355.65,CANCELLED
CUST-DUP-0400,2026-08-17,270.33,PENDING
CUST-DUP-0401,2026-08-17,637.06,PENDING
CUST-DUP-0402,2026-08-17,1172.29,CANCELLED
CUST-DUP-0403,2026-08-17,760.38,PENDING
CUST-DUP-0404,2026-08-17,446.06,COMPLETED
CUST-DUP-0405,2026-08-17,860.42,COMPLETED
CUST-DUP-0406,2026-08-17,155.42,COMPLETED
CUST-DUP-0407,2026-08-17,382.82,CANCELLED
CUST-DUP-0408,2026-08-17,1064.16,CANCELLED
CUST-DUP-0409,2026-08-18,1215.86,COMPLETED
CUST-DUP-0410,2026-08-18,254.89,PENDING
CUST-DUP-0411,2026-08-18,1252.35,CANCELLED
CUST-DUP-0412,2026-08-18,623.79,PENDING
CUST-DUP-0413,2026-08-18,116.95,PENDING
CUST-DUP-0414,2026-08-18,1040.07,COMPLETED
CUST-DUP-0415,2026-08-18,888.03,PENDING
CUST-DUP-0416,2026-08-18,697.37,PENDING
CUST-DUP-0417,2026-08-18,945.79,COMPLETED
CUST-DUP-0418,2026-08-18,1153.49,CANCELLED
CUST-DUP-0419,2026-08-18,625.69,PENDING
CUST-DUP-0420,2026-08-18,131.41,PENDING
CUST-DUP-0421,2026-08-18,906.67,CANCELLED
CUST-DUP-0422,2026-08-18,1037.09,PENDING
CUST-DUP-0423,2026-08-18,746.5,CANCELLED
CUST-DUP-0424,2026-08-18,1124.3,PENDING
CUST-DUP-0425,2026-08-18,1475.15,PENDING
CUST-DUP-0426,2026-08-18,426.8,CANCELLED
CUST-DUP-0427,2026-08-18,1015.84,CANCELLED
CUST-DUP-0428,2026-08-18,214.29,COMPLETED
CUST-DUP-0429,2026-08-18,1299.73,CANCELLED
CUST-DUP-0430,2026-08-18,456.58,PENDING
CUST-DUP-0431,2026-08-18,1015.68,PENDING
CUST-DUP-0432,2026-08-18,573.99,CANCELLED
CUST-DUP-0433,2026-08-19,1428.69,CANCELLED
CUST-DUP-0434,2026-08-19,730.9,PENDING
CUST-DUP-0435,2026-08-19,522.36,PENDING
CUST-DUP-0436,2026-08-19,432.56,COMPLETED
CUST-DUP-0437,2026-08-19,1437.09,COMPLETED
CUST-DUP-0438,2026-08-19,620.9,CANCELLED
CUST-DUP-0439,2026-08-19,1137.53,PENDING
CUST-DUP-0440,2026-08-19,561.07,CANCELLED
CUST-DUP-0441,2026-08-19,1174.5,CANCELLED
CUST-DUP-0442,2026-08-19,1467.31,CANCELLED
CUST-DUP-0443,2026-08-19,745.35,CANCELLED
CUST-DUP-0444,2026-08-19,1102.52,CANCELLED
CUST-DUP-0445,2026-08-19,401.49,COMPLETED
CUST-DUP-0446,2026-08-19,992.04,CANCELLED
CUST-DUP-0447,2026-08-19,1416.17,PENDING
CUST-DUP-0448,2026-08-19,862.17,COMPLETED
CUST-DUP-0449,2026-08-19,1278.01,CANCELLED
CUST-DUP-0450,2026-08-19,194.59,CANCELLED
CUST-DUP-0451,2026-08-19,1087.29,CANCELLED
CUST-DUP-0452,2026-08-19,1432.52,PENDING
CUST-DUP-0453,2026-08-19,284.7,PENDING
CUST-DUP-0454,2026-08-19,1075.26,COMPLETED
CUST-DUP-0455,2026-08-19,903.49,PENDING
CUST-DUP-0456,2026-08-19,617.6,COMPLETED
CUST-DUP-0457,2026-08-20,760.93,CANCELLED
CUST-DUP-0458,2026-08-20,995.73,CANCELLED
CUST-DUP-0459,2026-08-20,917.75,PENDING
CUST-DUP-0460,2026-08-20,1196.13,COMPLETED
CUST-DUP-0461,2026-08-20,607.1,COMPLETED
CUST-DUP-0462,2026-08-20,484.44,COMPLETED
CUST-DUP-0463,2026-08-20,190.03,CANCELLED
CUST-DUP-0464,2026-08-20,1257.88,PENDING
CUST-DUP-0465,2026-08-20,986.06,CANCELLED
CUST-DUP-0466,2026-08-20,767.53,COMPLETED
CUST-DUP-0467,2026-08-20,1190.88,CANCELLED
CUST-DUP-0468,2026-08-20,995.29,COMPLETED
CUST-DUP-0469,2026-08-20,1042.05,PENDING
CUST-DUP-0470,2026-08-20,743.47,COMPLETED
CUST-DUP-0471,2026-08-20,134.17,COMPLETED
CUST-DUP-0472,2026-08-20,580.63,PENDING
CUST-DUP-0473,2026-08-20,1058.26,PENDING
CUST-DUP-0474,2026-08-20,1256.96,PENDING
CUST-DUP-0475,2026-08-20,1402.38,COMPLETED
CUST-DUP-0476,2026-08-20,1142.69,PENDING
CUST-DUP-0477,2026-08-20,129.28,COMPLETED
CUST-DUP-0478,2026-08-20,1215.35,CANCELLED
CUST-DUP-0479,2026-08-20,525.09,COMPLETED
CUST-DUP-0480,2026-08-20,481.43,CANCELLED
CUST-DUP-0481,2026-08-21,1356.79,COMPLETED
CUST-DUP-0482,2026-08-21,501.5,COMPLETED
CUST-DUP-0483,2026-08-21,143.89,COMPLETED
CUST-DUP-0484,2026-08-21,829.61,COMPLETED
CUST-DUP-0485,2026-08-21,508.14,PENDING
CUST-DUP-0486,2026-08-21,610.51,CANCELLED
CUST-DUP-0487,2026-08-21,1314.85,CANCELLED
CUST-DUP-0488,2026-08-21,832.18,COMPLETED
CUST-DUP-0489,2026-08-21,1045.24,CANCELLED
CUST-DUP-0490,2026-08-21,310.03,CANCELLED
CUST-DUP-0491,2026-08-21,920.0,COMPLETED
CUST-DUP-0492,2026-08-21,399.62,CANCELLED
CUST-DUP-0493,2026-08-21,875.87,PENDING
CUST-DUP-0494,2026-08-21,892.61,COMPLETED
CUST-DUP-0495,2026-08-21,1239.78,COMPLETED
CUST-DUP-0496,2026-08-21,778.96,CANCELLED
CUST-DUP-0497,2026-08-21,787.1,PENDING
CUST-DUP-0498,2026-08-21,660.95,PENDING
CUST-DUP-0499,2026-08-21,779.35,CANCELLED
CUST-DUP-0500,2026-08-21,733.43,CANCELLED
CUST-DUP-0501,2026-08-01,1270.12,CANCELLED
CUST-DUP-0502,2026-08-01,907.51,CANCELLED
CUST-DUP-0503,2026-08-01,992.49,COMPLETED
CUST-DUP-0504,2026-08-01,942.09,PENDING
CUST-DUP-0505,2026-08-01,358.38,CANCELLED
CUST-DUP-0506,2026-08-01,988.5,CANCELLED
CUST-DUP-0507,2026-08-01,641.95,PENDING
CUST-DUP-0508,2026-08-01,1069.1,PENDING
CUST-DUP-0509,2026-08-01,1264.59,CANCELLED
CUST-DUP-0510,2026-08-01,1119.5,COMPLETED
CUST-DUP-0511,2026-08-01,157.1,COMPLETED
CUST-DUP-0512,2026-08-01,1418.99,COMPLETED
CUST-DUP-0513,2026-08-01,656.57,COMPLETED
CUST-DUP-0514,2026-08-01,1476.43,CANCELLED
CUST-DUP-0515,2026-08-01,1428.7,PENDING
CUST-DUP-0516,2026-08-01,1000.13,CANCELLED
CUST-DUP-0517,2026-08-01,421.9,PENDING
CUST-DUP-0518,2026-08-01,972.77,COMPLETED
CUST-DUP-0519,2026-08-01,1474.6,COMPLETED
CUST-DUP-0520,2026-08-01,1292.21,PENDING
CUST-DUP-0521,2026-08-01,967.44,CANCELLED
CUST-DUP-0522,2026-08-01,669.37,PENDING
CUST-DUP-0523,2026-08-01,948.03,COMPLETED
CUST-DUP-0524,2026-08-01,197.15,PENDING
CUST-DUP-0525,2026-08-02,190.65,CANCELLED
CUST-DUP-0526,2026-08-02,1030.84,PENDING
CUST-DUP-0527,2026-08-02,1024.6,COMPLETED
CUST-DUP-0528,2026-08-02,388.84,PENDING
CUST-DUP-0529,2026-08-02,416.23,CANCELLED
CUST-DUP-0530,2026-08-02,365.41,CANCELLED
CUST-DUP-0531,2026-08-02,1003.84,CANCELLED
CUST-DUP-0532,2026-08-02,677.48,PENDING
CUST-DUP-0533,2026-08-02,888.34,COMPLETED
CUST-DUP-0534,2026-08-02,1271.68,CANCELLED
CUST-DUP-0535,2026-08-02,962.58,COMPLETED
CUST-DUP-0536,2026-08-02,1364.89,PENDING
CUST-DUP-0537,2026-08-02,871.13,COMPLETED
CUST-DUP-0538,2026-08-02,1499.41,PENDING
CUST-DUP-0539,2026-08-02,867.71,COMPLETED
CUST-DUP-0540,2026-08-02,773.24,CANCELLED
CUST-DUP-0541,2026-08-02,1459.16,COMPLETED
CUST-DUP-0542,2026-08-02,866.46,PENDING
CUST-DUP-0543,2026-08-02,113.61,CANCELLED
CUST-DUP-0544,2026-08-02,652.04,CANCELLED
CUST-DUP-0545,2026-08-02,453.89,CANCELLED
CUST-DUP-0546,2026-08-02,801.59,PENDING
CUST-DUP-0547,2026-08-02,753.37,CANCELLED
CUST-DUP-0548,2026-08-02,493.08,CANCELLED
CUST-DUP-0549,2026-08-03,259.86,COMPLETED
CUST-DUP-0550,2026-08-03,685.49,PENDING
CUST-DUP-0551,2026-08-03,783.1,COMPLETED
CUST-DUP-0552,2026-08-03,1113.8,CANCELLED
CUST-DUP-0553,2026-08-03,1021.81,CANCELLED
CUST-DUP-0554,2026-08-03,444.77,CANCELLED
CUST-DUP-0555,2026-08-03,951.77,PENDING
CUST-DUP-0556,2026-08-03,293.66,PENDING
CUST-DUP-0557,2026-08-03,789.63,PENDING
CUST-DUP-0558,2026-08-03,1015.37,PENDING
CUST-DUP-0559,2026-08-03,912.19,PENDING
CUST-DUP-0560,2026-08-03,844.58,PENDING
CUST-DUP-0561,2026-08-03,307.18,COMPLETED
CUST-DUP-0562,2026-08-03,566.5,COMPLETED
CUST-DUP-0563,2026-08-03,1024.43,CANCELLED
CUST-DUP-0564,2026-08-03,554.28,COMPLETED
CUST-DUP-0565,2026-08-03,913.45,PENDING
CUST-DUP-0566,2026-08-03,941.12,COMPLETED
CUST-DUP-0567,2026-08-03,1477.15,CANCELLED
CUST-DUP-0568,2026-08-03,881.85,CANCELLED
CUST-DUP-0569,2026-08-03,174.21,COMPLETED
CUST-DUP-0570,2026-08-03,1425.48,CANCELLED
CUST-DUP-0571,2026-08-03,1345.98,PENDING
CUST-DUP-0572,2026-08-03,368.97,COMPLETED
CUST-DUP-0573,2026-08-04,761.46,CANCELLED
CUST-DUP-0574,2026-08-04,1315.39,COMPLETED
CUST-DUP-0575,2026-08-04,284.54,PENDING
CUST-DUP-0576,2026-08-04,488.4,PENDING
CUST-DUP-0577,2026-08-04,156.95,CANCELLED
CUST-DUP-0578,2026-08-04,1339.86,PENDING
CUST-DUP-0579,2026-08-04,236.8,PENDING
CUST-DUP-0580,2026-08-04,1309.52,COMPLETED
CUST-DUP-0581,2026-08-04,343.5,PENDING
CUST-DUP-0582,2026-08-04,860.37,COMPLETED
CUST-DUP-0583,2026-08-04,1278.59,COMPLETED
CUST-DUP-0584,2026-08-04,131.74,CANCELLED
CUST-DUP-0585,2026-08-04,1277.56,PENDING
CUST-DUP-0586,2026-08-04,1161.39,CANCELLED
CUST-DUP-0587,2026-08-04,684.84,CANCELLED
CUST-DUP-0588,2026-08-04,533.16,COMPLETED
CUST-DUP-0589,2026-08-04,487.82,COMPLETED
CUST-DUP-0590,2026-08-04,1387.62,CANCELLED
CUST-DUP-0591,2026-08-04,600.11,CANCELLED
CUST-DUP-0592,2026-08-04,670.05,PENDING
CUST-DUP-0593,2026-08-04,180.53,COMPLETED
CUST-DUP-0594,2026-08-04,1235.05,COMPLETED
CUST-DUP-0595,2026-08-04,1106.03,COMPLETED
CUST-DUP-0596,2026-08-04,983.79,COMPLETED
CUST-DUP-0597,2026-08-05,405.2,COMPLETED
CUST-DUP-0598,2026-08-05,641.21,PENDING
CUST-DUP-0599,2026-08-05,922.31,CANCELLED
CUST-DUP-0600,2026-08-05,1170.93,COMPLETED
CUST-DUP-0601,2026-08-05,148.58,PENDING
CUST-DUP-0602,2026-08-05,662.62,COMPLETED
CUST-DUP-0603,2026-08-05,237.18,COMPLETED
CUST-DUP-0604,2026-08-05,163.1,PENDING
CUST-DUP-0605,2026-08-05,798.0,PENDING
CUST-DUP-0606,2026-08-05,1312.16,COMPLETED
CUST-DUP-0607,2026-08-05,155.28,CANCELLED
CUST-DUP-0608,2026-08-05,691.24,PENDING
CUST-DUP-0609,2026-08-05,353.05,COMPLETED
CUST-DUP-0610,2026-08-05,390.66,COMPLETED
CUST-DUP-0611,2026-08-05,1047.25,CANCELLED
CUST-DUP-0612,2026-08-05,408.03,PENDING
CUST-DUP-0613,2026-08-05,304.73,PENDING
CUST-DUP-0614,2026-08-05,564.33,COMPLETED
CUST-DUP-0615,2026-08-05,550.4,CANCELLED
CUST-DUP-0616,2026-08-05,478.96,COMPLETED
CUST-DUP-0617,2026-08-05,1423.18,CANCELLED
CUST-DUP-0618,2026-08-05,1404.49,PENDING
CUST-DUP-0619,2026-08-05,594.4,COMPLETED
CUST-DUP-0620,2026-08-05,632.84,PENDING
CUST-DUP-0621,2026-08-06,329.83,CANCELLED
CUST-DUP-0622,2026-08-06,814.46,COMPLETED
CUST-DUP-0623,2026-08-06,593.83,COMPLETED
CUST-DUP-0624,2026-08-06,1023.55,CANCELLED
CUST-DUP-0625,2026-08-06,1415.19,PENDING
CUST-DUP-0626,2026-08-06,490.57,COMPLETED
CUST-DUP-0627,2026-08-06,564.66,CANCELLED
CUST-DUP-0628,2026-08-06,809.93,PENDING
CUST-DUP-0629,2026-08-06,664.28,COMPLETED
CUST-DUP-0630,2026-08-06,297.98,COMPLETED
CUST-DUP-0631,2026-08-06,962.64,COMPLETED
CUST-DUP-0632,2026-08-06,320.22,CANCELLED
CUST-DUP-0633,2026-08-06,1206.65,PENDING
CUST-DUP-0634,2026-08-06,162.13,PENDING
CUST-DUP-0635,2026-08-06,205.36,COMPLETED
CUST-DUP-0636,2026-08-06,989.18,PENDING
CUST-DUP-0637,2026-08-06,368.42,COMPLETED
CUST-DUP-0638,2026-08-06,912.53,PENDING
CUST-DUP-0639,2026-08-06,1395.27,COMPLETED
CUST-DUP-0640,2026-08-06,849.13,CANCELLED
CUST-DUP-0641,2026-08-06,316.7,PENDING
CUST-DUP-0642,2026-08-06,1086.8,CANCELLED
CUST-DUP-0643,2026-08-06,1192.42,CANCELLED
CUST-DUP-0644,2026-08-06,1024.78,CANCELLED
CUST-DUP-0645,2026-08-07,872.65,CANCELLED
CUST-DUP-0646,2026-08-07,1153.49,COMPLETED
CUST-DUP-0647,2026-08-07,997.01,CANCELLED
CUST-DUP-0648,2026-08-07,791.92,CANCELLED
CUST-DUP-0649,2026-08-07,1051.03,COMPLETED
CUST-DUP-0650,2026-08-07,306.39,COMPLETED
CUST-DUP-0651,2026-08-07,719.41,PENDING
CUST-DUP-0652,2026-08-07,904.87,COMPLETED
CUST-DUP-0653,2026-08-07,575.29,PENDING
CUST-DUP-0654,2026-08-07,740.95,COMPLETED
CUST-DUP-0655,2026-08-07,441.0,PENDING
CUST-DUP-0656,2026-08-07,811.55,COMPLETED
CUST-DUP-0657,2026-08-07,464.16,COMPLETED
CUST-DUP-0658,2026-08-07,247.34,CANCELLED
CUST-DUP-0659,2026-08-07,1370.12,COMPLETED
CUST-DUP-0660,2026-08-07,887.47,COMPLETED
CUST-DUP-0661,2026-08-07,640.13,CANCELLED
CUST-DUP-0662,2026-08-07,270.41,CANCELLED
CUST-DUP-0663,2026-08-07,415.02,CANCELLED
CUST-DUP-0664,2026-08-07,253.67,CANCELLED
CUST-DUP-0665,2026-08-07,929.02,PENDING
CUST-DUP-0666,2026-08-07,540.79,COMPLETED
CUST-DUP-0667,2026-08-07,225.63,CANCELLED
CUST-DUP-0668,2026-08-07,479.66,CANCELLED
CUST-DUP-0669,2026-08-08,886.24,COMPLETED
CUST-DUP-0670,2026-08-08,1012.4,PENDING
CUST-DUP-0671,2026-08-08,289.51,PENDING
CUST-DUP-0672,2026-08-08,1348.34,COMPLETED
CUST-DUP-0673,2026-08-08,1074.33,PENDING
CUST-DUP-0674,2026-08-08,1238.87,PENDING
CUST-DUP-0675,2026-08-08,339.49,CANCELLED
CUST-DUP-0676,2026-08-08,438.79,PENDING
CUST-DUP-0677,2026-08-08,495.96,PENDING
CUST-DUP-0678,2026-08-08,1493.17,PENDING
CUST-DUP-0679,2026-08-08,170.14,CANCELLED
CUST-DUP-0680,2026-08-08,1285.51,CANCELLED
CUST-DUP-0681,2026-08-08,1025.98,COMPLETED
CUST-DUP-0682,2026-08-08,1432.43,COMPLETED
CUST-DUP-0683,2026-08-08,1385.2,COMPLETED
CUST-DUP-0684,2026-08-08,558.98,COMPLETED
CUST-DUP-0685,2026-08-08,1133.26,CANCELLED
CUST-DUP-0686,2026-08-08,987.09,CANCELLED
CUST-DUP-0687,2026-08-08,1437.19,CANCELLED
CUST-DUP-0688,2026-08-08,418.19,COMPLETED
CUST-DUP-0689,2026-08-08,942.54,CANCELLED
CUST-DUP-0690,2026-08-08,224.91,PENDING
CUST-DUP-0691,2026-08-08,819.54,PENDING
CUST-DUP-0692,2026-08-08,1102.69,COMPLETED
CUST-DUP-0693,2026-08-09,173.25,CANCELLED
CUST-DUP-0694,2026-08-09,1173.83,CANCELLED
CUST-DUP-0695,2026-08-09,690.5,CANCELLED
CUST-DUP-0696,2026-08-09,700.97,COMPLETED
CUST-DUP-0697,2026-08-09,1167.61,CANCELLED
CUST-DUP-0698,2026-08-09,315.69,PENDING
CUST-DUP-0699,2026-08-09,1145.18,PENDING
CUST-DUP-0700,2026-08-09,1113.33,COMPLETED
CUST-DUP-0701,2026-08-09,218.57,PENDING
CUST-DUP-0702,2026-08-09,881.43,PENDING
CUST-DUP-0703,2026-08-09,136.33,PENDING
CUST-DUP-0704,2026-08-09,252.93,COMPLETED
CUST-DUP-0705,2026-08-09,1163.53,CANCELLED
CUST-DUP-0706,2026-08-09,199.5,COMPLETED
CUST-DUP-0707,2026-08-09,1257.31,PENDING
CUST-DUP-0708,2026-08-09,1121.66,CANCELLED
CUST-DUP-0709,2026-08-09,1219.98,CANCELLED
CUST-DUP-0710,2026-08-09,195.93,PENDING
CUST-DUP-0711,2026-08-09,1411.31,CANCELLED
CUST-DUP-0712,2026-08-09,1400.27,COMPLETED
CUST-DUP-0713,2026-08-09,1303.3,PENDING
CUST-DUP-0714,2026-08-09,373.18,PENDING
CUST-DUP-0715,2026-08-09,600.29,PENDING
CUST-DUP-0716,2026-08-09,1217.75,COMPLETED
CUST-DUP-0717,2026-08-10,937.5,CANCELLED
CUST-DUP-0718,2026-08-10,1033.7,PENDING
CUST-DUP-0719,2026-08-10,138.9,COMPLETED
CUST-DUP-0720,2026-08-10,313.56,COMPLETED
CUST-DUP-0721,2026-08-10,226.32,PENDING
CUST-DUP-0722,2026-08-10,1089.64,CANCELLED
CUST-DUP-0723,2026-08-10,1337.26,PENDING
CUST-DUP-0724,2026-08-10,109.46,PENDING
CUST-DUP-0725,2026-08-10,995.04,PENDING
CUST-DUP-0726,2026-08-10,1220.22,COMPLETED
CUST-DUP-0727,2026-08-10,1022.96,CANCELLED
CUST-DUP-0728,2026-08-10,198.63,COMPLETED
CUST-DUP-0729,2026-08-10,607.64,COMPLETED
CUST-DUP-0730,2026-08-10,542.04,COMPLETED
CUST-DUP-0731,2026-08-10,1405.09,CANCELLED
CUST-DUP-0732,2026-08-10,1341.2,COMPLETED
CUST-DUP-0733,2026-08-10,1272.01,PENDING
CUST-DUP-0734,2026-08-10,544.95,PENDING
CUST-DUP-0735,2026-08-10,114.07,CANCELLED
CUST-DUP-0736,2026-08-10,917.73,CANCELLED
CUST-DUP-0737,2026-08-10,815.91,PENDING
CUST-DUP-0738,2026-08-10,178.22,CANCELLED
CUST-DUP-0739,2026-08-10,333.33,COMPLETED
CUST-DUP-0740,2026-08-10,1014.72,CANCELLED
CUST-DUP-0741,2026-08-11,488.44,PENDING
CUST-DUP-0742,2026-08-11,126.84,COMPLETED
CUST-DUP-0743,2026-08-11,720.98,CANCELLED
CUST-DUP-0744,2026-08-11,1449.22,PENDING
CUST-DUP-0745,2026-08-11,841.02,COMPLETED
CUST-DUP-0746,2026-08-11,928.55,CANCELLED
CUST-DUP-0747,2026-08-11,1315.58,PENDING
CUST-DUP-0748,2026-08-11,516.45,COMPLETED
CUST-DUP-0749,2026-08-11,318.22,CANCELLED
CUST-DUP-0750,2026-08-11,380.83,PENDING
CUST-DUP-0751,2026-08-11,1454.23,CANCELLED
CUST-DUP-0752,2026-08-11,431.4,PENDING
CUST-DUP-0753,2026-08-11,539.53,PENDING
CUST-DUP-0754,2026-08-11,735.06,CANCELLED
CUST-DUP-0755,2026-08-11,1090.82,PENDING
CUST-DUP-0756,2026-08-11,109.69,CANCELLED
CUST-DUP-0757,2026-08-11,1110.24,COMPLETED
CUST-DUP-0758,2026-08-11,162.31,COMPLETED
CUST-DUP-0759,2026-08-11,390.88,CANCELLED
CUST-DUP-0760,2026-08-11,840.23,COMPLETED
CUST-DUP-0761,2026-08-11,244.4,PENDING
CUST-DUP-0762,2026-08-11,794.91,CANCELLED
CUST-DUP-0763,2026-08-11,1158.2,CANCELLED
CUST-DUP-0764,2026-08-11,496.98,CANCELLED
CUST-DUP-0765,2026-08-12,636.41,PENDING
CUST-DUP-0766,2026-08-12,864.16,CANCELLED
CUST-DUP-0767,2026-08-12,586.62,PENDING
CUST-DUP-0768,2026-08-12,1069.92,COMPLETED
CUST-DUP-0769,2026-08-12,1175.19,CANCELLED
CUST-DUP-0770,2026-08-12,813.66,PENDING
CUST-DUP-0771,2026-08-12,479.8,PENDING
CUST-DUP-0772,2026-08-12,256.89,CANCELLED
CUST-DUP-0773,2026-08-12,695.07,COMPLETED
CUST-DUP-0774,2026-08-12,996.04,PENDING
CUST-DUP-0775,2026-08-12,492.97,PENDING
CUST-DUP-0776,2026-08-12,1449.21,COMPLETED
CUST-DUP-0777,2026-08-12,1120.48,COMPLETED
CUST-DUP-0778,2026-08-12,302.27,COMPLETED
CUST-DUP-0779,2026-08-12,242.52,PENDING
CUST-DUP-0780,2026-08-12,976.65,CANCELLED
CUST-DUP-0781,2026-08-12,1005.28,PENDING
CUST-DUP-0782,2026-08-12,117.71,CANCELLED
CUST-DUP-0783,2026-08-12,102.0,CANCELLED
CUST-DUP-0784,2026-08-12,1236.79,COMPLETED
CUST-DUP-0785,2026-08-12,635.72,PENDING
CUST-DUP-0786,2026-08-12,1253.65,PENDING
CUST-DUP-0787,2026-08-12,863.08,COMPLETED
CUST-DUP-0788,2026-08-12,221.39,PENDING
CUST-DUP-0789,2026-08-13,702.25,CANCELLED
CUST-DUP-0790,2026-08-13,714.37,PENDING
CUST-DUP-0791,2026-08-13,693.25,COMPLETED
CUST-DUP-0792,2026-08-13,1056.23,COMPLETED
CUST-DUP-0793,2026-08-13,1200.09,PENDING
CUST-DUP-0794,2026-08-13,411.45,CANCELLED
CUST-DUP-0795,2026-08-13,1337.55,PENDING
CUST-DUP-0796,2026-08-13,642.92,CANCELLED
CUST-DUP-0797,2026-08-13,1474.94,COMPLETED
CUST-DUP-0798,2026-08-13,411.9,PENDING
CUST-DUP-0799,2026-08-13,623.3,CANCELLED
CUST-DUP-0800,2026-08-13,732.03,COMPLETED
CUST-DUP-0801,2026-08-13,268.54,COMPLETED
CUST-DUP-0802,2026-08-13,1238.64,COMPLETED
CUST-DUP-0803,2026-08-13,121.43,COMPLETED
CUST-DUP-0804,2026-08-13,616.65,PENDING
CUST-DUP-0805,2026-08-13,734.29,PENDING
CUST-DUP-0806,2026-08-13,520.55,CANCELLED
CUST-DUP-0807,2026-08-13,1222.51,CANCELLED
CUST-DUP-0808,2026-08-13,481.24,CANCELLED
CUST-DUP-0809,2026-08-13,646.89,PENDING
CUST-DUP-0810,2026-08-13,1159.87,PENDING
CUST-DUP-0811,2026-08-13,867.94,PENDING
CUST-DUP-0812,2026-08-13,321.67,COMPLETED
CUST-DUP-0813,2026-08-14,1244.46,PENDING
CUST-DUP-0814,2026-08-14,115.75,CANCELLED
CUST-DUP-0815,2026-08-14,176.72,CANCELLED
CUST-DUP-0816,2026-08-14,1386.85,COMPLETED
CUST-DUP-0817,2026-08-14,118.5,CANCELLED
CUST-DUP-0818,2026-08-14,614.15,COMPLETED
CUST-DUP-0819,2026-08-14,899.72,PENDING
CUST-DUP-0820,2026-08-14,972.91,CANCELLED
CUST-DUP-0821,2026-08-14,1217.68,COMPLETED
CUST-DUP-0822,2026-08-14,245.36,COMPLETED
CUST-DUP-0823,2026-08-14,1326.72,CANCELLED
CUST-DUP-0824,2026-08-14,214.45,COMPLETED
CUST-DUP-0825,2026-08-14,1149.77,CANCELLED
CUST-DUP-0826,2026-08-14,1358.57,COMPLETED
CUST-DUP-0827,2026-08-14,661.97,PENDING
CUST-DUP-0828,2026-08-14,969.44,PENDING
CUST-DUP-0829,2026-08-14,140.71,CANCELLED
CUST-DUP-0830,2026-08-14,1120.4,PENDING
CUST-DUP-0831,2026-08-14,382.09,CANCELLED
CUST-DUP-0832,2026-08-14,993.1,PENDING
CUST-DUP-0833,2026-08-14,832.3,COMPLETED
CUST-DUP-0834,2026-08-14,797.72,COMPLETED
CUST-DUP-0835,2026-08-14,1259.45,CANCELLED
CUST-DUP-0836,2026-08-14,1186.2,PENDING
CUST-DUP-0837,2026-08-15,582.79,PENDING
CUST-DUP-0838,2026-08-15,747.47,COMPLETED
CUST-DUP-0839,2026-08-15,1351.23,CANCELLED
CUST-DUP-0840,2026-08-15,1450.89,COMPLETED
CUST-DUP-0841,2026-08-15,859.37,CANCELLED
CUST-DUP-0842,2026-08-15,1012.69,PENDING
CUST-DUP-0843,2026-08-15,1124.97,PENDING
CUST-DUP-0844,2026-08-15,219.15,PENDING
CUST-DUP-0845,2026-08-15,1315.33,COMPLETED
CUST-DUP-0846,2026-08-15,311.19,COMPLETED
CUST-DUP-0847,2026-08-15,446.41,COMPLETED
CUST-DUP-0848,2026-08-15,1194.64,CANCELLED
CUST-DUP-0849,2026-08-15,1465.22,PENDING
CUST-DUP-0850,2026-08-15,1473.5,PENDING
CUST-DUP-0851,2026-08-15,1326.09,COMPLETED
CUST-DUP-0852,2026-08-15,401.45,CANCELLED
CUST-DUP-0853,2026-08-15,675.47,CANCELLED
CUST-DUP-0854,2026-08-15,598.98,PENDING
CUST-DUP-0855,2026-08-15,1082.35,PENDING
CUST-DUP-0856,2026-08-15,582.64,PENDING
CUST-DUP-0857,2026-08-15,662.89,CANCELLED
CUST-DUP-0858,2026-08-15,217.18,CANCELLED
CUST-DUP-0859,2026-08-15,650.23,PENDING
CUST-DUP-0860,2026-08-15,346.22,PENDING
CUST-DUP-0861,2026-08-16,586.93,CANCELLED
CUST-DUP-0862,2026-08-16,722.48,CANCELLED
CUST-DUP-0863,2026-08-16,1480.74,PENDING
CUST-DUP-0864,2026-08-16,783.35,CANCELLED
CUST-DUP-0865,2026-08-16,878.33,PENDING
CUST-DUP-0866,2026-08-16,717.41,COMPLETED
CUST-DUP-0867,2026-08-16,275.42,CANCELLED
CUST-DUP-0868,2026-08-16,892.82,PENDING
CUST-DUP-0869,2026-08-16,633.46,CANCELLED
CUST-DUP-0870,2026-08-16,890.07,PENDING
CUST-DUP-0871,2026-08-16,999.99,CANCELLED
CUST-DUP-0872,2026-08-16,1133.62,PENDING
CUST-DUP-0873,2026-08-16,887.52,COMPLETED
CUST-DUP-0874,2026-08-16,200.94,PENDING
CUST-DUP-0875,2026-08-16,112.44,PENDING
CUST-DUP-0876,2026-08-16,813.92,COMPLETED
CUST-DUP-0877,2026-08-16,397.55,PENDING
CUST-DUP-0878,2026-08-16,339.87,COMPLETED
CUST-DUP-0879,2026-08-16,1308.38,PENDING
CUST-DUP-0880,2026-08-16,1408.69,CANCELLED
CUST-DUP-0881,2026-08-16,1318.24,CANCELLED
CUST-DUP-0882,2026-08-16,1173.13,CANCELLED
CUST-DUP-0883,2026-08-16,936.8,PENDING
CUST-DUP-0884,2026-08-16,1062.9,CANCELLED
CUST-DUP-0885,2026-08-17,1343.24,PENDING
CUST-DUP-0886,2026-08-17,944.41,CANCELLED
CUST-DUP-0887,2026-08-17,602.9,CANCELLED
CUST-DUP-0888,2026-08-17,361.39,CANCELLED
CUST-DUP-0889,2026-08-17,743.48,CANCELLED
CUST-DUP-0890,2026-08-17,1318.38,CANCELLED
CUST-DUP-0891,2026-08-17,424.35,PENDING
CUST-DUP-0892,2026-08-17,700.94,CANCELLED
CUST-DUP-0893,2026-08-17,1417.24,COMPLETED
CUST-DUP-0894,2026-08-17,350.58,CANCELLED
CUST-DUP-0895,2026-08-17,1262.91,PENDING
CUST-DUP-0896,2026-08-17,1002.12,CANCELLED
CUST-DUP-0897,2026-08-17,842.14,COMPLETED
CUST-DUP-0898,2026-08-17,1119.38,CANCELLED
CUST-DUP-0899,2026-08-17,1001.47,CANCELLED
CUST-DUP-0900,2026-08-17,1054.09,PENDING
CUST-DUP-0901,2026-08-17,1352.06,COMPLETED
CUST-DUP-0902,2026-08-17,579.54,COMPLETED
CUST-DUP-0903,2026-08-17,1079.97,COMPLETED
CUST-DUP-0904,2026-08-17,186.37,CANCELLED
CUST-DUP-0905,2026-08-17,1473.19,COMPLETED
CUST-DUP-0906,2026-08-17,283.66,COMPLETED
CUST-DUP-0907,2026-08-17,106.24,PENDING
CUST-DUP-0908,2026-08-17,1204.07,PENDING
CUST-DUP-0909,2026-08-18,1409.88,PENDING
CUST-DUP-0910,2026-08-18,348.87,PENDING
CUST-DUP-0911,2026-08-18,885.14,COMPLETED
CUST-DUP-0912,2026-08-18,1363.22,COMPLETED
CUST-DUP-0913,2026-08-18,278.0,COMPLETED
CUST-DUP-0914,2026-08-18,523.15,CANCELLED
CUST-DUP-0915,2026-08-18,667.24,COMPLETED
CUST-DUP-0916,2026-08-18,1386.57,CANCELLED
CUST-DUP-0917,2026-08-18,508.94,PENDING
CUST-DUP-0918,2026-08-18,878.56,CANCELLED
CUST-DUP-0919,2026-08-18,1473.95,COMPLETED
CUST-DUP-0920,2026-08-18,1162.77,CANCELLED
CUST-DUP-0921,2026-08-18,1080.62,PENDING
CUST-DUP-0922,2026-08-18,582.51,CANCELLED
CUST-DUP-0923,2026-08-18,734.62,COMPLETED
CUST-DUP-0924,2026-08-18,446.17,COMPLETED
CUST-DUP-0925,2026-08-18,272.69,CANCELLED
CUST-DUP-0926,2026-08-18,831.3,PENDING
CUST-DUP-0927,2026-08-18,630.42,CANCELLED
CUST-DUP-0928,2026-08-18,140.49,CANCELLED
CUST-DUP-0929,2026-08-18,939.67,COMPLETED
CUST-DUP-0930,2026-08-18,786.32,CANCELLED
CUST-DUP-0931,2026-08-18,1222.88,PENDING
CUST-DUP-0932,2026-08-18,528.24,COMPLETED
CUST-DUP-0933,2026-08-19,1460.2,CANCELLED
CUST-DUP-0934,2026-08-19,512.04,PENDING
CUST-DUP-0935,2026-08-19,288.24,CANCELLED
CUST-DUP-0936,2026-08-19,1254.1,PENDING
CUST-DUP-0937,2026-08-19,1372.76,PENDING
CUST-DUP-0938,2026-08-19,959.35,PENDING
CUST-DUP-0939,2026-08-19,704.93,PENDING
CUST-DUP-0940,2026-08-19,861.15,PENDING
CUST-DUP-0941,2026-08-19,1294.05,PENDING
CUST-DUP-0942,2026-08-19,1151.32,CANCELLED
CUST-DUP-0943,2026-08-19,885.53,PENDING
CUST-DUP-0944,2026-08-19,1491.16,PENDING
CUST-DUP-0945,2026-08-19,158.09,CANCELLED
CUST-DUP-0946,2026-08-19,928.03,PENDING
CUST-DUP-0947,2026-08-19,1280.36,CANCELLED
CUST-DUP-0948,2026-08-19,1328.12,CANCELLED
CUST-DUP-0949,2026-08-19,794.48,CANCELLED
CUST-DUP-0950,2026-08-19,408.28,PENDING
CUST-DUP-0951,2026-08-19,1371.79,COMPLETED
CUST-DUP-0952,2026-08-19,252.64,CANCELLED
CUST-DUP-0953,2026-08-19,729.17,CANCELLED
CUST-DUP-0954,2026-08-19,682.19,PENDING
CUST-DUP-0955,2026-08-19,1126.67,PENDING
CUST-DUP-0956,2026-08-19,796.14,PENDING
CUST-DUP-0957,2026-08-20,616.22,COMPLETED
CUST-DUP-0958,2026-08-20,805.14,COMPLETED
CUST-DUP-0959,2026-08-20,1174.05,PENDING
CUST-DUP-0960,2026-08-20,605.71,COMPLETED
CUST-DUP-0961,2026-08-20,737.61,COMPLETED
CUST-DUP-0962,2026-08-20,228.75,COMPLETED
CUST-DUP-0963,2026-08-20,1158.95,PENDING
CUST-DUP-0964,2026-08-20,250.63,PENDING
CUST-DUP-0965,2026-08-20,245.91,PENDING
CUST-DUP-0966,2026-08-20,630.4,CANCELLED
CUST-DUP-0967,2026-08-20,1324.57,CANCELLED
CUST-DUP-0968,2026-08-20,515.73,PENDING
CUST-DUP-0969,2026-08-20,1114.36,CANCELLED
CUST-DUP-0970,2026-08-20,871.8,CANCELLED
CUST-DUP-0971,2026-08-20,598.93,CANCELLED
CUST-DUP-0972,2026-08-20,427.28,PENDING
CUST-DUP-0973,2026-08-20,621.2,COMPLETED
CUST-DUP-0974,2026-08-20,732.85,PENDING
CUST-DUP-0975,2026-08-20,503.48,CANCELLED
CUST-DUP-0976,2026-08-20,327.44,COMPLETED
CUST-DUP-0977,2026-08-20,570.88,COMPLETED
CUST-DUP-0978,2026-08-20,435.19,PENDING
CUST-DUP-0979,2026-08-20,980.69,PENDING
CUST-DUP-0980,2026-08-20,1033.73,CANCELLED
CUST-DUP-0981,2026-08-21,141.4,PENDING
CUST-DUP-0982,2026-08-21,1458.18,PENDING
CUST-DUP-0983,2026-08-21,238.8,COMPLETED
CUST-DUP-0984,2026-08-21,637.02,CANCELLED
CUST-DUP-0985,2026-08-21,1273.85,PENDING
CUST-DUP-0986,2026-08-21,757.46,PENDING
CUST-DUP-0987,2026-08-21,196.07,PENDING
CUST-DUP-0988,2026-08-21,651.83,CANCELLED
CUST-DUP-0989,2026-08-21,162.92,COMPLETED
CUST-DUP-0990,2026-08-21,1440.67,COMPLETED
CUST-DUP-0991,2026-08-21,514.98,PENDING
CUST-DUP-0992,2026-08-21,1066.26,PENDING
CUST-DUP-0993,2026-08-21,762.7,PENDING
CUST-DUP-0994,2026-08-21,503.75,COMPLETED
CUST-DUP-0995,2026-08-21,190.29,PENDING
CUST-DUP-0996,2026-08-21,103.32,COMPLETED
CUST-DUP-0997,2026-08-21,951.54,COMPLETED
CUST-DUP-0998,2026-08-21,508.65,CANCELLED
CUST-DUP-0999,2026-08-21,1331.12,CANCELLED
CUST-DUP-1000,2026-08-21,921.36,COMPLETED
