customer_id,total_transactions,purchase_count,days_as_customer,days_since_last_purchase,total_spent
CUST-ACT-00000,83,83,701,75,67667.33
CUST-ACT-00001,141,141,940,55,64881.43
CUST-ACT-00002,37,37,607,2,7163.32
CUST-ACT-00003,102,102,189,71,15552.9
CUST-ACT-00004,46,46,126,9,66289.66
CUST-ACT-00005,104,104,413,128,34266.75
CUST-ACT-00006,74,74,547,134,60290.83
CUST-ACT-00007,106,106,697,68,55150.05
CUST-ACT-00008,111,111,560,175,69441.31
CUST-ACT-00009,28,28,415,104,60381.0
CUST-ACT-00010,37,37,355,127,46131.0
CUST-ACT-00011,36,36,124,148,18602.59
CUST-ACT-00012,39,39,476,22,59227.09
CUST-ACT-00013,120,120,951,125,21767.28
CUST-ACT-00014,14,14,740,101,35123.62
CUST-ACT-00015,22,22,278,88,9129.11
CUST-ACT-00016,55,55,338,173,48948.8
CUST-ACT-00017,28,28,800,132,6757.26
CUST-ACT-00018,121,121,421,58,21748.34
CUST-ACT-00019,101,101,297,93,2692.47
CUST-ACT-00020,106,106,78,25,58199.42
CUST-ACT-00021,69,69,345,2,47392.83
CUST-ACT-00022,18,18,588,113,26384.45
CUST-ACT-00023,42,42,758,81,8018.81
CUST-ACT-00024,88,88,951,13,48415.46
CUST-ACT-00025,141,141,617,39,53397.3
CUST-ACT-00026,92,92,695,54,45242.93
CUST-ACT-00027,140,140,468,84,48104.69
CUST-ACT-00028,66,66,541,133,25605.18
CUST-ACT-00029,26,26,155,107,16600.78
CUST-ACT-00030,54,54,481,158,33803.31
CUST-ACT-00031,10,10,559,60,16848.38
CUST-ACT-00032,121,121,873,19,68443.3
CUST-ACT-00033,78,78,32,58,15186.74
CUST-ACT-00034,42,42,416,121,26772.91
CUST-ACT-00035,106,106,602,56,58613.72
CUST-ACT-00036,27,27,392,46,13598.57
CUST-ACT-00037,81,81,592,63,49574.46
CUST-ACT-00038,63,63,234,61,56457.76
CUST-ACT-00039,37,37,624,27,49768.37
CUST-ACT-00040,139,139,424,20,71762.32
CUST-ACT-00041,40,40,883,29,63080.1
CUST-ACT-00042,18,18,162,61,30187.79
CUST-ACT-00043,78,78,746,74,34949.37
CUST-ACT-00044,125,125,600,85,33650.37
CUST-ACT-00045,42,42,201,34,37187.09
CUST-ACT-00046,117,117,430,158,54240.79
CUST-ACT-00047,104,104,170,170,53630.66
CUST-ACT-00048,89,89,465,63,17268.13
CUST-ACT-00049,73,73,464,12,58005.45
CUST-ACT-00050,24,24,825,14,6257.89
CUST-ACT-00051,114,114,978,122,58166.43
CUST-ACT-00052,37,37,512,170,21019.08
CUST-ACT-00053,47,47,506,135,50804.85
CUST-ACT-00054,50,50,984,160,37332.54
CUST-ACT-00055,101,101,289,27,19217.18
CUST-ACT-00056,138,138,848,124,43066.59
CUST-ACT-00057,78,78,823,148,15819.98
CUST-ACT-00058,15,15,613,104,32978.54
CUST-ACT-00059,15,15,595,90,65938.74
CUST-ACT-00060,104,104,353,165,23649.39
CUST-ACT-00061,118,118,629,158,74195.81
CUST-ACT-00062,61,61,186,49,10908.64
CUST-ACT-00063,101,101,400,31,37932.58
CUST-ACT-00064,54,54,744,162,5074.19
CUST-ACT-00065,70,70,317,159,68875.48
CUST-ACT-00066,32,32,396,51,36326.71
CUST-ACT-00067,105,105,436,10,31064.33
CUST-ACT-00068,37,37,454,29,53615.16
CUST-ACT-00069,19,19,782,27,26102.09
CUST-ACT-00070,126,126,759,163,21805.9
CUST-ACT-00071,102,102,856,35,51471.13
CUST-ACT-00072,121,121,645,169,4982.71
CUST-ACT-00073,32,32,943,102,3631.05
CUST-ACT-00074,112,112,44,90,14807.03
CUST-ACT-00075,68,68,290,105,4860.53
CUST-ACT-00076,134,134,582,19,51999.81
CUST-ACT-00077,78,78,735,159,31184.54
CUST-ACT-00078,20,20,220,1,73296.3
CUST-ACT-00079,58,58,586,159,21189.17
CUST-ACT-00080,45,45,536,136,37024.74
CUST-ACT-00081,113,113,262,33,9109.63
CUST-ACT-00082,27,27,35,112,39527.35
CUST-ACT-00083,140,140,640,176,17405.44
CUST-ACT-00084,108,108,712,48,44153.15
CUST-ACT-00085,53,53,520,118,43240.68
CUST-ACT-00086,111,111,325,132,71199.93
CUST-ACT-00087,15,15,962,50,30173.33
CUST-ACT-00088,65,65,493,1,26667.95
CUST-ACT-00089,77,77,212,158,48144.22
CUST-ACT-00090,78,78,627,100,2128.68
CUST-ACT-00091,15,15,206,54,36520.03
CUST-ACT-00092,44,44,273,143,64639.09
CUST-ACT-00093,144,144,827,123,74348.16
CUST-ACT-00094,58,58,944,169,70137.2
CUST-ACT-00095,118,118,475,109,25132.04
CUST-ACT-00096,19,19,322,11,57335.12
CUST-ACT-00097,16,16,709,162,31762.58
CUST-ACT-00098,3,3,36,21,23785.85
CUST-ACT-00099,84,84,374,148,51518.19
CUST-ACT-00100,8,8,865,74,53263.1
CUST-ACT-00101,13,13,415,140,70668.34
CUST-ACT-00102,115,115,170,11,43264.9
CUST-ACT-00103,68,68,127,37,57078.36
CUST-ACT-00104,73,73,873,24,35877.42
CUST-ACT-00105,148,148,732,30,25863.19
CUST-ACT-00106,104,104,57,50,37587.26
CUST-ACT-00107,58,58,138,98,37030.25
CUST-ACT-00108,91,91,48,8,26750.3
CUST-ACT-00109,42,42,863,157,22996.28
CUST-ACT-00110,74,74,147,11,47171.23
CUST-ACT-00111,58,58,187,97,56223.52
CUST-ACT-00112,56,56,392,111,47368.2
CUST-ACT-00113,85,85,112,3,7143.96
CUST-ACT-00114,74,74,446,116,20395.54
CUST-ACT-00115,17,17,990,45,5373.43
CUST-ACT-00116,45,45,926,6,6384.79
CUST-ACT-00117,102,102,667,73,12019.84
CUST-ACT-00118,54,54,572,94,55515.55
CUST-ACT-00119,112,112,927,40,14652.19
CUST-ACT-00120,92,92,404,147,10792.8
CUST-ACT-00121,4,4,549,73,52421.29
CUST-ACT-00122,121,121,529,92,40843.95
CUST-ACT-00123,74,74,802,7,1385.81
CUST-ACT-00124,81,81,723,87,9930.09
CUST-ACT-00125,12,12,932,24,67461.22
CUST-ACT-00126,71,71,258,135,61211.79
CUST-ACT-00127,44,44,667,173,6339.14
CUST-ACT-00128,121,121,866,157,52397.16
CUST-ACT-00129,108,108,910,21,26491.15
CUST-ACT-00130,93,93,323,148,36800.9
CUST-ACT-00131,62,62,941,1,64553.68
CUST-ACT-00132,74,74,303,142,2870.2
CUST-ACT-00133,74,74,794,85,36731.37
CUST-ACT-00134,50,50,336,142,17119.57
CUST-ACT-00135,99,99,412,149,48357.8
CUST-ACT-00136,13,13,615,18,37124.97
CUST-ACT-00137,144,144,795,91,1180.1
CUST-ACT-00138,60,60,496,174,53663.51
CUST-ACT-00139,14,14,743,71,2309.3
CUST-ACT-00140,86,86,704,51,20814.91
CUST-ACT-00141,115,115,717,64,48926.38
CUST-ACT-00142,68,68,957,152,36813.16
CUST-ACT-00143,77,77,341,59,72140.05
CUST-ACT-00144,15,15,210,131,39695.85
CUST-ACT-00145,72,72,319,135,26275.27
CUST-ACT-00146,86,86,577,68,56641.25
CUST-ACT-00147,112,112,157,45,49401.96
CUST-ACT-00148,109,109,626,40,11422.93
CUST-ACT-00149,64,64,346,111,41744.16
CUST-ACT-00150,120,120,114,155,7244.74
CUST-ACT-00151,8,8,411,135,45496.16
CUST-ACT-00152,75,75,177,113,7300.99
CUST-ACT-00153,99,99,40,52,39622.12
CUST-ACT-00154,38,38,809,142,43735.6
CUST-ACT-00155,14,14,101,109,44968.26
CUST-ACT-00156,145,145,408,51,64044.65
CUST-ACT-00157,92,92,496,144,17354.73
CUST-ACT-00158,10,10,393,9,39158.35
CUST-ACT-00159,87,87,148,114,23028.91
CUST-ACT-00160,98,98,191,170,36386.45
CUST-ACT-00161,80,80,290,70,12608.16
CUST-ACT-00162,39,39,415,80,16220.76
CUST-ACT-00163,141,141,414,165,63440.96
CUST-ACT-00164,17,17,108,23,48907.33
CUST-ACT-00165,90,90,255,7,25043.8
CUST-ACT-00166,62,62,913,66,60817.45
CUST-ACT-00167,103,103,938,62,32697.98
CUST-ACT-00168,110,110,440,45,45551.35
CUST-ACT-00169,50,50,286,70,47239.08
CUST-ACT-00170,133,133,966,119,18175.71
CUST-ACT-00171,49,49,146,94,35069.97
CUST-ACT-00172,83,83,279,14,47585.95
CUST-ACT-00173,73,73,656,15,47583.28
CUST-ACT-00174,139,139,763,139,57287.72
CUST-ACT-00175,77,77,945,143,42770.13
CUST-ACT-00176,33,33,548,44,21328.48
CUST-ACT-00177,1,1,355,33,1669.92
CUST-ACT-00178,125,125,582,78,39848.93
CUST-ACT-00179,114,114,249,75,8255.16
CUST-ACT-00180,34,34,643,133,18431.65
CUST-ACT-00181,52,52,690,167,15997.55
CUST-ACT-00182,12,12,823,80,39341.47
CUST-ACT-00183,137,137,799,127,46851.73
CUST-ACT-00184,147,147,449,102,28683.76
CUST-ACT-00185,127,127,650,151,58946.97
CUST-ACT-00186,111,111,751,90,74396.98
CUST-ACT-00187,49,49,364,16,40719.94
CUST-ACT-00188,75,75,565,110,12986.1
CUST-ACT-00189,142,142,374,74,62430.32
CUST-ACT-00190,15,15,101,54,74316.23
CUST-ACT-00191,116,116,177,124,11248.68
CUST-ACT-00192,83,83,490,130,49995.98
CUST-ACT-00193,52,52,480,44,9399.69
CUST-ACT-00194,133,133,880,136,59279.86
CUST-ACT-00195,131,131,695,89,2724.27
CUST-ACT-00196,96,96,222,4,44770.36
CUST-ACT-00197,4,4,212,141,8374.39
CUST-ACT-00198,69,69,791,142,36874.49
CUST-ACT-00199,126,126,386,40,46533.91
CUST-ACT-00200,134,134,598,69,45354.19
CUST-ACT-00201,90,90,263,144,17164.32
CUST-ACT-00202,149,149,759,162,66477.02
CUST-ACT-00203,113,113,516,46,57228.68
CUST-ACT-00204,72,72,110,68,60740.28
CUST-ACT-00205,85,85,809,167,35917.67
CUST-ACT-00206,142,142,217,33,28702.58
CUST-ACT-00207,60,60,915,107,4322.1
CUST-ACT-00208,130,130,751,124,42537.16
CUST-ACT-00209,123,123,782,99,14886.01
CUST-ACT-00210,42,42,240,145,66843.88
CUST-ACT-00211,47,47,232,49,27115.02
CUST-ACT-00212,74,74,594,173,72648.68
CUST-ACT-00213,138,138,339,19,33805.77
CUST-ACT-00214,14,14,832,94,54827.98
CUST-ACT-00215,64,64,369,115,50689.31
CUST-ACT-00216,140,140,62,85,39020.02
CUST-ACT-00217,93,93,439,87,50551.88
CUST-ACT-00218,69,69,721,39,62365.28
CUST-ACT-00219,95,95,725,157,10775.87
CUST-ACT-00220,34,34,64,69,20501.84
CUST-ACT-00221,130,130,886,136,72389.45
CUST-ACT-00222,92,92,868,28,51131.03
CUST-ACT-00223,1,1,984,50,63012.61
CUST-ACT-00224,85,85,88,166,11818.55
CUST-ACT-00225,141,141,515,159,65792.87
CUST-ACT-00226,29,29,516,70,46653.23
CUST-ACT-00227,22,22,364,4,28876.95
CUST-ACT-00228,22,22,369,2,11371.91
CUST-ACT-00229,56,56,248,145,11699.5
CUST-ACT-00230,138,138,217,138,14957.3
CUST-ACT-00231,58,58,908,87,44829.53
CUST-ACT-00232,133,133,646,154,8718.59
CUST-ACT-00233,19,19,958,95,37831.25
CUST-ACT-00234,27,27,601,133,72179.34
CUST-ACT-00235,67,67,942,160,48869.72
CUST-ACT-00236,99,99,326,120,2233.92
CUST-ACT-00237,19,19,188,16,28442.49
CUST-ACT-00238,40,40,473,79,53678.67
CUST-ACT-00239,78,78,288,14,27674.04
CUST-ACT-00240,128,128,354,85,16394.47
CUST-ACT-00241,39,39,914,154,6776.7
CUST-ACT-00242,73,73,781,145,6796.01
CUST-ACT-00243,97,97,531,104,12587.64
CUST-ACT-00244,117,117,170,139,32581.11
CUST-ACT-00245,47,47,315,140,24960.95
CUST-ACT-00246,140,140,427,142,68532.79
CUST-ACT-00247,121,121,914,159,32924.79
CUST-ACT-00248,74,74,448,57,72205.59
CUST-ACT-00249,75,75,536,86,49509.54
CUST-ACT-00250,45,45,869,8,3801.01
CUST-ACT-00251,143,143,559,103,45382.25
CUST-ACT-00252,129,129,450,169,5048.46
CUST-ACT-00253,50,50,419,86,71640.12
CUST-ACT-00254,101,101,614,89,73970.26
CUST-ACT-00255,24,24,326,65,43613.83
CUST-ACT-00256,70,70,290,5,73744.28
CUST-ACT-00257,137,137,75,20,1676.29
CUST-ACT-00258,126,126,719,47,29317.15
CUST-ACT-00259,14,14,419,25,9999.2
CUST-ACT-00260,96,96,124,11,55396.37
CUST-ACT-00261,128,128,852,131,52557.86
CUST-ACT-00262,121,121,186,51,6067.46
CUST-ACT-00263,22,22,605,152,31746.15
CUST-ACT-00264,135,135,646,102,17211.86
CUST-ACT-00265,143,143,569,61,17879.94
CUST-ACT-00266,52,52,908,138,56559.81
CUST-ACT-00267,89,89,868,112,40108.49
CUST-ACT-00268,146,146,34,104,2784.07
CUST-ACT-00269,87,87,580,51,5056.41
CUST-ACT-00270,108,108,652,5,62515.64
CUST-ACT-00271,107,107,305,86,57175.86
CUST-ACT-00272,69,69,809,48,10454.89
CUST-ACT-00273,98,98,82,35,6791.51
CUST-ACT-00274,49,49,89,83,41479.23
CUST-ACT-00275,60,60,755,27,28120.86
CUST-ACT-00276,62,62,376,100,69868.76
CUST-ACT-00277,19,19,941,100,36261.02
CUST-ACT-00278,27,27,778,99,48842.3
CUST-ACT-00279,127,127,319,148,59796.57
CUST-ACT-00280,77,77,591,162,65298.85
CUST-ACT-00281,34,34,72,133,13590.07
CUST-ACT-00282,74,74,563,118,7980.37
CUST-ACT-00283,6,6,992,176,46071.02
CUST-ACT-00284,147,147,616,115,21310.7
CUST-ACT-00285,9,9,319,122,48233.42
CUST-ACT-00286,144,144,71,46,40242.82
CUST-ACT-00287,53,53,489,136,65972.7
CUST-ACT-00288,48,48,880,101,45685.29
CUST-ACT-00289,123,123,425,9,46510.71
CUST-ACT-00290,18,18,859,41,3625.22
CUST-ACT-00291,6,6,257,122,32001.15
CUST-ACT-00292,11,11,682,90,70898.02
CUST-ACT-00293,59,59,267,124,68398.12
CUST-ACT-00294,25,25,217,14,52963.23
CUST-ACT-00295,70,70,788,21,70602.22
CUST-ACT-00296,1,1,412,149,15935.23
CUST-ACT-00297,47,47,919,62,53131.19
CUST-ACT-00298,67,67,962,14,3878.43
CUST-ACT-00299,55,55,464,46,37469.15
CUST-ACT-00300,77,77,185,131,19246.96
CUST-ACT-00301,112,112,252,92,54603.15
CUST-ACT-00302,49,49,545,74,32227.35
CUST-ACT-00303,104,104,881,57,26747.66
CUST-ACT-00304,96,96,352,178,28317.64
CUST-ACT-00305,40,40,381,117,33826.56
CUST-ACT-00306,22,22,571,169,2045.26
CUST-ACT-00307,12,12,279,117,941.63
CUST-ACT-00308,40,40,65,160,70417.59
CUST-ACT-00309,69,69,113,69,50928.86
CUST-ACT-00310,139,139,316,139,51951.77
CUST-ACT-00311,120,120,804,74,19024.01
CUST-ACT-00312,76,76,842,56,7265.51
CUST-ACT-00313,40,40,856,171,8684.0
CUST-ACT-00314,102,102,354,26,60328.95
CUST-ACT-00315,62,62,248,115,42984.16
CUST-ACT-00316,124,124,823,87,24006.37
CUST-ACT-00317,6,6,986,20,46342.27
CUST-ACT-00318,53,53,756,20,74438.92
CUST-ACT-00319,68,68,647,74,50680.67
CUST-ACT-00320,81,81,199,169,21002.82
CUST-ACT-00321,99,99,999,79,50029.16
CUST-ACT-00322,27,27,641,155,60326.11
CUST-ACT-00323,61,61,809,73,59106.67
CUST-ACT-00324,32,32,423,101,42086.54
CUST-ACT-00325,26,26,316,162,15005.82
CUST-ACT-00326,59,59,68,75,2965.63
CUST-ACT-00327,36,36,698,42,69574.26
CUST-ACT-00328,40,40,714,168,36172.5
CUST-ACT-00329,125,125,668,137,55853.21
CUST-ACT-00330,10,10,581,61,40640.88
CUST-ACT-00331,40,40,982,61,12495.32
CUST-ACT-00332,41,41,567,80,41019.05
CUST-ACT-00333,115,115,507,20,13287.58
CUST-ACT-00334,118,118,249,113,70606.0
CUST-ACT-00335,67,67,705,91,6181.68
CUST-ACT-00336,66,66,426,74,35833.72
CUST-ACT-00337,83,83,773,75,2221.42
CUST-ACT-00338,42,42,416,46,29129.58
CUST-ACT-00339,105,105,875,66,29234.05
CUST-ACT-00340,57,57,594,144,46331.3
CUST-ACT-00341,22,22,760,78,63792.21
CUST-ACT-00342,3,3,232,142,34886.53
CUST-ACT-00343,46,46,796,113,70837.52
CUST-ACT-00344,29,29,435,30,50716.29
CUST-ACT-00345,13,13,335,2,10800.18
CUST-ACT-00346,52,52,43,54,40350.02
CUST-ACT-00347,59,59,54,171,69646.16
CUST-ACT-00348,141,141,271,104,43586.06
CUST-ACT-00349,39,39,791,88,29595.43
CUST-ACT-00350,86,86,893,93,7004.85
CUST-ACT-00351,114,114,444,85,10194.04
CUST-ACT-00352,119,119,895,53,32919.58
CUST-ACT-00353,132,132,616,98,27222.44
CUST-ACT-00354,115,115,251,7,72229.27
CUST-ACT-00355,117,117,815,176,62890.95
CUST-ACT-00356,80,80,841,47,55245.35
CUST-ACT-00357,32,32,810,27,41368.08
CUST-ACT-00358,6,6,703,141,22739.61
CUST-ACT-00359,9,9,569,116,55245.1
CUST-ACT-00360,121,121,113,107,22600.61
CUST-ACT-00361,39,39,887,51,39417.64
CUST-ACT-00362,63,63,122,52,14464.86
CUST-ACT-00363,88,88,956,165,58753.97
CUST-ACT-00364,13,13,295,46,22561.52
CUST-ACT-00365,115,115,504,39,23990.75
CUST-ACT-00366,48,48,983,166,68203.29
CUST-ACT-00367,60,60,450,57,37903.03
CUST-ACT-00368,1,1,168,100,62939.7
CUST-ACT-00369,56,56,809,146,33333.61
CUST-ACT-00370,41,41,236,165,3086.35
CUST-ACT-00371,54,54,411,154,20904.2
CUST-ACT-00372,71,71,92,175,59342.31
CUST-ACT-00373,100,100,126,105,29977.26
CUST-ACT-00374,55,55,587,117,18723.08
CUST-ACT-00375,4,4,190,25,63035.3
CUST-ACT-00376,146,146,573,88,61404.13
CUST-ACT-00377,69,69,237,22,18655.32
CUST-ACT-00378,20,20,547,9,14003.97
CUST-ACT-00379,101,101,493,65,1050.27
CUST-ACT-00380,112,112,106,119,37333.98
CUST-ACT-00381,70,70,307,102,28672.01
CUST-ACT-00382,42,42,600,97,30562.37
CUST-ACT-00383,53,53,780,171,50961.53
CUST-ACT-00384,29,29,592,65,22180.31
CUST-ACT-00385,118,118,604,38,74607.72
CUST-ACT-00386,131,131,775,20,40525.07
CUST-ACT-00387,24,24,941,172,23889.96
CUST-ACT-00388,71,71,639,44,67329.61
CUST-ACT-00389,116,116,455,106,31794.24
CUST-ACT-00390,130,130,233,7,17049.74
CUST-ACT-00391,143,143,429,97,8034.31
CUST-ACT-00392,80,80,432,132,14421.62
CUST-ACT-00393,49,49,687,16,74256.59
CUST-ACT-00394,14,14,195,80,26034.07
CUST-ACT-00395,97,97,843,19,36393.81
CUST-ACT-00396,9,9,530,83,39730.22
CUST-ACT-00397,148,148,756,9,41059.2
CUST-ACT-00398,98,98,750,145,1981.94
CUST-ACT-00399,19,19,234,27,28674.71
CUST-ACT-00400,90,90,59,56,38190.08
CUST-ACT-00401,98,98,707,162,66219.39
CUST-ACT-00402,18,18,688,132,70071.15
CUST-ACT-00403,24,24,442,5,25266.28
CUST-ACT-00404,39,39,578,2,57091.23
CUST-ACT-00405,49,49,811,1,11385.32
CUST-ACT-00406,125,125,891,83,48113.57
CUST-ACT-00407,140,140,581,152,72296.95
CUST-ACT-00408,92,92,104,15,72889.48
CUST-ACT-00409,2,2,767,121,42490.28
CUST-ACT-00410,149,149,494,120,21167.05
CUST-ACT-00411,135,135,333,54,47341.77
CUST-ACT-00412,46,46,558,152,14027.48
CUST-ACT-00413,114,114,157,160,32040.82
CUST-ACT-00414,2,2,101,154,40963.58
CUST-ACT-00415,31,31,947,54,4127.51
CUST-ACT-00416,55,55,153,50,60598.89
CUST-ACT-00417,77,77,543,22,15611.85
CUST-ACT-00418,76,76,529,34,67381.71
CUST-ACT-00419,148,148,214,70,61927.25
CUST-ACT-00420,31,31,69,66,24621.81
CUST-ACT-00421,79,79,245,59,66772.22
CUST-ACT-00422,78,78,313,93,30877.95
CUST-ACT-00423,43,43,502,68,8854.66
CUST-ACT-00424,141,141,714,88,65640.97
CUST-ACT-00425,111,111,942,1,17834.96
CUST-ACT-00426,85,85,795,40,71535.2
CUST-ACT-00427,134,134,481,81,32939.61
CUST-ACT-00428,85,85,782,81,61422.61
CUST-ACT-00429,78,78,584,113,26900.87
CUST-ACT-00430,140,140,730,68,4679.14
CUST-ACT-00431,82,82,453,28,20116.83
CUST-ACT-00432,16,16,542,100,16051.62
CUST-ACT-00433,117,117,557,151,58061.98
CUST-ACT-00434,45,45,761,33,54481.83
CUST-ACT-00435,78,78,385,167,50851.94
CUST-ACT-00436,98,98,626,114,61534.31
CUST-ACT-00437,54,54,529,120,5901.92
CUST-ACT-00438,7,7,441,139,32293.95
CUST-ACT-00439,17,17,783,62,74998.29
CUST-ACT-00440,25,25,101,80,4177.21
CUST-ACT-00441,14,14,277,77,54840.11
CUST-ACT-00442,29,29,763,148,52137.8
CUST-ACT-00443,25,25,241,30,57478.01
CUST-ACT-00444,18,18,706,65,26095.99
CUST-ACT-00445,115,115,667,72,22952.71
CUST-ACT-00446,133,133,928,67,68237.11
CUST-ACT-00447,26,26,413,24,17492.68
CUST-ACT-00448,42,42,708,83,22936.56
CUST-ACT-00449,12,12,321,47,15599.82
CUST-ACT-00450,97,97,899,162,51001.06
CUST-ACT-00451,41,41,360,106,12929.97
CUST-ACT-00452,131,131,422,54,34370.35
CUST-ACT-00453,42,42,574,129,26510.37
CUST-ACT-00454,118,118,838,97,36975.89
CUST-ACT-00455,49,49,272,67,72314.21
CUST-ACT-00456,64,64,272,5,13092.1
CUST-ACT-00457,124,124,656,104,42414.98
CUST-ACT-00458,100,100,75,156,30084.1
CUST-ACT-00459,88,88,249,90,62650.24
CUST-ACT-00460,49,49,191,69,59107.03
CUST-ACT-00461,37,37,466,164,72749.13
CUST-ACT-00462,3,3,747,133,60609.73
CUST-ACT-00463,86,86,871,129,8139.45
CUST-ACT-00464,49,49,351,29,71587.88
CUST-ACT-00465,38,38,831,11,60464.38
CUST-ACT-00466,28,28,315,86,37731.8
CUST-ACT-00467,48,48,655,34,23445.75
CUST-ACT-00468,2,2,456,120,42626.02
CUST-ACT-00469,45,45,613,69,30437.76
CUST-ACT-00470,47,47,78,169,68797.59
CUST-ACT-00471,59,59,879,136,44926.42
CUST-ACT-00472,85,85,135,145,22054.49
CUST-ACT-00473,90,90,210,67,65055.63
CUST-ACT-00474,141,141,671,76,19266.5
CUST-ACT-00475,52,52,502,74,45694.15
CUST-ACT-00476,100,100,312,109,21699.89
CUST-ACT-00477,14,14,860,159,35949.63
CUST-ACT-00478,11,11,884,113,10790.94
CUST-ACT-00479,124,124,102,176,70210.86
CUST-ACT-00480,40,40,127,34,47713.06
CUST-ACT-00481,146,146,292,52,44506.68
CUST-ACT-00482,38,38,878,42,4163.89
CUST-ACT-00483,23,23,561,152,60179.08
CUST-ACT-00484,20,20,545,71,62996.81
CUST-ACT-00485,60,60,703,139,6692.62
CUST-ACT-00486,56,56,623,100,26969.4
CUST-ACT-00487,138,138,88,28,19158.47
CUST-ACT-00488,71,71,621,156,41759.15
CUST-ACT-00489,53,53,442,91,35778.63
CUST-ACT-00490,40,40,406,124,60963.41
CUST-ACT-00491,131,131,481,33,56612.69
CUST-ACT-00492,68,68,888,75,29095.68
CUST-ACT-00493,14,14,364,163,25436.8
CUST-ACT-00494,71,71,886,120,52454.69
CUST-ACT-00495,40,40,523,11,30723.2
CUST-ACT-00496,85,85,576,91,59207.79
CUST-ACT-00497,96,96,199,107,67726.2
CUST-ACT-00498,6,6,706,99,63039.89
CUST-ACT-00499,69,69,726,25,42199.93
CUST-ACT-00500,110,110,471,111,59107.01
CUST-ACT-00501,86,86,585,148,45030.56
CUST-ACT-00502,70,70,558,59,74472.68
CUST-ACT-00503,86,86,198,178,6937.08
CUST-ACT-00504,40,40,406,110,39329.6
CUST-ACT-00505,107,107,688,30,74957.52
CUST-ACT-00506,8,8,124,27,2844.36
CUST-ACT-00507,111,111,215,16,32484.33
CUST-ACT-00508,116,116,911,76,34531.18
CUST-ACT-00509,137,137,37,82,4790.71
CUST-ACT-00510,89,89,248,5,13699.17
CUST-ACT-00511,14,14,609,107,33191.15
CUST-ACT-00512,108,108,356,165,6265.01
CUST-ACT-00513,131,131,449,143,60594.33
CUST-ACT-00514,130,130,609,130,63536.39
CUST-ACT-00515,115,115,804,177,52833.74
CUST-ACT-00516,97,97,429,119,37255.11
CUST-ACT-00517,81,81,777,4,9045.07
CUST-ACT-00518,22,22,367,113,58319.35
CUST-ACT-00519,36,36,582,157,29367.76
CUST-ACT-00520,145,145,216,151,61337.24
CUST-ACT-00521,145,145,153,165,66985.38
CUST-ACT-00522,113,113,957,16,8756.64
CUST-ACT-00523,57,57,638,76,45704.52
CUST-ACT-00524,101,101,718,46,71128.57
CUST-ACT-00525,60,60,486,81,50075.63
CUST-ACT-00526,132,132,851,65,46049.39
CUST-ACT-00527,90,90,996,89,22984.92
CUST-ACT-00528,5,5,308,164,35363.78
CUST-ACT-00529,47,47,359,72,11586.25
CUST-ACT-00530,113,113,101,59,34065.93
CUST-ACT-00531,14,14,40,128,6875.06
CUST-ACT-00532,133,133,469,168,67952.57
CUST-ACT-00533,121,121,173,52,17959.81
CUST-ACT-00534,78,78,164,102,55770.83
CUST-ACT-00535,146,146,291,88,10381.46
CUST-ACT-00536,50,50,370,135,55078.04
CUST-ACT-00537,14,14,397,31,67846.45
CUST-ACT-00538,28,28,865,127,52616.72
CUST-ACT-00539,136,136,165,92,44120.45
CUST-ACT-00540,51,51,805,83,48000.8
CUST-ACT-00541,127,127,760,57,6902.35
CUST-ACT-00542,115,115,159,16,40083.17
CUST-ACT-00543,6,6,111,57,10402.77
CUST-ACT-00544,58,58,486,179,52482.06
CUST-ACT-00545,101,101,862,141,39921.17
CUST-ACT-00546,96,96,712,110,71962.97
CUST-ACT-00547,129,129,478,122,57638.2
CUST-ACT-00548,115,115,306,43,52481.14
CUST-ACT-00549,56,56,110,68,65187.87
CUST-ACT-00550,122,122,591,33,17806.06
CUST-ACT-00551,52,52,364,71,2064.11
CUST-ACT-00552,99,99,653,58,48129.84
CUST-ACT-00553,5,5,211,19,24911.63
CUST-ACT-00554,12,12,853,68,33722.34
CUST-ACT-00555,129,129,579,154,58124.03
CUST-ACT-00556,115,115,284,23,10598.75
CUST-ACT-00557,56,56,395,18,16867.63
CUST-ACT-00558,74,74,458,156,4481.16
CUST-ACT-00559,96,96,947,138,8467.13
CUST-ACT-00560,1,1,876,140,17524.67
CUST-ACT-00561,140,140,713,172,16230.94
CUST-ACT-00562,130,130,483,131,35016.56
CUST-ACT-00563,26,26,931,81,57370.42
CUST-ACT-00564,105,105,341,110,7327.63
CUST-ACT-00565,112,112,79,102,33346.55
CUST-ACT-00566,62,62,332,83,71686.46
CUST-ACT-00567,44,44,543,150,7579.38
CUST-ACT-00568,111,111,755,78,37504.72
CUST-ACT-00569,7,7,341,63,4368.15
CUST-ACT-00570,57,57,553,23,65740.24
CUST-ACT-00571,109,109,253,73,48247.73
CUST-ACT-00572,45,45,995,61,71551.54
CUST-ACT-00573,99,99,393,76,13100.35
CUST-ACT-00574,1,1,437,104,72527.86
CUST-ACT-00575,21,21,382,131,26247.08
CUST-ACT-00576,139,139,66,5,8946.82
CUST-ACT-00577,143,143,210,127,57275.83
CUST-ACT-00578,21,21,745,100,73110.7
CUST-ACT-00579,92,92,386,122,13869.61
CUST-ACT-00580,36,36,211,98,62482.19
CUST-ACT-00581,143,143,523,171,25036.48
CUST-ACT-00582,54,54,784,164,23711.47
CUST-ACT-00583,48,48,592,63,73939.05
CUST-ACT-00584,9,9,921,16,41194.5
CUST-ACT-00585,53,53,236,18,68374.56
CUST-ACT-00586,146,146,372,124,56595.26
CUST-ACT-00587,87,87,990,61,30457.96
CUST-ACT-00588,67,67,834,78,36643.4
CUST-ACT-00589,71,71,473,7,32039.07
CUST-ACT-00590,96,96,751,68,47295.49
CUST-ACT-00591,10,10,639,141,2717.44
CUST-ACT-00592,147,147,502,54,21935.86
CUST-ACT-00593,25,25,504,37,72023.99
CUST-ACT-00594,31,31,637,115,51921.01
CUST-ACT-00595,21,21,772,146,31219.14
CUST-ACT-00596,49,49,846,89,27940.49
CUST-ACT-00597,77,77,680,9,32216.29
CUST-ACT-00598,115,115,506,18,16249.87
CUST-ACT-00599,75,75,296,58,42893.74
CUST-ACT-00600,80,80,548,33,71100.74
CUST-ACT-00601,85,85,405,94,27703.17
CUST-ACT-00602,141,141,612,61,50227.83
CUST-ACT-00603,97,97,960,3,15476.89
CUST-ACT-00604,111,111,53,46,42236.72
CUST-ACT-00605,44,44,175,116,5247.69
CUST-ACT-00606,146,146,226,8,1239.35
CUST-ACT-00607,64,64,746,32,56766.61
CUST-ACT-00608,12,12,832,152,6915.06
CUST-ACT-00609,63,63,835,14,7972.93
CUST-ACT-00610,115,115,841,138,66193.89
CUST-ACT-00611,77,77,190,173,73318.47
CUST-ACT-00612,115,115,775,101,7278.4
CUST-ACT-00613,53,53,662,48,74307.46
CUST-ACT-00614,90,90,953,59,58443.63
CUST-ACT-00615,66,66,244,100,63104.18
CUST-ACT-00616,74,74,828,112,38549.6
CUST-ACT-00617,140,140,189,137,25978.54
CUST-ACT-00618,100,100,160,142,68210.72
CUST-ACT-00619,37,37,495,11,74002.83
CUST-ACT-00620,29,29,581,90,45391.62
CUST-ACT-00621,30,30,139,49,29300.28
CUST-ACT-00622,104,104,162,84,56812.83
CUST-ACT-00623,24,24,210,71,48973.5
CUST-ACT-00624,100,100,843,5,73322.55
CUST-ACT-00625,78,78,350,164,26029.94
CUST-ACT-00626,138,138,158,129,53186.48
CUST-ACT-00627,38,38,678,29,74901.41
CUST-ACT-00628,85,85,158,43,55163.54
CUST-ACT-00629,86,86,901,147,29027.42
CUST-ACT-00630,46,46,124,59,52352.7
CUST-ACT-00631,138,138,260,28,30868.38
CUST-ACT-00632,76,76,661,94,72880.31
CUST-ACT-00633,63,63,213,178,73769.92
CUST-ACT-00634,71,71,262,129,17543.85
CUST-ACT-00635,34,34,538,41,24961.67
CUST-ACT-00636,104,104,116,146,23864.6
CUST-ACT-00637,37,37,777,47,74892.64
CUST-ACT-00638,80,80,916,4,32780.24
CUST-ACT-00639,73,73,46,4,43089.69
CUST-ACT-00640,115,115,544,141,59479.77
CUST-ACT-00641,132,132,753,25,50273.47
CUST-ACT-00642,73,73,887,136,68587.16
CUST-ACT-00643,64,64,296,91,65925.77
CUST-ACT-00644,124,124,668,119,70277.89
CUST-ACT-00645,133,133,469,19,41733.25
CUST-ACT-00646,73,73,650,9,58150.26
CUST-ACT-00647,81,81,224,136,47088.76
CUST-ACT-00648,128,128,296,141,69170.89
CUST-ACT-00649,17,17,699,35,8798.26
CUST-ACT-00650,86,86,136,92,37433.19
CUST-ACT-00651,11,11,549,137,28383.45
CUST-ACT-00652,116,116,179,48,6851.21
CUST-ACT-00653,40,40,405,23,27874.98
CUST-ACT-00654,81,81,550,118,36566.32
CUST-ACT-00655,77,77,594,79,21655.73
CUST-ACT-00656,23,23,292,80,37477.14
CUST-ACT-00657,145,145,92,13,70748.76
CUST-ACT-00658,82,82,364,9,51426.67
CUST-ACT-00659,136,136,790,63,34812.91
CUST-ACT-00660,6,6,37,8,5397.79
CUST-ACT-00661,11,11,264,57,41131.5
CUST-ACT-00662,88,88,397,169,6762.66
CUST-ACT-00663,32,32,363,150,44912.14
CUST-ACT-00664,84,84,802,109,9886.58
CUST-ACT-00665,35,35,911,104,9505.06
CUST-ACT-00666,6,6,781,74,9499.94
CUST-ACT-00667,21,21,574,158,43151.55
CUST-ACT-00668,16,16,240,79,19188.73
CUST-ACT-00669,133,133,860,163,70528.52
CUST-ACT-00670,3,3,825,25,44296.36
CUST-ACT-00671,22,22,659,121,17190.55
CUST-ACT-00672,102,102,874,91,20097.49
CUST-ACT-00673,87,87,334,165,32372.65
CUST-ACT-00674,32,32,917,39,56691.07
CUST-ACT-00675,26,26,467,116,10655.61
CUST-ACT-00676,149,149,892,134,42429.9
CUST-ACT-00677,52,52,337,121,21559.3
CUST-ACT-00678,113,113,732,176,49448.88
CUST-ACT-00679,19,19,86,3,73203.96
CUST-ACT-00680,16,16,62,9,47943.21
CUST-ACT-00681,78,78,484,81,50241.07
CUST-ACT-00682,43,43,505,104,32846.19
CUST-ACT-00683,58,58,613,158,41365.32
CUST-ACT-00684,65,65,202,71,28614.99
CUST-ACT-00685,59,59,592,112,67203.78
CUST-ACT-00686,93,93,393,98,74795.8
CUST-ACT-00687,36,36,913,4,2125.96
CUST-ACT-00688,63,63,155,57,36246.42
CUST-ACT-00689,82,82,80,174,73971.01
CUST-ACT-00690,15,15,659,60,56633.92
CUST-ACT-00691,14,14,470,34,21217.01
CUST-ACT-00692,134,134,701,74,15557.92
CUST-ACT-00693,20,20,384,41,5914.16
CUST-ACT-00694,56,56,162,172,4361.7
CUST-ACT-00695,13,13,625,142,46297.53
CUST-ACT-00696,128,128,260,88,43270.42
CUST-ACT-00697,63,63,889,21,65674.79
CUST-ACT-00698,112,112,659,136,47559.05
CUST-ACT-00699,102,102,797,120,8410.59
CUST-ACT-00700,96,96,818,126,58781.07
CUST-ACT-00701,107,107,830,87,61448.27
CUST-ACT-00702,64,64,981,35,8400.13
CUST-ACT-00703,51,51,206,118,30214.59
CUST-ACT-00704,143,143,627,3,66130.06
CUST-ACT-00705,95,95,473,35,53084.44
CUST-ACT-00706,145,145,491,107,30693.68
CUST-ACT-00707,98,98,67,26,74508.77
CUST-ACT-00708,126,126,341,123,68173.24
CUST-ACT-00709,2,2,913,111,42045.53
CUST-ACT-00710,92,92,681,86,6860.03
CUST-ACT-00711,23,23,748,120,15028.89
CUST-ACT-00712,30,30,672,10,3424.87
CUST-ACT-00713,123,123,233,146,52451.2
CUST-ACT-00714,70,70,153,163,19744.51
CUST-ACT-00715,49,49,153,72,23275.99
CUST-ACT-00716,133,133,681,144,9837.09
CUST-ACT-00717,13,13,707,171,34915.35
CUST-ACT-00718,41,41,369,138,30806.43
CUST-ACT-00719,140,140,603,93,66904.31
CUST-ACT-00720,113,113,334,145,24597.72
CUST-ACT-00721,60,60,852,20,50582.72
CUST-ACT-00722,112,112,46,149,63341.05
CUST-ACT-00723,140,140,824,175,62808.65
CUST-ACT-00724,54,54,261,18,25925.97
CUST-ACT-00725,20,20,558,108,70350.72
CUST-ACT-00726,130,130,636,63,65144.64
CUST-ACT-00727,83,83,306,57,49813.19
CUST-ACT-00728,124,124,754,16,2155.37
CUST-ACT-00729,74,74,594,106,54084.46
CUST-ACT-00730,59,59,377,179,11754.96
CUST-ACT-00731,20,20,632,177,4169.95
CUST-ACT-00732,32,32,583,154,51350.88
CUST-ACT-00733,135,135,422,35,14019.67
CUST-ACT-00734,54,54,509,6,26717.93
CUST-ACT-00735,9,9,909,106,25424.3
CUST-ACT-00736,72,72,402,151,54555.58
CUST-ACT-00737,146,146,865,175,33082.92
CUST-ACT-00738,111,111,532,165,5063.21
CUST-ACT-00739,93,93,322,40,13264.85
CUST-ACT-00740,126,126,991,156,23615.17
CUST-ACT-00741,137,137,747,25,21464.15
CUST-ACT-00742,75,75,217,136,51121.17
CUST-ACT-00743,43,43,764,102,17445.09
CUST-ACT-00744,99,99,867,38,56317.34
CUST-ACT-00745,104,104,335,124,46582.06
CUST-ACT-00746,116,116,254,173,29702.54
CUST-ACT-00747,133,133,485,57,14304.03
CUST-ACT-00748,55,55,759,71,29609.29
CUST-ACT-00749,12,12,235,132,51420.33
CUST-ACT-00750,59,59,927,5,3719.79
CUST-ACT-00751,130,130,122,50,44017.08
CUST-ACT-00752,94,94,796,99,3805.31
CUST-ACT-00753,93,93,602,10,57321.7
CUST-ACT-00754,48,48,234,37,20709.74
CUST-ACT-00755,138,138,903,3,70013.0
CUST-ACT-00756,98,98,917,64,46834.15
CUST-ACT-00757,116,116,492,14,50802.97
CUST-ACT-00758,77,77,811,53,10163.01
CUST-ACT-00759,21,21,547,30,57053.78
CUST-ACT-00760,54,54,182,146,21287.85
CUST-ACT-00761,81,81,917,157,69973.04
CUST-ACT-00762,89,89,93,137,68903.1
CUST-ACT-00763,73,73,81,141,43606.12
CUST-ACT-00764,123,123,667,154,24969.62
CUST-ACT-00765,3,3,999,22,57372.95
CUST-ACT-00766,21,21,926,117,3992.51
CUST-ACT-00767,60,60,35,7,43194.14
CUST-ACT-00768,106,106,917,5,71117.07
CUST-ACT-00769,75,75,884,24,24639.86
CUST-ACT-00770,59,59,198,44,19954.99
CUST-ACT-00771,43,43,856,3,63755.61
CUST-ACT-00772,136,136,64,116,53852.82
CUST-ACT-00773,137,137,524,16,3823.69
CUST-ACT-00774,106,106,633,32,35500.61
CUST-ACT-00775,146,146,446,116,74099.18
CUST-ACT-00776,42,42,997,75,1109.28
CUST-ACT-00777,118,118,662,96,63610.5
CUST-ACT-00778,75,75,987,173,73562.16
CUST-ACT-00779,111,111,986,79,9812.67
CUST-ACT-00780,141,141,988,3,13486.78
CUST-ACT-00781,3,3,558,95,17512.48
CUST-ACT-00782,39,39,198,152,18383.52
CUST-ACT-00783,55,55,845,47,22645.1
CUST-ACT-00784,70,70,406,103,52296.62
CUST-ACT-00785,43,43,352,170,13942.07
CUST-ACT-00786,54,54,898,62,53243.53
CUST-ACT-00787,75,75,689,104,66027.87
CUST-ACT-00788,30,30,491,108,5072.73
CUST-ACT-00789,149,149,917,155,58689.18
CUST-ACT-00790,56,56,636,45,4228.24
CUST-ACT-00791,112,112,359,27,61646.54
CUST-ACT-00792,53,53,284,111,1304.13
CUST-ACT-00793,39,39,535,42,28670.5
CUST-ACT-00794,78,78,536,47,16875.16
CUST-ACT-00795,34,34,756,86,68485.14
CUST-ACT-00796,5,5,739,36,36754.12
CUST-ACT-00797,77,77,285,165,66644.13
CUST-ACT-00798,112,112,512,154,58830.24
CUST-ACT-00799,118,118,562,152,15976.41
CUST-ACT-00800,38,38,330,100,19102.37
CUST-ACT-00801,86,86,953,110,70344.74
CUST-ACT-00802,76,76,355,132,14730.17
CUST-ACT-00803,2,2,586,131,56102.57
CUST-ACT-00804,108,108,517,16,65696.99
CUST-ACT-00805,17,17,634,18,9489.73
CUST-ACT-00806,148,148,913,156,57920.93
CUST-ACT-00807,13,13,538,158,46478.12
CUST-ACT-00808,80,80,815,124,71319.08
CUST-ACT-00809,18,18,456,162,44411.33
CUST-ACT-00810,123,123,523,32,63075.77
CUST-ACT-00811,90,90,462,126,12183.34
CUST-ACT-00812,12,12,730,48,74045.97
CUST-ACT-00813,89,89,192,17,23567.61
CUST-ACT-00814,56,56,307,108,40509.96
CUST-ACT-00815,36,36,512,76,58851.56
CUST-ACT-00816,56,56,113,128,5127.27
CUST-ACT-00817,48,48,60,14,28782.51
CUST-ACT-00818,100,100,733,16,3958.99
CUST-ACT-00819,39,39,32,66,25265.61
CUST-ACT-00820,139,139,471,31,60799.63
CUST-ACT-00821,129,129,713,20,28626.1
CUST-ACT-00822,103,103,548,60,3963.06
CUST-ACT-00823,47,47,544,9,68384.65
CUST-ACT-00824,100,100,641,54,65303.55
CUST-ACT-00825,58,58,615,173,4531.25
CUST-ACT-00826,78,78,723,64,9857.48
CUST-ACT-00827,84,84,914,68,50604.87
CUST-ACT-00828,21,21,723,139,56058.02
CUST-ACT-00829,70,70,459,94,16733.57
CUST-ACT-00830,120,120,595,164,46921.7
CUST-ACT-00831,90,90,204,19,64610.76
CUST-ACT-00832,139,139,874,8,29071.79
CUST-ACT-00833,17,17,380,161,58688.93
CUST-ACT-00834,111,111,333,78,61831.1
CUST-ACT-00835,62,62,407,26,57501.78
CUST-ACT-00836,116,116,669,18,29685.25
CUST-ACT-00837,99,99,466,51,44666.96
CUST-ACT-00838,99,99,579,71,63809.57
CUST-ACT-00839,91,91,80,140,54396.31
CUST-ACT-00840,136,136,753,45,25445.85
CUST-ACT-00841,7,7,84,174,73184.97
CUST-ACT-00842,57,57,640,72,14799.45
CUST-ACT-00843,88,88,494,91,30136.75
CUST-ACT-00844,66,66,872,101,70666.29
CUST-ACT-00845,8,8,773,24,9321.41
CUST-ACT-00846,40,40,434,156,58062.16
CUST-ACT-00847,27,27,999,103,65614.54
CUST-ACT-00848,143,143,597,73,45384.32
CUST-ACT-00849,36,36,211,127,6868.97
CUST-ACT-00850,104,104,770,115,18212.02
CUST-ACT-00851,9,9,335,80,34284.71
CUST-ACT-00852,63,63,918,60,17994.35
CUST-ACT-00853,6,6,366,87,4337.47
CUST-ACT-00854,93,93,611,38,26996.14
CUST-ACT-00855,5,5,914,47,68779.46
CUST-ACT-00856,97,97,817,83,27516.3
CUST-ACT-00857,37,37,958,139,64273.14
CUST-ACT-00858,11,11,37,59,64792.55
CUST-ACT-00859,76,76,506,100,70747.16
CUST-ACT-00860,116,116,761,5,60868.57
CUST-ACT-00861,98,98,397,32,30891.54
CUST-ACT-00862,110,110,395,152,31262.85
CUST-ACT-00863,121,121,269,124,41981.09
CUST-ACT-00864,133,133,788,71,33842.6
CUST-ACT-00865,20,20,417,28,74174.53
CUST-ACT-00866,147,147,535,71,10807.48
CUST-ACT-00867,88,88,319,177,55820.72
CUST-ACT-00868,136,136,922,174,68174.98
CUST-ACT-00869,21,21,614,176,6272.64
CUST-ACT-00870,10,10,801,31,34777.0
CUST-ACT-00871,63,63,948,132,38275.16
CUST-ACT-00872,94,94,111,28,37525.96
CUST-ACT-00873,14,14,279,6,52946.2
CUST-ACT-00874,74,74,591,71,12694.04
CUST-ACT-00875,74,74,478,79,48896.23
CUST-ACT-00876,19,19,372,174,6696.07
CUST-ACT-00877,108,108,809,23,12925.58
CUST-ACT-00878,12,12,897,167,14886.96
CUST-ACT-00879,88,88,469,122,69309.76
CUST-ACT-00880,132,132,237,150,27879.64
CUST-ACT-00881,64,64,792,154,35734.52
CUST-ACT-00882,70,70,41,103,59662.57
CUST-ACT-00883,82,82,271,27,13397.19
CUST-ACT-00884,145,145,499,141,30141.96
CUST-ACT-00885,105,105,755,80,66781.92
CUST-ACT-00886,35,35,772,78,60780.95
CUST-ACT-00887,29,29,586,137,63961.94
CUST-ACT-00888,97,97,381,48,8040.83
CUST-ACT-00889,6,6,275,113,54220.94
CUST-ACT-00890,127,127,326,55,61691.73
CUST-ACT-00891,109,109,92,39,61806.82
CUST-ACT-00892,20,20,789,169,7842.21
CUST-ACT-00893,30,30,594,139,18009.97
CUST-ACT-00894,79,79,742,69,72768.23
CUST-ACT-00895,100,100,488,172,13112.06
CUST-ACT-00896,79,79,190,25,72988.64
CUST-ACT-00897,149,149,335,64,36311.11
CUST-ACT-00898,65,65,950,89,43899.32
CUST-ACT-00899,16,16,385,29,64360.89
CUST-ACT-00900,6,6,762,107,57182.21
CUST-ACT-00901,17,17,231,121,70393.39
CUST-ACT-00902,26,26,558,68,46903.35
CUST-ACT-00903,27,27,439,78,20468.09
CUST-ACT-00904,30,30,287,32,47378.27
CUST-ACT-00905,23,23,211,37,2798.35
CUST-ACT-00906,110,110,875,91,43654.97
CUST-ACT-00907,63,63,477,60,14651.76
CUST-ACT-00908,43,43,111,133,44527.88
CUST-ACT-00909,6,6,425,103,45369.23
CUST-ACT-00910,23,23,98,67,30334.24
CUST-ACT-00911,99,99,42,161,40600.48
CUST-ACT-00912,53,53,935,80,11396.12
CUST-ACT-00913,92,92,984,174,55325.52
CUST-ACT-00914,14,14,434,175,9886.01
CUST-ACT-00915,54,54,335,171,10380.32
CUST-ACT-00916,51,51,417,22,68136.14
CUST-ACT-00917,53,53,446,82,16686.39
CUST-ACT-00918,138,138,622,50,68987.15
CUST-ACT-00919,72,72,37,177,19824.23
CUST-ACT-00920,20,20,377,122,50728.15
CUST-ACT-00921,63,63,101,40,48660.27
CUST-ACT-00922,44,44,219,145,4625.43
CUST-ACT-00923,71,71,637,125,35233.47
CUST-ACT-00924,131,131,909,29,70913.41
CUST-ACT-00925,85,85,546,60,21776.59
CUST-ACT-00926,84,84,773,62,56168.31
CUST-ACT-00927,98,98,867,61,12193.85
CUST-ACT-00928,107,107,575,102,67648.32
CUST-ACT-00929,127,127,294,178,44367.46
CUST-ACT-00930,45,45,901,69,53319.2
CUST-ACT-00931,101,101,344,169,49735.25
CUST-ACT-00932,135,135,757,127,50803.42
CUST-ACT-00933,15,15,239,145,64313.05
CUST-ACT-00934,116,116,53,35,37345.73
CUST-ACT-00935,74,74,128,154,59364.35
CUST-ACT-00936,118,118,885,169,44030.39
CUST-ACT-00937,18,18,717,163,54163.31
CUST-ACT-00938,24,24,263,40,47017.39
CUST-ACT-00939,110,110,270,141,69076.87
CUST-ACT-00940,78,78,360,103,52483.05
CUST-ACT-00941,148,148,925,96,69339.15
CUST-ACT-00942,96,96,128,89,7281.37
CUST-ACT-00943,86,86,539,2,36779.28
CUST-ACT-00944,107,107,510,7,32294.14
CUST-ACT-00945,31,31,536,58,68090.26
CUST-ACT-00946,45,45,208,80,26131.22
CUST-ACT-00947,109,109,129,51,21103.61
CUST-ACT-00948,110,110,713,87,62506.79
CUST-ACT-00949,46,46,683,134,34849.47
CUST-ACT-00950,15,15,245,92,67013.95
CUST-ACT-00951,115,115,496,72,11503.1
CUST-ACT-00952,85,85,194,177,7818.8
CUST-ACT-00953,33,33,100,122,18185.2
CUST-ACT-00954,40,40,348,102,48466.86
CUST-ACT-00955,139,139,490,109,35155.89
CUST-ACT-00956,65,65,621,39,19381.98
CUST-ACT-00957,63,63,726,121,37362.15
CUST-ACT-00958,3,3,271,66,769.73
CUST-ACT-00959,77,77,445,36,60424.73
CUST-ACT-00960,38,38,565,66,45922.33
CUST-ACT-00961,96,96,80,111,50387.15
CUST-ACT-00962,72,72,260,102,18120.93
CUST-ACT-00963,141,141,71,23,4927.08
CUST-ACT-00964,92,92,432,15,2658.32
CUST-ACT-00965,118,118,823,119,35001.78
CUST-ACT-00966,58,58,238,159,21527.51
CUST-ACT-00967,78,78,74,87,55717.96
CUST-ACT-00968,72,72,201,23,14766.69
CUST-ACT-00969,43,43,334,72,41777.42
CUST-ACT-00970,43,43,221,76,28308.74
CUST-ACT-00971,137,137,788,39,54632.0
CUST-ACT-00972,124,124,987,170,73911.99
CUST-ACT-00973,27,27,447,75,32155.99
CUST-ACT-00974,97,97,606,174,53009.01
CUST-ACT-00975,147,147,84,105,40882.71
CUST-ACT-00976,72,72,678,10,20040.46
CUST-ACT-00977,60,60,351,71,46352.26
CUST-ACT-00978,58,58,545,6,27486.33
CUST-ACT-00979,41,41,662,12,12508.12
CUST-ACT-00980,43,43,527,65,6576.67
CUST-ACT-00981,67,67,720,152,2630.85
CUST-ACT-00982,44,44,110,74,45830.52
CUST-ACT-00983,125,125,311,79,14834.51
CUST-ACT-00984,7,7,912,92,42626.0
CUST-ACT-00985,109,109,590,43,40655.62
CUST-ACT-00986,24,24,476,166,45794.28
CUST-ACT-00987,48,48,416,48,47988.03
CUST-ACT-00988,74,74,797,25,51307.73
CUST-ACT-00989,33,33,873,148,34998.19
CUST-ACT-00990,109,109,934,139,49384.14
CUST-ACT-00991,107,107,548,10,69659.94
CUST-ACT-00992,52,52,531,56,73880.78
CUST-ACT-00993,138,138,876,33,27068.63
CUST-ACT-00994,19,19,534,27,55866.91
CUST-ACT-00995,124,124,446,142,27599.41
CUST-ACT-00996,117,117,423,94,45227.68
CUST-ACT-00997,61,61,733,161,48094.44
CUST-ACT-00998,148,148,732,55,28634.49
CUST-ACT-00999,113,113,370,78,25374.11
CUST-ACT-01000,17,17,757,174,19536.2
CUST-ACT-01001,71,71,461,138,1022.47
CUST-ACT-01002,76,76,591,46,39053.96
CUST-ACT-01003,110,110,293,120,15649.23
CUST-ACT-01004,69,69,63,40,62656.16
CUST-ACT-01005,14,14,114,136,52414.64
CUST-ACT-01006,128,128,771,114,13607.18
CUST-ACT-01007,36,36,572,5,63478.72
CUST-ACT-01008,41,41,640,63,32951.29
CUST-ACT-01009,69,69,517,21,2400.32
CUST-ACT-01010,19,19,895,75,74040.96
CUST-ACT-01011,36,36,222,141,7878.6
CUST-ACT-01012,81,81,985,38,66547.19
CUST-ACT-01013,103,103,754,91,66939.69
CUST-ACT-01014,93,93,240,109,42142.06
CUST-ACT-01015,21,21,425,157,9061.53
CUST-ACT-01016,35,35,62,90,71005.51
CUST-ACT-01017,48,48,375,90,53748.36
CUST-ACT-01018,3,3,823,171,9361.57
CUST-ACT-01019,78,78,445,146,9443.97
CUST-ACT-01020,135,135,201,1,11060.94
CUST-ACT-01021,129,129,476,45,6678.58
CUST-ACT-01022,20,20,243,28,48757.97
CUST-ACT-01023,108,108,240,73,69603.19
CUST-ACT-01024,63,63,35,36,19732.39
CUST-ACT-01025,115,115,941,48,53949.13
CUST-ACT-01026,19,19,223,150,70328.01
CUST-ACT-01027,7,7,304,151,50348.54
CUST-ACT-01028,26,26,366,57,44143.22
CUST-ACT-01029,112,112,908,173,48297.27
CUST-ACT-01030,91,91,73,28,37928.84
CUST-ACT-01031,76,76,233,84,30544.78
CUST-ACT-01032,42,42,985,54,26560.84
CUST-ACT-01033,112,112,277,151,61702.74
CUST-ACT-01034,114,114,288,149,7813.63
CUST-ACT-01035,13,13,135,40,68727.0
CUST-ACT-01036,120,120,221,10,35503.28
CUST-ACT-01037,123,123,473,108,28483.26
CUST-ACT-01038,11,11,106,33,43152.16
CUST-ACT-01039,44,44,303,134,10870.35
CUST-ACT-01040,133,133,797,38,23786.93
CUST-ACT-01041,54,54,186,41,58410.35
CUST-ACT-01042,145,145,386,105,4007.75
CUST-ACT-01043,10,10,113,18,4508.32
CUST-ACT-01044,128,128,528,90,4253.71
CUST-ACT-01045,115,115,334,106,69601.15
CUST-ACT-01046,18,18,680,126,73197.53
CUST-ACT-01047,103,103,786,173,49518.67
CUST-ACT-01048,118,118,518,10,21187.0
CUST-ACT-01049,62,62,546,175,34378.55
CUST-ACT-01050,56,56,795,7,21061.05
CUST-ACT-01051,2,2,446,87,63397.72
CUST-ACT-01052,70,70,797,43,53762.98
CUST-ACT-01053,16,16,249,150,33794.58
CUST-ACT-01054,119,119,134,143,59588.01
CUST-ACT-01055,81,81,526,87,5854.36
CUST-ACT-01056,14,14,592,170,25795.6
CUST-ACT-01057,60,60,367,81,50795.17
CUST-ACT-01058,21,21,790,34,57509.91
CUST-ACT-01059,60,60,856,165,10885.38
CUST-ACT-01060,74,74,206,52,30316.4
CUST-ACT-01061,78,78,164,98,37977.11
CUST-ACT-01062,72,72,798,175,29138.66
CUST-ACT-01063,32,32,803,45,7375.71
CUST-ACT-01064,24,24,821,45,15907.01
CUST-ACT-01065,7,7,465,166,46973.79
CUST-ACT-01066,16,16,439,99,52774.16
CUST-ACT-01067,51,51,594,40,41223.36
CUST-ACT-01068,79,79,509,77,1433.77
CUST-ACT-01069,34,34,891,148,2559.41
CUST-ACT-01070,131,131,98,25,30515.91
CUST-ACT-01071,37,37,753,21,40592.83
CUST-ACT-01072,78,78,331,71,60684.0
CUST-ACT-01073,148,148,514,52,5621.14
CUST-ACT-01074,25,25,530,134,57240.2
CUST-ACT-01075,62,62,690,103,36311.8
CUST-ACT-01076,50,50,317,99,48522.33
CUST-ACT-01077,96,96,96,108,58442.17
CUST-ACT-01078,41,41,189,133,64731.19
CUST-ACT-01079,125,125,107,120,13606.31
CUST-ACT-01080,61,61,289,140,31605.18
CUST-ACT-01081,43,43,895,44,70526.98
CUST-ACT-01082,8,8,42,20,18714.41
CUST-ACT-01083,58,58,57,130,43222.78
CUST-ACT-01084,116,116,396,32,9179.39
CUST-ACT-01085,149,149,999,123,26729.03
CUST-ACT-01086,77,77,648,124,7201.81
CUST-ACT-01087,49,49,293,145,11956.23
CUST-ACT-01088,1,1,323,90,930.04
CUST-ACT-01089,145,145,611,111,36742.02
CUST-ACT-01090,109,109,502,37,72668.83
CUST-ACT-01091,135,135,468,31,52436.43
CUST-ACT-01092,31,31,979,87,66248.72
CUST-ACT-01093,110,110,69,66,28456.72
CUST-ACT-01094,59,59,203,141,2190.07
CUST-ACT-01095,143,143,955,58,3817.43
CUST-ACT-01096,47,47,75,170,3644.96
CUST-ACT-01097,119,119,896,4,72251.38
CUST-ACT-01098,129,129,930,63,44702.72
CUST-ACT-01099,108,108,611,172,15857.53
CUST-ACT-01100,33,33,322,105,51485.56
CUST-ACT-01101,52,52,123,57,61014.61
CUST-ACT-01102,94,94,787,29,57382.27
CUST-ACT-01103,5,5,402,138,45114.33
CUST-ACT-01104,56,56,346,122,34451.54
CUST-ACT-01105,19,19,946,8,47333.92
CUST-ACT-01106,97,97,770,73,33831.27
CUST-ACT-01107,54,54,717,116,64697.24
CUST-ACT-01108,78,78,382,13,62421.87
CUST-ACT-01109,86,86,197,53,58745.4
CUST-ACT-01110,124,124,111,167,5994.3
CUST-ACT-01111,50,50,407,59,42299.54
CUST-ACT-01112,11,11,969,134,72445.17
CUST-ACT-01113,85,85,230,64,38688.75
CUST-ACT-01114,26,26,786,168,68877.42
CUST-ACT-01115,132,132,62,76,52496.46
CUST-ACT-01116,92,92,85,171,44900.43
CUST-ACT-01117,9,9,408,8,59299.75
CUST-ACT-01118,149,149,380,152,1985.6
CUST-ACT-01119,14,14,481,2,7617.29
CUST-ACT-01120,56,56,829,134,65026.81
CUST-ACT-01121,32,32,764,73,12672.49
CUST-ACT-01122,52,52,548,37,74226.22
CUST-ACT-01123,65,65,262,92,71114.92
CUST-ACT-01124,94,94,913,132,23501.99
CUST-ACT-01125,6,6,740,122,27205.59
CUST-ACT-01126,14,14,495,178,20835.87
CUST-ACT-01127,115,115,84,142,63900.96
CUST-ACT-01128,67,67,827,55,34797.74
CUST-ACT-01129,24,24,629,164,49862.83
CUST-ACT-01130,144,144,934,111,67483.52
CUST-ACT-01131,23,23,286,58,37334.98
CUST-ACT-01132,99,99,177,42,3363.58
CUST-ACT-01133,21,21,845,118,17794.2
CUST-ACT-01134,106,106,765,137,7681.1
CUST-ACT-01135,22,22,830,117,27600.73
CUST-ACT-01136,143,143,93,72,63244.85
CUST-ACT-01137,27,27,747,96,33434.18
CUST-ACT-01138,101,101,251,30,13885.41
CUST-ACT-01139,3,3,846,75,48353.69
CUST-ACT-01140,80,80,240,73,46526.41
CUST-ACT-01141,28,28,651,82,30272.8
CUST-ACT-01142,39,39,344,86,29400.34
CUST-ACT-01143,78,78,187,47,60452.2
CUST-ACT-01144,118,118,651,3,28777.26
CUST-ACT-01145,137,137,882,20,23906.66
CUST-ACT-01146,43,43,691,80,39436.37
CUST-ACT-01147,107,107,929,169,58191.12
CUST-ACT-01148,148,148,715,8,19173.92
CUST-ACT-01149,6,6,199,15,6680.89
CUST-ACT-01150,76,76,133,11,11472.24
CUST-ACT-01151,110,110,191,124,4201.66
CUST-ACT-01152,69,69,641,117,38982.82
CUST-ACT-01153,149,149,960,123,66759.48
CUST-ACT-01154,55,55,433,87,37656.58
CUST-ACT-01155,62,62,193,112,35283.66
CUST-ACT-01156,21,21,979,16,53620.26
CUST-ACT-01157,47,47,535,127,66461.5
CUST-ACT-01158,8,8,160,168,2472.33
CUST-ACT-01159,29,29,306,31,928.44
CUST-ACT-01160,35,35,151,59,3658.28
CUST-ACT-01161,83,83,521,37,40993.36
CUST-ACT-01162,92,92,902,23,49696.74
CUST-ACT-01163,28,28,896,38,58987.77
CUST-ACT-01164,16,16,979,148,12300.39
CUST-ACT-01165,124,124,771,122,12494.94
CUST-ACT-01166,130,130,464,119,24263.52
CUST-ACT-01167,34,34,417,112,19764.66
CUST-ACT-01168,81,81,468,33,32589.41
CUST-ACT-01169,2,2,270,126,64528.34
CUST-ACT-01170,18,18,240,125,39449.92
CUST-ACT-01171,57,57,831,26,47685.51
CUST-ACT-01172,134,134,169,52,8950.27
CUST-ACT-01173,46,46,68,135,26549.91
CUST-ACT-01174,81,81,910,145,1199.93
CUST-ACT-01175,20,20,434,165,67657.88
CUST-ACT-01176,47,47,509,84,53700.21
CUST-ACT-01177,31,31,884,22,50409.74
CUST-ACT-01178,69,69,472,36,53363.25
CUST-ACT-01179,64,64,865,89,23446.84
CUST-ACT-01180,77,77,226,21,3182.26
CUST-ACT-01181,108,108,236,123,34070.84
CUST-ACT-01182,70,70,846,91,62362.23
CUST-ACT-01183,147,147,640,68,58587.14
CUST-ACT-01184,142,142,539,155,15525.71
CUST-ACT-01185,119,119,829,3,41585.72
CUST-ACT-01186,2,2,199,174,31755.11
CUST-ACT-01187,74,74,107,162,61813.12
CUST-ACT-01188,4,4,806,128,626.12
CUST-ACT-01189,77,77,833,101,3143.45
CUST-ACT-01190,53,53,522,176,66530.68
CUST-ACT-01191,16,16,145,172,58408.36
CUST-ACT-01192,62,62,951,83,11528.01
CUST-ACT-01193,21,21,74,103,49036.9
CUST-ACT-01194,34,34,99,81,6748.96
CUST-ACT-01195,70,70,685,114,33588.36
CUST-ACT-01196,8,8,66,50,31547.61
CUST-ACT-01197,9,9,57,142,72463.35
CUST-ACT-01198,44,44,912,48,37317.76
CUST-ACT-01199,15,15,639,68,22005.14
CUST-ACT-01200,75,75,282,92,35830.05
CUST-ACT-01201,115,115,184,165,62921.49
CUST-ACT-01202,32,32,592,11,51946.93
CUST-ACT-01203,11,11,274,115,30415.57
CUST-ACT-01204,27,27,563,21,5443.99
CUST-ACT-01205,53,53,730,85,51205.79
CUST-ACT-01206,5,5,631,77,13180.97
CUST-ACT-01207,109,109,659,118,28062.46
CUST-ACT-01208,9,9,787,100,32465.52
CUST-ACT-01209,6,6,280,52,61305.08
CUST-ACT-01210,36,36,202,95,61488.06
CUST-ACT-01211,67,67,573,94,45211.46
CUST-ACT-01212,134,134,112,7,39775.82
CUST-ACT-01213,11,11,981,16,39870.7
CUST-ACT-01214,135,135,163,25,74198.39
CUST-ACT-01215,61,61,576,64,12679.89
CUST-ACT-01216,120,120,690,52,17177.16
CUST-ACT-01217,94,94,86,119,46940.26
CUST-ACT-01218,96,96,244,38,26509.15
CUST-ACT-01219,96,96,94,161,31212.3
CUST-ACT-01220,133,133,939,91,6871.98
CUST-ACT-01221,79,79,798,134,31417.11
CUST-ACT-01222,86,86,307,88,10619.98
CUST-ACT-01223,56,56,316,131,15593.24
CUST-ACT-01224,114,114,478,49,56361.21
CUST-ACT-01225,11,11,48,175,65196.35
CUST-ACT-01226,54,54,889,130,54627.97
CUST-ACT-01227,46,46,505,36,3590.71
CUST-ACT-01228,26,26,33,93,69890.06
CUST-ACT-01229,20,20,707,74,18742.13
CUST-ACT-01230,11,11,282,12,54402.75
CUST-ACT-01231,82,82,484,146,15873.31
CUST-ACT-01232,53,53,904,74,4314.13
CUST-ACT-01233,44,44,426,118,6732.72
CUST-ACT-01234,86,86,308,64,31152.05
CUST-ACT-01235,5,5,32,34,49736.07
CUST-ACT-01236,144,144,817,130,60927.22
CUST-ACT-01237,37,37,927,68,14983.16
CUST-ACT-01238,74,74,789,172,42740.52
CUST-ACT-01239,30,30,965,48,8758.78
CUST-ACT-01240,82,82,733,30,35696.25
CUST-ACT-01241,134,134,291,23,54045.36
CUST-ACT-01242,51,51,347,119,61880.0
CUST-ACT-01243,50,50,75,119,19897.16
CUST-ACT-01244,92,92,286,49,66756.49
CUST-ACT-01245,91,91,745,145,4637.08
CUST-ACT-01246,85,85,475,27,43339.75
CUST-ACT-01247,94,94,297,100,17613.83
CUST-ACT-01248,24,24,636,113,63061.83
CUST-ACT-01249,88,88,540,39,40278.76
CUST-ACT-01250,69,69,92,30,39745.13
CUST-ACT-01251,45,45,916,65,29135.52
CUST-ACT-01252,40,40,186,168,38650.85
CUST-ACT-01253,7,7,40,82,43495.86
CUST-ACT-01254,66,66,875,95,22134.72
CUST-ACT-01255,146,146,528,165,58166.44
CUST-ACT-01256,109,109,146,66,10069.07
CUST-ACT-01257,40,40,933,53,38595.89
CUST-ACT-01258,67,67,180,81,2876.33
CUST-ACT-01259,9,9,288,90,26187.48
CUST-ACT-01260,109,109,504,112,3051.12
CUST-ACT-01261,7,7,437,170,59057.89
CUST-ACT-01262,38,38,230,82,33715.45
CUST-ACT-01263,81,81,570,48,16455.34
CUST-ACT-01264,124,124,488,18,58899.02
CUST-ACT-01265,132,132,762,51,73644.17
CUST-ACT-01266,10,10,320,118,43266.34
CUST-ACT-01267,116,116,421,35,40304.39
CUST-ACT-01268,5,5,397,179,10421.43
CUST-ACT-01269,149,149,640,44,8004.86
CUST-ACT-01270,132,132,947,145,13469.64
CUST-ACT-01271,105,105,456,128,44274.53
CUST-ACT-01272,22,22,33,64,25098.28
CUST-ACT-01273,65,65,512,164,29179.56
CUST-ACT-01274,85,85,763,22,49591.7
CUST-ACT-01275,48,48,764,33,17277.04
CUST-ACT-01276,35,35,875,126,18744.64
CUST-ACT-01277,137,137,506,58,55701.84
CUST-ACT-01278,140,140,158,98,57534.2
CUST-ACT-01279,84,84,887,8,26918.57
CUST-ACT-01280,99,99,77,178,7081.7
CUST-ACT-01281,114,114,805,124,14160.53
CUST-ACT-01282,85,85,853,94,4730.04
CUST-ACT-01283,93,93,658,59,37295.44
CUST-ACT-01284,112,112,860,134,9258.08
CUST-ACT-01285,54,54,498,105,69171.5
CUST-ACT-01286,56,56,583,18,18608.64
CUST-ACT-01287,69,69,307,56,8089.27
CUST-ACT-01288,45,45,884,106,52310.95
CUST-ACT-01289,127,127,440,55,56156.39
CUST-ACT-01290,5,5,251,81,18135.84
CUST-ACT-01291,13,13,698,18,39745.34
CUST-ACT-01292,124,124,245,137,69997.35
CUST-ACT-01293,61,61,496,63,33690.51
CUST-ACT-01294,68,68,538,165,56714.48
CUST-ACT-01295,10,10,910,56,26913.83
CUST-ACT-01296,33,33,327,28,2288.15
CUST-ACT-01297,50,50,963,135,64232.12
CUST-ACT-01298,148,148,516,84,23549.11
CUST-ACT-01299,123,123,560,146,15479.75
CUST-ACT-01300,132,132,44,174,68170.0
CUST-ACT-01301,16,16,52,149,25426.7
CUST-ACT-01302,11,11,940,172,73359.52
CUST-ACT-01303,148,148,409,138,8906.76
CUST-ACT-01304,139,139,495,42,21654.35
CUST-ACT-01305,80,80,881,175,31722.5
CUST-ACT-01306,83,83,98,80,8904.54
CUST-ACT-01307,145,145,469,11,5714.24
CUST-ACT-01308,98,98,736,177,67238.94
CUST-ACT-01309,85,85,929,106,18218.75
CUST-ACT-01310,49,49,647,56,45371.58
CUST-ACT-01311,68,68,275,48,45732.42
CUST-ACT-01312,86,86,734,129,11459.59
CUST-ACT-01313,111,111,785,152,22941.78
CUST-ACT-01314,68,68,761,1,20200.44
CUST-ACT-01315,120,120,961,160,14544.11
CUST-ACT-01316,62,62,484,137,47813.16
CUST-ACT-01317,119,119,337,33,74423.51
CUST-ACT-01318,57,57,243,18,50162.9
CUST-ACT-01319,138,138,933,109,3947.67
CUST-ACT-01320,32,32,391,21,7823.43
CUST-ACT-01321,58,58,939,144,30653.72
CUST-ACT-01322,90,90,432,9,51997.94
CUST-ACT-01323,149,149,136,40,26659.51
CUST-ACT-01324,103,103,969,144,39792.4
CUST-ACT-01325,81,81,858,72,24909.22
CUST-ACT-01326,28,28,901,60,27615.29
CUST-ACT-01327,79,79,824,56,59617.52
CUST-ACT-01328,64,64,306,75,57792.86
CUST-ACT-01329,124,124,332,2,32715.57
CUST-ACT-01330,12,12,141,18,14479.5
CUST-ACT-01331,140,140,70,59,6413.53
CUST-ACT-01332,107,107,880,148,70145.61
CUST-ACT-01333,36,36,353,131,45963.3
CUST-ACT-01334,6,6,901,153,72073.39
CUST-ACT-01335,92,92,748,78,64366.78
CUST-ACT-01336,18,18,41,29,14729.96
CUST-ACT-01337,123,123,816,50,59380.05
CUST-ACT-01338,73,73,935,173,28762.05
CUST-ACT-01339,52,52,362,118,68911.92
CUST-ACT-01340,13,13,947,10,9079.25
CUST-ACT-01341,30,30,51,72,28495.33
CUST-ACT-01342,109,109,127,24,31031.98
CUST-ACT-01343,20,20,614,115,34418.64
CUST-ACT-01344,7,7,387,110,65064.54
CUST-ACT-01345,48,48,699,33,33586.45
CUST-ACT-01346,51,51,592,165,51947.41
CUST-ACT-01347,95,95,43,137,38557.08
CUST-ACT-01348,6,6,385,143,29293.52
CUST-ACT-01349,44,44,124,11,46610.46
CUST-ACT-01350,77,77,889,23,36784.21
CUST-ACT-01351,91,91,909,113,41511.83
CUST-ACT-01352,99,99,874,17,44570.29
CUST-ACT-01353,7,7,481,113,35540.27
CUST-ACT-01354,147,147,282,133,12785.23
CUST-ACT-01355,33,33,153,56,56682.29
CUST-ACT-01356,8,8,719,168,1871.2
CUST-ACT-01357,141,141,778,152,63383.5
CUST-ACT-01358,64,64,889,47,4134.76
CUST-ACT-01359,11,11,409,87,63989.09
CUST-ACT-01360,32,32,889,47,67079.39
CUST-ACT-01361,1,1,275,3,24507.74
CUST-ACT-01362,125,125,581,48,58587.16
CUST-ACT-01363,3,3,993,139,53890.75
CUST-ACT-01364,89,89,863,35,19251.59
CUST-ACT-01365,30,30,972,126,9493.76
CUST-ACT-01366,10,10,831,141,19409.09
CUST-ACT-01367,48,48,101,21,43436.73
CUST-ACT-01368,4,4,560,94,48375.49
CUST-ACT-01369,95,95,226,166,68676.52
CUST-ACT-01370,52,52,704,57,54729.27
CUST-ACT-01371,132,132,977,42,9952.35
CUST-ACT-01372,22,22,226,12,12472.4
CUST-ACT-01373,148,148,781,28,65922.77
CUST-ACT-01374,139,139,477,116,52257.99
CUST-ACT-01375,125,125,326,129,5778.28
CUST-ACT-01376,137,137,722,17,3204.44
CUST-ACT-01377,52,52,662,80,49878.57
CUST-ACT-01378,139,139,444,145,57234.64
CUST-ACT-01379,148,148,313,48,64343.75
CUST-ACT-01380,147,147,872,120,47488.73
CUST-ACT-01381,127,127,393,25,53657.78
CUST-ACT-01382,74,74,535,139,59019.24
CUST-ACT-01383,53,53,709,31,45788.59
CUST-ACT-01384,76,76,217,55,66951.2
CUST-ACT-01385,38,38,478,45,39224.71
CUST-ACT-01386,81,81,941,64,6707.25
CUST-ACT-01387,46,46,575,39,45451.34
CUST-ACT-01388,19,19,200,124,58296.12
CUST-ACT-01389,86,86,845,92,32271.84
CUST-ACT-01390,109,109,84,62,4677.78
CUST-ACT-01391,94,94,958,21,47355.42
CUST-ACT-01392,15,15,879,86,65678.55
CUST-ACT-01393,76,76,435,46,50941.59
CUST-ACT-01394,147,147,158,20,61604.38
CUST-ACT-01395,93,93,456,130,15999.82
CUST-ACT-01396,49,49,610,28,50707.48
CUST-ACT-01397,122,122,218,45,9441.71
CUST-ACT-01398,105,105,770,21,32367.43
CUST-ACT-01399,116,116,785,149,65818.84
CUST-ACT-01400,86,86,384,177,61709.47
CUST-ACT-01401,78,78,383,119,64087.25
CUST-ACT-01402,98,98,805,49,4073.97
CUST-ACT-01403,128,128,313,167,31794.58
CUST-ACT-01404,109,109,808,37,15564.48
CUST-ACT-01405,22,22,373,4,44778.74
CUST-ACT-01406,85,85,239,134,67663.92
CUST-ACT-01407,135,135,981,91,55188.98
CUST-ACT-01408,52,52,921,100,50404.09
CUST-ACT-01409,129,129,459,67,4157.83
CUST-ACT-01410,137,137,796,22,15424.53
CUST-ACT-01411,125,125,46,55,55533.24
CUST-ACT-01412,36,36,51,70,39488.73
CUST-ACT-01413,120,120,497,27,25369.41
CUST-ACT-01414,59,59,216,156,65538.42
CUST-ACT-01415,10,10,46,89,36437.56
CUST-ACT-01416,41,41,372,112,48837.01
CUST-ACT-01417,38,38,766,93,56246.33
CUST-ACT-01418,114,114,961,60,58060.47
CUST-ACT-01419,42,42,172,123,26773.14
CUST-ACT-01420,37,37,883,81,7526.45
CUST-ACT-01421,145,145,701,177,27978.68
CUST-ACT-01422,28,28,234,87,27707.98
CUST-ACT-01423,102,102,536,143,69746.67
CUST-ACT-01424,98,98,150,14,37548.6
CUST-ACT-01425,74,74,708,173,6691.68
CUST-ACT-01426,77,77,555,139,20379.29
CUST-ACT-01427,18,18,202,55,50907.08
CUST-ACT-01428,41,41,368,37,70586.86
CUST-ACT-01429,12,12,401,65,8237.15
CUST-ACT-01430,15,15,492,125,36680.8
CUST-ACT-01431,12,12,329,154,8964.33
CUST-ACT-01432,34,34,268,60,19270.88
CUST-ACT-01433,9,9,409,104,25900.22
CUST-ACT-01434,149,149,195,55,39451.21
CUST-ACT-01435,123,123,930,29,39664.71
CUST-ACT-01436,141,141,753,26,14189.67
CUST-ACT-01437,6,6,341,14,36877.25
CUST-ACT-01438,90,90,886,96,6494.75
CUST-ACT-01439,79,79,536,125,1334.53
CUST-ACT-01440,31,31,889,141,5689.14
CUST-ACT-01441,72,72,599,5,68513.45
CUST-ACT-01442,70,70,115,13,68482.5
CUST-ACT-01443,54,54,286,39,55867.65
CUST-ACT-01444,84,84,470,65,35790.37
CUST-ACT-01445,59,59,539,67,57985.0
CUST-ACT-01446,46,46,778,27,33208.58
CUST-ACT-01447,24,24,612,23,62995.86
CUST-ACT-01448,14,14,77,120,14067.04
CUST-ACT-01449,128,128,517,119,19474.54
CUST-ACT-01450,74,74,822,77,21093.5
CUST-ACT-01451,36,36,772,142,50596.01
CUST-ACT-01452,129,129,838,106,9257.57
CUST-ACT-01453,116,116,847,125,16666.24
CUST-ACT-01454,20,20,662,114,64514.15
CUST-ACT-01455,27,27,463,33,6456.93
CUST-ACT-01456,69,69,137,115,46239.11
CUST-ACT-01457,10,10,993,75,32392.94
CUST-ACT-01458,22,22,716,11,14077.46
CUST-ACT-01459,111,111,570,94,47340.72
CUST-ACT-01460,119,119,504,33,27263.96
CUST-ACT-01461,102,102,221,81,57799.99
CUST-ACT-01462,137,137,506,16,14140.64
CUST-ACT-01463,67,67,257,174,63593.77
CUST-ACT-01464,51,51,672,44,43663.5
CUST-ACT-01465,42,42,909,135,46817.4
CUST-ACT-01466,62,62,173,46,33079.69
CUST-ACT-01467,41,41,977,64,35046.06
CUST-ACT-01468,58,58,272,74,30755.99
CUST-ACT-01469,119,119,223,109,37731.9
CUST-ACT-01470,126,126,102,124,9189.52
CUST-ACT-01471,85,85,300,63,7128.02
CUST-ACT-01472,140,140,945,57,39279.59
CUST-ACT-01473,19,19,697,87,61775.89
CUST-ACT-01474,103,103,435,54,22892.06
CUST-ACT-01475,131,131,800,87,23005.86
CUST-ACT-01476,100,100,556,110,57867.94
CUST-ACT-01477,132,132,484,62,4217.17
CUST-ACT-01478,104,104,928,93,54814.79
CUST-ACT-01479,110,110,305,129,32657.49
CUST-ACT-01480,94,94,677,107,5017.32
CUST-ACT-01481,11,11,606,102,30936.7
CUST-ACT-01482,123,123,131,158,4143.37
CUST-ACT-01483,93,93,676,26,48449.92
CUST-ACT-01484,119,119,108,17,42503.34
CUST-ACT-01485,40,40,370,59,22310.17
CUST-ACT-01486,22,22,669,33,54059.06
CUST-ACT-01487,112,112,83,150,27991.97
CUST-ACT-01488,60,60,779,122,15403.85
CUST-ACT-01489,21,21,970,165,9308.55
CUST-ACT-01490,6,6,393,164,32461.83
CUST-ACT-01491,61,61,918,170,15679.3
CUST-ACT-01492,81,81,851,160,61299.38
CUST-ACT-01493,143,143,149,25,37948.23
CUST-ACT-01494,8,8,787,178,4228.2
CUST-ACT-01495,81,81,52,106,39539.74
CUST-ACT-01496,31,31,168,26,58497.14
CUST-ACT-01497,116,116,153,29,32261.85
CUST-ACT-01498,94,94,562,74,52845.86
CUST-ACT-01499,131,131,157,51,536.65
CUST-ACT-01500,54,54,54,123,40740.89
CUST-ACT-01501,73,73,836,158,51590.07
CUST-ACT-01502,33,33,909,158,33321.84
CUST-ACT-01503,26,26,646,149,46617.84
CUST-ACT-01504,107,107,618,150,21669.64
CUST-ACT-01505,105,105,545,120,66374.91
CUST-ACT-01506,120,120,698,76,61020.67
CUST-ACT-01507,37,37,139,66,53808.03
CUST-ACT-01508,144,144,845,40,47190.75
CUST-ACT-01509,16,16,336,179,23569.45
CUST-ACT-01510,19,19,717,32,17073.03
CUST-ACT-01511,85,85,170,90,26398.14
CUST-ACT-01512,34,34,356,76,44742.95
CUST-ACT-01513,39,39,720,141,31701.8
CUST-ACT-01514,15,15,564,7,55355.47
CUST-ACT-01515,149,149,508,134,47507.88
CUST-ACT-01516,71,71,162,125,68604.73
CUST-ACT-01517,52,52,837,59,62297.76
CUST-ACT-01518,139,139,32,111,39658.91
CUST-ACT-01519,132,132,320,34,12414.61
CUST-ACT-01520,96,96,67,4,59795.99
CUST-ACT-01521,91,91,447,2,41266.49
CUST-ACT-01522,90,90,473,149,55009.87
CUST-ACT-01523,118,118,829,31,33508.56
CUST-ACT-01524,67,67,118,119,50860.29
CUST-ACT-01525,15,15,54,128,9814.72
CUST-ACT-01526,82,82,560,169,59666.77
CUST-ACT-01527,18,18,879,43,13153.33
CUST-ACT-01528,104,104,510,83,71414.75
CUST-ACT-01529,92,92,295,30,65355.52
CUST-ACT-01530,33,33,983,134,12937.8
CUST-ACT-01531,51,51,718,130,52607.89
CUST-ACT-01532,48,48,859,95,3349.84
CUST-ACT-01533,13,13,897,27,12208.8
CUST-ACT-01534,51,51,44,175,73967.55
CUST-ACT-01535,54,54,315,117,20764.68
CUST-ACT-01536,48,48,266,88,38055.27
CUST-ACT-01537,138,138,881,105,67854.47
CUST-ACT-01538,13,13,50,123,4898.6
CUST-ACT-01539,30,30,449,119,53860.85
CUST-ACT-01540,87,87,449,100,40517.63
CUST-ACT-01541,56,56,511,152,65174.33
CUST-ACT-01542,58,58,520,172,37603.98
CUST-ACT-01543,130,130,947,84,70823.15
CUST-ACT-01544,40,40,372,94,6986.47
CUST-ACT-01545,133,133,442,172,2677.39
CUST-ACT-01546,82,82,587,37,64247.46
CUST-ACT-01547,111,111,475,25,74402.89
CUST-ACT-01548,20,20,335,72,33596.07
CUST-ACT-01549,34,34,138,103,58199.57
CUST-ACT-01550,78,78,587,82,22321.06
CUST-ACT-01551,147,147,371,81,12808.73
CUST-ACT-01552,16,16,627,21,40765.43
CUST-ACT-01553,140,140,243,10,43941.33
CUST-ACT-01554,30,30,537,138,842.98
CUST-ACT-01555,86,86,887,131,56370.1
CUST-ACT-01556,9,9,273,26,22615.92
CUST-ACT-01557,61,61,235,67,6348.98
CUST-ACT-01558,115,115,957,32,43852.85
CUST-ACT-01559,47,47,264,36,22756.16
CUST-ACT-01560,57,57,330,143,33200.82
CUST-ACT-01561,118,118,493,109,62253.94
CUST-ACT-01562,71,71,185,63,30387.92
CUST-ACT-01563,59,59,756,2,1074.93
CUST-ACT-01564,71,71,387,107,61818.43
CUST-ACT-01565,60,60,617,144,52040.25
CUST-ACT-01566,26,26,517,117,64207.59
CUST-ACT-01567,138,138,451,77,16922.62
CUST-ACT-01568,71,71,893,75,26754.74
CUST-ACT-01569,130,130,449,69,18953.95
CUST-ACT-01570,82,82,663,55,50986.28
CUST-ACT-01571,37,37,205,148,51023.47
CUST-ACT-01572,7,7,666,41,40174.29
CUST-ACT-01573,3,3,280,147,66251.67
CUST-ACT-01574,103,103,180,119,11005.27
CUST-ACT-01575,112,112,232,136,55691.95
CUST-ACT-01576,53,53,378,138,40151.26
CUST-ACT-01577,126,126,253,77,36538.16
CUST-ACT-01578,46,46,529,179,48097.53
CUST-ACT-01579,105,105,836,154,64698.48
CUST-ACT-01580,125,125,994,117,49489.17
CUST-ACT-01581,130,130,930,147,10552.66
CUST-ACT-01582,144,144,873,1,16035.99
CUST-ACT-01583,34,34,307,79,50521.72
CUST-ACT-01584,123,123,408,117,8436.42
CUST-ACT-01585,10,10,710,82,42617.05
CUST-ACT-01586,140,140,393,115,55006.21
CUST-ACT-01587,122,122,696,41,19785.97
CUST-ACT-01588,20,20,203,39,20121.15
CUST-ACT-01589,143,143,576,160,40166.16
CUST-ACT-01590,131,131,503,27,26320.06
CUST-ACT-01591,126,126,243,25,24610.32
CUST-ACT-01592,96,96,240,124,10421.76
CUST-ACT-01593,140,140,540,149,10377.3
CUST-ACT-01594,6,6,512,168,64134.4
CUST-ACT-01595,96,96,295,67,67467.01
CUST-ACT-01596,76,76,916,103,64226.6
CUST-ACT-01597,110,110,722,164,30921.9
CUST-ACT-01598,51,51,415,124,60461.29
CUST-ACT-01599,24,24,760,161,39084.0
CUST-ACT-01600,77,77,279,73,45056.24
CUST-ACT-01601,76,76,278,53,42579.64
CUST-ACT-01602,105,105,265,32,27646.5
CUST-ACT-01603,12,12,418,155,57886.35
CUST-ACT-01604,10,10,806,47,17249.37
CUST-ACT-01605,23,23,657,165,44990.02
CUST-ACT-01606,142,142,489,156,1704.01
CUST-ACT-01607,79,79,905,169,66742.38
CUST-ACT-01608,26,26,57,175,42816.87
CUST-ACT-01609,34,34,70,30,21773.88
CUST-ACT-01610,121,121,517,65,6670.91
CUST-ACT-01611,53,53,364,70,13106.07
CUST-ACT-01612,147,147,119,136,68436.88
CUST-ACT-01613,68,68,906,59,19831.71
CUST-ACT-01614,136,136,420,98,13016.06
CUST-ACT-01615,1,1,994,76,63146.75
CUST-ACT-01616,97,97,487,161,43454.55
CUST-ACT-01617,13,13,255,171,8403.18
CUST-ACT-01618,117,117,763,126,3395.06
CUST-ACT-01619,53,53,594,80,21775.7
CUST-ACT-01620,17,17,488,6,74462.0
CUST-ACT-01621,40,40,231,114,56739.31
CUST-ACT-01622,37,37,905,27,70343.06
CUST-ACT-01623,107,107,951,21,34387.89
CUST-ACT-01624,37,37,996,67,54794.9
CUST-ACT-01625,31,31,42,76,68021.21
CUST-ACT-01626,39,39,830,5,24886.73
CUST-ACT-01627,20,20,736,99,62178.1
CUST-ACT-01628,97,97,654,80,17692.02
CUST-ACT-01629,136,136,113,105,39502.72
CUST-ACT-01630,29,29,36,147,61852.49
CUST-ACT-01631,1,1,818,86,6309.87
CUST-ACT-01632,12,12,366,68,53641.83
CUST-ACT-01633,121,121,932,6,39521.42
CUST-ACT-01634,82,82,724,24,72080.59
CUST-ACT-01635,60,60,136,98,61384.91
CUST-ACT-01636,83,83,577,104,63434.89
CUST-ACT-01637,144,144,572,78,19323.05
CUST-ACT-01638,67,67,287,16,64336.85
CUST-ACT-01639,58,58,69,105,21955.77
CUST-ACT-01640,22,22,448,61,24146.79
CUST-ACT-01641,34,34,636,78,56077.8
CUST-ACT-01642,26,26,683,165,11600.1
CUST-ACT-01643,95,95,46,140,72425.09
CUST-ACT-01644,7,7,282,80,16322.21
CUST-ACT-01645,47,47,69,157,6414.12
CUST-ACT-01646,45,45,580,63,4827.74
CUST-ACT-01647,101,101,921,149,9349.32
CUST-ACT-01648,72,72,703,133,38815.2
CUST-ACT-01649,58,58,868,170,26194.37
CUST-ACT-01650,31,31,473,68,37915.36
CUST-ACT-01651,31,31,337,120,34360.27
CUST-ACT-01652,86,86,355,179,54922.48
CUST-ACT-01653,29,29,651,175,38079.93
CUST-ACT-01654,39,39,735,1,74531.37
CUST-ACT-01655,125,125,398,56,72374.39
CUST-ACT-01656,7,7,639,40,64776.02
CUST-ACT-01657,148,148,228,50,45054.58
CUST-ACT-01658,23,23,554,41,48946.04
CUST-ACT-01659,29,29,872,173,24348.65
CUST-ACT-01660,129,129,332,47,9271.13
CUST-ACT-01661,31,31,86,103,4909.84
CUST-ACT-01662,81,81,742,157,9512.72
CUST-ACT-01663,16,16,595,48,44659.16
CUST-ACT-01664,19,19,818,122,27604.05
CUST-ACT-01665,87,87,800,75,21818.44
CUST-ACT-01666,145,145,622,172,26953.17
CUST-ACT-01667,9,9,913,98,11445.62
CUST-ACT-01668,3,3,467,41,42304.53
CUST-ACT-01669,25,25,416,60,17961.92
CUST-ACT-01670,79,79,358,125,19207.0
CUST-ACT-01671,71,71,603,97,54194.59
CUST-ACT-01672,55,55,242,48,40667.88
CUST-ACT-01673,61,61,988,179,58568.28
CUST-ACT-01674,49,49,118,1,66780.92
CUST-ACT-01675,63,63,938,56,43446.63
CUST-ACT-01676,122,122,840,29,3773.65
CUST-ACT-01677,69,69,127,81,69239.48
CUST-ACT-01678,117,117,238,65,42471.09
CUST-ACT-01679,49,49,767,43,15677.33
CUST-ACT-01680,85,85,665,43,74745.74
CUST-ACT-01681,86,86,46,154,11678.18
CUST-ACT-01682,37,37,603,56,2933.68
CUST-ACT-01683,109,109,701,55,46536.02
CUST-ACT-01684,126,126,668,3,70491.26
CUST-ACT-01685,3,3,445,84,24692.92
CUST-ACT-01686,91,91,310,8,4657.88
CUST-ACT-01687,53,53,168,146,69113.89
CUST-ACT-01688,142,142,114,112,9300.18
CUST-ACT-01689,18,18,368,98,3413.59
CUST-ACT-01690,30,30,158,21,13747.54
CUST-ACT-01691,38,38,759,29,32659.35
CUST-ACT-01692,142,142,304,141,69944.79
CUST-ACT-01693,58,58,375,172,70887.71
CUST-ACT-01694,142,142,478,21,34438.13
CUST-ACT-01695,82,82,478,57,42047.33
CUST-ACT-01696,32,32,231,109,25545.45
CUST-ACT-01697,126,126,365,163,17619.6
CUST-ACT-01698,44,44,311,79,24171.61
CUST-ACT-01699,133,133,516,109,1611.35
CUST-ACT-01700,21,21,612,13,52302.3
CUST-ACT-01701,142,142,675,42,23293.74
CUST-ACT-01702,87,87,164,15,37649.58
CUST-ACT-01703,135,135,226,76,63139.08
CUST-ACT-01704,109,109,375,115,27404.15
CUST-ACT-01705,64,64,232,60,39534.46
CUST-ACT-01706,57,57,860,15,12615.4
CUST-ACT-01707,129,129,431,133,58224.14
CUST-ACT-01708,26,26,747,130,17123.97
CUST-ACT-01709,18,18,186,29,11215.24
CUST-ACT-01710,124,124,97,81,33851.29
CUST-ACT-01711,92,92,896,154,58007.39
CUST-ACT-01712,91,91,214,12,54853.19
CUST-ACT-01713,133,133,445,111,50544.07
CUST-ACT-01714,72,72,365,29,36660.12
CUST-ACT-01715,82,82,472,154,9729.97
CUST-ACT-01716,24,24,863,43,38005.74
CUST-ACT-01717,20,20,475,143,55531.54
CUST-ACT-01718,96,96,474,146,60225.11
CUST-ACT-01719,135,135,539,60,2884.7
CUST-ACT-01720,49,49,540,89,63244.45
CUST-ACT-01721,117,117,320,162,73221.08
CUST-ACT-01722,2,2,618,95,48551.18
CUST-ACT-01723,22,22,962,126,67127.46
CUST-ACT-01724,2,2,239,151,20498.1
CUST-ACT-01725,59,59,210,101,16915.77
CUST-ACT-01726,38,38,121,3,24184.78
CUST-ACT-01727,62,62,874,40,63179.02
CUST-ACT-01728,88,88,572,84,35329.34
CUST-ACT-01729,17,17,62,66,61341.84
CUST-ACT-01730,42,42,571,87,12830.38
CUST-ACT-01731,96,96,182,45,48557.73
CUST-ACT-01732,68,68,263,106,32992.04
CUST-ACT-01733,76,76,268,8,50761.23
CUST-ACT-01734,112,112,166,119,7663.23
CUST-ACT-01735,27,27,979,163,5789.21
CUST-ACT-01736,72,72,942,152,42656.88
CUST-ACT-01737,87,87,222,165,64865.63
CUST-ACT-01738,7,7,752,61,44963.08
CUST-ACT-01739,50,50,196,91,21861.44
CUST-ACT-01740,135,135,710,134,51243.12
CUST-ACT-01741,120,120,601,92,55563.94
CUST-ACT-01742,41,41,234,72,22601.02
CUST-ACT-01743,70,70,813,122,26328.48
CUST-ACT-01744,119,119,161,114,47105.94
CUST-ACT-01745,60,60,933,86,10280.03
CUST-ACT-01746,8,8,498,59,13172.95
CUST-ACT-01747,73,73,627,103,31207.26
CUST-ACT-01748,98,98,152,52,15785.51
CUST-ACT-01749,64,64,285,36,10746.36
CUST-ACT-01750,71,71,954,149,35950.98
CUST-ACT-01751,135,135,659,154,37526.45
CUST-ACT-01752,144,144,661,148,32773.74
CUST-ACT-01753,81,81,398,161,73533.06
CUST-ACT-01754,30,30,879,65,34547.0
CUST-ACT-01755,42,42,73,51,10844.2
CUST-ACT-01756,148,148,712,22,51575.74
CUST-ACT-01757,142,142,447,89,4785.51
CUST-ACT-01758,44,44,306,148,68038.42
CUST-ACT-01759,53,53,417,105,9457.19
CUST-ACT-01760,23,23,182,8,33704.17
CUST-ACT-01761,98,98,858,143,24762.1
CUST-ACT-01762,42,42,869,55,17214.78
CUST-ACT-01763,25,25,299,103,33098.52
CUST-ACT-01764,93,93,401,124,21707.49
CUST-ACT-01765,1,1,483,26,74064.19
CUST-ACT-01766,61,61,530,25,68785.7
CUST-ACT-01767,77,77,407,60,1531.69
CUST-ACT-01768,103,103,850,156,39355.15
CUST-ACT-01769,56,56,71,73,61155.9
CUST-ACT-01770,6,6,984,154,71690.01
CUST-ACT-01771,133,133,395,31,13442.82
CUST-ACT-01772,32,32,484,82,18742.66
CUST-ACT-01773,45,45,285,66,15898.07
CUST-ACT-01774,83,83,241,107,73018.8
CUST-ACT-01775,109,109,346,85,66042.48
CUST-ACT-01776,110,110,714,149,33492.82
CUST-ACT-01777,8,8,177,42,2533.66
CUST-ACT-01778,120,120,278,147,26532.13
CUST-ACT-01779,26,26,160,156,37967.91
CUST-ACT-01780,28,28,382,50,55504.02
CUST-ACT-01781,38,38,982,32,62826.28
CUST-ACT-01782,31,31,449,158,37789.24
CUST-ACT-01783,9,9,410,95,23696.22
CUST-ACT-01784,108,108,458,33,36442.39
CUST-ACT-01785,82,82,751,39,22467.59
CUST-ACT-01786,52,52,750,81,59994.88
CUST-ACT-01787,76,76,637,50,20626.74
CUST-ACT-01788,94,94,43,27,42889.56
CUST-ACT-01789,74,74,823,107,13345.26
CUST-ACT-01790,62,62,539,61,45656.41
CUST-ACT-01791,70,70,324,111,61178.36
CUST-ACT-01792,53,53,536,7,57572.15
CUST-ACT-01793,1,1,434,3,71387.03
CUST-ACT-01794,29,29,488,172,52304.06
CUST-ACT-01795,139,139,612,171,22495.4
CUST-ACT-01796,127,127,423,154,63243.52
CUST-ACT-01797,116,116,600,11,39254.3
CUST-ACT-01798,34,34,987,131,32706.0
CUST-ACT-01799,57,57,207,75,43239.61
CUST-ACT-01800,81,81,557,129,17800.58
CUST-ACT-01801,128,128,495,84,19605.84
CUST-ACT-01802,18,18,409,66,44326.08
CUST-ACT-01803,93,93,704,147,39449.45
CUST-ACT-01804,105,105,226,89,19372.05
CUST-ACT-01805,103,103,966,123,45812.93
CUST-ACT-01806,125,125,822,100,67809.3
CUST-ACT-01807,143,143,761,10,24827.33
CUST-ACT-01808,21,21,160,151,68333.56
CUST-ACT-01809,26,26,459,42,68423.5
CUST-ACT-01810,56,56,477,95,26059.47
CUST-ACT-01811,129,129,73,72,21537.93
CUST-ACT-01812,61,61,128,108,8077.03
CUST-ACT-01813,71,71,690,108,68914.95
CUST-ACT-01814,117,117,686,56,40585.96
CUST-ACT-01815,142,142,113,48,36157.49
CUST-ACT-01816,112,112,376,163,17115.03
CUST-ACT-01817,65,65,572,125,12706.47
CUST-ACT-01818,80,80,651,66,66851.73
CUST-ACT-01819,72,72,995,174,6939.09
CUST-ACT-01820,25,25,716,99,57878.46
CUST-ACT-01821,29,29,520,66,24482.1
CUST-ACT-01822,149,149,631,107,16571.1
CUST-ACT-01823,82,82,117,83,9646.37
CUST-ACT-01824,77,77,923,82,22695.92
CUST-ACT-01825,67,67,362,117,43402.31
CUST-ACT-01826,102,102,438,58,43863.02
CUST-ACT-01827,80,80,314,161,52528.94
CUST-ACT-01828,69,69,649,42,35366.82
CUST-ACT-01829,128,128,900,125,23145.65
CUST-ACT-01830,49,49,554,148,24103.81
CUST-ACT-01831,4,4,50,76,36825.85
CUST-ACT-01832,139,139,964,95,41756.42
CUST-ACT-01833,129,129,177,143,24596.42
CUST-ACT-01834,45,45,148,33,5874.0
CUST-ACT-01835,140,140,398,22,27264.67
CUST-ACT-01836,46,46,618,79,73133.36
CUST-ACT-01837,117,117,191,120,29141.0
CUST-ACT-01838,1,1,275,139,10678.49
CUST-ACT-01839,101,101,750,102,3309.12
CUST-ACT-01840,13,13,100,44,13215.88
CUST-ACT-01841,112,112,973,163,5028.82
CUST-ACT-01842,1,1,970,49,2267.03
CUST-ACT-01843,121,121,460,1,38691.14
CUST-ACT-01844,24,24,155,131,4236.64
CUST-ACT-01845,20,20,767,1,15004.95
CUST-ACT-01846,25,25,471,52,60493.74
CUST-ACT-01847,68,68,96,92,10618.13
CUST-ACT-01848,37,37,298,39,65384.07
CUST-ACT-01849,38,38,852,46,7258.28
CUST-ACT-01850,44,44,49,98,62286.76
CUST-ACT-01851,77,77,301,64,61128.33
CUST-ACT-01852,57,57,89,131,16114.84
CUST-ACT-01853,143,143,131,38,23023.22
CUST-ACT-01854,147,147,245,85,25615.2
CUST-ACT-01855,101,101,442,8,41385.16
CUST-ACT-01856,12,12,419,11,41453.53
CUST-ACT-01857,52,52,546,70,17849.75
CUST-ACT-01858,70,70,524,1,66490.99
CUST-ACT-01859,41,41,292,64,69474.35
CUST-ACT-01860,46,46,354,82,34372.12
CUST-ACT-01861,118,118,95,151,25550.29
CUST-ACT-01862,32,32,284,153,15544.7
CUST-ACT-01863,74,74,955,73,16892.68
CUST-ACT-01864,119,119,277,64,73450.55
CUST-ACT-01865,137,137,954,55,74378.45
CUST-ACT-01866,86,86,99,64,3552.69
CUST-ACT-01867,53,53,527,136,57203.43
CUST-ACT-01868,68,68,413,81,36581.34
CUST-ACT-01869,41,41,786,39,64112.68
CUST-ACT-01870,79,79,963,7,15111.51
CUST-ACT-01871,40,40,916,99,55323.55
CUST-ACT-01872,122,122,252,153,71464.78
CUST-ACT-01873,71,71,360,118,25058.16
CUST-ACT-01874,64,64,160,34,9474.36
CUST-ACT-01875,130,130,709,37,73273.53
CUST-ACT-01876,69,69,997,135,50487.98
CUST-ACT-01877,77,77,498,175,14491.75
CUST-ACT-01878,141,141,622,24,16096.47
CUST-ACT-01879,68,68,235,91,39353.66
CUST-ACT-01880,85,85,345,103,19454.97
CUST-ACT-01881,24,24,552,96,17135.82
CUST-ACT-01882,130,130,823,4,27793.05
CUST-ACT-01883,134,134,595,31,62818.27
CUST-ACT-01884,59,59,146,153,46323.19
CUST-ACT-01885,54,54,452,101,9229.48
CUST-ACT-01886,92,92,459,26,581.67
CUST-ACT-01887,105,105,534,1,10745.07
CUST-ACT-01888,114,114,369,151,21841.78
CUST-ACT-01889,100,100,923,109,47791.31
CUST-ACT-01890,34,34,152,159,11847.04
CUST-ACT-01891,145,145,842,28,63386.99
CUST-ACT-01892,114,114,246,110,69196.51
CUST-ACT-01893,128,128,780,151,55901.22
CUST-ACT-01894,122,122,958,90,1945.99
CUST-ACT-01895,100,100,45,68,57564.23
CUST-ACT-01896,6,6,762,67,9140.35
CUST-ACT-01897,107,107,110,178,31438.09
CUST-ACT-01898,32,32,991,5,21513.21
CUST-ACT-01899,62,62,218,113,12596.96
CUST-ACT-01900,2,2,443,55,63352.08
CUST-ACT-01901,12,12,122,22,35928.34
CUST-ACT-01902,109,109,69,175,56553.85
CUST-ACT-01903,130,130,483,38,1050.43
CUST-ACT-01904,81,81,149,179,17238.8
CUST-ACT-01905,92,92,797,122,58776.22
CUST-ACT-01906,138,138,351,28,1226.85
CUST-ACT-01907,94,94,365,30,70174.19
CUST-ACT-01908,58,58,38,162,3167.79
CUST-ACT-01909,108,108,966,30,71711.39
CUST-ACT-01910,36,36,577,86,30196.83
CUST-ACT-01911,83,83,789,81,3559.39
CUST-ACT-01912,134,134,221,74,52433.68
CUST-ACT-01913,62,62,552,64,28278.32
CUST-ACT-01914,141,141,418,9,70320.49
CUST-ACT-01915,84,84,927,138,40532.17
CUST-ACT-01916,91,91,388,110,49990.95
CUST-ACT-01917,109,109,329,27,68833.31
CUST-ACT-01918,36,36,217,118,30357.98
CUST-ACT-01919,59,59,377,155,69414.13
CUST-ACT-01920,77,77,323,99,67687.29
CUST-ACT-01921,146,146,186,13,51292.24
CUST-ACT-01922,140,140,229,105,34553.86
CUST-ACT-01923,55,55,76,11,51588.46
CUST-ACT-01924,1,1,604,4,19671.44
CUST-ACT-01925,129,129,865,52,73139.07
CUST-ACT-01926,144,144,481,130,74542.19
CUST-ACT-01927,98,98,537,39,68399.08
CUST-ACT-01928,104,104,620,168,44074.34
CUST-ACT-01929,117,117,505,63,63704.71
CUST-ACT-01930,45,45,137,32,69659.71
CUST-ACT-01931,66,66,178,70,69038.62
CUST-ACT-01932,49,49,616,54,19522.01
CUST-ACT-01933,31,31,254,76,74718.28
CUST-ACT-01934,109,109,901,61,10382.25
CUST-ACT-01935,54,54,955,56,48468.28
CUST-ACT-01936,1,1,472,151,8802.88
CUST-ACT-01937,136,136,31,67,56503.81
CUST-ACT-01938,92,92,33,152,12534.03
CUST-ACT-01939,70,70,223,11,64550.48
CUST-ACT-01940,34,34,975,158,65367.32
CUST-ACT-01941,33,33,174,138,39897.63
CUST-ACT-01942,106,106,533,129,24744.39
CUST-ACT-01943,123,123,185,73,64000.13
CUST-ACT-01944,25,25,832,163,568.31
CUST-ACT-01945,104,104,34,48,32811.55
CUST-ACT-01946,96,96,439,156,6120.11
CUST-ACT-01947,100,100,71,121,29075.51
CUST-ACT-01948,57,57,506,166,64238.03
CUST-ACT-01949,3,3,763,69,43966.35
CUST-ACT-01950,52,52,752,130,31203.31
CUST-ACT-01951,79,79,42,28,18296.8
CUST-ACT-01952,108,108,639,151,58638.57
CUST-ACT-01953,117,117,270,81,24346.23
CUST-ACT-01954,90,90,727,97,53726.88
CUST-ACT-01955,143,143,975,5,58066.53
CUST-ACT-01956,99,99,988,167,34787.28
CUST-ACT-01957,107,107,112,123,51775.1
CUST-ACT-01958,138,138,405,103,53360.92
CUST-ACT-01959,24,24,616,125,6620.87
CUST-ACT-01960,79,79,80,159,13800.04
CUST-ACT-01961,30,30,925,28,3019.13
CUST-ACT-01962,139,139,698,172,43640.7
CUST-ACT-01963,71,71,452,174,54034.38
CUST-ACT-01964,102,102,845,39,26240.51
CUST-ACT-01965,84,84,482,124,48049.72
CUST-ACT-01966,111,111,261,112,70421.09
CUST-ACT-01967,47,47,993,172,22575.18
CUST-ACT-01968,23,23,808,64,69327.19
CUST-ACT-01969,146,146,747,30,71286.33
CUST-ACT-01970,100,100,785,171,700.5
CUST-ACT-01971,144,144,976,144,36269.76
CUST-ACT-01972,45,45,488,161,9168.57
CUST-ACT-01973,115,115,784,48,10293.65
CUST-ACT-01974,134,134,997,74,52949.71
CUST-ACT-01975,53,53,185,1,21670.18
CUST-ACT-01976,125,125,315,166,41926.62
CUST-ACT-01977,18,18,326,137,62142.52
CUST-ACT-01978,90,90,944,165,2887.6
CUST-ACT-01979,74,74,254,139,11849.53
CUST-ACT-01980,133,133,805,54,16506.12
CUST-ACT-01981,30,30,774,68,61421.26
CUST-ACT-01982,133,133,540,150,66275.61
CUST-ACT-01983,51,51,513,78,62754.82
CUST-ACT-01984,82,82,423,53,12898.86
CUST-ACT-01985,101,101,451,107,37489.23
CUST-ACT-01986,52,52,433,125,32984.34
CUST-ACT-01987,70,70,448,105,14755.14
CUST-ACT-01988,35,35,747,70,31211.41
CUST-ACT-01989,32,32,307,128,69483.79
CUST-ACT-01990,85,85,77,133,16073.55
CUST-ACT-01991,69,69,678,120,4903.41
CUST-ACT-01992,82,82,684,132,59784.28
CUST-ACT-01993,39,39,612,12,22097.8
CUST-ACT-01994,19,19,264,164,24351.91
CUST-ACT-01995,100,100,846,94,68427.11
CUST-ACT-01996,110,110,235,2,50267.95
CUST-ACT-01997,22,22,929,133,13647.4
CUST-ACT-01998,90,90,754,84,12313.48
CUST-ACT-01999,116,116,661,104,9978.99
CUST-ACT-02000,109,109,451,140,44960.0
CUST-ACT-02001,105,105,592,49,58728.09
CUST-ACT-02002,81,81,263,14,59769.0
CUST-ACT-02003,146,146,334,33,41224.69
CUST-ACT-02004,69,69,525,111,69056.0
CUST-ACT-02005,39,39,514,74,17007.93
CUST-ACT-02006,35,35,453,85,53232.24
CUST-ACT-02007,81,81,880,115,59355.57
CUST-ACT-02008,18,18,758,115,61985.97
CUST-ACT-02009,116,116,398,175,27365.68
CUST-ACT-02010,106,106,581,168,49923.93
CUST-ACT-02011,79,79,149,161,74102.41
CUST-ACT-02012,134,134,661,122,27274.7
CUST-ACT-02013,106,106,607,16,68483.82
CUST-ACT-02014,110,110,873,10,31205.53
CUST-ACT-02015,87,87,447,175,38708.24
CUST-ACT-02016,29,29,426,74,45009.31
CUST-ACT-02017,30,30,557,14,54631.28
CUST-ACT-02018,9,9,378,139,48690.15
CUST-ACT-02019,39,39,827,87,35183.33
CUST-ACT-02020,114,114,73,78,42586.28
CUST-ACT-02021,92,92,720,131,36488.78
CUST-ACT-02022,54,54,349,154,65436.28
CUST-ACT-02023,6,6,412,23,22000.88
CUST-ACT-02024,60,60,655,150,5817.77
CUST-ACT-02025,89,89,352,50,53087.39
CUST-ACT-02026,41,41,233,176,27701.94
CUST-ACT-02027,32,32,705,152,50014.67
CUST-ACT-02028,66,66,769,11,63326.51
CUST-ACT-02029,67,67,834,44,24889.95
CUST-ACT-02030,78,78,65,48,10251.49
CUST-ACT-02031,144,144,159,125,24917.4
CUST-ACT-02032,43,43,272,85,45747.71
CUST-ACT-02033,19,19,856,16,65711.83
CUST-ACT-02034,55,55,392,2,60229.21
CUST-ACT-02035,75,75,398,120,72996.81
CUST-ACT-02036,113,113,449,70,42622.55
CUST-ACT-02037,31,31,244,118,48759.75
CUST-ACT-02038,12,12,856,107,56710.32
CUST-ACT-02039,111,111,215,80,53697.96
CUST-ACT-02040,52,52,972,66,49575.59
CUST-ACT-02041,131,131,465,79,73175.59
CUST-ACT-02042,2,2,127,176,57319.52
CUST-ACT-02043,91,91,547,137,43251.2
CUST-ACT-02044,124,124,533,123,62426.32
CUST-ACT-02045,2,2,691,107,57983.41
CUST-ACT-02046,32,32,982,74,66479.32
CUST-ACT-02047,41,41,556,179,34763.15
CUST-ACT-02048,90,90,262,42,12040.24
CUST-ACT-02049,144,144,915,174,66051.07
CUST-ACT-02050,55,55,852,136,5525.69
CUST-ACT-02051,100,100,982,19,53331.88
CUST-ACT-02052,5,5,766,7,21762.34
CUST-ACT-02053,45,45,840,73,28655.04
CUST-ACT-02054,106,106,481,164,18780.75
CUST-ACT-02055,67,67,723,22,42779.32
CUST-ACT-02056,44,44,653,3,10068.84
CUST-ACT-02057,38,38,730,59,5442.76
CUST-ACT-02058,110,110,225,42,60664.92
CUST-ACT-02059,84,84,587,54,41200.01
CUST-ACT-02060,8,8,639,179,44002.23
CUST-ACT-02061,131,131,380,94,62337.5
CUST-ACT-02062,2,2,632,157,65023.25
CUST-ACT-02063,61,61,347,43,58723.34
CUST-ACT-02064,123,123,844,160,38431.04
CUST-ACT-02065,73,73,78,14,39439.93
CUST-ACT-02066,42,42,599,118,40466.97
CUST-ACT-02067,51,51,215,170,34691.76
CUST-ACT-02068,130,130,656,59,59335.51
CUST-ACT-02069,15,15,703,70,73056.41
CUST-ACT-02070,114,114,439,13,44224.67
CUST-ACT-02071,121,121,481,27,65831.12
CUST-ACT-02072,50,50,514,4,45390.43
CUST-ACT-02073,51,51,558,54,73588.16
CUST-ACT-02074,9,9,413,29,41004.39
CUST-ACT-02075,136,136,90,143,1920.69
CUST-ACT-02076,142,142,506,59,11706.13
CUST-ACT-02077,5,5,864,148,32378.88
CUST-ACT-02078,63,63,802,109,20288.25
CUST-ACT-02079,95,95,967,7,69312.44
CUST-ACT-02080,69,69,877,55,10116.39
CUST-ACT-02081,59,59,528,122,66330.19
CUST-ACT-02082,97,97,162,63,67896.8
CUST-ACT-02083,130,130,803,110,65134.48
CUST-ACT-02084,147,147,499,58,66466.7
CUST-ACT-02085,107,107,398,118,56206.52
CUST-ACT-02086,23,23,63,76,31215.51
CUST-ACT-02087,20,20,363,61,65770.56
CUST-ACT-02088,67,67,852,115,47813.15
CUST-ACT-02089,60,60,993,66,12893.8
CUST-ACT-02090,112,112,469,156,52404.77
CUST-ACT-02091,74,74,186,139,64520.03
CUST-ACT-02092,42,42,362,141,20426.37
CUST-ACT-02093,23,23,763,169,15209.15
CUST-ACT-02094,20,20,422,56,20530.53
CUST-ACT-02095,49,49,829,30,698.18
CUST-ACT-02096,18,18,498,170,68946.56
CUST-ACT-02097,115,115,831,24,36123.08
CUST-ACT-02098,117,117,137,56,61559.76
CUST-ACT-02099,71,71,175,41,29961.43
CUST-ACT-02100,13,13,779,32,61408.42
CUST-ACT-02101,81,81,475,173,39732.62
CUST-ACT-02102,100,100,206,58,69956.79
CUST-ACT-02103,78,78,502,17,42336.23
CUST-ACT-02104,103,103,822,12,38131.73
CUST-ACT-02105,134,134,103,28,59802.82
CUST-ACT-02106,30,30,205,95,28797.58
CUST-ACT-02107,98,98,340,151,18251.11
CUST-ACT-02108,145,145,62,118,62323.72
CUST-ACT-02109,68,68,128,38,64191.54
CUST-ACT-02110,133,133,66,39,71084.6
CUST-ACT-02111,96,96,184,16,67779.87
CUST-ACT-02112,42,42,346,79,58985.84
CUST-ACT-02113,126,126,210,22,73634.63
CUST-ACT-02114,7,7,804,47,38529.93
CUST-ACT-02115,84,84,322,34,34886.2
CUST-ACT-02116,20,20,641,126,23399.49
CUST-ACT-02117,39,39,847,53,66663.14
CUST-ACT-02118,102,102,883,8,57956.11
CUST-ACT-02119,7,7,528,39,56805.42
CUST-ACT-02120,22,22,919,1,51542.69
CUST-ACT-02121,119,119,854,36,20228.56
CUST-ACT-02122,93,93,839,65,16123.99
CUST-ACT-02123,98,98,332,100,50683.8
CUST-ACT-02124,21,21,613,86,74016.2
CUST-ACT-02125,126,126,388,98,33448.0
CUST-ACT-02126,58,58,659,84,19390.77
CUST-ACT-02127,116,116,961,81,22581.57
CUST-ACT-02128,92,92,914,174,23273.3
CUST-ACT-02129,81,81,492,84,17864.63
CUST-ACT-02130,55,55,690,2,921.19
CUST-ACT-02131,29,29,124,66,53621.18
CUST-ACT-02132,130,130,697,18,65143.54
CUST-ACT-02133,36,36,686,71,54187.54
CUST-ACT-02134,72,72,201,66,57377.14
CUST-ACT-02135,76,76,115,171,32519.26
CUST-ACT-02136,59,59,466,122,49487.8
CUST-ACT-02137,5,5,172,75,36846.22
CUST-ACT-02138,40,40,428,5,33766.13
CUST-ACT-02139,75,75,837,62,69754.84
CUST-ACT-02140,38,38,923,163,36862.9
CUST-ACT-02141,64,64,156,9,40778.15
CUST-ACT-02142,77,77,198,124,12164.61
CUST-ACT-02143,6,6,844,116,27329.08
CUST-ACT-02144,42,42,277,147,60595.62
CUST-ACT-02145,81,81,313,2,35736.4
CUST-ACT-02146,113,113,101,14,16825.76
CUST-ACT-02147,126,126,263,134,38159.87
CUST-ACT-02148,26,26,990,137,35958.21
CUST-ACT-02149,87,87,936,68,52931.07
CUST-ACT-02150,37,37,747,138,56885.25
CUST-ACT-02151,147,147,724,56,45030.9
CUST-ACT-02152,11,11,39,90,51704.87
CUST-ACT-02153,144,144,828,90,30259.09
CUST-ACT-02154,40,40,226,114,68137.88
CUST-ACT-02155,121,121,410,20,17197.73
CUST-ACT-02156,132,132,499,60,51570.67
CUST-ACT-02157,81,81,252,142,58024.66
CUST-ACT-02158,107,107,275,29,28091.46
CUST-ACT-02159,109,109,618,22,68381.28
CUST-ACT-02160,142,142,766,164,54478.28
CUST-ACT-02161,109,109,928,174,38064.96
CUST-ACT-02162,27,27,156,127,72696.03
CUST-ACT-02163,148,148,556,42,23287.49
CUST-ACT-02164,9,9,385,134,39304.19
CUST-ACT-02165,109,109,503,129,16093.72
CUST-ACT-02166,43,43,575,1,40381.06
CUST-ACT-02167,37,37,522,89,28577.18
CUST-ACT-02168,100,100,632,158,49994.13
CUST-ACT-02169,128,128,804,1,29248.13
CUST-ACT-02170,86,86,804,17,57635.69
CUST-ACT-02171,50,50,909,42,37704.68
CUST-ACT-02172,28,28,139,84,63023.43
CUST-ACT-02173,145,145,674,154,25018.37
CUST-ACT-02174,113,113,199,21,15851.96
CUST-ACT-02175,145,145,143,37,61899.76
CUST-ACT-02176,41,41,684,31,65936.13
CUST-ACT-02177,115,115,971,12,59986.67
CUST-ACT-02178,20,20,401,25,23000.34
CUST-ACT-02179,84,84,392,70,16545.03
CUST-ACT-02180,30,30,559,176,41320.7
CUST-ACT-02181,80,80,776,37,26496.82
CUST-ACT-02182,42,42,417,28,47958.59
CUST-ACT-02183,128,128,544,90,70491.24
CUST-ACT-02184,69,69,638,159,51646.46
CUST-ACT-02185,44,44,110,50,20244.84
CUST-ACT-02186,10,10,765,174,19496.54
CUST-ACT-02187,49,49,685,163,62963.41
CUST-ACT-02188,80,80,558,70,34125.64
CUST-ACT-02189,57,57,890,88,55068.72
CUST-ACT-02190,110,110,726,174,27805.58
CUST-ACT-02191,103,103,484,104,27474.56
CUST-ACT-02192,15,15,433,130,37113.37
CUST-ACT-02193,102,102,716,65,60533.62
CUST-ACT-02194,3,3,268,105,65935.82
CUST-ACT-02195,89,89,613,51,2172.01
CUST-ACT-02196,40,40,102,26,29165.34
CUST-ACT-02197,19,19,539,118,16737.31
CUST-ACT-02198,90,90,286,9,39431.85
CUST-ACT-02199,64,64,969,3,67245.44
CUST-ACT-02200,90,90,143,60,66335.88
CUST-ACT-02201,1,1,325,163,57992.73
CUST-ACT-02202,140,140,72,58,53831.99
CUST-ACT-02203,76,76,485,78,52185.06
CUST-ACT-02204,28,28,259,170,74448.78
CUST-ACT-02205,147,147,131,77,54568.73
CUST-ACT-02206,134,134,135,67,55347.65
CUST-ACT-02207,11,11,785,41,54405.56
CUST-ACT-02208,98,98,87,84,51151.32
CUST-ACT-02209,44,44,445,16,23999.25
CUST-ACT-02210,54,54,939,18,22604.14
CUST-ACT-02211,22,22,650,30,8848.86
CUST-ACT-02212,119,119,346,72,70422.72
CUST-ACT-02213,56,56,330,55,4897.68
CUST-ACT-02214,77,77,751,66,11951.6
CUST-ACT-02215,52,52,599,142,53735.32
CUST-ACT-02216,66,66,405,165,7581.02
CUST-ACT-02217,114,114,332,91,58353.52
CUST-ACT-02218,105,105,176,78,19318.04
CUST-ACT-02219,6,6,761,9,47254.28
CUST-ACT-02220,97,97,500,12,25145.8
CUST-ACT-02221,70,70,925,82,20718.45
CUST-ACT-02222,18,18,313,157,2976.88
CUST-ACT-02223,11,11,610,177,42228.68
CUST-ACT-02224,47,47,454,33,752.75
CUST-ACT-02225,112,112,94,37,66753.46
CUST-ACT-02226,38,38,664,131,49437.76
CUST-ACT-02227,100,100,613,115,61913.87
CUST-ACT-02228,101,101,553,145,60328.8
CUST-ACT-02229,99,99,137,122,8916.22
CUST-ACT-02230,43,43,502,17,47230.63
CUST-ACT-02231,120,120,665,139,62422.34
CUST-ACT-02232,74,74,47,41,7416.33
CUST-ACT-02233,126,126,149,154,66261.26
CUST-ACT-02234,80,80,682,26,20245.59
CUST-ACT-02235,45,45,344,55,48758.55
CUST-ACT-02236,88,88,117,83,27115.16
CUST-ACT-02237,38,38,550,119,49731.6
CUST-ACT-02238,78,78,647,130,67095.53
CUST-ACT-02239,48,48,766,50,38824.17
CUST-ACT-02240,5,5,490,96,58630.97
CUST-ACT-02241,50,50,101,159,29378.59
CUST-ACT-02242,5,5,245,146,74473.11
CUST-ACT-02243,6,6,656,154,61996.31
CUST-ACT-02244,5,5,589,1,55248.49
CUST-ACT-02245,56,56,824,104,6738.32
CUST-ACT-02246,105,105,627,101,18776.18
CUST-ACT-02247,29,29,585,61,11198.1
CUST-ACT-02248,119,119,245,98,46208.58
CUST-ACT-02249,15,15,730,68,19774.95
CUST-ACT-02250,23,23,373,129,63166.14
CUST-ACT-02251,135,135,623,69,39449.32
CUST-ACT-02252,51,51,829,33,16599.92
CUST-ACT-02253,138,138,976,21,30092.53
CUST-ACT-02254,3,3,342,42,72930.58
CUST-ACT-02255,37,37,430,158,2204.06
CUST-ACT-02256,2,2,919,3,22396.78
CUST-ACT-02257,140,140,239,45,54754.15
CUST-ACT-02258,38,38,546,171,52921.48
CUST-ACT-02259,23,23,866,90,32434.15
CUST-ACT-02260,128,128,170,70,18336.77
CUST-ACT-02261,47,47,984,52,32894.44
CUST-ACT-02262,63,63,416,79,68375.16
CUST-ACT-02263,133,133,44,59,2060.08
CUST-ACT-02264,80,80,34,106,58834.4
CUST-ACT-02265,22,22,128,101,72072.03
CUST-ACT-02266,48,48,216,146,56513.07
CUST-ACT-02267,149,149,649,138,40972.75
CUST-ACT-02268,21,21,290,172,20580.66
CUST-ACT-02269,45,45,686,153,27509.52
CUST-ACT-02270,20,20,261,172,59720.19
CUST-ACT-02271,53,53,718,76,45118.27
CUST-ACT-02272,120,120,97,120,60257.79
CUST-ACT-02273,92,92,459,27,51334.91
CUST-ACT-02274,84,84,444,46,2033.25
CUST-ACT-02275,73,73,467,53,72307.57
CUST-ACT-02276,43,43,266,62,45807.04
CUST-ACT-02277,95,95,287,73,57465.37
CUST-ACT-02278,75,75,789,39,24536.59
CUST-ACT-02279,53,53,185,104,6215.19
CUST-ACT-02280,115,115,505,53,45099.58
CUST-ACT-02281,67,67,248,17,15116.8
CUST-ACT-02282,54,54,66,3,70426.13
CUST-ACT-02283,46,46,302,104,58317.71
CUST-ACT-02284,34,34,353,119,59331.13
CUST-ACT-02285,57,57,779,110,65739.97
CUST-ACT-02286,143,143,829,115,25709.38
CUST-ACT-02287,146,146,400,24,6564.68
CUST-ACT-02288,80,80,605,37,20238.91
CUST-ACT-02289,149,149,572,109,65677.42
CUST-ACT-02290,108,108,225,165,33957.52
CUST-ACT-02291,31,31,372,124,69595.63
CUST-ACT-02292,34,34,663,168,62590.31
CUST-ACT-02293,41,41,612,61,57729.84
CUST-ACT-02294,76,76,431,116,61544.44
CUST-ACT-02295,132,132,205,134,68273.25
CUST-ACT-02296,21,21,58,172,68663.13
CUST-ACT-02297,58,58,796,160,50584.83
CUST-ACT-02298,67,67,754,155,35981.72
CUST-ACT-02299,58,58,938,89,22451.05
CUST-ACT-02300,69,69,707,63,25688.85
CUST-ACT-02301,133,133,913,26,57609.34
CUST-ACT-02302,141,141,927,119,53740.42
CUST-ACT-02303,15,15,607,1,7489.35
CUST-ACT-02304,4,4,452,7,56413.65
CUST-ACT-02305,117,117,811,87,21854.02
CUST-ACT-02306,37,37,126,37,3517.08
CUST-ACT-02307,28,28,211,106,22435.57
CUST-ACT-02308,147,147,293,165,60175.7
CUST-ACT-02309,26,26,401,24,18959.21
CUST-ACT-02310,132,132,557,104,16467.65
CUST-ACT-02311,93,93,361,80,71517.99
CUST-ACT-02312,63,63,723,108,24465.87
CUST-ACT-02313,26,26,276,113,4959.57
CUST-ACT-02314,77,77,308,148,74175.21
CUST-ACT-02315,47,47,708,101,64660.73
CUST-ACT-02316,7,7,628,175,23277.9
CUST-ACT-02317,61,61,823,134,67873.93
CUST-ACT-02318,136,136,648,133,41886.0
CUST-ACT-02319,66,66,872,10,35081.04
CUST-ACT-02320,48,48,343,31,12330.43
CUST-ACT-02321,114,114,538,39,23071.87
CUST-ACT-02322,85,85,697,147,38666.95
CUST-ACT-02323,147,147,464,168,22693.15
CUST-ACT-02324,115,115,388,121,28617.76
CUST-ACT-02325,144,144,716,61,73581.12
CUST-ACT-02326,100,100,567,130,41911.38
CUST-ACT-02327,127,127,344,74,22320.61
CUST-ACT-02328,65,65,866,162,35803.68
CUST-ACT-02329,115,115,750,15,1892.06
CUST-ACT-02330,129,129,176,59,38220.35
CUST-ACT-02331,93,93,669,3,58478.49
CUST-ACT-02332,141,141,257,168,33544.86
CUST-ACT-02333,98,98,102,22,41567.78
CUST-ACT-02334,104,104,194,118,73035.18
CUST-ACT-02335,149,149,360,161,73167.46
CUST-ACT-02336,77,77,332,9,65228.15
CUST-ACT-02337,67,67,294,20,31467.64
CUST-ACT-02338,129,129,193,117,8614.02
CUST-ACT-02339,28,28,759,131,49322.79
CUST-ACT-02340,140,140,49,82,37734.21
CUST-ACT-02341,133,133,320,22,22023.3
CUST-ACT-02342,113,113,428,133,13552.14
CUST-ACT-02343,133,133,178,15,10143.88
CUST-ACT-02344,120,120,831,51,59891.57
CUST-ACT-02345,119,119,688,169,3645.58
CUST-ACT-02346,29,29,798,53,34078.15
CUST-ACT-02347,75,75,827,99,22039.88
CUST-ACT-02348,99,99,735,17,31102.59
CUST-ACT-02349,124,124,251,47,19221.02
CUST-ACT-02350,118,118,963,16,33573.35
CUST-ACT-02351,31,31,58,73,41798.0
CUST-ACT-02352,10,10,519,96,67532.24
CUST-ACT-02353,4,4,779,110,52223.79
CUST-ACT-02354,83,83,692,164,3726.93
CUST-ACT-02355,47,47,135,145,2646.57
CUST-ACT-02356,128,128,582,134,69532.67
CUST-ACT-02357,59,59,564,140,16850.42
CUST-ACT-02358,20,20,372,57,61298.26
CUST-ACT-02359,140,140,54,41,43931.21
CUST-ACT-02360,66,66,486,157,31344.9
CUST-ACT-02361,31,31,721,19,62110.64
CUST-ACT-02362,128,128,117,95,70212.47
CUST-ACT-02363,23,23,267,41,21868.27
CUST-ACT-02364,127,127,948,160,9819.11
CUST-ACT-02365,95,95,802,174,70050.12
CUST-ACT-02366,98,98,983,114,7622.43
CUST-ACT-02367,115,115,766,46,38438.99
CUST-ACT-02368,68,68,477,79,68258.07
CUST-ACT-02369,96,96,749,3,37888.27
CUST-ACT-02370,40,40,299,115,62842.51
CUST-ACT-02371,11,11,360,150,58876.27
CUST-ACT-02372,64,64,714,98,47164.86
CUST-ACT-02373,144,144,153,145,15043.02
CUST-ACT-02374,125,125,304,136,39227.28
CUST-ACT-02375,38,38,831,94,54420.25
CUST-ACT-02376,74,74,969,113,74542.3
CUST-ACT-02377,2,2,77,69,69231.71
CUST-ACT-02378,138,138,421,143,13665.42
CUST-ACT-02379,53,53,895,2,47919.35
CUST-ACT-02380,115,115,243,3,66561.39
CUST-ACT-02381,138,138,387,29,74234.49
CUST-ACT-02382,30,30,208,137,38613.75
CUST-ACT-02383,16,16,635,109,2096.82
CUST-ACT-02384,122,122,312,25,65951.07
CUST-ACT-02385,41,41,761,43,1601.24
CUST-ACT-02386,64,64,584,142,28168.71
CUST-ACT-02387,141,141,901,77,60285.91
CUST-ACT-02388,96,96,642,46,29387.6
CUST-ACT-02389,137,137,95,59,11445.54
CUST-ACT-02390,76,76,46,31,2528.37
CUST-ACT-02391,22,22,486,37,61567.77
CUST-ACT-02392,110,110,794,18,34719.48
CUST-ACT-02393,19,19,48,32,62535.7
CUST-ACT-02394,48,48,710,72,56596.32
CUST-ACT-02395,72,72,777,157,47571.59
CUST-ACT-02396,141,141,596,9,55696.83
CUST-ACT-02397,94,94,442,172,74521.83
CUST-ACT-02398,28,28,350,84,47744.87
CUST-ACT-02399,91,91,751,165,40477.08
CUST-ACT-02400,127,127,40,38,73685.97
CUST-ACT-02401,33,33,722,13,27706.71
CUST-ACT-02402,139,139,98,47,70733.06
CUST-ACT-02403,106,106,152,44,59354.05
CUST-ACT-02404,137,137,266,107,42803.0
CUST-ACT-02405,15,15,64,131,3331.39
CUST-ACT-02406,107,107,687,94,4062.84
CUST-ACT-02407,103,103,166,34,32032.09
CUST-ACT-02408,60,60,214,19,10408.59
CUST-ACT-02409,98,98,964,100,17782.32
CUST-ACT-02410,47,47,841,123,4383.08
CUST-ACT-02411,99,99,764,14,42195.61
CUST-ACT-02412,128,128,526,21,8303.67
CUST-ACT-02413,136,136,511,158,9289.1
CUST-ACT-02414,92,92,613,133,40900.51
CUST-ACT-02415,30,30,727,43,55098.45
CUST-ACT-02416,44,44,477,97,67481.08
CUST-ACT-02417,84,84,952,151,37499.24
CUST-ACT-02418,111,111,92,173,22751.92
CUST-ACT-02419,26,26,35,108,54962.56
CUST-ACT-02420,46,46,741,131,38002.51
CUST-ACT-02421,119,119,391,11,52821.72
CUST-ACT-02422,141,141,943,136,22875.08
CUST-ACT-02423,1,1,744,129,59213.0
CUST-ACT-02424,73,73,164,40,10298.1
CUST-ACT-02425,141,141,847,110,44091.87
CUST-ACT-02426,74,74,550,133,31573.83
CUST-ACT-02427,99,99,937,157,65073.48
CUST-ACT-02428,130,130,282,32,47759.05
CUST-ACT-02429,43,43,206,91,63591.06
CUST-ACT-02430,91,91,514,13,6923.72
CUST-ACT-02431,134,134,243,141,30924.03
CUST-ACT-02432,129,129,880,38,68773.28
CUST-ACT-02433,113,113,660,47,3482.27
CUST-ACT-02434,75,75,170,65,70419.49
CUST-ACT-02435,43,43,788,53,53895.54
CUST-ACT-02436,99,99,776,46,62722.74
CUST-ACT-02437,127,127,764,150,67942.91
CUST-ACT-02438,45,45,757,153,58793.17
CUST-ACT-02439,141,141,555,48,48404.19
CUST-ACT-02440,8,8,297,83,70731.46
CUST-ACT-02441,148,148,592,13,37378.49
CUST-ACT-02442,41,41,774,54,57798.76
CUST-ACT-02443,138,138,902,85,17186.66
CUST-ACT-02444,64,64,384,21,1410.26
CUST-ACT-02445,132,132,249,173,68535.34
CUST-ACT-02446,137,137,523,94,27344.68
CUST-ACT-02447,123,123,332,12,9057.78
CUST-ACT-02448,82,82,897,57,63165.65
CUST-ACT-02449,64,64,829,7,825.51
CUST-ACT-02450,94,94,699,53,13255.54
CUST-ACT-02451,12,12,737,11,51345.68
CUST-ACT-02452,33,33,642,43,23302.37
CUST-ACT-02453,93,93,143,99,6928.1
CUST-ACT-02454,123,123,456,109,1574.36
CUST-ACT-02455,46,46,710,163,52024.85
CUST-ACT-02456,14,14,736,111,63947.04
CUST-ACT-02457,43,43,224,85,50788.48
CUST-ACT-02458,15,15,535,175,23302.43
CUST-ACT-02459,106,106,944,4,7331.83
CUST-ACT-02460,148,148,833,89,63252.02
CUST-ACT-02461,138,138,527,128,58978.84
CUST-ACT-02462,133,133,754,107,53197.09
CUST-ACT-02463,94,94,525,68,37931.06
CUST-ACT-02464,59,59,702,153,65592.35
CUST-ACT-02465,25,25,215,126,3847.23
CUST-ACT-02466,65,65,975,18,47350.78
CUST-ACT-02467,58,58,690,108,46363.22
CUST-ACT-02468,124,124,261,159,30041.69
CUST-ACT-02469,102,102,255,67,32254.68
CUST-ACT-02470,76,76,632,156,16404.0
CUST-ACT-02471,123,123,483,31,27506.06
CUST-ACT-02472,33,33,251,7,37945.64
CUST-ACT-02473,100,100,511,31,26106.69
CUST-ACT-02474,63,63,712,167,9702.66
CUST-ACT-02475,142,142,40,22,8650.07
CUST-ACT-02476,8,8,376,57,17068.52
CUST-ACT-02477,71,71,502,84,68280.29
CUST-ACT-02478,112,112,440,59,36447.01
CUST-ACT-02479,78,78,797,8,35543.56
CUST-ACT-02480,127,127,399,135,67857.92
CUST-ACT-02481,60,60,229,117,58093.51
CUST-ACT-02482,73,73,564,92,26754.3
CUST-ACT-02483,38,38,993,121,14635.48
CUST-ACT-02484,67,67,168,109,50737.31
CUST-ACT-02485,44,44,180,178,69772.55
CUST-ACT-02486,117,117,369,34,43517.61
CUST-ACT-02487,103,103,418,19,49824.89
CUST-ACT-02488,108,108,464,98,44220.08
CUST-ACT-02489,103,103,315,149,69349.2
CUST-ACT-02490,123,123,274,134,63735.5
CUST-ACT-02491,56,56,222,151,20061.66
CUST-ACT-02492,113,113,933,177,55114.8
CUST-ACT-02493,80,80,986,18,9375.25
CUST-ACT-02494,1,1,382,75,61707.25
CUST-ACT-02495,4,4,375,7,10891.43
CUST-ACT-02496,117,117,157,37,65259.89
CUST-ACT-02497,4,4,596,8,72881.7
CUST-ACT-02498,67,67,753,107,13893.34
CUST-ACT-02499,125,125,686,61,24826.96
CUST-ACT-02500,10,10,632,22,26127.75
CUST-ACT-02501,26,26,493,113,37066.12
CUST-ACT-02502,122,122,165,178,5554.51
CUST-ACT-02503,3,3,716,90,50555.36
CUST-ACT-02504,69,69,899,85,13194.47
CUST-ACT-02505,1,1,873,47,67246.31
CUST-ACT-02506,7,7,65,35,65393.5
CUST-ACT-02507,93,93,558,37,30809.25
CUST-ACT-02508,117,117,802,80,29337.65
CUST-ACT-02509,99,99,264,110,32391.21
CUST-ACT-02510,120,120,406,110,17459.98
CUST-ACT-02511,43,43,239,167,31354.07
CUST-ACT-02512,49,49,679,56,29308.35
CUST-ACT-02513,9,9,552,53,69442.27
CUST-ACT-02514,87,87,876,149,37180.36
CUST-ACT-02515,146,146,698,125,70392.85
CUST-ACT-02516,136,136,67,117,26487.4
CUST-ACT-02517,67,67,426,30,52976.87
CUST-ACT-02518,25,25,293,155,7112.79
CUST-ACT-02519,136,136,176,2,6199.75
CUST-ACT-02520,108,108,965,96,27894.77
CUST-ACT-02521,43,43,756,22,30666.88
CUST-ACT-02522,42,42,136,68,55126.97
CUST-ACT-02523,26,26,125,152,49452.56
CUST-ACT-02524,7,7,616,42,15593.36
CUST-ACT-02525,50,50,43,161,41682.49
CUST-ACT-02526,127,127,287,140,9869.36
CUST-ACT-02527,80,80,174,20,62549.44
CUST-ACT-02528,72,72,308,69,35575.87
CUST-ACT-02529,118,118,934,151,30021.34
CUST-ACT-02530,108,108,475,17,73065.0
CUST-ACT-02531,97,97,90,111,71554.64
CUST-ACT-02532,142,142,90,27,44903.59
CUST-ACT-02533,38,38,834,69,13823.05
CUST-ACT-02534,11,11,953,46,71063.95
CUST-ACT-02535,80,80,63,164,52091.92
CUST-ACT-02536,119,119,209,108,11045.72
CUST-ACT-02537,105,105,724,150,63640.97
CUST-ACT-02538,92,92,471,90,56152.72
CUST-ACT-02539,14,14,161,96,45698.37
CUST-ACT-02540,130,130,806,87,58401.9
CUST-ACT-02541,60,60,633,4,48018.21
CUST-ACT-02542,110,110,182,27,36152.18
CUST-ACT-02543,92,92,486,77,64943.3
CUST-ACT-02544,30,30,779,89,5688.09
CUST-ACT-02545,127,127,64,45,19689.57
CUST-ACT-02546,38,38,957,155,49715.78
CUST-ACT-02547,12,12,775,32,37318.63
CUST-ACT-02548,54,54,888,36,30046.34
CUST-ACT-02549,56,56,410,29,32080.47
CUST-ACT-02550,3,3,696,86,43585.83
CUST-ACT-02551,120,120,717,104,52246.76
CUST-ACT-02552,56,56,551,31,36761.09
CUST-ACT-02553,8,8,673,19,16732.75
CUST-ACT-02554,19,19,900,65,72833.42
CUST-ACT-02555,104,104,818,104,46415.25
CUST-ACT-02556,4,4,913,4,2811.17
CUST-ACT-02557,145,145,310,38,63455.24
CUST-ACT-02558,29,29,137,129,31486.59
CUST-ACT-02559,89,89,768,117,18347.43
CUST-ACT-02560,23,23,569,2,32278.53
CUST-ACT-02561,95,95,803,4,66548.05
CUST-ACT-02562,35,35,993,52,36505.48
CUST-ACT-02563,67,67,453,40,73295.89
CUST-ACT-02564,109,109,450,38,74831.09
CUST-ACT-02565,86,86,268,45,47158.9
CUST-ACT-02566,31,31,597,140,61326.12
CUST-ACT-02567,132,132,46,96,35776.4
CUST-ACT-02568,4,4,777,14,55806.05
CUST-ACT-02569,43,43,946,138,39072.92
CUST-ACT-02570,126,126,322,82,58659.26
CUST-ACT-02571,122,122,620,68,50942.12
CUST-ACT-02572,145,145,175,120,23309.84
CUST-ACT-02573,83,83,561,134,2024.1
CUST-ACT-02574,91,91,527,102,42894.89
CUST-ACT-02575,26,26,524,142,8504.32
CUST-ACT-02576,20,20,668,154,32884.32
CUST-ACT-02577,114,114,901,97,24856.72
CUST-ACT-02578,80,80,310,105,17721.99
CUST-ACT-02579,67,67,520,96,30700.3
CUST-ACT-02580,39,39,277,162,56788.94
CUST-ACT-02581,49,49,73,52,6022.29
CUST-ACT-02582,12,12,291,39,7053.92
CUST-ACT-02583,63,63,944,163,64607.54
CUST-ACT-02584,3,3,519,172,30251.04
CUST-ACT-02585,16,16,145,102,56670.11
CUST-ACT-02586,34,34,651,135,68405.23
CUST-ACT-02587,61,61,628,62,4483.68
CUST-ACT-02588,45,45,338,126,23119.54
CUST-ACT-02589,43,43,164,126,45061.04
CUST-ACT-02590,82,82,605,102,18402.2
CUST-ACT-02591,52,52,276,66,52140.35
CUST-ACT-02592,42,42,541,14,30802.67
CUST-ACT-02593,102,102,747,141,68485.5
CUST-ACT-02594,75,75,843,116,22567.75
CUST-ACT-02595,11,11,444,146,1133.2
CUST-ACT-02596,53,53,572,120,37332.07
CUST-ACT-02597,4,4,981,56,29528.91
CUST-ACT-02598,1,1,102,109,74738.5
CUST-ACT-02599,47,47,290,22,30674.83
CUST-ACT-02600,88,88,664,166,62981.28
CUST-ACT-02601,60,60,94,120,37248.38
CUST-ACT-02602,73,73,446,108,40013.75
CUST-ACT-02603,132,132,498,69,7663.98
CUST-ACT-02604,138,138,639,84,52399.24
CUST-ACT-02605,102,102,486,41,51222.24
CUST-ACT-02606,127,127,146,172,11877.63
CUST-ACT-02607,25,25,432,7,6817.18
CUST-ACT-02608,136,136,538,156,72690.03
CUST-ACT-02609,143,143,499,22,42401.98
CUST-ACT-02610,48,48,536,43,17145.64
CUST-ACT-02611,35,35,537,80,22267.34
CUST-ACT-02612,104,104,587,17,26991.57
CUST-ACT-02613,18,18,55,99,11730.69
CUST-ACT-02614,4,4,62,25,39430.69
CUST-ACT-02615,79,79,129,118,50178.03
CUST-ACT-02616,5,5,275,110,65188.03
CUST-ACT-02617,66,66,257,93,4404.36
CUST-ACT-02618,87,87,155,35,72843.65
CUST-ACT-02619,88,88,340,165,46289.29
CUST-ACT-02620,22,22,382,45,46450.88
CUST-ACT-02621,117,117,546,4,17687.66
CUST-ACT-02622,128,128,55,81,70505.25
CUST-ACT-02623,132,132,884,70,43858.47
CUST-ACT-02624,21,21,911,49,39696.07
CUST-ACT-02625,122,122,415,25,33516.41
CUST-ACT-02626,137,137,726,136,16664.15
CUST-ACT-02627,44,44,384,157,70550.48
CUST-ACT-02628,57,57,171,91,38185.83
CUST-ACT-02629,30,30,803,152,8564.73
CUST-ACT-02630,93,93,98,16,30153.56
CUST-ACT-02631,117,117,448,118,21380.2
CUST-ACT-02632,68,68,962,21,50688.05
CUST-ACT-02633,43,43,516,89,9487.29
CUST-ACT-02634,137,137,404,15,10559.98
CUST-ACT-02635,86,86,239,97,62606.69
CUST-ACT-02636,10,10,830,18,70348.46
CUST-ACT-02637,68,68,882,153,35686.42
CUST-ACT-02638,49,49,295,22,19772.89
CUST-ACT-02639,31,31,950,155,56966.58
CUST-ACT-02640,94,94,138,17,22874.49
CUST-ACT-02641,100,100,266,101,24679.26
CUST-ACT-02642,110,110,65,16,68929.07
CUST-ACT-02643,69,69,298,174,42699.27
CUST-ACT-02644,12,12,467,83,41117.7
CUST-ACT-02645,97,97,384,8,14953.32
CUST-ACT-02646,67,67,930,86,70322.34
CUST-ACT-02647,146,146,872,162,22072.09
CUST-ACT-02648,40,40,580,48,37617.32
CUST-ACT-02649,96,96,845,141,39452.96
CUST-ACT-02650,62,62,381,44,7503.18
CUST-ACT-02651,22,22,289,72,13156.83
CUST-ACT-02652,16,16,617,39,14463.89
CUST-ACT-02653,65,65,227,50,46041.16
CUST-ACT-02654,82,82,316,163,23877.0
CUST-ACT-02655,82,82,302,73,25943.48
CUST-ACT-02656,104,104,414,121,43180.77
CUST-ACT-02657,80,80,391,144,4662.73
CUST-ACT-02658,117,117,313,83,70868.13
CUST-ACT-02659,64,64,213,70,70976.87
CUST-ACT-02660,41,41,317,153,73521.71
CUST-ACT-02661,119,119,817,175,20000.5
CUST-ACT-02662,11,11,913,16,46875.61
CUST-ACT-02663,83,83,220,139,55662.09
CUST-ACT-02664,116,116,761,86,32408.23
CUST-ACT-02665,7,7,876,168,52982.88
CUST-ACT-02666,73,73,828,61,14606.19
CUST-ACT-02667,19,19,578,142,46191.48
CUST-ACT-02668,123,123,598,78,6949.65
CUST-ACT-02669,52,52,798,93,37171.31
CUST-ACT-02670,80,80,420,39,3670.81
CUST-ACT-02671,122,122,119,99,2228.03
CUST-ACT-02672,145,145,185,9,66539.9
CUST-ACT-02673,114,114,833,78,48531.47
CUST-ACT-02674,78,78,357,101,54174.98
CUST-ACT-02675,5,5,722,36,56761.04
CUST-ACT-02676,23,23,861,40,36793.79
CUST-ACT-02677,34,34,944,66,59763.96
CUST-ACT-02678,52,52,364,123,66172.41
CUST-ACT-02679,64,64,118,121,57486.6
CUST-ACT-02680,2,2,504,90,69471.34
CUST-ACT-02681,63,63,195,105,10311.14
CUST-ACT-02682,32,32,82,162,64404.62
CUST-ACT-02683,102,102,895,136,23842.89
CUST-ACT-02684,4,4,135,8,24061.25
CUST-ACT-02685,76,76,173,69,9592.97
CUST-ACT-02686,52,52,361,112,3821.29
CUST-ACT-02687,14,14,144,161,72206.66
CUST-ACT-02688,71,71,923,20,4083.51
CUST-ACT-02689,148,148,60,121,12055.75
CUST-ACT-02690,88,88,296,160,18165.95
CUST-ACT-02691,21,21,811,116,62589.28
CUST-ACT-02692,121,121,197,169,34518.9
CUST-ACT-02693,131,131,464,100,32805.13
CUST-ACT-02694,3,3,286,41,20092.62
CUST-ACT-02695,115,115,323,148,13448.46
CUST-ACT-02696,146,146,874,79,15301.98
CUST-ACT-02697,132,132,38,128,29059.32
CUST-ACT-02698,62,62,770,155,52400.14
CUST-ACT-02699,86,86,251,140,37066.86
CUST-ACT-02700,117,117,452,50,26138.61
CUST-ACT-02701,52,52,908,65,10008.85
CUST-ACT-02702,135,135,247,129,33012.89
CUST-ACT-02703,73,73,120,77,62165.26
CUST-ACT-02704,44,44,763,41,70496.66
CUST-ACT-02705,104,104,619,68,46869.74
CUST-ACT-02706,46,46,286,12,5220.65
CUST-ACT-02707,136,136,665,171,62598.36
CUST-ACT-02708,1,1,87,171,64313.45
CUST-ACT-02709,80,80,452,91,12292.53
CUST-ACT-02710,6,6,59,151,46986.47
CUST-ACT-02711,14,14,262,68,11377.66
CUST-ACT-02712,16,16,343,152,58430.27
CUST-ACT-02713,61,61,558,3,43462.29
CUST-ACT-02714,82,82,412,34,68704.56
CUST-ACT-02715,14,14,644,58,12798.55
CUST-ACT-02716,120,120,280,141,27543.7
CUST-ACT-02717,148,148,519,174,40598.04
CUST-ACT-02718,10,10,539,42,7856.08
CUST-ACT-02719,101,101,756,133,70498.48
CUST-ACT-02720,142,142,184,141,33853.29
CUST-ACT-02721,27,27,292,115,52981.74
CUST-ACT-02722,4,4,957,50,7772.45
CUST-ACT-02723,52,52,40,128,71252.29
CUST-ACT-02724,30,30,871,174,8381.0
CUST-ACT-02725,32,32,191,92,56931.18
CUST-ACT-02726,82,82,847,9,32380.03
CUST-ACT-02727,149,149,970,123,73423.81
CUST-ACT-02728,21,21,757,109,30539.28
CUST-ACT-02729,53,53,911,65,39426.89
CUST-ACT-02730,84,84,502,123,20887.2
CUST-ACT-02731,36,36,320,98,32946.53
CUST-ACT-02732,44,44,839,152,68165.5
CUST-ACT-02733,20,20,66,5,45215.78
CUST-ACT-02734,27,27,565,99,71113.12
CUST-ACT-02735,100,100,369,48,37571.74
CUST-ACT-02736,51,51,900,15,34608.8
CUST-ACT-02737,68,68,546,162,42583.84
CUST-ACT-02738,84,84,448,89,59711.89
CUST-ACT-02739,40,40,618,39,48734.11
CUST-ACT-02740,40,40,75,22,24145.89
CUST-ACT-02741,27,27,255,168,6086.27
CUST-ACT-02742,21,21,701,125,26690.2
CUST-ACT-02743,45,45,646,62,35597.31
CUST-ACT-02744,140,140,940,99,48544.68
CUST-ACT-02745,127,127,944,142,47470.81
CUST-ACT-02746,144,144,609,74,73455.1
CUST-ACT-02747,130,130,238,10,35958.32
CUST-ACT-02748,14,14,43,64,63667.13
CUST-ACT-02749,134,134,742,58,57734.33
CUST-ACT-02750,96,96,437,6,58955.03
CUST-ACT-02751,94,94,791,67,39590.43
CUST-ACT-02752,58,58,565,115,40353.01
CUST-ACT-02753,3,3,143,5,59035.13
CUST-ACT-02754,148,148,605,122,69495.3
CUST-ACT-02755,32,32,137,121,60607.31
CUST-ACT-02756,100,100,931,25,68839.32
CUST-ACT-02757,28,28,705,8,45817.61
CUST-ACT-02758,75,75,484,155,34795.97
CUST-ACT-02759,61,61,417,77,16060.42
CUST-ACT-02760,23,23,601,94,49572.13
CUST-ACT-02761,107,107,138,101,60081.51
CUST-ACT-02762,124,124,999,131,27430.69
CUST-ACT-02763,60,60,934,21,19715.48
CUST-ACT-02764,75,75,53,126,8668.8
CUST-ACT-02765,132,132,772,131,29840.66
CUST-ACT-02766,6,6,602,61,21658.89
CUST-ACT-02767,105,105,945,138,41902.36
CUST-ACT-02768,104,104,525,75,11372.13
CUST-ACT-02769,72,72,320,17,65209.8
CUST-ACT-02770,60,60,412,110,39542.59
CUST-ACT-02771,71,71,65,101,22496.93
CUST-ACT-02772,25,25,75,113,56815.0
CUST-ACT-02773,23,23,971,30,37521.56
CUST-ACT-02774,48,48,157,85,57412.42
CUST-ACT-02775,60,60,149,103,48320.96
CUST-ACT-02776,54,54,373,108,58905.0
CUST-ACT-02777,90,90,561,46,55429.86
CUST-ACT-02778,9,9,919,79,64996.18
CUST-ACT-02779,1,1,697,32,28381.45
CUST-ACT-02780,68,68,250,75,48053.16
CUST-ACT-02781,72,72,373,22,66119.95
CUST-ACT-02782,83,83,630,96,39936.89
CUST-ACT-02783,64,64,851,18,36141.3
CUST-ACT-02784,58,58,977,14,57227.31
CUST-ACT-02785,45,45,771,21,10352.17
CUST-ACT-02786,15,15,664,33,55377.65
CUST-ACT-02787,134,134,216,24,2004.91
CUST-ACT-02788,106,106,509,126,71883.53
CUST-ACT-02789,50,50,322,61,4820.61
CUST-ACT-02790,30,30,962,30,64593.46
CUST-ACT-02791,32,32,455,171,41084.49
CUST-ACT-02792,9,9,651,171,68509.01
CUST-ACT-02793,37,37,406,94,15353.25
CUST-ACT-02794,89,89,466,35,67178.31
CUST-ACT-02795,121,121,854,41,6193.19
CUST-ACT-02796,93,93,259,119,33652.26
CUST-ACT-02797,45,45,138,34,70217.05
CUST-ACT-02798,144,144,338,171,19209.33
CUST-ACT-02799,99,99,89,42,69094.48
CUST-ACT-02800,54,54,133,11,54928.8
CUST-ACT-02801,34,34,106,11,5421.12
CUST-ACT-02802,96,96,758,110,3357.53
CUST-ACT-02803,77,77,969,76,21966.5
CUST-ACT-02804,39,39,822,12,53203.44
CUST-ACT-02805,89,89,272,100,33798.88
CUST-ACT-02806,76,76,346,65,17243.33
CUST-ACT-02807,92,92,653,137,35078.41
CUST-ACT-02808,100,100,512,58,50013.79
CUST-ACT-02809,45,45,865,179,23553.84
CUST-ACT-02810,30,30,410,161,4263.55
CUST-ACT-02811,74,74,332,174,41446.04
CUST-ACT-02812,141,141,200,130,15664.48
CUST-ACT-02813,23,23,130,61,73862.08
CUST-ACT-02814,123,123,136,74,38450.3
CUST-ACT-02815,121,121,73,90,57633.63
CUST-ACT-02816,43,43,98,82,11098.35
CUST-ACT-02817,94,94,116,20,23788.88
CUST-ACT-02818,132,132,935,161,35047.6
CUST-ACT-02819,3,3,726,66,55025.23
CUST-ACT-02820,5,5,31,147,16241.35
CUST-ACT-02821,25,25,50,2,11161.02
CUST-ACT-02822,146,146,955,114,16092.65
CUST-ACT-02823,68,68,438,99,45687.48
CUST-ACT-02824,2,2,615,106,53296.77
CUST-ACT-02825,45,45,948,154,51504.84
CUST-ACT-02826,6,6,178,30,5486.92
CUST-ACT-02827,138,138,737,56,50475.29
CUST-ACT-02828,133,133,576,134,35673.29
CUST-ACT-02829,55,55,463,126,22767.51
CUST-ACT-02830,23,23,351,154,38983.63
CUST-ACT-02831,13,13,279,11,8412.59
CUST-ACT-02832,51,51,505,8,48403.43
CUST-ACT-02833,114,114,762,144,20099.06
CUST-ACT-02834,112,112,241,99,52508.39
CUST-ACT-02835,109,109,166,178,8793.14
CUST-ACT-02836,133,133,477,120,19014.92
CUST-ACT-02837,26,26,360,49,9873.55
CUST-ACT-02838,117,117,938,147,5666.16
CUST-ACT-02839,141,141,611,102,63589.28
CUST-ACT-02840,75,75,395,151,7848.39
CUST-ACT-02841,75,75,313,38,65596.58
CUST-ACT-02842,80,80,499,4,17542.26
CUST-ACT-02843,136,136,621,177,52804.25
CUST-ACT-02844,118,118,879,85,62991.97
CUST-ACT-02845,48,48,965,118,62902.0
CUST-ACT-02846,35,35,325,28,45819.94
CUST-ACT-02847,127,127,651,109,48804.3
CUST-ACT-02848,60,60,198,131,52375.54
CUST-ACT-02849,26,26,245,107,55543.55
CUST-ACT-02850,122,122,825,45,40668.08
CUST-ACT-02851,63,63,168,26,37865.35
CUST-ACT-02852,135,135,651,151,4731.61
CUST-ACT-02853,61,61,364,171,32340.75
CUST-ACT-02854,49,49,668,81,64022.97
CUST-ACT-02855,94,94,846,34,55326.58
CUST-ACT-02856,106,106,489,43,24419.13
CUST-ACT-02857,48,48,401,150,1384.38
CUST-ACT-02858,32,32,105,68,48848.21
CUST-ACT-02859,81,81,89,120,56336.84
CUST-ACT-02860,66,66,547,80,14687.33
CUST-ACT-02861,94,94,225,14,52815.53
CUST-ACT-02862,37,37,346,109,68703.69
CUST-ACT-02863,49,49,127,86,62054.41
CUST-ACT-02864,53,53,809,20,63962.93
CUST-ACT-02865,97,97,601,86,45132.13
CUST-ACT-02866,141,141,704,70,14348.41
CUST-ACT-02867,92,92,445,27,50392.41
CUST-ACT-02868,72,72,403,154,39488.29
CUST-ACT-02869,95,95,619,107,73128.72
CUST-ACT-02870,22,22,288,162,33162.55
CUST-ACT-02871,138,138,534,123,73030.29
CUST-ACT-02872,97,97,700,85,27054.51
CUST-ACT-02873,136,136,531,93,55909.19
CUST-ACT-02874,116,116,590,104,3995.39
CUST-ACT-02875,64,64,950,105,65732.81
CUST-ACT-02876,1,1,138,36,48351.58
CUST-ACT-02877,8,8,709,91,25306.22
CUST-ACT-02878,121,121,317,30,69635.1
CUST-ACT-02879,126,126,592,47,72200.46
CUST-ACT-02880,122,122,366,95,10101.77
CUST-ACT-02881,142,142,694,59,5008.09
CUST-ACT-02882,82,82,210,125,27291.24
CUST-ACT-02883,85,85,823,106,4548.15
CUST-ACT-02884,119,119,739,129,57192.38
CUST-ACT-02885,132,132,201,171,16795.92
CUST-ACT-02886,33,33,868,55,36133.6
CUST-ACT-02887,135,135,906,161,57854.83
CUST-ACT-02888,33,33,393,22,29621.61
CUST-ACT-02889,128,128,490,8,53697.09
CUST-ACT-02890,77,77,686,146,50313.38
CUST-ACT-02891,126,126,929,159,65660.69
CUST-ACT-02892,11,11,41,57,4510.33
CUST-ACT-02893,88,88,724,27,45623.6
CUST-ACT-02894,35,35,595,77,9275.78
CUST-ACT-02895,135,135,94,1,19898.44
CUST-ACT-02896,20,20,993,143,72848.99
CUST-ACT-02897,52,52,750,63,65935.66
CUST-ACT-02898,98,98,860,146,35530.99
CUST-ACT-02899,35,35,775,161,65691.91
CUST-ACT-02900,127,127,997,108,10441.76
CUST-ACT-02901,103,103,364,130,8027.83
CUST-ACT-02902,6,6,749,104,58819.5
CUST-ACT-02903,11,11,777,163,7725.49
CUST-ACT-02904,73,73,325,75,3765.45
CUST-ACT-02905,119,119,770,53,55871.26
CUST-ACT-02906,47,47,198,21,23064.53
CUST-ACT-02907,105,105,47,97,63734.08
CUST-ACT-02908,43,43,328,153,58315.55
CUST-ACT-02909,68,68,718,109,61182.3
CUST-ACT-02910,48,48,242,90,52725.53
CUST-ACT-02911,27,27,402,77,28336.56
CUST-ACT-02912,44,44,505,133,61801.22
CUST-ACT-02913,31,31,165,61,71508.37
CUST-ACT-02914,27,27,430,116,59913.76
CUST-ACT-02915,75,75,469,85,18649.62
CUST-ACT-02916,4,4,574,100,19958.22
CUST-ACT-02917,124,124,935,6,58376.5
CUST-ACT-02918,48,48,575,37,73134.48
CUST-ACT-02919,92,92,730,146,66232.0
CUST-ACT-02920,23,23,131,98,62899.84
CUST-ACT-02921,125,125,49,103,68196.77
CUST-ACT-02922,143,143,539,1,22391.3
CUST-ACT-02923,46,46,688,120,40384.6
CUST-ACT-02924,119,119,109,148,53260.88
CUST-ACT-02925,57,57,694,123,31489.54
CUST-ACT-02926,35,35,749,112,57266.48
CUST-ACT-02927,25,25,281,42,45670.25
CUST-ACT-02928,34,34,665,116,51870.78
CUST-ACT-02929,84,84,839,27,3578.26
CUST-ACT-02930,7,7,40,51,70073.62
CUST-ACT-02931,82,82,743,20,54372.6
CUST-ACT-02932,41,41,504,32,17973.5
CUST-ACT-02933,105,105,691,179,44554.04
CUST-ACT-02934,117,117,526,54,62188.71
CUST-ACT-02935,136,136,498,22,63472.26
CUST-ACT-02936,42,42,739,53,56916.09
CUST-ACT-02937,53,53,525,52,883.32
CUST-ACT-02938,89,89,345,160,55133.19
CUST-ACT-02939,123,123,539,177,6142.74
CUST-ACT-02940,139,139,157,124,2245.03
CUST-ACT-02941,52,52,656,156,57153.15
CUST-ACT-02942,85,85,409,177,9434.89
CUST-ACT-02943,149,149,586,128,36611.54
CUST-ACT-02944,82,82,242,16,16922.03
CUST-ACT-02945,119,119,615,71,62628.6
CUST-ACT-02946,84,84,566,176,51939.51
CUST-ACT-02947,95,95,809,29,60844.23
CUST-ACT-02948,142,142,829,24,1849.68
CUST-ACT-02949,48,48,700,9,43766.4
CUST-ACT-02950,135,135,182,64,21270.74
CUST-ACT-02951,136,136,821,143,47811.56
CUST-ACT-02952,148,148,539,11,14923.18
CUST-ACT-02953,147,147,243,126,33478.89
CUST-ACT-02954,2,2,187,3,39423.61
CUST-ACT-02955,40,40,709,166,68737.41
CUST-ACT-02956,62,62,365,166,34776.09
CUST-ACT-02957,37,37,921,172,66035.81
CUST-ACT-02958,147,147,187,4,61101.65
CUST-ACT-02959,100,100,252,136,44140.88
CUST-ACT-02960,103,103,989,141,55350.76
CUST-ACT-02961,102,102,202,95,72250.06
CUST-ACT-02962,107,107,814,85,72059.16
CUST-ACT-02963,74,74,542,165,26252.4
CUST-ACT-02964,83,83,830,158,52882.67
CUST-ACT-02965,12,12,602,118,60095.25
CUST-ACT-02966,100,100,680,68,22278.1
CUST-ACT-02967,121,121,892,121,7267.6
CUST-ACT-02968,16,16,159,103,20652.04
CUST-ACT-02969,34,34,389,35,13097.24
CUST-ACT-02970,121,121,863,151,57506.87
CUST-ACT-02971,149,149,406,26,60729.81
CUST-ACT-02972,60,60,751,88,53725.67
CUST-ACT-02973,18,18,757,11,68828.27
CUST-ACT-02974,111,111,604,127,7085.14
CUST-ACT-02975,12,12,516,83,48450.29
CUST-ACT-02976,71,71,144,59,12220.42
CUST-ACT-02977,114,114,663,88,34049.29
CUST-ACT-02978,41,41,488,60,74793.31
CUST-ACT-02979,84,84,197,4,20999.4
CUST-ACT-02980,6,6,367,7,40977.44
CUST-ACT-02981,49,49,132,19,43063.14
CUST-ACT-02982,105,105,865,116,27757.39
CUST-ACT-02983,121,121,314,50,10538.92
CUST-ACT-02984,55,55,443,149,49666.33
CUST-ACT-02985,38,38,290,85,17916.42
CUST-ACT-02986,123,123,783,88,17286.4
CUST-ACT-02987,53,53,733,13,42580.8
CUST-ACT-02988,47,47,480,142,10282.91
CUST-ACT-02989,134,134,673,69,52079.33
CUST-ACT-02990,23,23,207,49,60769.57
CUST-ACT-02991,60,60,624,173,43707.92
CUST-ACT-02992,110,110,334,140,47599.97
CUST-ACT-02993,71,71,800,45,56381.74
CUST-ACT-02994,108,108,403,136,70699.49
CUST-ACT-02995,62,62,829,144,7867.66
CUST-ACT-02996,40,40,74,92,71534.66
CUST-ACT-02997,112,112,368,16,44871.71
CUST-ACT-02998,125,125,967,13,50709.12
CUST-ACT-02999,80,80,753,19,5875.42
CUST-ACT-03000,109,109,549,36,32442.28
CUST-ACT-03001,78,78,123,117,4242.74
CUST-ACT-03002,51,51,135,167,31521.03
CUST-ACT-03003,125,125,582,92,46458.85
CUST-ACT-03004,133,133,280,106,3223.76
CUST-ACT-03005,21,21,303,165,31664.63
CUST-ACT-03006,67,67,233,106,32448.16
CUST-ACT-03007,120,120,747,134,16015.91
CUST-ACT-03008,77,77,438,178,3420.32
CUST-ACT-03009,78,78,93,24,56391.64
CUST-ACT-03010,76,76,119,168,48345.63
CUST-ACT-03011,86,86,343,69,51436.74
CUST-ACT-03012,51,51,100,32,1389.6
CUST-ACT-03013,112,112,924,7,32171.64
CUST-ACT-03014,76,76,366,28,65068.26
CUST-ACT-03015,19,19,781,55,29378.74
CUST-ACT-03016,51,51,835,31,64543.95
CUST-ACT-03017,48,48,469,72,22324.79
CUST-ACT-03018,91,91,656,5,16706.8
CUST-ACT-03019,125,125,429,28,68748.66
CUST-ACT-03020,33,33,872,149,18762.13
CUST-ACT-03021,131,131,407,44,63714.01
CUST-ACT-03022,118,118,33,105,28762.66
CUST-ACT-03023,35,35,228,134,55150.1
CUST-ACT-03024,76,76,652,60,39100.25
CUST-ACT-03025,89,89,272,53,54530.91
CUST-ACT-03026,99,99,243,165,20730.84
CUST-ACT-03027,78,78,567,135,37685.48
CUST-ACT-03028,74,74,398,175,23041.24
CUST-ACT-03029,141,141,790,164,73869.3
CUST-ACT-03030,114,114,427,30,38670.67
CUST-ACT-03031,119,119,941,158,5035.33
CUST-ACT-03032,24,24,524,167,56830.88
CUST-ACT-03033,98,98,464,116,20167.15
CUST-ACT-03034,133,133,756,114,14535.72
CUST-ACT-03035,89,89,71,160,58591.84
CUST-ACT-03036,47,47,510,94,63421.22
CUST-ACT-03037,111,111,732,61,45070.02
CUST-ACT-03038,3,3,840,10,72263.85
CUST-ACT-03039,63,63,560,135,69964.37
CUST-ACT-03040,37,37,883,68,19301.03
CUST-ACT-03041,44,44,241,132,10904.22
CUST-ACT-03042,65,65,219,35,28563.01
CUST-ACT-03043,64,64,178,110,26397.73
CUST-ACT-03044,11,11,941,65,40369.15
CUST-ACT-03045,93,93,134,31,71579.23
CUST-ACT-03046,81,81,339,111,32472.09
CUST-ACT-03047,109,109,106,90,73470.94
CUST-ACT-03048,43,43,862,146,13400.43
CUST-ACT-03049,49,49,376,86,22030.51
CUST-ACT-03050,63,63,952,102,54926.22
CUST-ACT-03051,79,79,872,159,25438.26
CUST-ACT-03052,55,55,998,84,72557.84
CUST-ACT-03053,63,63,414,31,73318.35
CUST-ACT-03054,72,72,586,13,10452.04
CUST-ACT-03055,19,19,925,153,74579.46
CUST-ACT-03056,87,87,415,4,12024.59
CUST-ACT-03057,80,80,506,117,34190.91
CUST-ACT-03058,114,114,134,38,30927.32
CUST-ACT-03059,25,25,674,31,22181.55
CUST-ACT-03060,101,101,689,21,20439.13
CUST-ACT-03061,22,22,114,96,43453.79
CUST-ACT-03062,20,20,329,166,38582.65
CUST-ACT-03063,147,147,269,155,7438.79
CUST-ACT-03064,140,140,823,171,37912.33
CUST-ACT-03065,114,114,423,71,51203.68
CUST-ACT-03066,92,92,938,27,26855.9
CUST-ACT-03067,94,94,261,19,53061.47
CUST-ACT-03068,44,44,89,88,65868.03
CUST-ACT-03069,97,97,940,117,44138.29
CUST-ACT-03070,128,128,781,154,50773.98
CUST-ACT-03071,109,109,996,61,40626.84
CUST-ACT-03072,74,74,842,112,23123.97
CUST-ACT-03073,100,100,323,11,63657.91
CUST-ACT-03074,130,130,942,67,53503.88
CUST-ACT-03075,147,147,174,155,3732.29
CUST-ACT-03076,137,137,460,172,11615.24
CUST-ACT-03077,98,98,750,2,51297.73
CUST-ACT-03078,48,48,509,148,54228.91
CUST-ACT-03079,64,64,146,76,57196.3
CUST-ACT-03080,29,29,870,40,32465.6
CUST-ACT-03081,136,136,938,149,16323.63
CUST-ACT-03082,88,88,880,126,19363.44
CUST-ACT-03083,31,31,678,162,19060.57
CUST-ACT-03084,136,136,620,82,17988.28
CUST-ACT-03085,128,128,385,66,15588.93
CUST-ACT-03086,60,60,884,119,27552.01
CUST-ACT-03087,119,119,428,163,51418.27
CUST-ACT-03088,39,39,107,10,57757.36
CUST-ACT-03089,56,56,246,21,12065.94
CUST-ACT-03090,17,17,455,45,14915.92
CUST-ACT-03091,3,3,521,151,55980.68
CUST-ACT-03092,66,66,544,136,47626.41
CUST-ACT-03093,115,115,659,7,58556.31
CUST-ACT-03094,123,123,702,129,3395.63
CUST-ACT-03095,43,43,708,24,55942.37
CUST-ACT-03096,9,9,254,40,51562.71
CUST-ACT-03097,32,32,570,111,50267.07
CUST-ACT-03098,140,140,673,89,33083.17
CUST-ACT-03099,135,135,908,104,55154.25
CUST-ACT-03100,147,147,165,177,12960.17
CUST-ACT-03101,2,2,46,108,1306.83
CUST-ACT-03102,142,142,219,130,677.56
CUST-ACT-03103,105,105,825,19,3887.38
CUST-ACT-03104,4,4,342,37,47642.4
CUST-ACT-03105,96,96,855,89,69606.07
CUST-ACT-03106,129,129,167,164,39527.28
CUST-ACT-03107,44,44,199,141,7592.14
CUST-ACT-03108,91,91,437,177,67868.32
CUST-ACT-03109,21,21,486,141,27290.22
CUST-ACT-03110,21,21,615,84,21314.0
CUST-ACT-03111,29,29,895,143,51412.84
CUST-ACT-03112,44,44,424,134,1713.2
CUST-ACT-03113,57,57,103,130,47324.82
CUST-ACT-03114,15,15,191,20,64717.75
CUST-ACT-03115,3,3,842,82,10446.98
CUST-ACT-03116,111,111,623,179,65994.44
CUST-ACT-03117,103,103,138,12,8624.45
CUST-ACT-03118,127,127,215,83,69670.92
CUST-ACT-03119,62,62,379,127,48617.68
CUST-ACT-03120,87,87,695,51,49604.99
CUST-ACT-03121,115,115,289,67,48231.96
CUST-ACT-03122,87,87,985,44,69200.11
CUST-ACT-03123,134,134,334,56,74404.62
CUST-ACT-03124,134,134,94,173,50503.08
CUST-ACT-03125,113,113,512,93,63083.72
CUST-ACT-03126,20,20,264,53,58286.62
CUST-ACT-03127,122,122,800,109,20968.38
CUST-ACT-03128,26,26,212,44,45724.17
CUST-ACT-03129,122,122,715,14,49445.05
CUST-ACT-03130,126,126,731,92,26854.83
CUST-ACT-03131,106,106,976,24,69073.78
CUST-ACT-03132,90,90,52,122,74774.87
CUST-ACT-03133,100,100,610,62,21417.1
CUST-ACT-03134,121,121,302,9,49532.13
CUST-ACT-03135,21,21,697,21,18478.07
CUST-ACT-03136,20,20,498,124,59484.75
CUST-ACT-03137,62,62,712,156,53039.98
CUST-ACT-03138,148,148,195,86,54914.01
CUST-ACT-03139,123,123,299,145,41196.62
CUST-ACT-03140,74,74,235,171,38717.13
CUST-ACT-03141,42,42,436,9,19633.18
CUST-ACT-03142,145,145,364,9,38598.95
CUST-ACT-03143,132,132,683,67,71093.94
CUST-ACT-03144,103,103,146,143,37537.76
CUST-ACT-03145,149,149,728,173,73453.58
CUST-ACT-03146,22,22,847,43,58309.48
CUST-ACT-03147,99,99,40,81,21500.55
CUST-ACT-03148,146,146,273,83,74960.5
CUST-ACT-03149,56,56,473,16,1475.7
CUST-ACT-03150,128,128,620,176,17028.02
CUST-ACT-03151,52,52,697,138,47852.88
CUST-ACT-03152,56,56,995,31,29379.99
CUST-ACT-03153,143,143,613,144,19357.73
CUST-ACT-03154,60,60,892,108,63031.76
CUST-ACT-03155,38,38,63,5,63450.32
CUST-ACT-03156,102,102,160,68,62691.33
CUST-ACT-03157,54,54,485,5,43164.36
CUST-ACT-03158,113,113,414,16,46193.27
CUST-ACT-03159,46,46,942,42,32212.14
CUST-ACT-03160,123,123,152,40,51304.86
CUST-ACT-03161,118,118,781,46,10841.4
CUST-ACT-03162,126,126,987,37,6028.7
CUST-ACT-03163,129,129,220,75,37427.01
CUST-ACT-03164,15,15,762,101,67619.61
CUST-ACT-03165,81,81,144,170,22625.86
CUST-ACT-03166,142,142,262,156,19831.08
CUST-ACT-03167,111,111,806,19,68238.48
CUST-ACT-03168,149,149,436,107,64149.4
CUST-ACT-03169,62,62,483,57,52723.61
CUST-ACT-03170,44,44,177,143,70814.44
CUST-ACT-03171,138,138,889,164,2660.26
CUST-ACT-03172,117,117,696,14,70860.8
CUST-ACT-03173,77,77,847,135,9338.14
CUST-ACT-03174,33,33,315,24,27979.39
CUST-ACT-03175,114,114,717,73,20752.99
CUST-ACT-03176,148,148,573,149,61503.65
CUST-ACT-03177,32,32,635,147,43914.09
CUST-ACT-03178,58,58,731,8,19800.39
CUST-ACT-03179,138,138,483,137,22384.15
CUST-ACT-03180,120,120,316,108,50821.8
CUST-ACT-03181,123,123,494,132,62730.88
CUST-ACT-03182,67,67,342,152,22523.85
CUST-ACT-03183,102,102,377,23,21965.88
CUST-ACT-03184,116,116,861,16,54114.99
CUST-ACT-03185,104,104,68,7,12938.13
CUST-ACT-03186,129,129,449,96,28628.43
CUST-ACT-03187,83,83,105,63,14938.96
CUST-ACT-03188,89,89,188,29,35475.21
CUST-ACT-03189,69,69,684,177,55999.34
CUST-ACT-03190,45,45,544,14,60021.64
CUST-ACT-03191,141,141,680,30,39801.85
CUST-ACT-03192,119,119,114,38,23419.0
CUST-ACT-03193,109,109,222,179,9885.52
CUST-ACT-03194,82,82,782,152,44896.67
CUST-ACT-03195,80,80,576,158,66258.72
CUST-ACT-03196,68,68,72,141,42167.85
CUST-ACT-03197,15,15,309,81,61214.28
CUST-ACT-03198,10,10,267,11,19212.81
CUST-ACT-03199,61,61,287,79,25074.51
CUST-ACT-03200,144,144,693,50,6196.61
CUST-ACT-03201,146,146,275,177,73016.35
CUST-ACT-03202,46,46,314,65,62618.43
CUST-ACT-03203,106,106,830,70,64967.11
CUST-ACT-03204,71,71,296,5,9591.59
CUST-ACT-03205,24,24,634,176,3900.81
CUST-ACT-03206,7,7,305,172,16834.61
CUST-ACT-03207,76,76,557,97,68969.81
CUST-ACT-03208,38,38,344,53,28730.79
CUST-ACT-03209,67,67,670,50,73322.11
CUST-ACT-03210,97,97,663,133,57741.29
CUST-ACT-03211,67,67,423,170,34490.1
CUST-ACT-03212,43,43,766,147,50002.14
CUST-ACT-03213,91,91,493,56,40948.74
CUST-ACT-03214,42,42,904,88,52243.27
CUST-ACT-03215,74,74,386,143,3728.42
CUST-ACT-03216,43,43,46,55,30896.38
CUST-ACT-03217,78,78,772,136,6613.36
CUST-ACT-03218,19,19,353,175,21051.19
CUST-ACT-03219,65,65,869,2,10844.61
CUST-ACT-03220,44,44,650,99,45332.27
CUST-ACT-03221,146,146,307,137,35483.72
CUST-ACT-03222,13,13,71,69,23722.93
CUST-ACT-03223,124,124,556,100,33554.6
CUST-ACT-03224,139,139,224,124,52437.98
CUST-ACT-03225,12,12,530,87,13893.2
CUST-ACT-03226,116,116,549,164,40742.84
CUST-ACT-03227,63,63,251,5,72028.65
CUST-ACT-03228,27,27,63,141,49389.81
CUST-ACT-03229,55,55,644,97,18725.9
CUST-ACT-03230,22,22,74,51,1907.11
CUST-ACT-03231,14,14,69,106,12336.43
CUST-ACT-03232,53,53,907,118,34449.47
CUST-ACT-03233,133,133,512,87,24217.95
CUST-ACT-03234,53,53,187,62,21505.4
CUST-ACT-03235,86,86,189,119,7029.82
CUST-ACT-03236,90,90,331,168,17244.81
CUST-ACT-03237,109,109,678,53,63523.88
CUST-ACT-03238,131,131,704,116,71074.24
CUST-ACT-03239,109,109,388,129,10067.69
CUST-ACT-03240,65,65,260,81,28070.2
CUST-ACT-03241,48,48,244,93,57644.86
CUST-ACT-03242,66,66,148,91,9168.3
CUST-ACT-03243,107,107,827,31,37368.95
CUST-ACT-03244,137,137,505,168,28965.23
CUST-ACT-03245,139,139,424,11,47433.06
CUST-ACT-03246,89,89,167,41,47233.92
CUST-ACT-03247,19,19,60,59,63102.47
CUST-ACT-03248,21,21,919,178,19154.22
CUST-ACT-03249,134,134,372,168,24772.09
CUST-ACT-03250,19,19,280,158,22397.13
CUST-ACT-03251,62,62,537,121,67922.81
CUST-ACT-03252,113,113,32,6,58189.11
CUST-ACT-03253,144,144,639,150,44211.3
CUST-ACT-03254,110,110,404,119,21676.8
CUST-ACT-03255,60,60,745,47,13529.77
CUST-ACT-03256,75,75,704,163,70605.74
CUST-ACT-03257,46,46,959,151,21047.73
CUST-ACT-03258,143,143,229,26,10329.78
CUST-ACT-03259,93,93,139,17,30381.0
CUST-ACT-03260,135,135,737,91,40185.09
CUST-ACT-03261,17,17,790,91,64394.6
CUST-ACT-03262,145,145,489,170,70245.15
CUST-ACT-03263,69,69,677,33,12414.89
CUST-ACT-03264,111,111,250,118,55986.98
CUST-ACT-03265,4,4,864,168,31742.78
CUST-ACT-03266,1,1,894,123,45459.05
CUST-ACT-03267,55,55,680,103,5365.53
CUST-ACT-03268,36,36,728,99,19910.57
CUST-ACT-03269,42,42,604,154,38902.25
CUST-ACT-03270,17,17,511,158,41274.95
CUST-ACT-03271,147,147,137,146,28952.33
CUST-ACT-03272,87,87,893,21,44577.22
CUST-ACT-03273,9,9,755,4,25098.55
CUST-ACT-03274,106,106,554,165,70654.69
CUST-ACT-03275,11,11,372,71,47384.73
CUST-ACT-03276,132,132,917,166,46725.42
CUST-ACT-03277,30,30,34,144,73522.88
CUST-ACT-03278,20,20,549,6,51367.53
CUST-ACT-03279,132,132,675,138,9978.57
CUST-ACT-03280,107,107,92,128,17911.93
CUST-ACT-03281,58,58,801,66,44165.02
CUST-ACT-03282,97,97,313,173,73935.08
CUST-ACT-03283,73,73,303,103,23184.85
CUST-ACT-03284,50,50,976,91,59683.62
CUST-ACT-03285,26,26,277,101,5512.7
CUST-ACT-03286,8,8,438,102,42882.97
CUST-ACT-03287,77,77,72,123,24652.3
CUST-ACT-03288,35,35,906,39,67776.5
CUST-ACT-03289,71,71,767,8,29072.37
CUST-ACT-03290,125,125,647,5,18594.13
CUST-ACT-03291,68,68,457,143,69315.17
CUST-ACT-03292,5,5,335,80,38983.22
CUST-ACT-03293,14,14,314,65,60737.47
CUST-ACT-03294,27,27,747,43,59411.85
CUST-ACT-03295,99,99,528,65,46468.48
CUST-ACT-03296,50,50,762,103,43869.0
CUST-ACT-03297,139,139,759,165,57652.58
CUST-ACT-03298,45,45,868,43,36819.77
CUST-ACT-03299,39,39,819,103,4574.76
CUST-ACT-03300,65,65,353,116,36563.12
CUST-ACT-03301,17,17,592,108,41689.21
CUST-ACT-03302,109,109,716,173,33170.17
CUST-ACT-03303,44,44,406,145,20409.43
CUST-ACT-03304,10,10,859,59,40463.05
CUST-ACT-03305,83,83,445,176,72003.31
CUST-ACT-03306,142,142,151,5,65120.79
CUST-ACT-03307,87,87,534,6,21024.19
CUST-ACT-03308,26,26,810,26,44355.7
CUST-ACT-03309,83,83,313,39,15548.46
CUST-ACT-03310,3,3,984,16,48592.16
CUST-ACT-03311,93,93,862,5,39106.42
CUST-ACT-03312,143,143,248,115,4705.42
CUST-ACT-03313,109,109,379,40,31145.41
CUST-ACT-03314,39,39,662,82,54151.48
CUST-ACT-03315,107,107,958,87,9102.95
CUST-ACT-03316,55,55,185,118,11352.05
CUST-ACT-03317,97,97,650,24,38239.05
CUST-ACT-03318,95,95,859,24,47989.42
CUST-ACT-03319,92,92,618,154,13293.36
CUST-ACT-03320,37,37,730,50,1717.07
CUST-ACT-03321,34,34,372,160,46737.72
CUST-ACT-03322,141,141,107,162,21518.59
CUST-ACT-03323,113,113,440,137,69535.29
CUST-ACT-03324,125,125,228,141,47757.43
CUST-ACT-03325,119,119,412,69,9883.11
CUST-ACT-03326,18,18,145,163,30994.64
CUST-ACT-03327,9,9,905,32,70556.03
CUST-ACT-03328,22,22,390,66,46405.75
CUST-ACT-03329,43,43,777,129,56661.64
CUST-ACT-03330,75,75,231,143,57462.13
CUST-ACT-03331,57,57,328,143,74282.3
CUST-ACT-03332,24,24,230,136,62184.41
CUST-ACT-03333,41,41,98,100,22917.61
CUST-ACT-03334,46,46,453,86,63128.63
CUST-ACT-03335,65,65,180,70,4985.7
CUST-ACT-03336,79,79,474,43,6755.28
CUST-ACT-03337,21,21,367,78,62472.27
CUST-ACT-03338,130,130,547,91,65409.69
CUST-ACT-03339,121,121,913,106,27817.19
CUST-ACT-03340,66,66,119,120,39496.77
CUST-ACT-03341,26,26,621,123,62580.81
CUST-ACT-03342,147,147,798,153,30683.07
CUST-ACT-03343,126,126,116,112,35575.22
CUST-ACT-03344,68,68,182,114,46545.94
CUST-ACT-03345,92,92,636,109,57991.72
CUST-ACT-03346,52,52,473,23,60795.14
CUST-ACT-03347,53,53,946,116,49008.29
CUST-ACT-03348,31,31,892,16,39388.45
CUST-ACT-03349,45,45,931,137,45977.35
CUST-ACT-03350,26,26,678,56,2491.21
CUST-ACT-03351,1,1,355,6,21640.16
CUST-ACT-03352,106,106,78,20,72534.74
CUST-ACT-03353,126,126,515,27,2919.03
CUST-ACT-03354,137,137,80,167,23014.63
CUST-ACT-03355,33,33,939,28,66524.31
CUST-ACT-03356,30,30,226,122,64972.45
CUST-ACT-03357,20,20,127,33,7349.88
CUST-ACT-03358,34,34,596,47,69235.81
CUST-ACT-03359,7,7,750,178,9740.23
CUST-ACT-03360,94,94,633,8,73901.74
CUST-ACT-03361,130,130,919,54,6693.76
CUST-ACT-03362,35,35,761,137,41702.62
CUST-ACT-03363,2,2,638,64,40311.33
CUST-ACT-03364,56,56,944,2,68373.84
CUST-ACT-03365,111,111,645,113,3331.78
CUST-ACT-03366,131,131,561,157,55770.38
CUST-ACT-03367,47,47,210,83,21918.68
CUST-ACT-03368,134,134,253,102,6554.8
CUST-ACT-03369,88,88,322,75,10715.17
CUST-ACT-03370,79,79,64,128,15744.71
CUST-ACT-03371,57,57,927,171,52918.19
CUST-ACT-03372,12,12,279,104,32376.91
CUST-ACT-03373,137,137,304,175,34372.62
CUST-ACT-03374,115,115,62,92,30175.2
CUST-ACT-03375,5,5,58,170,28672.58
CUST-ACT-03376,82,82,567,34,20563.67
CUST-ACT-03377,4,4,865,85,836.65
CUST-ACT-03378,41,41,860,115,57123.64
CUST-ACT-03379,62,62,346,168,45991.71
CUST-ACT-03380,116,116,414,32,28519.75
CUST-ACT-03381,23,23,290,149,28348.15
CUST-ACT-03382,102,102,824,90,743.75
CUST-ACT-03383,31,31,315,145,48087.76
CUST-ACT-03384,28,28,920,54,72477.86
CUST-ACT-03385,38,38,127,73,60342.97
CUST-ACT-03386,138,138,382,118,54690.32
CUST-ACT-03387,141,141,263,150,72730.18
CUST-ACT-03388,95,95,390,118,37217.75
CUST-ACT-03389,20,20,296,149,56845.66
CUST-ACT-03390,89,89,602,88,35620.12
CUST-ACT-03391,91,91,396,157,10126.49
CUST-ACT-03392,125,125,224,159,16354.19
CUST-ACT-03393,17,17,260,33,53984.69
CUST-ACT-03394,41,41,683,4,74429.1
CUST-ACT-03395,3,3,151,127,21132.31
CUST-ACT-03396,17,17,372,2,38124.8
CUST-ACT-03397,37,37,729,113,3527.37
CUST-ACT-03398,61,61,237,162,19304.39
CUST-ACT-03399,9,9,763,151,64916.4
CUST-ACT-03400,113,113,307,152,49538.65
CUST-ACT-03401,107,107,930,106,50271.76
CUST-ACT-03402,109,109,384,113,54570.48
CUST-ACT-03403,90,90,353,17,68845.79
CUST-ACT-03404,76,76,925,91,45069.91
CUST-ACT-03405,127,127,815,82,18087.45
CUST-ACT-03406,124,124,351,94,1002.38
CUST-ACT-03407,110,110,113,162,67425.41
CUST-ACT-03408,17,17,505,87,29349.45
CUST-ACT-03409,34,34,697,179,16970.02
CUST-ACT-03410,97,97,983,65,22981.78
CUST-ACT-03411,44,44,522,87,3996.92
CUST-ACT-03412,125,125,269,155,40938.74
CUST-ACT-03413,101,101,650,21,47293.47
CUST-ACT-03414,35,35,816,29,25297.87
CUST-ACT-03415,141,141,859,62,24270.58
CUST-ACT-03416,117,117,921,51,32481.52
CUST-ACT-03417,71,71,831,26,12711.74
CUST-ACT-03418,1,1,91,113,18357.15
CUST-ACT-03419,119,119,257,91,30784.41
CUST-ACT-03420,61,61,642,112,13312.75
CUST-ACT-03421,44,44,870,34,73555.45
CUST-ACT-03422,50,50,123,118,44939.52
CUST-ACT-03423,13,13,523,132,45048.07
CUST-ACT-03424,31,31,950,4,13800.61
CUST-ACT-03425,19,19,861,157,29905.2
CUST-ACT-03426,130,130,907,148,31615.13
CUST-ACT-03427,105,105,726,151,30298.37
CUST-ACT-03428,129,129,227,165,37796.96
CUST-ACT-03429,6,6,703,53,36657.15
CUST-ACT-03430,14,14,609,114,52667.65
CUST-ACT-03431,44,44,811,137,64274.59
CUST-ACT-03432,33,33,423,123,70095.97
CUST-ACT-03433,48,48,549,114,66949.6
CUST-ACT-03434,118,118,327,61,64131.07
CUST-ACT-03435,112,112,276,21,40413.02
CUST-ACT-03436,18,18,163,102,72937.6
CUST-ACT-03437,13,13,744,19,21414.3
CUST-ACT-03438,68,68,663,83,40507.71
CUST-ACT-03439,25,25,844,92,48405.54
CUST-ACT-03440,112,112,406,147,34957.87
CUST-ACT-03441,51,51,758,38,54969.69
CUST-ACT-03442,53,53,933,95,36565.04
CUST-ACT-03443,108,108,860,18,58365.75
CUST-ACT-03444,62,62,786,83,29848.67
CUST-ACT-03445,105,105,172,38,45668.15
CUST-ACT-03446,68,68,546,37,67008.49
CUST-ACT-03447,67,67,162,114,19673.27
CUST-ACT-03448,14,14,878,89,52444.2
CUST-ACT-03449,87,87,352,58,69118.85
CUST-ACT-03450,48,48,370,98,49602.71
CUST-ACT-03451,47,47,994,61,21805.34
CUST-ACT-03452,126,126,289,126,56305.45
CUST-ACT-03453,47,47,435,36,64103.56
CUST-ACT-03454,108,108,579,63,40767.42
CUST-ACT-03455,27,27,444,117,63048.61
CUST-ACT-03456,14,14,342,65,62811.13
CUST-ACT-03457,82,82,196,160,10516.91
CUST-ACT-03458,7,7,635,3,65229.8
CUST-ACT-03459,72,72,690,125,71760.97
CUST-ACT-03460,128,128,489,149,54813.52
CUST-ACT-03461,8,8,83,126,17168.14
CUST-ACT-03462,116,116,469,88,23418.5
CUST-ACT-03463,129,129,435,83,11580.88
CUST-ACT-03464,33,33,966,38,63753.41
CUST-ACT-03465,134,134,63,132,54557.75
CUST-ACT-03466,138,138,414,86,22512.93
CUST-ACT-03467,50,50,573,55,22280.5
CUST-ACT-03468,112,112,98,123,31313.69
CUST-ACT-03469,29,29,994,152,10127.58
CUST-ACT-03470,9,9,941,56,37147.26
CUST-ACT-03471,79,79,381,173,64045.99
CUST-ACT-03472,59,59,984,28,71541.98
CUST-ACT-03473,108,108,313,5,58001.96
CUST-ACT-03474,96,96,272,49,26621.08
CUST-ACT-03475,14,14,267,18,55911.56
CUST-ACT-03476,109,109,434,30,52430.17
CUST-ACT-03477,62,62,894,25,48091.28
CUST-ACT-03478,113,113,913,19,71398.35
CUST-ACT-03479,111,111,702,111,72557.18
CUST-ACT-03480,54,54,143,76,1041.15
CUST-ACT-03481,45,45,863,68,50402.4
CUST-ACT-03482,56,56,997,96,12453.59
CUST-ACT-03483,148,148,33,171,17494.68
CUST-ACT-03484,126,126,512,178,11569.8
CUST-ACT-03485,124,124,153,139,32994.08
CUST-ACT-03486,19,19,55,91,66417.64
CUST-ACT-03487,109,109,533,147,30477.0
CUST-ACT-03488,97,97,180,13,10061.96
CUST-ACT-03489,129,129,264,8,47948.65
CUST-ACT-03490,40,40,106,83,66544.8
CUST-ACT-03491,89,89,775,158,56025.04
CUST-ACT-03492,58,58,935,9,41221.82
CUST-ACT-03493,66,66,289,35,51513.69
CUST-ACT-03494,2,2,788,133,13807.79
CUST-ACT-03495,149,149,344,59,22553.86
CUST-ACT-03496,26,26,528,152,54539.15
CUST-ACT-03497,117,117,798,150,35449.53
CUST-ACT-03498,26,26,122,154,18733.5
CUST-ACT-03499,127,127,623,62,39138.28
CUST-ACT-03500,124,124,567,48,46692.19
CUST-ACT-03501,92,92,628,168,36172.72
CUST-ACT-03502,98,98,475,133,28547.49
CUST-ACT-03503,53,53,204,172,51965.92
CUST-ACT-03504,112,112,692,22,54344.94
CUST-ACT-03505,65,65,855,104,58964.01
CUST-ACT-03506,1,1,875,20,40193.75
CUST-ACT-03507,104,104,650,98,12598.46
CUST-ACT-03508,61,61,522,108,9056.88
CUST-ACT-03509,14,14,964,29,45043.26
CUST-ACT-03510,40,40,699,148,55970.33
CUST-ACT-03511,72,72,466,158,22522.58
CUST-ACT-03512,146,146,773,21,66822.85
CUST-ACT-03513,97,97,914,63,9711.17
CUST-ACT-03514,116,116,153,119,38395.49
CUST-ACT-03515,133,133,102,105,906.61
CUST-ACT-03516,140,140,209,163,33423.0
CUST-ACT-03517,113,113,559,65,64353.21
CUST-ACT-03518,18,18,662,7,949.92
CUST-ACT-03519,149,149,811,50,59319.79
CUST-ACT-03520,78,78,959,166,49546.46
CUST-ACT-03521,118,118,222,165,11059.25
CUST-ACT-03522,5,5,373,134,10849.8
CUST-ACT-03523,80,80,755,66,46204.93
CUST-ACT-03524,38,38,625,97,7758.86
CUST-ACT-03525,140,140,493,156,58655.99
CUST-ACT-03526,143,143,603,151,1796.39
CUST-ACT-03527,9,9,147,50,22329.13
CUST-ACT-03528,80,80,541,69,47183.01
CUST-ACT-03529,37,37,192,106,20697.19
CUST-ACT-03530,53,53,148,171,8927.89
CUST-ACT-03531,19,19,822,103,10286.99
CUST-ACT-03532,58,58,311,104,38025.47
CUST-ACT-03533,109,109,251,34,50804.06
CUST-ACT-03534,41,41,748,161,52860.45
CUST-ACT-03535,84,84,128,98,36443.68
CUST-ACT-03536,57,57,346,87,55676.41
CUST-ACT-03537,134,134,70,17,39023.42
CUST-ACT-03538,102,102,661,6,49403.21
CUST-ACT-03539,58,58,441,78,17774.01
CUST-ACT-03540,14,14,584,76,40264.07
CUST-ACT-03541,120,120,702,173,73921.08
CUST-ACT-03542,14,14,477,65,29241.09
CUST-ACT-03543,58,58,652,86,34854.81
CUST-ACT-03544,73,73,728,72,17939.72
CUST-ACT-03545,82,82,258,102,21105.37
CUST-ACT-03546,142,142,866,87,68951.88
CUST-ACT-03547,145,145,889,158,9979.92
CUST-ACT-03548,115,115,482,126,56366.42
CUST-ACT-03549,88,88,148,118,4282.15
CUST-ACT-03550,62,62,961,38,59175.18
CUST-ACT-03551,26,26,941,82,9346.72
CUST-ACT-03552,69,69,168,134,12766.6
CUST-ACT-03553,125,125,684,48,36290.66
CUST-ACT-03554,149,149,624,90,28705.45
CUST-ACT-03555,25,25,339,129,42079.72
CUST-ACT-03556,87,87,764,96,13757.43
CUST-ACT-03557,5,5,190,85,604.73
CUST-ACT-03558,17,17,374,46,10749.84
CUST-ACT-03559,119,119,485,85,21643.53
CUST-ACT-03560,121,121,534,117,9871.75
CUST-ACT-03561,58,58,913,173,35747.1
CUST-ACT-03562,125,125,800,116,39636.39
CUST-ACT-03563,10,10,698,160,13613.32
CUST-ACT-03564,133,133,153,100,15074.52
CUST-ACT-03565,8,8,773,74,26306.18
CUST-ACT-03566,142,142,751,69,6559.5
CUST-ACT-03567,37,37,958,19,29658.35
CUST-ACT-03568,19,19,964,147,25197.06
CUST-ACT-03569,103,103,805,93,21140.14
CUST-ACT-03570,39,39,904,35,29304.01
CUST-ACT-03571,76,76,709,23,62605.18
CUST-ACT-03572,31,31,361,6,59458.98
CUST-ACT-03573,40,40,883,128,47723.81
CUST-ACT-03574,101,101,994,30,65184.55
CUST-ACT-03575,59,59,560,152,21253.73
CUST-ACT-03576,107,107,376,9,18351.39
CUST-ACT-03577,28,28,237,131,21456.79
CUST-ACT-03578,80,80,443,17,55055.91
CUST-ACT-03579,143,143,805,106,11723.25
CUST-ACT-03580,25,25,329,73,51236.83
CUST-ACT-03581,87,87,882,83,44946.43
CUST-ACT-03582,149,149,799,54,14162.18
CUST-ACT-03583,142,142,906,50,56933.35
CUST-ACT-03584,21,21,353,1,69630.37
CUST-ACT-03585,44,44,55,11,69553.73
CUST-ACT-03586,72,72,762,38,11441.64
CUST-ACT-03587,29,29,122,115,52106.8
CUST-ACT-03588,106,106,73,88,49103.15
CUST-ACT-03589,53,53,940,106,64486.45
CUST-ACT-03590,143,143,829,160,28895.72
CUST-ACT-03591,35,35,694,50,27300.06
CUST-ACT-03592,3,3,713,38,50205.83
CUST-ACT-03593,113,113,94,125,28466.11
CUST-ACT-03594,119,119,110,12,43975.04
CUST-ACT-03595,67,67,130,114,74213.57
CUST-ACT-03596,124,124,302,30,34673.46
CUST-ACT-03597,31,31,297,59,32057.05
CUST-ACT-03598,8,8,299,9,60075.37
CUST-ACT-03599,137,137,933,158,74416.9
CUST-ACT-03600,47,47,888,90,15445.07
CUST-ACT-03601,53,53,194,34,73286.47
CUST-ACT-03602,118,118,300,123,33649.0
CUST-ACT-03603,133,133,207,12,20864.29
CUST-ACT-03604,130,130,339,5,39912.4
CUST-ACT-03605,136,136,900,92,58935.01
CUST-ACT-03606,120,120,776,39,1007.28
CUST-ACT-03607,84,84,135,115,33599.26
CUST-ACT-03608,96,96,796,172,12098.67
CUST-ACT-03609,24,24,69,137,61254.31
CUST-ACT-03610,121,121,34,173,20908.75
CUST-ACT-03611,34,34,661,137,55304.1
CUST-ACT-03612,3,3,965,44,40729.8
CUST-ACT-03613,74,74,280,155,59122.5
CUST-ACT-03614,51,51,535,51,12001.28
CUST-ACT-03615,122,122,880,28,22927.99
CUST-ACT-03616,118,118,273,91,50338.13
CUST-ACT-03617,86,86,857,68,2399.31
CUST-ACT-03618,49,49,228,29,12843.1
CUST-ACT-03619,84,84,402,56,34419.73
CUST-ACT-03620,106,106,349,35,52967.94
CUST-ACT-03621,40,40,754,135,30979.13
CUST-ACT-03622,130,130,175,131,38262.2
CUST-ACT-03623,53,53,603,135,6667.48
CUST-ACT-03624,53,53,405,116,21042.5
CUST-ACT-03625,32,32,318,59,10763.68
CUST-ACT-03626,117,117,737,112,5819.21
CUST-ACT-03627,89,89,916,26,37428.06
CUST-ACT-03628,136,136,519,72,25611.8
CUST-ACT-03629,45,45,979,109,66056.67
CUST-ACT-03630,121,121,691,127,40915.28
CUST-ACT-03631,63,63,116,129,41256.43
CUST-ACT-03632,97,97,800,23,23495.06
CUST-ACT-03633,111,111,711,30,24777.72
CUST-ACT-03634,77,77,937,34,42565.6
CUST-ACT-03635,74,74,798,149,55304.13
CUST-ACT-03636,88,88,842,92,37217.68
CUST-ACT-03637,94,94,369,176,44547.68
CUST-ACT-03638,48,48,729,131,64810.99
CUST-ACT-03639,30,30,462,119,70537.07
CUST-ACT-03640,79,79,365,153,32473.26
CUST-ACT-03641,102,102,525,129,39184.51
CUST-ACT-03642,67,67,381,159,71565.4
CUST-ACT-03643,91,91,926,173,23235.41
CUST-ACT-03644,105,105,211,116,23441.37
CUST-ACT-03645,95,95,687,48,30619.27
CUST-ACT-03646,86,86,491,91,26115.96
CUST-ACT-03647,144,144,335,57,43339.05
CUST-ACT-03648,144,144,321,171,71197.39
CUST-ACT-03649,8,8,535,51,28735.24
CUST-ACT-03650,66,66,266,61,10996.46
CUST-ACT-03651,21,21,509,27,49446.21
CUST-ACT-03652,92,92,989,46,30877.71
CUST-ACT-03653,35,35,469,1,72078.53
CUST-ACT-03654,143,143,986,102,28285.21
CUST-ACT-03655,76,76,764,23,16005.54
CUST-ACT-03656,48,48,496,6,70793.79
CUST-ACT-03657,135,135,64,118,32010.07
CUST-ACT-03658,34,34,831,148,4178.51
CUST-ACT-03659,3,3,833,173,55661.75
CUST-ACT-03660,97,97,244,139,48646.28
CUST-ACT-03661,68,68,563,99,25363.08
CUST-ACT-03662,90,90,481,176,67547.88
CUST-ACT-03663,105,105,879,40,59842.91
CUST-ACT-03664,104,104,499,75,72398.73
CUST-ACT-03665,39,39,772,96,57993.95
CUST-ACT-03666,42,42,69,53,48031.36
CUST-ACT-03667,17,17,754,94,27555.43
CUST-ACT-03668,3,3,536,105,43328.72
CUST-ACT-03669,49,49,341,21,35820.64
CUST-ACT-03670,50,50,872,160,18359.54
CUST-ACT-03671,60,60,671,11,66816.21
CUST-ACT-03672,66,66,489,33,10298.4
CUST-ACT-03673,95,95,320,55,12025.6
CUST-ACT-03674,145,145,736,167,17661.96
CUST-ACT-03675,127,127,422,36,39936.97
CUST-ACT-03676,96,96,868,6,24706.55
CUST-ACT-03677,89,89,608,165,14006.15
CUST-ACT-03678,14,14,244,168,23462.96
CUST-ACT-03679,50,50,861,68,2324.04
CUST-ACT-03680,138,138,533,89,34308.77
CUST-ACT-03681,18,18,507,66,47270.38
CUST-ACT-03682,104,104,44,113,52530.53
CUST-ACT-03683,51,51,256,50,32999.99
CUST-ACT-03684,100,100,277,4,41273.57
CUST-ACT-03685,121,121,249,15,60855.73
CUST-ACT-03686,148,148,857,123,70244.63
CUST-ACT-03687,87,87,159,145,14893.23
CUST-ACT-03688,45,45,416,152,46984.68
CUST-ACT-03689,75,75,301,38,35429.64
CUST-ACT-03690,49,49,423,28,30227.1
CUST-ACT-03691,15,15,976,149,65232.25
CUST-ACT-03692,72,72,520,88,38290.1
CUST-ACT-03693,106,106,668,10,41565.36
CUST-ACT-03694,90,90,960,74,31091.49
CUST-ACT-03695,4,4,52,73,22985.09
CUST-ACT-03696,69,69,507,109,11775.27
CUST-ACT-03697,28,28,567,119,24513.09
CUST-ACT-03698,134,134,475,83,10074.83
CUST-ACT-03699,113,113,692,17,37938.6
CUST-ACT-03700,80,80,799,141,73204.21
CUST-ACT-03701,87,87,568,173,22381.75
CUST-ACT-03702,43,43,269,129,48936.81
CUST-ACT-03703,118,118,456,11,69465.65
CUST-ACT-03704,43,43,94,67,61424.96
CUST-ACT-03705,17,17,269,17,67640.83
CUST-ACT-03706,3,3,96,118,26012.09
CUST-ACT-03707,104,104,587,40,67581.93
CUST-ACT-03708,43,43,414,138,25149.0
CUST-ACT-03709,10,10,157,69,63330.0
CUST-ACT-03710,40,40,948,71,45855.85
CUST-ACT-03711,61,61,97,167,45671.81
CUST-ACT-03712,71,71,848,128,8057.62
CUST-ACT-03713,20,20,379,42,6281.82
CUST-ACT-03714,130,130,798,44,50736.76
CUST-ACT-03715,51,51,798,70,48847.54
CUST-ACT-03716,122,122,237,156,17398.02
CUST-ACT-03717,113,113,337,22,5374.34
CUST-ACT-03718,27,27,133,25,63721.64
CUST-ACT-03719,33,33,401,4,2476.66
CUST-ACT-03720,91,91,104,73,46370.93
CUST-ACT-03721,72,72,418,45,60709.61
CUST-ACT-03722,41,41,663,51,28510.82
CUST-ACT-03723,42,42,133,58,56097.33
CUST-ACT-03724,53,53,895,111,69389.27
CUST-ACT-03725,107,107,266,119,47234.09
CUST-ACT-03726,117,117,112,20,17984.47
CUST-ACT-03727,46,46,851,84,21536.43
CUST-ACT-03728,83,83,194,4,52260.38
CUST-ACT-03729,12,12,922,165,43681.87
CUST-ACT-03730,137,137,406,170,48148.48
CUST-ACT-03731,64,64,221,103,7347.49
CUST-ACT-03732,7,7,68,69,57936.5
CUST-ACT-03733,16,16,985,129,3861.99
CUST-ACT-03734,129,129,937,46,72798.49
CUST-ACT-03735,3,3,711,63,44617.78
CUST-ACT-03736,107,107,755,152,17945.78
CUST-ACT-03737,52,52,526,16,43291.75
CUST-ACT-03738,2,2,130,26,16042.93
CUST-ACT-03739,144,144,34,36,42227.99
CUST-ACT-03740,115,115,613,91,42427.02
CUST-ACT-03741,30,30,780,45,43580.01
CUST-ACT-03742,99,99,351,110,62588.2
CUST-ACT-03743,141,141,94,36,3427.51
CUST-ACT-03744,16,16,993,55,52380.78
CUST-ACT-03745,8,8,572,117,19951.15
CUST-ACT-03746,62,62,944,146,28728.29
CUST-ACT-03747,51,51,787,52,40695.56
CUST-ACT-03748,107,107,835,161,73430.29
CUST-ACT-03749,51,51,866,81,65374.03
CUST-ACT-03750,125,125,833,105,71131.14
CUST-ACT-03751,14,14,616,169,16075.98
CUST-ACT-03752,71,71,665,138,69322.55
CUST-ACT-03753,59,59,86,154,63060.87
CUST-ACT-03754,139,139,151,4,41305.89
CUST-ACT-03755,141,141,842,12,23996.16
CUST-ACT-03756,63,63,794,173,51719.25
CUST-ACT-03757,143,143,53,148,54380.15
CUST-ACT-03758,133,133,680,58,44857.14
CUST-ACT-03759,12,12,601,128,21866.77
CUST-ACT-03760,143,143,954,23,34075.52
CUST-ACT-03761,5,5,576,95,32779.26
CUST-ACT-03762,73,73,86,55,60308.05
CUST-ACT-03763,112,112,759,174,42632.27
CUST-ACT-03764,24,24,200,90,32465.23
CUST-ACT-03765,60,60,680,47,5439.15
CUST-ACT-03766,8,8,764,137,10607.91
CUST-ACT-03767,142,142,539,9,16044.89
CUST-ACT-03768,73,73,973,17,67146.88
CUST-ACT-03769,38,38,880,83,19237.83
CUST-ACT-03770,62,62,346,84,67084.21
CUST-ACT-03771,39,39,763,35,13550.24
CUST-ACT-03772,1,1,986,118,62535.65
CUST-ACT-03773,12,12,548,41,2082.89
CUST-ACT-03774,41,41,759,58,47144.81
CUST-ACT-03775,93,93,868,90,32186.45
CUST-ACT-03776,112,112,666,30,67848.29
CUST-ACT-03777,89,89,821,10,30729.92
CUST-ACT-03778,138,138,733,30,43673.34
CUST-ACT-03779,94,94,238,12,39265.39
CUST-ACT-03780,15,15,506,71,15465.47
CUST-ACT-03781,81,81,742,99,53333.3
CUST-ACT-03782,41,41,560,13,18745.83
CUST-ACT-03783,139,139,412,46,6905.66
CUST-ACT-03784,81,81,801,21,64475.82
CUST-ACT-03785,57,57,99,21,29419.45
CUST-ACT-03786,145,145,433,128,74629.84
CUST-ACT-03787,8,8,136,114,67486.88
CUST-ACT-03788,28,28,470,130,38990.27
CUST-ACT-03789,128,128,275,115,43059.85
CUST-ACT-03790,120,120,729,94,49035.71
CUST-ACT-03791,70,70,95,124,48881.3
CUST-ACT-03792,25,25,959,103,51600.34
CUST-ACT-03793,80,80,348,107,46371.2
CUST-ACT-03794,102,102,881,55,39385.0
CUST-ACT-03795,16,16,353,74,14458.66
CUST-ACT-03796,149,149,842,74,61374.17
CUST-ACT-03797,120,120,641,57,13342.96
CUST-ACT-03798,9,9,566,127,48898.73
CUST-ACT-03799,21,21,207,60,27624.13
CUST-ACT-03800,39,39,624,130,52707.09
CUST-ACT-03801,141,141,99,93,65926.02
CUST-ACT-03802,86,86,93,114,61133.48
CUST-ACT-03803,53,53,259,141,38794.28
CUST-ACT-03804,6,6,82,39,60279.6
CUST-ACT-03805,130,130,670,146,12861.1
CUST-ACT-03806,41,41,812,73,67055.58
CUST-ACT-03807,64,64,466,93,8430.57
CUST-ACT-03808,57,57,276,86,22955.69
CUST-ACT-03809,8,8,477,29,775.9
CUST-ACT-03810,63,63,53,107,59294.65
CUST-ACT-03811,120,120,818,101,17560.11
CUST-ACT-03812,8,8,425,69,9108.58
CUST-ACT-03813,17,17,220,121,8258.75
CUST-ACT-03814,94,94,225,179,24313.89
CUST-ACT-03815,20,20,501,97,27191.59
CUST-ACT-03816,128,128,537,36,14086.53
CUST-ACT-03817,143,143,384,149,17783.19
CUST-ACT-03818,76,76,758,157,14901.5
CUST-ACT-03819,53,53,732,14,30465.66
CUST-ACT-03820,105,105,411,145,62478.14
CUST-ACT-03821,96,96,461,149,16087.22
CUST-ACT-03822,123,123,695,78,51180.57
CUST-ACT-03823,149,149,984,110,37637.37
CUST-ACT-03824,57,57,316,56,58189.5
CUST-ACT-03825,47,47,152,82,3326.07
CUST-ACT-03826,74,74,499,87,52024.31
CUST-ACT-03827,52,52,227,42,46307.18
CUST-ACT-03828,125,125,943,53,74444.75
CUST-ACT-03829,68,68,859,25,41753.55
CUST-ACT-03830,100,100,788,39,34817.13
CUST-ACT-03831,33,33,215,65,52000.9
CUST-ACT-03832,103,103,688,41,18420.42
CUST-ACT-03833,60,60,804,94,59118.54
CUST-ACT-03834,45,45,761,36,12341.74
CUST-ACT-03835,108,108,423,110,45995.77
CUST-ACT-03836,28,28,39,175,6483.97
CUST-ACT-03837,29,29,520,93,49098.55
CUST-ACT-03838,84,84,466,37,52786.58
CUST-ACT-03839,110,110,695,19,66877.2
CUST-ACT-03840,116,116,336,99,657.95
CUST-ACT-03841,44,44,453,128,55129.96
CUST-ACT-03842,10,10,98,107,5124.26
CUST-ACT-03843,85,85,271,137,21231.9
CUST-ACT-03844,9,9,101,114,23577.9
CUST-ACT-03845,78,78,548,153,28645.29
CUST-ACT-03846,54,54,43,147,74389.29
CUST-ACT-03847,37,37,151,81,72828.47
CUST-ACT-03848,40,40,477,129,44732.21
CUST-ACT-03849,138,138,659,32,3688.19
CUST-ACT-03850,98,98,226,113,17916.19
CUST-ACT-03851,1,1,917,63,52168.27
CUST-ACT-03852,50,50,129,88,28376.21
CUST-ACT-03853,80,80,794,46,12968.89
CUST-ACT-03854,144,144,696,26,32690.8
CUST-ACT-03855,145,145,386,77,16462.03
CUST-ACT-03856,135,135,940,70,53795.71
CUST-ACT-03857,105,105,292,125,11405.3
CUST-ACT-03858,34,34,316,5,48585.0
CUST-ACT-03859,63,63,621,28,5308.52
CUST-ACT-03860,132,132,409,18,34156.89
CUST-ACT-03861,98,98,971,4,41105.3
CUST-ACT-03862,135,135,226,36,66580.61
CUST-ACT-03863,75,75,979,22,37607.47
CUST-ACT-03864,92,92,665,151,1356.16
CUST-ACT-03865,139,139,545,14,67407.05
CUST-ACT-03866,71,71,491,8,51367.64
CUST-ACT-03867,28,28,412,110,22084.22
CUST-ACT-03868,72,72,130,34,35609.42
CUST-ACT-03869,115,115,594,152,1199.6
CUST-ACT-03870,9,9,900,5,73025.62
CUST-ACT-03871,147,147,408,138,30220.46
CUST-ACT-03872,41,41,545,65,59981.0
CUST-ACT-03873,37,37,290,19,21402.1
CUST-ACT-03874,72,72,65,109,44674.79
CUST-ACT-03875,29,29,912,175,47328.23
CUST-ACT-03876,55,55,663,110,18750.72
CUST-ACT-03877,44,44,685,145,6785.74
CUST-ACT-03878,72,72,551,151,45761.93
CUST-ACT-03879,109,109,47,137,23329.19
CUST-ACT-03880,41,41,56,99,63480.8
CUST-ACT-03881,7,7,571,46,73050.62
CUST-ACT-03882,139,139,226,150,39673.07
CUST-ACT-03883,2,2,306,173,52461.59
CUST-ACT-03884,97,97,425,81,65860.86
CUST-ACT-03885,15,15,395,98,2152.56
CUST-ACT-03886,26,26,482,80,72355.69
CUST-ACT-03887,123,123,703,65,6478.76
CUST-ACT-03888,35,35,237,71,72112.27
CUST-ACT-03889,40,40,174,120,20304.95
CUST-ACT-03890,31,31,305,122,25041.4
CUST-ACT-03891,91,91,640,82,34589.5
CUST-ACT-03892,119,119,540,25,9635.38
CUST-ACT-03893,26,26,215,14,42333.66
CUST-ACT-03894,39,39,129,20,55174.67
CUST-ACT-03895,40,40,312,145,68071.93
CUST-ACT-03896,19,19,554,21,9439.34
CUST-ACT-03897,106,106,405,11,74645.47
CUST-ACT-03898,69,69,709,82,3047.85
CUST-ACT-03899,123,123,932,156,25173.67
CUST-ACT-03900,128,128,572,108,29497.54
CUST-ACT-03901,22,22,329,155,74418.58
CUST-ACT-03902,84,84,374,173,7750.6
CUST-ACT-03903,134,134,178,159,55737.82
CUST-ACT-03904,141,141,497,150,35462.89
CUST-ACT-03905,10,10,709,96,66680.09
CUST-ACT-03906,124,124,123,54,37269.44
CUST-ACT-03907,88,88,703,26,40293.4
CUST-ACT-03908,41,41,227,131,59837.51
CUST-ACT-03909,99,99,168,96,25981.09
CUST-ACT-03910,74,74,818,100,25599.03
CUST-ACT-03911,27,27,127,79,7493.87
CUST-ACT-03912,149,149,726,152,47799.53
CUST-ACT-03913,37,37,72,177,37013.83
CUST-ACT-03914,140,140,595,19,61798.98
CUST-ACT-03915,106,106,515,77,27916.09
CUST-ACT-03916,59,59,69,45,28819.72
CUST-ACT-03917,81,81,789,85,57701.78
CUST-ACT-03918,51,51,258,137,69880.07
CUST-ACT-03919,10,10,573,35,40449.43
CUST-ACT-03920,48,48,169,132,6403.96
CUST-ACT-03921,5,5,246,115,24579.1
CUST-ACT-03922,28,28,359,158,25116.89
CUST-ACT-03923,92,92,623,81,64476.9
CUST-ACT-03924,79,79,552,56,32105.05
CUST-ACT-03925,106,106,627,51,47629.65
CUST-ACT-03926,125,125,783,160,49525.07
CUST-ACT-03927,91,91,443,149,14321.0
CUST-ACT-03928,18,18,502,78,29089.79
CUST-ACT-03929,55,55,599,175,36455.08
CUST-ACT-03930,123,123,89,147,59379.79
CUST-ACT-03931,98,98,37,3,66300.98
CUST-ACT-03932,35,35,56,159,25867.56
CUST-ACT-03933,6,6,103,156,15375.35
CUST-ACT-03934,128,128,122,118,16977.34
CUST-ACT-03935,113,113,338,154,16540.68
CUST-ACT-03936,136,136,949,72,54529.04
CUST-ACT-03937,110,110,388,139,46921.55
CUST-ACT-03938,5,5,836,14,62205.67
CUST-ACT-03939,46,46,371,178,15219.64
CUST-ACT-03940,33,33,804,145,16813.8
CUST-ACT-03941,102,102,371,135,14948.03
CUST-ACT-03942,36,36,846,64,59227.82
CUST-ACT-03943,86,86,334,157,13289.04
CUST-ACT-03944,68,68,813,107,49243.38
CUST-ACT-03945,71,71,728,168,70144.62
CUST-ACT-03946,125,125,446,106,34904.31
CUST-ACT-03947,82,82,558,11,8918.25
CUST-ACT-03948,10,10,495,161,19312.47
CUST-ACT-03949,120,120,826,48,45691.54
CUST-ACT-03950,70,70,147,26,1243.91
CUST-ACT-03951,5,5,241,51,4054.7
CUST-ACT-03952,18,18,158,89,22773.33
CUST-ACT-03953,98,98,924,65,9547.06
CUST-ACT-03954,11,11,148,141,37195.5
CUST-ACT-03955,35,35,894,21,1065.1
CUST-ACT-03956,15,15,743,4,6006.05
CUST-ACT-03957,114,114,538,38,47336.48
CUST-ACT-03958,23,23,245,33,45130.58
CUST-ACT-03959,120,120,41,37,29158.64
CUST-ACT-03960,76,76,389,92,56693.82
CUST-ACT-03961,35,35,972,3,22047.93
CUST-ACT-03962,85,85,191,113,26702.3
CUST-ACT-03963,110,110,923,108,73061.2
CUST-ACT-03964,129,129,478,68,62421.46
CUST-ACT-03965,142,142,698,26,47271.86
CUST-ACT-03966,43,43,603,114,42402.28
CUST-ACT-03967,47,47,47,49,10562.29
CUST-ACT-03968,97,97,768,44,24741.98
CUST-ACT-03969,47,47,702,31,70400.35
CUST-ACT-03970,143,143,166,69,20295.57
CUST-ACT-03971,79,79,54,131,35399.76
CUST-ACT-03972,68,68,199,34,5696.19
CUST-ACT-03973,138,138,97,129,15472.14
CUST-ACT-03974,10,10,353,136,66860.78
CUST-ACT-03975,117,117,552,148,27612.54
CUST-ACT-03976,93,93,681,108,61136.23
CUST-ACT-03977,50,50,38,122,72301.42
CUST-ACT-03978,137,137,899,102,567.96
CUST-ACT-03979,137,137,948,135,33568.26
CUST-ACT-03980,6,6,385,52,28341.3
CUST-ACT-03981,101,101,640,137,34612.72
CUST-ACT-03982,51,51,482,75,48620.92
CUST-ACT-03983,8,8,957,7,2600.76
CUST-ACT-03984,62,62,438,89,15872.03
CUST-ACT-03985,76,76,427,142,56394.3
CUST-ACT-03986,75,75,788,30,43858.38
CUST-ACT-03987,142,142,336,48,7506.51
CUST-ACT-03988,55,55,364,8,74861.47
CUST-ACT-03989,67,67,976,69,43290.8
CUST-ACT-03990,99,99,458,103,74876.63
CUST-ACT-03991,6,6,100,129,5792.11
CUST-ACT-03992,97,97,591,67,47356.35
CUST-ACT-03993,84,84,241,168,32428.96
CUST-ACT-03994,110,110,514,1,19662.66
CUST-ACT-03995,124,124,889,17,21195.36
CUST-ACT-03996,77,77,441,3,62147.36
CUST-ACT-03997,38,38,361,142,14962.68
CUST-ACT-03998,77,77,729,175,74747.98
CUST-ACT-03999,72,72,898,79,40389.33
CUST-ACT-04000,36,36,354,96,53897.25
CUST-ACT-04001,113,113,431,119,10869.7
CUST-ACT-04002,6,6,771,172,8693.14
CUST-ACT-04003,13,13,335,15,44026.83
CUST-ACT-04004,86,86,293,171,20224.66
CUST-ACT-04005,72,72,565,160,37280.34
CUST-ACT-04006,19,19,919,172,46136.57
CUST-ACT-04007,115,115,238,40,61997.23
CUST-ACT-04008,66,66,428,45,35398.06
CUST-ACT-04009,3,3,46,134,55840.85
CUST-ACT-04010,40,40,186,149,52689.98
CUST-ACT-04011,13,13,907,66,15843.77
CUST-ACT-04012,113,113,742,179,42193.59
CUST-ACT-04013,34,34,302,118,25847.46
CUST-ACT-04014,47,47,144,173,8397.18
CUST-ACT-04015,12,12,488,74,19779.35
CUST-ACT-04016,58,58,594,83,27850.97
CUST-ACT-04017,84,84,506,132,4396.44
CUST-ACT-04018,36,36,195,65,18986.3
CUST-ACT-04019,98,98,630,139,12898.93
CUST-ACT-04020,23,23,575,130,71738.39
CUST-ACT-04021,49,49,752,72,26303.56
CUST-ACT-04022,51,51,182,169,18204.39
CUST-ACT-04023,56,56,339,144,2738.9
CUST-ACT-04024,42,42,579,3,11610.3
CUST-ACT-04025,148,148,615,31,53244.56
CUST-ACT-04026,8,8,648,155,3380.55
CUST-ACT-04027,81,81,677,60,33979.96
CUST-ACT-04028,12,12,37,29,14845.29
CUST-ACT-04029,28,28,857,114,64213.45
CUST-ACT-04030,126,126,922,1,8244.52
CUST-ACT-04031,88,88,520,137,29215.62
CUST-ACT-04032,69,69,262,5,69779.27
CUST-ACT-04033,83,83,705,61,59693.37
CUST-ACT-04034,129,129,258,60,71455.42
CUST-ACT-04035,122,122,695,29,5539.65
CUST-ACT-04036,18,18,458,28,46647.04
CUST-ACT-04037,7,7,359,103,12147.4
CUST-ACT-04038,88,88,473,10,49678.01
CUST-ACT-04039,84,84,577,44,13096.43
CUST-ACT-04040,106,106,711,61,46718.42
CUST-ACT-04041,113,113,700,120,67919.39
CUST-ACT-04042,47,47,549,8,37431.79
CUST-ACT-04043,5,5,284,86,10176.28
CUST-ACT-04044,106,106,279,12,15212.38
CUST-ACT-04045,48,48,729,32,58191.37
CUST-ACT-04046,12,12,438,100,12845.18
CUST-ACT-04047,145,145,976,159,40723.08
CUST-ACT-04048,69,69,773,179,71209.24
CUST-ACT-04049,47,47,323,81,64412.13
CUST-ACT-04050,141,141,801,170,6634.09
CUST-ACT-04051,13,13,665,179,8578.65
CUST-ACT-04052,114,114,584,80,62181.71
CUST-ACT-04053,56,56,329,116,68241.83
CUST-ACT-04054,82,82,607,159,12554.41
CUST-ACT-04055,122,122,174,3,39044.25
CUST-ACT-04056,144,144,245,128,33353.21
CUST-ACT-04057,144,144,282,73,3363.48
CUST-ACT-04058,19,19,101,173,70308.26
CUST-ACT-04059,118,118,308,5,64386.37
CUST-ACT-04060,55,55,32,17,63658.13
CUST-ACT-04061,90,90,470,134,1956.55
CUST-ACT-04062,78,78,424,169,21041.88
CUST-ACT-04063,91,91,229,53,42197.0
CUST-ACT-04064,116,116,217,42,32206.89
CUST-ACT-04065,109,109,376,135,23092.1
CUST-ACT-04066,111,111,99,130,74857.7
CUST-ACT-04067,81,81,961,34,65816.87
CUST-ACT-04068,125,125,433,54,8538.42
CUST-ACT-04069,82,82,562,138,34520.71
CUST-ACT-04070,84,84,483,64,49017.27
CUST-ACT-04071,104,104,885,178,15718.19
CUST-ACT-04072,50,50,612,136,10156.5
CUST-ACT-04073,112,112,306,77,42459.01
CUST-ACT-04074,24,24,86,159,7287.84
CUST-ACT-04075,95,95,397,147,36832.46
CUST-ACT-04076,93,93,919,23,11525.31
CUST-ACT-04077,51,51,827,5,73636.48
CUST-ACT-04078,18,18,813,177,12044.71
CUST-ACT-04079,86,86,258,53,74309.83
CUST-ACT-04080,129,129,375,75,35676.98
CUST-ACT-04081,16,16,786,9,35561.79
CUST-ACT-04082,110,110,290,176,73027.65
CUST-ACT-04083,142,142,793,103,6418.0
CUST-ACT-04084,55,55,296,136,17143.07
CUST-ACT-04085,81,81,776,146,11120.09
CUST-ACT-04086,78,78,289,84,39925.17
CUST-ACT-04087,143,143,603,33,8498.41
CUST-ACT-04088,120,120,806,80,18683.06
CUST-ACT-04089,139,139,239,11,20937.7
CUST-ACT-04090,14,14,689,8,49541.06
CUST-ACT-04091,23,23,394,30,37085.52
CUST-ACT-04092,149,149,566,89,1223.06
CUST-ACT-04093,42,42,746,70,55134.52
CUST-ACT-04094,75,75,306,22,18777.85
CUST-ACT-04095,24,24,197,142,44049.3
CUST-ACT-04096,136,136,87,88,46571.72
CUST-ACT-04097,102,102,363,62,74488.41
CUST-ACT-04098,143,143,331,64,46134.39
CUST-ACT-04099,49,49,80,124,21138.25
CUST-ACT-04100,64,64,270,175,21349.0
CUST-ACT-04101,58,58,30,173,24893.67
CUST-ACT-04102,9,9,165,151,35187.58
CUST-ACT-04103,90,90,58,58,61591.66
CUST-ACT-04104,52,52,634,97,26132.07
CUST-ACT-04105,50,50,185,52,69606.5
CUST-ACT-04106,114,114,247,126,37031.19
CUST-ACT-04107,54,54,574,158,63648.86
CUST-ACT-04108,9,9,422,68,28448.39
CUST-ACT-04109,29,29,316,171,41131.55
CUST-ACT-04110,49,49,921,48,40333.53
CUST-ACT-04111,42,42,63,78,8526.94
CUST-ACT-04112,136,136,731,85,8976.17
CUST-ACT-04113,87,87,396,69,40776.44
CUST-ACT-04114,9,9,343,168,30984.08
CUST-ACT-04115,56,56,665,121,36084.73
CUST-ACT-04116,140,140,556,147,34103.9
CUST-ACT-04117,84,84,525,15,58452.26
CUST-ACT-04118,135,135,218,56,47732.91
CUST-ACT-04119,114,114,982,108,4345.66
CUST-ACT-04120,23,23,653,27,36354.97
CUST-ACT-04121,59,59,32,163,14614.86
CUST-ACT-04122,96,96,733,93,74379.73
CUST-ACT-04123,39,39,933,102,2044.53
CUST-ACT-04124,110,110,237,168,36104.4
CUST-ACT-04125,1,1,104,95,31126.82
CUST-ACT-04126,62,62,802,92,69376.1
CUST-ACT-04127,137,137,189,126,45828.57
CUST-ACT-04128,38,38,983,95,20353.81
CUST-ACT-04129,39,39,349,62,17965.81
CUST-ACT-04130,65,65,766,113,24479.68
CUST-ACT-04131,146,146,802,56,13639.03
CUST-ACT-04132,34,34,54,134,40245.58
CUST-ACT-04133,61,61,615,6,40495.04
CUST-ACT-04134,144,144,995,157,52883.28
CUST-ACT-04135,126,126,636,90,18322.91
CUST-ACT-04136,55,55,104,101,67473.57
CUST-ACT-04137,105,105,722,168,63201.49
CUST-ACT-04138,49,49,428,113,20236.42
CUST-ACT-04139,76,76,672,117,10490.09
CUST-ACT-04140,19,19,783,55,55752.08
CUST-ACT-04141,127,127,485,112,45524.13
CUST-ACT-04142,138,138,452,51,19636.64
CUST-ACT-04143,58,58,631,42,70676.85
CUST-ACT-04144,18,18,779,126,72978.84
CUST-ACT-04145,68,68,304,39,64907.16
CUST-ACT-04146,27,27,823,9,19408.81
CUST-ACT-04147,29,29,579,177,68262.27
CUST-ACT-04148,106,106,234,142,12542.99
CUST-ACT-04149,77,77,473,164,23952.31
CUST-ACT-04150,127,127,656,137,43728.88
CUST-ACT-04151,97,97,126,22,61232.63
CUST-ACT-04152,132,132,837,158,33526.02
CUST-ACT-04153,53,53,280,151,32249.81
CUST-ACT-04154,25,25,622,149,55725.25
CUST-ACT-04155,40,40,118,109,12138.98
CUST-ACT-04156,147,147,902,69,7840.37
CUST-ACT-04157,114,114,567,80,52882.8
CUST-ACT-04158,40,40,658,179,47285.08
CUST-ACT-04159,127,127,683,105,30985.93
CUST-ACT-04160,140,140,824,64,29114.22
CUST-ACT-04161,135,135,137,133,32742.89
CUST-ACT-04162,19,19,580,88,26281.67
CUST-ACT-04163,144,144,420,16,12955.33
CUST-ACT-04164,31,31,327,139,56597.78
CUST-ACT-04165,119,119,339,125,74972.97
CUST-ACT-04166,13,13,265,78,26394.18
CUST-ACT-04167,61,61,712,161,67906.61
CUST-ACT-04168,75,75,738,102,19828.44
CUST-ACT-04169,106,106,755,73,56338.58
CUST-ACT-04170,35,35,895,136,54749.99
CUST-ACT-04171,72,72,833,25,28851.43
CUST-ACT-04172,3,3,310,85,48970.42
CUST-ACT-04173,70,70,625,24,10425.51
CUST-ACT-04174,118,118,134,104,23468.95
CUST-ACT-04175,71,71,409,45,64999.94
CUST-ACT-04176,131,131,311,5,2586.32
CUST-ACT-04177,133,133,425,110,44461.74
CUST-ACT-04178,93,93,549,178,74770.34
CUST-ACT-04179,85,85,792,179,18612.13
CUST-ACT-04180,20,20,691,120,8393.77
CUST-ACT-04181,147,147,765,100,64597.51
CUST-ACT-04182,113,113,792,113,30852.93
CUST-ACT-04183,119,119,306,1,49156.39
CUST-ACT-04184,17,17,250,33,15128.59
CUST-ACT-04185,77,77,563,45,53071.08
CUST-ACT-04186,38,38,156,29,43949.88
CUST-ACT-04187,50,50,260,113,21911.21
CUST-ACT-04188,80,80,362,165,50162.01
CUST-ACT-04189,89,89,302,138,15581.49
CUST-ACT-04190,74,74,672,104,66194.86
CUST-ACT-04191,9,9,64,91,18320.84
CUST-ACT-04192,21,21,392,155,38970.97
CUST-ACT-04193,43,43,117,73,38473.41
CUST-ACT-04194,94,94,795,167,22885.97
CUST-ACT-04195,94,94,594,131,70569.91
CUST-ACT-04196,35,35,228,89,65530.53
CUST-ACT-04197,49,49,263,108,51756.81
CUST-ACT-04198,98,98,766,34,52643.06
CUST-ACT-04199,27,27,224,166,33015.79
CUST-ACT-04200,57,57,369,48,66227.0
CUST-ACT-04201,115,115,193,100,9276.25
CUST-ACT-04202,116,116,644,165,65137.42
CUST-ACT-04203,131,131,352,173,34952.28
CUST-ACT-04204,22,22,649,109,55295.53
CUST-ACT-04205,8,8,236,53,65418.53
CUST-ACT-04206,35,35,41,39,63080.94
CUST-ACT-04207,95,95,309,17,27852.52
CUST-ACT-04208,39,39,517,142,20265.69
CUST-ACT-04209,89,89,463,79,23482.39
CUST-ACT-04210,97,97,783,99,35967.12
CUST-ACT-04211,138,138,624,53,20305.25
CUST-ACT-04212,102,102,497,77,14334.18
CUST-ACT-04213,115,115,291,72,71769.49
CUST-ACT-04214,91,91,664,8,72091.92
CUST-ACT-04215,32,32,543,60,36076.41
CUST-ACT-04216,95,95,701,82,64242.14
CUST-ACT-04217,44,44,519,54,7062.39
CUST-ACT-04218,133,133,469,30,20287.65
CUST-ACT-04219,32,32,499,170,66160.23
CUST-ACT-04220,47,47,629,104,6901.97
CUST-ACT-04221,123,123,118,4,4651.96
CUST-ACT-04222,52,52,165,83,55963.01
CUST-ACT-04223,113,113,867,103,3329.21
CUST-ACT-04224,81,81,554,111,1633.38
CUST-ACT-04225,66,66,834,150,28137.57
CUST-ACT-04226,88,88,490,178,69716.57
CUST-ACT-04227,73,73,96,130,14598.59
CUST-ACT-04228,14,14,539,155,72132.14
CUST-ACT-04229,119,119,830,53,21150.83
CUST-ACT-04230,86,86,890,111,42421.84
CUST-ACT-04231,13,13,103,19,35751.87
CUST-ACT-04232,27,27,783,42,44897.71
CUST-ACT-04233,28,28,560,13,34512.84
CUST-ACT-04234,9,9,669,37,4890.69
CUST-ACT-04235,18,18,678,92,36138.39
CUST-ACT-04236,53,53,623,175,10570.23
CUST-ACT-04237,39,39,45,2,73759.87
CUST-ACT-04238,116,116,234,138,25813.07
CUST-ACT-04239,13,13,354,32,64798.77
CUST-ACT-04240,2,2,279,53,38824.85
CUST-ACT-04241,139,139,311,94,24665.96
CUST-ACT-04242,35,35,200,54,33245.34
CUST-ACT-04243,32,32,558,11,970.58
CUST-ACT-04244,81,81,141,162,2184.62
CUST-ACT-04245,135,135,213,163,65194.93
CUST-ACT-04246,74,74,791,8,31082.51
CUST-ACT-04247,125,125,117,48,66029.57
CUST-ACT-04248,22,22,414,123,56708.18
CUST-ACT-04249,149,149,334,28,55341.69
CUST-ACT-04250,130,130,215,132,6991.86
CUST-ACT-04251,120,120,178,162,50472.92
CUST-ACT-04252,125,125,746,8,74114.55
CUST-ACT-04253,77,77,958,58,62910.11
CUST-ACT-04254,94,94,619,43,27234.37
CUST-ACT-04255,118,118,554,153,46947.97
CUST-ACT-04256,9,9,308,5,21221.31
CUST-ACT-04257,132,132,910,61,43571.46
CUST-ACT-04258,77,77,626,108,49408.74
CUST-ACT-04259,50,50,874,29,27583.16
CUST-ACT-04260,61,61,201,63,58253.45
CUST-ACT-04261,43,43,621,86,60828.4
CUST-ACT-04262,93,93,671,170,42001.7
CUST-ACT-04263,3,3,427,122,63354.65
CUST-ACT-04264,110,110,415,48,13021.67
CUST-ACT-04265,126,126,669,147,69944.14
CUST-ACT-04266,143,143,162,18,17348.42
CUST-ACT-04267,102,102,954,140,18964.03
CUST-ACT-04268,56,56,379,51,50088.46
CUST-ACT-04269,57,57,627,132,53302.34
CUST-ACT-04270,105,105,909,147,52052.51
CUST-ACT-04271,109,109,466,116,51815.88
CUST-ACT-04272,145,145,278,119,8283.94
CUST-ACT-04273,52,52,625,54,61518.94
CUST-ACT-04274,52,52,869,112,33368.11
CUST-ACT-04275,139,139,987,8,3588.96
CUST-ACT-04276,120,120,675,7,3568.6
CUST-ACT-04277,4,4,900,128,50525.11
CUST-ACT-04278,80,80,415,115,69639.28
CUST-ACT-04279,127,127,423,12,22286.96
CUST-ACT-04280,148,148,190,79,30122.46
CUST-ACT-04281,60,60,112,124,11516.89
CUST-ACT-04282,95,95,52,114,28390.91
CUST-ACT-04283,121,121,983,131,11910.35
CUST-ACT-04284,148,148,66,31,68726.79
CUST-ACT-04285,7,7,289,36,33644.04
CUST-ACT-04286,92,92,837,146,57595.39
CUST-ACT-04287,73,73,198,78,58884.06
CUST-ACT-04288,137,137,294,172,27087.4
CUST-ACT-04289,35,35,883,106,52347.77
CUST-ACT-04290,46,46,761,171,34971.46
CUST-ACT-04291,98,98,952,96,38845.55
CUST-ACT-04292,10,10,695,110,70602.67
CUST-ACT-04293,99,99,722,27,33278.57
CUST-ACT-04294,80,80,200,42,9261.21
CUST-ACT-04295,2,2,634,109,26482.11
CUST-ACT-04296,60,60,766,50,519.29
CUST-ACT-04297,40,40,66,136,19430.91
CUST-ACT-04298,111,111,276,148,45996.84
CUST-ACT-04299,56,56,772,155,46829.21
CUST-ACT-04300,85,85,442,69,21833.98
CUST-ACT-04301,76,76,418,160,71829.5
CUST-ACT-04302,68,68,664,114,72984.49
CUST-ACT-04303,143,143,74,108,42693.85
CUST-ACT-04304,2,2,132,90,17052.11
CUST-ACT-04305,95,95,423,129,39267.64
CUST-ACT-04306,22,22,391,42,19750.33
CUST-ACT-04307,141,141,176,62,43118.96
CUST-ACT-04308,62,62,279,118,27268.53
CUST-ACT-04309,120,120,504,131,30462.09
CUST-ACT-04310,116,116,453,24,49638.25
CUST-ACT-04311,31,31,561,66,8453.18
CUST-ACT-04312,120,120,53,49,66970.7
CUST-ACT-04313,81,81,676,22,56071.67
CUST-ACT-04314,11,11,729,2,16927.01
CUST-ACT-04315,64,64,496,78,28362.17
CUST-ACT-04316,80,80,393,67,26959.19
CUST-ACT-04317,67,67,689,169,34701.83
CUST-ACT-04318,129,129,848,168,33181.12
CUST-ACT-04319,24,24,672,136,1015.15
CUST-ACT-04320,92,92,304,61,51843.67
CUST-ACT-04321,146,146,798,152,41822.33
CUST-ACT-04322,81,81,631,94,23966.66
CUST-ACT-04323,4,4,995,115,61344.84
CUST-ACT-04324,7,7,224,112,13835.84
CUST-ACT-04325,37,37,607,22,16559.42
CUST-ACT-04326,103,103,270,30,64857.96
CUST-ACT-04327,129,129,253,80,26290.04
CUST-ACT-04328,92,92,428,103,27192.17
CUST-ACT-04329,131,131,997,22,50886.07
CUST-ACT-04330,3,3,188,12,12874.42
CUST-ACT-04331,6,6,845,70,67266.04
CUST-ACT-04332,41,41,341,36,65734.3
CUST-ACT-04333,94,94,680,86,15437.58
CUST-ACT-04334,123,123,966,63,62827.44
CUST-ACT-04335,38,38,85,48,72466.36
CUST-ACT-04336,95,95,515,135,25207.44
CUST-ACT-04337,136,136,288,15,12564.68
CUST-ACT-04338,42,42,522,168,51480.2
CUST-ACT-04339,4,4,891,158,32864.04
CUST-ACT-04340,79,79,537,64,72785.82
CUST-ACT-04341,17,17,800,76,60927.75
CUST-ACT-04342,73,73,663,175,43194.98
CUST-ACT-04343,105,105,574,16,14153.24
CUST-ACT-04344,1,1,750,50,32209.28
CUST-ACT-04345,81,81,201,40,44954.07
CUST-ACT-04346,115,115,937,109,34821.78
CUST-ACT-04347,9,9,833,167,57341.82
CUST-ACT-04348,127,127,593,108,24460.41
CUST-ACT-04349,23,23,33,112,33404.71
CUST-ACT-04350,104,104,930,150,36248.19
CUST-ACT-04351,42,42,265,165,24979.96
CUST-ACT-04352,74,74,292,79,33504.27
CUST-ACT-04353,99,99,676,85,16035.41
CUST-ACT-04354,131,131,160,79,74359.68
CUST-ACT-04355,3,3,350,75,74178.09
CUST-ACT-04356,65,65,567,82,30325.8
CUST-ACT-04357,125,125,357,148,69049.34
CUST-ACT-04358,101,101,575,105,20710.53
CUST-ACT-04359,79,79,900,139,58553.04
CUST-ACT-04360,76,76,940,150,48404.76
CUST-ACT-04361,143,143,899,36,11738.42
CUST-ACT-04362,67,67,939,138,24956.1
CUST-ACT-04363,66,66,814,169,71151.11
CUST-ACT-04364,86,86,241,150,54309.16
CUST-ACT-04365,5,5,653,132,69080.22
CUST-ACT-04366,27,27,370,71,6283.78
CUST-ACT-04367,12,12,981,174,27348.9
CUST-ACT-04368,46,46,800,98,73142.29
CUST-ACT-04369,147,147,560,31,39163.9
CUST-ACT-04370,51,51,232,70,60411.5
CUST-ACT-04371,38,38,937,9,73238.97
CUST-ACT-04372,12,12,166,78,37520.83
CUST-ACT-04373,54,54,531,8,25787.18
CUST-ACT-04374,138,138,572,69,65145.55
CUST-ACT-04375,73,73,44,35,53912.34
CUST-ACT-04376,2,2,615,177,11504.2
CUST-ACT-04377,111,111,699,79,7274.19
CUST-ACT-04378,149,149,280,90,64670.89
CUST-ACT-04379,97,97,867,131,30693.85
CUST-ACT-04380,138,138,956,121,2082.46
CUST-ACT-04381,76,76,314,87,38766.66
CUST-ACT-04382,18,18,146,132,13900.58
CUST-ACT-04383,41,41,845,91,10089.34
CUST-ACT-04384,52,52,142,107,17951.85
CUST-ACT-04385,131,131,191,61,54765.53
CUST-ACT-04386,57,57,63,56,46424.53
CUST-ACT-04387,39,39,794,127,61045.98
CUST-ACT-04388,27,27,820,5,3894.69
CUST-ACT-04389,39,39,197,160,22947.09
CUST-ACT-04390,112,112,331,102,5884.81
CUST-ACT-04391,2,2,841,61,34608.74
CUST-ACT-04392,78,78,188,158,55695.71
CUST-ACT-04393,20,20,827,176,48506.82
CUST-ACT-04394,78,78,806,98,3458.33
CUST-ACT-04395,68,68,547,86,67876.84
CUST-ACT-04396,77,77,750,158,19675.56
CUST-ACT-04397,88,88,681,103,32607.95
CUST-ACT-04398,139,139,34,34,62504.9
CUST-ACT-04399,85,85,216,116,24385.73
CUST-ACT-04400,104,104,429,152,58772.97
CUST-ACT-04401,69,69,857,71,61743.5
CUST-ACT-04402,41,41,978,126,9748.07
CUST-ACT-04403,68,68,843,67,7408.2
CUST-ACT-04404,77,77,798,111,29905.2
CUST-ACT-04405,92,92,232,9,63283.13
CUST-ACT-04406,112,112,877,94,15930.8
CUST-ACT-04407,56,56,807,34,73468.81
CUST-ACT-04408,37,37,165,99,19199.42
CUST-ACT-04409,117,117,784,168,30119.37
CUST-ACT-04410,122,122,991,168,36105.35
CUST-ACT-04411,68,68,507,149,1897.07
CUST-ACT-04412,91,91,805,67,44095.15
CUST-ACT-04413,65,65,260,16,28229.61
CUST-ACT-04414,119,119,142,158,43124.95
CUST-ACT-04415,149,149,775,44,59864.58
CUST-ACT-04416,95,95,374,58,709.61
CUST-ACT-04417,60,60,205,87,25918.86
CUST-ACT-04418,142,142,468,81,54961.61
CUST-ACT-04419,31,31,785,45,17601.23
CUST-ACT-04420,42,42,515,32,63897.22
CUST-ACT-04421,68,68,675,112,39317.91
CUST-ACT-04422,18,18,193,17,52097.73
CUST-ACT-04423,104,104,252,122,73002.85
CUST-ACT-04424,11,11,987,17,18007.22
CUST-ACT-04425,97,97,522,49,70187.42
CUST-ACT-04426,138,138,209,54,52929.39
CUST-ACT-04427,103,103,116,63,39163.86
CUST-ACT-04428,60,60,459,138,44023.33
CUST-ACT-04429,62,62,581,79,60641.91
CUST-ACT-04430,25,25,93,76,32177.77
CUST-ACT-04431,9,9,973,23,60998.98
CUST-ACT-04432,101,101,620,76,50107.95
CUST-ACT-04433,25,25,360,5,74666.17
CUST-ACT-04434,72,72,647,11,1880.8
CUST-ACT-04435,49,49,436,97,52997.83
CUST-ACT-04436,69,69,498,139,41704.47
CUST-ACT-04437,119,119,763,16,37913.03
CUST-ACT-04438,144,144,697,58,36499.68
CUST-ACT-04439,13,13,347,129,33544.63
CUST-ACT-04440,11,11,658,83,71020.71
CUST-ACT-04441,55,55,963,148,15478.23
CUST-ACT-04442,126,126,168,6,32403.49
CUST-ACT-04443,19,19,579,79,46633.29
CUST-ACT-04444,47,47,150,30,32521.25
CUST-ACT-04445,68,68,757,43,71766.44
CUST-ACT-04446,108,108,161,167,5607.84
CUST-ACT-04447,31,31,453,113,22556.8
CUST-ACT-04448,65,65,242,148,31387.88
CUST-ACT-04449,101,101,476,101,57352.28
CUST-ACT-04450,14,14,757,20,10189.04
CUST-ACT-04451,56,56,508,121,56840.31
CUST-ACT-04452,130,130,520,176,2144.16
CUST-ACT-04453,109,109,654,65,74210.55
CUST-ACT-04454,119,119,729,124,28322.62
CUST-ACT-04455,65,65,533,98,6493.2
CUST-ACT-04456,50,50,502,59,6428.95
CUST-ACT-04457,105,105,57,174,14369.24
CUST-ACT-04458,96,96,636,145,27688.29
CUST-ACT-04459,1,1,607,92,37327.57
CUST-ACT-04460,20,20,835,146,64535.08
CUST-ACT-04461,58,58,978,145,7152.99
CUST-ACT-04462,9,9,125,161,7112.03
CUST-ACT-04463,103,103,685,98,43630.61
CUST-ACT-04464,43,43,939,20,39603.42
CUST-ACT-04465,35,35,667,179,36918.33
CUST-ACT-04466,82,82,849,70,64805.53
CUST-ACT-04467,75,75,89,114,56269.13
CUST-ACT-04468,14,14,253,4,16569.2
CUST-ACT-04469,124,124,768,174,11654.28
CUST-ACT-04470,98,98,599,162,63786.7
CUST-ACT-04471,126,126,130,37,39788.82
CUST-ACT-04472,125,125,870,90,70162.44
CUST-ACT-04473,63,63,697,53,73342.58
CUST-ACT-04474,28,28,62,106,7397.75
CUST-ACT-04475,41,41,504,22,34530.32
CUST-ACT-04476,117,117,259,169,42768.54
CUST-ACT-04477,145,145,965,144,56349.64
CUST-ACT-04478,60,60,764,70,69654.89
CUST-ACT-04479,97,97,534,146,72259.02
CUST-ACT-04480,59,59,103,85,19317.0
CUST-ACT-04481,39,39,790,110,38074.6
CUST-ACT-04482,23,23,202,37,56119.74
CUST-ACT-04483,68,68,302,134,1342.39
CUST-ACT-04484,49,49,303,99,68486.71
CUST-ACT-04485,40,40,280,94,32900.09
CUST-ACT-04486,17,17,869,116,41099.78
CUST-ACT-04487,113,113,875,75,67645.3
CUST-ACT-04488,52,52,176,91,8243.49
CUST-ACT-04489,42,42,606,118,25489.64
CUST-ACT-04490,30,30,610,154,25844.09
CUST-ACT-04491,73,73,230,165,74147.82
CUST-ACT-04492,42,42,474,141,39995.3
CUST-ACT-04493,136,136,112,23,51631.06
CUST-ACT-04494,111,111,504,125,50353.51
CUST-ACT-04495,121,121,577,46,53891.55
CUST-ACT-04496,17,17,887,84,5546.39
CUST-ACT-04497,127,127,102,12,63295.12
CUST-ACT-04498,61,61,999,116,67621.53
CUST-ACT-04499,57,57,718,151,72714.53
CUST-ACT-04500,12,12,546,123,72243.1
CUST-ACT-04501,30,30,781,73,5911.27
CUST-ACT-04502,15,15,552,81,67293.44
CUST-ACT-04503,133,133,482,162,30241.1
CUST-ACT-04504,73,73,360,178,33141.01
CUST-ACT-04505,3,3,820,77,49447.38
CUST-ACT-04506,131,131,361,131,58410.93
CUST-ACT-04507,92,92,608,147,31105.69
CUST-ACT-04508,76,76,595,144,67066.8
CUST-ACT-04509,11,11,397,62,55984.54
CUST-ACT-04510,74,74,499,51,6318.86
CUST-ACT-04511,110,110,281,93,33414.64
CUST-ACT-04512,33,33,535,95,27146.6
CUST-ACT-04513,147,147,122,147,25220.25
CUST-ACT-04514,117,117,837,25,64128.19
CUST-ACT-04515,94,94,870,53,47573.7
CUST-ACT-04516,140,140,58,75,32495.21
CUST-ACT-04517,69,69,991,54,37333.17
CUST-ACT-04518,38,38,198,102,47849.29
CUST-ACT-04519,16,16,787,70,39586.15
CUST-ACT-04520,76,76,193,120,24507.94
CUST-ACT-04521,146,146,384,36,71380.44
CUST-ACT-04522,71,71,622,55,36889.84
CUST-ACT-04523,56,56,246,108,14021.32
CUST-ACT-04524,71,71,167,62,70162.75
CUST-ACT-04525,50,50,489,140,44674.71
CUST-ACT-04526,71,71,386,71,65477.54
CUST-ACT-04527,73,73,727,127,62856.28
CUST-ACT-04528,37,37,743,141,8021.53
CUST-ACT-04529,82,82,794,112,3592.79
CUST-ACT-04530,114,114,483,71,38794.35
CUST-ACT-04531,73,73,738,164,27467.24
CUST-ACT-04532,135,135,387,56,41499.42
CUST-ACT-04533,109,109,669,52,37486.07
CUST-ACT-04534,136,136,704,8,19943.89
CUST-ACT-04535,2,2,401,100,17969.74
CUST-ACT-04536,39,39,199,128,63500.08
CUST-ACT-04537,98,98,482,177,21382.05
CUST-ACT-04538,149,149,972,39,6034.9
CUST-ACT-04539,133,133,367,77,45551.73
CUST-ACT-04540,118,118,519,144,29398.19
CUST-ACT-04541,147,147,192,174,43015.4
CUST-ACT-04542,75,75,811,146,56848.45
CUST-ACT-04543,58,58,655,153,3813.4
CUST-ACT-04544,51,51,877,143,67655.56
CUST-ACT-04545,3,3,256,130,3289.58
CUST-ACT-04546,103,103,653,69,21315.26
CUST-ACT-04547,40,40,556,71,11921.06
CUST-ACT-04548,96,96,153,144,49505.69
CUST-ACT-04549,140,140,666,125,5089.58
CUST-ACT-04550,149,149,584,9,71801.48
CUST-ACT-04551,116,116,727,16,825.5
CUST-ACT-04552,28,28,402,107,10898.35
CUST-ACT-04553,78,78,300,53,73480.52
CUST-ACT-04554,121,121,794,49,54710.94
CUST-ACT-04555,98,98,385,120,15796.34
CUST-ACT-04556,77,77,222,82,41230.72
CUST-ACT-04557,113,113,693,120,50512.67
CUST-ACT-04558,126,126,308,129,19840.04
CUST-ACT-04559,73,73,989,114,60101.33
CUST-ACT-04560,135,135,568,135,59514.08
CUST-ACT-04561,147,147,914,61,53435.64
CUST-ACT-04562,109,109,420,52,70917.07
CUST-ACT-04563,146,146,81,55,59000.81
CUST-ACT-04564,12,12,186,133,55367.01
CUST-ACT-04565,112,112,511,88,67238.45
CUST-ACT-04566,72,72,497,115,66408.79
CUST-ACT-04567,123,123,78,126,38931.96
CUST-ACT-04568,133,133,267,45,63900.49
CUST-ACT-04569,118,118,85,37,29934.47
CUST-ACT-04570,112,112,300,123,56992.37
CUST-ACT-04571,139,139,555,165,74482.74
CUST-ACT-04572,92,92,660,61,55227.64
CUST-ACT-04573,100,100,61,147,43674.22
CUST-ACT-04574,45,45,375,10,3350.64
CUST-ACT-04575,139,139,368,32,28822.26
CUST-ACT-04576,79,79,824,164,665.19
CUST-ACT-04577,83,83,432,5,8068.87
CUST-ACT-04578,147,147,803,62,59142.02
CUST-ACT-04579,25,25,294,137,71873.27
CUST-ACT-04580,112,112,806,40,15668.54
CUST-ACT-04581,48,48,811,61,25304.51
CUST-ACT-04582,85,85,502,177,67042.7
CUST-ACT-04583,97,97,474,96,52481.43
CUST-ACT-04584,2,2,77,94,45511.43
CUST-ACT-04585,88,88,418,168,20602.45
CUST-ACT-04586,25,25,740,121,38890.33
CUST-ACT-04587,45,45,899,175,70743.3
CUST-ACT-04588,24,24,228,40,67253.82
CUST-ACT-04589,85,85,116,63,795.0
CUST-ACT-04590,12,12,127,175,72296.78
CUST-ACT-04591,120,120,963,145,56508.22
CUST-ACT-04592,99,99,106,86,23474.88
CUST-ACT-04593,101,101,108,99,19068.05
CUST-ACT-04594,37,37,300,26,18575.45
CUST-ACT-04595,74,74,94,56,26795.84
CUST-ACT-04596,121,121,731,160,64776.89
CUST-ACT-04597,8,8,769,149,29150.54
CUST-ACT-04598,104,104,81,155,14661.06
CUST-ACT-04599,127,127,611,87,14516.73
CUST-ACT-04600,85,85,499,166,51142.06
CUST-ACT-04601,131,131,192,174,21968.75
CUST-ACT-04602,6,6,214,102,1148.34
CUST-ACT-04603,27,27,894,99,29692.67
CUST-ACT-04604,15,15,809,165,27649.25
CUST-ACT-04605,18,18,234,115,5415.68
CUST-ACT-04606,21,21,875,18,46945.74
CUST-ACT-04607,71,71,305,140,10550.87
CUST-ACT-04608,140,140,740,33,53642.63
CUST-ACT-04609,32,32,116,20,35787.87
CUST-ACT-04610,149,149,686,106,9710.87
CUST-ACT-04611,31,31,557,164,7253.44
CUST-ACT-04612,139,139,689,155,57484.49
CUST-ACT-04613,52,52,547,77,16627.09
CUST-ACT-04614,115,115,96,70,47978.08
CUST-ACT-04615,44,44,569,155,40613.38
CUST-ACT-04616,104,104,817,87,32688.08
CUST-ACT-04617,2,2,263,29,53554.05
CUST-ACT-04618,16,16,726,113,72590.43
CUST-ACT-04619,62,62,374,111,50448.74
CUST-ACT-04620,10,10,988,108,49824.7
CUST-ACT-04621,79,79,498,147,22723.12
CUST-ACT-04622,128,128,803,167,48087.02
CUST-ACT-04623,114,114,517,82,11578.26
CUST-ACT-04624,101,101,191,68,25804.81
CUST-ACT-04625,114,114,508,178,14854.61
CUST-ACT-04626,135,135,828,80,10465.01
CUST-ACT-04627,130,130,910,20,51087.98
CUST-ACT-04628,141,141,232,144,48018.74
CUST-ACT-04629,2,2,291,5,40457.45
CUST-ACT-04630,108,108,799,83,30783.08
CUST-ACT-04631,94,94,153,50,66113.11
CUST-ACT-04632,14,14,390,23,40113.04
CUST-ACT-04633,81,81,709,59,42228.99
CUST-ACT-04634,93,93,570,82,52074.84
CUST-ACT-04635,138,138,373,114,7627.92
CUST-ACT-04636,113,113,628,167,56569.42
CUST-ACT-04637,77,77,841,23,5858.02
CUST-ACT-04638,49,49,707,113,16579.56
CUST-ACT-04639,116,116,713,74,63107.25
CUST-ACT-04640,128,128,891,60,27094.18
CUST-ACT-04641,101,101,267,93,1780.84
CUST-ACT-04642,3,3,529,166,40264.51
CUST-ACT-04643,85,85,896,55,7426.78
CUST-ACT-04644,12,12,999,56,33661.04
CUST-ACT-04645,104,104,760,58,60950.42
CUST-ACT-04646,131,131,336,170,54957.75
CUST-ACT-04647,54,54,810,59,73581.56
CUST-ACT-04648,52,52,214,136,23533.67
CUST-ACT-04649,143,143,310,125,29719.96
CUST-ACT-04650,49,49,606,1,35219.15
CUST-ACT-04651,134,134,189,132,69687.89
CUST-ACT-04652,36,36,190,88,27702.08
CUST-ACT-04653,17,17,934,69,36872.95
CUST-ACT-04654,39,39,347,89,73169.08
CUST-ACT-04655,31,31,863,63,7264.59
CUST-ACT-04656,56,56,630,81,35192.19
CUST-ACT-04657,113,113,494,132,38726.42
CUST-ACT-04658,2,2,803,116,31833.3
CUST-ACT-04659,134,134,937,137,48270.32
CUST-ACT-04660,13,13,67,119,30056.94
CUST-ACT-04661,15,15,810,106,45788.66
CUST-ACT-04662,96,96,829,94,40588.85
CUST-ACT-04663,49,49,752,49,65702.25
CUST-ACT-04664,99,99,534,12,36517.56
CUST-ACT-04665,28,28,732,115,39732.79
CUST-ACT-04666,46,46,798,34,39188.72
CUST-ACT-04667,34,34,984,69,42453.74
CUST-ACT-04668,146,146,533,159,42768.67
CUST-ACT-04669,122,122,61,133,44123.73
CUST-ACT-04670,37,37,797,137,35499.31
CUST-ACT-04671,108,108,778,152,57074.14
CUST-ACT-04672,148,148,344,145,74452.09
CUST-ACT-04673,81,81,733,144,27262.11
CUST-ACT-04674,35,35,578,163,26330.19
CUST-ACT-04675,141,141,951,80,48911.84
CUST-ACT-04676,5,5,961,84,69678.82
CUST-ACT-04677,62,62,457,1,12989.34
CUST-ACT-04678,78,78,130,46,15266.06
CUST-ACT-04679,46,46,612,93,5989.57
CUST-ACT-04680,66,66,530,172,59007.78
CUST-ACT-04681,35,35,711,168,11977.06
CUST-ACT-04682,88,88,120,86,30955.54
CUST-ACT-04683,101,101,426,81,62764.59
CUST-ACT-04684,68,68,721,11,13525.12
CUST-ACT-04685,147,147,364,154,69197.44
CUST-ACT-04686,112,112,531,177,38760.47
CUST-ACT-04687,66,66,564,54,74335.29
CUST-ACT-04688,136,136,814,174,33413.51
CUST-ACT-04689,14,14,603,106,5929.26
CUST-ACT-04690,6,6,886,122,60192.27
CUST-ACT-04691,123,123,520,139,74829.07
CUST-ACT-04692,137,137,602,165,12715.82
CUST-ACT-04693,43,43,362,176,39891.83
CUST-ACT-04694,42,42,278,120,36389.75
CUST-ACT-04695,88,88,97,24,43794.81
CUST-ACT-04696,10,10,926,118,8847.92
CUST-ACT-04697,100,100,450,62,54217.94
CUST-ACT-04698,130,130,107,138,11664.43
CUST-ACT-04699,91,91,243,163,69102.06
CUST-ACT-04700,84,84,107,174,62463.82
CUST-ACT-04701,144,144,544,59,50768.24
CUST-ACT-04702,140,140,968,3,71069.45
CUST-ACT-04703,96,96,676,152,62527.43
CUST-ACT-04704,54,54,225,149,19429.09
CUST-ACT-04705,14,14,920,134,67185.45
CUST-ACT-04706,60,60,347,11,27753.85
CUST-ACT-04707,9,9,937,17,21795.44
CUST-ACT-04708,92,92,892,155,20889.18
CUST-ACT-04709,46,46,217,42,2367.28
CUST-ACT-04710,93,93,646,36,4608.69
CUST-ACT-04711,58,58,629,80,66737.88
CUST-ACT-04712,55,55,78,26,74843.3
CUST-ACT-04713,49,49,304,139,48010.17
CUST-ACT-04714,36,36,521,50,28589.07
CUST-ACT-04715,24,24,505,4,70461.01
CUST-ACT-04716,108,108,318,23,22029.97
CUST-ACT-04717,111,111,671,142,67080.25
CUST-ACT-04718,76,76,639,73,26721.24
CUST-ACT-04719,63,63,91,5,8152.36
CUST-ACT-04720,115,115,432,28,37499.75
CUST-ACT-04721,105,105,975,96,8984.65
CUST-ACT-04722,6,6,750,7,45323.84
CUST-ACT-04723,41,41,904,30,7361.57
CUST-ACT-04724,24,24,129,173,63142.34
CUST-ACT-04725,40,40,166,77,37679.37
CUST-ACT-04726,5,5,407,103,43748.18
CUST-ACT-04727,117,117,959,176,44792.92
CUST-ACT-04728,141,141,535,102,627.26
CUST-ACT-04729,136,136,354,38,69837.61
CUST-ACT-04730,3,3,181,76,25766.35
CUST-ACT-04731,139,139,226,19,17027.8
CUST-ACT-04732,30,30,601,52,54287.67
CUST-ACT-04733,11,11,264,99,11435.18
CUST-ACT-04734,74,74,746,91,44175.12
CUST-ACT-04735,148,148,516,154,44785.58
CUST-ACT-04736,126,126,591,83,8366.94
CUST-ACT-04737,67,67,522,135,23124.63
CUST-ACT-04738,79,79,63,59,63897.5
CUST-ACT-04739,115,115,599,173,56089.1
CUST-ACT-04740,33,33,413,49,31216.7
CUST-ACT-04741,27,27,469,32,27368.21
CUST-ACT-04742,67,67,298,74,58730.19
CUST-ACT-04743,30,30,176,177,39077.94
CUST-ACT-04744,78,78,227,130,15657.78
CUST-ACT-04745,115,115,413,91,24655.02
CUST-ACT-04746,116,116,553,87,6876.65
CUST-ACT-04747,47,47,114,135,9762.83
CUST-ACT-04748,105,105,376,13,44359.27
CUST-ACT-04749,32,32,32,1,63302.25
CUST-ACT-04750,6,6,198,82,72021.5
CUST-ACT-04751,98,98,788,122,27752.35
CUST-ACT-04752,19,19,48,177,40308.38
CUST-ACT-04753,100,100,794,150,3246.11
CUST-ACT-04754,26,26,992,70,52766.58
CUST-ACT-04755,78,78,298,54,38495.41
CUST-ACT-04756,44,44,767,77,7112.13
CUST-ACT-04757,42,42,158,73,69464.65
CUST-ACT-04758,118,118,432,63,37603.22
CUST-ACT-04759,122,122,472,115,4961.54
CUST-ACT-04760,89,89,670,91,53039.03
CUST-ACT-04761,100,100,623,78,11986.46
CUST-ACT-04762,67,67,207,98,62606.62
CUST-ACT-04763,45,45,690,128,17174.5
CUST-ACT-04764,10,10,154,19,59125.95
CUST-ACT-04765,28,28,821,103,13513.52
CUST-ACT-04766,51,51,786,107,3147.26
CUST-ACT-04767,84,84,793,79,899.96
CUST-ACT-04768,51,51,47,30,33304.92
CUST-ACT-04769,124,124,949,106,67736.11
CUST-ACT-04770,75,75,136,132,57144.01
CUST-ACT-04771,134,134,255,62,12368.9
CUST-ACT-04772,52,52,603,124,49044.22
CUST-ACT-04773,28,28,948,151,5854.39
CUST-ACT-04774,68,68,729,78,74716.26
CUST-ACT-04775,48,48,800,51,26710.78
CUST-ACT-04776,130,130,307,92,33077.42
CUST-ACT-04777,118,118,834,38,17103.21
CUST-ACT-04778,6,6,397,31,27992.14
CUST-ACT-04779,32,32,224,50,73160.98
CUST-ACT-04780,26,26,905,108,67878.91
CUST-ACT-04781,22,22,718,165,54220.93
CUST-ACT-04782,135,135,617,52,44223.41
CUST-ACT-04783,1,1,291,66,70658.79
CUST-ACT-04784,109,109,808,113,3055.7
CUST-ACT-04785,105,105,325,86,59443.75
CUST-ACT-04786,75,75,345,150,31602.22
CUST-ACT-04787,45,45,208,81,48622.02
CUST-ACT-04788,51,51,582,155,1116.68
CUST-ACT-04789,130,130,637,41,68359.71
CUST-ACT-04790,58,58,144,95,19308.27
CUST-ACT-04791,29,29,530,179,60419.53
CUST-ACT-04792,105,105,163,29,8828.07
CUST-ACT-04793,29,29,493,150,70715.14
CUST-ACT-04794,139,139,646,29,6091.6
CUST-ACT-04795,102,102,114,87,56834.84
CUST-ACT-04796,114,114,794,15,67384.69
CUST-ACT-04797,40,40,641,3,12021.23
CUST-ACT-04798,148,148,558,13,36653.14
CUST-ACT-04799,56,56,674,177,32670.69
CUST-ACT-04800,131,131,171,132,23909.72
CUST-ACT-04801,97,97,759,115,15672.33
CUST-ACT-04802,96,96,631,104,29068.47
CUST-ACT-04803,23,23,340,31,10684.06
CUST-ACT-04804,100,100,994,131,71420.0
CUST-ACT-04805,32,32,447,115,15605.1
CUST-ACT-04806,119,119,589,124,3560.41
CUST-ACT-04807,49,49,247,116,21510.44
CUST-ACT-04808,67,67,196,129,30671.61
CUST-ACT-04809,86,86,355,177,38197.7
CUST-ACT-04810,90,90,191,98,49351.47
CUST-ACT-04811,13,13,158,135,36684.95
CUST-ACT-04812,56,56,663,8,17548.6
CUST-ACT-04813,61,61,863,124,47167.87
CUST-ACT-04814,17,17,913,179,32542.08
CUST-ACT-04815,84,84,417,62,33647.52
CUST-ACT-04816,96,96,553,81,24230.41
CUST-ACT-04817,6,6,869,68,50557.38
CUST-ACT-04818,134,134,86,75,37308.9
CUST-ACT-04819,55,55,916,118,41989.31
CUST-ACT-04820,71,71,748,41,40214.58
CUST-ACT-04821,18,18,326,9,29561.25
CUST-ACT-04822,59,59,686,98,30387.71
CUST-ACT-04823,77,77,838,57,62298.26
CUST-ACT-04824,101,101,206,89,39418.32
CUST-ACT-04825,106,106,104,65,52740.2
CUST-ACT-04826,56,56,277,138,2523.83
CUST-ACT-04827,57,57,331,157,25101.65
CUST-ACT-04828,16,16,31,148,55619.31
CUST-ACT-04829,142,142,454,91,22707.67
CUST-ACT-04830,149,149,610,72,52215.59
CUST-ACT-04831,101,101,184,137,8148.93
CUST-ACT-04832,30,30,79,168,4752.07
CUST-ACT-04833,32,32,321,63,59360.41
CUST-ACT-04834,113,113,527,81,9299.36
CUST-ACT-04835,138,138,325,27,44670.17
CUST-ACT-04836,105,105,839,113,21277.41
CUST-ACT-04837,50,50,954,163,760.22
CUST-ACT-04838,27,27,446,9,3446.18
CUST-ACT-04839,105,105,361,113,44164.07
CUST-ACT-04840,73,73,461,129,26273.65
CUST-ACT-04841,54,54,903,97,44460.84
CUST-ACT-04842,99,99,210,23,72623.55
CUST-ACT-04843,48,48,348,113,57401.72
CUST-ACT-04844,59,59,101,98,24228.7
CUST-ACT-04845,117,117,742,128,9181.98
CUST-ACT-04846,93,93,50,80,29997.45
CUST-ACT-04847,15,15,504,136,20630.08
CUST-ACT-04848,5,5,333,30,9407.21
CUST-ACT-04849,137,137,55,10,43494.77
CUST-ACT-04850,101,101,763,1,15971.88
CUST-ACT-04851,113,113,155,179,68991.52
CUST-ACT-04852,132,132,49,98,63307.14
CUST-ACT-04853,68,68,760,9,8290.44
CUST-ACT-04854,143,143,91,145,39495.19
CUST-ACT-04855,149,149,217,6,52966.17
CUST-ACT-04856,100,100,960,148,5206.57
CUST-ACT-04857,142,142,41,134,34837.87
CUST-ACT-04858,114,114,226,179,60872.87
CUST-ACT-04859,44,44,799,75,3748.6
CUST-ACT-04860,110,110,544,116,43759.64
CUST-ACT-04861,25,25,937,37,13645.57
CUST-ACT-04862,117,117,388,177,29789.81
CUST-ACT-04863,27,27,85,168,8972.81
CUST-ACT-04864,68,68,295,54,25792.82
CUST-ACT-04865,38,38,307,86,52684.89
CUST-ACT-04866,57,57,978,155,60223.94
CUST-ACT-04867,14,14,45,102,3860.59
CUST-ACT-04868,74,74,520,58,34924.84
CUST-ACT-04869,57,57,817,107,5967.24
CUST-ACT-04870,60,60,971,97,17611.86
CUST-ACT-04871,144,144,671,141,65440.72
CUST-ACT-04872,34,34,66,129,38059.43
CUST-ACT-04873,92,92,909,59,32963.05
CUST-ACT-04874,124,124,686,104,63338.34
CUST-ACT-04875,42,42,174,126,37635.69
CUST-ACT-04876,64,64,257,82,42779.01
CUST-ACT-04877,1,1,79,49,22783.19
CUST-ACT-04878,134,134,943,157,9579.64
CUST-ACT-04879,101,101,378,70,17886.0
CUST-ACT-04880,39,39,282,104,39677.98
CUST-ACT-04881,44,44,424,118,68214.01
CUST-ACT-04882,61,61,302,115,1004.43
CUST-ACT-04883,95,95,746,79,39631.18
CUST-ACT-04884,146,146,164,66,40481.69
CUST-ACT-04885,85,85,481,94,69049.01
CUST-ACT-04886,115,115,974,9,24049.49
CUST-ACT-04887,70,70,409,30,6151.58
CUST-ACT-04888,92,92,152,123,8264.86
CUST-ACT-04889,125,125,734,31,37187.51
CUST-ACT-04890,17,17,177,162,4372.83
CUST-ACT-04891,145,145,228,119,73128.04
CUST-ACT-04892,60,60,354,41,38891.56
CUST-ACT-04893,51,51,455,19,4598.41
CUST-ACT-04894,73,73,81,53,46229.54
CUST-ACT-04895,102,102,458,19,6379.01
CUST-ACT-04896,8,8,729,35,72495.17
CUST-ACT-04897,48,48,733,84,4342.45
CUST-ACT-04898,113,113,560,126,27075.83
CUST-ACT-04899,19,19,97,4,73135.71
CUST-ACT-04900,111,111,229,137,60129.52
CUST-ACT-04901,23,23,653,11,9067.4
CUST-ACT-04902,55,55,646,139,28540.18
CUST-ACT-04903,19,19,606,83,36596.05
CUST-ACT-04904,63,63,376,18,1084.36
CUST-ACT-04905,119,119,771,83,5476.86
CUST-ACT-04906,98,98,209,124,39099.82
CUST-ACT-04907,149,149,55,156,35293.94
CUST-ACT-04908,112,112,177,179,49065.1
CUST-ACT-04909,148,148,479,15,3317.74
CUST-ACT-04910,133,133,326,159,19908.23
CUST-ACT-04911,40,40,943,164,43202.28
CUST-ACT-04912,141,141,942,86,32687.03
CUST-ACT-04913,46,46,483,69,73213.64
CUST-ACT-04914,78,78,590,134,55271.12
CUST-ACT-04915,43,43,653,65,72309.53
CUST-ACT-04916,96,96,371,60,45697.06
CUST-ACT-04917,1,1,478,15,64615.74
CUST-ACT-04918,108,108,245,80,16600.07
CUST-ACT-04919,148,148,748,39,4822.93
CUST-ACT-04920,94,94,151,134,47169.77
CUST-ACT-04921,119,119,873,151,48633.39
CUST-ACT-04922,144,144,869,178,47137.3
CUST-ACT-04923,69,69,87,40,39749.71
CUST-ACT-04924,124,124,254,16,74137.29
CUST-ACT-04925,141,141,254,119,11160.17
CUST-ACT-04926,7,7,553,160,17301.56
CUST-ACT-04927,40,40,652,52,52043.9
CUST-ACT-04928,50,50,872,177,47756.54
CUST-ACT-04929,57,57,334,146,73084.2
CUST-ACT-04930,123,123,682,175,63969.95
CUST-ACT-04931,9,9,487,100,1134.25
CUST-ACT-04932,118,118,640,33,25912.86
CUST-ACT-04933,98,98,912,18,51161.83
CUST-ACT-04934,95,95,298,44,12337.91
CUST-ACT-04935,81,81,453,124,22728.02
CUST-ACT-04936,115,115,248,130,22218.54
CUST-ACT-04937,145,145,566,97,73112.83
CUST-ACT-04938,114,114,602,65,60897.42
CUST-ACT-04939,86,86,902,34,5741.96
CUST-ACT-04940,130,130,36,112,54712.03
CUST-ACT-04941,143,143,450,109,57049.4
CUST-ACT-04942,136,136,727,141,27223.74
CUST-ACT-04943,134,134,703,131,64639.95
CUST-ACT-04944,64,64,913,31,10361.42
CUST-ACT-04945,12,12,912,15,50662.77
CUST-ACT-04946,97,97,700,25,59685.89
CUST-ACT-04947,15,15,975,40,49891.56
CUST-ACT-04948,79,79,769,18,9298.48
CUST-ACT-04949,135,135,498,104,23954.31
CUST-ACT-04950,55,55,787,66,42651.41
CUST-ACT-04951,33,33,43,118,45891.31
CUST-ACT-04952,113,113,819,31,39799.74
CUST-ACT-04953,27,27,433,79,23738.02
CUST-ACT-04954,132,132,679,45,50128.77
CUST-ACT-04955,83,83,562,81,55943.69
CUST-ACT-04956,89,89,753,105,56105.95
CUST-ACT-04957,50,50,990,164,57015.62
CUST-ACT-04958,147,147,998,85,56103.09
CUST-ACT-04959,56,56,213,154,7691.56
CUST-ACT-04960,119,119,293,121,684.89
CUST-ACT-04961,117,117,541,57,64486.59
CUST-ACT-04962,114,114,850,69,47941.42
CUST-ACT-04963,35,35,100,14,70050.79
CUST-ACT-04964,74,74,198,10,14579.7
CUST-ACT-04965,95,95,989,41,43174.24
CUST-ACT-04966,119,119,664,2,3903.25
CUST-ACT-04967,119,119,580,64,45338.32
CUST-ACT-04968,30,30,721,43,867.89
CUST-ACT-04969,54,54,121,92,33695.26
CUST-ACT-04970,116,116,555,60,68564.33
CUST-ACT-04971,148,148,692,77,48406.6
CUST-ACT-04972,117,117,567,122,23130.44
CUST-ACT-04973,62,62,347,168,61602.1
CUST-ACT-04974,30,30,220,45,61549.89
CUST-ACT-04975,92,92,644,13,32727.63
CUST-ACT-04976,96,96,146,100,29600.88
CUST-ACT-04977,66,66,642,33,71385.91
CUST-ACT-04978,13,13,352,39,60945.45
CUST-ACT-04979,88,88,249,27,15028.54
CUST-ACT-04980,72,72,728,40,46246.7
CUST-ACT-04981,13,13,255,92,62300.83
CUST-ACT-04982,126,126,150,144,10952.84
CUST-ACT-04983,46,46,240,142,19087.16
CUST-ACT-04984,42,42,847,109,35494.95
CUST-ACT-04985,107,107,327,86,8342.51
CUST-ACT-04986,47,47,555,41,67868.76
CUST-ACT-04987,58,58,435,118,73626.23
CUST-ACT-04988,63,63,374,134,6619.46
CUST-ACT-04989,126,126,711,133,72032.99
CUST-ACT-04990,147,147,205,60,67966.77
CUST-ACT-04991,68,68,605,98,4582.7
CUST-ACT-04992,108,108,73,112,65424.83
CUST-ACT-04993,127,127,234,156,73391.98
CUST-ACT-04994,37,37,538,77,12596.07
CUST-ACT-04995,63,63,531,64,52603.03
CUST-ACT-04996,49,49,264,151,66419.01
CUST-ACT-04997,88,88,497,146,49532.44
CUST-ACT-04998,138,138,485,103,26076.12
CUST-ACT-04999,74,74,532,83,57381.35
CUST-ACT-05000,24,24,191,8,61623.9
CUST-ACT-05001,47,47,795,66,35084.47
CUST-ACT-05002,41,41,103,169,13856.79
CUST-ACT-05003,21,21,656,40,29105.88
CUST-ACT-05004,40,40,547,173,58177.76
CUST-ACT-05005,93,93,869,13,33630.48
CUST-ACT-05006,61,61,220,46,49262.41
CUST-ACT-05007,93,93,940,100,16783.0
CUST-ACT-05008,114,114,123,124,55847.29
CUST-ACT-05009,24,24,982,147,72009.41
CUST-ACT-05010,97,97,286,80,5098.81
CUST-ACT-05011,18,18,196,20,1188.59
CUST-ACT-05012,121,121,952,150,22878.26
CUST-ACT-05013,38,38,972,63,26937.92
CUST-ACT-05014,65,65,847,149,3809.58
CUST-ACT-05015,145,145,720,76,33362.54
CUST-ACT-05016,33,33,327,128,12788.23
CUST-ACT-05017,123,123,762,59,36284.38
CUST-ACT-05018,56,56,760,121,54115.7
CUST-ACT-05019,52,52,817,145,12926.2
CUST-ACT-05020,121,121,628,68,33449.71
CUST-ACT-05021,62,62,289,44,53483.83
CUST-ACT-05022,13,13,530,30,69156.37
CUST-ACT-05023,31,31,304,150,63166.35
CUST-ACT-05024,11,11,844,121,1027.55
CUST-ACT-05025,10,10,476,27,6983.14
CUST-ACT-05026,14,14,477,132,30617.18
CUST-ACT-05027,25,25,641,56,39256.73
CUST-ACT-05028,17,17,120,34,8500.37
CUST-ACT-05029,79,79,629,66,4114.48
CUST-ACT-05030,8,8,605,102,40796.38
CUST-ACT-05031,149,149,459,121,38103.62
CUST-ACT-05032,16,16,952,105,19099.0
CUST-ACT-05033,35,35,307,46,41518.53
CUST-ACT-05034,61,61,896,88,70758.37
CUST-ACT-05035,38,38,513,34,49034.84
CUST-ACT-05036,118,118,483,159,11857.79
CUST-ACT-05037,117,117,931,69,48219.03
CUST-ACT-05038,115,115,327,163,68437.96
CUST-ACT-05039,5,5,95,32,40319.02
CUST-ACT-05040,144,144,80,100,28826.03
CUST-ACT-05041,74,74,93,170,50822.58
CUST-ACT-05042,82,82,739,75,54749.64
CUST-ACT-05043,47,47,831,24,24666.04
CUST-ACT-05044,68,68,327,64,19302.23
CUST-ACT-05045,35,35,827,14,12018.88
CUST-ACT-05046,79,79,988,103,71891.46
CUST-ACT-05047,46,46,161,44,48253.15
CUST-ACT-05048,111,111,761,51,31268.46
CUST-ACT-05049,29,29,713,91,52892.31
CUST-ACT-05050,147,147,854,107,67716.34
CUST-ACT-05051,54,54,351,135,25694.3
CUST-ACT-05052,120,120,974,47,19003.74
CUST-ACT-05053,105,105,271,32,72056.5
CUST-ACT-05054,65,65,317,169,5149.3
CUST-ACT-05055,34,34,549,126,24512.5
CUST-ACT-05056,61,61,50,27,8316.89
CUST-ACT-05057,128,128,757,148,73697.5
CUST-ACT-05058,13,13,742,175,7939.72
CUST-ACT-05059,149,149,654,48,63645.78
CUST-ACT-05060,10,10,230,94,8507.01
CUST-ACT-05061,107,107,739,84,783.15
CUST-ACT-05062,79,79,948,68,4613.51
CUST-ACT-05063,98,98,256,98,12517.02
CUST-ACT-05064,79,79,928,98,55145.04
CUST-ACT-05065,53,53,280,42,37989.74
CUST-ACT-05066,76,76,544,7,29389.17
CUST-ACT-05067,68,68,241,22,47521.96
CUST-ACT-05068,107,107,68,70,67710.63
CUST-ACT-05069,125,125,449,28,26990.8
CUST-ACT-05070,90,90,285,49,11605.47
CUST-ACT-05071,144,144,392,42,61274.43
CUST-ACT-05072,49,49,533,12,30019.27
CUST-ACT-05073,108,108,300,172,56677.65
CUST-ACT-05074,69,69,252,130,10141.85
CUST-ACT-05075,87,87,635,42,43798.24
CUST-ACT-05076,64,64,567,122,43724.24
CUST-ACT-05077,7,7,587,16,74586.62
CUST-ACT-05078,66,66,752,1,44974.49
CUST-ACT-05079,147,147,940,156,57608.32
CUST-ACT-05080,55,55,482,33,55240.64
CUST-ACT-05081,116,116,932,145,66337.83
CUST-ACT-05082,46,46,581,123,67057.39
CUST-ACT-05083,14,14,888,129,20959.55
CUST-ACT-05084,16,16,747,150,57161.58
CUST-ACT-05085,142,142,964,32,20700.09
CUST-ACT-05086,81,81,908,125,40963.76
CUST-ACT-05087,148,148,884,115,47426.95
CUST-ACT-05088,70,70,203,177,20487.49
CUST-ACT-05089,41,41,365,132,65646.18
CUST-ACT-05090,64,64,303,162,72260.11
CUST-ACT-05091,49,49,434,18,52080.94
CUST-ACT-05092,90,90,208,117,8782.43
CUST-ACT-05093,97,97,577,149,23402.23
CUST-ACT-05094,39,39,866,141,31141.63
CUST-ACT-05095,117,117,873,1,2271.53
CUST-ACT-05096,27,27,603,178,52542.46
CUST-ACT-05097,82,82,50,109,45291.58
CUST-ACT-05098,130,130,74,63,29893.98
CUST-ACT-05099,137,137,696,119,68708.28
CUST-ACT-05100,110,110,580,14,31147.74
CUST-ACT-05101,148,148,307,53,31651.79
CUST-ACT-05102,121,121,57,21,14107.3
CUST-ACT-05103,83,83,896,141,41531.57
CUST-ACT-05104,91,91,967,66,13874.09
CUST-ACT-05105,87,87,43,98,49276.68
CUST-ACT-05106,80,80,111,165,7986.32
CUST-ACT-05107,117,117,822,76,71361.49
CUST-ACT-05108,97,97,160,93,44191.84
CUST-ACT-05109,69,69,185,170,10933.17
CUST-ACT-05110,36,36,74,64,4132.78
CUST-ACT-05111,83,83,519,73,13971.76
CUST-ACT-05112,125,125,885,6,13138.27
CUST-ACT-05113,143,143,728,174,53226.62
CUST-ACT-05114,27,27,710,15,37952.49
CUST-ACT-05115,53,53,274,28,64282.4
CUST-ACT-05116,113,113,367,7,4079.57
CUST-ACT-05117,131,131,721,59,48750.54
CUST-ACT-05118,66,66,578,106,36929.76
CUST-ACT-05119,9,9,860,53,50032.78
CUST-ACT-05120,126,126,253,57,14553.5
CUST-ACT-05121,14,14,313,160,44417.29
CUST-ACT-05122,19,19,690,13,49644.09
CUST-ACT-05123,61,61,674,78,63990.56
CUST-ACT-05124,19,19,71,130,5066.82
CUST-ACT-05125,77,77,515,46,47772.95
CUST-ACT-05126,121,121,646,136,51585.08
CUST-ACT-05127,48,48,311,78,34301.08
CUST-ACT-05128,23,23,258,20,24024.47
CUST-ACT-05129,1,1,349,44,71970.85
CUST-ACT-05130,66,66,158,51,9068.08
CUST-ACT-05131,109,109,415,122,33152.93
CUST-ACT-05132,13,13,227,125,9478.25
CUST-ACT-05133,39,39,723,72,68559.65
CUST-ACT-05134,131,131,678,95,18078.54
CUST-ACT-05135,1,1,297,21,21471.37
CUST-ACT-05136,125,125,327,134,3380.13
CUST-ACT-05137,29,29,295,153,8293.62
CUST-ACT-05138,20,20,735,91,23783.54
CUST-ACT-05139,47,47,831,23,54779.82
CUST-ACT-05140,93,93,575,24,14074.0
CUST-ACT-05141,50,50,424,86,29628.88
CUST-ACT-05142,90,90,567,179,72727.63
CUST-ACT-05143,28,28,386,50,59690.24
CUST-ACT-05144,40,40,300,154,13758.53
CUST-ACT-05145,120,120,129,146,12161.0
CUST-ACT-05146,144,144,836,17,63369.26
CUST-ACT-05147,114,114,864,177,45895.78
CUST-ACT-05148,113,113,998,119,49005.28
CUST-ACT-05149,13,13,902,31,43029.9
CUST-ACT-05150,62,62,80,111,34142.61
CUST-ACT-05151,145,145,453,82,20606.9
CUST-ACT-05152,6,6,639,99,60331.13
CUST-ACT-05153,106,106,308,86,32472.0
CUST-ACT-05154,76,76,400,138,46263.34
CUST-ACT-05155,8,8,384,69,48918.14
CUST-ACT-05156,65,65,452,111,50292.4
CUST-ACT-05157,133,133,230,35,58533.88
CUST-ACT-05158,131,131,260,93,30251.85
CUST-ACT-05159,59,59,887,72,41066.5
CUST-ACT-05160,59,59,37,44,51013.1
CUST-ACT-05161,34,34,812,65,41279.71
CUST-ACT-05162,141,141,827,58,1335.37
CUST-ACT-05163,80,80,483,1,18089.23
CUST-ACT-05164,25,25,274,79,34531.41
CUST-ACT-05165,102,102,624,26,28081.91
CUST-ACT-05166,48,48,425,154,53975.18
CUST-ACT-05167,142,142,426,134,52593.52
CUST-ACT-05168,56,56,499,97,20280.54
CUST-ACT-05169,49,49,758,173,53294.39
CUST-ACT-05170,93,93,982,32,65139.9
CUST-ACT-05171,113,113,464,56,40745.35
CUST-ACT-05172,74,74,327,69,1992.47
CUST-ACT-05173,31,31,933,93,18755.42
CUST-ACT-05174,79,79,823,48,37166.97
CUST-ACT-05175,18,18,968,75,47451.17
CUST-ACT-05176,64,64,43,130,27047.49
CUST-ACT-05177,130,130,410,124,69966.59
CUST-ACT-05178,137,137,430,77,68534.12
CUST-ACT-05179,136,136,193,122,53538.13
CUST-ACT-05180,67,67,346,55,43931.04
CUST-ACT-05181,51,51,511,141,72257.89
CUST-ACT-05182,40,40,545,135,63061.19
CUST-ACT-05183,22,22,90,78,32319.51
CUST-ACT-05184,35,35,403,26,11923.43
CUST-ACT-05185,33,33,877,119,21963.17
CUST-ACT-05186,1,1,736,43,35848.97
CUST-ACT-05187,110,110,681,85,4698.57
CUST-ACT-05188,5,5,518,92,11557.64
CUST-ACT-05189,125,125,353,131,66301.19
CUST-ACT-05190,141,141,178,19,32203.38
CUST-ACT-05191,53,53,898,154,67472.44
CUST-ACT-05192,65,65,460,27,10789.89
CUST-ACT-05193,27,27,498,166,70504.85
CUST-ACT-05194,34,34,625,87,73290.52
CUST-ACT-05195,50,50,126,78,11082.73
CUST-ACT-05196,27,27,203,9,48468.15
CUST-ACT-05197,54,54,806,13,46275.38
CUST-ACT-05198,76,76,186,174,57953.79
CUST-ACT-05199,138,138,403,143,26059.16
CUST-ACT-05200,28,28,498,99,57383.88
CUST-ACT-05201,1,1,676,131,68878.02
CUST-ACT-05202,53,53,405,50,30103.67
CUST-ACT-05203,121,121,721,113,44387.19
CUST-ACT-05204,21,21,784,53,7192.28
CUST-ACT-05205,70,70,521,63,34094.6
CUST-ACT-05206,36,36,276,54,60751.29
CUST-ACT-05207,70,70,123,1,5277.16
CUST-ACT-05208,88,88,643,110,54863.64
CUST-ACT-05209,64,64,348,177,31194.37
CUST-ACT-05210,106,106,571,154,4952.48
CUST-ACT-05211,11,11,39,11,72564.87
CUST-ACT-05212,77,77,787,76,16149.62
CUST-ACT-05213,49,49,202,35,40789.81
CUST-ACT-05214,36,36,44,167,13382.74
CUST-ACT-05215,96,96,720,80,40053.18
CUST-ACT-05216,34,34,83,7,1756.89
CUST-ACT-05217,145,145,171,117,33218.59
CUST-ACT-05218,120,120,770,79,20783.11
CUST-ACT-05219,30,30,215,75,47732.38
CUST-ACT-05220,89,89,679,78,10781.91
CUST-ACT-05221,48,48,593,144,39187.2
CUST-ACT-05222,121,121,542,91,15255.21
CUST-ACT-05223,88,88,974,26,52587.64
CUST-ACT-05224,146,146,400,152,45347.72
CUST-ACT-05225,42,42,385,124,3991.23
CUST-ACT-05226,35,35,368,63,29203.05
CUST-ACT-05227,25,25,468,106,15286.96
CUST-ACT-05228,84,84,214,46,53345.78
CUST-ACT-05229,87,87,322,133,61778.23
CUST-ACT-05230,122,122,89,87,69231.84
CUST-ACT-05231,76,76,576,143,44443.73
CUST-ACT-05232,107,107,426,172,20698.32
CUST-ACT-05233,105,105,951,80,47764.59
CUST-ACT-05234,15,15,79,62,21721.85
CUST-ACT-05235,12,12,472,69,50776.55
CUST-ACT-05236,27,27,873,70,23483.38
CUST-ACT-05237,74,74,831,138,72031.99
CUST-ACT-05238,54,54,672,9,70032.52
CUST-ACT-05239,33,33,520,43,1787.65
CUST-ACT-05240,45,45,460,155,55540.47
CUST-ACT-05241,34,34,631,9,46022.04
CUST-ACT-05242,25,25,299,60,60174.91
CUST-ACT-05243,16,16,815,132,11410.95
CUST-ACT-05244,101,101,681,110,60542.26
CUST-ACT-05245,148,148,868,134,16641.3
CUST-ACT-05246,73,73,245,178,59696.03
CUST-ACT-05247,33,33,579,75,24171.62
CUST-ACT-05248,129,129,867,148,5928.75
CUST-ACT-05249,146,146,845,158,73746.49
CUST-ACT-05250,54,54,206,88,45231.91
CUST-ACT-05251,30,30,586,171,36615.55
CUST-ACT-05252,27,27,104,143,1706.65
CUST-ACT-05253,131,131,40,81,17988.99
CUST-ACT-05254,82,82,697,65,31023.2
CUST-ACT-05255,129,129,170,33,58875.6
CUST-ACT-05256,17,17,888,175,35656.68
CUST-ACT-05257,127,127,152,62,60429.16
CUST-ACT-05258,113,113,452,19,39952.89
CUST-ACT-05259,76,76,347,114,4432.32
CUST-ACT-05260,84,84,347,143,56994.85
CUST-ACT-05261,31,31,70,59,11079.05
CUST-ACT-05262,12,12,410,156,57519.59
CUST-ACT-05263,68,68,53,103,2404.38
CUST-ACT-05264,96,96,934,146,70877.69
CUST-ACT-05265,88,88,620,77,64043.71
CUST-ACT-05266,56,56,169,146,23152.99
CUST-ACT-05267,108,108,445,121,62123.96
CUST-ACT-05268,103,103,427,19,15005.54
CUST-ACT-05269,139,139,607,151,62678.65
CUST-ACT-05270,30,30,329,49,61248.05
CUST-ACT-05271,112,112,412,84,7704.3
CUST-ACT-05272,63,63,473,171,5488.7
CUST-ACT-05273,14,14,173,117,55599.57
CUST-ACT-05274,112,112,276,98,31269.81
CUST-ACT-05275,74,74,57,95,64762.7
CUST-ACT-05276,51,51,736,136,72862.94
CUST-ACT-05277,125,125,799,178,1446.99
CUST-ACT-05278,136,136,878,40,26114.13
CUST-ACT-05279,8,8,228,144,11800.61
CUST-ACT-05280,102,102,578,176,59537.58
CUST-ACT-05281,5,5,670,7,47523.59
CUST-ACT-05282,45,45,726,72,8152.27
CUST-ACT-05283,95,95,954,39,45608.37
CUST-ACT-05284,114,114,604,44,30953.3
CUST-ACT-05285,127,127,459,126,58165.97
CUST-ACT-05286,36,36,362,38,20095.14
CUST-ACT-05287,13,13,83,114,2215.37
CUST-ACT-05288,87,87,647,171,41550.69
CUST-ACT-05289,44,44,759,75,54925.89
CUST-ACT-05290,116,116,977,84,71611.61
CUST-ACT-05291,75,75,415,88,8904.03
CUST-ACT-05292,44,44,756,34,63443.84
CUST-ACT-05293,149,149,84,75,9949.45
CUST-ACT-05294,90,90,932,141,37883.8
CUST-ACT-05295,62,62,937,79,31708.02
CUST-ACT-05296,111,111,872,127,12667.85
CUST-ACT-05297,74,74,505,69,60328.8
CUST-ACT-05298,43,43,661,21,48531.81
CUST-ACT-05299,56,56,841,77,51319.49
CUST-ACT-05300,49,49,331,157,58107.83
CUST-ACT-05301,143,143,547,21,24103.43
CUST-ACT-05302,95,95,356,105,63527.07
CUST-ACT-05303,140,140,783,87,7544.89
CUST-ACT-05304,80,80,687,171,12658.09
CUST-ACT-05305,30,30,157,148,52552.51
CUST-ACT-05306,74,74,759,162,63838.82
CUST-ACT-05307,17,17,904,165,3273.6
CUST-ACT-05308,58,58,484,55,28207.72
CUST-ACT-05309,75,75,963,138,30812.28
CUST-ACT-05310,145,145,200,94,50783.06
CUST-ACT-05311,105,105,740,56,41698.26
CUST-ACT-05312,15,15,465,62,64991.18
CUST-ACT-05313,118,118,734,143,52284.56
CUST-ACT-05314,13,13,725,177,59008.01
CUST-ACT-05315,35,35,881,171,29006.72
CUST-ACT-05316,88,88,368,2,47866.07
CUST-ACT-05317,18,18,607,66,14840.95
CUST-ACT-05318,14,14,166,71,44649.5
CUST-ACT-05319,26,26,376,123,49751.7
CUST-ACT-05320,36,36,677,132,20823.16
CUST-ACT-05321,139,139,734,168,70112.3
CUST-ACT-05322,135,135,574,21,9335.36
CUST-ACT-05323,46,46,100,10,26670.29
CUST-ACT-05324,145,145,953,167,54982.81
CUST-ACT-05325,109,109,484,43,2901.02
CUST-ACT-05326,38,38,655,99,65558.04
CUST-ACT-05327,56,56,657,139,40499.87
CUST-ACT-05328,130,130,879,157,20924.96
CUST-ACT-05329,135,135,516,21,73195.66
CUST-ACT-05330,60,60,864,9,49101.33
CUST-ACT-05331,21,21,292,163,55208.05
CUST-ACT-05332,16,16,581,179,4001.41
CUST-ACT-05333,15,15,82,119,65771.79
CUST-ACT-05334,134,134,402,26,6143.07
CUST-ACT-05335,62,62,54,87,21497.18
CUST-ACT-05336,103,103,449,30,63453.58
CUST-ACT-05337,118,118,639,170,10572.87
CUST-ACT-05338,35,35,270,100,1304.28
CUST-ACT-05339,62,62,217,49,5395.56
CUST-ACT-05340,14,14,873,169,4148.23
CUST-ACT-05341,103,103,447,28,51394.15
CUST-ACT-05342,144,144,657,102,19222.14
CUST-ACT-05343,117,117,968,179,10263.17
CUST-ACT-05344,42,42,123,74,27736.34
CUST-ACT-05345,34,34,300,58,35019.88
CUST-ACT-05346,130,130,287,104,70331.53
CUST-ACT-05347,125,125,815,146,67295.65
CUST-ACT-05348,145,145,312,40,3019.41
CUST-ACT-05349,92,92,192,150,57507.09
CUST-ACT-05350,37,37,258,7,55627.16
CUST-ACT-05351,27,27,349,97,31330.02
CUST-ACT-05352,120,120,877,72,31340.53
CUST-ACT-05353,126,126,404,22,6316.16
CUST-ACT-05354,126,126,963,178,49399.61
CUST-ACT-05355,70,70,662,70,63892.43
CUST-ACT-05356,13,13,918,2,37085.44
CUST-ACT-05357,138,138,974,147,74051.19
CUST-ACT-05358,29,29,66,31,24429.59
CUST-ACT-05359,54,54,836,119,24255.18
CUST-ACT-05360,1,1,180,116,51239.93
CUST-ACT-05361,119,119,974,77,19513.47
CUST-ACT-05362,10,10,162,77,69262.38
CUST-ACT-05363,95,95,263,79,45058.69
CUST-ACT-05364,100,100,503,115,18617.96
CUST-ACT-05365,50,50,325,81,44275.4
CUST-ACT-05366,37,37,314,156,816.83
CUST-ACT-05367,26,26,951,63,35219.36
CUST-ACT-05368,147,147,529,33,35609.08
CUST-ACT-05369,37,37,743,117,53697.67
CUST-ACT-05370,116,116,292,133,2673.19
CUST-ACT-05371,1,1,739,144,4762.24
CUST-ACT-05372,75,75,999,59,3356.44
CUST-ACT-05373,127,127,935,103,36367.55
CUST-ACT-05374,51,51,905,64,9141.37
CUST-ACT-05375,46,46,520,132,74146.72
CUST-ACT-05376,120,120,398,162,24595.28
CUST-ACT-05377,117,117,45,112,33832.39
CUST-ACT-05378,74,74,556,131,23647.62
CUST-ACT-05379,30,30,947,61,30975.75
CUST-ACT-05380,42,42,881,18,65758.61
CUST-ACT-05381,146,146,137,136,49670.21
CUST-ACT-05382,148,148,414,64,18934.93
CUST-ACT-05383,37,37,421,53,72629.26
CUST-ACT-05384,56,56,203,54,6647.08
CUST-ACT-05385,15,15,127,176,27688.29
CUST-ACT-05386,59,59,642,177,29575.47
CUST-ACT-05387,12,12,974,134,68884.05
CUST-ACT-05388,115,115,563,174,34410.51
CUST-ACT-05389,46,46,239,41,32042.1
CUST-ACT-05390,41,41,127,73,44976.02
CUST-ACT-05391,47,47,513,58,17294.34
CUST-ACT-05392,120,120,249,92,49153.18
CUST-ACT-05393,66,66,116,49,24764.03
CUST-ACT-05394,75,75,364,79,67787.64
CUST-ACT-05395,134,134,717,113,24805.51
CUST-ACT-05396,27,27,879,109,13215.12
CUST-ACT-05397,11,11,596,70,22953.54
CUST-ACT-05398,33,33,108,68,6200.99
CUST-ACT-05399,48,48,107,135,13903.26
CUST-ACT-05400,51,51,439,125,62194.26
CUST-ACT-05401,15,15,743,30,18128.92
CUST-ACT-05402,4,4,686,31,31923.17
CUST-ACT-05403,39,39,813,55,56474.96
CUST-ACT-05404,129,129,117,59,62260.93
CUST-ACT-05405,116,116,869,115,51224.52
CUST-ACT-05406,62,62,492,114,36413.55
CUST-ACT-05407,108,108,51,73,32843.06
CUST-ACT-05408,78,78,323,71,32625.17
CUST-ACT-05409,22,22,543,68,47212.01
CUST-ACT-05410,5,5,956,105,2163.52
CUST-ACT-05411,99,99,574,27,4631.0
CUST-ACT-05412,128,128,187,146,52088.09
CUST-ACT-05413,34,34,202,9,29685.37
CUST-ACT-05414,78,78,306,17,8139.17
CUST-ACT-05415,54,54,312,5,19630.81
CUST-ACT-05416,148,148,377,86,10906.7
CUST-ACT-05417,133,133,139,128,51453.61
CUST-ACT-05418,19,19,744,38,33003.01
CUST-ACT-05419,18,18,411,157,21592.07
CUST-ACT-05420,117,117,495,116,57965.72
CUST-ACT-05421,32,32,822,67,65137.76
CUST-ACT-05422,58,58,720,94,74335.23
CUST-ACT-05423,69,69,56,118,5287.13
CUST-ACT-05424,41,41,116,153,38265.67
CUST-ACT-05425,56,56,235,69,64780.96
CUST-ACT-05426,73,73,741,9,38377.36
CUST-ACT-05427,60,60,465,113,48234.8
CUST-ACT-05428,122,122,581,68,40849.84
CUST-ACT-05429,27,27,823,93,2737.91
CUST-ACT-05430,111,111,725,130,48858.74
CUST-ACT-05431,27,27,391,120,53467.31
CUST-ACT-05432,53,53,679,98,48807.67
CUST-ACT-05433,68,68,793,91,68124.58
CUST-ACT-05434,96,96,518,159,32519.74
CUST-ACT-05435,140,140,689,39,21594.69
CUST-ACT-05436,72,72,641,92,46023.14
CUST-ACT-05437,10,10,481,9,19457.87
CUST-ACT-05438,91,91,510,111,41210.17
CUST-ACT-05439,92,92,312,79,25527.39
CUST-ACT-05440,7,7,900,139,70213.44
CUST-ACT-05441,58,58,745,124,39865.76
CUST-ACT-05442,18,18,583,157,24581.99
CUST-ACT-05443,126,126,710,142,23133.23
CUST-ACT-05444,32,32,830,11,9525.7
CUST-ACT-05445,15,15,396,169,55895.4
CUST-ACT-05446,58,58,637,79,2261.2
CUST-ACT-05447,46,46,92,114,44848.08
CUST-ACT-05448,37,37,299,95,38311.25
CUST-ACT-05449,57,57,781,149,14007.86
CUST-ACT-05450,24,24,588,37,59544.77
CUST-ACT-05451,25,25,705,128,1575.38
CUST-ACT-05452,64,64,785,35,2106.89
CUST-ACT-05453,34,34,737,102,49057.28
CUST-ACT-05454,105,105,324,91,31189.54
CUST-ACT-05455,137,137,997,98,73810.19
CUST-ACT-05456,117,117,358,55,56688.02
CUST-ACT-05457,117,117,393,3,7852.85
CUST-ACT-05458,128,128,792,59,61842.25
CUST-ACT-05459,67,67,413,67,56417.33
CUST-ACT-05460,53,53,116,106,45226.49
CUST-ACT-05461,89,89,222,148,11577.92
CUST-ACT-05462,145,145,664,135,13198.12
CUST-ACT-05463,135,135,388,38,33645.42
CUST-ACT-05464,56,56,635,161,14619.01
CUST-ACT-05465,90,90,385,86,55860.8
CUST-ACT-05466,92,92,184,15,19461.35
CUST-ACT-05467,130,130,557,143,31689.52
CUST-ACT-05468,39,39,545,94,39044.13
CUST-ACT-05469,8,8,593,106,55048.25
CUST-ACT-05470,112,112,155,32,54028.76
CUST-ACT-05471,112,112,692,28,68775.09
CUST-ACT-05472,83,83,957,102,69558.21
CUST-ACT-05473,2,2,532,117,8279.33
CUST-ACT-05474,96,96,422,167,42287.8
CUST-ACT-05475,17,17,311,67,22505.51
CUST-ACT-05476,66,66,914,109,42995.96
CUST-ACT-05477,71,71,88,162,4740.56
CUST-ACT-05478,104,104,550,61,72783.22
CUST-ACT-05479,123,123,352,61,36895.39
CUST-ACT-05480,119,119,653,141,73126.44
CUST-ACT-05481,25,25,94,106,72864.62
CUST-ACT-05482,138,138,50,86,51607.41
CUST-ACT-05483,149,149,422,50,46023.04
CUST-ACT-05484,117,117,105,150,64517.4
CUST-ACT-05485,140,140,46,32,13331.17
CUST-ACT-05486,33,33,863,87,65216.42
CUST-ACT-05487,31,31,191,138,3901.57
CUST-ACT-05488,127,127,581,143,71815.56
CUST-ACT-05489,105,105,94,144,36398.74
CUST-ACT-05490,126,126,500,32,43610.77
CUST-ACT-05491,31,31,175,96,587.11
CUST-ACT-05492,64,64,562,54,57084.33
CUST-ACT-05493,149,149,534,73,38024.89
CUST-ACT-05494,43,43,332,84,34052.24
CUST-ACT-05495,115,115,225,39,11258.74
CUST-ACT-05496,84,84,839,135,31823.81
CUST-ACT-05497,108,108,986,3,6163.54
CUST-ACT-05498,67,67,988,62,3883.04
CUST-ACT-05499,91,91,333,66,37762.11
CUST-ACT-05500,16,16,394,179,14466.94
CUST-ACT-05501,138,138,96,103,31330.42
CUST-ACT-05502,68,68,30,69,48067.91
CUST-ACT-05503,122,122,654,5,11070.84
CUST-ACT-05504,2,2,404,139,66919.49
CUST-ACT-05505,36,36,871,85,49169.79
CUST-ACT-05506,35,35,178,114,17489.5
CUST-ACT-05507,79,79,78,53,21598.23
CUST-ACT-05508,25,25,200,166,33645.3
CUST-ACT-05509,39,39,917,97,16129.28
CUST-ACT-05510,122,122,256,20,23095.26
CUST-ACT-05511,98,98,968,167,5907.9
CUST-ACT-05512,70,70,936,155,50423.04
CUST-ACT-05513,62,62,169,37,60393.4
CUST-ACT-05514,65,65,788,93,65898.5
CUST-ACT-05515,76,76,525,136,28305.66
CUST-ACT-05516,70,70,202,149,40089.0
CUST-ACT-05517,62,62,485,24,70871.23
CUST-ACT-05518,56,56,497,114,20095.43
CUST-ACT-05519,87,87,983,100,54177.48
CUST-ACT-05520,120,120,452,127,26334.04
CUST-ACT-05521,127,127,736,18,21820.36
CUST-ACT-05522,35,35,868,48,54374.8
CUST-ACT-05523,72,72,404,175,54646.0
CUST-ACT-05524,146,146,310,22,20619.38
CUST-ACT-05525,31,31,435,127,39080.35
CUST-ACT-05526,124,124,403,179,72057.4
CUST-ACT-05527,122,122,416,93,52151.95
CUST-ACT-05528,92,92,41,97,43773.0
CUST-ACT-05529,13,13,523,119,71765.15
CUST-ACT-05530,51,51,199,166,53355.23
CUST-ACT-05531,52,52,385,41,70356.25
CUST-ACT-05532,124,124,839,87,39231.31
CUST-ACT-05533,143,143,599,135,52507.54
CUST-ACT-05534,33,33,49,114,73336.17
CUST-ACT-05535,84,84,934,39,27027.67
CUST-ACT-05536,6,6,759,12,26648.69
CUST-ACT-05537,63,63,575,23,27984.47
CUST-ACT-05538,7,7,523,32,63171.15
CUST-ACT-05539,4,4,255,68,26286.99
CUST-ACT-05540,68,68,735,159,40272.72
CUST-ACT-05541,126,126,170,70,29397.19
CUST-ACT-05542,46,46,185,151,15263.15
CUST-ACT-05543,11,11,163,14,21380.16
CUST-ACT-05544,42,42,699,5,21864.38
CUST-ACT-05545,46,46,881,145,38522.38
CUST-ACT-05546,6,6,501,124,2409.53
CUST-ACT-05547,73,73,694,33,20261.8
CUST-ACT-05548,78,78,876,46,23649.62
CUST-ACT-05549,70,70,702,61,8191.04
CUST-ACT-05550,88,88,508,106,33047.91
CUST-ACT-05551,3,3,933,85,44507.49
CUST-ACT-05552,11,11,635,29,7770.89
CUST-ACT-05553,41,41,124,170,55576.14
CUST-ACT-05554,8,8,76,108,23893.71
CUST-ACT-05555,79,79,796,97,56851.94
CUST-ACT-05556,81,81,298,5,10326.22
CUST-ACT-05557,66,66,779,17,26149.02
CUST-ACT-05558,144,144,771,43,18746.91
CUST-ACT-05559,86,86,356,109,70308.44
CUST-ACT-05560,8,8,675,173,35511.95
CUST-ACT-05561,120,120,370,137,13918.35
CUST-ACT-05562,16,16,505,170,59184.79
CUST-ACT-05563,85,85,790,63,67056.79
CUST-ACT-05564,4,4,297,35,59443.22
CUST-ACT-05565,149,149,992,29,12414.11
CUST-ACT-05566,76,76,978,9,34717.77
CUST-ACT-05567,107,107,325,29,64691.14
CUST-ACT-05568,76,76,678,175,48268.84
CUST-ACT-05569,91,91,710,127,41911.66
CUST-ACT-05570,91,91,57,30,4007.82
CUST-ACT-05571,75,75,819,177,2929.93
CUST-ACT-05572,97,97,475,163,21716.59
CUST-ACT-05573,136,136,533,73,44699.89
CUST-ACT-05574,115,115,851,169,24625.22
CUST-ACT-05575,111,111,559,86,33373.79
CUST-ACT-05576,100,100,143,157,57224.47
CUST-ACT-05577,135,135,469,42,57806.97
CUST-ACT-05578,56,56,235,137,67906.44
CUST-ACT-05579,130,130,134,46,19026.38
CUST-ACT-05580,106,106,935,24,6415.19
CUST-ACT-05581,146,146,654,131,34528.31
CUST-ACT-05582,16,16,867,93,3549.13
CUST-ACT-05583,105,105,113,150,63577.06
CUST-ACT-05584,5,5,362,120,13373.49
CUST-ACT-05585,81,81,76,86,7302.62
CUST-ACT-05586,96,96,425,111,46277.32
CUST-ACT-05587,136,136,744,4,54133.83
CUST-ACT-05588,122,122,200,3,36627.26
CUST-ACT-05589,108,108,179,121,27747.34
CUST-ACT-05590,115,115,208,147,29534.64
CUST-ACT-05591,55,55,698,178,30808.86
CUST-ACT-05592,38,38,727,155,59408.56
CUST-ACT-05593,130,130,563,47,22360.28
CUST-ACT-05594,57,57,400,149,56168.65
CUST-ACT-05595,29,29,945,178,71165.54
CUST-ACT-05596,35,35,528,97,68701.76
CUST-ACT-05597,141,141,914,173,55110.44
CUST-ACT-05598,91,91,615,132,62207.78
CUST-ACT-05599,141,141,765,52,17170.34
CUST-ACT-05600,36,36,515,34,46299.31
CUST-ACT-05601,56,56,328,148,67813.29
CUST-ACT-05602,55,55,138,10,43783.72
CUST-ACT-05603,32,32,756,13,56118.59
CUST-ACT-05604,4,4,72,25,16939.19
CUST-ACT-05605,89,89,922,97,73213.95
CUST-ACT-05606,44,44,400,28,67204.02
CUST-ACT-05607,48,48,574,39,13403.18
CUST-ACT-05608,19,19,675,53,16230.44
CUST-ACT-05609,39,39,915,169,29273.83
CUST-ACT-05610,56,56,362,156,50946.29
CUST-ACT-05611,27,27,987,129,10462.9
CUST-ACT-05612,22,22,452,179,66964.32
CUST-ACT-05613,120,120,161,58,63871.98
CUST-ACT-05614,121,121,762,63,54179.76
CUST-ACT-05615,146,146,875,149,44376.95
CUST-ACT-05616,148,148,973,166,26825.73
CUST-ACT-05617,114,114,817,127,71750.5
CUST-ACT-05618,124,124,500,16,44104.16
CUST-ACT-05619,104,104,431,76,6123.52
CUST-ACT-05620,56,56,107,5,2974.35
CUST-ACT-05621,117,117,881,23,4436.05
CUST-ACT-05622,49,49,88,53,24415.64
CUST-ACT-05623,28,28,610,29,37804.04
CUST-ACT-05624,38,38,572,130,52750.48
CUST-ACT-05625,38,38,986,71,6697.02
CUST-ACT-05626,146,146,684,21,29287.12
CUST-ACT-05627,60,60,806,65,72481.96
CUST-ACT-05628,51,51,381,151,24611.99
CUST-ACT-05629,123,123,297,136,51812.12
CUST-ACT-05630,64,64,987,137,72140.5
CUST-ACT-05631,59,59,604,13,52348.36
CUST-ACT-05632,129,129,785,21,8095.71
CUST-ACT-05633,54,54,896,135,14258.76
CUST-ACT-05634,115,115,750,76,60675.62
CUST-ACT-05635,57,57,863,140,74311.14
CUST-ACT-05636,57,57,569,87,50506.92
CUST-ACT-05637,108,108,848,88,16016.31
CUST-ACT-05638,56,56,876,68,7076.23
CUST-ACT-05639,109,109,156,119,37074.92
CUST-ACT-05640,7,7,716,67,58858.27
CUST-ACT-05641,24,24,370,174,26039.34
CUST-ACT-05642,35,35,510,31,2926.33
CUST-ACT-05643,70,70,659,87,57711.85
CUST-ACT-05644,74,74,190,70,35499.53
CUST-ACT-05645,135,135,104,26,30954.04
CUST-ACT-05646,54,54,957,133,6178.74
CUST-ACT-05647,109,109,106,139,38360.59
CUST-ACT-05648,10,10,701,98,34376.35
CUST-ACT-05649,75,75,739,82,6572.13
CUST-ACT-05650,123,123,842,138,49056.45
CUST-ACT-05651,125,125,238,93,48593.78
CUST-ACT-05652,125,125,620,170,63551.35
CUST-ACT-05653,22,22,742,60,66709.33
CUST-ACT-05654,141,141,36,38,59161.53
CUST-ACT-05655,89,89,628,19,56859.68
CUST-ACT-05656,133,133,927,161,43459.84
CUST-ACT-05657,62,62,430,30,29227.33
CUST-ACT-05658,144,144,925,49,74467.35
CUST-ACT-05659,18,18,229,144,38627.56
CUST-ACT-05660,25,25,225,144,46738.8
CUST-ACT-05661,54,54,875,159,42589.6
CUST-ACT-05662,58,58,826,14,54224.25
CUST-ACT-05663,75,75,927,46,28779.07
CUST-ACT-05664,60,60,356,126,31507.52
CUST-ACT-05665,68,68,968,34,73685.99
CUST-ACT-05666,27,27,940,111,52996.42
CUST-ACT-05667,63,63,319,10,64130.08
CUST-ACT-05668,57,57,891,9,74608.52
CUST-ACT-05669,122,122,792,10,3019.53
CUST-ACT-05670,11,11,997,171,11023.13
CUST-ACT-05671,33,33,546,6,26248.31
CUST-ACT-05672,117,117,133,83,33920.72
CUST-ACT-05673,45,45,204,77,66157.35
CUST-ACT-05674,144,144,140,146,7635.87
CUST-ACT-05675,56,56,662,146,16674.51
CUST-ACT-05676,76,76,303,150,509.56
CUST-ACT-05677,63,63,353,21,64711.91
CUST-ACT-05678,106,106,557,11,1986.32
CUST-ACT-05679,88,88,642,34,9330.28
CUST-ACT-05680,53,53,625,159,13992.09
CUST-ACT-05681,42,42,964,13,51730.0
CUST-ACT-05682,51,51,730,54,40632.56
CUST-ACT-05683,123,123,635,93,31093.33
CUST-ACT-05684,14,14,199,114,38318.2
CUST-ACT-05685,12,12,689,130,72096.77
CUST-ACT-05686,31,31,240,117,16611.98
CUST-ACT-05687,142,142,576,35,5868.5
CUST-ACT-05688,112,112,295,117,2160.24
CUST-ACT-05689,37,37,819,67,4391.85
CUST-ACT-05690,25,25,712,105,22988.96
CUST-ACT-05691,143,143,681,22,23070.33
CUST-ACT-05692,25,25,163,82,12044.61
CUST-ACT-05693,109,109,905,29,66257.15
CUST-ACT-05694,3,3,447,178,29815.1
CUST-ACT-05695,125,125,819,14,22460.66
CUST-ACT-05696,55,55,436,54,72774.18
CUST-ACT-05697,36,36,67,169,61737.17
CUST-ACT-05698,67,67,783,143,10360.73
CUST-ACT-05699,128,128,408,73,30542.55
CUST-ACT-05700,126,126,949,165,6063.78
CUST-ACT-05701,147,147,389,91,4858.88
CUST-ACT-05702,104,104,496,163,45460.27
CUST-ACT-05703,23,23,113,47,8954.71
CUST-ACT-05704,136,136,151,97,22766.21
CUST-ACT-05705,135,135,517,61,73274.83
CUST-ACT-05706,72,72,315,151,67886.77
CUST-ACT-05707,47,47,506,79,57818.36
CUST-ACT-05708,85,85,309,84,73036.69
CUST-ACT-05709,73,73,134,39,49113.34
CUST-ACT-05710,53,53,140,141,34591.82
CUST-ACT-05711,63,63,323,61,47510.99
CUST-ACT-05712,128,128,220,178,38455.71
CUST-ACT-05713,74,74,732,94,57290.89
CUST-ACT-05714,25,25,53,158,70027.49
CUST-ACT-05715,102,102,75,4,15020.57
CUST-ACT-05716,33,33,432,77,29931.49
CUST-ACT-05717,119,119,637,129,69768.82
CUST-ACT-05718,137,137,510,69,33018.13
CUST-ACT-05719,125,125,740,144,71205.53
CUST-ACT-05720,95,95,610,160,38323.63
CUST-ACT-05721,6,6,120,8,58623.61
CUST-ACT-05722,11,11,910,129,23299.42
CUST-ACT-05723,58,58,480,167,52825.68
CUST-ACT-05724,29,29,819,54,73540.73
CUST-ACT-05725,115,115,204,98,41908.13
CUST-ACT-05726,101,101,119,135,44490.37
CUST-ACT-05727,116,116,904,172,3704.97
CUST-ACT-05728,47,47,405,160,44285.68
CUST-ACT-05729,76,76,496,102,3961.1
CUST-ACT-05730,141,141,472,46,8345.19
CUST-ACT-05731,129,129,331,137,44039.67
CUST-ACT-05732,6,6,717,31,33799.87
CUST-ACT-05733,32,32,61,65,19377.02
CUST-ACT-05734,90,90,150,84,26328.81
CUST-ACT-05735,92,92,739,167,68052.83
CUST-ACT-05736,30,30,728,153,24086.09
CUST-ACT-05737,48,48,550,164,22113.95
CUST-ACT-05738,42,42,56,160,46884.78
CUST-ACT-05739,78,78,188,139,35050.03
CUST-ACT-05740,19,19,993,85,69207.57
CUST-ACT-05741,45,45,676,104,2624.35
CUST-ACT-05742,44,44,267,167,43473.71
CUST-ACT-05743,32,32,523,154,25465.98
CUST-ACT-05744,41,41,277,162,64014.8
CUST-ACT-05745,114,114,142,142,26789.0
CUST-ACT-05746,100,100,825,135,16039.83
CUST-ACT-05747,144,144,935,137,6268.8
CUST-ACT-05748,64,64,444,36,47542.28
CUST-ACT-05749,127,127,331,110,3259.94
CUST-ACT-05750,85,85,685,67,57408.41
CUST-ACT-05751,13,13,295,110,27919.05
CUST-ACT-05752,19,19,488,154,37339.29
CUST-ACT-05753,5,5,807,122,64878.61
CUST-ACT-05754,149,149,711,7,35518.41
CUST-ACT-05755,1,1,945,103,23572.42
CUST-ACT-05756,57,57,521,178,74822.06
CUST-ACT-05757,59,59,408,87,70290.71
CUST-ACT-05758,111,111,113,139,50359.03
CUST-ACT-05759,148,148,549,30,2495.43
CUST-ACT-05760,117,117,829,84,44147.02
CUST-ACT-05761,3,3,654,155,10351.21
CUST-ACT-05762,25,25,42,53,58102.14
CUST-ACT-05763,81,81,720,70,3935.73
CUST-ACT-05764,91,91,39,168,17784.68
CUST-ACT-05765,16,16,405,94,71120.97
CUST-ACT-05766,58,58,319,28,63970.53
CUST-ACT-05767,34,34,960,128,40257.95
CUST-ACT-05768,99,99,567,114,21462.52
CUST-ACT-05769,50,50,310,176,18688.93
CUST-ACT-05770,135,135,536,176,39780.86
CUST-ACT-05771,142,142,705,119,55559.29
CUST-ACT-05772,35,35,662,154,33350.86
CUST-ACT-05773,104,104,769,79,13830.59
CUST-ACT-05774,104,104,300,122,4896.76
CUST-ACT-05775,133,133,180,136,56615.76
CUST-ACT-05776,94,94,819,77,40730.49
CUST-ACT-05777,9,9,439,139,52960.5
CUST-ACT-05778,145,145,331,129,30526.13
CUST-ACT-05779,146,146,886,166,11585.35
CUST-ACT-05780,111,111,574,144,23092.61
CUST-ACT-05781,135,135,392,140,61862.84
CUST-ACT-05782,123,123,821,139,60795.1
CUST-ACT-05783,8,8,205,114,27496.68
CUST-ACT-05784,9,9,283,115,41643.11
CUST-ACT-05785,116,116,222,173,21139.39
CUST-ACT-05786,96,96,460,134,27877.56
CUST-ACT-05787,27,27,604,146,74777.12
CUST-ACT-05788,118,118,326,79,63289.68
CUST-ACT-05789,78,78,376,169,11269.27
CUST-ACT-05790,116,116,510,48,45415.52
CUST-ACT-05791,22,22,980,118,18766.67
CUST-ACT-05792,51,51,292,168,59692.05
CUST-ACT-05793,94,94,551,20,20089.56
CUST-ACT-05794,21,21,590,55,33495.7
CUST-ACT-05795,68,68,863,153,4197.55
CUST-ACT-05796,142,142,657,115,6077.25
CUST-ACT-05797,87,87,563,80,66611.63
CUST-ACT-05798,32,32,690,122,38100.17
CUST-ACT-05799,92,92,767,27,46781.09
CUST-ACT-05800,97,97,708,87,46894.2
CUST-ACT-05801,78,78,630,68,10421.73
CUST-ACT-05802,144,144,163,103,71109.0
CUST-ACT-05803,71,71,622,159,51633.0
CUST-ACT-05804,31,31,515,153,32185.67
CUST-ACT-05805,2,2,200,56,23945.79
CUST-ACT-05806,126,126,302,82,74945.62
CUST-ACT-05807,64,64,650,88,14909.94
CUST-ACT-05808,84,84,967,133,2957.54
CUST-ACT-05809,50,50,414,91,39005.31
CUST-ACT-05810,85,85,641,169,32969.92
CUST-ACT-05811,52,52,697,88,36007.33
CUST-ACT-05812,8,8,305,148,58397.18
CUST-ACT-05813,31,31,204,126,31307.99
CUST-ACT-05814,81,81,579,158,53372.73
CUST-ACT-05815,113,113,36,36,4889.91
CUST-ACT-05816,12,12,298,29,18033.13
CUST-ACT-05817,122,122,721,126,65217.56
CUST-ACT-05818,32,32,530,162,21020.39
CUST-ACT-05819,59,59,380,156,21476.16
CUST-ACT-05820,109,109,162,96,17010.54
CUST-ACT-05821,86,86,241,174,51747.79
CUST-ACT-05822,100,100,830,111,58482.88
CUST-ACT-05823,58,58,513,139,67800.54
CUST-ACT-05824,92,92,855,59,56596.6
CUST-ACT-05825,23,23,570,92,68428.6
CUST-ACT-05826,20,20,364,7,47882.12
CUST-ACT-05827,117,117,817,47,36014.56
CUST-ACT-05828,102,102,568,74,56621.17
CUST-ACT-05829,109,109,186,107,30211.16
CUST-ACT-05830,145,145,953,120,47552.08
CUST-ACT-05831,95,95,149,98,25707.69
CUST-ACT-05832,135,135,772,27,5191.13
CUST-ACT-05833,81,81,786,48,40269.3
CUST-ACT-05834,64,64,526,122,15813.11
CUST-ACT-05835,147,147,684,133,60137.12
CUST-ACT-05836,16,16,709,168,20025.55
CUST-ACT-05837,113,113,932,15,20725.19
CUST-ACT-05838,19,19,402,114,4830.14
CUST-ACT-05839,9,9,649,118,68301.85
CUST-ACT-05840,71,71,851,59,42916.48
CUST-ACT-05841,40,40,614,65,15867.78
CUST-ACT-05842,40,40,918,114,56587.08
CUST-ACT-05843,54,54,344,60,40482.73
CUST-ACT-05844,132,132,165,129,50967.3
CUST-ACT-05845,24,24,647,163,11595.28
CUST-ACT-05846,64,64,687,141,40181.02
CUST-ACT-05847,70,70,143,119,57717.23
CUST-ACT-05848,42,42,126,32,11586.03
CUST-ACT-05849,96,96,433,18,48661.37
CUST-ACT-05850,132,132,368,149,40891.97
CUST-ACT-05851,110,110,772,92,30433.07
CUST-ACT-05852,51,51,91,38,52339.27
CUST-ACT-05853,81,81,516,48,21672.93
CUST-ACT-05854,86,86,213,66,67614.26
CUST-ACT-05855,63,63,452,118,55948.34
CUST-ACT-05856,91,91,35,108,74336.99
CUST-ACT-05857,2,2,434,168,74551.66
CUST-ACT-05858,71,71,614,161,68245.64
CUST-ACT-05859,141,141,170,170,42960.79
CUST-ACT-05860,133,133,184,78,57804.36
CUST-ACT-05861,127,127,815,166,18316.24
CUST-ACT-05862,7,7,283,37,41428.02
CUST-ACT-05863,130,130,506,47,11008.01
CUST-ACT-05864,65,65,204,107,35897.49
CUST-ACT-05865,72,72,112,70,5323.74
CUST-ACT-05866,90,90,891,141,8203.08
CUST-ACT-05867,134,134,729,34,30240.32
CUST-ACT-05868,147,147,333,138,51397.34
CUST-ACT-05869,31,31,695,12,53977.28
CUST-ACT-05870,141,141,577,174,69980.73
CUST-ACT-05871,68,68,536,164,34799.15
CUST-ACT-05872,63,63,469,54,25828.47
CUST-ACT-05873,137,137,614,120,71181.79
CUST-ACT-05874,123,123,886,79,19172.34
CUST-ACT-05875,86,86,401,97,20876.78
CUST-ACT-05876,37,37,535,69,16473.37
CUST-ACT-05877,79,79,523,159,51765.28
CUST-ACT-05878,15,15,215,163,55895.19
CUST-ACT-05879,33,33,196,7,39319.63
CUST-ACT-05880,128,128,378,95,50365.41
CUST-ACT-05881,109,109,846,140,55571.79
CUST-ACT-05882,7,7,66,98,44008.07
CUST-ACT-05883,142,142,971,73,4906.92
CUST-ACT-05884,84,84,845,97,69526.29
CUST-ACT-05885,36,36,937,164,54097.0
CUST-ACT-05886,36,36,112,106,47178.11
CUST-ACT-05887,78,78,233,112,942.35
CUST-ACT-05888,7,7,277,136,74845.64
CUST-ACT-05889,111,111,546,92,23148.34
CUST-ACT-05890,143,143,360,176,34916.0
CUST-ACT-05891,58,58,228,37,74296.41
CUST-ACT-05892,123,123,853,36,59430.14
CUST-ACT-05893,149,149,597,100,17807.39
CUST-ACT-05894,20,20,67,167,33891.04
CUST-ACT-05895,65,65,952,9,37549.62
CUST-ACT-05896,86,86,235,16,64433.9
CUST-ACT-05897,128,128,916,69,68708.45
CUST-ACT-05898,70,70,33,12,30441.26
CUST-ACT-05899,102,102,271,49,14520.67
CUST-ACT-05900,59,59,874,72,13526.9
CUST-ACT-05901,53,53,77,126,33196.35
CUST-ACT-05902,141,141,883,59,53410.11
CUST-ACT-05903,78,78,479,80,17187.55
CUST-ACT-05904,17,17,876,142,31731.64
CUST-ACT-05905,50,50,628,106,59661.07
CUST-ACT-05906,39,39,399,70,51054.34
CUST-ACT-05907,30,30,663,39,59264.2
CUST-ACT-05908,141,141,66,69,19529.73
CUST-ACT-05909,5,5,347,61,31651.77
CUST-ACT-05910,53,53,430,55,50892.11
CUST-ACT-05911,13,13,554,79,49061.3
CUST-ACT-05912,80,80,615,52,46044.58
CUST-ACT-05913,97,97,173,82,27127.68
CUST-ACT-05914,44,44,458,172,31022.13
CUST-ACT-05915,41,41,132,165,2449.86
CUST-ACT-05916,130,130,637,14,42543.98
CUST-ACT-05917,54,54,845,41,19872.92
CUST-ACT-05918,11,11,608,102,43719.48
CUST-ACT-05919,128,128,212,34,14141.88
CUST-ACT-05920,98,98,729,6,48651.29
CUST-ACT-05921,37,37,39,19,7992.67
CUST-ACT-05922,38,38,709,48,24828.68
CUST-ACT-05923,5,5,329,15,69819.38
CUST-ACT-05924,52,52,935,133,36459.01
CUST-ACT-05925,17,17,569,149,3947.47
CUST-ACT-05926,108,108,114,17,55075.54
CUST-ACT-05927,93,93,256,13,1570.04
CUST-ACT-05928,51,51,339,93,6125.84
CUST-ACT-05929,56,56,539,42,37375.28
CUST-ACT-05930,40,40,105,17,19289.92
CUST-ACT-05931,54,54,276,11,70065.64
CUST-ACT-05932,93,93,270,85,27825.7
CUST-ACT-05933,113,113,172,37,53994.08
CUST-ACT-05934,117,117,445,97,59225.15
CUST-ACT-05935,118,118,119,138,48505.26
CUST-ACT-05936,136,136,401,160,33442.48
CUST-ACT-05937,119,119,481,93,11029.47
CUST-ACT-05938,127,127,744,100,11406.39
CUST-ACT-05939,101,101,720,61,21147.98
CUST-ACT-05940,106,106,944,132,22013.57
CUST-ACT-05941,50,50,632,127,5225.21
CUST-ACT-05942,83,83,145,146,46270.14
CUST-ACT-05943,14,14,953,137,10986.9
CUST-ACT-05944,143,143,963,156,28454.97
CUST-ACT-05945,75,75,61,28,31673.28
CUST-ACT-05946,107,107,216,11,50518.35
CUST-ACT-05947,41,41,729,149,10145.52
CUST-ACT-05948,82,82,937,171,24821.32
CUST-ACT-05949,12,12,952,89,50805.41
CUST-ACT-05950,53,53,674,118,66677.95
CUST-ACT-05951,53,53,871,96,43580.83
CUST-ACT-05952,139,139,707,110,38452.22
CUST-ACT-05953,93,93,836,128,3232.25
CUST-ACT-05954,68,68,209,102,31950.15
CUST-ACT-05955,45,45,443,135,59868.15
CUST-ACT-05956,55,55,111,124,51015.96
CUST-ACT-05957,81,81,332,18,44495.76
CUST-ACT-05958,64,64,537,139,66625.11
CUST-ACT-05959,48,48,776,170,20300.51
CUST-ACT-05960,48,48,753,178,35214.45
CUST-ACT-05961,111,111,435,11,16027.84
CUST-ACT-05962,141,141,858,132,60352.9
CUST-ACT-05963,124,124,145,32,60294.66
CUST-ACT-05964,133,133,693,143,46325.24
CUST-ACT-05965,21,21,442,71,15194.39
CUST-ACT-05966,147,147,94,150,11245.1
CUST-ACT-05967,97,97,340,93,19903.64
CUST-ACT-05968,97,97,547,156,22986.53
CUST-ACT-05969,106,106,365,63,41145.03
CUST-ACT-05970,89,89,478,93,44921.99
CUST-ACT-05971,87,87,467,75,43847.17
CUST-ACT-05972,117,117,207,26,14052.63
CUST-ACT-05973,121,121,346,154,13535.76
CUST-ACT-05974,27,27,985,125,26325.88
CUST-ACT-05975,140,140,344,140,40968.38
CUST-ACT-05976,96,96,759,69,28444.35
CUST-ACT-05977,133,133,841,36,69580.63
CUST-ACT-05978,33,33,512,109,43321.54
CUST-ACT-05979,125,125,696,65,27787.46
CUST-ACT-05980,82,82,387,96,2819.42
CUST-ACT-05981,114,114,98,111,43245.77
CUST-ACT-05982,138,138,312,83,1586.18
CUST-ACT-05983,66,66,720,85,57869.02
CUST-ACT-05984,75,75,392,27,65233.25
CUST-ACT-05985,54,54,562,43,23844.05
CUST-ACT-05986,43,43,626,116,56100.06
CUST-ACT-05987,21,21,317,98,28956.86
CUST-ACT-05988,33,33,256,81,5019.55
CUST-ACT-05989,36,36,710,61,33083.01
CUST-ACT-05990,133,133,183,13,7208.57
CUST-ACT-05991,103,103,868,133,9103.22
CUST-ACT-05992,85,85,914,126,29492.11
CUST-ACT-05993,87,87,795,148,69606.83
CUST-ACT-05994,147,147,504,5,64300.04
CUST-ACT-05995,120,120,832,91,19102.26
CUST-ACT-05996,18,18,575,19,41116.82
CUST-ACT-05997,40,40,982,112,30997.29
CUST-ACT-05998,123,123,280,54,30606.23
CUST-ACT-05999,138,138,997,49,7732.44
CUST-ACT-06000,48,48,307,66,54757.81
CUST-ACT-06001,24,24,987,88,54337.42
CUST-ACT-06002,140,140,660,34,1236.37
CUST-ACT-06003,135,135,227,46,27167.79
CUST-ACT-06004,144,144,770,177,10712.9
CUST-ACT-06005,9,9,944,28,37205.36
CUST-ACT-06006,51,51,47,100,32690.16
CUST-ACT-06007,13,13,993,41,17460.96
CUST-ACT-06008,79,79,116,104,50897.92
CUST-ACT-06009,85,85,262,169,18113.79
CUST-ACT-06010,27,27,438,14,23618.15
CUST-ACT-06011,55,55,590,124,17483.8
CUST-ACT-06012,39,39,596,49,9021.77
CUST-ACT-06013,22,22,874,44,9759.97
CUST-ACT-06014,40,40,988,75,48317.87
CUST-ACT-06015,128,128,233,7,28263.7
CUST-ACT-06016,86,86,646,142,60290.62
CUST-ACT-06017,126,126,62,71,62841.74
CUST-ACT-06018,111,111,793,35,12480.56
CUST-ACT-06019,112,112,207,172,15054.78
CUST-ACT-06020,139,139,915,121,26513.36
CUST-ACT-06021,128,128,723,144,39754.61
CUST-ACT-06022,135,135,966,116,32588.3
CUST-ACT-06023,148,148,571,116,5382.74
CUST-ACT-06024,73,73,195,65,856.0
CUST-ACT-06025,119,119,576,94,67254.41
CUST-ACT-06026,11,11,131,79,61937.0
CUST-ACT-06027,98,98,825,162,44844.4
CUST-ACT-06028,143,143,941,47,6882.44
CUST-ACT-06029,88,88,196,165,28931.83
CUST-ACT-06030,32,32,683,62,34539.33
CUST-ACT-06031,14,14,849,98,46252.16
CUST-ACT-06032,51,51,831,169,34590.63
CUST-ACT-06033,92,92,376,111,37478.91
CUST-ACT-06034,51,51,460,2,3071.33
CUST-ACT-06035,3,3,501,40,11182.0
CUST-ACT-06036,35,35,87,105,13479.31
CUST-ACT-06037,40,40,297,28,54577.46
CUST-ACT-06038,45,45,716,117,28894.38
CUST-ACT-06039,93,93,611,57,61697.84
CUST-ACT-06040,142,142,483,162,63724.92
CUST-ACT-06041,128,128,480,37,35079.75
CUST-ACT-06042,12,12,223,76,1098.69
CUST-ACT-06043,38,38,514,157,74365.1
CUST-ACT-06044,70,70,308,177,69809.75
CUST-ACT-06045,102,102,911,178,61450.72
CUST-ACT-06046,73,73,516,178,32361.72
CUST-ACT-06047,132,132,730,27,70395.34
CUST-ACT-06048,74,74,511,179,45507.05
CUST-ACT-06049,90,90,608,56,13271.46
CUST-ACT-06050,77,77,599,176,66261.97
CUST-ACT-06051,133,133,834,48,15024.9
CUST-ACT-06052,32,32,138,74,26514.37
CUST-ACT-06053,18,18,698,8,6181.31
CUST-ACT-06054,97,97,157,29,21063.58
CUST-ACT-06055,110,110,632,1,1635.05
CUST-ACT-06056,20,20,194,116,33724.78
CUST-ACT-06057,48,48,335,41,47228.74
CUST-ACT-06058,18,18,986,16,71686.45
CUST-ACT-06059,5,5,734,10,51999.49
CUST-ACT-06060,72,72,598,147,48696.68
CUST-ACT-06061,82,82,305,138,30022.45
CUST-ACT-06062,83,83,555,55,15906.85
CUST-ACT-06063,78,78,822,145,19458.01
CUST-ACT-06064,136,136,935,67,997.84
CUST-ACT-06065,23,23,428,70,25584.09
CUST-ACT-06066,130,130,866,99,66817.65
CUST-ACT-06067,139,139,31,139,30491.5
CUST-ACT-06068,1,1,326,25,45176.68
CUST-ACT-06069,102,102,166,19,28761.44
CUST-ACT-06070,53,53,685,39,43132.34
CUST-ACT-06071,80,80,899,3,62766.38
CUST-ACT-06072,48,48,492,122,73554.58
CUST-ACT-06073,38,38,555,119,27547.64
CUST-ACT-06074,110,110,318,148,38786.84
CUST-ACT-06075,83,83,479,178,54500.68
CUST-ACT-06076,22,22,658,51,21762.83
CUST-ACT-06077,107,107,956,34,28282.22
CUST-ACT-06078,144,144,284,25,57728.18
CUST-ACT-06079,14,14,937,168,73784.8
CUST-ACT-06080,103,103,282,71,68356.29
CUST-ACT-06081,1,1,669,93,10237.51
CUST-ACT-06082,58,58,503,29,69270.27
CUST-ACT-06083,146,146,34,115,60367.62
CUST-ACT-06084,73,73,723,43,11037.01
CUST-ACT-06085,27,27,489,117,28629.56
CUST-ACT-06086,142,142,762,130,65743.78
CUST-ACT-06087,90,90,722,8,15588.31
CUST-ACT-06088,127,127,101,52,50129.55
CUST-ACT-06089,61,61,557,150,61669.34
CUST-ACT-06090,54,54,663,69,66964.28
CUST-ACT-06091,131,131,107,78,27545.37
CUST-ACT-06092,8,8,41,109,64587.76
CUST-ACT-06093,120,120,781,35,60024.37
CUST-ACT-06094,113,113,373,142,52813.47
CUST-ACT-06095,35,35,957,79,20370.42
CUST-ACT-06096,56,56,507,59,53189.46
CUST-ACT-06097,5,5,134,110,72073.47
CUST-ACT-06098,103,103,260,133,8773.06
CUST-ACT-06099,86,86,273,7,10011.82
CUST-ACT-06100,21,21,287,19,63223.75
CUST-ACT-06101,103,103,521,105,29919.94
CUST-ACT-06102,89,89,144,71,13888.75
CUST-ACT-06103,23,23,342,121,46197.95
CUST-ACT-06104,100,100,412,18,10174.46
CUST-ACT-06105,32,32,533,154,61902.19
CUST-ACT-06106,149,149,423,151,26209.77
CUST-ACT-06107,65,65,56,18,69853.29
CUST-ACT-06108,5,5,229,30,72224.52
CUST-ACT-06109,61,61,644,75,13800.07
CUST-ACT-06110,124,124,482,112,45359.92
CUST-ACT-06111,102,102,495,72,47823.86
CUST-ACT-06112,13,13,474,16,29109.05
CUST-ACT-06113,21,21,158,133,17512.12
CUST-ACT-06114,51,51,773,69,53482.55
CUST-ACT-06115,27,27,301,171,63142.6
CUST-ACT-06116,96,96,729,113,27598.91
CUST-ACT-06117,29,29,500,143,70059.33
CUST-ACT-06118,146,146,352,31,2026.61
CUST-ACT-06119,14,14,668,137,30311.89
CUST-ACT-06120,49,49,592,7,57437.05
CUST-ACT-06121,31,31,311,8,49911.96
CUST-ACT-06122,138,138,804,45,37403.01
CUST-ACT-06123,29,29,34,140,50742.45
CUST-ACT-06124,119,119,403,7,46647.97
CUST-ACT-06125,48,48,369,85,45766.9
CUST-ACT-06126,56,56,980,95,42131.02
CUST-ACT-06127,66,66,195,64,56669.9
CUST-ACT-06128,40,40,313,163,49151.99
CUST-ACT-06129,58,58,322,99,63812.69
CUST-ACT-06130,126,126,458,122,44938.06
CUST-ACT-06131,122,122,729,95,65084.61
CUST-ACT-06132,39,39,346,174,22107.26
CUST-ACT-06133,139,139,119,76,53737.66
CUST-ACT-06134,75,75,256,19,69158.71
CUST-ACT-06135,37,37,466,166,784.27
CUST-ACT-06136,129,129,732,140,33952.56
CUST-ACT-06137,95,95,966,71,45631.22
CUST-ACT-06138,125,125,544,9,16751.84
CUST-ACT-06139,29,29,828,74,59121.43
CUST-ACT-06140,113,113,293,133,56550.04
CUST-ACT-06141,148,148,629,149,11225.05
CUST-ACT-06142,145,145,139,104,64699.28
CUST-ACT-06143,9,9,486,12,34541.61
CUST-ACT-06144,55,55,875,126,41660.25
CUST-ACT-06145,43,43,184,102,56986.22
CUST-ACT-06146,21,21,276,105,7992.46
CUST-ACT-06147,1,1,970,133,2744.12
CUST-ACT-06148,17,17,147,160,41264.71
CUST-ACT-06149,39,39,914,167,67981.63
CUST-ACT-06150,56,56,810,161,28607.26
CUST-ACT-06151,10,10,433,153,42933.69
CUST-ACT-06152,43,43,88,152,32925.13
CUST-ACT-06153,89,89,917,5,61373.47
CUST-ACT-06154,30,30,246,163,11476.74
CUST-ACT-06155,146,146,618,134,69992.28
CUST-ACT-06156,65,65,287,11,49274.49
CUST-ACT-06157,136,136,430,88,67223.52
CUST-ACT-06158,102,102,145,86,44688.89
CUST-ACT-06159,65,65,146,12,42731.35
CUST-ACT-06160,43,43,340,125,61424.59
CUST-ACT-06161,36,36,234,77,11072.4
CUST-ACT-06162,120,120,284,95,64565.5
CUST-ACT-06163,132,132,859,125,21456.96
CUST-ACT-06164,79,79,136,169,25183.78
CUST-ACT-06165,45,45,187,167,8667.15
CUST-ACT-06166,136,136,549,69,35643.78
CUST-ACT-06167,135,135,622,123,49910.43
CUST-ACT-06168,84,84,724,67,38245.46
CUST-ACT-06169,18,18,177,136,47130.73
CUST-ACT-06170,124,124,512,150,52166.6
CUST-ACT-06171,47,47,244,114,12857.96
CUST-ACT-06172,123,123,622,111,40465.63
CUST-ACT-06173,116,116,289,136,55995.46
CUST-ACT-06174,14,14,655,138,55631.63
CUST-ACT-06175,119,119,993,128,27277.29
CUST-ACT-06176,45,45,643,70,1721.41
CUST-ACT-06177,70,70,305,148,14273.3
CUST-ACT-06178,117,117,959,56,50076.02
CUST-ACT-06179,122,122,59,101,48283.71
CUST-ACT-06180,121,121,122,32,59078.36
CUST-ACT-06181,80,80,389,141,5327.94
CUST-ACT-06182,76,76,151,77,9699.11
CUST-ACT-06183,16,16,83,131,72824.27
CUST-ACT-06184,107,107,88,150,35763.6
CUST-ACT-06185,54,54,170,29,9023.35
CUST-ACT-06186,92,92,970,138,56550.71
CUST-ACT-06187,45,45,754,19,2036.7
CUST-ACT-06188,120,120,885,124,37346.86
CUST-ACT-06189,17,17,462,126,43949.99
CUST-ACT-06190,149,149,660,109,22502.42
CUST-ACT-06191,55,55,811,128,35937.16
CUST-ACT-06192,19,19,585,132,58750.42
CUST-ACT-06193,11,11,185,124,34440.87
CUST-ACT-06194,22,22,105,129,63854.02
CUST-ACT-06195,76,76,353,105,69847.69
CUST-ACT-06196,148,148,955,5,5469.49
CUST-ACT-06197,105,105,33,124,1544.3
CUST-ACT-06198,60,60,634,52,33133.2
CUST-ACT-06199,62,62,865,93,3879.24
CUST-ACT-06200,134,134,478,98,53018.51
CUST-ACT-06201,65,65,591,163,4940.59
CUST-ACT-06202,91,91,640,164,21508.39
CUST-ACT-06203,135,135,731,140,63715.05
CUST-ACT-06204,34,34,900,156,29327.48
CUST-ACT-06205,10,10,71,5,56074.83
CUST-ACT-06206,81,81,270,15,2088.55
CUST-ACT-06207,136,136,396,82,44377.75
CUST-ACT-06208,100,100,548,98,30738.78
CUST-ACT-06209,10,10,273,128,51150.65
CUST-ACT-06210,77,77,952,134,58701.51
CUST-ACT-06211,73,73,688,99,31864.32
CUST-ACT-06212,28,28,764,166,20752.91
CUST-ACT-06213,53,53,647,5,38262.36
CUST-ACT-06214,82,82,569,48,39927.65
CUST-ACT-06215,102,102,768,100,34321.25
CUST-ACT-06216,126,126,575,81,24595.6
CUST-ACT-06217,57,57,786,123,58719.72
CUST-ACT-06218,91,91,718,167,28016.22
CUST-ACT-06219,134,134,865,67,1123.56
CUST-ACT-06220,147,147,572,40,27093.15
CUST-ACT-06221,132,132,905,38,5351.45
CUST-ACT-06222,108,108,56,18,14460.32
CUST-ACT-06223,138,138,499,57,20445.36
CUST-ACT-06224,33,33,358,29,65804.75
CUST-ACT-06225,77,77,799,152,29262.18
CUST-ACT-06226,77,77,88,146,51327.14
CUST-ACT-06227,9,9,949,174,57828.62
CUST-ACT-06228,124,124,786,57,42767.63
CUST-ACT-06229,96,96,79,60,27067.77
CUST-ACT-06230,129,129,83,151,4819.44
CUST-ACT-06231,62,62,580,11,1274.34
CUST-ACT-06232,141,141,632,19,15794.93
CUST-ACT-06233,121,121,348,106,52909.87
CUST-ACT-06234,19,19,569,79,44707.77
CUST-ACT-06235,109,109,989,125,32904.53
CUST-ACT-06236,135,135,970,54,27823.41
CUST-ACT-06237,57,57,933,170,53888.62
CUST-ACT-06238,63,63,749,103,1642.64
CUST-ACT-06239,66,66,348,57,36376.38
CUST-ACT-06240,138,138,190,176,14364.86
CUST-ACT-06241,125,125,958,97,11448.97
CUST-ACT-06242,114,114,208,27,74872.12
CUST-ACT-06243,139,139,345,30,14429.43
CUST-ACT-06244,108,108,456,157,9787.51
CUST-ACT-06245,31,31,72,47,9091.05
CUST-ACT-06246,127,127,767,103,4197.01
CUST-ACT-06247,88,88,116,135,12860.23
CUST-ACT-06248,144,144,435,31,73322.31
CUST-ACT-06249,112,112,959,26,74016.06
CUST-ACT-06250,114,114,444,99,7892.9
CUST-ACT-06251,83,83,180,147,64270.16
CUST-ACT-06252,83,83,502,163,39045.41
CUST-ACT-06253,45,45,944,65,5530.92
CUST-ACT-06254,80,80,385,147,43208.97
CUST-ACT-06255,109,109,943,95,39541.85
CUST-ACT-06256,66,66,549,130,38087.51
CUST-ACT-06257,96,96,590,3,4910.03
CUST-ACT-06258,11,11,431,141,30507.3
CUST-ACT-06259,97,97,776,42,37584.3
CUST-ACT-06260,108,108,686,83,50027.2
CUST-ACT-06261,113,113,135,67,2931.98
CUST-ACT-06262,138,138,573,71,20733.18
CUST-ACT-06263,41,41,753,115,36461.57
CUST-ACT-06264,96,96,623,39,31602.12
CUST-ACT-06265,98,98,673,117,63740.24
CUST-ACT-06266,92,92,760,47,39461.28
CUST-ACT-06267,106,106,232,117,6367.63
CUST-ACT-06268,100,100,305,108,14171.64
CUST-ACT-06269,55,55,734,116,67657.38
CUST-ACT-06270,59,59,638,16,26505.61
CUST-ACT-06271,82,82,206,80,24088.1
CUST-ACT-06272,35,35,152,149,40743.75
CUST-ACT-06273,102,102,356,43,47854.48
CUST-ACT-06274,71,71,462,175,3646.33
CUST-ACT-06275,93,93,563,39,27929.23
CUST-ACT-06276,143,143,684,164,25421.03
CUST-ACT-06277,112,112,402,12,56620.08
CUST-ACT-06278,75,75,50,66,71399.27
CUST-ACT-06279,38,38,467,150,28470.36
CUST-ACT-06280,16,16,656,84,27241.38
CUST-ACT-06281,5,5,92,47,39237.37
CUST-ACT-06282,77,77,163,165,32098.5
CUST-ACT-06283,110,110,495,76,48846.08
CUST-ACT-06284,6,6,945,116,17133.48
CUST-ACT-06285,12,12,448,12,74875.95
CUST-ACT-06286,16,16,77,20,23770.87
CUST-ACT-06287,89,89,482,128,61433.33
CUST-ACT-06288,115,115,624,178,67624.01
CUST-ACT-06289,104,104,996,153,11268.41
CUST-ACT-06290,73,73,207,131,47833.96
CUST-ACT-06291,63,63,206,4,31922.05
CUST-ACT-06292,129,129,945,10,44185.7
CUST-ACT-06293,145,145,119,160,59766.89
CUST-ACT-06294,113,113,519,20,47063.85
CUST-ACT-06295,51,51,560,91,662.27
CUST-ACT-06296,35,35,955,58,23453.46
CUST-ACT-06297,76,76,280,121,13063.17
CUST-ACT-06298,125,125,75,154,17047.11
CUST-ACT-06299,74,74,442,83,2841.13
CUST-ACT-06300,34,34,923,3,74999.11
CUST-ACT-06301,63,63,852,100,7677.3
CUST-ACT-06302,134,134,608,45,64898.13
CUST-ACT-06303,4,4,625,33,68571.46
CUST-ACT-06304,47,47,771,2,16844.63
CUST-ACT-06305,70,70,586,171,14213.95
CUST-ACT-06306,63,63,51,11,33122.65
CUST-ACT-06307,29,29,483,20,6385.93
CUST-ACT-06308,95,95,165,98,63711.96
CUST-ACT-06309,70,70,270,45,3662.92
CUST-ACT-06310,120,120,930,125,29497.16
CUST-ACT-06311,120,120,379,37,55512.29
CUST-ACT-06312,107,107,389,4,57472.19
CUST-ACT-06313,93,93,548,78,24891.78
CUST-ACT-06314,42,42,753,142,3171.38
CUST-ACT-06315,19,19,324,172,69308.02
CUST-ACT-06316,138,138,213,63,63384.96
CUST-ACT-06317,135,135,750,10,38184.93
CUST-ACT-06318,149,149,290,10,36222.34
CUST-ACT-06319,77,77,518,124,53679.88
CUST-ACT-06320,84,84,944,13,68205.92
CUST-ACT-06321,122,122,472,17,34071.25
CUST-ACT-06322,110,110,958,100,44296.76
CUST-ACT-06323,119,119,446,7,34636.55
CUST-ACT-06324,89,89,79,152,23886.91
CUST-ACT-06325,72,72,763,101,27245.53
CUST-ACT-06326,81,81,749,10,36075.07
CUST-ACT-06327,6,6,285,139,66680.99
CUST-ACT-06328,123,123,533,24,618.92
CUST-ACT-06329,102,102,769,35,46440.78
CUST-ACT-06330,34,34,956,169,74651.69
CUST-ACT-06331,114,114,664,55,1268.28
CUST-ACT-06332,73,73,395,142,5500.23
CUST-ACT-06333,145,145,287,142,34314.84
CUST-ACT-06334,34,34,303,75,35419.72
CUST-ACT-06335,55,55,769,141,10269.63
CUST-ACT-06336,20,20,590,129,1239.64
CUST-ACT-06337,88,88,882,144,21915.04
CUST-ACT-06338,147,147,654,159,54155.24
CUST-ACT-06339,55,55,608,130,19546.69
CUST-ACT-06340,61,61,163,105,34359.55
CUST-ACT-06341,95,95,51,176,21613.3
CUST-ACT-06342,130,130,403,111,25519.83
CUST-ACT-06343,129,129,91,122,43139.29
CUST-ACT-06344,118,118,704,69,45977.57
CUST-ACT-06345,37,37,728,113,572.73
CUST-ACT-06346,52,52,831,134,69708.92
CUST-ACT-06347,31,31,963,3,66736.83
CUST-ACT-06348,116,116,310,66,61282.96
CUST-ACT-06349,73,73,617,71,72931.85
CUST-ACT-06350,83,83,960,137,26476.07
CUST-ACT-06351,21,21,946,66,20194.29
CUST-ACT-06352,120,120,534,170,24790.55
CUST-ACT-06353,130,130,182,26,52951.25
CUST-ACT-06354,39,39,957,23,10512.91
CUST-ACT-06355,33,33,859,141,37681.41
CUST-ACT-06356,100,100,413,35,9195.88
CUST-ACT-06357,8,8,793,82,13267.77
CUST-ACT-06358,91,91,989,120,726.49
CUST-ACT-06359,149,149,953,77,23407.22
CUST-ACT-06360,20,20,964,151,12342.2
CUST-ACT-06361,42,42,65,152,10600.65
CUST-ACT-06362,51,51,752,48,23632.61
CUST-ACT-06363,114,114,344,168,73725.59
CUST-ACT-06364,88,88,560,16,41494.59
CUST-ACT-06365,125,125,481,83,11009.4
CUST-ACT-06366,71,71,276,127,12144.62
CUST-ACT-06367,13,13,609,145,63688.03
CUST-ACT-06368,47,47,524,41,28501.41
CUST-ACT-06369,71,71,690,114,52518.92
CUST-ACT-06370,39,39,61,18,15253.71
CUST-ACT-06371,50,50,771,88,46608.47
CUST-ACT-06372,82,82,740,126,7191.01
CUST-ACT-06373,88,88,992,5,57083.33
CUST-ACT-06374,61,61,129,19,55843.03
CUST-ACT-06375,89,89,456,137,50995.42
CUST-ACT-06376,53,53,434,59,32933.14
CUST-ACT-06377,127,127,56,32,44976.29
CUST-ACT-06378,14,14,964,6,24333.24
CUST-ACT-06379,70,70,912,76,31709.67
CUST-ACT-06380,47,47,441,58,56867.85
CUST-ACT-06381,139,139,519,13,46766.32
CUST-ACT-06382,83,83,82,71,31648.84
CUST-ACT-06383,126,126,454,60,30654.14
CUST-ACT-06384,81,81,948,62,46679.5
CUST-ACT-06385,108,108,418,157,45173.35
CUST-ACT-06386,127,127,371,19,12953.26
CUST-ACT-06387,58,58,736,163,56823.7
CUST-ACT-06388,55,55,302,125,32352.84
CUST-ACT-06389,78,78,683,160,32084.15
CUST-ACT-06390,20,20,799,49,25763.86
CUST-ACT-06391,28,28,344,63,26295.65
CUST-ACT-06392,71,71,559,147,24537.77
CUST-ACT-06393,100,100,643,55,36333.13
CUST-ACT-06394,140,140,299,100,24123.9
CUST-ACT-06395,61,61,261,35,62016.61
CUST-ACT-06396,137,137,950,52,65284.7
CUST-ACT-06397,99,99,779,109,50149.75
CUST-ACT-06398,103,103,330,117,54023.65
CUST-ACT-06399,123,123,670,101,34708.23
CUST-ACT-06400,11,11,682,100,16532.31
CUST-ACT-06401,15,15,327,75,6356.06
CUST-ACT-06402,70,70,343,155,45638.34
CUST-ACT-06403,106,106,771,127,5577.66
CUST-ACT-06404,144,144,949,71,35675.57
CUST-ACT-06405,145,145,278,75,60447.67
CUST-ACT-06406,133,133,832,70,1032.29
CUST-ACT-06407,106,106,611,118,74795.36
CUST-ACT-06408,149,149,714,166,18512.88
CUST-ACT-06409,74,74,133,73,43498.4
CUST-ACT-06410,142,142,523,22,8829.87
CUST-ACT-06411,127,127,198,90,62739.31
CUST-ACT-06412,44,44,141,19,26689.43
CUST-ACT-06413,48,48,142,44,40414.35
CUST-ACT-06414,139,139,362,9,72974.89
CUST-ACT-06415,29,29,560,153,28593.15
CUST-ACT-06416,8,8,342,6,40755.95
CUST-ACT-06417,26,26,888,161,27932.12
CUST-ACT-06418,149,149,632,32,15629.38
CUST-ACT-06419,27,27,859,37,41005.52
CUST-ACT-06420,60,60,744,56,45442.35
CUST-ACT-06421,62,62,648,97,8964.53
CUST-ACT-06422,135,135,314,88,751.57
CUST-ACT-06423,147,147,566,31,5133.22
CUST-ACT-06424,81,81,730,159,46106.15
CUST-ACT-06425,82,82,966,102,57530.87
CUST-ACT-06426,33,33,490,107,15082.63
CUST-ACT-06427,69,69,478,49,57920.75
CUST-ACT-06428,23,23,165,42,14502.52
CUST-ACT-06429,24,24,325,87,15289.59
CUST-ACT-06430,105,105,736,15,50498.09
CUST-ACT-06431,37,37,486,114,61338.65
CUST-ACT-06432,145,145,718,178,74660.31
CUST-ACT-06433,108,108,809,63,74670.73
CUST-ACT-06434,137,137,757,29,37140.9
CUST-ACT-06435,129,129,693,139,16153.52
CUST-ACT-06436,76,76,876,133,20622.34
CUST-ACT-06437,94,94,328,99,29972.76
CUST-ACT-06438,145,145,132,31,39196.57
CUST-ACT-06439,34,34,260,6,30017.6
CUST-ACT-06440,115,115,360,166,64627.02
CUST-ACT-06441,91,91,133,59,9503.08
CUST-ACT-06442,98,98,188,76,66877.59
CUST-ACT-06443,47,47,524,75,35834.24
CUST-ACT-06444,8,8,874,71,17813.22
CUST-ACT-06445,13,13,101,122,19367.35
CUST-ACT-06446,107,107,838,20,67029.85
CUST-ACT-06447,66,66,873,133,65795.42
CUST-ACT-06448,31,31,358,36,12469.1
CUST-ACT-06449,94,94,51,36,70323.55
CUST-ACT-06450,74,74,70,71,11191.27
CUST-ACT-06451,70,70,364,3,10362.37
CUST-ACT-06452,19,19,276,91,5081.69
CUST-ACT-06453,57,57,666,7,52165.45
CUST-ACT-06454,130,130,232,11,1507.07
CUST-ACT-06455,57,57,676,136,74855.44
CUST-ACT-06456,44,44,872,27,56509.66
CUST-ACT-06457,131,131,460,122,61974.71
CUST-ACT-06458,72,72,662,26,21692.65
CUST-ACT-06459,99,99,422,156,50073.77
CUST-ACT-06460,124,124,322,17,33266.0
CUST-ACT-06461,92,92,799,176,44189.31
CUST-ACT-06462,110,110,436,121,17859.18
CUST-ACT-06463,89,89,143,73,67504.15
CUST-ACT-06464,136,136,392,42,14762.65
CUST-ACT-06465,118,118,672,115,62123.35
CUST-ACT-06466,6,6,162,46,56694.07
CUST-ACT-06467,65,65,362,121,25966.88
CUST-ACT-06468,25,25,305,42,39835.41
CUST-ACT-06469,95,95,757,28,47452.07
CUST-ACT-06470,41,41,870,26,18244.05
CUST-ACT-06471,111,111,342,141,11749.95
CUST-ACT-06472,62,62,336,105,69791.18
CUST-ACT-06473,113,113,205,86,42952.39
CUST-ACT-06474,37,37,297,78,72441.38
CUST-ACT-06475,97,97,92,14,1357.94
CUST-ACT-06476,8,8,118,98,62972.25
CUST-ACT-06477,109,109,54,74,60436.19
CUST-ACT-06478,28,28,483,131,30383.6
CUST-ACT-06479,137,137,412,167,61627.42
CUST-ACT-06480,18,18,264,167,56122.19
CUST-ACT-06481,105,105,946,4,24209.01
CUST-ACT-06482,7,7,635,21,47535.71
CUST-ACT-06483,73,73,852,92,54505.84
CUST-ACT-06484,147,147,152,84,44633.07
CUST-ACT-06485,149,149,761,156,8760.2
CUST-ACT-06486,75,75,124,4,15742.25
CUST-ACT-06487,1,1,235,66,10627.63
CUST-ACT-06488,145,145,882,12,55484.58
CUST-ACT-06489,112,112,175,17,68740.46
CUST-ACT-06490,56,56,348,79,68722.52
CUST-ACT-06491,17,17,539,159,15149.8
CUST-ACT-06492,82,82,479,8,67553.14
CUST-ACT-06493,30,30,749,171,8553.54
CUST-ACT-06494,76,76,143,155,39187.18
CUST-ACT-06495,1,1,851,15,50900.5
CUST-ACT-06496,20,20,136,164,16803.39
CUST-ACT-06497,65,65,877,161,52919.31
CUST-ACT-06498,10,10,723,25,55195.62
CUST-ACT-06499,125,125,781,91,37985.33
CUST-ACT-06500,84,84,366,100,4892.41
CUST-ACT-06501,63,63,611,118,61556.52
CUST-ACT-06502,5,5,326,65,62869.86
CUST-ACT-06503,28,28,846,132,30287.0
CUST-ACT-06504,121,121,662,33,11060.0
CUST-ACT-06505,48,48,236,60,10540.49
CUST-ACT-06506,2,2,511,29,36818.15
CUST-ACT-06507,77,77,645,106,6112.52
CUST-ACT-06508,111,111,566,122,36875.92
CUST-ACT-06509,13,13,65,58,2059.09
CUST-ACT-06510,58,58,387,51,58565.74
CUST-ACT-06511,60,60,314,84,73680.19
CUST-ACT-06512,21,21,213,91,9865.72
CUST-ACT-06513,113,113,460,130,8660.66
CUST-ACT-06514,47,47,505,87,3534.75
CUST-ACT-06515,43,43,929,27,61771.27
CUST-ACT-06516,80,80,847,132,54490.67
CUST-ACT-06517,16,16,733,123,63544.63
CUST-ACT-06518,87,87,754,21,68501.41
CUST-ACT-06519,110,110,79,19,55842.74
CUST-ACT-06520,48,48,517,73,62304.49
CUST-ACT-06521,1,1,431,135,37532.01
CUST-ACT-06522,101,101,509,55,30644.28
CUST-ACT-06523,26,26,101,60,1792.14
CUST-ACT-06524,117,117,647,155,66283.33
CUST-ACT-06525,10,10,968,55,58973.27
CUST-ACT-06526,112,112,187,18,2401.93
CUST-ACT-06527,73,73,254,179,62952.43
CUST-ACT-06528,3,3,827,80,65506.62
CUST-ACT-06529,132,132,745,139,15016.75
CUST-ACT-06530,122,122,245,145,11084.14
CUST-ACT-06531,109,109,609,78,14564.27
CUST-ACT-06532,65,65,542,62,63433.85
CUST-ACT-06533,104,104,965,3,54576.27
CUST-ACT-06534,53,53,699,22,64735.29
CUST-ACT-06535,55,55,848,153,11418.68
CUST-ACT-06536,82,82,719,25,60543.03
CUST-ACT-06537,76,76,893,19,60743.22
CUST-ACT-06538,132,132,245,66,70923.56
CUST-ACT-06539,125,125,995,43,51482.85
CUST-ACT-06540,134,134,937,42,59289.7
CUST-ACT-06541,78,78,332,61,68903.48
CUST-ACT-06542,62,62,550,5,10307.86
CUST-ACT-06543,83,83,933,54,26303.31
CUST-ACT-06544,61,61,246,117,45473.57
CUST-ACT-06545,42,42,372,115,43526.05
CUST-ACT-06546,125,125,452,108,1639.9
CUST-ACT-06547,68,68,835,37,45702.9
CUST-ACT-06548,136,136,722,174,46999.03
CUST-ACT-06549,42,42,591,70,54111.86
CUST-ACT-06550,27,27,199,165,41519.13
CUST-ACT-06551,105,105,935,106,38729.34
CUST-ACT-06552,12,12,925,79,17761.4
CUST-ACT-06553,103,103,296,21,21251.45
CUST-ACT-06554,125,125,435,81,24055.36
CUST-ACT-06555,30,30,552,116,47874.48
CUST-ACT-06556,143,143,533,38,42507.92
CUST-ACT-06557,139,139,286,45,34108.54
CUST-ACT-06558,144,144,600,120,11510.98
CUST-ACT-06559,107,107,420,18,60171.4
CUST-ACT-06560,38,38,816,118,43981.45
CUST-ACT-06561,97,97,710,75,8748.03
CUST-ACT-06562,13,13,437,4,28572.06
CUST-ACT-06563,32,32,316,131,14869.67
CUST-ACT-06564,67,67,308,74,37732.56
CUST-ACT-06565,149,149,330,63,58771.26
CUST-ACT-06566,95,95,859,115,647.94
CUST-ACT-06567,52,52,806,15,14584.88
CUST-ACT-06568,116,116,911,28,7088.77
CUST-ACT-06569,81,81,857,97,43721.27
CUST-ACT-06570,94,94,715,58,54101.36
CUST-ACT-06571,93,93,378,27,31693.08
CUST-ACT-06572,49,49,968,96,4024.66
CUST-ACT-06573,56,56,196,2,62585.54
CUST-ACT-06574,138,138,340,108,35867.36
CUST-ACT-06575,46,46,658,90,63725.48
CUST-ACT-06576,128,128,940,137,38907.63
CUST-ACT-06577,4,4,184,103,27338.62
CUST-ACT-06578,128,128,189,30,5342.22
CUST-ACT-06579,97,97,314,20,7545.16
CUST-ACT-06580,75,75,383,104,69369.49
CUST-ACT-06581,48,48,254,32,53195.97
CUST-ACT-06582,132,132,540,1,54752.36
CUST-ACT-06583,55,55,798,73,11781.03
CUST-ACT-06584,88,88,182,38,35650.43
CUST-ACT-06585,124,124,46,152,16899.73
CUST-ACT-06586,49,49,459,175,36104.94
CUST-ACT-06587,60,60,85,44,58834.03
CUST-ACT-06588,146,146,133,1,56706.07
CUST-ACT-06589,100,100,110,112,5474.73
CUST-ACT-06590,23,23,466,54,53541.33
CUST-ACT-06591,133,133,662,173,26005.94
CUST-ACT-06592,61,61,113,64,2160.61
CUST-ACT-06593,74,74,295,52,23352.18
CUST-ACT-06594,51,51,518,22,25372.87
CUST-ACT-06595,40,40,387,178,9511.54
CUST-ACT-06596,65,65,223,116,34298.57
CUST-ACT-06597,138,138,92,74,47227.81
CUST-ACT-06598,23,23,136,76,47330.03
CUST-ACT-06599,15,15,126,36,21065.75
CUST-ACT-06600,49,49,594,38,46058.92
CUST-ACT-06601,70,70,602,63,68357.87
CUST-ACT-06602,100,100,627,114,11656.95
CUST-ACT-06603,146,146,890,48,11245.06
CUST-ACT-06604,107,107,117,117,33969.69
CUST-ACT-06605,76,76,582,42,47650.12
CUST-ACT-06606,30,30,523,14,63976.21
CUST-ACT-06607,8,8,924,133,12734.51
CUST-ACT-06608,80,80,797,42,53701.16
CUST-ACT-06609,75,75,503,53,8319.31
CUST-ACT-06610,145,145,604,45,55234.51
CUST-ACT-06611,93,93,246,10,66291.61
CUST-ACT-06612,74,74,273,107,30746.0
CUST-ACT-06613,63,63,183,123,52808.62
CUST-ACT-06614,126,126,183,178,50878.03
CUST-ACT-06615,132,132,975,27,10526.25
CUST-ACT-06616,73,73,631,48,47872.05
CUST-ACT-06617,10,10,757,6,71135.43
CUST-ACT-06618,111,111,192,132,72913.01
CUST-ACT-06619,36,36,597,14,66373.47
CUST-ACT-06620,22,22,230,18,27196.66
CUST-ACT-06621,41,41,603,97,49836.48
CUST-ACT-06622,115,115,783,174,72252.49
CUST-ACT-06623,90,90,437,33,74653.46
CUST-ACT-06624,67,67,980,172,39603.15
CUST-ACT-06625,144,144,606,141,65465.23
CUST-ACT-06626,122,122,626,42,34893.14
CUST-ACT-06627,117,117,493,160,43795.86
CUST-ACT-06628,57,57,30,100,7086.88
CUST-ACT-06629,125,125,512,156,28617.83
CUST-ACT-06630,75,75,407,99,69868.04
CUST-ACT-06631,96,96,72,62,18398.35
CUST-ACT-06632,38,38,157,40,52544.79
CUST-ACT-06633,74,74,534,58,15399.6
CUST-ACT-06634,64,64,465,151,4957.09
CUST-ACT-06635,120,120,731,43,48183.9
CUST-ACT-06636,65,65,263,33,45424.75
CUST-ACT-06637,53,53,915,76,35498.68
CUST-ACT-06638,105,105,759,167,30433.1
CUST-ACT-06639,91,91,554,89,24518.87
CUST-ACT-06640,60,60,34,96,71389.29
CUST-ACT-06641,147,147,919,102,14278.89
CUST-ACT-06642,122,122,565,49,57242.31
CUST-ACT-06643,28,28,773,178,13076.08
CUST-ACT-06644,135,135,542,63,44964.7
CUST-ACT-06645,38,38,551,128,35107.2
CUST-ACT-06646,60,60,717,61,68829.68
CUST-ACT-06647,52,52,739,139,42839.76
CUST-ACT-06648,62,62,406,177,47607.28
CUST-ACT-06649,59,59,707,16,32377.18
CUST-ACT-06650,148,148,55,163,46266.44
CUST-ACT-06651,114,114,425,176,11064.99
CUST-ACT-06652,121,121,533,99,20189.42
CUST-ACT-06653,40,40,173,4,42061.85
CUST-ACT-06654,108,108,466,24,60406.13
CUST-ACT-06655,108,108,66,68,72286.39
CUST-ACT-06656,126,126,624,19,10628.64
CUST-ACT-06657,96,96,566,94,28687.26
CUST-ACT-06658,23,23,370,17,48111.86
CUST-ACT-06659,19,19,722,175,59627.07
CUST-ACT-06660,79,79,65,89,6353.93
CUST-ACT-06661,82,82,639,38,58763.04
CUST-ACT-06662,68,68,724,167,69903.51
CUST-ACT-06663,134,134,665,135,56377.47
CUST-ACT-06664,91,91,669,171,29261.11
CUST-ACT-06665,2,2,34,80,52864.81
CUST-ACT-06666,7,7,106,51,44618.82
CUST-ACT-06667,133,133,500,19,65588.32
CUST-ACT-06668,32,32,170,5,56339.6
CUST-ACT-06669,136,136,176,127,57006.65
CUST-ACT-06670,56,56,401,93,59995.21
CUST-ACT-06671,24,24,827,117,13585.99
CUST-ACT-06672,81,81,102,65,23049.52
CUST-ACT-06673,130,130,966,93,23111.34
CUST-ACT-06674,27,27,64,155,10986.32
CUST-ACT-06675,112,112,787,58,46013.56
CUST-ACT-06676,83,83,200,64,10285.06
CUST-ACT-06677,30,30,140,49,30580.28
CUST-ACT-06678,83,83,388,52,30299.5
CUST-ACT-06679,35,35,493,60,69777.95
CUST-ACT-06680,40,40,750,85,34726.21
CUST-ACT-06681,112,112,478,23,13033.85
CUST-ACT-06682,25,25,953,131,28489.64
CUST-ACT-06683,38,38,930,7,73502.65
CUST-ACT-06684,34,34,363,28,55826.72
CUST-ACT-06685,109,109,444,66,50991.89
CUST-ACT-06686,83,83,371,22,46942.7
CUST-ACT-06687,125,125,283,19,74055.42
CUST-ACT-06688,50,50,846,46,42027.93
CUST-ACT-06689,104,104,399,72,38457.46
CUST-ACT-06690,146,146,836,142,53621.39
CUST-ACT-06691,121,121,853,9,38270.81
CUST-ACT-06692,41,41,628,65,19524.25
CUST-ACT-06693,79,79,95,49,39884.04
CUST-ACT-06694,57,57,288,124,36834.82
CUST-ACT-06695,93,93,697,147,38213.28
CUST-ACT-06696,64,64,504,90,44821.54
CUST-ACT-06697,65,65,850,127,33605.61
CUST-ACT-06698,138,138,163,107,58895.18
CUST-ACT-06699,1,1,835,77,12348.44
CUST-ACT-06700,47,47,827,135,29391.26
CUST-ACT-06701,79,79,229,57,4866.38
CUST-ACT-06702,83,83,629,2,11648.86
CUST-ACT-06703,7,7,158,17,46192.61
CUST-ACT-06704,95,95,389,54,63096.48
CUST-ACT-06705,82,82,631,116,68688.28
CUST-ACT-06706,123,123,488,69,54513.11
CUST-ACT-06707,123,123,264,130,51918.29
CUST-ACT-06708,32,32,461,160,67519.51
CUST-ACT-06709,34,34,599,34,43591.56
CUST-ACT-06710,90,90,307,33,16452.09
CUST-ACT-06711,115,115,691,147,19256.05
CUST-ACT-06712,22,22,278,144,63777.38
CUST-ACT-06713,46,46,120,69,51075.51
CUST-ACT-06714,113,113,888,118,65239.56
CUST-ACT-06715,102,102,767,99,59391.22
CUST-ACT-06716,12,12,304,70,17181.03
CUST-ACT-06717,65,65,206,159,9250.61
CUST-ACT-06718,29,29,652,15,5021.78
CUST-ACT-06719,54,54,911,46,54632.64
CUST-ACT-06720,147,147,321,110,53225.4
CUST-ACT-06721,134,134,378,71,25768.42
CUST-ACT-06722,23,23,750,44,48225.93
CUST-ACT-06723,116,116,241,63,57235.73
CUST-ACT-06724,146,146,111,128,20893.54
CUST-ACT-06725,35,35,485,112,45843.21
CUST-ACT-06726,41,41,186,96,53657.27
CUST-ACT-06727,7,7,988,162,45680.47
CUST-ACT-06728,80,80,188,75,58633.0
CUST-ACT-06729,25,25,295,77,14973.78
CUST-ACT-06730,42,42,262,86,49357.6
CUST-ACT-06731,15,15,809,120,30021.78
CUST-ACT-06732,88,88,921,86,58217.06
CUST-ACT-06733,5,5,268,131,61524.76
CUST-ACT-06734,101,101,471,128,20468.39
CUST-ACT-06735,40,40,357,128,58828.51
CUST-ACT-06736,145,145,654,72,70429.05
CUST-ACT-06737,104,104,367,4,21362.69
CUST-ACT-06738,136,136,671,76,24698.39
CUST-ACT-06739,17,17,43,26,3324.13
CUST-ACT-06740,9,9,492,109,5233.65
CUST-ACT-06741,16,16,89,49,14750.87
CUST-ACT-06742,141,141,647,94,72819.39
CUST-ACT-06743,75,75,481,5,74753.49
CUST-ACT-06744,13,13,409,99,17524.11
CUST-ACT-06745,24,24,355,70,32576.53
CUST-ACT-06746,105,105,894,153,59305.68
CUST-ACT-06747,80,80,551,117,68231.16
CUST-ACT-06748,13,13,324,109,34097.75
CUST-ACT-06749,119,119,836,10,32596.69
CUST-ACT-06750,23,23,702,2,54168.84
CUST-ACT-06751,87,87,557,130,43605.73
CUST-ACT-06752,138,138,312,165,73958.18
CUST-ACT-06753,130,130,457,79,28818.72
CUST-ACT-06754,136,136,848,27,47408.81
CUST-ACT-06755,29,29,265,129,7813.47
CUST-ACT-06756,77,77,948,98,60207.94
CUST-ACT-06757,45,45,932,83,24479.28
CUST-ACT-06758,105,105,979,43,14743.39
CUST-ACT-06759,93,93,751,168,1892.81
CUST-ACT-06760,9,9,127,149,44458.56
CUST-ACT-06761,38,38,543,20,51475.21
CUST-ACT-06762,41,41,420,168,6430.88
CUST-ACT-06763,100,100,968,144,27002.73
CUST-ACT-06764,105,105,970,67,48300.76
CUST-ACT-06765,63,63,287,134,5018.83
CUST-ACT-06766,56,56,211,88,776.1
CUST-ACT-06767,66,66,646,169,24090.99
CUST-ACT-06768,144,144,332,41,52835.33
CUST-ACT-06769,63,63,849,1,6268.48
CUST-ACT-06770,142,142,259,140,66548.8
CUST-ACT-06771,89,89,945,124,13311.26
CUST-ACT-06772,37,37,155,155,15939.43
CUST-ACT-06773,54,54,691,112,20165.05
CUST-ACT-06774,28,28,926,123,58722.77
CUST-ACT-06775,45,45,551,71,10254.9
CUST-ACT-06776,70,70,511,98,38750.36
CUST-ACT-06777,147,147,559,166,45806.07
CUST-ACT-06778,107,107,855,116,46040.84
CUST-ACT-06779,110,110,789,88,6269.17
CUST-ACT-06780,109,109,92,15,44550.74
CUST-ACT-06781,139,139,99,147,22592.99
CUST-ACT-06782,14,14,224,126,42808.66
CUST-ACT-06783,33,33,86,47,2058.63
CUST-ACT-06784,54,54,53,164,60214.24
CUST-ACT-06785,54,54,77,17,27684.65
CUST-ACT-06786,7,7,986,75,14264.63
CUST-ACT-06787,119,119,392,32,59787.95
CUST-ACT-06788,73,73,185,100,69834.13
CUST-ACT-06789,115,115,403,107,50322.68
CUST-ACT-06790,128,128,911,140,64392.21
CUST-ACT-06791,125,125,472,92,34335.18
CUST-ACT-06792,148,148,614,18,25874.74
CUST-ACT-06793,90,90,950,70,5189.0
CUST-ACT-06794,37,37,189,3,9957.3
CUST-ACT-06795,87,87,313,92,25860.45
CUST-ACT-06796,2,2,553,112,40993.53
CUST-ACT-06797,140,140,571,134,23935.01
CUST-ACT-06798,109,109,900,94,54740.17
CUST-ACT-06799,113,113,673,20,65176.78
CUST-ACT-06800,128,128,877,94,32388.05
CUST-ACT-06801,27,27,345,131,9398.85
CUST-ACT-06802,56,56,286,150,35491.41
CUST-ACT-06803,53,53,779,11,54559.04
CUST-ACT-06804,80,80,929,48,21770.03
CUST-ACT-06805,1,1,764,1,49188.74
CUST-ACT-06806,88,88,269,13,26916.37
CUST-ACT-06807,68,68,83,137,71015.38
CUST-ACT-06808,52,52,334,20,15586.68
CUST-ACT-06809,13,13,361,85,51361.2
CUST-ACT-06810,110,110,160,75,72605.03
CUST-ACT-06811,118,118,609,89,5272.63
CUST-ACT-06812,148,148,33,169,59166.27
CUST-ACT-06813,55,55,953,7,32184.28
CUST-ACT-06814,64,64,346,163,53463.97
CUST-ACT-06815,147,147,573,90,2892.58
CUST-ACT-06816,38,38,134,33,65850.1
CUST-ACT-06817,47,47,893,174,4100.43
CUST-ACT-06818,110,110,692,162,21192.47
CUST-ACT-06819,105,105,502,72,72867.15
CUST-ACT-06820,81,81,771,100,32123.15
CUST-ACT-06821,88,88,203,143,16941.74
CUST-ACT-06822,130,130,991,27,14425.27
CUST-ACT-06823,50,50,711,168,64858.19
CUST-ACT-06824,142,142,413,117,69436.59
CUST-ACT-06825,82,82,437,154,3248.01
CUST-ACT-06826,148,148,116,73,71950.21
CUST-ACT-06827,49,49,532,145,63044.01
CUST-ACT-06828,77,77,880,44,30871.2
CUST-ACT-06829,112,112,488,54,41139.29
CUST-ACT-06830,51,51,295,25,54014.6
CUST-ACT-06831,146,146,129,127,43916.62
CUST-ACT-06832,73,73,59,51,62438.82
CUST-ACT-06833,42,42,296,92,51205.67
CUST-ACT-06834,107,107,496,89,61025.16
CUST-ACT-06835,122,122,666,153,39112.93
CUST-ACT-06836,25,25,814,103,31295.42
CUST-ACT-06837,112,112,464,3,69387.46
CUST-ACT-06838,117,117,956,35,13229.52
CUST-ACT-06839,76,76,155,170,69246.31
CUST-ACT-06840,98,98,956,17,42304.27
CUST-ACT-06841,93,93,574,38,35363.74
CUST-ACT-06842,149,149,967,53,72717.09
CUST-ACT-06843,71,71,622,125,64844.28
CUST-ACT-06844,90,90,547,126,27980.42
CUST-ACT-06845,2,2,301,13,39532.37
CUST-ACT-06846,59,59,641,138,18252.05
CUST-ACT-06847,13,13,182,66,32602.36
CUST-ACT-06848,49,49,609,6,27698.73
CUST-ACT-06849,4,4,678,50,60530.08
CUST-ACT-06850,101,101,421,93,35436.26
CUST-ACT-06851,103,103,47,71,23205.63
CUST-ACT-06852,138,138,233,69,44079.82
CUST-ACT-06853,146,146,836,91,45859.14
CUST-ACT-06854,116,116,755,119,8308.35
CUST-ACT-06855,144,144,845,170,74720.4
CUST-ACT-06856,21,21,166,85,16254.13
CUST-ACT-06857,66,66,792,3,49446.57
CUST-ACT-06858,28,28,465,15,56755.68
CUST-ACT-06859,40,40,61,19,68052.71
CUST-ACT-06860,65,65,944,152,53511.26
CUST-ACT-06861,24,24,53,91,55788.41
CUST-ACT-06862,39,39,894,97,67880.2
CUST-ACT-06863,72,72,553,16,68685.44
CUST-ACT-06864,147,147,152,153,35594.92
CUST-ACT-06865,98,98,924,115,42246.41
CUST-ACT-06866,40,40,492,10,19341.65
CUST-ACT-06867,16,16,433,119,1735.97
CUST-ACT-06868,31,31,628,171,5207.38
CUST-ACT-06869,116,116,765,45,28370.0
CUST-ACT-06870,137,137,851,86,68384.62
CUST-ACT-06871,114,114,64,26,34185.28
CUST-ACT-06872,137,137,710,43,74326.27
CUST-ACT-06873,35,35,901,108,71715.07
CUST-ACT-06874,109,109,176,22,69268.68
CUST-ACT-06875,28,28,268,69,48764.12
CUST-ACT-06876,41,41,587,144,49383.13
CUST-ACT-06877,59,59,999,5,14858.18
CUST-ACT-06878,21,21,798,125,74628.22
CUST-ACT-06879,88,88,426,79,54075.36
CUST-ACT-06880,97,97,861,114,2892.0
CUST-ACT-06881,32,32,469,22,44255.65
CUST-ACT-06882,113,113,810,178,29078.11
CUST-ACT-06883,46,46,795,53,60849.83
CUST-ACT-06884,99,99,64,32,64962.59
CUST-ACT-06885,117,117,342,173,59230.46
CUST-ACT-06886,39,39,215,59,22533.1
CUST-ACT-06887,149,149,288,155,27162.21
CUST-ACT-06888,126,126,460,116,22461.3
CUST-ACT-06889,106,106,388,84,48230.23
CUST-ACT-06890,26,26,178,51,65210.43
CUST-ACT-06891,100,100,427,115,40619.26
CUST-ACT-06892,141,141,946,31,30229.05
CUST-ACT-06893,142,142,440,36,24272.74
CUST-ACT-06894,35,35,233,156,62475.43
CUST-ACT-06895,8,8,498,21,23805.48
CUST-ACT-06896,102,102,293,30,74820.11
CUST-ACT-06897,75,75,486,163,72873.9
CUST-ACT-06898,8,8,707,105,20633.65
CUST-ACT-06899,91,91,824,18,40546.65
CUST-ACT-06900,42,42,203,164,24657.17
CUST-ACT-06901,114,114,381,30,49353.2
CUST-ACT-06902,149,149,331,98,35929.22
CUST-ACT-06903,55,55,223,2,5651.45
CUST-ACT-06904,98,98,950,141,20892.0
CUST-ACT-06905,45,45,259,19,40926.93
CUST-ACT-06906,97,97,221,168,19634.58
CUST-ACT-06907,89,89,975,126,29098.33
CUST-ACT-06908,50,50,489,121,42724.2
CUST-ACT-06909,93,93,240,41,9649.25
CUST-ACT-06910,83,83,370,85,4277.34
CUST-ACT-06911,117,117,909,69,74721.25
CUST-ACT-06912,81,81,209,142,65729.74
CUST-ACT-06913,127,127,789,44,55252.4
CUST-ACT-06914,142,142,376,122,65167.53
CUST-ACT-06915,69,69,847,28,45703.19
CUST-ACT-06916,128,128,132,148,44491.83
CUST-ACT-06917,56,56,378,124,67416.48
CUST-ACT-06918,44,44,992,77,1891.92
CUST-ACT-06919,85,85,109,167,31685.71
CUST-ACT-06920,133,133,99,110,53504.21
CUST-ACT-06921,53,53,449,113,28406.22
CUST-ACT-06922,127,127,606,79,40744.63
CUST-ACT-06923,30,30,944,167,20513.3
CUST-ACT-06924,39,39,993,167,29905.34
CUST-ACT-06925,129,129,491,11,74564.67
CUST-ACT-06926,147,147,476,127,37282.72
CUST-ACT-06927,97,97,846,25,61790.02
CUST-ACT-06928,76,76,357,90,55755.22
CUST-ACT-06929,21,21,175,94,17430.34
CUST-ACT-06930,46,46,778,50,47606.67
CUST-ACT-06931,69,69,427,73,43006.71
CUST-ACT-06932,139,139,444,27,13996.73
CUST-ACT-06933,25,25,276,140,12156.29
CUST-ACT-06934,141,141,485,18,68936.78
CUST-ACT-06935,73,73,859,109,56493.84
CUST-ACT-06936,57,57,675,80,69228.41
CUST-ACT-06937,9,9,79,75,713.16
CUST-ACT-06938,115,115,86,78,21592.32
CUST-ACT-06939,53,53,290,2,40070.28
CUST-ACT-06940,10,10,194,139,2355.19
CUST-ACT-06941,140,140,554,118,68170.72
CUST-ACT-06942,74,74,511,48,53820.97
CUST-ACT-06943,96,96,281,132,32051.76
CUST-ACT-06944,92,92,765,116,45609.63
CUST-ACT-06945,8,8,241,98,52691.4
CUST-ACT-06946,139,139,433,55,30597.66
CUST-ACT-06947,118,118,835,163,69711.12
CUST-ACT-06948,37,37,767,135,10423.81
CUST-ACT-06949,53,53,587,26,543.43
CUST-ACT-06950,12,12,620,22,70351.43
CUST-ACT-06951,75,75,372,52,26228.22
CUST-ACT-06952,68,68,349,5,37647.82
CUST-ACT-06953,113,113,767,34,17970.09
CUST-ACT-06954,90,90,653,96,39557.41
CUST-ACT-06955,127,127,803,65,20048.45
CUST-ACT-06956,72,72,66,4,29747.68
CUST-ACT-06957,78,78,913,118,51408.29
CUST-ACT-06958,37,37,275,115,36467.59
CUST-ACT-06959,141,141,711,122,9985.47
CUST-ACT-06960,101,101,720,127,67454.53
CUST-ACT-06961,126,126,538,168,31046.5
CUST-ACT-06962,92,92,92,99,64682.56
CUST-ACT-06963,126,126,326,162,71212.58
CUST-ACT-06964,5,5,725,179,43569.38
CUST-ACT-06965,39,39,548,96,47115.01
CUST-ACT-06966,31,31,228,113,31958.34
CUST-ACT-06967,95,95,414,27,71405.04
CUST-ACT-06968,27,27,852,140,19052.58
CUST-ACT-06969,53,53,449,84,28888.84
CUST-ACT-06970,126,126,685,156,65166.19
CUST-ACT-06971,110,110,836,52,16580.29
CUST-ACT-06972,99,99,766,127,47789.33
CUST-ACT-06973,146,146,720,52,37006.56
CUST-ACT-06974,59,59,79,42,49297.31
CUST-ACT-06975,52,52,859,65,70205.0
CUST-ACT-06976,79,79,297,126,63778.37
CUST-ACT-06977,83,83,853,102,13875.91
CUST-ACT-06978,101,101,740,156,68561.11
CUST-ACT-06979,46,46,629,37,56880.27
CUST-ACT-06980,78,78,186,171,13454.07
CUST-ACT-06981,104,104,856,70,25958.02
CUST-ACT-06982,117,117,499,57,63400.92
CUST-ACT-06983,109,109,782,169,5779.7
CUST-ACT-06984,1,1,761,154,49206.14
CUST-ACT-06985,4,4,654,77,16421.83
CUST-ACT-06986,82,82,757,5,5366.88
CUST-ACT-06987,10,10,393,98,62208.71
CUST-ACT-06988,121,121,206,119,16591.72
CUST-ACT-06989,25,25,438,20,14252.97
CUST-ACT-06990,107,107,697,109,31628.55
CUST-ACT-06991,131,131,849,54,74214.02
CUST-ACT-06992,116,116,762,89,42257.73
CUST-ACT-06993,72,72,102,155,6724.19
CUST-ACT-06994,34,34,695,18,67827.44
CUST-ACT-06995,61,61,961,60,40882.8
CUST-ACT-06996,118,118,602,158,32709.46
CUST-ACT-06997,109,109,424,168,8376.25
CUST-ACT-06998,43,43,147,69,28697.99
CUST-ACT-06999,29,29,369,139,56124.79
CUST-ACT-07000,101,101,819,78,2918.89
CUST-ACT-07001,141,141,627,91,45965.39
CUST-ACT-07002,82,82,954,156,31763.36
CUST-ACT-07003,61,61,644,7,50540.54
CUST-ACT-07004,143,143,988,81,54122.68
CUST-ACT-07005,81,81,791,135,31866.91
CUST-ACT-07006,61,61,512,26,28485.5
CUST-ACT-07007,36,36,439,94,1578.85
CUST-ACT-07008,35,35,571,162,47859.39
CUST-ACT-07009,67,67,160,100,8322.97
CUST-ACT-07010,21,21,420,126,63052.5
CUST-ACT-07011,24,24,663,176,50664.12
CUST-ACT-07012,81,81,197,69,45672.68
CUST-ACT-07013,57,57,159,179,70137.79
CUST-ACT-07014,142,142,983,133,63751.16
CUST-ACT-07015,72,72,938,16,9794.9
CUST-ACT-07016,19,19,212,106,58923.51
CUST-ACT-07017,48,48,132,122,56810.51
CUST-ACT-07018,139,139,691,56,57370.9
CUST-ACT-07019,129,129,318,49,41393.51
CUST-ACT-07020,102,102,499,91,4634.74
CUST-ACT-07021,88,88,946,127,39716.85
CUST-ACT-07022,133,133,970,81,24090.74
CUST-ACT-07023,39,39,819,2,16143.39
CUST-ACT-07024,114,114,523,29,9302.43
CUST-ACT-07025,136,136,964,68,20536.67
CUST-ACT-07026,30,30,154,124,48859.49
CUST-ACT-07027,60,60,416,54,67056.48
CUST-ACT-07028,29,29,861,83,53549.05
CUST-ACT-07029,83,83,399,86,23974.66
CUST-ACT-07030,111,111,906,69,12825.38
CUST-ACT-07031,26,26,343,105,14904.66
CUST-ACT-07032,133,133,608,139,63604.14
CUST-ACT-07033,104,104,783,16,48733.5
CUST-ACT-07034,79,79,854,118,23778.54
CUST-ACT-07035,62,62,710,109,17965.38
CUST-ACT-07036,22,22,304,109,55432.17
CUST-ACT-07037,18,18,479,18,73872.34
CUST-ACT-07038,114,114,783,92,15507.19
CUST-ACT-07039,35,35,444,126,1927.35
CUST-ACT-07040,37,37,285,37,6357.51
CUST-ACT-07041,24,24,182,130,54772.85
CUST-ACT-07042,101,101,522,57,24187.4
CUST-ACT-07043,138,138,387,166,48012.82
CUST-ACT-07044,47,47,952,161,44769.63
CUST-ACT-07045,39,39,244,118,36528.7
CUST-ACT-07046,135,135,173,80,60134.84
CUST-ACT-07047,70,70,370,44,59139.79
CUST-ACT-07048,43,43,345,108,30445.76
CUST-ACT-07049,119,119,74,83,21011.42
CUST-ACT-07050,52,52,315,15,2095.12
CUST-ACT-07051,9,9,655,135,9576.28
CUST-ACT-07052,102,102,840,59,50274.95
CUST-ACT-07053,115,115,166,54,37427.54
CUST-ACT-07054,8,8,977,23,5233.26
CUST-ACT-07055,83,83,673,111,57423.1
CUST-ACT-07056,86,86,532,90,27729.86
CUST-ACT-07057,37,37,809,152,26403.45
CUST-ACT-07058,35,35,983,69,66428.62
CUST-ACT-07059,86,86,109,143,57311.64
CUST-ACT-07060,9,9,583,52,18040.71
CUST-ACT-07061,61,61,189,125,38042.28
CUST-ACT-07062,90,90,331,178,28372.89
CUST-ACT-07063,66,66,564,7,56596.87
CUST-ACT-07064,8,8,413,66,907.54
CUST-ACT-07065,106,106,182,115,64854.18
CUST-ACT-07066,76,76,139,28,35265.64
CUST-ACT-07067,24,24,946,81,69860.94
CUST-ACT-07068,143,143,789,170,14624.8
CUST-ACT-07069,88,88,70,134,44939.46
CUST-ACT-07070,89,89,461,35,20346.93
CUST-ACT-07071,46,46,214,153,6366.49
CUST-ACT-07072,105,105,796,102,32868.52
CUST-ACT-07073,128,128,302,1,36945.96
CUST-ACT-07074,59,59,71,101,72614.11
CUST-ACT-07075,43,43,408,60,68764.64
CUST-ACT-07076,140,140,225,121,66027.2
CUST-ACT-07077,37,37,439,177,47451.49
CUST-ACT-07078,98,98,33,17,4014.12
CUST-ACT-07079,78,78,356,159,18199.23
CUST-ACT-07080,110,110,326,3,35600.91
CUST-ACT-07081,37,37,91,144,26384.73
CUST-ACT-07082,126,126,179,129,47828.06
CUST-ACT-07083,94,94,139,159,60321.39
CUST-ACT-07084,6,6,676,148,28818.23
CUST-ACT-07085,31,31,384,116,58225.69
CUST-ACT-07086,142,142,885,163,40149.86
CUST-ACT-07087,112,112,154,21,10642.11
CUST-ACT-07088,96,96,411,24,23379.32
CUST-ACT-07089,12,12,716,122,55274.8
CUST-ACT-07090,79,79,688,83,69559.77
CUST-ACT-07091,114,114,142,60,72771.12
CUST-ACT-07092,33,33,819,37,54137.63
CUST-ACT-07093,90,90,621,35,8128.99
CUST-ACT-07094,75,75,36,174,22714.8
CUST-ACT-07095,122,122,400,120,37471.6
CUST-ACT-07096,15,15,761,14,55374.04
CUST-ACT-07097,113,113,708,104,23376.49
CUST-ACT-07098,38,38,687,120,71739.02
CUST-ACT-07099,8,8,270,142,55226.06
CUST-ACT-07100,51,51,595,133,57561.74
CUST-ACT-07101,90,90,438,124,34561.99
CUST-ACT-07102,79,79,721,97,46673.23
CUST-ACT-07103,57,57,105,34,71225.39
CUST-ACT-07104,11,11,181,40,39405.43
CUST-ACT-07105,135,135,281,21,38112.52
CUST-ACT-07106,102,102,263,18,25270.23
CUST-ACT-07107,8,8,726,123,32871.0
CUST-ACT-07108,28,28,387,77,37387.66
CUST-ACT-07109,94,94,52,176,44532.21
CUST-ACT-07110,87,87,914,75,71920.09
CUST-ACT-07111,20,20,545,76,8856.87
CUST-ACT-07112,35,35,881,121,10794.95
CUST-ACT-07113,16,16,607,1,9833.41
CUST-ACT-07114,112,112,431,174,37499.79
CUST-ACT-07115,118,118,442,24,46738.47
CUST-ACT-07116,93,93,859,158,16081.21
CUST-ACT-07117,95,95,321,131,45490.42
CUST-ACT-07118,130,130,969,147,4077.31
CUST-ACT-07119,139,139,57,143,37028.81
CUST-ACT-07120,31,31,363,6,10910.93
CUST-ACT-07121,137,137,685,40,9329.65
CUST-ACT-07122,135,135,722,89,66118.27
CUST-ACT-07123,56,56,258,38,18742.53
CUST-ACT-07124,93,93,572,66,52644.07
CUST-ACT-07125,104,104,812,126,3549.8
CUST-ACT-07126,77,77,867,67,74545.01
CUST-ACT-07127,40,40,801,168,57719.2
CUST-ACT-07128,112,112,79,146,63384.41
CUST-ACT-07129,115,115,402,56,43335.54
CUST-ACT-07130,6,6,469,63,1368.91
CUST-ACT-07131,45,45,956,176,23194.06
CUST-ACT-07132,79,79,803,91,12252.34
CUST-ACT-07133,91,91,214,14,47428.24
CUST-ACT-07134,131,131,936,80,3599.3
CUST-ACT-07135,69,69,817,142,11055.18
CUST-ACT-07136,61,61,933,68,20728.46
CUST-ACT-07137,59,59,151,135,62241.48
CUST-ACT-07138,137,137,287,88,28081.76
CUST-ACT-07139,78,78,281,45,25379.34
CUST-ACT-07140,39,39,356,41,23242.9
CUST-ACT-07141,81,81,648,82,67760.43
CUST-ACT-07142,145,145,801,8,50848.63
CUST-ACT-07143,101,101,372,95,74656.94
CUST-ACT-07144,124,124,53,126,14271.0
CUST-ACT-07145,117,117,483,76,72231.77
CUST-ACT-07146,3,3,633,96,13854.6
CUST-ACT-07147,119,119,151,125,27174.0
CUST-ACT-07148,118,118,509,46,6792.98
CUST-ACT-07149,30,30,492,84,24272.81
CUST-ACT-07150,24,24,109,132,30262.46
CUST-ACT-07151,1,1,115,63,50834.24
CUST-ACT-07152,40,40,752,77,70224.19
CUST-ACT-07153,12,12,49,79,60369.03
CUST-ACT-07154,31,31,408,80,16049.55
CUST-ACT-07155,18,18,533,52,3612.61
CUST-ACT-07156,102,102,281,152,58989.25
CUST-ACT-07157,41,41,834,113,63655.47
CUST-ACT-07158,41,41,284,120,37481.63
CUST-ACT-07159,116,116,632,147,28266.91
CUST-ACT-07160,49,49,328,69,7557.38
CUST-ACT-07161,75,75,35,144,66646.73
CUST-ACT-07162,130,130,844,75,19779.16
CUST-ACT-07163,12,12,185,58,66913.2
CUST-ACT-07164,124,124,343,91,42889.38
CUST-ACT-07165,34,34,848,57,23615.0
CUST-ACT-07166,50,50,466,137,26260.35
CUST-ACT-07167,113,113,905,126,66106.41
CUST-ACT-07168,145,145,285,60,4792.5
CUST-ACT-07169,47,47,599,37,17966.64
CUST-ACT-07170,20,20,413,21,53677.38
CUST-ACT-07171,26,26,456,110,34102.21
CUST-ACT-07172,1,1,945,56,3333.87
CUST-ACT-07173,38,38,675,120,69384.86
CUST-ACT-07174,90,90,284,147,21987.8
CUST-ACT-07175,9,9,569,127,14690.76
CUST-ACT-07176,65,65,120,105,50406.84
CUST-ACT-07177,16,16,434,150,18349.42
CUST-ACT-07178,1,1,788,18,29219.09
CUST-ACT-07179,81,81,365,42,64937.19
CUST-ACT-07180,103,103,531,173,57045.73
CUST-ACT-07181,114,114,619,60,66061.17
CUST-ACT-07182,64,64,635,143,63294.07
CUST-ACT-07183,94,94,338,176,49181.56
CUST-ACT-07184,52,52,437,161,66772.35
CUST-ACT-07185,19,19,746,124,71748.87
CUST-ACT-07186,27,27,799,140,51598.77
CUST-ACT-07187,132,132,625,174,28883.6
CUST-ACT-07188,140,140,195,112,60913.34
CUST-ACT-07189,9,9,456,132,55183.36
CUST-ACT-07190,79,79,730,86,71983.06
CUST-ACT-07191,116,116,446,14,6932.66
CUST-ACT-07192,79,79,861,139,37232.71
CUST-ACT-07193,86,86,532,33,50851.08
CUST-ACT-07194,126,126,531,15,41908.49
CUST-ACT-07195,85,85,566,167,59696.99
CUST-ACT-07196,65,65,205,129,3283.13
CUST-ACT-07197,73,73,191,51,66293.46
CUST-ACT-07198,148,148,144,2,53361.78
CUST-ACT-07199,109,109,506,115,35382.34
CUST-ACT-07200,7,7,131,83,67632.96
CUST-ACT-07201,68,68,974,177,13694.29
CUST-ACT-07202,111,111,741,104,67463.95
CUST-ACT-07203,58,58,359,34,44574.05
CUST-ACT-07204,73,73,63,167,51224.86
CUST-ACT-07205,69,69,283,131,63281.09
CUST-ACT-07206,115,115,458,111,62243.12
CUST-ACT-07207,50,50,361,163,14285.65
CUST-ACT-07208,48,48,376,105,70358.5
CUST-ACT-07209,33,33,134,144,21770.09
CUST-ACT-07210,144,144,248,57,15717.46
CUST-ACT-07211,51,51,233,140,21440.72
CUST-ACT-07212,24,24,743,111,37658.23
CUST-ACT-07213,92,92,147,106,33614.16
CUST-ACT-07214,40,40,339,26,67153.21
CUST-ACT-07215,68,68,309,29,65392.85
CUST-ACT-07216,36,36,882,33,19666.48
CUST-ACT-07217,85,85,242,72,49847.78
CUST-ACT-07218,85,85,237,91,55444.61
CUST-ACT-07219,72,72,991,25,66617.01
CUST-ACT-07220,55,55,384,104,38505.85
CUST-ACT-07221,99,99,107,172,49189.85
CUST-ACT-07222,95,95,300,47,38256.75
CUST-ACT-07223,9,9,360,137,30965.31
CUST-ACT-07224,58,58,280,120,60450.04
CUST-ACT-07225,17,17,969,123,61429.11
CUST-ACT-07226,110,110,745,57,73869.1
CUST-ACT-07227,130,130,556,127,7085.9
CUST-ACT-07228,21,21,84,155,36159.8
CUST-ACT-07229,58,58,468,112,39052.97
CUST-ACT-07230,144,144,233,47,47237.62
CUST-ACT-07231,74,74,113,36,71547.69
CUST-ACT-07232,12,12,111,39,65550.15
CUST-ACT-07233,89,89,860,108,20929.64
CUST-ACT-07234,60,60,967,69,41637.66
CUST-ACT-07235,69,69,636,99,55497.09
CUST-ACT-07236,16,16,164,56,24670.26
CUST-ACT-07237,126,126,152,159,63109.41
CUST-ACT-07238,56,56,506,71,74596.32
CUST-ACT-07239,145,145,80,173,54491.03
CUST-ACT-07240,58,58,510,31,32398.59
CUST-ACT-07241,51,51,48,89,49584.07
CUST-ACT-07242,133,133,129,160,58939.43
CUST-ACT-07243,143,143,709,89,69040.27
CUST-ACT-07244,48,48,898,82,72199.88
CUST-ACT-07245,35,35,377,31,73887.39
CUST-ACT-07246,1,1,588,63,56931.31
CUST-ACT-07247,47,47,512,81,63863.05
CUST-ACT-07248,103,103,545,40,1786.9
CUST-ACT-07249,91,91,988,25,12245.18
CUST-ACT-07250,129,129,599,117,47729.25
CUST-ACT-07251,4,4,465,6,49423.29
CUST-ACT-07252,22,22,666,144,61987.14
CUST-ACT-07253,92,92,662,33,71681.07
CUST-ACT-07254,81,81,730,123,68691.37
CUST-ACT-07255,36,36,345,56,44368.57
CUST-ACT-07256,29,29,229,34,63655.2
CUST-ACT-07257,22,22,634,151,21345.36
CUST-ACT-07258,105,105,158,134,69215.9
CUST-ACT-07259,12,12,523,174,11391.7
CUST-ACT-07260,138,138,741,28,38379.49
CUST-ACT-07261,89,89,394,50,5512.1
CUST-ACT-07262,120,120,90,29,60320.75
CUST-ACT-07263,77,77,151,77,51242.98
CUST-ACT-07264,62,62,923,36,26836.65
CUST-ACT-07265,46,46,730,140,16956.37
CUST-ACT-07266,92,92,52,42,20749.4
CUST-ACT-07267,43,43,863,9,63819.11
CUST-ACT-07268,122,122,251,101,10529.7
CUST-ACT-07269,80,80,362,40,25910.73
CUST-ACT-07270,87,87,146,53,28671.74
CUST-ACT-07271,52,52,98,73,44324.97
CUST-ACT-07272,103,103,380,65,71302.89
CUST-ACT-07273,138,138,216,100,20971.05
CUST-ACT-07274,104,104,871,45,15613.92
CUST-ACT-07275,116,116,44,173,60217.54
CUST-ACT-07276,142,142,567,159,57537.09
CUST-ACT-07277,129,129,881,119,58937.06
CUST-ACT-07278,144,144,813,150,33958.67
CUST-ACT-07279,142,142,41,175,2936.06
CUST-ACT-07280,98,98,927,77,74582.89
CUST-ACT-07281,141,141,577,160,22523.97
CUST-ACT-07282,146,146,663,143,27679.16
CUST-ACT-07283,102,102,87,133,57909.17
CUST-ACT-07284,115,115,503,113,39227.68
CUST-ACT-07285,107,107,647,60,62474.47
CUST-ACT-07286,103,103,734,39,44334.2
CUST-ACT-07287,76,76,753,158,31156.18
CUST-ACT-07288,67,67,41,11,45071.25
CUST-ACT-07289,12,12,529,156,15397.18
CUST-ACT-07290,89,89,823,110,31412.6
CUST-ACT-07291,48,48,794,127,16211.42
CUST-ACT-07292,144,144,144,172,48113.31
CUST-ACT-07293,34,34,632,14,25265.58
CUST-ACT-07294,129,129,44,2,40264.85
CUST-ACT-07295,47,47,144,24,9576.15
CUST-ACT-07296,81,81,264,177,40535.7
CUST-ACT-07297,47,47,836,29,46284.3
CUST-ACT-07298,14,14,137,53,26458.65
CUST-ACT-07299,55,55,499,108,70736.61
CUST-ACT-07300,123,123,511,106,63472.12
CUST-ACT-07301,56,56,258,155,47533.2
CUST-ACT-07302,63,63,958,179,15257.79
CUST-ACT-07303,148,148,638,160,36188.57
CUST-ACT-07304,131,131,497,74,73310.48
CUST-ACT-07305,141,141,186,98,22047.65
CUST-ACT-07306,78,78,32,15,54665.92
CUST-ACT-07307,44,44,256,53,17681.87
CUST-ACT-07308,134,134,695,57,56309.84
CUST-ACT-07309,54,54,738,63,66420.21
CUST-ACT-07310,102,102,983,151,51880.23
CUST-ACT-07311,27,27,585,29,52639.31
CUST-ACT-07312,98,98,641,35,47096.65
CUST-ACT-07313,100,100,475,46,61050.76
CUST-ACT-07314,82,82,126,133,68276.72
CUST-ACT-07315,128,128,774,96,66530.82
CUST-ACT-07316,39,39,914,138,61916.72
CUST-ACT-07317,47,47,204,96,40799.88
CUST-ACT-07318,34,34,899,154,74442.01
CUST-ACT-07319,37,37,498,116,56316.94
CUST-ACT-07320,59,59,743,87,49053.2
CUST-ACT-07321,65,65,838,120,21252.69
CUST-ACT-07322,79,79,887,62,25397.43
CUST-ACT-07323,47,47,496,178,25393.8
CUST-ACT-07324,124,124,879,65,10660.7
CUST-ACT-07325,148,148,974,23,63096.07
CUST-ACT-07326,59,59,337,128,55728.03
CUST-ACT-07327,8,8,949,117,21044.39
CUST-ACT-07328,76,76,666,23,6598.41
CUST-ACT-07329,129,129,606,179,31412.98
CUST-ACT-07330,72,72,462,33,63200.41
CUST-ACT-07331,93,93,389,127,57987.27
CUST-ACT-07332,86,86,432,155,44473.89
CUST-ACT-07333,4,4,783,84,54551.65
CUST-ACT-07334,115,115,63,138,15530.05
CUST-ACT-07335,73,73,378,51,68933.66
CUST-ACT-07336,66,66,557,129,55226.15
CUST-ACT-07337,99,99,849,81,44413.05
CUST-ACT-07338,30,30,899,106,11060.15
CUST-ACT-07339,32,32,623,106,10559.5
CUST-ACT-07340,95,95,393,163,10268.68
CUST-ACT-07341,29,29,319,132,58431.06
CUST-ACT-07342,138,138,33,86,18940.04
CUST-ACT-07343,66,66,868,45,59870.11
CUST-ACT-07344,12,12,567,14,59317.6
CUST-ACT-07345,23,23,705,12,10359.23
CUST-ACT-07346,124,124,927,165,74756.64
CUST-ACT-07347,143,143,947,123,67631.76
CUST-ACT-07348,146,146,788,4,69392.59
CUST-ACT-07349,40,40,54,168,11959.11
CUST-ACT-07350,7,7,300,42,8512.93
CUST-ACT-07351,109,109,246,102,31344.37
CUST-ACT-07352,72,72,602,132,5586.34
CUST-ACT-07353,74,74,622,45,51727.18
CUST-ACT-07354,46,46,284,17,52302.8
CUST-ACT-07355,33,33,687,117,28491.96
CUST-ACT-07356,7,7,980,83,22664.7
CUST-ACT-07357,90,90,806,178,70985.31
CUST-ACT-07358,6,6,986,134,27731.81
CUST-ACT-07359,67,67,456,93,56849.83
CUST-ACT-07360,103,103,885,12,61191.77
CUST-ACT-07361,112,112,972,177,18778.39
CUST-ACT-07362,54,54,647,149,21473.76
CUST-ACT-07363,42,42,336,9,26865.42
CUST-ACT-07364,134,134,389,147,46557.91
CUST-ACT-07365,34,34,701,160,51499.66
CUST-ACT-07366,120,120,637,16,69058.79
CUST-ACT-07367,137,137,818,22,53143.61
CUST-ACT-07368,32,32,599,78,55464.18
CUST-ACT-07369,81,81,595,7,5768.1
CUST-ACT-07370,85,85,166,141,25300.54
CUST-ACT-07371,72,72,63,57,10236.35
CUST-ACT-07372,139,139,935,42,14776.93
CUST-ACT-07373,136,136,592,116,8929.38
CUST-ACT-07374,21,21,942,142,52987.67
CUST-ACT-07375,38,38,684,50,57629.56
CUST-ACT-07376,65,65,158,122,68292.2
CUST-ACT-07377,57,57,809,157,27287.59
CUST-ACT-07378,41,41,621,148,57990.4
CUST-ACT-07379,78,78,385,103,67742.5
CUST-ACT-07380,3,3,761,101,65204.53
CUST-ACT-07381,33,33,898,120,20202.93
CUST-ACT-07382,40,40,309,38,25749.96
CUST-ACT-07383,1,1,856,19,56683.84
CUST-ACT-07384,130,130,289,64,58773.91
CUST-ACT-07385,133,133,557,61,31417.72
CUST-ACT-07386,139,139,790,50,52409.23
CUST-ACT-07387,96,96,328,42,10723.59
CUST-ACT-07388,32,32,126,43,72699.8
CUST-ACT-07389,74,74,590,170,17139.15
CUST-ACT-07390,57,57,867,39,73592.55
CUST-ACT-07391,75,75,169,169,48650.73
CUST-ACT-07392,12,12,40,70,4552.66
CUST-ACT-07393,36,36,170,8,15831.17
CUST-ACT-07394,139,139,146,154,16340.59
CUST-ACT-07395,75,75,946,26,3696.57
CUST-ACT-07396,145,145,658,25,36843.7
CUST-ACT-07397,111,111,439,162,37037.29
CUST-ACT-07398,60,60,896,56,49885.9
CUST-ACT-07399,26,26,229,15,26902.64
CUST-ACT-07400,65,65,671,41,41821.76
CUST-ACT-07401,68,68,977,23,44239.54
CUST-ACT-07402,119,119,148,168,45300.96
CUST-ACT-07403,18,18,727,54,59975.35
CUST-ACT-07404,122,122,380,53,7412.89
CUST-ACT-07405,87,87,448,159,901.48
CUST-ACT-07406,107,107,804,106,56515.92
CUST-ACT-07407,65,65,526,4,59430.38
CUST-ACT-07408,96,96,759,94,71255.16
CUST-ACT-07409,105,105,437,147,62078.64
CUST-ACT-07410,63,63,766,150,38994.02
CUST-ACT-07411,63,63,299,36,42147.54
CUST-ACT-07412,108,108,650,72,20225.42
CUST-ACT-07413,54,54,995,134,11528.05
CUST-ACT-07414,128,128,552,174,40857.5
CUST-ACT-07415,82,82,494,37,16857.7
CUST-ACT-07416,148,148,346,10,53896.93
CUST-ACT-07417,85,85,177,136,58218.3
CUST-ACT-07418,130,130,765,35,45004.19
CUST-ACT-07419,79,79,464,160,66541.23
CUST-ACT-07420,42,42,770,37,38834.99
CUST-ACT-07421,60,60,108,105,57811.15
CUST-ACT-07422,125,125,742,6,66628.62
CUST-ACT-07423,109,109,188,150,22260.06
CUST-ACT-07424,113,113,719,82,65009.45
CUST-ACT-07425,102,102,132,128,52699.86
CUST-ACT-07426,121,121,531,174,13884.01
CUST-ACT-07427,51,51,524,31,27997.72
CUST-ACT-07428,113,113,876,178,30764.12
CUST-ACT-07429,56,56,581,45,74711.26
CUST-ACT-07430,93,93,80,157,16853.61
CUST-ACT-07431,58,58,466,2,50917.96
CUST-ACT-07432,9,9,128,178,28510.83
CUST-ACT-07433,120,120,735,145,21976.23
CUST-ACT-07434,131,131,41,51,21666.8
CUST-ACT-07435,8,8,44,110,37946.89
CUST-ACT-07436,144,144,964,126,25852.89
CUST-ACT-07437,106,106,296,32,31458.78
CUST-ACT-07438,49,49,466,111,7812.2
CUST-ACT-07439,18,18,651,150,38154.0
CUST-ACT-07440,54,54,124,8,46501.69
CUST-ACT-07441,15,15,854,43,64520.59
CUST-ACT-07442,105,105,499,124,13235.45
CUST-ACT-07443,35,35,620,137,53798.74
CUST-ACT-07444,63,63,209,27,13021.38
CUST-ACT-07445,87,87,199,57,42604.85
CUST-ACT-07446,44,44,201,100,26254.95
CUST-ACT-07447,27,27,594,150,50694.65
CUST-ACT-07448,99,99,304,47,19604.44
CUST-ACT-07449,77,77,971,71,45191.39
CUST-ACT-07450,103,103,847,30,37535.76
CUST-ACT-07451,26,26,719,152,34311.43
CUST-ACT-07452,123,123,93,43,15620.67
CUST-ACT-07453,78,78,172,71,34389.93
CUST-ACT-07454,72,72,101,47,30981.35
CUST-ACT-07455,83,83,864,64,28823.89
CUST-ACT-07456,82,82,933,111,32579.06
CUST-ACT-07457,148,148,149,111,23279.49
CUST-ACT-07458,18,18,342,166,7305.11
CUST-ACT-07459,90,90,620,165,24847.31
CUST-ACT-07460,96,96,857,131,49142.55
CUST-ACT-07461,32,32,295,85,35822.17
CUST-ACT-07462,85,85,188,114,20721.85
CUST-ACT-07463,73,73,335,59,5715.67
CUST-ACT-07464,139,139,38,72,22149.2
CUST-ACT-07465,42,42,132,17,37365.98
CUST-ACT-07466,88,88,775,72,17103.87
CUST-ACT-07467,8,8,715,25,15213.44
CUST-ACT-07468,92,92,111,43,33189.67
CUST-ACT-07469,100,100,826,69,31050.78
CUST-ACT-07470,38,38,600,114,43978.09
CUST-ACT-07471,73,73,876,36,5412.77
CUST-ACT-07472,7,7,496,143,59547.26
CUST-ACT-07473,145,145,361,175,33193.3
CUST-ACT-07474,101,101,507,1,7319.36
CUST-ACT-07475,16,16,61,44,27729.71
CUST-ACT-07476,138,138,251,77,63178.36
CUST-ACT-07477,83,83,670,152,47072.62
CUST-ACT-07478,7,7,116,24,19582.95
CUST-ACT-07479,124,124,344,34,44318.84
CUST-ACT-07480,12,12,719,159,71292.08
CUST-ACT-07481,80,80,860,10,29945.72
CUST-ACT-07482,63,63,971,37,2221.81
CUST-ACT-07483,124,124,651,103,72616.28
CUST-ACT-07484,39,39,341,156,25300.36
CUST-ACT-07485,14,14,745,9,58785.72
CUST-ACT-07486,100,100,540,22,60932.16
CUST-ACT-07487,60,60,474,82,27613.55
CUST-ACT-07488,11,11,193,70,1845.69
CUST-ACT-07489,76,76,45,62,61125.09
CUST-ACT-07490,35,35,762,170,71441.82
CUST-ACT-07491,35,35,333,53,53291.3
CUST-ACT-07492,125,125,661,27,60788.63
CUST-ACT-07493,28,28,470,178,16039.83
CUST-ACT-07494,61,61,610,150,20251.03
CUST-ACT-07495,61,61,402,11,74882.95
CUST-ACT-07496,80,80,44,67,37441.78
CUST-ACT-07497,45,45,742,61,16920.57
CUST-ACT-07498,51,51,324,42,7763.49
CUST-ACT-07499,18,18,76,30,56270.64
CUST-ACT-07500,12,12,840,148,32466.37
CUST-ACT-07501,8,8,92,129,8266.3
CUST-ACT-07502,48,48,440,35,67904.2
CUST-ACT-07503,25,25,899,12,60708.47
CUST-ACT-07504,49,49,779,136,65039.75
CUST-ACT-07505,95,95,582,83,1384.08
CUST-ACT-07506,20,20,768,23,21844.89
CUST-ACT-07507,52,52,535,65,51637.25
CUST-ACT-07508,25,25,293,94,73085.55
CUST-ACT-07509,48,48,198,47,47715.1
CUST-ACT-07510,70,70,87,99,1411.01
CUST-ACT-07511,50,50,821,11,53883.26
CUST-ACT-07512,35,35,940,65,13105.18
CUST-ACT-07513,133,133,182,88,48689.37
CUST-ACT-07514,149,149,745,46,45994.07
CUST-ACT-07515,91,91,455,129,42928.81
CUST-ACT-07516,66,66,382,147,32953.83
CUST-ACT-07517,83,83,747,94,2663.54
CUST-ACT-07518,75,75,305,154,64429.47
CUST-ACT-07519,81,81,488,63,15466.36
CUST-ACT-07520,67,67,714,74,16931.02
CUST-ACT-07521,126,126,434,102,10492.29
CUST-ACT-07522,24,24,932,136,30185.63
CUST-ACT-07523,103,103,821,80,16867.7
CUST-ACT-07524,45,45,493,9,31289.76
CUST-ACT-07525,24,24,380,171,65043.46
CUST-ACT-07526,86,86,538,32,72899.22
CUST-ACT-07527,83,83,554,8,52287.14
CUST-ACT-07528,43,43,497,5,27868.33
CUST-ACT-07529,17,17,434,98,30578.07
CUST-ACT-07530,32,32,683,149,18420.07
CUST-ACT-07531,146,146,258,48,44981.77
CUST-ACT-07532,83,83,828,50,52464.49
CUST-ACT-07533,116,116,483,104,67458.51
CUST-ACT-07534,1,1,288,160,65056.04
CUST-ACT-07535,109,109,788,171,33935.83
CUST-ACT-07536,99,99,55,119,51891.07
CUST-ACT-07537,38,38,318,53,28838.59
CUST-ACT-07538,51,51,789,6,60953.15
CUST-ACT-07539,135,135,397,87,70917.14
CUST-ACT-07540,37,37,566,102,61731.51
CUST-ACT-07541,8,8,66,119,8942.07
CUST-ACT-07542,114,114,988,163,68209.49
CUST-ACT-07543,37,37,968,122,3754.46
CUST-ACT-07544,116,116,955,41,31593.79
CUST-ACT-07545,79,79,250,124,40908.49
CUST-ACT-07546,27,27,958,93,40951.38
CUST-ACT-07547,110,110,850,132,12321.98
CUST-ACT-07548,136,136,177,110,67675.76
CUST-ACT-07549,71,71,982,2,65581.44
CUST-ACT-07550,120,120,423,96,33427.16
CUST-ACT-07551,96,96,778,74,24502.84
CUST-ACT-07552,147,147,981,81,38199.28
CUST-ACT-07553,29,29,567,127,35241.65
CUST-ACT-07554,113,113,568,44,18997.68
CUST-ACT-07555,43,43,571,87,17545.28
CUST-ACT-07556,32,32,676,83,30473.51
CUST-ACT-07557,128,128,296,31,7101.95
CUST-ACT-07558,124,124,545,95,68919.29
CUST-ACT-07559,18,18,563,75,45350.99
CUST-ACT-07560,20,20,459,90,5782.9
CUST-ACT-07561,77,77,846,96,72612.14
CUST-ACT-07562,27,27,734,40,71616.39
CUST-ACT-07563,99,99,882,23,7000.92
CUST-ACT-07564,109,109,416,130,14264.96
CUST-ACT-07565,109,109,714,57,45283.06
CUST-ACT-07566,96,96,557,38,52821.64
CUST-ACT-07567,12,12,180,24,33369.87
CUST-ACT-07568,62,62,971,163,69902.8
CUST-ACT-07569,111,111,848,167,16059.17
CUST-ACT-07570,17,17,376,51,72465.1
CUST-ACT-07571,11,11,122,169,64131.76
CUST-ACT-07572,78,78,629,90,2037.98
CUST-ACT-07573,107,107,559,163,12205.95
CUST-ACT-07574,46,46,187,127,74836.75
CUST-ACT-07575,95,95,909,141,62545.49
CUST-ACT-07576,117,117,780,36,58540.16
CUST-ACT-07577,19,19,491,163,50129.82
CUST-ACT-07578,83,83,617,171,24668.87
CUST-ACT-07579,55,55,604,168,4892.78
CUST-ACT-07580,48,48,942,15,14675.61
CUST-ACT-07581,127,127,344,107,43777.2
CUST-ACT-07582,122,122,823,160,24787.83
CUST-ACT-07583,123,123,44,159,14463.49
CUST-ACT-07584,13,13,551,179,1676.2
CUST-ACT-07585,117,117,726,84,29863.1
CUST-ACT-07586,33,33,150,39,48549.95
CUST-ACT-07587,94,94,99,34,65378.54
CUST-ACT-07588,98,98,478,160,45530.04
CUST-ACT-07589,9,9,448,168,2048.29
CUST-ACT-07590,70,70,229,24,3598.82
CUST-ACT-07591,149,149,541,65,4566.17
CUST-ACT-07592,6,6,745,18,31714.16
CUST-ACT-07593,114,114,427,36,4236.34
CUST-ACT-07594,107,107,426,57,47743.59
CUST-ACT-07595,47,47,112,60,5697.82
CUST-ACT-07596,137,137,408,41,31451.56
CUST-ACT-07597,42,42,823,44,16904.05
CUST-ACT-07598,67,67,551,78,46140.09
CUST-ACT-07599,125,125,567,69,10952.66
CUST-ACT-07600,45,45,62,127,25439.15
CUST-ACT-07601,35,35,983,163,68119.72
CUST-ACT-07602,123,123,966,61,55355.89
CUST-ACT-07603,30,30,390,30,59768.88
CUST-ACT-07604,98,98,41,71,17824.06
CUST-ACT-07605,10,10,319,16,36258.1
CUST-ACT-07606,137,137,199,13,36947.78
CUST-ACT-07607,100,100,480,120,69182.04
CUST-ACT-07608,27,27,300,149,58419.84
CUST-ACT-07609,18,18,635,79,40680.61
CUST-ACT-07610,87,87,594,99,63572.86
CUST-ACT-07611,120,120,222,178,58117.01
CUST-ACT-07612,19,19,373,170,40593.98
CUST-ACT-07613,145,145,179,15,20041.93
CUST-ACT-07614,13,13,364,59,1064.23
CUST-ACT-07615,131,131,145,23,55053.29
CUST-ACT-07616,96,96,736,163,58036.95
CUST-ACT-07617,5,5,429,128,24953.69
CUST-ACT-07618,126,126,465,77,6780.13
CUST-ACT-07619,5,5,332,2,3367.8
CUST-ACT-07620,42,42,830,130,47582.47
CUST-ACT-07621,12,12,101,74,25331.94
CUST-ACT-07622,108,108,266,153,26070.28
CUST-ACT-07623,36,36,193,93,65745.16
CUST-ACT-07624,33,33,42,82,44645.18
CUST-ACT-07625,129,129,893,59,71457.29
CUST-ACT-07626,135,135,529,150,34837.84
CUST-ACT-07627,111,111,192,135,69305.28
CUST-ACT-07628,9,9,986,160,56271.98
CUST-ACT-07629,14,14,125,10,56506.25
CUST-ACT-07630,21,21,619,117,56922.27
CUST-ACT-07631,10,10,650,100,45259.77
CUST-ACT-07632,99,99,86,140,71631.35
CUST-ACT-07633,13,13,216,98,64020.86
CUST-ACT-07634,103,103,950,111,4767.07
CUST-ACT-07635,24,24,545,150,28778.23
CUST-ACT-07636,108,108,748,98,23334.27
CUST-ACT-07637,63,63,395,83,43655.21
CUST-ACT-07638,92,92,626,104,31512.4
CUST-ACT-07639,45,45,433,131,11465.26
CUST-ACT-07640,2,2,150,83,52603.52
CUST-ACT-07641,143,143,147,85,56198.66
CUST-ACT-07642,32,32,196,35,51628.56
CUST-ACT-07643,68,68,200,87,44366.65
CUST-ACT-07644,65,65,530,21,30954.31
CUST-ACT-07645,62,62,642,99,17062.26
CUST-ACT-07646,31,31,476,36,22052.65
CUST-ACT-07647,96,96,228,35,25809.08
CUST-ACT-07648,142,142,855,56,31270.71
CUST-ACT-07649,29,29,568,178,40279.44
CUST-ACT-07650,100,100,867,140,2537.75
CUST-ACT-07651,94,94,704,65,64193.29
CUST-ACT-07652,88,88,760,142,63697.38
CUST-ACT-07653,22,22,277,127,20466.45
CUST-ACT-07654,49,49,734,161,64453.32
CUST-ACT-07655,12,12,187,112,5444.14
CUST-ACT-07656,82,82,385,1,40171.57
CUST-ACT-07657,10,10,414,53,10188.3
CUST-ACT-07658,77,77,716,26,46195.61
CUST-ACT-07659,4,4,367,40,30252.29
CUST-ACT-07660,131,131,794,33,30527.97
CUST-ACT-07661,103,103,382,37,10430.28
CUST-ACT-07662,30,30,197,70,7413.03
CUST-ACT-07663,119,119,827,116,60782.52
CUST-ACT-07664,70,70,350,128,71816.89
CUST-ACT-07665,15,15,545,1,33185.22
CUST-ACT-07666,134,134,317,48,33519.99
CUST-ACT-07667,148,148,672,105,8463.54
CUST-ACT-07668,20,20,717,5,2955.33
CUST-ACT-07669,72,72,590,35,47887.41
CUST-ACT-07670,71,71,828,60,53436.02
CUST-ACT-07671,90,90,495,141,15534.97
CUST-ACT-07672,18,18,332,70,17179.5
CUST-ACT-07673,149,149,726,85,5979.61
CUST-ACT-07674,138,138,240,12,66272.47
CUST-ACT-07675,85,85,833,164,28157.24
CUST-ACT-07676,40,40,826,5,64422.58
CUST-ACT-07677,72,72,68,169,59441.25
CUST-ACT-07678,10,10,208,137,65392.13
CUST-ACT-07679,92,92,769,52,48258.99
CUST-ACT-07680,22,22,67,107,22448.68
CUST-ACT-07681,50,50,927,58,7715.37
CUST-ACT-07682,134,134,92,175,70016.6
CUST-ACT-07683,123,123,181,110,47376.38
CUST-ACT-07684,6,6,236,142,39119.17
CUST-ACT-07685,136,136,688,45,15127.37
CUST-ACT-07686,63,63,672,7,25930.96
CUST-ACT-07687,79,79,414,55,17693.05
CUST-ACT-07688,70,70,336,92,65970.7
CUST-ACT-07689,132,132,786,176,60553.98
CUST-ACT-07690,136,136,537,62,50787.06
CUST-ACT-07691,64,64,824,136,8355.52
CUST-ACT-07692,134,134,543,174,54279.09
CUST-ACT-07693,59,59,635,118,60391.35
CUST-ACT-07694,27,27,189,149,3842.01
CUST-ACT-07695,32,32,658,124,73748.12
CUST-ACT-07696,87,87,111,69,34937.3
CUST-ACT-07697,107,107,802,7,22266.82
CUST-ACT-07698,14,14,70,67,25339.61
CUST-ACT-07699,41,41,234,85,40683.9
CUST-ACT-07700,132,132,733,85,12538.32
CUST-ACT-07701,117,117,260,157,32838.26
CUST-ACT-07702,38,38,215,105,43129.37
CUST-ACT-07703,81,81,981,103,45729.67
CUST-ACT-07704,12,12,338,83,54989.54
CUST-ACT-07705,8,8,109,68,24513.36
CUST-ACT-07706,87,87,418,105,8989.45
CUST-ACT-07707,47,47,700,9,24501.93
CUST-ACT-07708,4,4,951,131,46682.3
CUST-ACT-07709,8,8,69,101,69430.44
CUST-ACT-07710,105,105,77,21,28365.66
CUST-ACT-07711,97,97,292,166,27938.75
CUST-ACT-07712,131,131,535,81,8024.93
CUST-ACT-07713,4,4,668,75,9337.53
CUST-ACT-07714,70,70,830,35,69783.1
CUST-ACT-07715,108,108,137,78,65698.93
CUST-ACT-07716,144,144,416,127,36493.48
CUST-ACT-07717,19,19,289,12,38623.47
CUST-ACT-07718,125,125,272,19,26482.5
CUST-ACT-07719,122,122,932,71,32022.26
CUST-ACT-07720,43,43,838,140,43115.1
CUST-ACT-07721,48,48,513,114,62860.19
CUST-ACT-07722,25,25,333,53,7815.37
CUST-ACT-07723,4,4,465,103,21394.54
CUST-ACT-07724,84,84,651,108,31671.86
CUST-ACT-07725,22,22,399,53,59751.66
CUST-ACT-07726,15,15,67,140,9360.54
CUST-ACT-07727,65,65,908,168,4670.3
CUST-ACT-07728,124,124,175,102,38476.7
CUST-ACT-07729,51,51,914,130,47998.72
CUST-ACT-07730,140,140,258,113,43033.04
CUST-ACT-07731,113,113,576,111,18825.2
CUST-ACT-07732,76,76,275,110,72815.42
CUST-ACT-07733,18,18,307,129,42768.53
CUST-ACT-07734,53,53,883,143,68446.59
CUST-ACT-07735,148,148,509,102,67443.12
CUST-ACT-07736,44,44,625,7,66573.69
CUST-ACT-07737,38,38,71,155,3927.21
CUST-ACT-07738,74,74,226,145,26875.89
CUST-ACT-07739,92,92,779,123,21080.42
CUST-ACT-07740,147,147,874,157,13638.12
CUST-ACT-07741,57,57,658,169,56716.15
CUST-ACT-07742,38,38,528,86,6672.87
CUST-ACT-07743,143,143,395,84,28476.93
CUST-ACT-07744,62,62,837,37,27736.35
CUST-ACT-07745,33,33,982,128,4568.6
CUST-ACT-07746,147,147,420,106,54529.24
CUST-ACT-07747,30,30,584,92,42157.08
CUST-ACT-07748,134,134,990,35,41580.58
CUST-ACT-07749,34,34,736,91,70477.94
CUST-ACT-07750,123,123,948,98,32432.74
CUST-ACT-07751,21,21,83,59,51263.9
CUST-ACT-07752,12,12,129,155,41279.28
CUST-ACT-07753,6,6,853,105,29818.41
CUST-ACT-07754,73,73,642,151,68456.64
CUST-ACT-07755,82,82,580,2,47828.34
CUST-ACT-07756,98,98,208,175,36243.74
CUST-ACT-07757,56,56,792,90,28202.17
CUST-ACT-07758,115,115,242,63,6065.53
CUST-ACT-07759,48,48,867,38,54998.53
CUST-ACT-07760,140,140,692,26,5800.8
CUST-ACT-07761,2,2,739,53,10723.31
CUST-ACT-07762,83,83,283,99,65768.54
CUST-ACT-07763,25,25,447,68,10960.88
CUST-ACT-07764,131,131,443,54,37648.51
CUST-ACT-07765,92,92,776,66,30995.31
CUST-ACT-07766,145,145,582,26,45300.95
CUST-ACT-07767,63,63,525,64,12049.84
CUST-ACT-07768,133,133,935,60,63341.04
CUST-ACT-07769,104,104,763,103,2004.88
CUST-ACT-07770,75,75,363,149,24602.42
CUST-ACT-07771,65,65,162,95,45192.3
CUST-ACT-07772,39,39,997,100,3438.14
CUST-ACT-07773,77,77,805,149,48489.3
CUST-ACT-07774,107,107,884,73,5084.33
CUST-ACT-07775,89,89,867,95,38844.6
CUST-ACT-07776,109,109,264,98,27679.6
CUST-ACT-07777,75,75,618,126,19885.75
CUST-ACT-07778,13,13,584,157,11543.02
CUST-ACT-07779,83,83,773,167,48496.63
CUST-ACT-07780,110,110,188,178,23971.33
CUST-ACT-07781,50,50,881,17,16832.78
CUST-ACT-07782,145,145,71,119,52242.09
CUST-ACT-07783,121,121,133,81,38469.23
CUST-ACT-07784,21,21,665,43,72623.65
CUST-ACT-07785,71,71,138,34,51728.96
CUST-ACT-07786,101,101,906,76,54483.95
CUST-ACT-07787,28,28,33,91,67328.18
CUST-ACT-07788,20,20,317,69,35177.36
CUST-ACT-07789,131,131,253,72,74891.07
CUST-ACT-07790,88,88,375,128,22279.4
CUST-ACT-07791,18,18,58,10,35831.03
CUST-ACT-07792,127,127,378,29,70456.74
CUST-ACT-07793,69,69,952,153,63243.46
CUST-ACT-07794,41,41,248,97,17550.49
CUST-ACT-07795,93,93,988,137,59485.45
CUST-ACT-07796,125,125,864,101,37899.96
CUST-ACT-07797,97,97,397,134,71002.88
CUST-ACT-07798,63,63,564,41,55755.69
CUST-ACT-07799,23,23,253,151,30436.6
CUST-ACT-07800,133,133,233,29,53639.28
CUST-ACT-07801,146,146,94,149,63321.91
CUST-ACT-07802,84,84,881,2,70619.59
CUST-ACT-07803,135,135,890,28,71856.7
CUST-ACT-07804,53,53,151,41,43111.54
CUST-ACT-07805,39,39,939,176,70461.14
CUST-ACT-07806,18,18,101,18,49303.97
CUST-ACT-07807,55,55,405,24,15852.36
CUST-ACT-07808,76,76,887,161,47611.21
CUST-ACT-07809,127,127,706,123,25352.49
CUST-ACT-07810,110,110,617,18,66259.46
CUST-ACT-07811,131,131,667,2,28919.68
CUST-ACT-07812,63,63,567,140,17161.98
CUST-ACT-07813,101,101,744,61,74919.81
CUST-ACT-07814,56,56,357,145,56112.74
CUST-ACT-07815,123,123,573,76,18918.56
CUST-ACT-07816,127,127,653,36,60297.63
CUST-ACT-07817,115,115,920,144,59845.07
CUST-ACT-07818,40,40,764,119,7024.2
CUST-ACT-07819,138,138,238,85,31790.12
CUST-ACT-07820,135,135,565,170,74350.19
CUST-ACT-07821,29,29,307,60,22180.39
CUST-ACT-07822,97,97,917,64,67766.75
CUST-ACT-07823,138,138,687,59,47380.87
CUST-ACT-07824,82,82,468,27,43926.19
CUST-ACT-07825,57,57,179,130,56506.19
CUST-ACT-07826,140,140,216,87,35213.62
CUST-ACT-07827,115,115,630,39,58091.75
CUST-ACT-07828,67,67,918,178,35136.16
CUST-ACT-07829,38,38,758,18,20438.44
CUST-ACT-07830,23,23,589,130,43210.75
CUST-ACT-07831,84,84,333,169,36731.09
CUST-ACT-07832,141,141,382,160,3949.47
CUST-ACT-07833,5,5,918,173,16785.58
CUST-ACT-07834,36,36,214,169,28503.61
CUST-ACT-07835,133,133,272,54,66875.81
CUST-ACT-07836,38,38,647,156,13685.76
CUST-ACT-07837,130,130,781,128,15151.36
CUST-ACT-07838,53,53,720,90,17206.67
CUST-ACT-07839,13,13,640,5,7150.71
CUST-ACT-07840,37,37,145,153,61132.64
CUST-ACT-07841,145,145,555,178,19859.03
CUST-ACT-07842,137,137,44,61,28194.91
CUST-ACT-07843,132,132,961,16,50972.48
CUST-ACT-07844,51,51,569,172,62071.66
CUST-ACT-07845,94,94,192,1,53926.01
CUST-ACT-07846,97,97,396,130,9175.16
CUST-ACT-07847,131,131,306,1,15685.59
CUST-ACT-07848,26,26,556,103,8139.9
CUST-ACT-07849,27,27,812,173,21732.87
CUST-ACT-07850,55,55,978,131,25817.81
CUST-ACT-07851,119,119,473,63,16520.05
CUST-ACT-07852,115,115,359,41,74613.34
CUST-ACT-07853,45,45,332,64,33006.12
CUST-ACT-07854,46,46,461,14,39243.35
CUST-ACT-07855,21,21,239,64,37572.27
CUST-ACT-07856,43,43,816,99,3710.99
CUST-ACT-07857,127,127,813,68,52710.1
CUST-ACT-07858,138,138,722,37,50791.27
CUST-ACT-07859,87,87,893,161,74957.83
CUST-ACT-07860,114,114,182,50,19020.23
CUST-ACT-07861,31,31,529,132,4130.72
CUST-ACT-07862,81,81,938,59,7409.35
CUST-ACT-07863,48,48,629,56,28793.64
CUST-ACT-07864,23,23,940,157,20504.59
CUST-ACT-07865,125,125,137,60,50114.63
CUST-ACT-07866,93,93,765,101,15036.49
CUST-ACT-07867,8,8,432,179,19102.88
CUST-ACT-07868,70,70,130,18,66198.57
CUST-ACT-07869,94,94,323,163,52899.84
CUST-ACT-07870,57,57,728,92,19512.87
CUST-ACT-07871,8,8,822,4,40636.29
CUST-ACT-07872,83,83,957,42,31484.99
CUST-ACT-07873,125,125,196,56,63795.31
CUST-ACT-07874,78,78,389,52,3103.69
CUST-ACT-07875,55,55,853,22,28177.65
CUST-ACT-07876,114,114,626,73,10231.11
CUST-ACT-07877,107,107,134,5,66184.46
CUST-ACT-07878,119,119,947,177,3366.65
CUST-ACT-07879,5,5,642,176,41424.13
CUST-ACT-07880,105,105,296,140,51652.76
CUST-ACT-07881,28,28,201,162,28474.24
CUST-ACT-07882,88,88,205,19,6250.38
CUST-ACT-07883,119,119,732,111,6877.82
CUST-ACT-07884,44,44,43,159,31417.88
CUST-ACT-07885,14,14,267,61,5175.82
CUST-ACT-07886,115,115,595,33,37049.37
CUST-ACT-07887,102,102,577,132,24117.85
CUST-ACT-07888,63,63,729,42,15682.99
CUST-ACT-07889,124,124,419,116,8425.13
CUST-ACT-07890,108,108,49,142,29914.47
CUST-ACT-07891,38,38,196,74,32638.08
CUST-ACT-07892,21,21,47,111,59840.81
CUST-ACT-07893,68,68,190,36,15102.72
CUST-ACT-07894,100,100,851,100,20041.81
CUST-ACT-07895,149,149,503,99,54730.07
CUST-ACT-07896,119,119,997,21,24929.9
CUST-ACT-07897,42,42,964,38,72052.83
CUST-ACT-07898,70,70,391,132,16704.19
CUST-ACT-07899,54,54,373,172,27518.44
CUST-ACT-07900,66,66,205,170,60752.79
CUST-ACT-07901,51,51,644,87,957.68
CUST-ACT-07902,104,104,173,158,23838.69
CUST-ACT-07903,35,35,582,79,55856.72
CUST-ACT-07904,129,129,121,133,41686.24
CUST-ACT-07905,56,56,753,174,58137.72
CUST-ACT-07906,114,114,99,99,57275.19
CUST-ACT-07907,123,123,440,122,55650.65
CUST-ACT-07908,5,5,984,153,49314.38
CUST-ACT-07909,92,92,327,162,18043.03
CUST-ACT-07910,5,5,832,165,33427.49
CUST-ACT-07911,17,17,603,93,42906.88
CUST-ACT-07912,119,119,378,143,61709.2
CUST-ACT-07913,131,131,225,177,67458.51
CUST-ACT-07914,18,18,240,110,41834.47
CUST-ACT-07915,10,10,876,8,49187.11
CUST-ACT-07916,15,15,600,39,31485.66
CUST-ACT-07917,87,87,340,139,63849.77
CUST-ACT-07918,100,100,590,11,62464.93
CUST-ACT-07919,14,14,152,25,29375.98
CUST-ACT-07920,92,92,571,148,56246.09
CUST-ACT-07921,55,55,717,53,9893.98
CUST-ACT-07922,145,145,129,154,41331.79
CUST-ACT-07923,88,88,85,17,46010.55
CUST-ACT-07924,39,39,42,89,15065.61
CUST-ACT-07925,146,146,211,53,62638.6
CUST-ACT-07926,34,34,554,21,29913.72
CUST-ACT-07927,21,21,42,40,20032.04
CUST-ACT-07928,72,72,813,87,64257.16
CUST-ACT-07929,37,37,229,14,39255.9
CUST-ACT-07930,107,107,56,14,36838.38
CUST-ACT-07931,15,15,526,149,27325.43
CUST-ACT-07932,22,22,944,2,49199.14
CUST-ACT-07933,78,78,159,82,35206.72
CUST-ACT-07934,74,74,62,53,37270.7
CUST-ACT-07935,104,104,567,51,13394.68
CUST-ACT-07936,126,126,744,169,32566.76
CUST-ACT-07937,13,13,239,147,31224.2
CUST-ACT-07938,2,2,326,166,21175.75
CUST-ACT-07939,55,55,281,144,66283.57
CUST-ACT-07940,44,44,653,16,8094.29
CUST-ACT-07941,130,130,341,73,10958.53
CUST-ACT-07942,86,86,720,140,42945.01
CUST-ACT-07943,127,127,932,130,22059.54
CUST-ACT-07944,62,62,866,17,46611.69
CUST-ACT-07945,80,80,941,60,28905.99
CUST-ACT-07946,122,122,997,84,23818.8
CUST-ACT-07947,119,119,577,140,72784.78
CUST-ACT-07948,103,103,463,38,16106.62
CUST-ACT-07949,56,56,502,123,58452.95
CUST-ACT-07950,16,16,788,44,35813.08
CUST-ACT-07951,88,88,771,5,70346.58
CUST-ACT-07952,24,24,595,111,20611.53
CUST-ACT-07953,59,59,167,66,65319.8
CUST-ACT-07954,83,83,75,58,7802.75
CUST-ACT-07955,106,106,143,63,71350.29
CUST-ACT-07956,149,149,921,147,67513.81
CUST-ACT-07957,137,137,470,23,60166.31
CUST-ACT-07958,12,12,766,110,9633.4
CUST-ACT-07959,82,82,346,16,42127.54
CUST-ACT-07960,117,117,288,123,49051.54
CUST-ACT-07961,17,17,752,102,21721.78
CUST-ACT-07962,51,51,194,1,71681.04
CUST-ACT-07963,18,18,104,60,42581.61
CUST-ACT-07964,28,28,442,15,19217.52
CUST-ACT-07965,66,66,508,58,56376.32
CUST-ACT-07966,119,119,737,72,15472.54
CUST-ACT-07967,135,135,526,9,26190.09
CUST-ACT-07968,1,1,381,133,52865.71
CUST-ACT-07969,41,41,605,110,52231.37
CUST-ACT-07970,23,23,609,63,21183.92
CUST-ACT-07971,116,116,857,62,70412.07
CUST-ACT-07972,19,19,490,83,59156.93
CUST-ACT-07973,10,10,485,88,23060.57
CUST-ACT-07974,43,43,850,115,66344.34
CUST-ACT-07975,96,96,756,81,35276.22
CUST-ACT-07976,104,104,228,164,53660.79
CUST-ACT-07977,26,26,605,155,43310.05
CUST-ACT-07978,43,43,974,43,70016.13
CUST-ACT-07979,91,91,330,110,6309.16
CUST-ACT-07980,94,94,792,83,70260.34
CUST-ACT-07981,139,139,607,30,54339.27
CUST-ACT-07982,123,123,113,177,15575.9
CUST-ACT-07983,147,147,338,130,16085.14
CUST-ACT-07984,72,72,812,15,12051.0
CUST-ACT-07985,119,119,508,39,40455.51
CUST-ACT-07986,78,78,745,92,53311.03
CUST-ACT-07987,38,38,348,164,14816.57
CUST-ACT-07988,52,52,821,148,64488.62
CUST-ACT-07989,90,90,94,128,52735.52
CUST-ACT-07990,15,15,872,147,67739.21
CUST-ACT-07991,105,105,154,140,24004.65
CUST-ACT-07992,24,24,300,94,39771.34
CUST-ACT-07993,120,120,508,24,67580.78
CUST-ACT-07994,103,103,730,136,41959.13
CUST-ACT-07995,103,103,755,56,13137.75
CUST-ACT-07996,119,119,437,92,36211.99
CUST-ACT-07997,147,147,701,44,17377.89
CUST-ACT-07998,33,33,605,22,4490.98
CUST-ACT-07999,20,20,963,154,29489.99
CUST-ACT-08000,51,51,455,150,66831.61
CUST-ACT-08001,6,6,265,167,24035.54
CUST-ACT-08002,30,30,350,9,43663.02
CUST-ACT-08003,2,2,280,113,44426.24
CUST-ACT-08004,114,114,407,123,38867.0
CUST-ACT-08005,15,15,414,26,26151.02
CUST-ACT-08006,100,100,389,96,43584.95
CUST-ACT-08007,24,24,546,144,11820.6
CUST-ACT-08008,132,132,101,72,63948.61
CUST-ACT-08009,134,134,668,61,27716.08
CUST-ACT-08010,12,12,679,52,24113.28
CUST-ACT-08011,51,51,646,176,40213.89
CUST-ACT-08012,64,64,372,41,53708.0
CUST-ACT-08013,43,43,92,137,65771.15
CUST-ACT-08014,4,4,202,152,44185.04
CUST-ACT-08015,131,131,301,139,25204.19
CUST-ACT-08016,52,52,703,176,28558.29
CUST-ACT-08017,140,140,167,154,61964.55
CUST-ACT-08018,87,87,683,73,42120.49
CUST-ACT-08019,60,60,659,120,28191.85
CUST-ACT-08020,13,13,420,13,28671.07
CUST-ACT-08021,4,4,96,28,53246.27
CUST-ACT-08022,6,6,70,132,38087.37
CUST-ACT-08023,94,94,405,132,38046.8
CUST-ACT-08024,111,111,673,122,36366.64
CUST-ACT-08025,131,131,500,147,20232.28
CUST-ACT-08026,88,88,997,113,11469.71
CUST-ACT-08027,68,68,237,46,14714.03
CUST-ACT-08028,2,2,261,59,15802.11
CUST-ACT-08029,4,4,53,101,5611.69
CUST-ACT-08030,74,74,50,153,70288.65
CUST-ACT-08031,49,49,663,24,30998.92
CUST-ACT-08032,15,15,943,4,15127.73
CUST-ACT-08033,103,103,111,89,71490.01
CUST-ACT-08034,111,111,252,176,916.06
CUST-ACT-08035,23,23,67,176,73361.57
CUST-ACT-08036,146,146,366,67,49807.36
CUST-ACT-08037,97,97,318,97,40878.75
CUST-ACT-08038,101,101,707,6,53126.93
CUST-ACT-08039,3,3,231,94,21163.7
CUST-ACT-08040,52,52,354,98,5081.12
CUST-ACT-08041,69,69,590,177,9557.76
CUST-ACT-08042,68,68,258,52,34477.17
CUST-ACT-08043,31,31,500,114,25858.77
CUST-ACT-08044,146,146,688,32,41289.71
CUST-ACT-08045,138,138,699,127,67718.04
CUST-ACT-08046,82,82,544,87,49759.94
CUST-ACT-08047,112,112,932,134,57202.3
CUST-ACT-08048,79,79,147,27,73017.05
CUST-ACT-08049,56,56,964,60,71419.05
CUST-ACT-08050,74,74,306,57,23207.13
CUST-ACT-08051,106,106,324,92,17987.5
CUST-ACT-08052,94,94,834,146,52375.67
CUST-ACT-08053,71,71,457,98,29374.43
CUST-ACT-08054,100,100,470,2,46635.95
CUST-ACT-08055,3,3,360,12,9778.74
CUST-ACT-08056,92,92,170,42,26970.45
CUST-ACT-08057,134,134,723,78,58846.68
CUST-ACT-08058,75,75,971,179,21959.44
CUST-ACT-08059,117,117,194,57,8237.77
CUST-ACT-08060,29,29,253,72,38917.27
CUST-ACT-08061,29,29,43,105,54038.99
CUST-ACT-08062,43,43,358,131,5287.41
CUST-ACT-08063,136,136,924,99,4174.77
CUST-ACT-08064,123,123,76,115,62333.18
CUST-ACT-08065,28,28,457,48,61581.55
CUST-ACT-08066,103,103,758,123,11935.49
CUST-ACT-08067,142,142,624,130,14982.79
CUST-ACT-08068,117,117,522,118,17692.15
CUST-ACT-08069,80,80,663,129,55219.64
CUST-ACT-08070,28,28,806,162,5233.54
CUST-ACT-08071,94,94,347,48,70874.13
CUST-ACT-08072,102,102,801,160,668.1
CUST-ACT-08073,44,44,961,84,35134.83
CUST-ACT-08074,6,6,326,161,71275.47
CUST-ACT-08075,45,45,216,149,50728.46
CUST-ACT-08076,29,29,953,66,13428.39
CUST-ACT-08077,75,75,531,19,32750.32
CUST-ACT-08078,143,143,176,148,12063.41
CUST-ACT-08079,129,129,547,10,54728.22
CUST-ACT-08080,49,49,424,62,73826.83
CUST-ACT-08081,44,44,909,22,29314.91
CUST-ACT-08082,114,114,212,35,68791.72
CUST-ACT-08083,113,113,828,133,43798.15
CUST-ACT-08084,111,111,397,159,59219.9
CUST-ACT-08085,69,69,178,83,67044.46
CUST-ACT-08086,65,65,485,8,29863.91
CUST-ACT-08087,83,83,543,135,66587.99
CUST-ACT-08088,61,61,794,51,40120.05
CUST-ACT-08089,1,1,308,161,37708.57
CUST-ACT-08090,20,20,881,97,38084.41
CUST-ACT-08091,102,102,78,88,8563.88
CUST-ACT-08092,63,63,395,25,8467.28
CUST-ACT-08093,63,63,804,135,7107.64
CUST-ACT-08094,7,7,509,116,50425.41
CUST-ACT-08095,86,86,825,59,51354.08
CUST-ACT-08096,123,123,622,159,4686.11
CUST-ACT-08097,7,7,393,129,6994.82
CUST-ACT-08098,53,53,703,167,72654.09
CUST-ACT-08099,99,99,288,68,27664.43
CUST-ACT-08100,41,41,802,33,64491.45
CUST-ACT-08101,76,76,398,135,4410.9
CUST-ACT-08102,17,17,878,168,36684.51
CUST-ACT-08103,137,137,283,8,71262.0
CUST-ACT-08104,61,61,470,79,54581.25
CUST-ACT-08105,8,8,200,24,32169.63
CUST-ACT-08106,53,53,132,57,42460.35
CUST-ACT-08107,30,30,986,100,6738.73
CUST-ACT-08108,142,142,760,125,59600.36
CUST-ACT-08109,18,18,342,65,53332.02
CUST-ACT-08110,29,29,301,131,51156.08
CUST-ACT-08111,115,115,883,133,65245.06
CUST-ACT-08112,95,95,392,84,57887.93
CUST-ACT-08113,4,4,698,9,74752.13
CUST-ACT-08114,125,125,406,91,53741.83
CUST-ACT-08115,88,88,200,88,37418.09
CUST-ACT-08116,81,81,528,104,48771.3
CUST-ACT-08117,17,17,50,134,55832.27
CUST-ACT-08118,56,56,543,30,32837.35
CUST-ACT-08119,17,17,516,156,50513.76
CUST-ACT-08120,141,141,663,170,20562.01
CUST-ACT-08121,53,53,349,19,12463.26
CUST-ACT-08122,89,89,449,179,72670.72
CUST-ACT-08123,31,31,441,91,25317.31
CUST-ACT-08124,6,6,751,103,11396.75
CUST-ACT-08125,97,97,304,148,22558.99
CUST-ACT-08126,123,123,498,127,25247.27
CUST-ACT-08127,117,117,754,110,20498.15
CUST-ACT-08128,63,63,786,95,18183.35
CUST-ACT-08129,136,136,67,12,15584.09
CUST-ACT-08130,114,114,30,25,13090.3
CUST-ACT-08131,51,51,271,103,5231.56
CUST-ACT-08132,100,100,284,79,12015.75
CUST-ACT-08133,117,117,674,52,931.99
CUST-ACT-08134,134,134,398,109,65017.43
CUST-ACT-08135,124,124,318,141,59051.72
CUST-ACT-08136,56,56,222,40,21522.47
CUST-ACT-08137,78,78,826,83,803.28
CUST-ACT-08138,125,125,253,11,38066.9
CUST-ACT-08139,132,132,782,71,37764.13
CUST-ACT-08140,27,27,865,162,29665.85
CUST-ACT-08141,99,99,367,127,12875.23
CUST-ACT-08142,49,49,652,131,31938.12
CUST-ACT-08143,5,5,112,147,7401.26
CUST-ACT-08144,117,117,38,166,28325.14
CUST-ACT-08145,24,24,335,56,49119.01
CUST-ACT-08146,68,68,124,23,17106.39
CUST-ACT-08147,77,77,411,82,60471.74
CUST-ACT-08148,26,26,215,113,5970.37
CUST-ACT-08149,37,37,708,154,17040.16
CUST-ACT-08150,105,105,305,148,38524.95
CUST-ACT-08151,64,64,199,68,39680.22
CUST-ACT-08152,66,66,734,109,29381.43
CUST-ACT-08153,77,77,519,170,8062.99
CUST-ACT-08154,91,91,112,107,5661.4
CUST-ACT-08155,113,113,529,151,20029.29
CUST-ACT-08156,95,95,491,47,3062.22
CUST-ACT-08157,144,144,241,39,18968.66
CUST-ACT-08158,35,35,958,7,35245.17
CUST-ACT-08159,71,71,49,113,8418.25
CUST-ACT-08160,12,12,981,24,55285.63
CUST-ACT-08161,88,88,201,3,7241.11
CUST-ACT-08162,109,109,418,95,12462.23
CUST-ACT-08163,135,135,785,131,68302.46
CUST-ACT-08164,46,46,617,53,9688.25
CUST-ACT-08165,2,2,619,175,70272.09
CUST-ACT-08166,75,75,824,85,68228.91
CUST-ACT-08167,35,35,537,177,55902.46
CUST-ACT-08168,40,40,765,71,55956.47
CUST-ACT-08169,105,105,917,140,52335.91
CUST-ACT-08170,94,94,459,3,72864.78
CUST-ACT-08171,56,56,308,164,8951.79
CUST-ACT-08172,129,129,150,124,51467.05
CUST-ACT-08173,149,149,763,43,6680.39
CUST-ACT-08174,28,28,347,102,22512.39
CUST-ACT-08175,101,101,272,60,15896.05
CUST-ACT-08176,36,36,581,146,38291.61
CUST-ACT-08177,63,63,619,123,44170.7
CUST-ACT-08178,51,51,392,172,44891.76
CUST-ACT-08179,86,86,884,163,42701.02
CUST-ACT-08180,66,66,918,58,18608.43
CUST-ACT-08181,26,26,798,147,44032.45
CUST-ACT-08182,87,87,291,124,25341.77
CUST-ACT-08183,113,113,463,40,18501.16
CUST-ACT-08184,30,30,341,52,12458.41
CUST-ACT-08185,40,40,910,87,19081.36
CUST-ACT-08186,46,46,192,107,30316.07
CUST-ACT-08187,89,89,60,143,18926.0
CUST-ACT-08188,57,57,151,41,66255.09
CUST-ACT-08189,18,18,425,118,4380.12
CUST-ACT-08190,92,92,221,162,2030.17
CUST-ACT-08191,22,22,915,131,38927.43
CUST-ACT-08192,108,108,104,83,36302.34
CUST-ACT-08193,127,127,616,118,71441.85
CUST-ACT-08194,70,70,641,132,52690.52
CUST-ACT-08195,29,29,954,34,889.59
CUST-ACT-08196,87,87,651,114,57093.9
CUST-ACT-08197,70,70,542,167,67765.03
CUST-ACT-08198,122,122,245,71,41613.48
CUST-ACT-08199,39,39,139,156,53606.98
CUST-ACT-08200,140,140,778,86,14590.69
CUST-ACT-08201,99,99,898,33,67304.5
CUST-ACT-08202,66,66,218,37,19580.08
CUST-ACT-08203,127,127,814,53,52542.3
CUST-ACT-08204,79,79,289,61,49025.69
CUST-ACT-08205,128,128,153,84,65284.0
CUST-ACT-08206,10,10,158,109,31741.7
CUST-ACT-08207,139,139,787,49,23489.36
CUST-ACT-08208,149,149,567,24,57180.02
CUST-ACT-08209,100,100,367,121,38394.68
CUST-ACT-08210,12,12,969,85,29543.57
CUST-ACT-08211,38,38,991,33,34578.96
CUST-ACT-08212,90,90,582,40,1976.01
CUST-ACT-08213,12,12,163,174,18557.14
CUST-ACT-08214,133,133,520,116,37317.59
CUST-ACT-08215,131,131,147,85,65322.12
CUST-ACT-08216,20,20,415,147,26885.5
CUST-ACT-08217,112,112,375,108,55079.42
CUST-ACT-08218,33,33,109,39,72215.38
CUST-ACT-08219,16,16,468,42,70354.47
CUST-ACT-08220,108,108,629,64,68007.6
CUST-ACT-08221,137,137,843,22,57338.51
CUST-ACT-08222,94,94,274,32,36468.94
CUST-ACT-08223,10,10,653,36,40679.76
CUST-ACT-08224,113,113,584,67,7964.81
CUST-ACT-08225,107,107,682,177,48551.24
CUST-ACT-08226,124,124,385,179,13633.38
CUST-ACT-08227,141,141,537,137,47262.61
CUST-ACT-08228,133,133,777,113,68040.9
CUST-ACT-08229,23,23,843,70,22031.99
CUST-ACT-08230,59,59,728,45,39538.09
CUST-ACT-08231,38,38,469,5,65084.99
CUST-ACT-08232,98,98,295,93,14216.81
CUST-ACT-08233,22,22,131,118,23000.76
CUST-ACT-08234,32,32,64,6,38964.49
CUST-ACT-08235,106,106,398,25,39370.92
CUST-ACT-08236,34,34,883,41,16378.93
CUST-ACT-08237,33,33,778,145,17413.87
CUST-ACT-08238,99,99,383,117,15108.27
CUST-ACT-08239,7,7,616,131,25660.21
CUST-ACT-08240,45,45,775,141,48814.95
CUST-ACT-08241,132,132,913,2,15518.82
CUST-ACT-08242,41,41,996,105,36323.42
CUST-ACT-08243,55,55,838,83,72975.59
CUST-ACT-08244,137,137,719,9,31683.45
CUST-ACT-08245,50,50,892,108,16912.78
CUST-ACT-08246,55,55,64,111,59091.2
CUST-ACT-08247,58,58,926,166,32648.75
CUST-ACT-08248,85,85,102,69,73214.44
CUST-ACT-08249,71,71,803,172,63062.23
CUST-ACT-08250,13,13,442,175,69154.25
CUST-ACT-08251,53,53,517,7,36414.98
CUST-ACT-08252,84,84,762,123,30478.41
CUST-ACT-08253,113,113,911,76,45026.77
CUST-ACT-08254,42,42,295,144,7594.49
CUST-ACT-08255,62,62,499,87,9519.03
CUST-ACT-08256,29,29,791,100,8665.78
CUST-ACT-08257,80,80,314,87,61895.4
CUST-ACT-08258,105,105,679,137,21029.75
CUST-ACT-08259,37,37,81,144,14695.01
CUST-ACT-08260,100,100,182,119,74394.81
CUST-ACT-08261,138,138,271,83,58047.43
CUST-ACT-08262,57,57,693,100,18084.46
CUST-ACT-08263,122,122,273,174,3436.87
CUST-ACT-08264,139,139,290,134,30636.71
CUST-ACT-08265,15,15,905,28,48061.51
CUST-ACT-08266,109,109,197,72,39719.09
CUST-ACT-08267,7,7,657,57,22412.34
CUST-ACT-08268,33,33,504,17,49314.8
CUST-ACT-08269,140,140,143,120,20884.17
CUST-ACT-08270,116,116,52,75,73174.96
CUST-ACT-08271,105,105,451,29,62016.87
CUST-ACT-08272,38,38,479,176,18512.01
CUST-ACT-08273,144,144,618,155,74287.9
CUST-ACT-08274,141,141,120,154,19229.99
CUST-ACT-08275,72,72,303,129,28832.06
CUST-ACT-08276,25,25,277,97,60671.7
CUST-ACT-08277,118,118,421,35,19027.98
CUST-ACT-08278,147,147,898,168,37306.1
CUST-ACT-08279,29,29,292,128,24085.7
CUST-ACT-08280,132,132,557,45,14506.33
CUST-ACT-08281,8,8,346,101,18558.5
CUST-ACT-08282,107,107,47,29,48264.93
CUST-ACT-08283,128,128,220,28,68285.6
CUST-ACT-08284,19,19,285,11,32189.63
CUST-ACT-08285,69,69,877,54,65284.07
CUST-ACT-08286,101,101,328,117,65094.77
CUST-ACT-08287,41,41,784,117,3089.04
CUST-ACT-08288,77,77,107,67,38820.9
CUST-ACT-08289,89,89,811,5,57043.07
CUST-ACT-08290,133,133,941,99,9528.99
CUST-ACT-08291,133,133,258,166,45356.11
CUST-ACT-08292,31,31,724,137,34754.95
CUST-ACT-08293,70,70,214,173,43995.27
CUST-ACT-08294,16,16,549,12,65973.54
CUST-ACT-08295,46,46,325,145,34074.38
CUST-ACT-08296,65,65,635,164,18922.75
CUST-ACT-08297,79,79,406,62,36770.47
CUST-ACT-08298,132,132,354,14,33034.02
CUST-ACT-08299,102,102,746,150,73002.34
CUST-ACT-08300,133,133,289,177,18315.82
CUST-ACT-08301,146,146,260,51,7334.58
CUST-ACT-08302,7,7,355,7,2100.09
CUST-ACT-08303,78,78,151,73,21926.21
CUST-ACT-08304,128,128,652,143,71874.76
CUST-ACT-08305,138,138,74,110,35358.31
CUST-ACT-08306,31,31,825,92,644.08
CUST-ACT-08307,140,140,111,18,42256.35
CUST-ACT-08308,101,101,636,176,61718.35
CUST-ACT-08309,51,51,499,158,12546.51
CUST-ACT-08310,6,6,248,40,60753.87
CUST-ACT-08311,64,64,634,150,62683.65
CUST-ACT-08312,59,59,384,29,17551.8
CUST-ACT-08313,79,79,896,33,43089.06
CUST-ACT-08314,116,116,835,141,521.07
CUST-ACT-08315,33,33,490,39,15200.65
CUST-ACT-08316,111,111,235,94,65884.88
CUST-ACT-08317,59,59,445,56,26942.55
CUST-ACT-08318,136,136,877,78,18071.75
CUST-ACT-08319,70,70,125,123,29975.32
CUST-ACT-08320,86,86,291,41,55361.89
CUST-ACT-08321,135,135,582,87,55439.61
CUST-ACT-08322,115,115,205,107,5391.84
CUST-ACT-08323,129,129,410,76,35628.56
CUST-ACT-08324,87,87,710,117,66570.12
CUST-ACT-08325,114,114,92,171,60423.09
CUST-ACT-08326,44,44,650,174,8924.24
CUST-ACT-08327,110,110,621,110,69165.0
CUST-ACT-08328,5,5,280,165,68075.81
CUST-ACT-08329,98,98,293,99,59100.65
CUST-ACT-08330,138,138,577,2,7207.33
CUST-ACT-08331,15,15,307,126,43505.21
CUST-ACT-08332,75,75,923,158,40676.13
CUST-ACT-08333,3,3,261,3,28818.46
CUST-ACT-08334,58,58,306,137,64239.16
CUST-ACT-08335,3,3,135,3,39829.94
CUST-ACT-08336,118,118,939,66,61076.02
CUST-ACT-08337,96,96,656,36,28302.3
CUST-ACT-08338,60,60,167,122,6865.39
CUST-ACT-08339,119,119,639,155,42000.45
CUST-ACT-08340,113,113,362,40,7153.34
CUST-ACT-08341,76,76,892,58,35439.57
CUST-ACT-08342,125,125,731,61,59068.74
CUST-ACT-08343,129,129,72,122,11251.81
CUST-ACT-08344,32,32,964,164,863.05
CUST-ACT-08345,139,139,431,13,7920.03
CUST-ACT-08346,124,124,126,140,27960.46
CUST-ACT-08347,75,75,43,132,8858.88
CUST-ACT-08348,36,36,962,6,17254.21
CUST-ACT-08349,131,131,792,168,11335.24
CUST-ACT-08350,78,78,485,131,63679.83
CUST-ACT-08351,97,97,172,162,44505.98
CUST-ACT-08352,19,19,587,3,10726.96
CUST-ACT-08353,7,7,91,132,59560.19
CUST-ACT-08354,43,43,668,30,9294.4
CUST-ACT-08355,96,96,315,18,54362.9
CUST-ACT-08356,41,41,323,71,23028.45
CUST-ACT-08357,44,44,769,20,9898.25
CUST-ACT-08358,86,86,196,175,62586.37
CUST-ACT-08359,89,89,798,113,52135.64
CUST-ACT-08360,100,100,393,14,59516.5
CUST-ACT-08361,30,30,307,109,2579.94
CUST-ACT-08362,129,129,555,132,42709.96
CUST-ACT-08363,73,73,961,146,49386.99
CUST-ACT-08364,3,3,469,131,1920.42
CUST-ACT-08365,140,140,813,64,58112.05
CUST-ACT-08366,81,81,40,119,25080.26
CUST-ACT-08367,71,71,455,74,31651.83
CUST-ACT-08368,62,62,607,70,62300.51
CUST-ACT-08369,137,137,798,96,10912.21
CUST-ACT-08370,149,149,773,57,60677.98
CUST-ACT-08371,28,28,818,169,8855.96
CUST-ACT-08372,100,100,331,30,20559.51
CUST-ACT-08373,76,76,161,102,6778.34
CUST-ACT-08374,142,142,984,124,57536.46
CUST-ACT-08375,76,76,631,147,9543.49
CUST-ACT-08376,101,101,530,30,18835.92
CUST-ACT-08377,144,144,458,93,34827.03
CUST-ACT-08378,53,53,170,75,5060.47
CUST-ACT-08379,109,109,593,38,42026.69
CUST-ACT-08380,105,105,714,68,14619.76
CUST-ACT-08381,146,146,53,112,31932.5
CUST-ACT-08382,124,124,665,36,44056.66
CUST-ACT-08383,128,128,516,51,64929.5
CUST-ACT-08384,23,23,45,170,50312.63
CUST-ACT-08385,124,124,337,103,72759.58
CUST-ACT-08386,134,134,356,143,3716.54
CUST-ACT-08387,39,39,826,14,38014.7
CUST-ACT-08388,139,139,522,105,17312.75
CUST-ACT-08389,26,26,62,164,56608.61
CUST-ACT-08390,147,147,170,101,71681.53
CUST-ACT-08391,58,58,108,55,28673.22
CUST-ACT-08392,96,96,877,152,41097.65
CUST-ACT-08393,141,141,411,96,26397.63
CUST-ACT-08394,3,3,781,156,43093.89
CUST-ACT-08395,17,17,337,10,62472.27
CUST-ACT-08396,114,114,270,112,64511.21
CUST-ACT-08397,141,141,587,137,68751.42
CUST-ACT-08398,36,36,471,90,48902.99
CUST-ACT-08399,140,140,273,155,41170.71
CUST-ACT-08400,31,31,235,67,12775.65
CUST-ACT-08401,110,110,614,92,6577.01
CUST-ACT-08402,110,110,766,118,52868.12
CUST-ACT-08403,86,86,986,75,884.34
CUST-ACT-08404,83,83,192,147,9030.89
CUST-ACT-08405,113,113,978,160,13146.45
CUST-ACT-08406,8,8,430,122,14652.69
CUST-ACT-08407,2,2,893,23,64715.97
CUST-ACT-08408,70,70,950,69,59090.93
CUST-ACT-08409,101,101,192,90,57628.75
CUST-ACT-08410,25,25,952,123,22448.33
CUST-ACT-08411,61,61,622,127,70407.7
CUST-ACT-08412,10,10,163,133,28820.64
CUST-ACT-08413,107,107,240,160,41832.57
CUST-ACT-08414,109,109,283,42,19438.26
CUST-ACT-08415,125,125,128,34,31520.91
CUST-ACT-08416,95,95,560,133,10994.55
CUST-ACT-08417,21,21,885,149,3706.16
CUST-ACT-08418,2,2,392,52,20513.47
CUST-ACT-08419,104,104,203,65,43375.99
CUST-ACT-08420,78,78,251,135,25151.8
CUST-ACT-08421,108,108,224,36,7341.01
CUST-ACT-08422,132,132,481,84,24553.43
CUST-ACT-08423,137,137,417,51,6515.3
CUST-ACT-08424,66,66,665,173,23592.83
CUST-ACT-08425,26,26,35,149,29467.43
CUST-ACT-08426,68,68,204,126,36616.73
CUST-ACT-08427,41,41,891,37,67001.21
CUST-ACT-08428,74,74,248,47,57491.79
CUST-ACT-08429,23,23,540,134,58387.18
CUST-ACT-08430,86,86,118,66,67367.26
CUST-ACT-08431,106,106,196,152,34090.32
CUST-ACT-08432,89,89,398,105,66753.33
CUST-ACT-08433,133,133,975,35,35121.69
CUST-ACT-08434,65,65,73,163,60971.66
CUST-ACT-08435,26,26,53,43,14179.74
CUST-ACT-08436,102,102,231,176,50796.34
CUST-ACT-08437,9,9,324,173,42159.13
CUST-ACT-08438,42,42,363,104,26086.41
CUST-ACT-08439,92,92,785,98,30529.18
CUST-ACT-08440,21,21,32,88,30918.9
CUST-ACT-08441,2,2,740,156,55764.46
CUST-ACT-08442,27,27,808,95,8366.21
CUST-ACT-08443,16,16,240,39,2577.69
CUST-ACT-08444,72,72,777,126,17712.39
CUST-ACT-08445,56,56,553,175,18148.06
CUST-ACT-08446,136,136,755,116,61387.32
CUST-ACT-08447,34,34,74,6,48615.53
CUST-ACT-08448,54,54,218,5,60614.94
CUST-ACT-08449,6,6,271,100,36660.88
CUST-ACT-08450,125,125,100,137,37263.74
CUST-ACT-08451,128,128,484,172,58094.81
CUST-ACT-08452,97,97,834,47,14686.62
CUST-ACT-08453,28,28,880,22,703.81
CUST-ACT-08454,28,28,460,81,12644.57
CUST-ACT-08455,37,37,189,161,36058.54
CUST-ACT-08456,68,68,901,69,56017.81
CUST-ACT-08457,126,126,32,138,28829.72
CUST-ACT-08458,134,134,680,125,28063.81
CUST-ACT-08459,73,73,653,127,53792.49
CUST-ACT-08460,113,113,868,61,3197.49
CUST-ACT-08461,68,68,795,92,18762.58
CUST-ACT-08462,18,18,772,99,67568.01
CUST-ACT-08463,89,89,655,167,10863.76
CUST-ACT-08464,36,36,57,132,1487.28
CUST-ACT-08465,84,84,223,162,41331.84
CUST-ACT-08466,74,74,186,37,43575.58
CUST-ACT-08467,24,24,937,92,27048.26
CUST-ACT-08468,115,115,540,32,68437.28
CUST-ACT-08469,89,89,607,141,61917.35
CUST-ACT-08470,115,115,490,93,68077.51
CUST-ACT-08471,2,2,210,168,54310.31
CUST-ACT-08472,91,91,327,106,49658.7
CUST-ACT-08473,40,40,142,91,11863.14
CUST-ACT-08474,34,34,441,140,43014.33
CUST-ACT-08475,22,22,164,159,2823.96
CUST-ACT-08476,12,12,632,92,59958.9
CUST-ACT-08477,21,21,606,97,8979.63
CUST-ACT-08478,149,149,889,130,34917.13
CUST-ACT-08479,30,30,498,114,47104.0
CUST-ACT-08480,147,147,662,101,915.06
CUST-ACT-08481,56,56,150,77,55122.23
CUST-ACT-08482,17,17,851,31,8076.61
CUST-ACT-08483,76,76,927,77,15966.37
CUST-ACT-08484,107,107,336,174,47702.06
CUST-ACT-08485,61,61,792,80,19976.56
CUST-ACT-08486,137,137,732,118,46423.03
CUST-ACT-08487,69,69,901,120,33028.95
CUST-ACT-08488,28,28,971,58,31165.68
CUST-ACT-08489,84,84,564,30,5232.09
CUST-ACT-08490,115,115,239,156,1146.91
CUST-ACT-08491,130,130,213,135,7474.95
CUST-ACT-08492,143,143,139,65,42093.25
CUST-ACT-08493,13,13,915,119,39860.07
CUST-ACT-08494,90,90,329,156,66878.8
CUST-ACT-08495,33,33,33,86,14240.66
CUST-ACT-08496,99,99,420,30,21997.51
CUST-ACT-08497,112,112,408,101,72135.44
CUST-ACT-08498,70,70,871,138,56422.5
CUST-ACT-08499,123,123,400,146,33459.55
CUST-ACT-08500,37,37,262,122,44862.97
CUST-ACT-08501,129,129,267,93,959.41
CUST-ACT-08502,104,104,371,169,45874.99
CUST-ACT-08503,61,61,46,72,31481.51
CUST-ACT-08504,15,15,400,4,15315.85
CUST-ACT-08505,35,35,931,38,27074.57
CUST-ACT-08506,113,113,768,128,17108.43
CUST-ACT-08507,96,96,193,90,42440.71
CUST-ACT-08508,71,71,198,114,28787.53
CUST-ACT-08509,129,129,587,162,4699.76
CUST-ACT-08510,141,141,987,35,16848.07
CUST-ACT-08511,109,109,370,93,30585.09
CUST-ACT-08512,139,139,768,155,36793.13
CUST-ACT-08513,95,95,299,130,66915.34
CUST-ACT-08514,29,29,890,1,16484.1
CUST-ACT-08515,10,10,671,161,53392.62
CUST-ACT-08516,121,121,569,126,54816.61
CUST-ACT-08517,3,3,729,118,37247.26
CUST-ACT-08518,116,116,978,175,50073.89
CUST-ACT-08519,99,99,60,153,29513.8
CUST-ACT-08520,59,59,247,61,55090.23
CUST-ACT-08521,123,123,261,101,30258.1
CUST-ACT-08522,68,68,321,174,27166.93
CUST-ACT-08523,72,72,289,91,22550.48
CUST-ACT-08524,17,17,676,137,33022.62
CUST-ACT-08525,38,38,962,17,30644.12
CUST-ACT-08526,31,31,952,13,17915.3
CUST-ACT-08527,51,51,137,160,52058.91
CUST-ACT-08528,144,144,847,136,24834.59
CUST-ACT-08529,97,97,58,76,17925.03
CUST-ACT-08530,123,123,344,54,36900.88
CUST-ACT-08531,139,139,542,102,13708.09
CUST-ACT-08532,49,49,856,79,30915.13
CUST-ACT-08533,87,87,496,98,43862.04
CUST-ACT-08534,92,92,42,16,8245.84
CUST-ACT-08535,114,114,701,136,45185.38
CUST-ACT-08536,41,41,339,32,8160.96
CUST-ACT-08537,46,46,611,125,72684.36
CUST-ACT-08538,74,74,445,42,17897.66
CUST-ACT-08539,53,53,116,62,68058.47
CUST-ACT-08540,73,73,818,28,28654.12
CUST-ACT-08541,66,66,409,165,8589.12
CUST-ACT-08542,138,138,777,16,30285.23
CUST-ACT-08543,47,47,691,168,57059.93
CUST-ACT-08544,53,53,278,116,70520.67
CUST-ACT-08545,141,141,966,173,17965.8
CUST-ACT-08546,98,98,551,62,52677.7
CUST-ACT-08547,110,110,211,112,15540.05
CUST-ACT-08548,77,77,135,109,36914.65
CUST-ACT-08549,141,141,823,79,11083.73
CUST-ACT-08550,39,39,99,42,36363.66
CUST-ACT-08551,13,13,520,129,4850.66
CUST-ACT-08552,47,47,707,165,39338.86
CUST-ACT-08553,115,115,174,98,22739.44
CUST-ACT-08554,5,5,536,151,14517.38
CUST-ACT-08555,126,126,913,96,13351.17
CUST-ACT-08556,7,7,442,75,52906.25
CUST-ACT-08557,4,4,919,73,39769.93
CUST-ACT-08558,34,34,566,88,25408.38
CUST-ACT-08559,96,96,512,125,66751.56
CUST-ACT-08560,101,101,484,23,54030.36
CUST-ACT-08561,29,29,840,36,10239.36
CUST-ACT-08562,79,79,115,20,21543.54
CUST-ACT-08563,37,37,756,123,43176.45
CUST-ACT-08564,16,16,243,135,41821.3
CUST-ACT-08565,25,25,301,17,73037.03
CUST-ACT-08566,68,68,755,98,794.37
CUST-ACT-08567,115,115,423,108,8005.09
CUST-ACT-08568,27,27,340,162,73645.72
CUST-ACT-08569,71,71,268,56,26704.58
CUST-ACT-08570,55,55,346,20,33938.91
CUST-ACT-08571,57,57,604,152,23234.67
CUST-ACT-08572,46,46,805,175,40691.97
CUST-ACT-08573,72,72,988,143,8104.22
CUST-ACT-08574,42,42,655,168,26375.13
CUST-ACT-08575,57,57,429,77,66537.03
CUST-ACT-08576,47,47,785,120,55036.56
CUST-ACT-08577,67,67,203,54,44154.62
CUST-ACT-08578,56,56,763,76,70354.85
CUST-ACT-08579,98,98,209,177,25234.12
CUST-ACT-08580,131,131,893,12,53944.84
CUST-ACT-08581,86,86,302,59,46726.69
CUST-ACT-08582,20,20,406,76,28022.42
CUST-ACT-08583,54,54,984,112,31842.63
CUST-ACT-08584,100,100,428,5,10222.54
CUST-ACT-08585,22,22,511,37,57590.53
CUST-ACT-08586,147,147,354,172,28623.65
CUST-ACT-08587,35,35,506,15,27832.43
CUST-ACT-08588,112,112,56,51,73719.79
CUST-ACT-08589,46,46,369,17,23498.9
CUST-ACT-08590,87,87,429,116,51682.62
CUST-ACT-08591,137,137,564,16,53706.98
CUST-ACT-08592,52,52,518,135,70795.23
CUST-ACT-08593,123,123,880,145,18994.26
CUST-ACT-08594,40,40,501,82,28481.38
CUST-ACT-08595,77,77,992,18,23393.24
CUST-ACT-08596,109,109,202,70,25819.45
CUST-ACT-08597,90,90,201,114,16999.43
CUST-ACT-08598,109,109,467,156,635.8
CUST-ACT-08599,104,104,613,63,39374.55
CUST-ACT-08600,51,51,974,13,63271.07
CUST-ACT-08601,2,2,445,109,8960.95
CUST-ACT-08602,90,90,571,89,33167.68
CUST-ACT-08603,66,66,543,62,24583.29
CUST-ACT-08604,107,107,114,143,74369.73
CUST-ACT-08605,29,29,654,8,19120.25
CUST-ACT-08606,139,139,990,115,46170.07
CUST-ACT-08607,97,97,803,28,10453.65
CUST-ACT-08608,1,1,258,157,6825.47
CUST-ACT-08609,133,133,584,52,6270.93
CUST-ACT-08610,75,75,212,165,50319.42
CUST-ACT-08611,134,134,577,80,19474.78
CUST-ACT-08612,98,98,112,61,72567.78
CUST-ACT-08613,40,40,610,122,44569.38
CUST-ACT-08614,125,125,233,33,40045.66
CUST-ACT-08615,125,125,41,101,7998.24
CUST-ACT-08616,105,105,422,173,16988.34
CUST-ACT-08617,13,13,719,167,44695.72
CUST-ACT-08618,130,130,197,93,1803.91
CUST-ACT-08619,144,144,869,32,26048.49
CUST-ACT-08620,70,70,710,30,71530.25
CUST-ACT-08621,44,44,472,95,42586.15
CUST-ACT-08622,127,127,618,135,2502.33
CUST-ACT-08623,68,68,851,36,42684.09
CUST-ACT-08624,117,117,828,162,59625.82
CUST-ACT-08625,37,37,692,160,17104.79
CUST-ACT-08626,5,5,100,146,12435.73
CUST-ACT-08627,129,129,977,38,26962.12
CUST-ACT-08628,82,82,48,5,27260.88
CUST-ACT-08629,55,55,631,148,1292.12
CUST-ACT-08630,143,143,57,49,14907.06
CUST-ACT-08631,145,145,830,91,48640.98
CUST-ACT-08632,9,9,373,24,57992.28
CUST-ACT-08633,71,71,624,104,43798.69
CUST-ACT-08634,57,57,639,156,53011.04
CUST-ACT-08635,70,70,986,133,46350.12
CUST-ACT-08636,113,113,896,158,3273.92
CUST-ACT-08637,81,81,243,57,7678.59
CUST-ACT-08638,96,96,305,18,30463.53
CUST-ACT-08639,29,29,699,159,50178.84
CUST-ACT-08640,24,24,868,87,31722.38
CUST-ACT-08641,76,76,315,106,54529.84
CUST-ACT-08642,43,43,262,45,49882.45
CUST-ACT-08643,96,96,616,88,54814.36
CUST-ACT-08644,44,44,683,62,18638.31
CUST-ACT-08645,7,7,179,67,71217.59
CUST-ACT-08646,131,131,876,26,22848.5
CUST-ACT-08647,55,55,783,3,57581.24
CUST-ACT-08648,84,84,529,23,34199.72
CUST-ACT-08649,92,92,689,71,45352.83
CUST-ACT-08650,91,91,316,54,22119.42
CUST-ACT-08651,52,52,273,28,41181.52
CUST-ACT-08652,129,129,732,43,27731.17
CUST-ACT-08653,105,105,256,101,63476.03
CUST-ACT-08654,1,1,849,62,24137.13
CUST-ACT-08655,104,104,902,7,50690.57
CUST-ACT-08656,19,19,175,24,60195.8
CUST-ACT-08657,18,18,46,129,37713.25
CUST-ACT-08658,83,83,979,61,41287.25
CUST-ACT-08659,46,46,711,8,5258.42
CUST-ACT-08660,83,83,827,4,58925.77
CUST-ACT-08661,137,137,332,144,5609.0
CUST-ACT-08662,134,134,276,49,32298.0
CUST-ACT-08663,25,25,712,147,51278.5
CUST-ACT-08664,21,21,252,34,32844.92
CUST-ACT-08665,130,130,728,155,54850.38
CUST-ACT-08666,131,131,650,160,64463.56
CUST-ACT-08667,56,56,664,16,56629.12
CUST-ACT-08668,95,95,485,89,19082.71
CUST-ACT-08669,73,73,558,147,60686.18
CUST-ACT-08670,5,5,812,5,54840.55
CUST-ACT-08671,2,2,452,145,55133.68
CUST-ACT-08672,94,94,640,46,21660.01
CUST-ACT-08673,17,17,825,67,65940.16
CUST-ACT-08674,65,65,571,46,2956.96
CUST-ACT-08675,29,29,41,119,46338.91
CUST-ACT-08676,23,23,798,17,26605.15
CUST-ACT-08677,110,110,729,59,70689.16
CUST-ACT-08678,112,112,924,116,3942.57
CUST-ACT-08679,20,20,471,145,12130.03
CUST-ACT-08680,101,101,212,63,37108.66
CUST-ACT-08681,115,115,538,133,64839.12
CUST-ACT-08682,87,87,324,134,41702.06
CUST-ACT-08683,69,69,920,106,1611.31
CUST-ACT-08684,24,24,237,73,28392.63
CUST-ACT-08685,58,58,33,9,21311.66
CUST-ACT-08686,92,92,861,94,74840.12
CUST-ACT-08687,79,79,269,154,68199.62
CUST-ACT-08688,93,93,381,112,29186.0
CUST-ACT-08689,25,25,30,36,8901.29
CUST-ACT-08690,137,137,558,145,43875.78
CUST-ACT-08691,105,105,710,139,45727.79
CUST-ACT-08692,111,111,77,127,24075.52
CUST-ACT-08693,123,123,900,22,5677.45
CUST-ACT-08694,25,25,223,22,49873.92
CUST-ACT-08695,75,75,800,6,56192.61
CUST-ACT-08696,96,96,340,58,35971.65
CUST-ACT-08697,46,46,161,83,10271.93
CUST-ACT-08698,124,124,946,8,41771.45
CUST-ACT-08699,102,102,64,114,45276.89
CUST-ACT-08700,106,106,855,16,38796.59
CUST-ACT-08701,108,108,891,78,24126.0
CUST-ACT-08702,127,127,278,87,31733.39
CUST-ACT-08703,139,139,271,53,15332.37
CUST-ACT-08704,107,107,452,147,67918.25
CUST-ACT-08705,50,50,599,6,54858.68
CUST-ACT-08706,145,145,940,108,5681.71
CUST-ACT-08707,147,147,160,95,56149.08
CUST-ACT-08708,59,59,618,167,69517.38
CUST-ACT-08709,84,84,219,58,73822.5
CUST-ACT-08710,130,130,390,50,40120.25
CUST-ACT-08711,85,85,169,152,34715.38
CUST-ACT-08712,66,66,919,76,73335.23
CUST-ACT-08713,127,127,905,38,39853.83
CUST-ACT-08714,73,73,57,6,19472.88
CUST-ACT-08715,115,115,75,104,45443.89
CUST-ACT-08716,129,129,459,105,64326.46
CUST-ACT-08717,112,112,843,3,19495.61
CUST-ACT-08718,81,81,140,121,41930.57
CUST-ACT-08719,80,80,954,50,36854.88
CUST-ACT-08720,45,45,647,81,35391.84
CUST-ACT-08721,114,114,447,76,72646.8
CUST-ACT-08722,66,66,491,41,19492.14
CUST-ACT-08723,144,144,326,50,4343.49
CUST-ACT-08724,23,23,446,117,30122.1
CUST-ACT-08725,136,136,554,171,19630.31
CUST-ACT-08726,31,31,843,83,15983.96
CUST-ACT-08727,71,71,97,75,67322.25
CUST-ACT-08728,63,63,945,141,30475.41
CUST-ACT-08729,13,13,357,7,3927.87
CUST-ACT-08730,12,12,514,171,4386.91
CUST-ACT-08731,104,104,590,58,35779.88
CUST-ACT-08732,24,24,250,16,59255.87
CUST-ACT-08733,87,87,599,89,68177.24
CUST-ACT-08734,47,47,820,57,38242.7
CUST-ACT-08735,98,98,282,49,45981.92
CUST-ACT-08736,131,131,999,143,61992.39
CUST-ACT-08737,27,27,202,139,63416.92
CUST-ACT-08738,58,58,146,72,54387.98
CUST-ACT-08739,68,68,919,133,71138.35
CUST-ACT-08740,52,52,910,25,28316.16
CUST-ACT-08741,102,102,93,170,63275.14
CUST-ACT-08742,122,122,849,140,49129.87
CUST-ACT-08743,140,140,551,111,16848.2
CUST-ACT-08744,136,136,654,32,71303.58
CUST-ACT-08745,80,80,57,75,16427.23
CUST-ACT-08746,76,76,529,99,23356.19
CUST-ACT-08747,68,68,530,36,65403.22
CUST-ACT-08748,100,100,716,134,66379.28
CUST-ACT-08749,63,63,601,20,74784.32
CUST-ACT-08750,88,88,387,67,25912.31
CUST-ACT-08751,43,43,994,44,65207.78
CUST-ACT-08752,65,65,620,15,39840.69
CUST-ACT-08753,88,88,180,89,20715.37
CUST-ACT-08754,38,38,288,87,47076.37
CUST-ACT-08755,9,9,565,125,63386.03
CUST-ACT-08756,64,64,681,65,32995.61
CUST-ACT-08757,8,8,544,59,20703.04
CUST-ACT-08758,70,70,110,21,59035.63
CUST-ACT-08759,63,63,581,132,24060.26
CUST-ACT-08760,16,16,740,52,54648.86
CUST-ACT-08761,83,83,821,95,34196.91
CUST-ACT-08762,20,20,132,35,32078.37
CUST-ACT-08763,3,3,378,133,20566.57
CUST-ACT-08764,27,27,145,133,24047.01
CUST-ACT-08765,40,40,337,163,31778.0
CUST-ACT-08766,147,147,468,9,74137.86
CUST-ACT-08767,86,86,645,164,56023.15
CUST-ACT-08768,72,72,580,168,60581.93
CUST-ACT-08769,59,59,874,142,43551.86
CUST-ACT-08770,59,59,886,80,48253.79
CUST-ACT-08771,123,123,277,102,50739.98
CUST-ACT-08772,133,133,329,133,33758.01
CUST-ACT-08773,6,6,960,86,55971.68
CUST-ACT-08774,113,113,800,86,53140.28
CUST-ACT-08775,83,83,609,111,27185.52
CUST-ACT-08776,143,143,529,111,5550.38
CUST-ACT-08777,35,35,222,111,10949.15
CUST-ACT-08778,8,8,720,102,21057.43
CUST-ACT-08779,46,46,338,85,38612.63
CUST-ACT-08780,94,94,171,71,10004.12
CUST-ACT-08781,139,139,647,63,36732.74
CUST-ACT-08782,13,13,691,4,65749.42
CUST-ACT-08783,29,29,531,117,32978.47
CUST-ACT-08784,28,28,519,137,33627.84
CUST-ACT-08785,41,41,422,143,44706.94
CUST-ACT-08786,128,128,114,100,64832.4
CUST-ACT-08787,71,71,349,56,25525.33
CUST-ACT-08788,47,47,450,52,66212.88
CUST-ACT-08789,77,77,302,162,69178.88
CUST-ACT-08790,117,117,566,15,25848.18
CUST-ACT-08791,74,74,288,152,23924.15
CUST-ACT-08792,53,53,108,176,62715.77
CUST-ACT-08793,34,34,331,137,11176.74
CUST-ACT-08794,8,8,818,71,47925.95
CUST-ACT-08795,113,113,191,6,16957.93
CUST-ACT-08796,124,124,824,178,43372.8
CUST-ACT-08797,48,48,398,176,48557.58
CUST-ACT-08798,15,15,253,161,51153.97
CUST-ACT-08799,92,92,609,12,63540.57
CUST-ACT-08800,64,64,946,32,27638.12
CUST-ACT-08801,95,95,371,73,16130.47
CUST-ACT-08802,69,69,535,172,5702.08
CUST-ACT-08803,131,131,866,132,69492.19
CUST-ACT-08804,100,100,698,29,53247.18
CUST-ACT-08805,33,33,561,7,24235.76
CUST-ACT-08806,71,71,409,103,11060.43
CUST-ACT-08807,35,35,254,29,44392.55
CUST-ACT-08808,132,132,968,106,11262.55
CUST-ACT-08809,113,113,241,65,16351.21
CUST-ACT-08810,120,120,880,4,54209.95
CUST-ACT-08811,106,106,812,97,5014.99
CUST-ACT-08812,19,19,616,147,27046.36
CUST-ACT-08813,55,55,354,151,38042.31
CUST-ACT-08814,2,2,466,59,13384.97
CUST-ACT-08815,112,112,778,108,25232.65
CUST-ACT-08816,34,34,101,108,57834.45
CUST-ACT-08817,45,45,419,139,39356.33
CUST-ACT-08818,88,88,72,82,59663.97
CUST-ACT-08819,100,100,552,179,46511.72
CUST-ACT-08820,104,104,703,29,4164.5
CUST-ACT-08821,138,138,183,169,7237.02
CUST-ACT-08822,103,103,963,128,10157.69
CUST-ACT-08823,111,111,733,123,59442.61
CUST-ACT-08824,32,32,933,172,14741.75
CUST-ACT-08825,40,40,510,125,55065.79
CUST-ACT-08826,61,61,545,40,7807.18
CUST-ACT-08827,18,18,504,114,70709.71
CUST-ACT-08828,93,93,503,93,59602.34
CUST-ACT-08829,146,146,799,20,49694.48
CUST-ACT-08830,134,134,99,146,62601.67
CUST-ACT-08831,116,116,313,31,47145.2
CUST-ACT-08832,139,139,853,153,24521.05
CUST-ACT-08833,103,103,982,132,3335.94
CUST-ACT-08834,86,86,75,104,38631.12
CUST-ACT-08835,51,51,665,69,6787.9
CUST-ACT-08836,99,99,652,6,59462.13
CUST-ACT-08837,70,70,372,21,12795.44
CUST-ACT-08838,40,40,544,8,16387.67
CUST-ACT-08839,27,27,998,4,32969.77
CUST-ACT-08840,3,3,117,67,25197.0
CUST-ACT-08841,122,122,951,14,13605.09
CUST-ACT-08842,105,105,45,44,15201.23
CUST-ACT-08843,47,47,247,137,56532.08
CUST-ACT-08844,119,119,166,47,60491.12
CUST-ACT-08845,26,26,656,154,24586.51
CUST-ACT-08846,125,125,872,161,34623.76
CUST-ACT-08847,102,102,602,153,16389.04
CUST-ACT-08848,126,126,276,114,52026.15
CUST-ACT-08849,37,37,762,45,1395.65
CUST-ACT-08850,118,118,728,178,50939.64
CUST-ACT-08851,127,127,863,28,1680.05
CUST-ACT-08852,139,139,974,54,60645.77
CUST-ACT-08853,124,124,677,83,58621.39
CUST-ACT-08854,147,147,650,17,30063.41
CUST-ACT-08855,19,19,207,32,59324.19
CUST-ACT-08856,106,106,201,17,22947.78
CUST-ACT-08857,50,50,673,136,39258.09
CUST-ACT-08858,114,114,830,69,53770.33
CUST-ACT-08859,79,79,822,72,54716.86
CUST-ACT-08860,46,46,515,47,57418.06
CUST-ACT-08861,92,92,328,6,41311.15
CUST-ACT-08862,129,129,507,171,35119.25
CUST-ACT-08863,58,58,912,31,24848.49
CUST-ACT-08864,123,123,816,170,27986.08
CUST-ACT-08865,143,143,423,134,17799.29
CUST-ACT-08866,74,74,377,37,60611.96
CUST-ACT-08867,148,148,473,78,36249.09
CUST-ACT-08868,142,142,646,85,50320.49
CUST-ACT-08869,110,110,668,52,14381.92
CUST-ACT-08870,72,72,922,149,52638.43
CUST-ACT-08871,54,54,459,20,74642.14
CUST-ACT-08872,127,127,256,139,1707.99
CUST-ACT-08873,37,37,331,119,5568.98
CUST-ACT-08874,43,43,395,32,47034.29
CUST-ACT-08875,54,54,644,48,27935.33
CUST-ACT-08876,32,32,407,140,58480.41
CUST-ACT-08877,19,19,427,132,60824.22
CUST-ACT-08878,101,101,246,127,41760.96
CUST-ACT-08879,83,83,271,157,34482.5
CUST-ACT-08880,19,19,254,2,33122.16
CUST-ACT-08881,109,109,270,31,19194.83
CUST-ACT-08882,58,58,146,179,39842.34
CUST-ACT-08883,125,125,497,136,47537.08
CUST-ACT-08884,100,100,172,109,56896.07
CUST-ACT-08885,113,113,994,150,30705.59
CUST-ACT-08886,32,32,45,132,68533.98
CUST-ACT-08887,84,84,583,115,18746.49
CUST-ACT-08888,9,9,229,87,53410.34
CUST-ACT-08889,148,148,773,13,22072.81
CUST-ACT-08890,143,143,251,71,3955.42
CUST-ACT-08891,54,54,731,90,73349.06
CUST-ACT-08892,130,130,517,15,41941.91
CUST-ACT-08893,27,27,795,121,24122.89
CUST-ACT-08894,140,140,343,75,3236.72
CUST-ACT-08895,87,87,374,63,22556.57
CUST-ACT-08896,5,5,529,126,61467.52
CUST-ACT-08897,120,120,507,143,21554.98
CUST-ACT-08898,4,4,905,7,40634.14
CUST-ACT-08899,88,88,274,105,42327.49
CUST-ACT-08900,121,121,165,67,50762.39
CUST-ACT-08901,140,140,252,127,20614.05
CUST-ACT-08902,138,138,610,112,8807.24
CUST-ACT-08903,81,81,503,159,2377.37
CUST-ACT-08904,47,47,598,119,57133.23
CUST-ACT-08905,143,143,943,90,24433.38
CUST-ACT-08906,49,49,271,88,23087.23
CUST-ACT-08907,28,28,986,15,69975.55
CUST-ACT-08908,43,43,312,23,38522.3
CUST-ACT-08909,39,39,724,167,43696.37
CUST-ACT-08910,120,120,352,31,61813.94
CUST-ACT-08911,135,135,723,55,24517.38
CUST-ACT-08912,134,134,188,157,9819.5
CUST-ACT-08913,82,82,297,123,55814.43
CUST-ACT-08914,77,77,55,18,55323.13
CUST-ACT-08915,38,38,413,2,44627.89
CUST-ACT-08916,36,36,678,150,16659.45
CUST-ACT-08917,114,114,695,151,40892.45
CUST-ACT-08918,13,13,498,111,40108.58
CUST-ACT-08919,74,74,612,107,20033.31
CUST-ACT-08920,22,22,584,35,30204.85
CUST-ACT-08921,122,122,364,66,36792.11
CUST-ACT-08922,78,78,53,48,65007.34
CUST-ACT-08923,119,119,803,22,35894.54
CUST-ACT-08924,76,76,276,172,40744.28
CUST-ACT-08925,58,58,87,106,41738.28
CUST-ACT-08926,51,51,503,43,72877.51
CUST-ACT-08927,125,125,892,57,32035.84
CUST-ACT-08928,49,49,75,100,50899.97
CUST-ACT-08929,3,3,976,96,52427.95
CUST-ACT-08930,87,87,934,26,32847.04
CUST-ACT-08931,84,84,560,67,63337.78
CUST-ACT-08932,46,46,191,157,33945.62
CUST-ACT-08933,52,52,854,104,48133.89
CUST-ACT-08934,94,94,647,143,22681.25
CUST-ACT-08935,95,95,297,168,1344.04
CUST-ACT-08936,129,129,557,117,60434.74
CUST-ACT-08937,146,146,364,158,29444.18
CUST-ACT-08938,83,83,750,62,61811.42
CUST-ACT-08939,30,30,985,123,36615.04
CUST-ACT-08940,15,15,782,157,18881.42
CUST-ACT-08941,76,76,379,125,72027.76
CUST-ACT-08942,10,10,941,25,29556.01
CUST-ACT-08943,85,85,267,88,18655.75
CUST-ACT-08944,42,42,813,42,70655.66
CUST-ACT-08945,59,59,725,116,21064.58
CUST-ACT-08946,108,108,876,151,38672.88
CUST-ACT-08947,124,124,553,108,60923.15
CUST-ACT-08948,143,143,994,55,9582.91
CUST-ACT-08949,52,52,947,114,22755.39
CUST-ACT-08950,120,120,150,148,13276.02
CUST-ACT-08951,49,49,35,40,54848.54
CUST-ACT-08952,53,53,855,147,20940.1
CUST-ACT-08953,100,100,811,73,49302.84
CUST-ACT-08954,68,68,67,87,57601.44
CUST-ACT-08955,22,22,581,179,3394.8
CUST-ACT-08956,57,57,871,135,50647.11
CUST-ACT-08957,144,144,982,136,11349.51
CUST-ACT-08958,81,81,540,120,2611.14
CUST-ACT-08959,96,96,573,142,49267.18
CUST-ACT-08960,145,145,229,13,28611.72
CUST-ACT-08961,107,107,688,106,6271.48
CUST-ACT-08962,59,59,757,99,11469.72
CUST-ACT-08963,143,143,306,120,71772.7
CUST-ACT-08964,147,147,745,21,24972.96
CUST-ACT-08965,68,68,205,65,41292.73
CUST-ACT-08966,131,131,968,29,10687.89
CUST-ACT-08967,117,117,454,81,9003.98
CUST-ACT-08968,94,94,642,152,34495.47
CUST-ACT-08969,111,111,748,84,69910.38
CUST-ACT-08970,72,72,947,130,43120.56
CUST-ACT-08971,70,70,823,74,5628.81
CUST-ACT-08972,64,64,311,155,24876.23
CUST-ACT-08973,76,76,159,72,14495.13
CUST-ACT-08974,10,10,647,155,13608.35
CUST-ACT-08975,116,116,865,128,21343.58
CUST-ACT-08976,63,63,794,11,15801.42
CUST-ACT-08977,123,123,846,164,57160.59
CUST-ACT-08978,142,142,990,67,9460.12
CUST-ACT-08979,115,115,253,167,57212.31
CUST-ACT-08980,107,107,740,62,49034.44
CUST-ACT-08981,41,41,360,63,35481.13
CUST-ACT-08982,95,95,939,126,17795.98
CUST-ACT-08983,40,40,70,43,9391.95
CUST-ACT-08984,60,60,547,175,67411.61
CUST-ACT-08985,33,33,557,64,70284.95
CUST-ACT-08986,43,43,625,13,53840.77
CUST-ACT-08987,145,145,376,67,60620.77
CUST-ACT-08988,121,121,139,48,24303.81
CUST-ACT-08989,21,21,575,54,32523.8
CUST-ACT-08990,118,118,913,36,73394.66
CUST-ACT-08991,54,54,366,50,60907.63
CUST-ACT-08992,89,89,927,54,6598.38
CUST-ACT-08993,46,46,982,153,28580.38
CUST-ACT-08994,62,62,705,7,30173.06
CUST-ACT-08995,53,53,687,150,29761.73
CUST-ACT-08996,123,123,387,61,44708.13
CUST-ACT-08997,74,74,170,122,12723.98
CUST-ACT-08998,42,42,969,138,42302.47
CUST-ACT-08999,127,127,104,42,10634.93
CUST-ACT-09000,98,98,286,88,39335.89
CUST-ACT-09001,57,57,726,166,26944.85
CUST-ACT-09002,101,101,347,35,21069.72
CUST-ACT-09003,49,49,90,8,45491.43
CUST-ACT-09004,6,6,210,84,64821.7
CUST-ACT-09005,76,76,198,158,7204.74
CUST-ACT-09006,142,142,820,108,38586.11
CUST-ACT-09007,136,136,245,10,16495.37
CUST-ACT-09008,34,34,808,54,69060.45
CUST-ACT-09009,71,71,242,40,13566.04
CUST-ACT-09010,125,125,947,108,42495.59
CUST-ACT-09011,31,31,972,122,72132.9
CUST-ACT-09012,97,97,914,36,37602.02
CUST-ACT-09013,128,128,908,132,36246.16
CUST-ACT-09014,4,4,591,60,16659.78
CUST-ACT-09015,28,28,567,3,13069.55
CUST-ACT-09016,92,92,541,23,65385.29
CUST-ACT-09017,36,36,845,97,641.83
CUST-ACT-09018,107,107,493,168,74935.19
CUST-ACT-09019,3,3,696,124,9254.53
CUST-ACT-09020,1,1,960,172,20326.13
CUST-ACT-09021,125,125,335,157,6835.21
CUST-ACT-09022,45,45,434,104,19227.82
CUST-ACT-09023,125,125,511,21,72993.47
CUST-ACT-09024,32,32,585,31,54794.35
CUST-ACT-09025,40,40,41,106,53587.27
CUST-ACT-09026,20,20,579,25,67476.7
CUST-ACT-09027,66,66,918,107,7040.82
CUST-ACT-09028,104,104,736,89,25535.16
CUST-ACT-09029,139,139,151,65,49435.68
CUST-ACT-09030,23,23,900,114,39877.08
CUST-ACT-09031,4,4,494,113,48269.22
CUST-ACT-09032,107,107,773,30,1635.63
CUST-ACT-09033,39,39,967,79,11787.51
CUST-ACT-09034,84,84,451,53,51725.3
CUST-ACT-09035,64,64,500,108,36212.9
CUST-ACT-09036,84,84,236,23,72513.08
CUST-ACT-09037,58,58,904,18,42788.82
CUST-ACT-09038,29,29,810,117,62343.49
CUST-ACT-09039,3,3,591,138,44076.99
CUST-ACT-09040,62,62,836,82,37224.56
CUST-ACT-09041,9,9,374,25,10501.73
CUST-ACT-09042,73,73,489,103,16647.15
CUST-ACT-09043,79,79,823,53,3907.52
CUST-ACT-09044,97,97,919,69,18529.44
CUST-ACT-09045,65,65,923,165,69087.3
CUST-ACT-09046,120,120,60,147,31162.88
CUST-ACT-09047,23,23,376,173,2684.67
CUST-ACT-09048,61,61,50,102,49342.15
CUST-ACT-09049,145,145,59,5,64900.96
CUST-ACT-09050,66,66,952,54,14088.63
CUST-ACT-09051,17,17,457,37,46856.58
CUST-ACT-09052,116,116,379,39,25632.76
CUST-ACT-09053,1,1,963,118,33413.54
CUST-ACT-09054,147,147,262,85,35416.15
CUST-ACT-09055,102,102,366,151,70670.21
CUST-ACT-09056,16,16,781,44,11238.42
CUST-ACT-09057,86,86,348,85,34003.65
CUST-ACT-09058,31,31,816,113,16342.54
CUST-ACT-09059,115,115,628,149,29150.48
CUST-ACT-09060,56,56,229,9,24043.85
CUST-ACT-09061,109,109,554,97,47109.29
CUST-ACT-09062,107,107,520,42,2648.56
CUST-ACT-09063,122,122,395,141,20858.76
CUST-ACT-09064,113,113,775,147,34673.56
CUST-ACT-09065,92,92,855,162,71572.1
CUST-ACT-09066,110,110,391,142,39294.28
CUST-ACT-09067,96,96,170,55,66423.08
CUST-ACT-09068,46,46,541,71,18828.27
CUST-ACT-09069,87,87,735,24,23897.6
CUST-ACT-09070,62,62,93,68,5089.6
CUST-ACT-09071,138,138,770,106,38863.15
CUST-ACT-09072,130,130,162,55,37645.58
CUST-ACT-09073,88,88,248,25,74324.03
CUST-ACT-09074,14,14,877,55,4512.63
CUST-ACT-09075,35,35,558,116,60465.45
CUST-ACT-09076,103,103,148,173,17280.74
CUST-ACT-09077,125,125,125,86,61051.61
CUST-ACT-09078,125,125,202,33,54197.19
CUST-ACT-09079,140,140,887,104,13047.15
CUST-ACT-09080,92,92,286,33,60301.85
CUST-ACT-09081,149,149,791,100,70706.9
CUST-ACT-09082,145,145,558,29,4752.67
CUST-ACT-09083,123,123,34,125,11810.87
CUST-ACT-09084,139,139,278,90,45539.73
CUST-ACT-09085,99,99,562,59,30965.22
CUST-ACT-09086,52,52,274,169,27225.11
CUST-ACT-09087,137,137,331,48,40881.26
CUST-ACT-09088,64,64,736,99,62683.05
CUST-ACT-09089,96,96,549,131,31720.18
CUST-ACT-09090,146,146,449,65,25720.84
CUST-ACT-09091,72,72,823,37,72415.68
CUST-ACT-09092,7,7,625,56,26041.31
CUST-ACT-09093,16,16,49,109,7124.93
CUST-ACT-09094,110,110,271,61,21461.5
CUST-ACT-09095,136,136,773,151,8295.64
CUST-ACT-09096,18,18,586,22,1721.62
CUST-ACT-09097,72,72,891,24,65639.05
CUST-ACT-09098,25,25,89,81,38249.3
CUST-ACT-09099,112,112,894,101,74399.94
CUST-ACT-09100,145,145,512,111,26756.55
CUST-ACT-09101,148,148,148,35,14421.44
CUST-ACT-09102,97,97,906,156,48098.86
CUST-ACT-09103,104,104,225,91,22232.58
CUST-ACT-09104,36,36,202,165,31128.73
CUST-ACT-09105,34,34,492,152,50780.6
CUST-ACT-09106,113,113,922,82,35935.89
CUST-ACT-09107,3,3,864,114,9084.7
CUST-ACT-09108,15,15,454,132,59956.52
CUST-ACT-09109,71,71,794,177,24689.12
CUST-ACT-09110,65,65,140,148,21964.6
CUST-ACT-09111,104,104,936,105,63469.64
CUST-ACT-09112,71,71,255,38,12534.92
CUST-ACT-09113,57,57,538,100,60748.66
CUST-ACT-09114,98,98,539,65,49853.86
CUST-ACT-09115,51,51,899,142,19555.29
CUST-ACT-09116,107,107,766,109,66231.61
CUST-ACT-09117,20,20,743,168,2156.7
CUST-ACT-09118,18,18,353,57,12400.4
CUST-ACT-09119,106,106,576,161,22440.17
CUST-ACT-09120,136,136,927,29,17606.93
CUST-ACT-09121,81,81,439,32,48904.88
CUST-ACT-09122,122,122,133,124,17012.95
CUST-ACT-09123,95,95,524,52,24463.49
CUST-ACT-09124,146,146,294,101,17009.46
CUST-ACT-09125,123,123,862,14,20686.02
CUST-ACT-09126,125,125,311,106,14405.33
CUST-ACT-09127,59,59,637,65,10534.11
CUST-ACT-09128,67,67,409,91,58037.1
CUST-ACT-09129,16,16,456,124,20997.49
CUST-ACT-09130,3,3,541,64,21973.12
CUST-ACT-09131,91,91,355,144,70826.12
CUST-ACT-09132,86,86,780,113,53570.41
CUST-ACT-09133,47,47,826,78,54572.13
CUST-ACT-09134,53,53,560,135,7046.09
CUST-ACT-09135,2,2,447,4,38900.06
CUST-ACT-09136,25,25,747,76,59006.29
CUST-ACT-09137,82,82,189,22,31627.71
CUST-ACT-09138,10,10,457,93,49942.16
CUST-ACT-09139,99,99,851,166,57754.91
CUST-ACT-09140,98,98,365,61,1765.5
CUST-ACT-09141,106,106,661,170,47284.06
CUST-ACT-09142,99,99,312,58,15078.18
CUST-ACT-09143,81,81,851,51,40854.3
CUST-ACT-09144,98,98,684,80,69853.17
CUST-ACT-09145,69,69,675,108,23858.72
CUST-ACT-09146,117,117,881,147,56621.07
CUST-ACT-09147,101,101,859,66,6404.33
CUST-ACT-09148,144,144,99,79,23274.61
CUST-ACT-09149,54,54,888,104,39910.28
CUST-ACT-09150,93,93,648,23,15009.58
CUST-ACT-09151,49,49,102,3,26151.82
CUST-ACT-09152,138,138,626,61,66870.26
CUST-ACT-09153,71,71,130,12,29984.12
CUST-ACT-09154,137,137,143,152,53424.12
CUST-ACT-09155,22,22,448,97,59211.34
CUST-ACT-09156,124,124,335,58,55560.12
CUST-ACT-09157,113,113,515,85,33035.01
CUST-ACT-09158,10,10,761,1,50357.09
CUST-ACT-09159,37,37,47,33,40538.79
CUST-ACT-09160,62,62,74,169,51179.37
CUST-ACT-09161,145,145,268,17,7180.87
CUST-ACT-09162,145,145,201,137,9428.36
CUST-ACT-09163,108,108,450,44,39224.83
CUST-ACT-09164,48,48,267,77,568.93
CUST-ACT-09165,97,97,683,54,33375.66
CUST-ACT-09166,146,146,496,58,5419.95
CUST-ACT-09167,100,100,99,139,53698.67
CUST-ACT-09168,118,118,214,143,51253.98
CUST-ACT-09169,45,45,822,167,70152.92
CUST-ACT-09170,128,128,177,90,1451.36
CUST-ACT-09171,90,90,692,83,74915.83
CUST-ACT-09172,140,140,758,156,65780.52
CUST-ACT-09173,52,52,999,100,36849.09
CUST-ACT-09174,29,29,631,26,63511.93
CUST-ACT-09175,8,8,498,94,20486.46
CUST-ACT-09176,128,128,993,139,68627.63
CUST-ACT-09177,86,86,388,40,41336.67
CUST-ACT-09178,58,58,832,115,27778.98
CUST-ACT-09179,65,65,268,14,36257.13
CUST-ACT-09180,81,81,587,25,24240.02
CUST-ACT-09181,76,76,552,63,18916.75
CUST-ACT-09182,80,80,988,20,25914.36
CUST-ACT-09183,90,90,878,55,24353.28
CUST-ACT-09184,32,32,262,129,58035.81
CUST-ACT-09185,58,58,865,70,11974.65
CUST-ACT-09186,126,126,352,70,65074.91
CUST-ACT-09187,14,14,770,38,24165.62
CUST-ACT-09188,28,28,772,91,25611.84
CUST-ACT-09189,116,116,225,170,28604.88
CUST-ACT-09190,82,82,210,69,69468.8
CUST-ACT-09191,38,38,615,83,22675.95
CUST-ACT-09192,97,97,234,105,26515.41
CUST-ACT-09193,101,101,486,110,4549.54
CUST-ACT-09194,145,145,788,79,13034.2
CUST-ACT-09195,99,99,632,70,41837.95
CUST-ACT-09196,89,89,543,153,61780.77
CUST-ACT-09197,26,26,928,178,40965.07
CUST-ACT-09198,70,70,726,67,10078.65
CUST-ACT-09199,101,101,324,150,28091.08
CUST-ACT-09200,24,24,175,65,64378.72
CUST-ACT-09201,99,99,920,169,58347.37
CUST-ACT-09202,37,37,484,133,28642.04
CUST-ACT-09203,53,53,500,116,28744.26
CUST-ACT-09204,93,93,776,125,42125.68
CUST-ACT-09205,95,95,210,37,1990.49
CUST-ACT-09206,97,97,365,6,25293.73
CUST-ACT-09207,45,45,534,141,51399.35
CUST-ACT-09208,72,72,275,26,21695.03
CUST-ACT-09209,31,31,395,42,15025.78
CUST-ACT-09210,81,81,551,86,58478.07
CUST-ACT-09211,130,130,582,159,73224.72
CUST-ACT-09212,124,124,225,4,49195.53
CUST-ACT-09213,138,138,137,44,45259.84
CUST-ACT-09214,127,127,233,37,40381.55
CUST-ACT-09215,14,14,37,44,27724.7
CUST-ACT-09216,16,16,617,30,53045.84
CUST-ACT-09217,73,73,627,93,63242.72
CUST-ACT-09218,7,7,952,31,12042.31
CUST-ACT-09219,146,146,471,14,63945.98
CUST-ACT-09220,120,120,453,82,58416.41
CUST-ACT-09221,134,134,639,44,18765.69
CUST-ACT-09222,14,14,248,172,36402.84
CUST-ACT-09223,108,108,92,134,34330.89
CUST-ACT-09224,81,81,966,30,44656.67
CUST-ACT-09225,108,108,625,60,10833.91
CUST-ACT-09226,49,49,909,158,66523.56
CUST-ACT-09227,28,28,466,82,45445.37
CUST-ACT-09228,98,98,499,17,31027.68
CUST-ACT-09229,57,57,91,112,49518.43
CUST-ACT-09230,108,108,633,103,33515.87
CUST-ACT-09231,19,19,633,28,31763.89
CUST-ACT-09232,102,102,187,84,14101.85
CUST-ACT-09233,75,75,445,39,45931.7
CUST-ACT-09234,146,146,712,32,47810.63
CUST-ACT-09235,4,4,601,129,61964.39
CUST-ACT-09236,104,104,558,116,10537.49
CUST-ACT-09237,48,48,499,86,2472.2
CUST-ACT-09238,70,70,417,104,9329.88
CUST-ACT-09239,38,38,126,66,69694.29
CUST-ACT-09240,92,92,330,160,20586.31
CUST-ACT-09241,39,39,983,108,19040.78
CUST-ACT-09242,77,77,362,103,7097.52
CUST-ACT-09243,59,59,871,144,58289.44
CUST-ACT-09244,91,91,769,86,45400.23
CUST-ACT-09245,49,49,768,131,5179.89
CUST-ACT-09246,53,53,127,148,15235.97
CUST-ACT-09247,5,5,507,1,58641.57
CUST-ACT-09248,40,40,346,46,7967.83
CUST-ACT-09249,15,15,204,150,42770.26
CUST-ACT-09250,42,42,766,153,35068.42
CUST-ACT-09251,38,38,41,96,10181.1
CUST-ACT-09252,63,63,536,106,60769.56
CUST-ACT-09253,93,93,268,36,50013.72
CUST-ACT-09254,5,5,920,163,57215.14
CUST-ACT-09255,137,137,879,58,65872.67
CUST-ACT-09256,49,49,919,73,5063.24
CUST-ACT-09257,38,38,963,84,20348.09
CUST-ACT-09258,22,22,850,24,19349.15
CUST-ACT-09259,69,69,649,159,40619.58
CUST-ACT-09260,65,65,66,95,64155.42
CUST-ACT-09261,113,113,552,111,65584.69
CUST-ACT-09262,136,136,738,40,5544.6
CUST-ACT-09263,32,32,511,166,31813.53
CUST-ACT-09264,34,34,621,121,18104.81
CUST-ACT-09265,56,56,91,73,9235.14
CUST-ACT-09266,31,31,56,54,31479.84
CUST-ACT-09267,145,145,321,106,15655.79
CUST-ACT-09268,73,73,722,79,49257.68
CUST-ACT-09269,123,123,549,131,66944.09
CUST-ACT-09270,141,141,457,179,54756.49
CUST-ACT-09271,135,135,404,129,43269.36
CUST-ACT-09272,17,17,952,139,64936.54
CUST-ACT-09273,131,131,381,132,6916.72
CUST-ACT-09274,92,92,722,5,17157.77
CUST-ACT-09275,40,40,260,49,52731.56
CUST-ACT-09276,105,105,307,166,33261.24
CUST-ACT-09277,127,127,926,31,17654.34
CUST-ACT-09278,20,20,972,158,28487.23
CUST-ACT-09279,127,127,313,18,60712.51
CUST-ACT-09280,108,108,226,104,11093.86
CUST-ACT-09281,145,145,971,66,38182.77
CUST-ACT-09282,113,113,632,30,41461.67
CUST-ACT-09283,148,148,387,5,52094.53
CUST-ACT-09284,122,122,249,129,41270.95
CUST-ACT-09285,94,94,988,168,31366.78
CUST-ACT-09286,140,140,668,86,61286.99
CUST-ACT-09287,4,4,721,124,7363.06
CUST-ACT-09288,76,76,781,116,72441.4
CUST-ACT-09289,115,115,150,120,17336.69
CUST-ACT-09290,82,82,807,148,22584.3
CUST-ACT-09291,87,87,390,43,46494.39
CUST-ACT-09292,8,8,860,178,16603.49
CUST-ACT-09293,104,104,853,139,27175.73
CUST-ACT-09294,120,120,653,109,73810.21
CUST-ACT-09295,65,65,902,158,35744.56
CUST-ACT-09296,130,130,183,141,54157.05
CUST-ACT-09297,15,15,894,20,64564.55
CUST-ACT-09298,61,61,975,72,53640.91
CUST-ACT-09299,141,141,90,88,1682.68
CUST-ACT-09300,80,80,552,99,32620.67
CUST-ACT-09301,117,117,641,143,15590.6
CUST-ACT-09302,25,25,806,80,31450.61
CUST-ACT-09303,124,124,128,129,62968.55
CUST-ACT-09304,25,25,864,102,44823.62
CUST-ACT-09305,27,27,969,78,12095.98
CUST-ACT-09306,36,36,296,102,17369.88
CUST-ACT-09307,110,110,629,49,74077.74
CUST-ACT-09308,143,143,967,164,19377.82
CUST-ACT-09309,13,13,449,59,23673.72
CUST-ACT-09310,62,62,309,78,70529.3
CUST-ACT-09311,86,86,294,38,42453.91
CUST-ACT-09312,56,56,508,64,52004.24
CUST-ACT-09313,81,81,656,140,26352.99
CUST-ACT-09314,59,59,53,7,44814.43
CUST-ACT-09315,84,84,706,63,41810.8
CUST-ACT-09316,106,106,608,27,59613.24
CUST-ACT-09317,30,30,624,49,4771.38
CUST-ACT-09318,52,52,915,75,60434.48
CUST-ACT-09319,139,139,589,118,35730.42
CUST-ACT-09320,10,10,742,68,70238.56
CUST-ACT-09321,19,19,411,158,33308.31
CUST-ACT-09322,91,91,739,1,34351.81
CUST-ACT-09323,41,41,890,34,13960.36
CUST-ACT-09324,72,72,40,119,43404.33
CUST-ACT-09325,147,147,55,61,51450.71
CUST-ACT-09326,96,96,891,9,1723.33
CUST-ACT-09327,103,103,777,33,18547.0
CUST-ACT-09328,125,125,142,66,63951.96
CUST-ACT-09329,83,83,941,89,61771.72
CUST-ACT-09330,78,78,716,2,71042.71
CUST-ACT-09331,133,133,585,2,51466.2
CUST-ACT-09332,16,16,447,137,43321.82
CUST-ACT-09333,27,27,259,86,12025.77
CUST-ACT-09334,110,110,863,102,69949.88
CUST-ACT-09335,118,118,525,6,5965.42
CUST-ACT-09336,36,36,910,130,34070.36
CUST-ACT-09337,128,128,624,145,35409.93
CUST-ACT-09338,96,96,710,47,68055.61
CUST-ACT-09339,100,100,754,178,50582.94
CUST-ACT-09340,144,144,262,74,51288.97
CUST-ACT-09341,124,124,632,128,25942.96
CUST-ACT-09342,121,121,254,93,71596.8
CUST-ACT-09343,98,98,160,54,21067.92
CUST-ACT-09344,76,76,702,79,70190.02
CUST-ACT-09345,26,26,836,152,32299.36
CUST-ACT-09346,108,108,258,158,17974.3
CUST-ACT-09347,4,4,568,112,5957.93
CUST-ACT-09348,108,108,956,5,33260.56
CUST-ACT-09349,51,51,765,98,73585.56
CUST-ACT-09350,119,119,759,85,14472.34
CUST-ACT-09351,4,4,596,134,48619.95
CUST-ACT-09352,127,127,658,131,37105.91
CUST-ACT-09353,88,88,822,16,42615.15
CUST-ACT-09354,126,126,879,19,73249.17
CUST-ACT-09355,83,83,904,19,69297.64
CUST-ACT-09356,82,82,628,117,69589.34
CUST-ACT-09357,12,12,377,32,11141.05
CUST-ACT-09358,21,21,36,125,13544.71
CUST-ACT-09359,34,34,352,59,40023.96
CUST-ACT-09360,137,137,600,81,37284.5
CUST-ACT-09361,38,38,780,109,15962.72
CUST-ACT-09362,100,100,688,169,49450.97
CUST-ACT-09363,43,43,591,2,31394.01
CUST-ACT-09364,13,13,340,166,44373.19
CUST-ACT-09365,63,63,944,61,44632.39
CUST-ACT-09366,88,88,548,118,43696.27
CUST-ACT-09367,5,5,691,57,37405.78
CUST-ACT-09368,68,68,492,169,68816.89
CUST-ACT-09369,91,91,854,95,45357.03
CUST-ACT-09370,136,136,563,127,6748.71
CUST-ACT-09371,49,49,789,53,22306.2
CUST-ACT-09372,137,137,294,157,57925.64
CUST-ACT-09373,95,95,321,23,15153.93
CUST-ACT-09374,94,94,580,56,60992.75
CUST-ACT-09375,134,134,164,130,4988.58
CUST-ACT-09376,74,74,515,71,40184.72
CUST-ACT-09377,103,103,528,29,14210.23
CUST-ACT-09378,106,106,617,77,3745.25
CUST-ACT-09379,145,145,244,65,25283.11
CUST-ACT-09380,104,104,778,84,32596.54
CUST-ACT-09381,6,6,690,98,52502.1
CUST-ACT-09382,87,87,258,64,41736.5
CUST-ACT-09383,90,90,305,108,52834.31
CUST-ACT-09384,129,129,491,53,46617.66
CUST-ACT-09385,111,111,529,74,27651.13
CUST-ACT-09386,29,29,653,148,6440.87
CUST-ACT-09387,108,108,994,74,66411.03
CUST-ACT-09388,65,65,701,121,25458.18
CUST-ACT-09389,1,1,826,120,44095.65
CUST-ACT-09390,108,108,664,92,72140.04
CUST-ACT-09391,1,1,418,92,45624.94
CUST-ACT-09392,17,17,502,29,3811.21
CUST-ACT-09393,6,6,269,61,60680.82
CUST-ACT-09394,49,49,599,167,7787.27
CUST-ACT-09395,124,124,465,104,35780.31
CUST-ACT-09396,145,145,199,122,8224.25
CUST-ACT-09397,29,29,522,57,37965.43
CUST-ACT-09398,3,3,528,16,42529.37
CUST-ACT-09399,90,90,247,37,39114.32
CUST-ACT-09400,82,82,183,52,48856.21
CUST-ACT-09401,85,85,369,99,45209.96
CUST-ACT-09402,135,135,630,65,22493.96
CUST-ACT-09403,14,14,729,66,6267.75
CUST-ACT-09404,56,56,195,158,32122.09
CUST-ACT-09405,5,5,647,128,36561.16
CUST-ACT-09406,107,107,600,50,16871.89
CUST-ACT-09407,70,70,516,102,30442.45
CUST-ACT-09408,83,83,201,27,73562.83
CUST-ACT-09409,3,3,72,108,5764.18
CUST-ACT-09410,128,128,877,114,3678.36
CUST-ACT-09411,84,84,909,119,45700.91
CUST-ACT-09412,89,89,640,53,44729.92
CUST-ACT-09413,17,17,134,63,68088.73
CUST-ACT-09414,129,129,718,149,36779.7
CUST-ACT-09415,73,73,522,94,52168.64
CUST-ACT-09416,42,42,532,153,72207.64
CUST-ACT-09417,104,104,444,143,22911.63
CUST-ACT-09418,62,62,935,148,34069.49
CUST-ACT-09419,59,59,781,61,62764.96
CUST-ACT-09420,68,68,39,123,36684.59
CUST-ACT-09421,105,105,33,175,52514.19
CUST-ACT-09422,25,25,369,100,4402.78
CUST-ACT-09423,89,89,594,91,14048.19
CUST-ACT-09424,36,36,486,109,50282.21
CUST-ACT-09425,17,17,240,117,14941.89
CUST-ACT-09426,121,121,396,42,24625.51
CUST-ACT-09427,22,22,833,174,839.87
CUST-ACT-09428,133,133,988,46,64252.28
CUST-ACT-09429,4,4,237,43,43218.69
CUST-ACT-09430,109,109,681,103,3987.75
CUST-ACT-09431,62,62,804,7,51952.65
CUST-ACT-09432,55,55,312,3,67988.03
CUST-ACT-09433,145,145,941,137,13258.86
CUST-ACT-09434,34,34,324,4,14002.71
CUST-ACT-09435,127,127,925,25,52416.36
CUST-ACT-09436,116,116,956,67,54651.28
CUST-ACT-09437,14,14,544,108,11960.22
CUST-ACT-09438,124,124,195,160,53233.49
CUST-ACT-09439,139,139,713,167,16463.51
CUST-ACT-09440,38,38,746,48,43234.26
CUST-ACT-09441,71,71,41,66,1068.53
CUST-ACT-09442,96,96,648,88,14719.0
CUST-ACT-09443,100,100,534,87,58382.69
CUST-ACT-09444,103,103,922,130,16096.96
CUST-ACT-09445,135,135,465,90,3059.13
CUST-ACT-09446,36,36,465,100,71969.5
CUST-ACT-09447,73,73,308,73,52371.69
CUST-ACT-09448,140,140,683,55,25165.21
CUST-ACT-09449,40,40,323,61,46075.09
CUST-ACT-09450,8,8,335,114,59299.79
CUST-ACT-09451,42,42,405,52,33888.44
CUST-ACT-09452,5,5,198,76,5191.86
CUST-ACT-09453,134,134,959,114,39595.83
CUST-ACT-09454,2,2,815,38,7674.78
CUST-ACT-09455,18,18,998,40,33271.33
CUST-ACT-09456,47,47,890,148,23765.82
CUST-ACT-09457,56,56,773,106,22910.82
CUST-ACT-09458,19,19,720,28,59664.93
CUST-ACT-09459,24,24,421,112,9107.14
CUST-ACT-09460,26,26,155,152,16573.15
CUST-ACT-09461,91,91,116,65,11306.68
CUST-ACT-09462,56,56,313,20,48711.59
CUST-ACT-09463,117,117,198,60,1503.88
CUST-ACT-09464,57,57,817,161,2120.71
CUST-ACT-09465,76,76,323,19,45431.35
CUST-ACT-09466,39,39,610,92,33843.75
CUST-ACT-09467,63,63,618,16,2248.72
CUST-ACT-09468,59,59,305,141,56074.9
CUST-ACT-09469,135,135,836,2,25888.87
CUST-ACT-09470,106,106,168,71,73351.79
CUST-ACT-09471,21,21,522,38,46102.18
CUST-ACT-09472,123,123,748,50,8115.75
CUST-ACT-09473,17,17,484,4,38143.88
CUST-ACT-09474,14,14,875,19,57249.61
CUST-ACT-09475,94,94,523,119,47528.43
CUST-ACT-09476,119,119,248,154,74708.87
CUST-ACT-09477,53,53,330,82,15085.75
CUST-ACT-09478,38,38,129,20,48630.92
CUST-ACT-09479,59,59,757,27,37834.9
CUST-ACT-09480,39,39,781,75,888.32
CUST-ACT-09481,69,69,739,124,69665.9
CUST-ACT-09482,53,53,420,109,25158.25
CUST-ACT-09483,106,106,41,137,29516.37
CUST-ACT-09484,109,109,443,95,22162.03
CUST-ACT-09485,98,98,524,85,7864.63
CUST-ACT-09486,29,29,57,59,4308.63
CUST-ACT-09487,127,127,344,39,11606.46
CUST-ACT-09488,124,124,127,110,16997.55
CUST-ACT-09489,142,142,419,126,3240.0
CUST-ACT-09490,62,62,464,116,18548.55
CUST-ACT-09491,58,58,484,179,15010.41
CUST-ACT-09492,52,52,426,31,40585.2
CUST-ACT-09493,132,132,716,31,29337.84
CUST-ACT-09494,66,66,952,12,37668.43
CUST-ACT-09495,45,45,378,133,52343.1
CUST-ACT-09496,58,58,397,14,19302.7
CUST-ACT-09497,6,6,444,171,12377.68
CUST-ACT-09498,29,29,504,28,35230.59
CUST-ACT-09499,73,73,55,75,58259.39
CUST-ACT-09500,39,39,354,63,73062.87
CUST-ACT-09501,98,98,500,175,30039.5
CUST-ACT-09502,32,32,935,141,35349.9
CUST-ACT-09503,105,105,776,87,59305.73
CUST-ACT-09504,51,51,268,61,12109.67
CUST-ACT-09505,26,26,365,96,30931.17
CUST-ACT-09506,135,135,747,102,62671.94
CUST-ACT-09507,100,100,625,34,29101.91
CUST-ACT-09508,49,49,153,26,61918.09
CUST-ACT-09509,133,133,422,33,12668.5
CUST-ACT-09510,79,79,258,167,34460.31
CUST-ACT-09511,135,135,657,73,17424.0
CUST-ACT-09512,78,78,489,46,44983.57
CUST-ACT-09513,86,86,697,96,1741.83
CUST-ACT-09514,147,147,43,120,34407.75
CUST-ACT-09515,101,101,660,55,46821.49
CUST-ACT-09516,145,145,524,167,34515.24
CUST-ACT-09517,38,38,134,140,816.14
CUST-ACT-09518,142,142,56,46,1176.26
CUST-ACT-09519,48,48,972,85,68344.09
CUST-ACT-09520,20,20,849,87,72330.3
CUST-ACT-09521,64,64,510,150,29801.88
CUST-ACT-09522,16,16,922,175,41672.88
CUST-ACT-09523,6,6,184,87,49493.87
CUST-ACT-09524,50,50,262,61,27871.34
CUST-ACT-09525,94,94,92,178,60248.34
CUST-ACT-09526,5,5,405,23,23201.73
CUST-ACT-09527,30,30,424,66,45857.58
CUST-ACT-09528,107,107,544,130,29745.93
CUST-ACT-09529,66,66,328,137,65578.36
CUST-ACT-09530,5,5,62,3,67716.6
CUST-ACT-09531,136,136,218,160,52843.37
CUST-ACT-09532,121,121,431,94,32633.18
CUST-ACT-09533,77,77,981,94,66028.96
CUST-ACT-09534,26,26,648,3,38676.02
CUST-ACT-09535,110,110,515,131,40800.6
CUST-ACT-09536,80,80,932,126,62087.89
CUST-ACT-09537,22,22,40,141,27909.39
CUST-ACT-09538,130,130,407,108,6008.12
CUST-ACT-09539,21,21,799,41,22864.74
CUST-ACT-09540,86,86,291,45,56710.6
CUST-ACT-09541,121,121,158,81,15255.9
CUST-ACT-09542,99,99,623,131,4921.03
CUST-ACT-09543,102,102,799,165,65428.57
CUST-ACT-09544,26,26,477,85,25542.31
CUST-ACT-09545,41,41,185,141,70979.36
CUST-ACT-09546,7,7,937,40,29979.11
CUST-ACT-09547,48,48,298,25,43527.31
CUST-ACT-09548,3,3,727,98,42720.07
CUST-ACT-09549,115,115,694,131,25419.68
CUST-ACT-09550,101,101,451,44,48522.95
CUST-ACT-09551,106,106,645,61,18770.2
CUST-ACT-09552,113,113,990,61,25517.66
CUST-ACT-09553,44,44,216,81,16368.97
CUST-ACT-09554,142,142,348,95,44694.5
CUST-ACT-09555,128,128,954,9,1278.05
CUST-ACT-09556,126,126,113,47,531.92
CUST-ACT-09557,117,117,675,94,16047.93
CUST-ACT-09558,45,45,857,159,50935.08
CUST-ACT-09559,1,1,591,93,72957.12
CUST-ACT-09560,54,54,761,25,21353.97
CUST-ACT-09561,47,47,523,20,7439.17
CUST-ACT-09562,19,19,292,9,5615.2
CUST-ACT-09563,123,123,925,120,66125.48
CUST-ACT-09564,40,40,430,90,17476.25
CUST-ACT-09565,48,48,303,116,6945.15
CUST-ACT-09566,48,48,729,12,60966.55
CUST-ACT-09567,92,92,495,8,13809.82
CUST-ACT-09568,28,28,248,68,3007.24
CUST-ACT-09569,75,75,852,173,72491.33
CUST-ACT-09570,80,80,947,63,879.81
CUST-ACT-09571,41,41,148,75,11904.13
CUST-ACT-09572,2,2,204,129,33892.07
CUST-ACT-09573,101,101,940,100,72274.01
CUST-ACT-09574,135,135,79,14,1288.0
CUST-ACT-09575,134,134,872,79,14971.57
CUST-ACT-09576,17,17,906,15,63857.75
CUST-ACT-09577,122,122,658,122,73904.97
CUST-ACT-09578,117,117,108,151,74751.66
CUST-ACT-09579,73,73,640,137,23900.02
CUST-ACT-09580,58,58,290,119,57810.52
CUST-ACT-09581,125,125,112,158,9262.76
CUST-ACT-09582,54,54,475,115,24590.81
CUST-ACT-09583,114,114,424,7,35399.65
CUST-ACT-09584,92,92,263,125,35617.06
CUST-ACT-09585,92,92,791,178,63553.63
CUST-ACT-09586,23,23,258,51,24619.21
CUST-ACT-09587,134,134,349,38,52034.93
CUST-ACT-09588,105,105,518,155,3505.56
CUST-ACT-09589,92,92,439,65,26552.62
CUST-ACT-09590,27,27,119,6,50531.81
CUST-ACT-09591,144,144,528,128,71613.93
CUST-ACT-09592,23,23,392,13,64351.97
CUST-ACT-09593,31,31,611,1,540.8
CUST-ACT-09594,131,131,594,103,67290.51
CUST-ACT-09595,93,93,901,79,12260.8
CUST-ACT-09596,70,70,206,107,44559.2
CUST-ACT-09597,10,10,631,58,23182.76
CUST-ACT-09598,132,132,856,19,17091.32
CUST-ACT-09599,101,101,229,60,70119.63
CUST-ACT-09600,20,20,124,21,57708.83
CUST-ACT-09601,54,54,324,58,62489.44
CUST-ACT-09602,59,59,784,132,72633.89
CUST-ACT-09603,146,146,120,45,37251.34
CUST-ACT-09604,18,18,657,26,14267.61
CUST-ACT-09605,120,120,771,36,37747.93
CUST-ACT-09606,5,5,535,10,60983.22
CUST-ACT-09607,20,20,489,137,47662.2
CUST-ACT-09608,102,102,553,83,45812.15
CUST-ACT-09609,58,58,701,69,11578.87
CUST-ACT-09610,96,96,473,25,31828.05
CUST-ACT-09611,97,97,294,142,72706.06
CUST-ACT-09612,22,22,956,27,12750.6
CUST-ACT-09613,66,66,561,153,49202.55
CUST-ACT-09614,121,121,569,132,52183.4
CUST-ACT-09615,64,64,269,158,72273.61
CUST-ACT-09616,7,7,312,112,20564.84
CUST-ACT-09617,62,62,508,175,12178.9
CUST-ACT-09618,129,129,681,136,74994.13
CUST-ACT-09619,145,145,453,133,4288.25
CUST-ACT-09620,95,95,711,12,48086.45
CUST-ACT-09621,133,133,769,92,58264.89
CUST-ACT-09622,69,69,852,98,39481.46
CUST-ACT-09623,26,26,206,129,29586.07
CUST-ACT-09624,87,87,553,84,49877.11
CUST-ACT-09625,134,134,677,26,49420.08
CUST-ACT-09626,102,102,620,135,27465.77
CUST-ACT-09627,37,37,665,166,62249.17
CUST-ACT-09628,69,69,700,112,48102.78
CUST-ACT-09629,125,125,109,154,15749.25
CUST-ACT-09630,8,8,214,108,57223.4
CUST-ACT-09631,17,17,768,56,53554.42
CUST-ACT-09632,125,125,372,61,27999.32
CUST-ACT-09633,76,76,327,140,57971.0
CUST-ACT-09634,26,26,321,69,66470.98
CUST-ACT-09635,5,5,600,120,66020.17
CUST-ACT-09636,143,143,206,43,22214.51
CUST-ACT-09637,79,79,363,88,71989.84
CUST-ACT-09638,109,109,902,34,6303.92
CUST-ACT-09639,13,13,223,177,74537.42
CUST-ACT-09640,76,76,974,19,13063.46
CUST-ACT-09641,117,117,754,170,36109.74
CUST-ACT-09642,16,16,777,143,69238.53
CUST-ACT-09643,24,24,819,120,56964.37
CUST-ACT-09644,41,41,370,28,70845.98
CUST-ACT-09645,78,78,54,124,12992.98
CUST-ACT-09646,137,137,196,178,33573.78
CUST-ACT-09647,42,42,269,165,13640.28
CUST-ACT-09648,57,57,837,50,27706.47
CUST-ACT-09649,16,16,587,127,4091.11
CUST-ACT-09650,60,60,327,153,67897.12
CUST-ACT-09651,63,63,512,152,18941.48
CUST-ACT-09652,66,66,634,19,7820.38
CUST-ACT-09653,139,139,184,125,34007.71
CUST-ACT-09654,16,16,702,149,59725.62
CUST-ACT-09655,69,69,932,73,49928.99
CUST-ACT-09656,56,56,517,66,72862.78
CUST-ACT-09657,145,145,503,34,38285.24
CUST-ACT-09658,139,139,950,161,46860.64
CUST-ACT-09659,43,43,664,49,64828.88
CUST-ACT-09660,143,143,543,156,10292.82
CUST-ACT-09661,7,7,286,45,51080.95
CUST-ACT-09662,46,46,852,6,40645.52
CUST-ACT-09663,57,57,165,61,5833.1
CUST-ACT-09664,98,98,842,118,34751.82
CUST-ACT-09665,145,145,514,129,42958.35
CUST-ACT-09666,5,5,536,47,44646.76
CUST-ACT-09667,56,56,733,121,50371.32
CUST-ACT-09668,11,11,716,112,31632.88
CUST-ACT-09669,148,148,557,6,59018.42
CUST-ACT-09670,38,38,172,50,3878.83
CUST-ACT-09671,138,138,63,85,46362.73
CUST-ACT-09672,76,76,605,37,25985.94
CUST-ACT-09673,16,16,480,114,42391.86
CUST-ACT-09674,28,28,39,158,55216.48
CUST-ACT-09675,111,111,386,32,63328.1
CUST-ACT-09676,51,51,572,108,5050.32
CUST-ACT-09677,38,38,900,94,33908.95
CUST-ACT-09678,23,23,606,139,73289.3
CUST-ACT-09679,109,109,814,53,6043.57
CUST-ACT-09680,9,9,546,145,15306.65
CUST-ACT-09681,103,103,838,76,1483.26
CUST-ACT-09682,149,149,343,123,56217.65
CUST-ACT-09683,132,132,149,65,50327.99
CUST-ACT-09684,43,43,56,140,60077.7
CUST-ACT-09685,3,3,579,33,24381.93
CUST-ACT-09686,13,13,767,79,14199.45
CUST-ACT-09687,113,113,309,142,33465.23
CUST-ACT-09688,50,50,629,178,9714.02
CUST-ACT-09689,49,49,476,70,47504.87
CUST-ACT-09690,35,35,256,34,56030.84
CUST-ACT-09691,116,116,955,92,24261.85
CUST-ACT-09692,40,40,477,177,30648.15
CUST-ACT-09693,3,3,736,139,58816.39
CUST-ACT-09694,141,141,517,113,50432.1
CUST-ACT-09695,70,70,403,85,52829.4
CUST-ACT-09696,97,97,360,66,19431.76
CUST-ACT-09697,74,74,572,46,6115.8
CUST-ACT-09698,137,137,609,9,33361.22
CUST-ACT-09699,53,53,835,38,67267.79
CUST-ACT-09700,107,107,182,98,52797.13
CUST-ACT-09701,17,17,656,62,10747.74
CUST-ACT-09702,149,149,285,172,24886.43
CUST-ACT-09703,87,87,641,177,42493.39
CUST-ACT-09704,133,133,397,42,55490.21
CUST-ACT-09705,50,50,609,90,9924.7
CUST-ACT-09706,113,113,236,118,27239.19
CUST-ACT-09707,10,10,542,47,38837.28
CUST-ACT-09708,36,36,144,105,41526.21
CUST-ACT-09709,61,61,678,126,56270.7
CUST-ACT-09710,20,20,758,1,53572.86
CUST-ACT-09711,39,39,136,149,73583.15
CUST-ACT-09712,5,5,913,159,31268.24
CUST-ACT-09713,98,98,260,100,18567.79
CUST-ACT-09714,67,67,582,109,18437.12
CUST-ACT-09715,142,142,876,99,17300.83
CUST-ACT-09716,80,80,836,66,16306.78
CUST-ACT-09717,26,26,236,9,12518.48
CUST-ACT-09718,19,19,716,103,36966.24
CUST-ACT-09719,82,82,574,113,8603.85
CUST-ACT-09720,34,34,311,174,5410.74
CUST-ACT-09721,45,45,562,168,47621.87
CUST-ACT-09722,20,20,714,162,14300.9
CUST-ACT-09723,77,77,624,73,54782.01
CUST-ACT-09724,18,18,413,123,27678.42
CUST-ACT-09725,77,77,147,79,73058.32
CUST-ACT-09726,99,99,746,126,49720.61
CUST-ACT-09727,128,128,974,68,61599.06
CUST-ACT-09728,107,107,475,12,36273.06
CUST-ACT-09729,148,148,811,45,65261.63
CUST-ACT-09730,139,139,110,83,74817.25
CUST-ACT-09731,103,103,486,97,60579.22
CUST-ACT-09732,138,138,474,6,53877.46
CUST-ACT-09733,54,54,783,45,15529.19
CUST-ACT-09734,84,84,817,3,14210.81
CUST-ACT-09735,32,32,79,48,50641.96
CUST-ACT-09736,9,9,362,130,45989.61
CUST-ACT-09737,83,83,788,52,30368.16
CUST-ACT-09738,111,111,508,55,11624.37
CUST-ACT-09739,135,135,160,30,31129.64
CUST-ACT-09740,66,66,339,11,64146.11
CUST-ACT-09741,64,64,227,40,31608.37
CUST-ACT-09742,142,142,251,27,18918.17
CUST-ACT-09743,43,43,105,154,57886.02
CUST-ACT-09744,95,95,227,136,31591.77
CUST-ACT-09745,32,32,84,99,6072.93
CUST-ACT-09746,108,108,132,127,54886.29
CUST-ACT-09747,115,115,806,107,66646.39
CUST-ACT-09748,35,35,944,78,45793.68
CUST-ACT-09749,55,55,270,71,5357.61
CUST-ACT-09750,105,105,350,101,38723.03
CUST-ACT-09751,8,8,659,78,48328.32
CUST-ACT-09752,13,13,356,101,29310.52
CUST-ACT-09753,61,61,351,77,21367.0
CUST-ACT-09754,51,51,161,98,59906.79
CUST-ACT-09755,120,120,910,46,54298.25
CUST-ACT-09756,131,131,820,148,38435.72
CUST-ACT-09757,64,64,182,158,33415.51
CUST-ACT-09758,89,89,545,105,12883.93
CUST-ACT-09759,127,127,362,115,4685.53
CUST-ACT-09760,76,76,884,71,65331.79
CUST-ACT-09761,14,14,344,176,41291.36
CUST-ACT-09762,67,67,241,140,9179.09
CUST-ACT-09763,73,73,251,12,59562.79
CUST-ACT-09764,117,117,347,49,46028.57
CUST-ACT-09765,143,143,917,164,65405.01
CUST-ACT-09766,23,23,264,37,38664.01
CUST-ACT-09767,126,126,483,126,13137.89
CUST-ACT-09768,123,123,614,167,30649.05
CUST-ACT-09769,27,27,509,45,42930.28
CUST-ACT-09770,26,26,519,175,2900.85
CUST-ACT-09771,127,127,591,131,47355.82
CUST-ACT-09772,107,107,223,49,26310.7
CUST-ACT-09773,94,94,134,143,11585.3
CUST-ACT-09774,76,76,170,126,16609.13
CUST-ACT-09775,94,94,734,72,43644.53
CUST-ACT-09776,33,33,762,160,62737.39
CUST-ACT-09777,15,15,492,53,17173.19
CUST-ACT-09778,7,7,791,141,29671.15
CUST-ACT-09779,91,91,97,23,37005.32
CUST-ACT-09780,120,120,147,26,7294.66
CUST-ACT-09781,94,94,78,142,1344.68
CUST-ACT-09782,72,72,996,35,7238.47
CUST-ACT-09783,16,16,454,153,53757.33
CUST-ACT-09784,118,118,770,81,28247.89
CUST-ACT-09785,100,100,906,38,32922.03
CUST-ACT-09786,133,133,943,32,69098.66
CUST-ACT-09787,123,123,733,177,68369.01
CUST-ACT-09788,80,80,727,92,52447.68
CUST-ACT-09789,135,135,261,92,49094.95
CUST-ACT-09790,83,83,382,24,72902.58
CUST-ACT-09791,136,136,218,116,63407.52
CUST-ACT-09792,44,44,339,103,58042.48
CUST-ACT-09793,21,21,251,89,3632.71
CUST-ACT-09794,112,112,637,50,11904.73
CUST-ACT-09795,9,9,617,10,40452.83
CUST-ACT-09796,55,55,713,109,8302.4
CUST-ACT-09797,111,111,367,73,61692.2
CUST-ACT-09798,61,61,402,171,50177.13
CUST-ACT-09799,138,138,274,121,47793.98
CUST-ACT-09800,33,33,831,162,62712.87
CUST-ACT-09801,59,59,540,159,71246.33
CUST-ACT-09802,67,67,373,72,37733.2
CUST-ACT-09803,20,20,585,95,1965.79
CUST-ACT-09804,28,28,421,150,23383.55
CUST-ACT-09805,62,62,88,171,30727.13
CUST-ACT-09806,64,64,168,97,58644.95
CUST-ACT-09807,114,114,482,145,60367.61
CUST-ACT-09808,38,38,309,7,3776.52
CUST-ACT-09809,125,125,765,111,29211.28
CUST-ACT-09810,120,120,493,104,18417.23
CUST-ACT-09811,143,143,95,21,7471.79
CUST-ACT-09812,35,35,730,35,37639.57
CUST-ACT-09813,83,83,711,157,54282.81
CUST-ACT-09814,26,26,613,115,72657.19
CUST-ACT-09815,24,24,58,121,56639.06
CUST-ACT-09816,14,14,711,86,52478.41
CUST-ACT-09817,39,39,49,5,33908.16
CUST-ACT-09818,27,27,88,23,51080.55
CUST-ACT-09819,39,39,709,22,61605.84
CUST-ACT-09820,133,133,830,169,11714.57
CUST-ACT-09821,62,62,141,92,56549.37
CUST-ACT-09822,105,105,919,17,31291.28
CUST-ACT-09823,132,132,248,119,13886.08
CUST-ACT-09824,35,35,599,125,9854.92
CUST-ACT-09825,31,31,235,37,64909.18
CUST-ACT-09826,118,118,74,81,57455.46
CUST-ACT-09827,52,52,587,71,31207.18
CUST-ACT-09828,50,50,836,50,19116.53
CUST-ACT-09829,138,138,641,34,9840.6
CUST-ACT-09830,122,122,418,13,40388.05
CUST-ACT-09831,34,34,550,60,46300.69
CUST-ACT-09832,86,86,753,75,2754.71
CUST-ACT-09833,72,72,967,87,62413.91
CUST-ACT-09834,114,114,753,2,28222.8
CUST-ACT-09835,113,113,736,160,11730.71
CUST-ACT-09836,101,101,440,8,23571.26
CUST-ACT-09837,30,30,587,124,30681.44
CUST-ACT-09838,18,18,627,37,39293.61
CUST-ACT-09839,113,113,456,36,51148.09
CUST-ACT-09840,9,9,227,175,4107.47
CUST-ACT-09841,49,49,796,67,1497.23
CUST-ACT-09842,38,38,917,94,988.36
CUST-ACT-09843,136,136,832,154,60283.61
CUST-ACT-09844,109,109,996,81,70902.72
CUST-ACT-09845,31,31,846,1,46602.61
CUST-ACT-09846,42,42,981,31,66647.26
CUST-ACT-09847,39,39,543,82,15248.54
CUST-ACT-09848,143,143,582,114,54832.69
CUST-ACT-09849,78,78,135,45,22324.2
CUST-ACT-09850,93,93,689,17,10959.81
CUST-ACT-09851,37,37,443,173,41629.3
CUST-ACT-09852,6,6,845,149,29455.61
CUST-ACT-09853,45,45,67,81,60625.16
CUST-ACT-09854,101,101,581,56,14298.31
CUST-ACT-09855,34,34,280,127,32761.79
CUST-ACT-09856,139,139,652,46,35958.61
CUST-ACT-09857,2,2,380,52,60960.52
CUST-ACT-09858,119,119,218,41,25792.05
CUST-ACT-09859,143,143,561,82,34941.46
CUST-ACT-09860,139,139,296,34,14935.29
CUST-ACT-09861,139,139,141,138,45866.55
CUST-ACT-09862,114,114,390,33,25001.86
CUST-ACT-09863,34,34,961,19,24399.77
CUST-ACT-09864,112,112,35,81,62075.24
CUST-ACT-09865,141,141,911,168,55554.09
CUST-ACT-09866,56,56,954,82,35685.75
CUST-ACT-09867,85,85,813,32,27652.23
CUST-ACT-09868,93,93,598,16,74659.67
CUST-ACT-09869,103,103,741,129,44924.09
CUST-ACT-09870,91,91,670,109,62097.07
CUST-ACT-09871,9,9,687,13,36998.79
CUST-ACT-09872,131,131,767,99,41389.35
CUST-ACT-09873,4,4,274,91,13976.65
CUST-ACT-09874,21,21,415,100,74737.82
CUST-ACT-09875,63,63,573,137,34809.16
CUST-ACT-09876,73,73,944,171,72369.73
CUST-ACT-09877,69,69,393,47,49301.7
CUST-ACT-09878,78,78,567,135,47033.84
CUST-ACT-09879,40,40,160,50,55877.84
CUST-ACT-09880,13,13,325,96,2610.76
CUST-ACT-09881,78,78,584,134,34322.44
CUST-ACT-09882,61,61,159,85,63859.07
CUST-ACT-09883,92,92,849,55,63980.26
CUST-ACT-09884,139,139,338,178,73816.9
CUST-ACT-09885,119,119,459,153,73082.02
CUST-ACT-09886,130,130,999,150,13627.81
CUST-ACT-09887,33,33,706,3,37880.8
CUST-ACT-09888,142,142,551,28,38026.7
CUST-ACT-09889,28,28,131,45,16125.77
CUST-ACT-09890,49,49,361,124,69425.53
CUST-ACT-09891,58,58,219,156,46864.91
CUST-ACT-09892,129,129,450,20,28376.77
CUST-ACT-09893,102,102,38,82,33800.91
CUST-ACT-09894,123,123,152,107,70678.42
CUST-ACT-09895,22,22,734,44,8377.18
CUST-ACT-09896,94,94,42,52,13369.82
CUST-ACT-09897,85,85,152,39,29734.35
CUST-ACT-09898,90,90,132,144,67379.63
CUST-ACT-09899,49,49,441,123,38893.9
CUST-ACT-09900,2,2,311,45,1839.35
CUST-ACT-09901,52,52,315,119,51305.38
CUST-ACT-09902,140,140,997,164,58956.67
CUST-ACT-09903,19,19,53,55,686.48
CUST-ACT-09904,112,112,302,56,4775.37
CUST-ACT-09905,53,53,186,150,51701.05
CUST-ACT-09906,4,4,61,58,28111.18
CUST-ACT-09907,46,46,181,100,2464.75
CUST-ACT-09908,39,39,772,82,28905.61
CUST-ACT-09909,2,2,229,162,33040.11
CUST-ACT-09910,39,39,82,99,45821.72
CUST-ACT-09911,33,33,116,116,9383.4
CUST-ACT-09912,117,117,920,35,13371.01
CUST-ACT-09913,36,36,116,96,44557.87
CUST-ACT-09914,12,12,591,20,15824.67
CUST-ACT-09915,52,52,736,118,51527.51
CUST-ACT-09916,16,16,687,51,17587.64
CUST-ACT-09917,55,55,817,6,9912.08
CUST-ACT-09918,136,136,405,72,62292.6
CUST-ACT-09919,107,107,344,117,5235.01
CUST-ACT-09920,64,64,282,12,67276.13
CUST-ACT-09921,84,84,913,69,41681.02
CUST-ACT-09922,128,128,786,153,46858.58
CUST-ACT-09923,56,56,222,20,33309.44
CUST-ACT-09924,95,95,253,104,45911.32
CUST-ACT-09925,16,16,65,115,27276.82
CUST-ACT-09926,56,56,279,4,44940.1
CUST-ACT-09927,56,56,170,92,10424.4
CUST-ACT-09928,133,133,123,125,66524.45
CUST-ACT-09929,109,109,254,22,18375.27
CUST-ACT-09930,139,139,90,175,32273.23
CUST-ACT-09931,8,8,305,108,67957.63
CUST-ACT-09932,16,16,120,117,36357.32
CUST-ACT-09933,104,104,323,13,53517.25
CUST-ACT-09934,141,141,264,39,42499.81
CUST-ACT-09935,34,34,997,163,5700.1
CUST-ACT-09936,44,44,425,92,25407.55
CUST-ACT-09937,24,24,839,49,6631.78
CUST-ACT-09938,147,147,331,62,50424.18
CUST-ACT-09939,19,19,237,114,19568.44
CUST-ACT-09940,10,10,711,133,56937.9
CUST-ACT-09941,87,87,323,139,26450.94
CUST-ACT-09942,66,66,334,144,11583.36
CUST-ACT-09943,37,37,585,36,45159.82
CUST-ACT-09944,125,125,892,169,27993.11
CUST-ACT-09945,35,35,37,80,66929.24
CUST-ACT-09946,67,67,35,142,50192.15
CUST-ACT-09947,81,81,176,19,65335.77
CUST-ACT-09948,149,149,804,17,17533.38
CUST-ACT-09949,4,4,583,23,5436.22
CUST-ACT-09950,111,111,825,46,26286.67
CUST-ACT-09951,5,5,61,100,40156.44
CUST-ACT-09952,56,56,811,106,37007.25
CUST-ACT-09953,13,13,526,55,39429.79
CUST-ACT-09954,4,4,560,157,53283.05
CUST-ACT-09955,99,99,919,113,29563.23
CUST-ACT-09956,96,96,679,85,58607.01
CUST-ACT-09957,137,137,189,45,7925.38
CUST-ACT-09958,86,86,912,20,73891.86
CUST-ACT-09959,66,66,506,108,62842.35
CUST-ACT-09960,94,94,634,90,51030.41
CUST-ACT-09961,96,96,740,73,44366.9
CUST-ACT-09962,146,146,422,5,61801.92
CUST-ACT-09963,28,28,851,94,23383.04
CUST-ACT-09964,10,10,674,94,18389.38
CUST-ACT-09965,61,61,671,45,33438.6
CUST-ACT-09966,148,148,301,32,65330.04
CUST-ACT-09967,26,26,760,33,8690.58
CUST-ACT-09968,80,80,321,121,24301.46
CUST-ACT-09969,91,91,380,113,70833.51
CUST-ACT-09970,146,146,759,74,42581.56
CUST-ACT-09971,8,8,303,58,25549.85
CUST-ACT-09972,4,4,129,65,70809.71
CUST-ACT-09973,81,81,369,132,53911.18
CUST-ACT-09974,105,105,925,46,20931.87
CUST-ACT-09975,35,35,356,63,47431.71
CUST-ACT-09976,19,19,183,125,18339.8
CUST-ACT-09977,68,68,171,70,12457.18
CUST-ACT-09978,93,93,709,97,24515.9
CUST-ACT-09979,145,145,192,158,72923.53
CUST-ACT-09980,32,32,491,138,27527.85
CUST-ACT-09981,108,108,906,65,2542.95
CUST-ACT-09982,9,9,828,124,73139.81
CUST-ACT-09983,146,146,534,70,19397.23
CUST-ACT-09984,12,12,69,10,47844.03
CUST-ACT-09985,77,77,188,176,3663.66
CUST-ACT-09986,135,135,315,19,29290.42
CUST-ACT-09987,67,67,291,50,1878.3
CUST-ACT-09988,115,115,534,42,66115.23
CUST-ACT-09989,144,144,268,178,41786.21
CUST-ACT-09990,29,29,428,6,68394.94
CUST-ACT-09991,127,127,132,5,36338.1
CUST-ACT-09992,12,12,630,44,17784.98
CUST-ACT-09993,139,139,734,52,2501.64
CUST-ACT-09994,107,107,894,62,50417.37
CUST-ACT-09995,116,116,343,146,38647.3
CUST-ACT-09996,137,137,155,12,6825.02
CUST-ACT-09997,26,26,144,101,21809.46
CUST-ACT-09998,120,120,745,6,11886.57
CUST-ACT-09999,111,111,844,112,12923.77
