transaction_date,customer_id,amount
2026-08-01 00:01:00,CUST-DT-0001,2311.94
2026-08-01 00:05:00,CUST-DT-0002,1501.14
2026-08-01 00:07:00,CUST-DT-0003,1024.63
2026-08-01 00:11:00,CUST-DT-0004,4422.18
2026-08-01 00:15:00,CUST-DT-0005,961.31
2026-08-01 00:15:00,CUST-DT-0006,3380.82
2026-08-01 00:20:00,CUST-DT-0007,4113.36
2026-08-01 00:22:00,CUST-DT-0008,793.11
2026-08-01 00:25:00,CUST-DT-0009,3206.61
2026-08-01 00:28:00,CUST-DT-0010,3700.07
2026-08-01 00:31:00,CUST-DT-0011,3034.1
2026-08-01 00:33:00,CUST-DT-0012,1695.08
2026-08-01 00:37:00,CUST-DT-0013,669.37
2026-08-01 00:40:00,CUST-DT-0014,880.94
2026-08-01 00:43:00,CUST-DT-0015,3475.86
2026-08-01 00:45:00,CUST-DT-0016,2391.06
2026-08-01 00:50:00,CUST-DT-0017,825.24
2026-08-01 00:54:00,CUST-DT-0018,3839.31
2026-08-01 00:54:00,CUST-DT-0019,1911.37
2026-08-01 00:58:00,CUST-DT-0020,4258.26
2026-08-01 01:03:00,CUST-DT-0021,3800.11
2026-08-01 01:04:00,CUST-DT-0022,4139.03
2026-08-01 01:07:00,CUST-DT-0023,4275.94
2026-08-01 01:13:00,CUST-DT-0024,1495.17
2026-08-01 01:16:00,CUST-DT-0025,2246.17
2026-08-01 01:15:00,CUST-DT-0026,3139.88
2026-08-01 01:18:00,CUST-DT-0027,4022.38
2026-08-01 01:23:00,CUST-DT-0028,883.26
2026-08-01 01:24:00,CUST-DT-0029,419.64
2026-08-01 01:30:00,CUST-DT-0030,125.42
2026-08-01 01:33:00,CUST-DT-0031,50.01
2026-08-01 01:35:00,CUST-DT-0032,942.03
2026-08-01 01:40:00,CUST-DT-0033,3119.12
2026-08-01 01:39:00,CUST-DT-0034,3551.36
2026-08-01 01:46:00,CUST-DT-0035,3409.19
2026-08-01 01:46:00,CUST-DT-0036,2237.04
2026-08-01 01:50:00,CUST-DT-0037,3023.58
2026-08-01 01:54:00,CUST-DT-0038,1212.83
2026-08-01 01:57:00,CUST-DT-0039,1350.12
2026-08-01 01:58:00,CUST-DT-0040,1780.55
2026-08-01 02:04:00,CUST-DT-0041,1399.19
2026-08-01 02:07:00,CUST-DT-0042,3738.88
2026-08-01 02:10:00,CUST-DT-0043,2581.42
2026-08-01 02:13:00,CUST-DT-0044,1960.63
2026-08-01 02:15:00,CUST-DT-0045,2693.05
2026-08-01 02:19:00,CUST-DT-0046,531.65
2026-08-01 02:19:00,CUST-DT-0047,4131.19
2026-08-01 02:22:00,CUST-DT-0048,570.21
2026-08-01 02:28:00,CUST-DT-0049,2779.44
2026-08-01 02:30:00,CUST-DT-0050,1969.47
2026-08-01 02:33:00,CUST-DT-0051,3507.99
2026-08-01 02:36:00,CUST-DT-0052,2165.1
2026-08-01 02:36:00,CUST-DT-0053,2720.54
2026-08-01 02:41:00,CUST-DT-0054,2740.81
2026-08-01 02:44:00,CUST-DT-0055,2933.66
2026-08-01 02:45:00,CUST-DT-0056,1565.99
2026-08-01 02:52:00,CUST-DT-0057,3099.61
2026-08-01 02:51:00,CUST-DT-0058,3311.21
2026-08-01 02:57:00,CUST-DT-0059,1662.5
2026-08-01 03:00:00,CUST-DT-0060,1970.43
2026-08-01 03:00:00,CUST-DT-0061,546.37
2026-08-01 03:05:00,CUST-DT-0062,4041.24
2026-08-01 03:06:00,CUST-DT-0063,1163.67
2026-08-01 03:13:00,CUST-DT-0064,3869.69
2026-08-01 03:16:00,CUST-DT-0065,3491.16
2026-08-01 03:16:00,CUST-DT-0066,1210.59
2026-08-01 03:18:00,CUST-DT-0067,4265.7
2026-08-01 03:21:00,CUST-DT-0068,687.66
2026-08-01 03:28:00,CUST-DT-0069,655.31
2026-08-01 03:30:00,CUST-DT-0070,1230.18
2026-08-01 03:32:00,CUST-DT-0071,3784.18
2026-08-01 03:36:00,CUST-DT-0072,2378.85
2026-08-01 03:37:00,CUST-DT-0073,2225.8
2026-08-01 03:43:00,CUST-DT-0074,1221.23
2026-08-01 03:45:00,CUST-DT-0075,1382.41
2026-08-01 03:48:00,CUST-DT-0076,1185.23
2026-08-01 03:52:00,CUST-DT-0077,2464.99
2026-08-01 03:55:00,CUST-DT-0078,752.54
2026-08-01 03:54:00,CUST-DT-0079,1779.95
2026-08-01 03:58:00,CUST-DT-0080,4270.12
2026-08-01 04:03:00,CUST-DT-0081,2504.92
2026-08-01 04:07:00,CUST-DT-0082,2667.98
2026-08-01 04:07:00,CUST-DT-0083,2558.07
2026-08-01 04:10:00,CUST-DT-0084,3175.19
2026-08-01 04:13:00,CUST-DT-0085,3758.49
2026-08-01 04:18:00,CUST-DT-0086,4473.16
2026-08-01 04:19:00,CUST-DT-0087,2557.22
2026-08-01 04:22:00,CUST-DT-0088,2266.46
2026-08-01 04:26:00,CUST-DT-0089,1948.1
2026-08-01 04:30:00,CUST-DT-0090,2284.2
2026-08-01 04:33:00,CUST-DT-0091,1442.29
2026-08-01 04:37:00,CUST-DT-0092,2855.1
2026-08-01 04:37:00,CUST-DT-0093,1750.95
2026-08-01 04:42:00,CUST-DT-0094,4095.76
2026-08-01 04:44:00,CUST-DT-0095,460.96
2026-08-01 04:47:00,CUST-DT-0096,2489.24
2026-08-01 04:48:00,CUST-DT-0097,1800.6
2026-08-01 04:54:00,CUST-DT-0098,218.73
2026-08-01 04:57:00,CUST-DT-0099,3429.45
2026-08-01 04:58:00,CUST-DT-0100,421.7
2026-08-01 05:04:00,CUST-DT-0101,2778.24
2026-08-01 05:05:00,CUST-DT-0102,435.89
2026-08-01 05:06:00,CUST-DT-0103,3404.92
2026-08-01 05:10:00,CUST-DT-0104,953.68
2026-08-01 05:16:00,CUST-DT-0105,2010.6
2026-08-01 05:18:00,CUST-DT-0106,4398.42
2026-08-01 05:21:00,CUST-DT-0107,296.46
2026-08-01 05:23:00,CUST-DT-0108,3415.6
2026-08-01 05:28:00,CUST-DT-0109,1412.0
2026-08-01 05:31:00,CUST-DT-0110,3570.21
2026-08-01 05:34:00,CUST-DT-0111,3895.01
2026-08-01 05:35:00,CUST-DT-0112,701.64
2026-08-01 05:36:00,CUST-DT-0113,2518.97
2026-08-01 05:41:00,CUST-DT-0114,166.93
2026-08-01 05:44:00,CUST-DT-0115,155.81
2026-08-01 05:45:00,CUST-DT-0116,1874.55
2026-08-01 05:50:00,CUST-DT-0117,1340.99
2026-08-01 05:53:00,CUST-DT-0118,4357.12
2026-08-01 05:58:00,CUST-DT-0119,1441.19
2026-08-01 06:00:00,CUST-DT-0120,3941.06
2026-08-01 06:04:00,CUST-DT-0121,596.96
2026-08-01 06:05:00,CUST-DT-0122,1613.23
2026-08-01 06:06:00,CUST-DT-0123,3508.87
2026-08-01 06:12:00,CUST-DT-0124,1602.06
2026-08-01 06:16:00,CUST-DT-0125,3422.23
2026-08-01 06:18:00,CUST-DT-0126,1549.63
2026-08-01 06:18:00,CUST-DT-0127,4292.15
2026-08-01 06:22:00,CUST-DT-0128,1990.51
2026-08-01 06:28:00,CUST-DT-0129,2181.88
2026-08-01 06:31:00,CUST-DT-0130,785.92
2026-08-01 06:32:00,CUST-DT-0131,690.17
2026-08-01 06:36:00,CUST-DT-0132,1219.03
2026-08-01 06:37:00,CUST-DT-0133,1082.3
2026-08-01 06:39:00,CUST-DT-0134,1046.02
2026-08-01 06:46:00,CUST-DT-0135,2434.62
2026-08-01 06:45:00,CUST-DT-0136,3412.27
2026-08-01 06:49:00,CUST-DT-0137,824.87
2026-08-01 06:51:00,CUST-DT-0138,2466.95
2026-08-01 06:58:00,CUST-DT-0139,3803.18
2026-08-01 06:59:00,CUST-DT-0140,2810.9
2026-08-01 07:04:00,CUST-DT-0141,4409.69
2026-08-01 07:04:00,CUST-DT-0142,2629.16
2026-08-01 07:09:00,CUST-DT-0143,848.24
2026-08-01 07:13:00,CUST-DT-0144,2248.77
2026-08-01 07:14:00,CUST-DT-0145,3880.3
2026-08-01 07:18:00,CUST-DT-0146,954.15
2026-08-01 07:18:00,CUST-DT-0147,2516.77
2026-08-01 07:22:00,CUST-DT-0148,1541.18
2026-08-01 07:26:00,CUST-DT-0149,350.68
2026-08-01 07:27:00,CUST-DT-0150,2629.16
2026-08-01 07:34:00,CUST-DT-0151,2072.55
2026-08-01 07:34:00,CUST-DT-0152,3484.71
2026-08-01 07:37:00,CUST-DT-0153,3400.32
2026-08-01 07:41:00,CUST-DT-0154,3624.38
2026-08-01 07:44:00,CUST-DT-0155,3622.04
2026-08-01 07:47:00,CUST-DT-0156,197.13
2026-08-01 07:51:00,CUST-DT-0157,4435.73
2026-08-01 07:52:00,CUST-DT-0158,1891.87
2026-08-01 07:54:00,CUST-DT-0159,2707.43
2026-08-01 07:57:00,CUST-DT-0160,3637.39
2026-08-01 08:00:00,CUST-DT-0161,2918.22
2026-08-01 08:05:00,CUST-DT-0162,3679.8
2026-08-01 08:10:00,CUST-DT-0163,3413.94
2026-08-01 08:11:00,CUST-DT-0164,546.26
2026-08-01 08:16:00,CUST-DT-0165,443.53
2026-08-01 08:16:00,CUST-DT-0166,2590.94
2026-08-01 08:22:00,CUST-DT-0167,1596.33
2026-08-01 08:23:00,CUST-DT-0168,4368.04
2026-08-01 08:25:00,CUST-DT-0169,1309.58
2026-08-01 08:29:00,CUST-DT-0170,1878.49
2026-08-01 08:31:00,CUST-DT-0171,1198.63
2026-08-01 08:34:00,CUST-DT-0172,4108.83
2026-08-01 08:37:00,CUST-DT-0173,3254.98
2026-08-01 08:41:00,CUST-DT-0174,948.04
2026-08-01 08:45:00,CUST-DT-0175,1549.17
2026-08-01 08:48:00,CUST-DT-0176,542.56
2026-08-01 08:51:00,CUST-DT-0177,566.79
2026-08-01 08:55:00,CUST-DT-0178,255.86
2026-08-01 08:57:00,CUST-DT-0179,809.58
2026-08-01 09:01:00,CUST-DT-0180,3952.44
2026-08-01 09:00:00,CUST-DT-0181,1106.63
2026-08-01 09:03:00,CUST-DT-0182,3187.49
2026-08-01 09:08:00,CUST-DT-0183,2017.93
2026-08-01 09:09:00,CUST-DT-0184,990.67
2026-08-01 09:15:00,CUST-DT-0185,2247.13
2026-08-01 09:19:00,CUST-DT-0186,4292.16
2026-08-01 09:19:00,CUST-DT-0187,3214.91
2026-08-01 09:21:00,CUST-DT-0188,1800.53
2026-08-01 09:28:00,CUST-DT-0189,4127.54
2026-08-01 09:30:00,CUST-DT-0190,396.25
2026-08-01 09:33:00,CUST-DT-0191,3945.29
2026-08-01 09:36:00,CUST-DT-0192,958.82
2026-08-01 09:36:00,CUST-DT-0193,1239.19
2026-08-01 09:40:00,CUST-DT-0194,3441.62
2026-08-01 09:46:00,CUST-DT-0195,777.99
2026-08-01 09:45:00,CUST-DT-0196,4182.09
2026-08-01 09:52:00,CUST-DT-0197,2414.87
2026-08-01 09:55:00,CUST-DT-0198,3549.17
2026-08-01 09:54:00,CUST-DT-0199,1241.79
2026-08-01 09:59:00,CUST-DT-0200,845.79
2026-08-01 10:01:00,CUST-DT-0201,725.44
2026-08-01 10:04:00,CUST-DT-0202,3997.85
2026-08-01 10:09:00,CUST-DT-0203,3423.27
2026-08-01 10:10:00,CUST-DT-0204,2262.27
2026-08-01 10:14:00,CUST-DT-0205,3201.01
2026-08-01 10:18:00,CUST-DT-0206,3513.58
2026-08-01 10:18:00,CUST-DT-0207,256.42
2026-08-01 10:25:00,CUST-DT-0208,908.43
2026-08-01 10:27:00,CUST-DT-0209,2675.29
2026-08-01 10:29:00,CUST-DT-0210,1162.16
2026-08-01 10:30:00,CUST-DT-0211,3783.88
2026-08-01 10:34:00,CUST-DT-0212,4197.51
2026-08-01 10:40:00,CUST-DT-0213,2523.77
2026-08-01 10:41:00,CUST-DT-0214,4282.81
2026-08-01 10:43:00,CUST-DT-0215,1553.95
2026-08-01 10:49:00,CUST-DT-0216,97.59
2026-08-01 10:51:00,CUST-DT-0217,3435.31
2026-08-01 10:55:00,CUST-DT-0218,1479.77
2026-08-01 10:58:00,CUST-DT-0219,733.69
2026-08-01 10:59:00,CUST-DT-0220,2288.43
2026-08-01 11:00:00,CUST-DT-0221,3003.86
2026-08-01 11:06:00,CUST-DT-0222,1021.01
2026-08-01 11:09:00,CUST-DT-0223,1386.63
2026-08-01 11:11:00,CUST-DT-0224,3851.22
2026-08-01 11:13:00,CUST-DT-0225,4285.49
2026-08-01 11:16:00,CUST-DT-0226,2097.14
2026-08-01 11:20:00,CUST-DT-0227,56.58
2026-08-01 11:25:00,CUST-DT-0228,3030.55
2026-08-01 11:28:00,CUST-DT-0229,3506.28
2026-08-01 11:29:00,CUST-DT-0230,1885.8
2026-08-01 11:30:00,CUST-DT-0231,2243.38
2026-08-01 11:36:00,CUST-DT-0232,2157.7
2026-08-01 11:38:00,CUST-DT-0233,3130.86
2026-08-01 11:41:00,CUST-DT-0234,2906.18
2026-08-01 11:45:00,CUST-DT-0235,1105.13
2026-08-01 11:46:00,CUST-DT-0236,2272.24
2026-08-01 11:49:00,CUST-DT-0237,2713.02
2026-08-01 11:51:00,CUST-DT-0238,636.73
2026-08-01 11:55:00,CUST-DT-0239,1203.02
2026-08-01 12:00:00,CUST-DT-0240,3712.42
2026-08-01 12:04:00,CUST-DT-0241,163.5
2026-08-01 12:04:00,CUST-DT-0242,685.39
2026-08-01 12:10:00,CUST-DT-0243,1176.85
2026-08-01 12:12:00,CUST-DT-0244,3733.84
2026-08-01 12:12:00,CUST-DT-0245,1058.98
2026-08-01 12:16:00,CUST-DT-0246,821.33
2026-08-01 12:19:00,CUST-DT-0247,2099.84
2026-08-01 12:22:00,CUST-DT-0248,2300.75
2026-08-01 12:28:00,CUST-DT-0249,864.67
2026-08-01 12:31:00,CUST-DT-0250,1834.91
2026-08-01 12:34:00,CUST-DT-0251,596.57
2026-08-01 12:37:00,CUST-DT-0252,609.39
2026-08-01 12:37:00,CUST-DT-0253,2784.91
2026-08-01 12:43:00,CUST-DT-0254,3536.03
2026-08-01 12:44:00,CUST-DT-0255,2999.01
2026-08-01 12:45:00,CUST-DT-0256,1558.02
2026-08-01 12:50:00,CUST-DT-0257,3801.58
2026-08-01 12:52:00,CUST-DT-0258,4448.81
2026-08-01 12:54:00,CUST-DT-0259,3513.08
2026-08-01 12:57:00,CUST-DT-0260,1306.94
2026-08-01 13:01:00,CUST-DT-0261,1761.47
2026-08-01 13:07:00,CUST-DT-0262,1963.7
2026-08-01 13:06:00,CUST-DT-0263,2740.22
2026-08-01 13:09:00,CUST-DT-0264,2519.86
2026-08-01 13:13:00,CUST-DT-0265,647.51
2026-08-01 13:16:00,CUST-DT-0266,3832.14
2026-08-01 13:21:00,CUST-DT-0267,1280.24
2026-08-01 13:25:00,CUST-DT-0268,2685.9
2026-08-01 13:24:00,CUST-DT-0269,1215.79
2026-08-01 13:30:00,CUST-DT-0270,1881.93
2026-08-01 13:33:00,CUST-DT-0271,2838.41
2026-08-01 13:33:00,CUST-DT-0272,2784.67
2026-08-01 13:39:00,CUST-DT-0273,3221.02
2026-08-01 13:42:00,CUST-DT-0274,2976.59
2026-08-01 13:45:00,CUST-DT-0275,1130.57
2026-08-01 13:49:00,CUST-DT-0276,3799.63
2026-08-01 13:50:00,CUST-DT-0277,4340.12
2026-08-01 13:53:00,CUST-DT-0278,3944.03
2026-08-01 13:57:00,CUST-DT-0279,3647.18
2026-08-01 14:00:00,CUST-DT-0280,130.47
2026-08-01 14:02:00,CUST-DT-0281,2212.2
2026-08-01 14:05:00,CUST-DT-0282,444.05
2026-08-01 14:07:00,CUST-DT-0283,528.63
2026-08-01 14:13:00,CUST-DT-0284,70.64
2026-08-01 14:14:00,CUST-DT-0285,3293.41
2026-08-01 14:17:00,CUST-DT-0286,636.44
2026-08-01 14:22:00,CUST-DT-0287,3873.24
2026-08-01 14:24:00,CUST-DT-0288,3231.64
2026-08-01 14:26:00,CUST-DT-0289,494.01
2026-08-01 14:28:00,CUST-DT-0290,691.01
2026-08-01 14:33:00,CUST-DT-0291,4029.07
2026-08-01 14:37:00,CUST-DT-0292,2438.37
2026-08-01 14:38:00,CUST-DT-0293,1317.65
2026-08-01 14:39:00,CUST-DT-0294,4298.0
2026-08-01 14:45:00,CUST-DT-0295,3577.14
2026-08-01 14:49:00,CUST-DT-0296,3315.18
2026-08-01 14:48:00,CUST-DT-0297,2053.14
2026-08-01 14:52:00,CUST-DT-0298,1715.14
2026-08-01 14:55:00,CUST-DT-0299,918.29
2026-08-01 14:59:00,CUST-DT-0300,1086.19
2026-08-01 15:02:00,CUST-DT-0301,3516.85
2026-08-01 15:06:00,CUST-DT-0302,239.86
2026-08-01 15:09:00,CUST-DT-0303,3212.44
2026-08-01 15:09:00,CUST-DT-0304,3478.98
2026-08-01 15:12:00,CUST-DT-0305,2229.08
2026-08-01 15:16:00,CUST-DT-0306,908.22
2026-08-01 15:18:00,CUST-DT-0307,2590.45
2026-08-01 15:21:00,CUST-DT-0308,59.29
2026-08-01 15:25:00,CUST-DT-0309,2444.68
2026-08-01 15:31:00,CUST-DT-0310,3890.03
2026-08-01 15:34:00,CUST-DT-0311,438.68
2026-08-01 15:33:00,CUST-DT-0312,1006.07
2026-08-01 15:38:00,CUST-DT-0313,4115.63
2026-08-01 15:40:00,CUST-DT-0314,4086.14
2026-08-01 15:45:00,CUST-DT-0315,2442.58
2026-08-01 15:47:00,CUST-DT-0316,2267.37
2026-08-01 15:50:00,CUST-DT-0317,527.15
2026-08-01 15:54:00,CUST-DT-0318,1168.17
2026-08-01 15:55:00,CUST-DT-0319,2503.62
2026-08-01 15:58:00,CUST-DT-0320,4209.81
2026-08-01 16:03:00,CUST-DT-0321,2499.11
2026-08-01 16:04:00,CUST-DT-0322,1009.3
2026-08-01 16:09:00,CUST-DT-0323,4364.5
2026-08-01 16:11:00,CUST-DT-0324,3500.41
2026-08-01 16:12:00,CUST-DT-0325,3730.8
2026-08-01 16:19:00,CUST-DT-0326,3859.7
2026-08-01 16:21:00,CUST-DT-0327,3385.69
2026-08-01 16:21:00,CUST-DT-0328,2153.84
2026-08-01 16:25:00,CUST-DT-0329,720.12
2026-08-01 16:29:00,CUST-DT-0330,3356.22
2026-08-01 16:31:00,CUST-DT-0331,2364.82
2026-08-01 16:37:00,CUST-DT-0332,841.76
2026-08-01 16:36:00,CUST-DT-0333,3326.55
2026-08-01 16:42:00,CUST-DT-0334,1715.17
2026-08-01 16:43:00,CUST-DT-0335,356.85
2026-08-01 16:49:00,CUST-DT-0336,2261.93
2026-08-01 16:52:00,CUST-DT-0337,1759.29
2026-08-01 16:52:00,CUST-DT-0338,3249.27
2026-08-01 16:58:00,CUST-DT-0339,142.8
2026-08-01 16:58:00,CUST-DT-0340,829.69
2026-08-01 17:00:00,CUST-DT-0341,2881.33
2026-08-01 17:03:00,CUST-DT-0342,3779.73
2026-08-01 17:06:00,CUST-DT-0343,1654.52
2026-08-01 17:10:00,CUST-DT-0344,1157.81
2026-08-01 17:14:00,CUST-DT-0345,1610.68
2026-08-01 17:18:00,CUST-DT-0346,2899.29
2026-08-01 17:19:00,CUST-DT-0347,3027.65
2026-08-01 17:23:00,CUST-DT-0348,3819.24
2026-08-01 17:26:00,CUST-DT-0349,1594.59
2026-08-01 17:30:00,CUST-DT-0350,4357.57
2026-08-01 17:33:00,CUST-DT-0351,3905.86
2026-08-01 17:36:00,CUST-DT-0352,1601.56
2026-08-01 17:36:00,CUST-DT-0353,2557.05
2026-08-01 17:42:00,CUST-DT-0354,3116.71
2026-08-01 17:44:00,CUST-DT-0355,3382.47
2026-08-01 17:47:00,CUST-DT-0356,2649.38
2026-08-01 17:50:00,CUST-DT-0357,744.03
2026-08-01 17:54:00,CUST-DT-0358,3602.67
2026-08-01 17:57:00,CUST-DT-0359,1153.31
2026-08-01 17:58:00,CUST-DT-0360,3892.95
2026-08-01 18:02:00,CUST-DT-0361,2840.36
2026-08-01 18:03:00,CUST-DT-0362,3736.09
2026-08-01 18:09:00,CUST-DT-0363,3702.88
2026-08-01 18:12:00,CUST-DT-0364,4308.96
2026-08-01 18:16:00,CUST-DT-0365,2416.91
2026-08-01 18:15:00,CUST-DT-0366,2121.47
2026-08-01 18:20:00,CUST-DT-0367,3594.47
2026-08-01 18:23:00,CUST-DT-0368,423.56
2026-08-01 18:24:00,CUST-DT-0369,3047.68
2026-08-01 18:31:00,CUST-DT-0370,3324.12
2026-08-01 18:30:00,CUST-DT-0371,4404.6
2026-08-01 18:34:00,CUST-DT-0372,1248.5
2026-08-01 18:40:00,CUST-DT-0373,434.09
2026-08-01 18:43:00,CUST-DT-0374,4273.52
2026-08-01 18:45:00,CUST-DT-0375,3937.15
2026-08-01 18:47:00,CUST-DT-0376,833.39
2026-08-01 18:52:00,CUST-DT-0377,1344.73
2026-08-01 18:52:00,CUST-DT-0378,1527.26
2026-08-01 18:55:00,CUST-DT-0379,468.46
2026-08-01 19:00:00,CUST-DT-0380,3478.49
2026-08-01 19:04:00,CUST-DT-0381,2752.14
2026-08-01 19:03:00,CUST-DT-0382,4410.98
2026-08-01 19:10:00,CUST-DT-0383,2152.17
2026-08-01 19:09:00,CUST-DT-0384,1909.45
2026-08-01 19:13:00,CUST-DT-0385,1372.03
2026-08-01 19:18:00,CUST-DT-0386,1043.8
2026-08-01 19:19:00,CUST-DT-0387,2999.21
2026-08-01 19:23:00,CUST-DT-0388,2109.33
2026-08-01 19:24:00,CUST-DT-0389,1659.83
2026-08-01 19:29:00,CUST-DT-0390,526.13
2026-08-01 19:33:00,CUST-DT-0391,215.17
2026-08-01 19:36:00,CUST-DT-0392,1123.29
2026-08-01 19:37:00,CUST-DT-0393,1444.31
2026-08-01 19:40:00,CUST-DT-0394,1905.27
2026-08-01 19:43:00,CUST-DT-0395,3700.22
2026-08-01 19:45:00,CUST-DT-0396,3298.8
2026-08-01 19:50:00,CUST-DT-0397,3589.08
2026-08-01 19:55:00,CUST-DT-0398,2258.69
2026-08-01 19:55:00,CUST-DT-0399,2770.01
2026-08-01 19:58:00,CUST-DT-0400,2694.66
2026-08-01 20:04:00,CUST-DT-0401,1442.06
2026-08-01 20:03:00,CUST-DT-0402,3578.32
2026-08-01 20:07:00,CUST-DT-0403,893.32
2026-08-01 20:09:00,CUST-DT-0404,4187.08
2026-08-01 20:13:00,CUST-DT-0405,1375.46
2026-08-01 20:19:00,CUST-DT-0406,2287.61
2026-08-01 20:20:00,CUST-DT-0407,4422.29
2026-08-01 20:23:00,CUST-DT-0408,574.63
2026-08-01 20:24:00,CUST-DT-0409,1440.97
2026-08-01 20:27:00,CUST-DT-0410,4141.32
2026-08-01 20:32:00,CUST-DT-0411,1406.81
2026-08-01 20:33:00,CUST-DT-0412,3733.38
2026-08-01 20:39:00,CUST-DT-0413,2674.94
2026-08-01 20:40:00,CUST-DT-0414,1591.23
2026-08-01 20:44:00,CUST-DT-0415,3579.11
2026-08-01 20:49:00,CUST-DT-0416,1205.01
2026-08-01 20:52:00,CUST-DT-0417,2967.02
2026-08-01 20:53:00,CUST-DT-0418,2803.56
2026-08-01 20:58:00,CUST-DT-0419,3330.28
2026-08-01 20:58:00,CUST-DT-0420,783.51
2026-08-01 21:01:00,CUST-DT-0421,3240.88
2026-08-01 21:05:00,CUST-DT-0422,3557.97
2026-08-01 21:08:00,CUST-DT-0423,3147.55
2026-08-01 21:09:00,CUST-DT-0424,4212.29
2026-08-01 21:16:00,CUST-DT-0425,2382.18
2026-08-01 21:15:00,CUST-DT-0426,3709.8
2026-08-01 21:22:00,CUST-DT-0427,646.15
2026-08-01 21:24:00,CUST-DT-0428,1542.74
2026-08-01 21:27:00,CUST-DT-0429,2667.89
2026-08-01 21:28:00,CUST-DT-0430,2171.1
2026-08-01 21:30:00,CUST-DT-0431,2348.35
2026-08-01 21:36:00,CUST-DT-0432,4187.78
2026-08-01 21:38:00,CUST-DT-0433,3306.46
2026-08-01 21:39:00,CUST-DT-0434,4201.56
2026-08-01 21:44:00,CUST-DT-0435,2119.29
2026-08-01 21:46:00,CUST-DT-0436,2676.72
2026-08-01 21:49:00,CUST-DT-0437,958.5
2026-08-01 21:53:00,CUST-DT-0438,891.82
2026-08-01 21:57:00,CUST-DT-0439,1343.06
2026-08-01 21:58:00,CUST-DT-0440,4418.9
2026-08-01 22:04:00,CUST-DT-0441,950.11
2026-08-01 22:06:00,CUST-DT-0442,1780.14
2026-08-01 22:09:00,CUST-DT-0443,2192.0
2026-08-01 22:09:00,CUST-DT-0444,3935.71
2026-08-01 22:16:00,CUST-DT-0445,532.01
2026-08-01 22:18:00,CUST-DT-0446,3922.45
2026-08-01 22:21:00,CUST-DT-0447,2614.68
2026-08-01 22:22:00,CUST-DT-0448,3247.59
2026-08-01 22:27:00,CUST-DT-0449,2267.84
2026-08-01 22:29:00,CUST-DT-0450,190.08
2026-08-01 22:34:00,CUST-DT-0451,3636.73
2026-08-01 22:37:00,CUST-DT-0452,2299.41
2026-08-01 22:40:00,CUST-DT-0453,2397.47
2026-08-01 22:43:00,CUST-DT-0454,2874.4
2026-08-01 22:43:00,CUST-DT-0455,2003.44
2026-08-01 22:45:00,CUST-DT-0456,2581.82
2026-08-01 22:48:00,CUST-DT-0457,3399.46
2026-08-01 22:52:00,CUST-DT-0458,639.17
2026-08-01 22:57:00,CUST-DT-0459,2882.28
2026-08-01 22:59:00,CUST-DT-0460,2005.69
2026-08-01 23:01:00,CUST-DT-0461,3696.07
2026-08-01 23:06:00,CUST-DT-0462,3250.09
2026-08-01 23:09:00,CUST-DT-0463,890.85
2026-08-01 23:09:00,CUST-DT-0464,2006.18
2026-08-01 23:13:00,CUST-DT-0465,397.87
2026-08-01 23:15:00,CUST-DT-0466,763.33
2026-08-01 23:19:00,CUST-DT-0467,2466.33
2026-08-01 23:21:00,CUST-DT-0468,335.41
2026-08-01 23:26:00,CUST-DT-0469,135.62
2026-08-01 23:30:00,CUST-DT-0470,3811.15
2026-08-01 23:32:00,CUST-DT-0471,582.88
2026-08-01 23:33:00,CUST-DT-0472,2732.63
2026-08-01 23:38:00,CUST-DT-0473,2158.64
2026-08-01 23:41:00,CUST-DT-0474,3932.81
2026-08-01 23:43:00,CUST-DT-0475,2798.0
2026-08-01 23:49:00,CUST-DT-0476,988.51
2026-08-01 23:51:00,CUST-DT-0477,1909.72
2026-08-01 23:53:00,CUST-DT-0478,1417.14
2026-08-01 23:56:00,CUST-DT-0479,2583.45
2026-08-01 23:59:00,CUST-DT-0480,4442.87
2026-08-02 00:04:00,CUST-DT-0481,1856.47
2026-08-02 00:07:00,CUST-DT-0482,319.2
2026-08-02 00:07:00,CUST-DT-0483,2377.5
2026-08-02 00:13:00,CUST-DT-0484,2937.43
2026-08-02 00:16:00,CUST-DT-0485,1122.88
2026-08-02 00:17:00,CUST-DT-0486,2560.29
2026-08-02 00:18:00,CUST-DT-0487,1616.3
2026-08-02 00:21:00,CUST-DT-0488,895.25
2026-08-02 00:24:00,CUST-DT-0489,552.58
2026-08-02 00:31:00,CUST-DT-0490,871.88
2026-08-02 00:33:00,CUST-DT-0491,3609.08
2026-08-02 00:35:00,CUST-DT-0492,3934.31
2026-08-02 00:38:00,CUST-DT-0493,3431.38
2026-08-02 00:42:00,CUST-DT-0494,4180.5
2026-08-02 00:43:00,CUST-DT-0495,895.29
2026-08-02 00:45:00,CUST-DT-0496,2511.96
2026-08-02 00:52:00,CUST-DT-0497,3957.89
2026-08-02 00:54:00,CUST-DT-0498,145.27
2026-08-02 00:58:00,CUST-DT-0499,309.23
2026-08-02 00:59:00,CUST-DT-0500,281.31
2026-08-02 01:04:00,CUST-DT-0501,1662.45
2026-08-02 01:03:00,CUST-DT-0502,2270.89
2026-08-02 01:07:00,CUST-DT-0503,4103.66
2026-08-02 01:12:00,CUST-DT-0504,1156.92
2026-08-02 01:12:00,CUST-DT-0505,3124.66
2026-08-02 01:17:00,CUST-DT-0506,2294.14
2026-08-02 01:18:00,CUST-DT-0507,311.92
2026-08-02 01:21:00,CUST-DT-0508,1126.23
2026-08-02 01:28:00,CUST-DT-0509,3465.58
2026-08-02 01:27:00,CUST-DT-0510,306.47
2026-08-02 01:32:00,CUST-DT-0511,885.15
2026-08-02 01:35:00,CUST-DT-0512,3260.02
2026-08-02 01:38:00,CUST-DT-0513,4378.09
2026-08-02 01:40:00,CUST-DT-0514,2853.63
2026-08-02 01:45:00,CUST-DT-0515,2587.18
2026-08-02 01:49:00,CUST-DT-0516,69.25
2026-08-02 01:50:00,CUST-DT-0517,703.37
2026-08-02 01:51:00,CUST-DT-0518,331.68
2026-08-02 01:54:00,CUST-DT-0519,3438.75
2026-08-02 02:01:00,CUST-DT-0520,2353.48
2026-08-02 02:04:00,CUST-DT-0521,4240.9
2026-08-02 02:06:00,CUST-DT-0522,1598.27
2026-08-02 02:08:00,CUST-DT-0523,2638.83
2026-08-02 02:10:00,CUST-DT-0524,1979.04
2026-08-02 02:16:00,CUST-DT-0525,1413.61
2026-08-02 02:19:00,CUST-DT-0526,3886.67
2026-08-02 02:18:00,CUST-DT-0527,4078.04
2026-08-02 02:25:00,CUST-DT-0528,2830.96
2026-08-02 02:27:00,CUST-DT-0529,3999.51
2026-08-02 02:31:00,CUST-DT-0530,1407.26
2026-08-02 02:30:00,CUST-DT-0531,993.14
2026-08-02 02:34:00,CUST-DT-0532,1542.47
2026-08-02 02:39:00,CUST-DT-0533,2434.76
2026-08-02 02:40:00,CUST-DT-0534,2530.42
2026-08-02 02:42:00,CUST-DT-0535,1753.97
2026-08-02 02:47:00,CUST-DT-0536,2982.59
2026-08-02 02:50:00,CUST-DT-0537,4107.7
2026-08-02 02:51:00,CUST-DT-0538,2760.31
2026-08-02 02:54:00,CUST-DT-0539,1527.65
2026-08-02 02:57:00,CUST-DT-0540,1033.92
2026-08-02 03:00:00,CUST-DT-0541,2286.92
2026-08-02 03:05:00,CUST-DT-0542,289.88
2026-08-02 03:10:00,CUST-DT-0543,1889.19
2026-08-02 03:11:00,CUST-DT-0544,2110.68
2026-08-02 03:12:00,CUST-DT-0545,1569.33
2026-08-02 03:18:00,CUST-DT-0546,3352.31
2026-08-02 03:21:00,CUST-DT-0547,1485.66
2026-08-02 03:22:00,CUST-DT-0548,3172.34
2026-08-02 03:28:00,CUST-DT-0549,2644.45
2026-08-02 03:27:00,CUST-DT-0550,2981.31
2026-08-02 03:31:00,CUST-DT-0551,77.22
2026-08-02 03:34:00,CUST-DT-0552,3869.15
2026-08-02 03:40:00,CUST-DT-0553,2590.03
2026-08-02 03:39:00,CUST-DT-0554,55.13
2026-08-02 03:43:00,CUST-DT-0555,1492.67
2026-08-02 03:45:00,CUST-DT-0556,1724.0
2026-08-02 03:50:00,CUST-DT-0557,2502.17
2026-08-02 03:51:00,CUST-DT-0558,212.37
2026-08-02 03:55:00,CUST-DT-0559,2013.62
2026-08-02 04:01:00,CUST-DT-0560,3220.13
2026-08-02 04:00:00,CUST-DT-0561,1598.78
2026-08-02 04:05:00,CUST-DT-0562,4041.56
2026-08-02 04:08:00,CUST-DT-0563,552.51
2026-08-02 04:11:00,CUST-DT-0564,2079.59
2026-08-02 04:16:00,CUST-DT-0565,371.47
2026-08-02 04:19:00,CUST-DT-0566,2014.71
2026-08-02 04:21:00,CUST-DT-0567,122.39
2026-08-02 04:21:00,CUST-DT-0568,717.84
2026-08-02 04:28:00,CUST-DT-0569,794.16
2026-08-02 04:27:00,CUST-DT-0570,3095.1
2026-08-02 04:33:00,CUST-DT-0571,3472.59
2026-08-02 04:33:00,CUST-DT-0572,4492.75
2026-08-02 04:40:00,CUST-DT-0573,105.49
2026-08-02 04:42:00,CUST-DT-0574,2939.18
2026-08-02 04:43:00,CUST-DT-0575,4325.5
2026-08-02 04:47:00,CUST-DT-0576,721.04
2026-08-02 04:48:00,CUST-DT-0577,4103.47
2026-08-02 04:53:00,CUST-DT-0578,1033.23
2026-08-02 04:56:00,CUST-DT-0579,2322.41
2026-08-02 04:59:00,CUST-DT-0580,2762.79
2026-08-02 05:00:00,CUST-DT-0581,3139.58
2026-08-02 05:05:00,CUST-DT-0582,3108.66
2026-08-02 05:09:00,CUST-DT-0583,1821.5
2026-08-02 05:12:00,CUST-DT-0584,3459.05
2026-08-02 05:14:00,CUST-DT-0585,2710.99
2026-08-02 05:15:00,CUST-DT-0586,101.1
2026-08-02 05:19:00,CUST-DT-0587,2744.67
2026-08-02 05:25:00,CUST-DT-0588,3073.69
2026-08-02 05:28:00,CUST-DT-0589,1737.61
2026-08-02 05:31:00,CUST-DT-0590,1143.6
2026-08-02 05:34:00,CUST-DT-0591,2096.67
2026-08-02 05:33:00,CUST-DT-0592,139.97
2026-08-02 05:39:00,CUST-DT-0593,2140.81
2026-08-02 05:42:00,CUST-DT-0594,3295.35
2026-08-02 05:44:00,CUST-DT-0595,3727.38
2026-08-02 05:47:00,CUST-DT-0596,1945.12
2026-08-02 05:49:00,CUST-DT-0597,2509.23
2026-08-02 05:53:00,CUST-DT-0598,993.12
2026-08-02 05:54:00,CUST-DT-0599,2487.85
2026-08-02 05:58:00,CUST-DT-0600,922.9
2026-08-02 06:03:00,CUST-DT-0601,4082.39
2026-08-02 06:03:00,CUST-DT-0602,506.15
2026-08-02 06:07:00,CUST-DT-0603,539.97
2026-08-02 06:12:00,CUST-DT-0604,1790.27
2026-08-02 06:13:00,CUST-DT-0605,782.29
2026-08-02 06:15:00,CUST-DT-0606,1812.68
2026-08-02 06:18:00,CUST-DT-0607,583.32
2026-08-02 06:21:00,CUST-DT-0608,3554.29
2026-08-02 06:28:00,CUST-DT-0609,546.44
2026-08-02 06:31:00,CUST-DT-0610,4461.0
2026-08-02 06:34:00,CUST-DT-0611,3296.86
2026-08-02 06:33:00,CUST-DT-0612,3870.91
2026-08-02 06:37:00,CUST-DT-0613,1650.48
2026-08-02 06:41:00,CUST-DT-0614,2455.44
2026-08-02 06:44:00,CUST-DT-0615,3174.13
2026-08-02 06:49:00,CUST-DT-0616,3476.57
2026-08-02 06:50:00,CUST-DT-0617,3162.08
2026-08-02 06:55:00,CUST-DT-0618,2261.62
2026-08-02 06:57:00,CUST-DT-0619,4401.08
2026-08-02 06:59:00,CUST-DT-0620,244.99
2026-08-02 07:02:00,CUST-DT-0621,4253.31
2026-08-02 07:03:00,CUST-DT-0622,2667.15
2026-08-02 07:06:00,CUST-DT-0623,468.25
2026-08-02 07:12:00,CUST-DT-0624,78.73
2026-08-02 07:15:00,CUST-DT-0625,2873.76
2026-08-02 07:16:00,CUST-DT-0626,3364.55
2026-08-02 07:18:00,CUST-DT-0627,1530.76
2026-08-02 07:23:00,CUST-DT-0628,4438.12
2026-08-02 07:25:00,CUST-DT-0629,2593.97
2026-08-02 07:30:00,CUST-DT-0630,786.71
2026-08-02 07:34:00,CUST-DT-0631,77.18
2026-08-02 07:36:00,CUST-DT-0632,1228.54
2026-08-02 07:37:00,CUST-DT-0633,1640.53
2026-08-02 07:41:00,CUST-DT-0634,3250.07
2026-08-02 07:46:00,CUST-DT-0635,4314.33
2026-08-02 07:45:00,CUST-DT-0636,3239.25
2026-08-02 07:48:00,CUST-DT-0637,830.83
2026-08-02 07:55:00,CUST-DT-0638,4118.38
2026-08-02 07:57:00,CUST-DT-0639,3120.35
2026-08-02 08:00:00,CUST-DT-0640,474.06
2026-08-02 08:03:00,CUST-DT-0641,1214.31
2026-08-02 08:03:00,CUST-DT-0642,4051.19
2026-08-02 08:07:00,CUST-DT-0643,1941.49
2026-08-02 08:10:00,CUST-DT-0644,1771.03
2026-08-02 08:15:00,CUST-DT-0645,203.2
2026-08-02 08:19:00,CUST-DT-0646,2779.52
2026-08-02 08:19:00,CUST-DT-0647,1696.66
2026-08-02 08:22:00,CUST-DT-0648,721.72
2026-08-02 08:25:00,CUST-DT-0649,369.88
2026-08-02 08:31:00,CUST-DT-0650,1122.97
2026-08-02 08:33:00,CUST-DT-0651,692.98
2026-08-02 08:36:00,CUST-DT-0652,3727.54
2026-08-02 08:39:00,CUST-DT-0653,148.09
2026-08-02 08:41:00,CUST-DT-0654,2980.97
2026-08-02 08:44:00,CUST-DT-0655,956.84
2026-08-02 08:46:00,CUST-DT-0656,3225.1
2026-08-02 08:49:00,CUST-DT-0657,3456.1
2026-08-02 08:54:00,CUST-DT-0658,923.25
2026-08-02 08:58:00,CUST-DT-0659,982.21
2026-08-02 08:59:00,CUST-DT-0660,4180.87
2026-08-02 09:00:00,CUST-DT-0661,1010.58
2026-08-02 09:03:00,CUST-DT-0662,3308.3
2026-08-02 09:06:00,CUST-DT-0663,803.64
2026-08-02 09:12:00,CUST-DT-0664,3240.3
2026-08-02 09:12:00,CUST-DT-0665,4202.3
2026-08-02 09:19:00,CUST-DT-0666,1154.22
2026-08-02 09:22:00,CUST-DT-0667,3778.41
2026-08-02 09:25:00,CUST-DT-0668,3733.97
2026-08-02 09:25:00,CUST-DT-0669,667.4
2026-08-02 09:29:00,CUST-DT-0670,3379.69
2026-08-02 09:31:00,CUST-DT-0671,3872.61
2026-08-02 09:35:00,CUST-DT-0672,706.86
2026-08-02 09:36:00,CUST-DT-0673,1526.01
2026-08-02 09:43:00,CUST-DT-0674,2940.62
2026-08-02 09:44:00,CUST-DT-0675,3227.33
2026-08-02 09:47:00,CUST-DT-0676,2922.67
2026-08-02 09:50:00,CUST-DT-0677,2477.67
2026-08-02 09:54:00,CUST-DT-0678,995.09
2026-08-02 09:58:00,CUST-DT-0679,2294.58
2026-08-02 09:57:00,CUST-DT-0680,154.18
2026-08-02 10:04:00,CUST-DT-0681,3149.01
2026-08-02 10:03:00,CUST-DT-0682,2975.77
2026-08-02 10:07:00,CUST-DT-0683,4383.44
2026-08-02 10:13:00,CUST-DT-0684,1470.61
2026-08-02 10:16:00,CUST-DT-0685,332.14
2026-08-02 10:19:00,CUST-DT-0686,365.72
2026-08-02 10:21:00,CUST-DT-0687,896.13
2026-08-02 10:23:00,CUST-DT-0688,676.57
2026-08-02 10:26:00,CUST-DT-0689,1449.34
2026-08-02 10:28:00,CUST-DT-0690,3263.52
2026-08-02 10:33:00,CUST-DT-0691,3342.0
2026-08-02 10:36:00,CUST-DT-0692,4135.79
2026-08-02 10:36:00,CUST-DT-0693,636.65
2026-08-02 10:43:00,CUST-DT-0694,2619.58
2026-08-02 10:42:00,CUST-DT-0695,1827.57
2026-08-02 10:47:00,CUST-DT-0696,1007.46
2026-08-02 10:49:00,CUST-DT-0697,3830.73
2026-08-02 10:54:00,CUST-DT-0698,3066.5
2026-08-02 10:57:00,CUST-DT-0699,1678.89
2026-08-02 10:59:00,CUST-DT-0700,3320.78
2026-08-02 11:04:00,CUST-DT-0701,3762.93
2026-08-02 11:04:00,CUST-DT-0702,1762.01
2026-08-02 11:10:00,CUST-DT-0703,126.91
2026-08-02 11:10:00,CUST-DT-0704,4090.91
2026-08-02 11:15:00,CUST-DT-0705,2605.04
2026-08-02 11:15:00,CUST-DT-0706,4468.25
2026-08-02 11:19:00,CUST-DT-0707,1786.0
2026-08-02 11:22:00,CUST-DT-0708,1223.67
2026-08-02 11:25:00,CUST-DT-0709,3820.01
2026-08-02 11:31:00,CUST-DT-0710,2110.91
2026-08-02 11:31:00,CUST-DT-0711,3748.73
2026-08-02 11:37:00,CUST-DT-0712,656.01
2026-08-02 11:37:00,CUST-DT-0713,4477.34
2026-08-02 11:43:00,CUST-DT-0714,3244.52
2026-08-02 11:46:00,CUST-DT-0715,4251.77
2026-08-02 11:45:00,CUST-DT-0716,3201.52
2026-08-02 11:51:00,CUST-DT-0717,1898.25
2026-08-02 11:54:00,CUST-DT-0718,1801.59
2026-08-02 11:55:00,CUST-DT-0719,3584.44
2026-08-02 12:01:00,CUST-DT-0720,2803.38
2026-08-02 12:01:00,CUST-DT-0721,4022.72
2026-08-02 12:06:00,CUST-DT-0722,2649.73
2026-08-02 12:07:00,CUST-DT-0723,2834.52
2026-08-02 12:12:00,CUST-DT-0724,604.87
2026-08-02 12:13:00,CUST-DT-0725,220.33
2026-08-02 12:17:00,CUST-DT-0726,3872.93
2026-08-02 12:18:00,CUST-DT-0727,4364.31
2026-08-02 12:25:00,CUST-DT-0728,2118.62
2026-08-02 12:25:00,CUST-DT-0729,498.71
2026-08-02 12:30:00,CUST-DT-0730,3788.03
2026-08-02 12:34:00,CUST-DT-0731,1524.39
2026-08-02 12:34:00,CUST-DT-0732,595.04
2026-08-02 12:40:00,CUST-DT-0733,3253.77
2026-08-02 12:39:00,CUST-DT-0734,3889.27
2026-08-02 12:42:00,CUST-DT-0735,133.09
2026-08-02 12:47:00,CUST-DT-0736,968.93
2026-08-02 12:49:00,CUST-DT-0737,188.15
2026-08-02 12:51:00,CUST-DT-0738,4281.26
2026-08-02 12:56:00,CUST-DT-0739,684.92
2026-08-02 13:01:00,CUST-DT-0740,1284.39
2026-08-02 13:04:00,CUST-DT-0741,189.91
2026-08-02 13:03:00,CUST-DT-0742,1899.19
2026-08-02 13:09:00,CUST-DT-0743,3005.82
2026-08-02 13:10:00,CUST-DT-0744,498.66
2026-08-02 13:14:00,CUST-DT-0745,1934.45
2026-08-02 13:19:00,CUST-DT-0746,4394.6
2026-08-02 13:20:00,CUST-DT-0747,2787.27
2026-08-02 13:23:00,CUST-DT-0748,4016.76
2026-08-02 13:24:00,CUST-DT-0749,736.91
2026-08-02 13:31:00,CUST-DT-0750,694.31
2026-08-02 13:31:00,CUST-DT-0751,3223.7
2026-08-02 13:35:00,CUST-DT-0752,968.13
2026-08-02 13:40:00,CUST-DT-0753,668.58
2026-08-02 13:42:00,CUST-DT-0754,2531.19
2026-08-02 13:46:00,CUST-DT-0755,2412.19
2026-08-02 13:49:00,CUST-DT-0756,1696.62
2026-08-02 13:48:00,CUST-DT-0757,233.24
2026-08-02 13:55:00,CUST-DT-0758,3309.05
2026-08-02 13:58:00,CUST-DT-0759,2147.26
2026-08-02 14:00:00,CUST-DT-0760,1411.27
2026-08-02 14:04:00,CUST-DT-0761,693.79
2026-08-02 14:05:00,CUST-DT-0762,4425.25
2026-08-02 14:06:00,CUST-DT-0763,961.05
2026-08-02 14:13:00,CUST-DT-0764,4245.85
2026-08-02 14:13:00,CUST-DT-0765,418.67
2026-08-02 14:15:00,CUST-DT-0766,4203.39
2026-08-02 14:20:00,CUST-DT-0767,3437.17
2026-08-02 14:23:00,CUST-DT-0768,790.27
2026-08-02 14:25:00,CUST-DT-0769,316.52
2026-08-02 14:28:00,CUST-DT-0770,4083.8
2026-08-02 14:31:00,CUST-DT-0771,2807.05
2026-08-02 14:34:00,CUST-DT-0772,2086.91
2026-08-02 14:39:00,CUST-DT-0773,2084.1
2026-08-02 14:41:00,CUST-DT-0774,3939.18
2026-08-02 14:44:00,CUST-DT-0775,1325.76
2026-08-02 14:47:00,CUST-DT-0776,2105.7
2026-08-02 14:51:00,CUST-DT-0777,821.58
2026-08-02 14:55:00,CUST-DT-0778,300.18
2026-08-02 14:57:00,CUST-DT-0779,2457.45
2026-08-02 14:57:00,CUST-DT-0780,3373.45
2026-08-02 15:00:00,CUST-DT-0781,3098.73
2026-08-02 15:06:00,CUST-DT-0782,1729.61
2026-08-02 15:08:00,CUST-DT-0783,1769.0
2026-08-02 15:10:00,CUST-DT-0784,948.74
2026-08-02 15:14:00,CUST-DT-0785,1784.83
2026-08-02 15:18:00,CUST-DT-0786,594.22
2026-08-02 15:20:00,CUST-DT-0787,4218.54
2026-08-02 15:22:00,CUST-DT-0788,561.9
2026-08-02 15:24:00,CUST-DT-0789,1532.22
2026-08-02 15:29:00,CUST-DT-0790,1436.42
2026-08-02 15:32:00,CUST-DT-0791,671.27
2026-08-02 15:37:00,CUST-DT-0792,731.99
2026-08-02 15:37:00,CUST-DT-0793,2069.76
2026-08-02 15:39:00,CUST-DT-0794,1504.05
2026-08-02 15:44:00,CUST-DT-0795,1606.0
2026-08-02 15:47:00,CUST-DT-0796,579.82
2026-08-02 15:52:00,CUST-DT-0797,100.1
2026-08-02 15:51:00,CUST-DT-0798,69.56
2026-08-02 15:55:00,CUST-DT-0799,3004.88
2026-08-02 15:57:00,CUST-DT-0800,2020.75
2026-08-02 16:01:00,CUST-DT-0801,4159.01
2026-08-02 16:07:00,CUST-DT-0802,494.84
2026-08-02 16:06:00,CUST-DT-0803,606.41
2026-08-02 16:11:00,CUST-DT-0804,581.22
2026-08-02 16:12:00,CUST-DT-0805,614.61
2026-08-02 16:15:00,CUST-DT-0806,3421.12
2026-08-02 16:19:00,CUST-DT-0807,74.83
2026-08-02 16:23:00,CUST-DT-0808,710.72
2026-08-02 16:28:00,CUST-DT-0809,2020.15
2026-08-02 16:29:00,CUST-DT-0810,971.0
2026-08-02 16:32:00,CUST-DT-0811,3648.06
2026-08-02 16:34:00,CUST-DT-0812,2009.5
2026-08-02 16:39:00,CUST-DT-0813,2747.17
2026-08-02 16:41:00,CUST-DT-0814,2319.28
2026-08-02 16:46:00,CUST-DT-0815,2000.53
2026-08-02 16:48:00,CUST-DT-0816,1296.2
2026-08-02 16:50:00,CUST-DT-0817,3909.68
2026-08-02 16:55:00,CUST-DT-0818,1224.17
2026-08-02 16:54:00,CUST-DT-0819,4225.34
2026-08-02 16:59:00,CUST-DT-0820,1306.75
2026-08-02 17:01:00,CUST-DT-0821,601.35
2026-08-02 17:07:00,CUST-DT-0822,1872.85
2026-08-02 17:06:00,CUST-DT-0823,2720.29
2026-08-02 17:12:00,CUST-DT-0824,60.79
2026-08-02 17:12:00,CUST-DT-0825,2618.04
2026-08-02 17:18:00,CUST-DT-0826,4498.95
2026-08-02 17:20:00,CUST-DT-0827,2829.01
2026-08-02 17:25:00,CUST-DT-0828,1736.41
2026-08-02 17:24:00,CUST-DT-0829,152.2
2026-08-02 17:27:00,CUST-DT-0830,2960.85
2026-08-02 17:30:00,CUST-DT-0831,3800.93
2026-08-02 17:33:00,CUST-DT-0832,1899.68
2026-08-02 17:39:00,CUST-DT-0833,733.8
2026-08-02 17:42:00,CUST-DT-0834,4340.96
2026-08-02 17:46:00,CUST-DT-0835,2659.45
2026-08-02 17:48:00,CUST-DT-0836,1729.12
2026-08-02 17:50:00,CUST-DT-0837,1870.02
2026-08-02 17:51:00,CUST-DT-0838,3458.14
2026-08-02 17:55:00,CUST-DT-0839,3439.55
2026-08-02 17:59:00,CUST-DT-0840,1157.56
2026-08-02 18:01:00,CUST-DT-0841,3236.78
2026-08-02 18:05:00,CUST-DT-0842,2618.52
2026-08-02 18:08:00,CUST-DT-0843,313.47
2026-08-02 18:10:00,CUST-DT-0844,988.0
2026-08-02 18:12:00,CUST-DT-0845,1058.74
2026-08-02 18:15:00,CUST-DT-0846,1661.03
2026-08-02 18:21:00,CUST-DT-0847,1881.66
2026-08-02 18:22:00,CUST-DT-0848,1531.2
2026-08-02 18:26:00,CUST-DT-0849,3336.11
2026-08-02 18:31:00,CUST-DT-0850,3655.43
2026-08-02 18:32:00,CUST-DT-0851,2249.06
2026-08-02 18:36:00,CUST-DT-0852,3493.79
2026-08-02 18:36:00,CUST-DT-0853,1377.52
2026-08-02 18:40:00,CUST-DT-0854,3667.65
2026-08-02 18:45:00,CUST-DT-0855,2050.42
2026-08-02 18:48:00,CUST-DT-0856,3626.22
2026-08-02 18:51:00,CUST-DT-0857,2319.41
2026-08-02 18:54:00,CUST-DT-0858,4212.33
2026-08-02 18:56:00,CUST-DT-0859,2792.18
2026-08-02 19:00:00,CUST-DT-0860,3984.92
2026-08-02 19:03:00,CUST-DT-0861,305.25
2026-08-02 19:04:00,CUST-DT-0862,3027.46
2026-08-02 19:10:00,CUST-DT-0863,2635.31
2026-08-02 19:10:00,CUST-DT-0864,2455.73
2026-08-02 19:13:00,CUST-DT-0865,458.75
2026-08-02 19:17:00,CUST-DT-0866,3144.4
2026-08-02 19:21:00,CUST-DT-0867,3333.31
2026-08-02 19:25:00,CUST-DT-0868,4357.03
2026-08-02 19:28:00,CUST-DT-0869,2626.99
2026-08-02 19:29:00,CUST-DT-0870,2996.8
2026-08-02 19:31:00,CUST-DT-0871,2808.82
2026-08-02 19:36:00,CUST-DT-0872,2059.35
2026-08-02 19:38:00,CUST-DT-0873,3270.06
2026-08-02 19:43:00,CUST-DT-0874,2953.14
2026-08-02 19:45:00,CUST-DT-0875,1693.21
2026-08-02 19:49:00,CUST-DT-0876,1418.53
2026-08-02 19:48:00,CUST-DT-0877,2920.5
2026-08-02 19:55:00,CUST-DT-0878,3712.07
2026-08-02 19:58:00,CUST-DT-0879,2864.29
2026-08-02 20:01:00,CUST-DT-0880,1298.22
2026-08-02 20:01:00,CUST-DT-0881,222.0
2026-08-02 20:03:00,CUST-DT-0882,912.79
2026-08-02 20:10:00,CUST-DT-0883,598.77
2026-08-02 20:11:00,CUST-DT-0884,4274.99
2026-08-02 20:13:00,CUST-DT-0885,2987.68
2026-08-02 20:18:00,CUST-DT-0886,4386.86
2026-08-02 20:21:00,CUST-DT-0887,1807.1
2026-08-02 20:22:00,CUST-DT-0888,2462.92
2026-08-02 20:25:00,CUST-DT-0889,2435.53
2026-08-02 20:27:00,CUST-DT-0890,2410.47
2026-08-02 20:32:00,CUST-DT-0891,1651.06
2026-08-02 20:33:00,CUST-DT-0892,3108.61
2026-08-02 20:39:00,CUST-DT-0893,481.93
2026-08-02 20:41:00,CUST-DT-0894,2428.48
2026-08-02 20:43:00,CUST-DT-0895,656.92
2026-08-02 20:49:00,CUST-DT-0896,140.25
2026-08-02 20:48:00,CUST-DT-0897,2420.31
2026-08-02 20:51:00,CUST-DT-0898,1441.48
2026-08-02 20:57:00,CUST-DT-0899,3781.37
2026-08-02 20:57:00,CUST-DT-0900,2683.33
2026-08-02 21:00:00,CUST-DT-0901,2382.58
2026-08-02 21:07:00,CUST-DT-0902,2108.66
2026-08-02 21:10:00,CUST-DT-0903,562.33
2026-08-02 21:13:00,CUST-DT-0904,352.58
2026-08-02 21:16:00,CUST-DT-0905,3942.37
2026-08-02 21:17:00,CUST-DT-0906,2894.94
2026-08-02 21:21:00,CUST-DT-0907,3680.14
2026-08-02 21:24:00,CUST-DT-0908,632.14
2026-08-02 21:26:00,CUST-DT-0909,3373.2
2026-08-02 21:28:00,CUST-DT-0910,3388.75
2026-08-02 21:34:00,CUST-DT-0911,831.2
2026-08-02 21:33:00,CUST-DT-0912,2003.26
2026-08-02 21:40:00,CUST-DT-0913,1509.15
2026-08-02 21:41:00,CUST-DT-0914,2074.26
2026-08-02 21:44:00,CUST-DT-0915,94.21
2026-08-02 21:47:00,CUST-DT-0916,357.16
2026-08-02 21:52:00,CUST-DT-0917,190.14
2026-08-02 21:51:00,CUST-DT-0918,3631.43
2026-08-02 21:54:00,CUST-DT-0919,3765.62
2026-08-02 21:58:00,CUST-DT-0920,4274.53
2026-08-02 22:02:00,CUST-DT-0921,4064.94
2026-08-02 22:07:00,CUST-DT-0922,2730.08
2026-08-02 22:10:00,CUST-DT-0923,2848.69
2026-08-02 22:10:00,CUST-DT-0924,1596.1
2026-08-02 22:15:00,CUST-DT-0925,4292.99
2026-08-02 22:17:00,CUST-DT-0926,4387.32
2026-08-02 22:18:00,CUST-DT-0927,4066.82
2026-08-02 22:23:00,CUST-DT-0928,1627.44
2026-08-02 22:24:00,CUST-DT-0929,1339.64
2026-08-02 22:31:00,CUST-DT-0930,4451.38
2026-08-02 22:34:00,CUST-DT-0931,912.73
2026-08-02 22:36:00,CUST-DT-0932,3232.33
2026-08-02 22:38:00,CUST-DT-0933,4083.09
2026-08-02 22:43:00,CUST-DT-0934,4177.2
2026-08-02 22:44:00,CUST-DT-0935,2695.16
2026-08-02 22:46:00,CUST-DT-0936,3641.23
2026-08-02 22:48:00,CUST-DT-0937,3993.32
2026-08-02 22:51:00,CUST-DT-0938,2088.78
2026-08-02 22:57:00,CUST-DT-0939,2636.12
2026-08-02 22:59:00,CUST-DT-0940,3033.02
2026-08-02 23:03:00,CUST-DT-0941,3466.11
2026-08-02 23:03:00,CUST-DT-0942,2113.92
2026-08-02 23:06:00,CUST-DT-0943,3143.64
2026-08-02 23:11:00,CUST-DT-0944,3993.94
2026-08-02 23:14:00,CUST-DT-0945,3914.1
2026-08-02 23:15:00,CUST-DT-0946,258.89
2026-08-02 23:19:00,CUST-DT-0947,3521.29
2026-08-02 23:22:00,CUST-DT-0948,1397.07
2026-08-02 23:25:00,CUST-DT-0949,549.11
2026-08-02 23:30:00,CUST-DT-0950,297.14
2026-08-02 23:34:00,CUST-DT-0951,3952.76
2026-08-02 23:33:00,CUST-DT-0952,4207.92
2026-08-02 23:39:00,CUST-DT-0953,2582.19
2026-08-02 23:43:00,CUST-DT-0954,3942.89
2026-08-02 23:44:00,CUST-DT-0955,3788.56
2026-08-02 23:49:00,CUST-DT-0956,3187.4
2026-08-02 23:51:00,CUST-DT-0957,3457.17
2026-08-02 23:52:00,CUST-DT-0958,345.46
2026-08-02 23:54:00,CUST-DT-0959,3103.32
2026-08-02 23:59:00,CUST-DT-0960,2235.33
2026-08-03 00:04:00,CUST-DT-0961,1490.19
2026-08-03 00:06:00,CUST-DT-0962,3724.44
2026-08-03 00:07:00,CUST-DT-0963,4067.6
2026-08-03 00:09:00,CUST-DT-0964,2503.12
2026-08-03 00:15:00,CUST-DT-0965,1644.51
2026-08-03 00:18:00,CUST-DT-0966,488.54
2026-08-03 00:19:00,CUST-DT-0967,2171.16
2026-08-03 00:24:00,CUST-DT-0968,3215.25
2026-08-03 00:25:00,CUST-DT-0969,1316.45
2026-08-03 00:27:00,CUST-DT-0970,4213.13
2026-08-03 00:32:00,CUST-DT-0971,2578.93
2026-08-03 00:35:00,CUST-DT-0972,1089.33
2026-08-03 00:40:00,CUST-DT-0973,628.93
2026-08-03 00:40:00,CUST-DT-0974,861.67
2026-08-03 00:43:00,CUST-DT-0975,968.14
2026-08-03 00:49:00,CUST-DT-0976,3037.21
2026-08-03 00:51:00,CUST-DT-0977,3481.5
2026-08-03 00:52:00,CUST-DT-0978,2211.52
2026-08-03 00:56:00,CUST-DT-0979,4443.69
2026-08-03 00:58:00,CUST-DT-0980,3418.82
2026-08-03 01:02:00,CUST-DT-0981,409.0
2026-08-03 01:04:00,CUST-DT-0982,1568.73
2026-08-03 01:08:00,CUST-DT-0983,2054.12
2026-08-03 01:13:00,CUST-DT-0984,3358.52
2026-08-03 01:15:00,CUST-DT-0985,1333.62
2026-08-03 01:16:00,CUST-DT-0986,4293.21
2026-08-03 01:21:00,CUST-DT-0987,2004.26
2026-08-03 01:21:00,CUST-DT-0988,2640.97
2026-08-03 01:28:00,CUST-DT-0989,136.81
2026-08-03 01:29:00,CUST-DT-0990,3930.67
2026-08-03 01:31:00,CUST-DT-0991,174.13
2026-08-03 01:34:00,CUST-DT-0992,3731.26
2026-08-03 01:38:00,CUST-DT-0993,4177.6
2026-08-03 01:40:00,CUST-DT-0994,3556.36
2026-08-03 01:42:00,CUST-DT-0995,667.54
2026-08-03 01:45:00,CUST-DT-0996,3078.16
2026-08-03 01:49:00,CUST-DT-0997,2978.66
2026-08-03 01:54:00,CUST-DT-0998,2682.4
2026-08-03 01:58:00,CUST-DT-0999,975.62
2026-08-03 02:01:00,CUST-DT-1000,2286.24
2026-08-03 02:00:00,CUST-DT-1001,1911.8
2026-08-03 02:06:00,CUST-DT-1002,3727.96
2026-08-03 02:09:00,CUST-DT-1003,925.86
2026-08-03 02:11:00,CUST-DT-1004,3355.02
2026-08-03 02:14:00,CUST-DT-1005,374.52
2026-08-03 02:18:00,CUST-DT-1006,4328.05
2026-08-03 02:20:00,CUST-DT-1007,848.08
2026-08-03 02:25:00,CUST-DT-1008,3186.65
2026-08-03 02:27:00,CUST-DT-1009,3252.57
2026-08-03 02:29:00,CUST-DT-1010,1382.53
2026-08-03 02:33:00,CUST-DT-1011,1282.33
2026-08-03 02:35:00,CUST-DT-1012,390.03
2026-08-03 02:39:00,CUST-DT-1013,1434.33
2026-08-03 02:39:00,CUST-DT-1014,1268.31
2026-08-03 02:44:00,CUST-DT-1015,3198.18
2026-08-03 02:46:00,CUST-DT-1016,1346.34
2026-08-03 02:51:00,CUST-DT-1017,1955.28
2026-08-03 02:53:00,CUST-DT-1018,2606.7
2026-08-03 02:56:00,CUST-DT-1019,3943.6
2026-08-03 03:01:00,CUST-DT-1020,4463.16
2026-08-03 03:01:00,CUST-DT-1021,2094.58
2026-08-03 03:05:00,CUST-DT-1022,913.97
2026-08-03 03:10:00,CUST-DT-1023,3619.58
2026-08-03 03:13:00,CUST-DT-1024,3565.19
2026-08-03 03:13:00,CUST-DT-1025,1506.29
2026-08-03 03:17:00,CUST-DT-1026,2271.53
2026-08-03 03:18:00,CUST-DT-1027,3409.93
2026-08-03 03:22:00,CUST-DT-1028,4137.99
2026-08-03 03:24:00,CUST-DT-1029,4040.17
2026-08-03 03:30:00,CUST-DT-1030,3881.2
2026-08-03 03:32:00,CUST-DT-1031,3484.88
2026-08-03 03:36:00,CUST-DT-1032,1434.27
2026-08-03 03:39:00,CUST-DT-1033,3557.24
2026-08-03 03:42:00,CUST-DT-1034,2442.29
2026-08-03 03:43:00,CUST-DT-1035,2916.27
2026-08-03 03:48:00,CUST-DT-1036,1960.62
2026-08-03 03:52:00,CUST-DT-1037,3279.41
2026-08-03 03:53:00,CUST-DT-1038,1687.5
2026-08-03 03:57:00,CUST-DT-1039,3529.28
2026-08-03 03:58:00,CUST-DT-1040,3190.52
2026-08-03 04:00:00,CUST-DT-1041,1719.51
2026-08-03 04:06:00,CUST-DT-1042,788.01
2026-08-03 04:09:00,CUST-DT-1043,2761.24
2026-08-03 04:11:00,CUST-DT-1044,2981.16
2026-08-03 04:15:00,CUST-DT-1045,2808.81
2026-08-03 04:17:00,CUST-DT-1046,4493.25
2026-08-03 04:22:00,CUST-DT-1047,4495.36
2026-08-03 04:25:00,CUST-DT-1048,1581.74
2026-08-03 04:27:00,CUST-DT-1049,2564.88
2026-08-03 04:30:00,CUST-DT-1050,2997.38
2026-08-03 04:30:00,CUST-DT-1051,2264.45
2026-08-03 04:35:00,CUST-DT-1052,453.11
2026-08-03 04:37:00,CUST-DT-1053,4105.08
2026-08-03 04:40:00,CUST-DT-1054,698.02
2026-08-03 04:44:00,CUST-DT-1055,3947.87
2026-08-03 04:48:00,CUST-DT-1056,2530.24
2026-08-03 04:48:00,CUST-DT-1057,2900.82
2026-08-03 04:54:00,CUST-DT-1058,2602.58
2026-08-03 04:54:00,CUST-DT-1059,2287.06
2026-08-03 05:01:00,CUST-DT-1060,3024.13
2026-08-03 05:01:00,CUST-DT-1061,3867.53
2026-08-03 05:07:00,CUST-DT-1062,2727.52
2026-08-03 05:06:00,CUST-DT-1063,4316.05
2026-08-03 05:12:00,CUST-DT-1064,462.68
2026-08-03 05:13:00,CUST-DT-1065,2331.94
2026-08-03 05:18:00,CUST-DT-1066,4017.97
2026-08-03 05:20:00,CUST-DT-1067,1536.29
2026-08-03 05:21:00,CUST-DT-1068,627.08
2026-08-03 05:25:00,CUST-DT-1069,203.42
2026-08-03 05:29:00,CUST-DT-1070,102.11
2026-08-03 05:32:00,CUST-DT-1071,2991.22
2026-08-03 05:37:00,CUST-DT-1072,1856.66
2026-08-03 05:39:00,CUST-DT-1073,408.07
2026-08-03 05:39:00,CUST-DT-1074,3839.39
2026-08-03 05:43:00,CUST-DT-1075,3640.28
2026-08-03 05:49:00,CUST-DT-1076,1637.04
2026-08-03 05:52:00,CUST-DT-1077,1225.55
2026-08-03 05:51:00,CUST-DT-1078,4353.27
2026-08-03 05:54:00,CUST-DT-1079,3905.3
2026-08-03 05:58:00,CUST-DT-1080,1011.28
2026-08-03 06:04:00,CUST-DT-1081,4413.05
2026-08-03 06:04:00,CUST-DT-1082,1210.58
2026-08-03 06:10:00,CUST-DT-1083,462.46
2026-08-03 06:12:00,CUST-DT-1084,2447.93
2026-08-03 06:15:00,CUST-DT-1085,2179.98
2026-08-03 06:17:00,CUST-DT-1086,3401.04
2026-08-03 06:22:00,CUST-DT-1087,387.0
2026-08-03 06:23:00,CUST-DT-1088,2052.69
2026-08-03 06:28:00,CUST-DT-1089,978.3
2026-08-03 06:29:00,CUST-DT-1090,1210.28
2026-08-03 06:33:00,CUST-DT-1091,4217.9
2026-08-03 06:33:00,CUST-DT-1092,3065.63
2026-08-03 06:36:00,CUST-DT-1093,2792.07
2026-08-03 06:39:00,CUST-DT-1094,1811.94
2026-08-03 06:45:00,CUST-DT-1095,564.72
2026-08-03 06:46:00,CUST-DT-1096,4307.51
2026-08-03 06:48:00,CUST-DT-1097,173.04
2026-08-03 06:54:00,CUST-DT-1098,2577.54
2026-08-03 06:54:00,CUST-DT-1099,4003.08
2026-08-03 06:59:00,CUST-DT-1100,4082.69
2026-08-03 07:01:00,CUST-DT-1101,1847.45
2026-08-03 07:03:00,CUST-DT-1102,1875.5
2026-08-03 07:08:00,CUST-DT-1103,2858.62
2026-08-03 07:10:00,CUST-DT-1104,957.34
2026-08-03 07:13:00,CUST-DT-1105,314.46
2026-08-03 07:17:00,CUST-DT-1106,2706.52
2026-08-03 07:18:00,CUST-DT-1107,2155.91
2026-08-03 07:25:00,CUST-DT-1108,1972.54
2026-08-03 07:27:00,CUST-DT-1109,2148.19
2026-08-03 07:31:00,CUST-DT-1110,630.35
2026-08-03 07:31:00,CUST-DT-1111,3500.28
2026-08-03 07:34:00,CUST-DT-1112,4246.06
2026-08-03 07:37:00,CUST-DT-1113,3258.09
2026-08-03 07:41:00,CUST-DT-1114,4482.88
2026-08-03 07:43:00,CUST-DT-1115,3113.63
2026-08-03 07:48:00,CUST-DT-1116,168.16
2026-08-03 07:50:00,CUST-DT-1117,65.16
2026-08-03 07:54:00,CUST-DT-1118,1308.89
2026-08-03 07:54:00,CUST-DT-1119,3104.36
2026-08-03 07:57:00,CUST-DT-1120,364.22
2026-08-03 08:02:00,CUST-DT-1121,3826.32
2026-08-03 08:06:00,CUST-DT-1122,3019.86
2026-08-03 08:10:00,CUST-DT-1123,1292.82
2026-08-03 08:13:00,CUST-DT-1124,1780.32
2026-08-03 08:12:00,CUST-DT-1125,2548.83
2026-08-03 08:16:00,CUST-DT-1126,811.1
2026-08-03 08:19:00,CUST-DT-1127,1068.8
2026-08-03 08:21:00,CUST-DT-1128,2316.69
2026-08-03 08:24:00,CUST-DT-1129,4281.37
2026-08-03 08:28:00,CUST-DT-1130,2019.35
2026-08-03 08:32:00,CUST-DT-1131,3980.23
2026-08-03 08:37:00,CUST-DT-1132,3169.22
2026-08-03 08:39:00,CUST-DT-1133,1668.22
2026-08-03 08:41:00,CUST-DT-1134,4163.03
2026-08-03 08:43:00,CUST-DT-1135,3522.78
2026-08-03 08:45:00,CUST-DT-1136,2657.43
2026-08-03 08:52:00,CUST-DT-1137,1420.65
2026-08-03 08:55:00,CUST-DT-1138,1968.1
2026-08-03 08:55:00,CUST-DT-1139,1429.99
2026-08-03 09:01:00,CUST-DT-1140,1479.82
2026-08-03 09:01:00,CUST-DT-1141,1170.34
2026-08-03 09:06:00,CUST-DT-1142,3737.9
2026-08-03 09:08:00,CUST-DT-1143,3263.04
2026-08-03 09:13:00,CUST-DT-1144,190.74
2026-08-03 09:16:00,CUST-DT-1145,759.43
2026-08-03 09:15:00,CUST-DT-1146,374.08
2026-08-03 09:18:00,CUST-DT-1147,1716.97
2026-08-03 09:21:00,CUST-DT-1148,3544.0
2026-08-03 09:26:00,CUST-DT-1149,725.26
2026-08-03 09:27:00,CUST-DT-1150,461.89
2026-08-03 09:31:00,CUST-DT-1151,1631.4
2026-08-03 09:34:00,CUST-DT-1152,998.1
2026-08-03 09:39:00,CUST-DT-1153,3642.35
2026-08-03 09:39:00,CUST-DT-1154,2666.8
2026-08-03 09:44:00,CUST-DT-1155,511.74
2026-08-03 09:47:00,CUST-DT-1156,128.35
2026-08-03 09:49:00,CUST-DT-1157,961.14
2026-08-03 09:53:00,CUST-DT-1158,913.75
2026-08-03 09:57:00,CUST-DT-1159,3366.88
2026-08-03 09:58:00,CUST-DT-1160,3050.11
2026-08-03 10:01:00,CUST-DT-1161,607.86
2026-08-03 10:04:00,CUST-DT-1162,245.91
2026-08-03 10:10:00,CUST-DT-1163,2753.28
2026-08-03 10:11:00,CUST-DT-1164,2264.27
2026-08-03 10:15:00,CUST-DT-1165,1097.01
2026-08-03 10:15:00,CUST-DT-1166,480.25
2026-08-03 10:19:00,CUST-DT-1167,2238.31
2026-08-03 10:24:00,CUST-DT-1168,2066.48
2026-08-03 10:27:00,CUST-DT-1169,3701.36
2026-08-03 10:29:00,CUST-DT-1170,3417.1
2026-08-03 10:33:00,CUST-DT-1171,3443.58
2026-08-03 10:37:00,CUST-DT-1172,2326.99
2026-08-03 10:37:00,CUST-DT-1173,2370.74
2026-08-03 10:41:00,CUST-DT-1174,4336.11
2026-08-03 10:44:00,CUST-DT-1175,3584.39
2026-08-03 10:49:00,CUST-DT-1176,4499.07
2026-08-03 10:49:00,CUST-DT-1177,1276.16
2026-08-03 10:55:00,CUST-DT-1178,3041.55
2026-08-03 10:56:00,CUST-DT-1179,2249.07
2026-08-03 10:57:00,CUST-DT-1180,639.81
2026-08-03 11:02:00,CUST-DT-1181,1368.83
2026-08-03 11:06:00,CUST-DT-1182,639.41
2026-08-03 11:10:00,CUST-DT-1183,3654.09
2026-08-03 11:13:00,CUST-DT-1184,4202.31
2026-08-03 11:12:00,CUST-DT-1185,3466.54
2026-08-03 11:18:00,CUST-DT-1186,4309.92
2026-08-03 11:21:00,CUST-DT-1187,2294.46
2026-08-03 11:22:00,CUST-DT-1188,3232.81
2026-08-03 11:28:00,CUST-DT-1189,4058.1
2026-08-03 11:30:00,CUST-DT-1190,251.01
2026-08-03 11:33:00,CUST-DT-1191,1884.82
2026-08-03 11:36:00,CUST-DT-1192,241.97
2026-08-03 11:36:00,CUST-DT-1193,1712.36
2026-08-03 11:39:00,CUST-DT-1194,1666.68
2026-08-03 11:44:00,CUST-DT-1195,369.77
2026-08-03 11:45:00,CUST-DT-1196,2572.81
2026-08-03 11:50:00,CUST-DT-1197,1474.81
2026-08-03 11:51:00,CUST-DT-1198,1878.66
2026-08-03 11:56:00,CUST-DT-1199,4225.04
2026-08-03 12:01:00,CUST-DT-1200,3650.67
2026-08-03 12:00:00,CUST-DT-1201,843.99
2026-08-03 12:06:00,CUST-DT-1202,2844.27
2026-08-03 12:08:00,CUST-DT-1203,3234.2
2026-08-03 12:13:00,CUST-DT-1204,1296.54
2026-08-03 12:15:00,CUST-DT-1205,3594.19
2026-08-03 12:18:00,CUST-DT-1206,4464.24
2026-08-03 12:21:00,CUST-DT-1207,2448.4
2026-08-03 12:21:00,CUST-DT-1208,2668.36
2026-08-03 12:26:00,CUST-DT-1209,933.4
2026-08-03 12:29:00,CUST-DT-1210,3764.15
2026-08-03 12:31:00,CUST-DT-1211,1504.88
2026-08-03 12:36:00,CUST-DT-1212,2188.66
2026-08-03 12:39:00,CUST-DT-1213,823.32
2026-08-03 12:39:00,CUST-DT-1214,4080.11
2026-08-03 12:45:00,CUST-DT-1215,2395.06
2026-08-03 12:45:00,CUST-DT-1216,1681.28
2026-08-03 12:51:00,CUST-DT-1217,1541.8
2026-08-03 12:51:00,CUST-DT-1218,2443.57
2026-08-03 12:56:00,CUST-DT-1219,649.48
2026-08-03 13:00:00,CUST-DT-1220,2362.2
2026-08-03 13:03:00,CUST-DT-1221,4301.44
2026-08-03 13:04:00,CUST-DT-1222,1508.89
2026-08-03 13:07:00,CUST-DT-1223,1000.8
2026-08-03 13:12:00,CUST-DT-1224,2589.37
2026-08-03 13:14:00,CUST-DT-1225,1902.45
2026-08-03 13:18:00,CUST-DT-1226,653.35
2026-08-03 13:19:00,CUST-DT-1227,405.37
2026-08-03 13:22:00,CUST-DT-1228,4422.5
2026-08-03 13:24:00,CUST-DT-1229,468.3
2026-08-03 13:28:00,CUST-DT-1230,2973.64
2026-08-03 13:32:00,CUST-DT-1231,627.13
2026-08-03 13:37:00,CUST-DT-1232,3901.47
2026-08-03 13:39:00,CUST-DT-1233,3385.14
2026-08-03 13:42:00,CUST-DT-1234,3565.26
2026-08-03 13:45:00,CUST-DT-1235,1686.73
2026-08-03 13:48:00,CUST-DT-1236,1717.71
2026-08-03 13:51:00,CUST-DT-1237,3014.34
2026-08-03 13:55:00,CUST-DT-1238,1302.16
2026-08-03 13:58:00,CUST-DT-1239,2431.24
2026-08-03 13:59:00,CUST-DT-1240,1022.17
2026-08-03 14:00:00,CUST-DT-1241,4447.21
2026-08-03 14:04:00,CUST-DT-1242,3678.98
2026-08-03 14:10:00,CUST-DT-1243,4168.84
2026-08-03 14:09:00,CUST-DT-1244,4290.44
2026-08-03 14:14:00,CUST-DT-1245,4428.8
2026-08-03 14:18:00,CUST-DT-1246,3727.07
2026-08-03 14:20:00,CUST-DT-1247,2225.98
2026-08-03 14:21:00,CUST-DT-1248,2331.79
2026-08-03 14:28:00,CUST-DT-1249,363.96
2026-08-03 14:30:00,CUST-DT-1250,1924.21
2026-08-03 14:30:00,CUST-DT-1251,949.29
2026-08-03 14:36:00,CUST-DT-1252,659.31
2026-08-03 14:36:00,CUST-DT-1253,128.3
2026-08-03 14:41:00,CUST-DT-1254,4005.47
2026-08-03 14:45:00,CUST-DT-1255,2260.02
2026-08-03 14:49:00,CUST-DT-1256,1426.52
2026-08-03 14:51:00,CUST-DT-1257,1618.25
2026-08-03 14:55:00,CUST-DT-1258,1705.08
2026-08-03 14:56:00,CUST-DT-1259,1727.61
2026-08-03 15:01:00,CUST-DT-1260,2929.07
2026-08-03 15:00:00,CUST-DT-1261,3077.7
2026-08-03 15:06:00,CUST-DT-1262,3790.71
2026-08-03 15:06:00,CUST-DT-1263,1846.36
2026-08-03 15:10:00,CUST-DT-1264,3376.72
2026-08-03 15:14:00,CUST-DT-1265,2486.81
2026-08-03 15:16:00,CUST-DT-1266,2664.15
2026-08-03 15:20:00,CUST-DT-1267,3093.0
2026-08-03 15:25:00,CUST-DT-1268,3968.09
2026-08-03 15:28:00,CUST-DT-1269,659.08
2026-08-03 15:30:00,CUST-DT-1270,3372.09
2026-08-03 15:34:00,CUST-DT-1271,2411.04
2026-08-03 15:33:00,CUST-DT-1272,1801.35
2026-08-03 15:40:00,CUST-DT-1273,54.12
2026-08-03 15:43:00,CUST-DT-1274,748.49
2026-08-03 15:44:00,CUST-DT-1275,3250.47
2026-08-03 15:48:00,CUST-DT-1276,1821.85
2026-08-03 15:52:00,CUST-DT-1277,486.25
2026-08-03 15:55:00,CUST-DT-1278,240.18
2026-08-03 15:58:00,CUST-DT-1279,398.16
2026-08-03 16:00:00,CUST-DT-1280,657.99
2026-08-03 16:01:00,CUST-DT-1281,2017.58
2026-08-03 16:04:00,CUST-DT-1282,937.59
2026-08-03 16:08:00,CUST-DT-1283,1396.82
2026-08-03 16:12:00,CUST-DT-1284,188.67
2026-08-03 16:15:00,CUST-DT-1285,4092.98
2026-08-03 16:18:00,CUST-DT-1286,3078.34
2026-08-03 16:22:00,CUST-DT-1287,2541.17
2026-08-03 16:22:00,CUST-DT-1288,1136.53
2026-08-03 16:26:00,CUST-DT-1289,652.63
2026-08-03 16:27:00,CUST-DT-1290,2286.52
2026-08-03 16:34:00,CUST-DT-1291,1593.08
2026-08-03 16:33:00,CUST-DT-1292,1417.31
2026-08-03 16:38:00,CUST-DT-1293,1308.19
2026-08-03 16:41:00,CUST-DT-1294,2633.84
2026-08-03 16:42:00,CUST-DT-1295,2110.52
2026-08-03 16:49:00,CUST-DT-1296,2586.47
2026-08-03 16:50:00,CUST-DT-1297,1953.05
2026-08-03 16:55:00,CUST-DT-1298,3599.26
2026-08-03 16:56:00,CUST-DT-1299,2633.27
2026-08-03 16:58:00,CUST-DT-1300,260.92
2026-08-03 17:02:00,CUST-DT-1301,2107.17
2026-08-03 17:07:00,CUST-DT-1302,1455.72
2026-08-03 17:09:00,CUST-DT-1303,2983.37
2026-08-03 17:09:00,CUST-DT-1304,2425.43
2026-08-03 17:15:00,CUST-DT-1305,3967.33
2026-08-03 17:16:00,CUST-DT-1306,1379.36
2026-08-03 17:20:00,CUST-DT-1307,214.95
2026-08-03 17:25:00,CUST-DT-1308,2957.39
2026-08-03 17:25:00,CUST-DT-1309,2468.16
2026-08-03 17:27:00,CUST-DT-1310,3211.78
2026-08-03 17:31:00,CUST-DT-1311,3200.19
2026-08-03 17:35:00,CUST-DT-1312,3527.06
2026-08-03 17:38:00,CUST-DT-1313,2727.8
2026-08-03 17:41:00,CUST-DT-1314,1135.01
2026-08-03 17:46:00,CUST-DT-1315,3229.4
2026-08-03 17:46:00,CUST-DT-1316,528.79
2026-08-03 17:52:00,CUST-DT-1317,2238.87
2026-08-03 17:55:00,CUST-DT-1318,3884.54
2026-08-03 17:58:00,CUST-DT-1319,3620.31
2026-08-03 17:58:00,CUST-DT-1320,4246.55
2026-08-03 18:02:00,CUST-DT-1321,2345.52
2026-08-03 18:06:00,CUST-DT-1322,332.96
2026-08-03 18:07:00,CUST-DT-1323,3682.66
2026-08-03 18:10:00,CUST-DT-1324,3764.61
2026-08-03 18:15:00,CUST-DT-1325,748.35
2026-08-03 18:18:00,CUST-DT-1326,606.15
2026-08-03 18:22:00,CUST-DT-1327,3690.18
2026-08-03 18:21:00,CUST-DT-1328,3340.79
2026-08-03 18:26:00,CUST-DT-1329,570.77
2026-08-03 18:29:00,CUST-DT-1330,1508.6
2026-08-03 18:32:00,CUST-DT-1331,1800.51
2026-08-03 18:34:00,CUST-DT-1332,2028.2
2026-08-03 18:36:00,CUST-DT-1333,1705.96
2026-08-03 18:41:00,CUST-DT-1334,1415.27
2026-08-03 18:44:00,CUST-DT-1335,3448.17
2026-08-03 18:45:00,CUST-DT-1336,4223.66
2026-08-03 18:48:00,CUST-DT-1337,802.13
2026-08-03 18:55:00,CUST-DT-1338,1954.76
2026-08-03 18:58:00,CUST-DT-1339,3072.49
2026-08-03 19:00:00,CUST-DT-1340,1790.75
2026-08-03 19:04:00,CUST-DT-1341,1817.49
2026-08-03 19:03:00,CUST-DT-1342,2793.2
2026-08-03 19:08:00,CUST-DT-1343,3990.01
2026-08-03 19:12:00,CUST-DT-1344,1522.01
2026-08-03 19:12:00,CUST-DT-1345,2673.9
2026-08-03 19:15:00,CUST-DT-1346,3003.17
2026-08-03 19:22:00,CUST-DT-1347,1616.82
2026-08-03 19:24:00,CUST-DT-1348,120.07
2026-08-03 19:24:00,CUST-DT-1349,838.63
2026-08-03 19:30:00,CUST-DT-1350,1372.69
2026-08-03 19:31:00,CUST-DT-1351,3531.25
2026-08-03 19:36:00,CUST-DT-1352,3775.72
2026-08-03 19:38:00,CUST-DT-1353,1710.24
2026-08-03 19:39:00,CUST-DT-1354,1325.24
2026-08-03 19:46:00,CUST-DT-1355,4051.29
2026-08-03 19:48:00,CUST-DT-1356,1228.91
2026-08-03 19:50:00,CUST-DT-1357,363.2
2026-08-03 19:54:00,CUST-DT-1358,3072.51
2026-08-03 19:57:00,CUST-DT-1359,2129.97
2026-08-03 19:57:00,CUST-DT-1360,285.88
2026-08-03 20:02:00,CUST-DT-1361,1181.57
2026-08-03 20:04:00,CUST-DT-1362,2834.54
2026-08-03 20:06:00,CUST-DT-1363,644.11
2026-08-03 20:10:00,CUST-DT-1364,3712.26
2026-08-03 20:14:00,CUST-DT-1365,4014.95
2026-08-03 20:18:00,CUST-DT-1366,4322.17
2026-08-03 20:19:00,CUST-DT-1367,915.06
2026-08-03 20:22:00,CUST-DT-1368,3628.14
2026-08-03 20:26:00,CUST-DT-1369,1817.76
2026-08-03 20:31:00,CUST-DT-1370,1284.9
2026-08-03 20:32:00,CUST-DT-1371,487.3
2026-08-03 20:36:00,CUST-DT-1372,1282.05
2026-08-03 20:37:00,CUST-DT-1373,959.78
2026-08-03 20:42:00,CUST-DT-1374,318.78
2026-08-03 20:46:00,CUST-DT-1375,796.61
2026-08-03 20:45:00,CUST-DT-1376,3211.58
2026-08-03 20:50:00,CUST-DT-1377,4098.31
2026-08-03 20:53:00,CUST-DT-1378,1484.46
2026-08-03 20:57:00,CUST-DT-1379,3339.43
2026-08-03 21:01:00,CUST-DT-1380,4122.88
2026-08-03 21:02:00,CUST-DT-1381,4391.9
2026-08-03 21:05:00,CUST-DT-1382,2796.87
2026-08-03 21:08:00,CUST-DT-1383,3431.7
2026-08-03 21:13:00,CUST-DT-1384,1916.94
2026-08-03 21:15:00,CUST-DT-1385,117.73
2026-08-03 21:18:00,CUST-DT-1386,2252.09
2026-08-03 21:18:00,CUST-DT-1387,2078.96
2026-08-03 21:22:00,CUST-DT-1388,2923.81
2026-08-03 21:28:00,CUST-DT-1389,3666.28
2026-08-03 21:30:00,CUST-DT-1390,4485.09
2026-08-03 21:34:00,CUST-DT-1391,4425.87
2026-08-03 21:33:00,CUST-DT-1392,3747.08
2026-08-03 21:37:00,CUST-DT-1393,709.37
2026-08-03 21:40:00,CUST-DT-1394,4029.71
2026-08-03 21:44:00,CUST-DT-1395,3613.72
2026-08-03 21:49:00,CUST-DT-1396,4159.32
2026-08-03 21:48:00,CUST-DT-1397,204.74
2026-08-03 21:55:00,CUST-DT-1398,3519.14
2026-08-03 21:54:00,CUST-DT-1399,3572.06
2026-08-03 21:58:00,CUST-DT-1400,1343.81
2026-08-03 22:00:00,CUST-DT-1401,351.86
2026-08-03 22:04:00,CUST-DT-1402,4235.25
2026-08-03 22:08:00,CUST-DT-1403,1759.14
2026-08-03 22:12:00,CUST-DT-1404,1748.92
2026-08-03 22:13:00,CUST-DT-1405,440.09
2026-08-03 22:15:00,CUST-DT-1406,4451.36
2026-08-03 22:20:00,CUST-DT-1407,1507.3
2026-08-03 22:21:00,CUST-DT-1408,871.96
2026-08-03 22:24:00,CUST-DT-1409,3941.27
2026-08-03 22:28:00,CUST-DT-1410,1238.18
2026-08-03 22:31:00,CUST-DT-1411,195.16
2026-08-03 22:36:00,CUST-DT-1412,4274.85
2026-08-03 22:36:00,CUST-DT-1413,1998.35
2026-08-03 22:42:00,CUST-DT-1414,1902.73
2026-08-03 22:44:00,CUST-DT-1415,2983.24
2026-08-03 22:47:00,CUST-DT-1416,1351.36
2026-08-03 22:50:00,CUST-DT-1417,1930.75
2026-08-03 22:53:00,CUST-DT-1418,3287.8
2026-08-03 22:57:00,CUST-DT-1419,2369.61
2026-08-03 22:59:00,CUST-DT-1420,2693.21
2026-08-03 23:03:00,CUST-DT-1421,1442.17
2026-08-03 23:07:00,CUST-DT-1422,1025.99
2026-08-03 23:06:00,CUST-DT-1423,1824.56
2026-08-03 23:12:00,CUST-DT-1424,3099.81
2026-08-03 23:15:00,CUST-DT-1425,3660.72
2026-08-03 23:19:00,CUST-DT-1426,1275.47
2026-08-03 23:19:00,CUST-DT-1427,121.61
2026-08-03 23:22:00,CUST-DT-1428,1508.05
2026-08-03 23:28:00,CUST-DT-1429,3713.36
2026-08-03 23:28:00,CUST-DT-1430,1979.38
2026-08-03 23:30:00,CUST-DT-1431,1760.7
2026-08-03 23:33:00,CUST-DT-1432,266.51
2026-08-03 23:40:00,CUST-DT-1433,2091.64
2026-08-03 23:40:00,CUST-DT-1434,919.2
2026-08-03 23:46:00,CUST-DT-1435,386.6
2026-08-03 23:47:00,CUST-DT-1436,4120.81
2026-08-03 23:48:00,CUST-DT-1437,711.36
2026-08-03 23:54:00,CUST-DT-1438,3173.24
2026-08-03 23:57:00,CUST-DT-1439,2497.26
2026-08-04 00:01:00,CUST-DT-1440,2688.7
2026-08-04 00:03:00,CUST-DT-1441,851.92
2026-08-04 00:03:00,CUST-DT-1442,1597.59
2026-08-04 00:07:00,CUST-DT-1443,2349.66
2026-08-04 00:09:00,CUST-DT-1444,4450.79
2026-08-04 00:13:00,CUST-DT-1445,4181.41
2026-08-04 00:16:00,CUST-DT-1446,3504.29
2026-08-04 00:22:00,CUST-DT-1447,624.37
2026-08-04 00:21:00,CUST-DT-1448,1311.26
2026-08-04 00:27:00,CUST-DT-1449,1616.86
2026-08-04 00:28:00,CUST-DT-1450,2179.89
2026-08-04 00:33:00,CUST-DT-1451,557.75
2026-08-04 00:33:00,CUST-DT-1452,1514.82
2026-08-04 00:36:00,CUST-DT-1453,4444.77
2026-08-04 00:43:00,CUST-DT-1454,145.41
2026-08-04 00:43:00,CUST-DT-1455,768.15
2026-08-04 00:49:00,CUST-DT-1456,3596.66
2026-08-04 00:49:00,CUST-DT-1457,4430.52
2026-08-04 00:51:00,CUST-DT-1458,557.17
2026-08-04 00:56:00,CUST-DT-1459,783.0
2026-08-04 01:00:00,CUST-DT-1460,3885.66
2026-08-04 01:00:00,CUST-DT-1461,3499.12
2026-08-04 01:06:00,CUST-DT-1462,2620.31
2026-08-04 01:08:00,CUST-DT-1463,4240.5
2026-08-04 01:11:00,CUST-DT-1464,1913.52
2026-08-04 01:14:00,CUST-DT-1465,1041.37
2026-08-04 01:19:00,CUST-DT-1466,3906.45
2026-08-04 01:18:00,CUST-DT-1467,1316.9
2026-08-04 01:24:00,CUST-DT-1468,4299.79
2026-08-04 01:28:00,CUST-DT-1469,3919.17
2026-08-04 01:29:00,CUST-DT-1470,361.8
2026-08-04 01:31:00,CUST-DT-1471,2808.04
2026-08-04 01:35:00,CUST-DT-1472,4200.06
2026-08-04 01:39:00,CUST-DT-1473,2636.28
2026-08-04 01:42:00,CUST-DT-1474,926.73
2026-08-04 01:42:00,CUST-DT-1475,3485.74
2026-08-04 01:46:00,CUST-DT-1476,1363.89
2026-08-04 01:48:00,CUST-DT-1477,970.04
2026-08-04 01:53:00,CUST-DT-1478,1236.63
2026-08-04 01:54:00,CUST-DT-1479,2894.93
2026-08-04 01:59:00,CUST-DT-1480,783.91
2026-08-04 02:01:00,CUST-DT-1481,3533.68
2026-08-04 02:03:00,CUST-DT-1482,366.85
2026-08-04 02:10:00,CUST-DT-1483,3417.19
2026-08-04 02:12:00,CUST-DT-1484,739.69
2026-08-04 02:12:00,CUST-DT-1485,1962.23
2026-08-04 02:18:00,CUST-DT-1486,4481.9
2026-08-04 02:18:00,CUST-DT-1487,2292.73
2026-08-04 02:25:00,CUST-DT-1488,1626.0
2026-08-04 02:26:00,CUST-DT-1489,1275.91
2026-08-04 02:31:00,CUST-DT-1490,2184.88
2026-08-04 02:33:00,CUST-DT-1491,1703.22
2026-08-04 02:35:00,CUST-DT-1492,953.9
2026-08-04 02:37:00,CUST-DT-1493,432.06
2026-08-04 02:43:00,CUST-DT-1494,3297.22
2026-08-04 02:45:00,CUST-DT-1495,1733.28
2026-08-04 02:49:00,CUST-DT-1496,911.9
2026-08-04 02:49:00,CUST-DT-1497,4100.27
2026-08-04 02:55:00,CUST-DT-1498,944.76
2026-08-04 02:57:00,CUST-DT-1499,2873.48
2026-08-04 03:01:00,CUST-DT-1500,2043.11
2026-08-04 03:01:00,CUST-DT-1501,4077.8
2026-08-04 03:07:00,CUST-DT-1502,1912.79
2026-08-04 03:09:00,CUST-DT-1503,1668.33
2026-08-04 03:11:00,CUST-DT-1504,1312.2
2026-08-04 03:14:00,CUST-DT-1505,502.74
2026-08-04 03:15:00,CUST-DT-1506,2778.09
2026-08-04 03:18:00,CUST-DT-1507,3718.05
2026-08-04 03:24:00,CUST-DT-1508,1730.6
2026-08-04 03:26:00,CUST-DT-1509,834.92
2026-08-04 03:27:00,CUST-DT-1510,1404.63
2026-08-04 03:34:00,CUST-DT-1511,979.44
2026-08-04 03:37:00,CUST-DT-1512,3367.69
2026-08-04 03:36:00,CUST-DT-1513,2752.4
2026-08-04 03:41:00,CUST-DT-1514,3804.89
2026-08-04 03:43:00,CUST-DT-1515,460.91
2026-08-04 03:45:00,CUST-DT-1516,3978.73
2026-08-04 03:48:00,CUST-DT-1517,2998.08
2026-08-04 03:51:00,CUST-DT-1518,3867.16
2026-08-04 03:57:00,CUST-DT-1519,2354.8
2026-08-04 04:00:00,CUST-DT-1520,1101.93
2026-08-04 04:02:00,CUST-DT-1521,2330.17
2026-08-04 04:03:00,CUST-DT-1522,2383.86
2026-08-04 04:08:00,CUST-DT-1523,1042.58
2026-08-04 04:10:00,CUST-DT-1524,341.3
2026-08-04 04:16:00,CUST-DT-1525,2152.93
2026-08-04 04:18:00,CUST-DT-1526,2636.85
2026-08-04 04:21:00,CUST-DT-1527,3650.69
2026-08-04 04:21:00,CUST-DT-1528,3307.73
2026-08-04 04:25:00,CUST-DT-1529,3843.5
2026-08-04 04:31:00,CUST-DT-1530,1763.35
2026-08-04 04:33:00,CUST-DT-1531,4447.82
2026-08-04 04:36:00,CUST-DT-1532,2765.44
2026-08-04 04:36:00,CUST-DT-1533,1407.02
2026-08-04 04:39:00,CUST-DT-1534,1848.57
2026-08-04 04:45:00,CUST-DT-1535,3949.76
2026-08-04 04:47:00,CUST-DT-1536,1717.95
2026-08-04 04:52:00,CUST-DT-1537,2477.4
2026-08-04 04:55:00,CUST-DT-1538,903.68
2026-08-04 04:58:00,CUST-DT-1539,2255.57
2026-08-04 04:57:00,CUST-DT-1540,1986.36
2026-08-04 05:02:00,CUST-DT-1541,3119.27
2026-08-04 05:05:00,CUST-DT-1542,3656.32
2026-08-04 05:07:00,CUST-DT-1543,831.59
2026-08-04 05:11:00,CUST-DT-1544,301.63
2026-08-04 05:12:00,CUST-DT-1545,2579.96
2026-08-04 05:16:00,CUST-DT-1546,1039.95
2026-08-04 05:21:00,CUST-DT-1547,2470.38
2026-08-04 05:23:00,CUST-DT-1548,3693.55
2026-08-04 05:28:00,CUST-DT-1549,3531.82
2026-08-04 05:31:00,CUST-DT-1550,1717.83
2026-08-04 05:32:00,CUST-DT-1551,2880.54
2026-08-04 05:36:00,CUST-DT-1552,4137.5
2026-08-04 05:36:00,CUST-DT-1553,992.05
2026-08-04 05:40:00,CUST-DT-1554,3283.49
2026-08-04 05:43:00,CUST-DT-1555,1111.08
2026-08-04 05:48:00,CUST-DT-1556,2816.82
2026-08-04 05:51:00,CUST-DT-1557,2131.16
2026-08-04 05:53:00,CUST-DT-1558,955.59
2026-08-04 05:57:00,CUST-DT-1559,143.44
2026-08-04 05:57:00,CUST-DT-1560,2465.21
2026-08-04 06:04:00,CUST-DT-1561,282.3
2026-08-04 06:06:00,CUST-DT-1562,3502.07
2026-08-04 06:09:00,CUST-DT-1563,1504.27
2026-08-04 06:10:00,CUST-DT-1564,412.34
2026-08-04 06:14:00,CUST-DT-1565,776.0
2026-08-04 06:18:00,CUST-DT-1566,1010.43
2026-08-04 06:20:00,CUST-DT-1567,2030.74
2026-08-04 06:21:00,CUST-DT-1568,2320.65
2026-08-04 06:28:00,CUST-DT-1569,3316.67
2026-08-04 06:31:00,CUST-DT-1570,1225.61
2026-08-04 06:32:00,CUST-DT-1571,2042.71
2026-08-04 06:34:00,CUST-DT-1572,614.27
2026-08-04 06:39:00,CUST-DT-1573,2024.86
2026-08-04 06:40:00,CUST-DT-1574,4397.31
2026-08-04 06:46:00,CUST-DT-1575,252.88
2026-08-04 06:47:00,CUST-DT-1576,238.43
2026-08-04 06:50:00,CUST-DT-1577,982.76
2026-08-04 06:54:00,CUST-DT-1578,3094.81
2026-08-04 06:56:00,CUST-DT-1579,4086.59
2026-08-04 06:59:00,CUST-DT-1580,2995.15
2026-08-04 07:03:00,CUST-DT-1581,930.51
2026-08-04 07:03:00,CUST-DT-1582,414.67
2026-08-04 07:09:00,CUST-DT-1583,4495.16
2026-08-04 07:09:00,CUST-DT-1584,2562.34
2026-08-04 07:15:00,CUST-DT-1585,651.11
2026-08-04 07:15:00,CUST-DT-1586,1844.63
2026-08-04 07:22:00,CUST-DT-1587,249.79
2026-08-04 07:23:00,CUST-DT-1588,2876.85
2026-08-04 07:26:00,CUST-DT-1589,1960.14
2026-08-04 07:31:00,CUST-DT-1590,364.12
2026-08-04 07:33:00,CUST-DT-1591,988.34
2026-08-04 07:36:00,CUST-DT-1592,1128.58
2026-08-04 07:40:00,CUST-DT-1593,2533.64
2026-08-04 07:40:00,CUST-DT-1594,4345.77
2026-08-04 07:45:00,CUST-DT-1595,4247.18
2026-08-04 07:45:00,CUST-DT-1596,2945.26
2026-08-04 07:48:00,CUST-DT-1597,1088.76
2026-08-04 07:55:00,CUST-DT-1598,877.79
2026-08-04 07:57:00,CUST-DT-1599,4442.31
2026-08-04 07:59:00,CUST-DT-1600,2712.83
2026-08-04 08:00:00,CUST-DT-1601,2201.76
2026-08-04 08:07:00,CUST-DT-1602,698.82
2026-08-04 08:10:00,CUST-DT-1603,967.93
2026-08-04 08:10:00,CUST-DT-1604,1111.02
2026-08-04 08:16:00,CUST-DT-1605,838.25
2026-08-04 08:15:00,CUST-DT-1606,1037.32
2026-08-04 08:21:00,CUST-DT-1607,1225.64
2026-08-04 08:21:00,CUST-DT-1608,2182.39
2026-08-04 08:24:00,CUST-DT-1609,369.54
2026-08-04 08:31:00,CUST-DT-1610,2341.71
2026-08-04 08:32:00,CUST-DT-1611,754.15
2026-08-04 08:33:00,CUST-DT-1612,3148.96
2026-08-04 08:38:00,CUST-DT-1613,202.39
2026-08-04 08:39:00,CUST-DT-1614,789.75
2026-08-04 08:46:00,CUST-DT-1615,2809.61
2026-08-04 08:46:00,CUST-DT-1616,4112.04
2026-08-04 08:48:00,CUST-DT-1617,4230.01
2026-08-04 08:54:00,CUST-DT-1618,4243.07
2026-08-04 08:56:00,CUST-DT-1619,1984.3
2026-08-04 08:59:00,CUST-DT-1620,3458.21
2026-08-04 09:01:00,CUST-DT-1621,3482.38
2026-08-04 09:04:00,CUST-DT-1622,1916.12
2026-08-04 09:07:00,CUST-DT-1623,3404.51
2026-08-04 09:12:00,CUST-DT-1624,1525.38
2026-08-04 09:16:00,CUST-DT-1625,362.74
2026-08-04 09:16:00,CUST-DT-1626,867.96
2026-08-04 09:19:00,CUST-DT-1627,1029.5
2026-08-04 09:24:00,CUST-DT-1628,2107.08
2026-08-04 09:26:00,CUST-DT-1629,591.42
2026-08-04 09:30:00,CUST-DT-1630,3500.56
2026-08-04 09:30:00,CUST-DT-1631,1346.51
2026-08-04 09:37:00,CUST-DT-1632,2265.61
2026-08-04 09:40:00,CUST-DT-1633,2146.2
2026-08-04 09:41:00,CUST-DT-1634,3922.61
2026-08-04 09:42:00,CUST-DT-1635,3887.6
2026-08-04 09:48:00,CUST-DT-1636,1407.58
2026-08-04 09:48:00,CUST-DT-1637,1772.28
2026-08-04 09:55:00,CUST-DT-1638,1643.1
2026-08-04 09:54:00,CUST-DT-1639,3731.21
2026-08-04 10:01:00,CUST-DT-1640,195.42
2026-08-04 10:04:00,CUST-DT-1641,3996.27
2026-08-04 10:06:00,CUST-DT-1642,819.17
2026-08-04 10:10:00,CUST-DT-1643,979.3
2026-08-04 10:10:00,CUST-DT-1644,2171.62
2026-08-04 10:16:00,CUST-DT-1645,3199.38
2026-08-04 10:16:00,CUST-DT-1646,1652.22
2026-08-04 10:19:00,CUST-DT-1647,2631.12
2026-08-04 10:23:00,CUST-DT-1648,3702.01
2026-08-04 10:27:00,CUST-DT-1649,426.44
2026-08-04 10:29:00,CUST-DT-1650,4207.73
2026-08-04 10:31:00,CUST-DT-1651,401.68
2026-08-04 10:37:00,CUST-DT-1652,729.49
2026-08-04 10:40:00,CUST-DT-1653,523.69
2026-08-04 10:41:00,CUST-DT-1654,3745.06
2026-08-04 10:45:00,CUST-DT-1655,1872.02
2026-08-04 10:45:00,CUST-DT-1656,2280.49
2026-08-04 10:51:00,CUST-DT-1657,170.44
2026-08-04 10:52:00,CUST-DT-1658,2189.0
2026-08-04 10:54:00,CUST-DT-1659,2162.98
2026-08-04 11:01:00,CUST-DT-1660,363.55
2026-08-04 11:00:00,CUST-DT-1661,2651.13
2026-08-04 11:05:00,CUST-DT-1662,456.02
2026-08-04 11:09:00,CUST-DT-1663,3195.2
2026-08-04 11:10:00,CUST-DT-1664,1287.5
2026-08-04 11:12:00,CUST-DT-1665,636.47
2026-08-04 11:16:00,CUST-DT-1666,3454.55
2026-08-04 11:18:00,CUST-DT-1667,3994.94
2026-08-04 11:24:00,CUST-DT-1668,1334.16
2026-08-04 11:26:00,CUST-DT-1669,917.89
2026-08-04 11:29:00,CUST-DT-1670,2990.14
2026-08-04 11:33:00,CUST-DT-1671,3533.25
2026-08-04 11:37:00,CUST-DT-1672,1399.42
2026-08-04 11:37:00,CUST-DT-1673,4129.97
2026-08-04 11:43:00,CUST-DT-1674,112.49
2026-08-04 11:42:00,CUST-DT-1675,1369.18
2026-08-04 11:49:00,CUST-DT-1676,2303.43
2026-08-04 11:49:00,CUST-DT-1677,3884.27
2026-08-04 11:53:00,CUST-DT-1678,2304.41
2026-08-04 11:55:00,CUST-DT-1679,3806.72
2026-08-04 11:57:00,CUST-DT-1680,3817.9
2026-08-04 12:02:00,CUST-DT-1681,3691.4
2026-08-04 12:07:00,CUST-DT-1682,2826.22
2026-08-04 12:06:00,CUST-DT-1683,3712.03
2026-08-04 12:11:00,CUST-DT-1684,152.02
2026-08-04 12:14:00,CUST-DT-1685,1574.61
2026-08-04 12:16:00,CUST-DT-1686,3750.7
2026-08-04 12:20:00,CUST-DT-1687,830.44
2026-08-04 12:23:00,CUST-DT-1688,3575.48
2026-08-04 12:24:00,CUST-DT-1689,3563.47
2026-08-04 12:29:00,CUST-DT-1690,3044.75
2026-08-04 12:32:00,CUST-DT-1691,1955.78
2026-08-04 12:34:00,CUST-DT-1692,395.01
2026-08-04 12:37:00,CUST-DT-1693,244.88
2026-08-04 12:41:00,CUST-DT-1694,1935.11
2026-08-04 12:45:00,CUST-DT-1695,954.53
2026-08-04 12:48:00,CUST-DT-1696,2362.61
2026-08-04 12:49:00,CUST-DT-1697,3258.16
2026-08-04 12:54:00,CUST-DT-1698,3115.28
2026-08-04 12:58:00,CUST-DT-1699,203.53
2026-08-04 12:59:00,CUST-DT-1700,906.74
2026-08-04 13:02:00,CUST-DT-1701,683.98
2026-08-04 13:03:00,CUST-DT-1702,2590.23
2026-08-04 13:10:00,CUST-DT-1703,1768.11
2026-08-04 13:09:00,CUST-DT-1704,2758.14
2026-08-04 13:13:00,CUST-DT-1705,2213.52
2026-08-04 13:15:00,CUST-DT-1706,93.77
2026-08-04 13:18:00,CUST-DT-1707,838.22
2026-08-04 13:21:00,CUST-DT-1708,1314.11
2026-08-04 13:25:00,CUST-DT-1709,3503.84
2026-08-04 13:29:00,CUST-DT-1710,4034.32
2026-08-04 13:31:00,CUST-DT-1711,2605.24
2026-08-04 13:35:00,CUST-DT-1712,2947.12
2026-08-04 13:37:00,CUST-DT-1713,3282.27
2026-08-04 13:41:00,CUST-DT-1714,4170.69
2026-08-04 13:43:00,CUST-DT-1715,2568.53
2026-08-04 13:48:00,CUST-DT-1716,2900.94
2026-08-04 13:50:00,CUST-DT-1717,2540.87
2026-08-04 13:51:00,CUST-DT-1718,66.27
2026-08-04 13:57:00,CUST-DT-1719,2106.46
2026-08-04 14:00:00,CUST-DT-1720,1112.95
2026-08-04 14:04:00,CUST-DT-1721,1261.57
2026-08-04 14:05:00,CUST-DT-1722,216.62
2026-08-04 14:07:00,CUST-DT-1723,899.64
2026-08-04 14:12:00,CUST-DT-1724,472.99
2026-08-04 14:14:00,CUST-DT-1725,1439.74
2026-08-04 14:17:00,CUST-DT-1726,4297.75
2026-08-04 14:20:00,CUST-DT-1727,3239.32
2026-08-04 14:23:00,CUST-DT-1728,3594.69
2026-08-04 14:25:00,CUST-DT-1729,916.2
2026-08-04 14:29:00,CUST-DT-1730,1393.68
2026-08-04 14:30:00,CUST-DT-1731,4065.34
2026-08-04 14:35:00,CUST-DT-1732,2943.11
2026-08-04 14:36:00,CUST-DT-1733,3303.2
2026-08-04 14:40:00,CUST-DT-1734,2480.42
2026-08-04 14:45:00,CUST-DT-1735,308.8
2026-08-04 14:47:00,CUST-DT-1736,4433.87
2026-08-04 14:51:00,CUST-DT-1737,281.6
2026-08-04 14:53:00,CUST-DT-1738,3582.0
2026-08-04 14:55:00,CUST-DT-1739,2491.26
2026-08-04 15:00:00,CUST-DT-1740,2502.96
2026-08-04 15:01:00,CUST-DT-1741,3476.0
2026-08-04 15:06:00,CUST-DT-1742,4247.49
2026-08-04 15:06:00,CUST-DT-1743,3845.09
2026-08-04 15:09:00,CUST-DT-1744,361.05
2026-08-04 15:12:00,CUST-DT-1745,1201.07
2026-08-04 15:19:00,CUST-DT-1746,4368.17
2026-08-04 15:22:00,CUST-DT-1747,1068.07
2026-08-04 15:21:00,CUST-DT-1748,1626.57
2026-08-04 15:26:00,CUST-DT-1749,1154.76
2026-08-04 15:29:00,CUST-DT-1750,1606.27
2026-08-04 15:33:00,CUST-DT-1751,3996.38
2026-08-04 15:37:00,CUST-DT-1752,3024.9
2026-08-04 15:39:00,CUST-DT-1753,3019.43
2026-08-04 15:41:00,CUST-DT-1754,2951.58
2026-08-04 15:43:00,CUST-DT-1755,4002.98
2026-08-04 15:45:00,CUST-DT-1756,3580.22
2026-08-04 15:52:00,CUST-DT-1757,3249.54
2026-08-04 15:55:00,CUST-DT-1758,4491.28
2026-08-04 15:57:00,CUST-DT-1759,3829.83
2026-08-04 16:00:00,CUST-DT-1760,1758.86
2026-08-04 16:01:00,CUST-DT-1761,348.69
2026-08-04 16:06:00,CUST-DT-1762,1837.86
2026-08-04 16:06:00,CUST-DT-1763,2545.83
2026-08-04 16:11:00,CUST-DT-1764,451.38
2026-08-04 16:14:00,CUST-DT-1765,2816.63
2026-08-04 16:17:00,CUST-DT-1766,3668.13
2026-08-04 16:21:00,CUST-DT-1767,3937.82
2026-08-04 16:23:00,CUST-DT-1768,2265.53
2026-08-04 16:28:00,CUST-DT-1769,1029.72
2026-08-04 16:31:00,CUST-DT-1770,1955.21
2026-08-04 16:31:00,CUST-DT-1771,1471.68
2026-08-04 16:34:00,CUST-DT-1772,1073.8
2026-08-04 16:36:00,CUST-DT-1773,3299.74
2026-08-04 16:39:00,CUST-DT-1774,915.07
2026-08-04 16:46:00,CUST-DT-1775,1552.28
2026-08-04 16:47:00,CUST-DT-1776,2014.02
2026-08-04 16:51:00,CUST-DT-1777,258.35
2026-08-04 16:54:00,CUST-DT-1778,672.99
2026-08-04 16:56:00,CUST-DT-1779,583.04
2026-08-04 17:00:00,CUST-DT-1780,1012.74
2026-08-04 17:00:00,CUST-DT-1781,1440.39
2026-08-04 17:03:00,CUST-DT-1782,2277.78
2026-08-04 17:10:00,CUST-DT-1783,212.47
2026-08-04 17:09:00,CUST-DT-1784,2780.37
2026-08-04 17:12:00,CUST-DT-1785,2333.19
2026-08-04 17:18:00,CUST-DT-1786,3387.5
2026-08-04 17:18:00,CUST-DT-1787,1742.45
2026-08-04 17:24:00,CUST-DT-1788,2063.48
2026-08-04 17:24:00,CUST-DT-1789,2893.42
2026-08-04 17:28:00,CUST-DT-1790,2832.58
2026-08-04 17:32:00,CUST-DT-1791,3700.63
2026-08-04 17:33:00,CUST-DT-1792,2324.71
2026-08-04 17:38:00,CUST-DT-1793,3665.91
2026-08-04 17:40:00,CUST-DT-1794,2228.13
2026-08-04 17:43:00,CUST-DT-1795,2030.06
2026-08-04 17:46:00,CUST-DT-1796,4476.63
2026-08-04 17:48:00,CUST-DT-1797,3105.72
2026-08-04 17:54:00,CUST-DT-1798,4074.76
2026-08-04 17:54:00,CUST-DT-1799,3056.26
2026-08-04 17:57:00,CUST-DT-1800,640.71
2026-08-04 18:00:00,CUST-DT-1801,228.18
2026-08-04 18:04:00,CUST-DT-1802,1008.32
2026-08-04 18:06:00,CUST-DT-1803,3773.53
2026-08-04 18:09:00,CUST-DT-1804,3726.8
2026-08-04 18:14:00,CUST-DT-1805,1957.72
2026-08-04 18:19:00,CUST-DT-1806,3450.83
2026-08-04 18:22:00,CUST-DT-1807,919.95
2026-08-04 18:25:00,CUST-DT-1808,3990.06
2026-08-04 18:28:00,CUST-DT-1809,3871.98
2026-08-04 18:28:00,CUST-DT-1810,3808.08
2026-08-04 18:34:00,CUST-DT-1811,3037.87
2026-08-04 18:34:00,CUST-DT-1812,3612.82
2026-08-04 18:37:00,CUST-DT-1813,1061.22
2026-08-04 18:39:00,CUST-DT-1814,778.36
2026-08-04 18:43:00,CUST-DT-1815,3458.88
2026-08-04 18:46:00,CUST-DT-1816,2162.55
2026-08-04 18:50:00,CUST-DT-1817,2928.52
2026-08-04 18:54:00,CUST-DT-1818,4480.82
2026-08-04 18:56:00,CUST-DT-1819,2368.41
2026-08-04 18:59:00,CUST-DT-1820,518.14
2026-08-04 19:03:00,CUST-DT-1821,432.38
2026-08-04 19:07:00,CUST-DT-1822,3571.77
2026-08-04 19:06:00,CUST-DT-1823,1185.2
2026-08-04 19:10:00,CUST-DT-1824,3602.26
2026-08-04 19:15:00,CUST-DT-1825,1860.56
2026-08-04 19:17:00,CUST-DT-1826,3794.4
2026-08-04 19:18:00,CUST-DT-1827,1281.57
2026-08-04 19:21:00,CUST-DT-1828,2048.04
2026-08-04 19:27:00,CUST-DT-1829,2478.28
2026-08-04 19:30:00,CUST-DT-1830,223.32
2026-08-04 19:34:00,CUST-DT-1831,1869.69
2026-08-04 19:37:00,CUST-DT-1832,1858.35
2026-08-04 19:39:00,CUST-DT-1833,2941.18
2026-08-04 19:39:00,CUST-DT-1834,3524.59
2026-08-04 19:45:00,CUST-DT-1835,1407.71
2026-08-04 19:47:00,CUST-DT-1836,1615.13
2026-08-04 19:51:00,CUST-DT-1837,126.85
2026-08-04 19:51:00,CUST-DT-1838,4441.81
2026-08-04 19:56:00,CUST-DT-1839,1760.39
2026-08-04 20:00:00,CUST-DT-1840,574.09
2026-08-04 20:03:00,CUST-DT-1841,1442.43
2026-08-04 20:03:00,CUST-DT-1842,2513.13
2026-08-04 20:07:00,CUST-DT-1843,3598.65
2026-08-04 20:13:00,CUST-DT-1844,350.2
2026-08-04 20:13:00,CUST-DT-1845,2138.98
2026-08-04 20:16:00,CUST-DT-1846,3337.47
2026-08-04 20:18:00,CUST-DT-1847,1743.88
2026-08-04 20:23:00,CUST-DT-1848,251.84
2026-08-04 20:24:00,CUST-DT-1849,694.46
2026-08-04 20:28:00,CUST-DT-1850,3458.39
2026-08-04 20:30:00,CUST-DT-1851,3609.62
2026-08-04 20:35:00,CUST-DT-1852,260.77
2026-08-04 20:38:00,CUST-DT-1853,3641.46
2026-08-04 20:40:00,CUST-DT-1854,3130.74
2026-08-04 20:43:00,CUST-DT-1855,765.4
2026-08-04 20:48:00,CUST-DT-1856,4458.36
2026-08-04 20:50:00,CUST-DT-1857,2586.23
2026-08-04 20:53:00,CUST-DT-1858,3556.54
2026-08-04 20:54:00,CUST-DT-1859,1937.42
2026-08-04 20:58:00,CUST-DT-1860,3228.32
2026-08-04 21:03:00,CUST-DT-1861,2510.37
2026-08-04 21:04:00,CUST-DT-1862,1147.79
2026-08-04 21:08:00,CUST-DT-1863,541.26
2026-08-04 21:10:00,CUST-DT-1864,3122.84
2026-08-04 21:14:00,CUST-DT-1865,4376.48
2026-08-04 21:18:00,CUST-DT-1866,3864.35
2026-08-04 21:18:00,CUST-DT-1867,2210.49
2026-08-04 21:23:00,CUST-DT-1868,1828.99
2026-08-04 21:24:00,CUST-DT-1869,2274.89
2026-08-04 21:30:00,CUST-DT-1870,3201.62
2026-08-04 21:31:00,CUST-DT-1871,3931.65
2026-08-04 21:34:00,CUST-DT-1872,3334.57
2026-08-04 21:39:00,CUST-DT-1873,3617.21
2026-08-04 21:40:00,CUST-DT-1874,3059.27
2026-08-04 21:44:00,CUST-DT-1875,360.87
2026-08-04 21:47:00,CUST-DT-1876,223.77
2026-08-04 21:51:00,CUST-DT-1877,3392.28
2026-08-04 21:54:00,CUST-DT-1878,2205.2
2026-08-04 21:57:00,CUST-DT-1879,3585.73
2026-08-04 21:57:00,CUST-DT-1880,1665.23
2026-08-04 22:00:00,CUST-DT-1881,2771.23
2026-08-04 22:07:00,CUST-DT-1882,1285.49
2026-08-04 22:06:00,CUST-DT-1883,3834.08
2026-08-04 22:11:00,CUST-DT-1884,2015.71
2026-08-04 22:15:00,CUST-DT-1885,107.62
2026-08-04 22:16:00,CUST-DT-1886,4156.64
2026-08-04 22:19:00,CUST-DT-1887,1035.19
2026-08-04 22:23:00,CUST-DT-1888,2909.59
2026-08-04 22:28:00,CUST-DT-1889,1098.13
2026-08-04 22:27:00,CUST-DT-1890,4485.25
2026-08-04 22:32:00,CUST-DT-1891,2129.51
2026-08-04 22:36:00,CUST-DT-1892,106.75
2026-08-04 22:38:00,CUST-DT-1893,2265.73
2026-08-04 22:43:00,CUST-DT-1894,4247.62
2026-08-04 22:44:00,CUST-DT-1895,1492.85
2026-08-04 22:46:00,CUST-DT-1896,1409.62
2026-08-04 22:52:00,CUST-DT-1897,1573.49
2026-08-04 22:55:00,CUST-DT-1898,3380.62
2026-08-04 22:56:00,CUST-DT-1899,3373.72
2026-08-04 22:58:00,CUST-DT-1900,3073.69
2026-08-04 23:00:00,CUST-DT-1901,3615.7
2026-08-04 23:07:00,CUST-DT-1902,3303.03
2026-08-04 23:08:00,CUST-DT-1903,186.23
2026-08-04 23:10:00,CUST-DT-1904,2438.77
2026-08-04 23:16:00,CUST-DT-1905,4164.48
2026-08-04 23:18:00,CUST-DT-1906,3127.18
2026-08-04 23:21:00,CUST-DT-1907,3999.74
2026-08-04 23:25:00,CUST-DT-1908,4484.5
2026-08-04 23:28:00,CUST-DT-1909,3572.45
2026-08-04 23:28:00,CUST-DT-1910,497.26
2026-08-04 23:34:00,CUST-DT-1911,2704.95
2026-08-04 23:34:00,CUST-DT-1912,3453.08
2026-08-04 23:40:00,CUST-DT-1913,432.96
2026-08-04 23:40:00,CUST-DT-1914,2727.7
2026-08-04 23:45:00,CUST-DT-1915,2612.66
2026-08-04 23:49:00,CUST-DT-1916,3604.74
2026-08-04 23:50:00,CUST-DT-1917,2203.49
2026-08-04 23:51:00,CUST-DT-1918,2515.51
2026-08-04 23:56:00,CUST-DT-1919,2414.99
2026-08-04 23:58:00,CUST-DT-1920,1968.98
2026-08-05 00:02:00,CUST-DT-1921,3630.11
2026-08-05 00:04:00,CUST-DT-1922,3803.18
2026-08-05 00:06:00,CUST-DT-1923,542.45
2026-08-05 00:12:00,CUST-DT-1924,1140.38
2026-08-05 00:14:00,CUST-DT-1925,848.32
2026-08-05 00:18:00,CUST-DT-1926,242.04
2026-08-05 00:19:00,CUST-DT-1927,2426.25
2026-08-05 00:25:00,CUST-DT-1928,2029.64
2026-08-05 00:25:00,CUST-DT-1929,793.06
2026-08-05 00:28:00,CUST-DT-1930,1869.08
2026-08-05 00:31:00,CUST-DT-1931,1342.49
2026-08-05 00:36:00,CUST-DT-1932,3638.64
2026-08-05 00:39:00,CUST-DT-1933,2276.94
2026-08-05 00:41:00,CUST-DT-1934,3478.07
2026-08-05 00:43:00,CUST-DT-1935,2005.91
2026-08-05 00:49:00,CUST-DT-1936,4317.0
2026-08-05 00:49:00,CUST-DT-1937,2428.32
2026-08-05 00:52:00,CUST-DT-1938,2821.92
2026-08-05 00:57:00,CUST-DT-1939,408.71
2026-08-05 00:57:00,CUST-DT-1940,154.25
2026-08-05 01:01:00,CUST-DT-1941,1940.55
2026-08-05 01:05:00,CUST-DT-1942,1381.42
2026-08-05 01:06:00,CUST-DT-1943,1453.38
2026-08-05 01:13:00,CUST-DT-1944,1827.14
2026-08-05 01:14:00,CUST-DT-1945,1856.48
2026-08-05 01:16:00,CUST-DT-1946,2306.44
2026-08-05 01:21:00,CUST-DT-1947,2518.81
2026-08-05 01:24:00,CUST-DT-1948,4499.13
2026-08-05 01:28:00,CUST-DT-1949,3753.17
2026-08-05 01:31:00,CUST-DT-1950,2325.58
2026-08-05 01:34:00,CUST-DT-1951,2843.48
2026-08-05 01:36:00,CUST-DT-1952,3394.64
2026-08-05 01:37:00,CUST-DT-1953,2878.49
2026-08-05 01:42:00,CUST-DT-1954,4296.7
2026-08-05 01:42:00,CUST-DT-1955,3129.85
2026-08-05 01:45:00,CUST-DT-1956,1170.97
2026-08-05 01:52:00,CUST-DT-1957,1869.27
2026-08-05 01:53:00,CUST-DT-1958,4045.6
2026-08-05 01:54:00,CUST-DT-1959,3204.79
2026-08-05 01:58:00,CUST-DT-1960,1427.22
2026-08-05 02:04:00,CUST-DT-1961,1457.62
2026-08-05 02:07:00,CUST-DT-1962,2082.7
2026-08-05 02:07:00,CUST-DT-1963,1272.78
2026-08-05 02:12:00,CUST-DT-1964,1144.02
2026-08-05 02:14:00,CUST-DT-1965,3291.29
2026-08-05 02:17:00,CUST-DT-1966,671.07
2026-08-05 02:20:00,CUST-DT-1967,2450.99
2026-08-05 02:25:00,CUST-DT-1968,2042.44
2026-08-05 02:24:00,CUST-DT-1969,2148.81
2026-08-05 02:31:00,CUST-DT-1970,253.25
2026-08-05 02:32:00,CUST-DT-1971,4493.14
2026-08-05 02:36:00,CUST-DT-1972,2875.79
2026-08-05 02:37:00,CUST-DT-1973,3988.96
2026-08-05 02:40:00,CUST-DT-1974,1692.62
2026-08-05 02:42:00,CUST-DT-1975,3625.58
2026-08-05 02:45:00,CUST-DT-1976,200.2
2026-08-05 02:52:00,CUST-DT-1977,3701.87
2026-08-05 02:54:00,CUST-DT-1978,3061.94
2026-08-05 02:57:00,CUST-DT-1979,3386.16
2026-08-05 02:59:00,CUST-DT-1980,1184.77
2026-08-05 03:02:00,CUST-DT-1981,1945.43
2026-08-05 03:07:00,CUST-DT-1982,4472.4
2026-08-05 03:09:00,CUST-DT-1983,441.43
2026-08-05 03:11:00,CUST-DT-1984,1297.91
2026-08-05 03:15:00,CUST-DT-1985,3215.54
2026-08-05 03:16:00,CUST-DT-1986,2999.42
2026-08-05 03:18:00,CUST-DT-1987,4432.01
2026-08-05 03:22:00,CUST-DT-1988,2494.88
2026-08-05 03:26:00,CUST-DT-1989,3083.13
2026-08-05 03:29:00,CUST-DT-1990,2768.95
2026-08-05 03:30:00,CUST-DT-1991,3286.32
2026-08-05 03:33:00,CUST-DT-1992,4356.89
2026-08-05 03:40:00,CUST-DT-1993,1321.08
2026-08-05 03:39:00,CUST-DT-1994,2848.61
2026-08-05 03:44:00,CUST-DT-1995,190.64
2026-08-05 03:48:00,CUST-DT-1996,4281.87
2026-08-05 03:52:00,CUST-DT-1997,2329.93
2026-08-05 03:54:00,CUST-DT-1998,1886.78
2026-08-05 03:54:00,CUST-DT-1999,2157.28
2026-08-05 03:57:00,CUST-DT-2000,1356.22
2026-08-05 04:00:00,CUST-DT-0001,658.49
2026-08-05 04:03:00,CUST-DT-0002,1287.47
2026-08-05 04:07:00,CUST-DT-0003,1988.02
2026-08-05 04:09:00,CUST-DT-0004,3710.82
2026-08-05 04:16:00,CUST-DT-0005,2551.7
2026-08-05 04:16:00,CUST-DT-0006,2629.12
2026-08-05 04:18:00,CUST-DT-0007,2018.01
2026-08-05 04:21:00,CUST-DT-0008,3832.67
2026-08-05 04:26:00,CUST-DT-0009,2538.38
2026-08-05 04:31:00,CUST-DT-0010,4189.65
2026-08-05 04:32:00,CUST-DT-0011,2022.0
2026-08-05 04:37:00,CUST-DT-0012,3350.63
2026-08-05 04:36:00,CUST-DT-0013,3780.14
2026-08-05 04:42:00,CUST-DT-0014,1171.26
2026-08-05 04:42:00,CUST-DT-0015,3521.42
2026-08-05 04:49:00,CUST-DT-0016,2846.47
2026-08-05 04:52:00,CUST-DT-0017,2543.36
2026-08-05 04:51:00,CUST-DT-0018,579.34
2026-08-05 04:55:00,CUST-DT-0019,2918.91
2026-08-05 05:00:00,CUST-DT-0020,975.98
2026-08-05 05:03:00,CUST-DT-0021,1880.4
2026-08-05 05:03:00,CUST-DT-0022,730.23
2026-08-05 05:10:00,CUST-DT-0023,2988.14
2026-08-05 05:10:00,CUST-DT-0024,2169.54
2026-08-05 05:12:00,CUST-DT-0025,1132.66
2026-08-05 05:19:00,CUST-DT-0026,1478.79
2026-08-05 05:20:00,CUST-DT-0027,477.78
2026-08-05 05:21:00,CUST-DT-0028,1102.07
2026-08-05 05:25:00,CUST-DT-0029,149.48
2026-08-05 05:27:00,CUST-DT-0030,155.94
2026-08-05 05:30:00,CUST-DT-0031,3037.96
2026-08-05 05:33:00,CUST-DT-0032,2577.37
2026-08-05 05:37:00,CUST-DT-0033,1460.24
2026-08-05 05:40:00,CUST-DT-0034,1480.79
2026-08-05 05:46:00,CUST-DT-0035,2806.25
2026-08-05 05:49:00,CUST-DT-0036,2280.73
2026-08-05 05:52:00,CUST-DT-0037,996.97
2026-08-05 05:51:00,CUST-DT-0038,3757.71
2026-08-05 05:54:00,CUST-DT-0039,4141.33
2026-08-05 06:00:00,CUST-DT-0040,1451.83
2026-08-05 06:01:00,CUST-DT-0041,4441.33
2026-08-05 06:03:00,CUST-DT-0042,4037.15
2026-08-05 06:10:00,CUST-DT-0043,3084.24
2026-08-05 06:10:00,CUST-DT-0044,3288.03
2026-08-05 06:14:00,CUST-DT-0045,893.62
2026-08-05 06:17:00,CUST-DT-0046,1034.21
2026-08-05 06:20:00,CUST-DT-0047,897.64
2026-08-05 06:21:00,CUST-DT-0048,2240.35
2026-08-05 06:28:00,CUST-DT-0049,3282.28
2026-08-05 06:27:00,CUST-DT-0050,1553.73
2026-08-05 06:30:00,CUST-DT-0051,1109.35
2026-08-05 06:34:00,CUST-DT-0052,609.75
2026-08-05 06:37:00,CUST-DT-0053,1656.79
2026-08-05 06:39:00,CUST-DT-0054,1900.59
2026-08-05 06:46:00,CUST-DT-0055,274.4
2026-08-05 06:48:00,CUST-DT-0056,3729.9
2026-08-05 06:49:00,CUST-DT-0057,2744.89
2026-08-05 06:53:00,CUST-DT-0058,534.65
2026-08-05 06:56:00,CUST-DT-0059,2187.09
2026-08-05 06:57:00,CUST-DT-0060,3464.01
2026-08-05 07:04:00,CUST-DT-0061,3977.99
2026-08-05 07:06:00,CUST-DT-0062,3254.55
2026-08-05 07:09:00,CUST-DT-0063,1918.92
2026-08-05 07:09:00,CUST-DT-0064,4215.85
2026-08-05 07:14:00,CUST-DT-0065,4269.19
2026-08-05 07:16:00,CUST-DT-0066,2483.28
2026-08-05 07:20:00,CUST-DT-0067,2084.71
2026-08-05 07:24:00,CUST-DT-0068,3113.82
2026-08-05 07:24:00,CUST-DT-0069,2189.71
2026-08-05 07:28:00,CUST-DT-0070,2795.98
2026-08-05 07:34:00,CUST-DT-0071,3748.66
2026-08-05 07:34:00,CUST-DT-0072,140.6
2026-08-05 07:38:00,CUST-DT-0073,2682.68
2026-08-05 07:39:00,CUST-DT-0074,804.19
2026-08-05 07:42:00,CUST-DT-0075,948.09
2026-08-05 07:47:00,CUST-DT-0076,3313.41
2026-08-05 07:51:00,CUST-DT-0077,2483.86
2026-08-05 07:53:00,CUST-DT-0078,704.73
2026-08-05 07:54:00,CUST-DT-0079,144.59
2026-08-05 07:57:00,CUST-DT-0080,1671.47
2026-08-05 08:04:00,CUST-DT-0081,2199.31
2026-08-05 08:06:00,CUST-DT-0082,307.55
2026-08-05 08:09:00,CUST-DT-0083,1859.58
2026-08-05 08:09:00,CUST-DT-0084,3965.9
2026-08-05 08:12:00,CUST-DT-0085,3964.2
2026-08-05 08:15:00,CUST-DT-0086,4389.32
2026-08-05 08:18:00,CUST-DT-0087,1814.97
2026-08-05 08:21:00,CUST-DT-0088,1598.44
2026-08-05 08:24:00,CUST-DT-0089,621.24
2026-08-05 08:30:00,CUST-DT-0090,883.0
2026-08-05 08:31:00,CUST-DT-0091,4402.31
2026-08-05 08:35:00,CUST-DT-0092,1013.73
2026-08-05 08:40:00,CUST-DT-0093,2496.84
2026-08-05 08:43:00,CUST-DT-0094,2246.93
2026-08-05 08:45:00,CUST-DT-0095,1477.98
2026-08-05 08:45:00,CUST-DT-0096,3102.63
2026-08-05 08:52:00,CUST-DT-0097,3443.83
2026-08-05 08:52:00,CUST-DT-0098,2421.3
2026-08-05 08:54:00,CUST-DT-0099,3226.86
2026-08-05 08:57:00,CUST-DT-0100,2716.93
2026-08-05 09:03:00,CUST-DT-0101,3273.61
2026-08-05 09:04:00,CUST-DT-0102,1736.05
2026-08-05 09:08:00,CUST-DT-0103,3270.45
2026-08-05 09:11:00,CUST-DT-0104,2658.49
2026-08-05 09:14:00,CUST-DT-0105,100.42
2026-08-05 09:16:00,CUST-DT-0106,2527.77
2026-08-05 09:21:00,CUST-DT-0107,2419.71
2026-08-05 09:22:00,CUST-DT-0108,1896.05
2026-08-05 09:28:00,CUST-DT-0109,836.13
2026-08-05 09:27:00,CUST-DT-0110,1872.45
2026-08-05 09:33:00,CUST-DT-0111,2704.13
2026-08-05 09:33:00,CUST-DT-0112,2876.75
2026-08-05 09:38:00,CUST-DT-0113,3885.85
2026-08-05 09:43:00,CUST-DT-0114,511.22
2026-08-05 09:43:00,CUST-DT-0115,2597.68
2026-08-05 09:49:00,CUST-DT-0116,4243.03
2026-08-05 09:48:00,CUST-DT-0117,1942.09
2026-08-05 09:55:00,CUST-DT-0118,2486.67
2026-08-05 09:56:00,CUST-DT-0119,4100.94
2026-08-05 09:57:00,CUST-DT-0120,1156.48
2026-08-05 10:04:00,CUST-DT-0121,2010.0
2026-08-05 10:07:00,CUST-DT-0122,1486.02
2026-08-05 10:07:00,CUST-DT-0123,1170.79
2026-08-05 10:11:00,CUST-DT-0124,2153.54
2026-08-05 10:14:00,CUST-DT-0125,138.55
2026-08-05 10:16:00,CUST-DT-0126,3386.83
2026-08-05 10:19:00,CUST-DT-0127,2325.56
2026-08-05 10:24:00,CUST-DT-0128,3701.54
2026-08-05 10:24:00,CUST-DT-0129,2619.59
2026-08-05 10:29:00,CUST-DT-0130,3309.31
2026-08-05 10:34:00,CUST-DT-0131,2214.02
2026-08-05 10:36:00,CUST-DT-0132,3445.96
2026-08-05 10:38:00,CUST-DT-0133,1000.07
2026-08-05 10:43:00,CUST-DT-0134,155.29
2026-08-05 10:42:00,CUST-DT-0135,1347.85
2026-08-05 10:48:00,CUST-DT-0136,2315.32
2026-08-05 10:50:00,CUST-DT-0137,1066.24
2026-08-05 10:54:00,CUST-DT-0138,2544.3
2026-08-05 10:54:00,CUST-DT-0139,3088.58
2026-08-05 10:57:00,CUST-DT-0140,4207.09
2026-08-05 11:01:00,CUST-DT-0141,83.8
2026-08-05 11:03:00,CUST-DT-0142,4288.03
2026-08-05 11:07:00,CUST-DT-0143,2712.11
2026-08-05 11:09:00,CUST-DT-0144,1419.2
2026-08-05 11:14:00,CUST-DT-0145,2277.84
2026-08-05 11:15:00,CUST-DT-0146,1169.27
2026-08-05 11:21:00,CUST-DT-0147,414.29
2026-08-05 11:25:00,CUST-DT-0148,2969.99
2026-08-05 11:25:00,CUST-DT-0149,2114.44
2026-08-05 11:31:00,CUST-DT-0150,2754.87
2026-08-05 11:32:00,CUST-DT-0151,1026.41
2026-08-05 11:34:00,CUST-DT-0152,2122.52
2026-08-05 11:40:00,CUST-DT-0153,1808.25
2026-08-05 11:41:00,CUST-DT-0154,3111.43
2026-08-05 11:43:00,CUST-DT-0155,820.32
2026-08-05 11:46:00,CUST-DT-0156,3542.94
2026-08-05 11:49:00,CUST-DT-0157,81.5
2026-08-05 11:53:00,CUST-DT-0158,4200.43
2026-08-05 11:56:00,CUST-DT-0159,726.8
2026-08-05 11:59:00,CUST-DT-0160,3087.84
2026-08-05 12:03:00,CUST-DT-0161,1013.43
2026-08-05 12:03:00,CUST-DT-0162,1527.08
2026-08-05 12:07:00,CUST-DT-0163,1366.04
2026-08-05 12:10:00,CUST-DT-0164,2820.7
2026-08-05 12:16:00,CUST-DT-0165,4279.35
2026-08-05 12:15:00,CUST-DT-0166,3752.22
2026-08-05 12:20:00,CUST-DT-0167,1041.82
2026-08-05 12:24:00,CUST-DT-0168,2171.72
2026-08-05 12:27:00,CUST-DT-0169,2490.52
2026-08-05 12:30:00,CUST-DT-0170,434.5
2026-08-05 12:31:00,CUST-DT-0171,2085.12
2026-08-05 12:35:00,CUST-DT-0172,4145.45
2026-08-05 12:37:00,CUST-DT-0173,4171.89
2026-08-05 12:42:00,CUST-DT-0174,3142.65
2026-08-05 12:43:00,CUST-DT-0175,913.78
2026-08-05 12:49:00,CUST-DT-0176,4334.72
2026-08-05 12:51:00,CUST-DT-0177,3850.51
2026-08-05 12:52:00,CUST-DT-0178,606.68
2026-08-05 12:56:00,CUST-DT-0179,1092.01
2026-08-05 12:58:00,CUST-DT-0180,827.03
2026-08-05 13:01:00,CUST-DT-0181,2057.3
2026-08-05 13:03:00,CUST-DT-0182,1136.39
2026-08-05 13:10:00,CUST-DT-0183,1785.84
2026-08-05 13:09:00,CUST-DT-0184,3609.79
2026-08-05 13:13:00,CUST-DT-0185,3268.08
2026-08-05 13:19:00,CUST-DT-0186,2598.26
2026-08-05 13:18:00,CUST-DT-0187,1441.49
2026-08-05 13:21:00,CUST-DT-0188,1807.88
2026-08-05 13:25:00,CUST-DT-0189,2113.63
2026-08-05 13:29:00,CUST-DT-0190,775.27
2026-08-05 13:30:00,CUST-DT-0191,3443.39
2026-08-05 13:37:00,CUST-DT-0192,2642.01
2026-08-05 13:39:00,CUST-DT-0193,981.24
2026-08-05 13:43:00,CUST-DT-0194,1086.96
2026-08-05 13:44:00,CUST-DT-0195,1866.16
2026-08-05 13:49:00,CUST-DT-0196,1928.34
2026-08-05 13:48:00,CUST-DT-0197,181.74
2026-08-05 13:53:00,CUST-DT-0198,2842.6
2026-08-05 13:54:00,CUST-DT-0199,4165.14
2026-08-05 13:57:00,CUST-DT-0200,4117.38
2026-08-05 14:01:00,CUST-DT-0201,3301.05
2026-08-05 14:06:00,CUST-DT-0202,2458.47
2026-08-05 14:06:00,CUST-DT-0203,143.56
2026-08-05 14:10:00,CUST-DT-0204,2325.68
2026-08-05 14:15:00,CUST-DT-0205,3363.7
2026-08-05 14:16:00,CUST-DT-0206,2450.35
2026-08-05 14:21:00,CUST-DT-0207,2351.71
2026-08-05 14:23:00,CUST-DT-0208,311.98
2026-08-05 14:25:00,CUST-DT-0209,3407.53
2026-08-05 14:27:00,CUST-DT-0210,3409.86
2026-08-05 14:32:00,CUST-DT-0211,2020.51
2026-08-05 14:36:00,CUST-DT-0212,3326.02
2026-08-05 14:40:00,CUST-DT-0213,2777.66
2026-08-05 14:42:00,CUST-DT-0214,2100.5
2026-08-05 14:46:00,CUST-DT-0215,527.59
2026-08-05 14:47:00,CUST-DT-0216,750.79
2026-08-05 14:50:00,CUST-DT-0217,1155.55
2026-08-05 14:55:00,CUST-DT-0218,4115.31
2026-08-05 14:57:00,CUST-DT-0219,4321.24
2026-08-05 15:00:00,CUST-DT-0220,2492.36
2026-08-05 15:04:00,CUST-DT-0221,281.5
2026-08-05 15:06:00,CUST-DT-0222,326.01
2026-08-05 15:08:00,CUST-DT-0223,1455.16
2026-08-05 15:10:00,CUST-DT-0224,1642.72
2026-08-05 15:16:00,CUST-DT-0225,784.3
2026-08-05 15:17:00,CUST-DT-0226,627.24
2026-08-05 15:18:00,CUST-DT-0227,2888.03
2026-08-05 15:22:00,CUST-DT-0228,1556.91
2026-08-05 15:25:00,CUST-DT-0229,2075.26
2026-08-05 15:27:00,CUST-DT-0230,3414.19
2026-08-05 15:34:00,CUST-DT-0231,2128.22
2026-08-05 15:37:00,CUST-DT-0232,2140.68
2026-08-05 15:39:00,CUST-DT-0233,2164.92
2026-08-05 15:41:00,CUST-DT-0234,3723.0
2026-08-05 15:45:00,CUST-DT-0235,281.27
2026-08-05 15:49:00,CUST-DT-0236,1901.28
2026-08-05 15:50:00,CUST-DT-0237,152.37
2026-08-05 15:52:00,CUST-DT-0238,2451.12
2026-08-05 15:57:00,CUST-DT-0239,4175.66
2026-08-05 16:01:00,CUST-DT-0240,1033.65
2026-08-05 16:00:00,CUST-DT-0241,944.52
2026-08-05 16:05:00,CUST-DT-0242,542.85
2026-08-05 16:09:00,CUST-DT-0243,2158.87
2026-08-05 16:12:00,CUST-DT-0244,1068.22
2026-08-05 16:12:00,CUST-DT-0245,4124.26
2026-08-05 16:19:00,CUST-DT-0246,2767.68
2026-08-05 16:20:00,CUST-DT-0247,774.83
2026-08-05 16:25:00,CUST-DT-0248,2021.98
2026-08-05 16:24:00,CUST-DT-0249,1751.24
2026-08-05 16:27:00,CUST-DT-0250,1702.89
2026-08-05 16:34:00,CUST-DT-0251,3094.12
2026-08-05 16:35:00,CUST-DT-0252,820.1
2026-08-05 16:36:00,CUST-DT-0253,2951.89
2026-08-05 16:41:00,CUST-DT-0254,1160.06
2026-08-05 16:42:00,CUST-DT-0255,1996.67
2026-08-05 16:49:00,CUST-DT-0256,799.0
2026-08-05 16:50:00,CUST-DT-0257,2359.13
2026-08-05 16:52:00,CUST-DT-0258,2746.93
2026-08-05 16:58:00,CUST-DT-0259,3847.5
2026-08-05 16:58:00,CUST-DT-0260,3119.82
2026-08-05 17:00:00,CUST-DT-0261,2114.37
2026-08-05 17:06:00,CUST-DT-0262,3807.06
2026-08-05 17:07:00,CUST-DT-0263,1641.57
2026-08-05 17:09:00,CUST-DT-0264,2157.32
2026-08-05 17:15:00,CUST-DT-0265,3559.18
2026-08-05 17:18:00,CUST-DT-0266,388.59
2026-08-05 17:18:00,CUST-DT-0267,2402.62
2026-08-05 17:21:00,CUST-DT-0268,1104.07
2026-08-05 17:24:00,CUST-DT-0269,1831.04
2026-08-05 17:27:00,CUST-DT-0270,2616.03
2026-08-05 17:30:00,CUST-DT-0271,1119.9
2026-08-05 17:33:00,CUST-DT-0272,1291.02
2026-08-05 17:39:00,CUST-DT-0273,118.58
2026-08-05 17:42:00,CUST-DT-0274,1900.54
2026-08-05 17:44:00,CUST-DT-0275,1902.75
2026-08-05 17:45:00,CUST-DT-0276,2868.27
2026-08-05 17:52:00,CUST-DT-0277,1148.53
2026-08-05 17:55:00,CUST-DT-0278,3329.84
2026-08-05 17:58:00,CUST-DT-0279,1174.94
2026-08-05 17:58:00,CUST-DT-0280,1084.91
2026-08-05 18:02:00,CUST-DT-0281,4166.01
2026-08-05 18:05:00,CUST-DT-0282,2498.51
2026-08-05 18:09:00,CUST-DT-0283,1840.18
2026-08-05 18:11:00,CUST-DT-0284,1311.09
2026-08-05 18:12:00,CUST-DT-0285,3101.36
2026-08-05 18:19:00,CUST-DT-0286,109.97
2026-08-05 18:20:00,CUST-DT-0287,157.01
2026-08-05 18:22:00,CUST-DT-0288,1655.06
2026-08-05 18:28:00,CUST-DT-0289,3367.21
2026-08-05 18:27:00,CUST-DT-0290,2328.18
2026-08-05 18:31:00,CUST-DT-0291,4331.67
2026-08-05 18:36:00,CUST-DT-0292,65.63
2026-08-05 18:39:00,CUST-DT-0293,3325.28
2026-08-05 18:39:00,CUST-DT-0294,492.99
2026-08-05 18:43:00,CUST-DT-0295,1155.58
2026-08-05 18:46:00,CUST-DT-0296,3714.8
2026-08-05 18:52:00,CUST-DT-0297,2809.11
2026-08-05 18:55:00,CUST-DT-0298,3425.44
2026-08-05 18:57:00,CUST-DT-0299,4303.94
2026-08-05 18:58:00,CUST-DT-0300,1792.32
2026-08-05 19:01:00,CUST-DT-0301,358.37
2026-08-05 19:06:00,CUST-DT-0302,367.64
2026-08-05 19:09:00,CUST-DT-0303,4302.47
2026-08-05 19:11:00,CUST-DT-0304,3318.89
2026-08-05 19:13:00,CUST-DT-0305,101.04
2026-08-05 19:15:00,CUST-DT-0306,334.46
2026-08-05 19:19:00,CUST-DT-0307,2151.6
2026-08-05 19:22:00,CUST-DT-0308,329.86
2026-08-05 19:24:00,CUST-DT-0309,1229.94
2026-08-05 19:31:00,CUST-DT-0310,1979.93
2026-08-05 19:33:00,CUST-DT-0311,4311.54
2026-08-05 19:33:00,CUST-DT-0312,1035.81
2026-08-05 19:37:00,CUST-DT-0313,4455.95
2026-08-05 19:43:00,CUST-DT-0314,401.69
2026-08-05 19:42:00,CUST-DT-0315,2899.58
2026-08-05 19:47:00,CUST-DT-0316,3699.61
2026-08-05 19:48:00,CUST-DT-0317,4322.06
2026-08-05 19:53:00,CUST-DT-0318,4030.73
2026-08-05 19:55:00,CUST-DT-0319,1557.71
2026-08-05 19:57:00,CUST-DT-0320,4473.88
2026-08-05 20:03:00,CUST-DT-0321,3324.14
2026-08-05 20:03:00,CUST-DT-0322,2369.14
2026-08-05 20:06:00,CUST-DT-0323,1310.43
2026-08-05 20:13:00,CUST-DT-0324,2229.06
2026-08-05 20:15:00,CUST-DT-0325,3872.47
2026-08-05 20:17:00,CUST-DT-0326,4256.11
2026-08-05 20:18:00,CUST-DT-0327,3370.82
2026-08-05 20:24:00,CUST-DT-0328,3430.71
2026-08-05 20:24:00,CUST-DT-0329,1231.17
2026-08-05 20:29:00,CUST-DT-0330,3134.2
2026-08-05 20:33:00,CUST-DT-0331,2008.02
2026-08-05 20:36:00,CUST-DT-0332,3289.05
2026-08-05 20:40:00,CUST-DT-0333,2209.08
2026-08-05 20:39:00,CUST-DT-0334,1813.11
2026-08-05 20:42:00,CUST-DT-0335,3997.54
2026-08-05 20:48:00,CUST-DT-0336,114.22
2026-08-05 20:51:00,CUST-DT-0337,1214.19
2026-08-05 20:51:00,CUST-DT-0338,1448.65
2026-08-05 20:55:00,CUST-DT-0339,4333.34
2026-08-05 21:01:00,CUST-DT-0340,1759.83
2026-08-05 21:01:00,CUST-DT-0341,1415.32
2026-08-05 21:04:00,CUST-DT-0342,3755.16
2026-08-05 21:08:00,CUST-DT-0343,3411.56
2026-08-05 21:12:00,CUST-DT-0344,2420.2
2026-08-05 21:14:00,CUST-DT-0345,2769.2
2026-08-05 21:19:00,CUST-DT-0346,2168.43
2026-08-05 21:18:00,CUST-DT-0347,1147.72
2026-08-05 21:25:00,CUST-DT-0348,1756.21
2026-08-05 21:27:00,CUST-DT-0349,1573.71
2026-08-05 21:27:00,CUST-DT-0350,1342.71
2026-08-05 21:33:00,CUST-DT-0351,712.63
2026-08-05 21:33:00,CUST-DT-0352,1508.34
2026-08-05 21:38:00,CUST-DT-0353,4289.99
2026-08-05 21:42:00,CUST-DT-0354,1283.37
2026-08-05 21:42:00,CUST-DT-0355,610.99
2026-08-05 21:49:00,CUST-DT-0356,2170.18
2026-08-05 21:51:00,CUST-DT-0357,4431.31
2026-08-05 21:53:00,CUST-DT-0358,2521.89
2026-08-05 21:58:00,CUST-DT-0359,3032.73
2026-08-05 21:58:00,CUST-DT-0360,2575.61
2026-08-05 22:03:00,CUST-DT-0361,1979.39
2026-08-05 22:03:00,CUST-DT-0362,3224.25
2026-08-05 22:06:00,CUST-DT-0363,3699.98
2026-08-05 22:12:00,CUST-DT-0364,2651.41
2026-08-05 22:12:00,CUST-DT-0365,4427.14
2026-08-05 22:15:00,CUST-DT-0366,821.66
2026-08-05 22:21:00,CUST-DT-0367,305.21
2026-08-05 22:24:00,CUST-DT-0368,1688.6
2026-08-05 22:25:00,CUST-DT-0369,265.95
2026-08-05 22:27:00,CUST-DT-0370,3534.51
2026-08-05 22:34:00,CUST-DT-0371,336.79
2026-08-05 22:35:00,CUST-DT-0372,3379.09
2026-08-05 22:39:00,CUST-DT-0373,1687.3
2026-08-05 22:41:00,CUST-DT-0374,1489.17
2026-08-05 22:43:00,CUST-DT-0375,4138.33
2026-08-05 22:46:00,CUST-DT-0376,548.63
2026-08-05 22:52:00,CUST-DT-0377,204.29
2026-08-05 22:51:00,CUST-DT-0378,2556.06
2026-08-05 22:54:00,CUST-DT-0379,2271.55
2026-08-05 22:58:00,CUST-DT-0380,3684.11
2026-08-05 23:00:00,CUST-DT-0381,2774.34
2026-08-05 23:03:00,CUST-DT-0382,4218.73
2026-08-05 23:07:00,CUST-DT-0383,1729.58
2026-08-05 23:09:00,CUST-DT-0384,2801.98
2026-08-05 23:14:00,CUST-DT-0385,85.66
2026-08-05 23:19:00,CUST-DT-0386,1401.41
2026-08-05 23:20:00,CUST-DT-0387,574.49
2026-08-05 23:21:00,CUST-DT-0388,3249.72
2026-08-05 23:25:00,CUST-DT-0389,3149.69
2026-08-05 23:29:00,CUST-DT-0390,1558.46
2026-08-05 23:33:00,CUST-DT-0391,2993.85
2026-08-05 23:36:00,CUST-DT-0392,614.87
2026-08-05 23:39:00,CUST-DT-0393,2800.8
2026-08-05 23:39:00,CUST-DT-0394,723.17
2026-08-05 23:42:00,CUST-DT-0395,1291.13
2026-08-05 23:45:00,CUST-DT-0396,2167.84
2026-08-05 23:49:00,CUST-DT-0397,1254.67
2026-08-05 23:51:00,CUST-DT-0398,3323.3
2026-08-05 23:57:00,CUST-DT-0399,644.34
2026-08-05 23:57:00,CUST-DT-0400,2971.41
2026-08-06 00:00:00,CUST-DT-0401,1988.47
2026-08-06 00:03:00,CUST-DT-0402,1768.3
2026-08-06 00:07:00,CUST-DT-0403,579.11
2026-08-06 00:11:00,CUST-DT-0404,2582.98
2026-08-06 00:13:00,CUST-DT-0405,1427.58
2026-08-06 00:16:00,CUST-DT-0406,4218.85
2026-08-06 00:19:00,CUST-DT-0407,1672.78
2026-08-06 00:23:00,CUST-DT-0408,731.81
2026-08-06 00:25:00,CUST-DT-0409,2160.52
2026-08-06 00:29:00,CUST-DT-0410,160.91
2026-08-06 00:30:00,CUST-DT-0411,1661.54
2026-08-06 00:34:00,CUST-DT-0412,2515.89
2026-08-06 00:36:00,CUST-DT-0413,1633.77
2026-08-06 00:39:00,CUST-DT-0414,2417.65
2026-08-06 00:44:00,CUST-DT-0415,2625.26
2026-08-06 00:47:00,CUST-DT-0416,3048.59
2026-08-06 00:48:00,CUST-DT-0417,114.35
2026-08-06 00:55:00,CUST-DT-0418,1718.43
2026-08-06 00:57:00,CUST-DT-0419,3028.82
2026-08-06 00:58:00,CUST-DT-0420,4477.26
2026-08-06 01:03:00,CUST-DT-0421,3041.27
2026-08-06 01:07:00,CUST-DT-0422,2661.48
2026-08-06 01:09:00,CUST-DT-0423,3365.17
2026-08-06 01:11:00,CUST-DT-0424,3718.96
2026-08-06 01:16:00,CUST-DT-0425,677.2
2026-08-06 01:15:00,CUST-DT-0426,4224.65
2026-08-06 01:21:00,CUST-DT-0427,176.26
2026-08-06 01:23:00,CUST-DT-0428,2504.97
2026-08-06 01:28:00,CUST-DT-0429,1298.91
2026-08-06 01:29:00,CUST-DT-0430,4079.91
2026-08-06 01:34:00,CUST-DT-0431,3967.09
2026-08-06 01:33:00,CUST-DT-0432,3154.83
2026-08-06 01:39:00,CUST-DT-0433,4352.41
2026-08-06 01:42:00,CUST-DT-0434,3290.4
2026-08-06 01:45:00,CUST-DT-0435,318.68
2026-08-06 01:46:00,CUST-DT-0436,4111.21
2026-08-06 01:51:00,CUST-DT-0437,1726.36
2026-08-06 01:55:00,CUST-DT-0438,966.28
2026-08-06 01:55:00,CUST-DT-0439,2493.18
2026-08-06 01:57:00,CUST-DT-0440,912.99
2026-08-06 02:03:00,CUST-DT-0441,3826.15
2026-08-06 02:07:00,CUST-DT-0442,4235.46
2026-08-06 02:09:00,CUST-DT-0443,3882.71
2026-08-06 02:13:00,CUST-DT-0444,3621.82
2026-08-06 02:13:00,CUST-DT-0445,2781.17
2026-08-06 02:18:00,CUST-DT-0446,3035.97
2026-08-06 02:22:00,CUST-DT-0447,480.95
2026-08-06 02:23:00,CUST-DT-0448,3840.38
2026-08-06 02:27:00,CUST-DT-0449,1395.26
2026-08-06 02:31:00,CUST-DT-0450,3869.96
2026-08-06 02:33:00,CUST-DT-0451,1578.34
2026-08-06 02:34:00,CUST-DT-0452,760.08
2026-08-06 02:38:00,CUST-DT-0453,3221.8
2026-08-06 02:41:00,CUST-DT-0454,3990.76
2026-08-06 02:42:00,CUST-DT-0455,1031.12
2026-08-06 02:45:00,CUST-DT-0456,65.1
2026-08-06 02:50:00,CUST-DT-0457,2355.71
2026-08-06 02:55:00,CUST-DT-0458,1629.11
2026-08-06 02:55:00,CUST-DT-0459,2836.85
2026-08-06 03:01:00,CUST-DT-0460,1365.13
2026-08-06 03:03:00,CUST-DT-0461,3392.98
2026-08-06 03:06:00,CUST-DT-0462,1196.09
2026-08-06 03:10:00,CUST-DT-0463,3592.5
2026-08-06 03:11:00,CUST-DT-0464,1337.62
2026-08-06 03:15:00,CUST-DT-0465,2136.07
2026-08-06 03:16:00,CUST-DT-0466,980.46
2026-08-06 03:22:00,CUST-DT-0467,469.02
2026-08-06 03:24:00,CUST-DT-0468,659.25
2026-08-06 03:25:00,CUST-DT-0469,610.42
2026-08-06 03:27:00,CUST-DT-0470,3361.96
2026-08-06 03:34:00,CUST-DT-0471,755.47
2026-08-06 03:37:00,CUST-DT-0472,2530.51
2026-08-06 03:36:00,CUST-DT-0473,849.2
2026-08-06 03:43:00,CUST-DT-0474,3477.06
2026-08-06 03:42:00,CUST-DT-0475,1988.59
2026-08-06 03:49:00,CUST-DT-0476,642.5
2026-08-06 03:48:00,CUST-DT-0477,2523.57
2026-08-06 03:51:00,CUST-DT-0478,88.17
2026-08-06 03:57:00,CUST-DT-0479,1784.14
2026-08-06 03:59:00,CUST-DT-0480,4238.49
2026-08-06 04:00:00,CUST-DT-0481,2181.51
2026-08-06 04:04:00,CUST-DT-0482,3993.6
2026-08-06 04:09:00,CUST-DT-0483,1104.36
2026-08-06 04:13:00,CUST-DT-0484,1143.56
2026-08-06 04:16:00,CUST-DT-0485,2397.57
2026-08-06 04:18:00,CUST-DT-0486,2828.27
2026-08-06 04:18:00,CUST-DT-0487,3511.92
2026-08-06 04:24:00,CUST-DT-0488,4354.02
2026-08-06 04:25:00,CUST-DT-0489,3331.96
2026-08-06 04:27:00,CUST-DT-0490,63.97
2026-08-06 04:32:00,CUST-DT-0491,758.66
2026-08-06 04:34:00,CUST-DT-0492,445.62
2026-08-06 04:40:00,CUST-DT-0493,3170.88
2026-08-06 04:43:00,CUST-DT-0494,783.12
2026-08-06 04:44:00,CUST-DT-0495,2375.33
2026-08-06 04:45:00,CUST-DT-0496,2523.55
2026-08-06 04:48:00,CUST-DT-0497,904.89
2026-08-06 04:55:00,CUST-DT-0498,3052.94
2026-08-06 04:58:00,CUST-DT-0499,2640.79
2026-08-06 05:01:00,CUST-DT-0500,2948.45
2026-08-06 05:04:00,CUST-DT-0501,125.18
2026-08-06 05:07:00,CUST-DT-0502,448.34
2026-08-06 05:10:00,CUST-DT-0503,941.85
2026-08-06 05:12:00,CUST-DT-0504,1709.93
2026-08-06 05:13:00,CUST-DT-0505,2067.67
2026-08-06 05:18:00,CUST-DT-0506,2090.25
2026-08-06 05:20:00,CUST-DT-0507,4182.28
2026-08-06 05:22:00,CUST-DT-0508,4269.28
2026-08-06 05:25:00,CUST-DT-0509,748.32
2026-08-06 05:27:00,CUST-DT-0510,268.82
2026-08-06 05:33:00,CUST-DT-0511,2810.97
2026-08-06 05:35:00,CUST-DT-0512,1734.82
2026-08-06 05:40:00,CUST-DT-0513,945.41
2026-08-06 05:39:00,CUST-DT-0514,591.46
2026-08-06 05:44:00,CUST-DT-0515,2066.5
2026-08-06 05:48:00,CUST-DT-0516,3594.98
2026-08-06 05:48:00,CUST-DT-0517,968.03
2026-08-06 05:55:00,CUST-DT-0518,4478.9
2026-08-06 05:54:00,CUST-DT-0519,1052.82
2026-08-06 05:59:00,CUST-DT-0520,2271.72
2026-08-06 06:03:00,CUST-DT-0521,3100.83
2026-08-06 06:07:00,CUST-DT-0522,1032.61
2026-08-06 06:09:00,CUST-DT-0523,4079.0
2026-08-06 06:12:00,CUST-DT-0524,3133.66
2026-08-06 06:14:00,CUST-DT-0525,3081.48
2026-08-06 06:18:00,CUST-DT-0526,712.26
2026-08-06 06:18:00,CUST-DT-0527,675.77
2026-08-06 06:22:00,CUST-DT-0528,982.16
2026-08-06 06:28:00,CUST-DT-0529,2277.11
2026-08-06 06:31:00,CUST-DT-0530,4013.26
2026-08-06 06:34:00,CUST-DT-0531,1344.68
2026-08-06 06:34:00,CUST-DT-0532,2756.82
2026-08-06 06:38:00,CUST-DT-0533,4374.35
2026-08-06 06:43:00,CUST-DT-0534,3225.82
2026-08-06 06:45:00,CUST-DT-0535,4255.72
2026-08-06 06:49:00,CUST-DT-0536,4136.72
2026-08-06 06:48:00,CUST-DT-0537,1936.32
2026-08-06 06:51:00,CUST-DT-0538,395.9
2026-08-06 06:57:00,CUST-DT-0539,958.7
2026-08-06 07:01:00,CUST-DT-0540,3772.05
2026-08-06 07:03:00,CUST-DT-0541,623.3
2026-08-06 07:03:00,CUST-DT-0542,753.89
2026-08-06 07:06:00,CUST-DT-0543,2927.27
2026-08-06 07:11:00,CUST-DT-0544,3543.37
2026-08-06 07:12:00,CUST-DT-0545,3488.35
2026-08-06 07:19:00,CUST-DT-0546,1106.03
2026-08-06 07:20:00,CUST-DT-0547,1785.26
2026-08-06 07:24:00,CUST-DT-0548,942.5
2026-08-06 07:24:00,CUST-DT-0549,1506.87
2026-08-06 07:29:00,CUST-DT-0550,1640.75
2026-08-06 07:30:00,CUST-DT-0551,1886.42
2026-08-06 07:36:00,CUST-DT-0552,2026.11
2026-08-06 07:38:00,CUST-DT-0553,3623.28
2026-08-06 07:39:00,CUST-DT-0554,145.41
2026-08-06 07:45:00,CUST-DT-0555,1910.69
2026-08-06 07:47:00,CUST-DT-0556,4060.16
2026-08-06 07:52:00,CUST-DT-0557,100.6
2026-08-06 07:51:00,CUST-DT-0558,2753.08
2026-08-06 07:55:00,CUST-DT-0559,2182.45
2026-08-06 07:59:00,CUST-DT-0560,1875.1
2026-08-06 08:01:00,CUST-DT-0561,3019.81
2026-08-06 08:03:00,CUST-DT-0562,979.45
2026-08-06 08:07:00,CUST-DT-0563,388.29
2026-08-06 08:11:00,CUST-DT-0564,1370.41
2026-08-06 08:13:00,CUST-DT-0565,1531.72
2026-08-06 08:17:00,CUST-DT-0566,628.64
2026-08-06 08:21:00,CUST-DT-0567,2075.82
2026-08-06 08:21:00,CUST-DT-0568,1485.07
2026-08-06 08:25:00,CUST-DT-0569,1870.52
2026-08-06 08:29:00,CUST-DT-0570,945.41
2026-08-06 08:30:00,CUST-DT-0571,3572.6
2026-08-06 08:35:00,CUST-DT-0572,4079.92
2026-08-06 08:38:00,CUST-DT-0573,1952.76
2026-08-06 08:43:00,CUST-DT-0574,3465.87
2026-08-06 08:42:00,CUST-DT-0575,4178.21
2026-08-06 08:45:00,CUST-DT-0576,1214.63
2026-08-06 08:49:00,CUST-DT-0577,3561.7
2026-08-06 08:53:00,CUST-DT-0578,4328.56
2026-08-06 08:56:00,CUST-DT-0579,1694.74
2026-08-06 08:57:00,CUST-DT-0580,1087.48
2026-08-06 09:02:00,CUST-DT-0581,2052.12
2026-08-06 09:05:00,CUST-DT-0582,3653.55
2026-08-06 09:09:00,CUST-DT-0583,2789.52
2026-08-06 09:13:00,CUST-DT-0584,1681.9
2026-08-06 09:14:00,CUST-DT-0585,2545.15
2026-08-06 09:19:00,CUST-DT-0586,2465.23
2026-08-06 09:19:00,CUST-DT-0587,472.47
2026-08-06 09:22:00,CUST-DT-0588,3910.04
2026-08-06 09:25:00,CUST-DT-0589,1044.77
2026-08-06 09:30:00,CUST-DT-0590,2191.34
2026-08-06 09:33:00,CUST-DT-0591,2054.98
2026-08-06 09:37:00,CUST-DT-0592,1596.78
2026-08-06 09:39:00,CUST-DT-0593,2696.57
2026-08-06 09:40:00,CUST-DT-0594,3022.09
2026-08-06 09:44:00,CUST-DT-0595,2156.77
2026-08-06 09:49:00,CUST-DT-0596,223.13
2026-08-06 09:50:00,CUST-DT-0597,2754.57
2026-08-06 09:53:00,CUST-DT-0598,1932.18
2026-08-06 09:58:00,CUST-DT-0599,3491.44
2026-08-06 10:00:00,CUST-DT-0600,102.18
2026-08-06 10:04:00,CUST-DT-0601,2891.13
2026-08-06 10:04:00,CUST-DT-0602,2812.65
2026-08-06 10:10:00,CUST-DT-0603,4174.51
2026-08-06 10:12:00,CUST-DT-0604,974.27
2026-08-06 10:14:00,CUST-DT-0605,3846.01
2026-08-06 10:15:00,CUST-DT-0606,3449.95
2026-08-06 10:22:00,CUST-DT-0607,3189.22
2026-08-06 10:21:00,CUST-DT-0608,1811.35
2026-08-06 10:27:00,CUST-DT-0609,3456.89
2026-08-06 10:29:00,CUST-DT-0610,3534.45
2026-08-06 10:33:00,CUST-DT-0611,4434.51
2026-08-06 10:37:00,CUST-DT-0612,2722.68
2026-08-06 10:40:00,CUST-DT-0613,1105.4
2026-08-06 10:43:00,CUST-DT-0614,4003.45
2026-08-06 10:42:00,CUST-DT-0615,4090.14
2026-08-06 10:48:00,CUST-DT-0616,3469.42
2026-08-06 10:52:00,CUST-DT-0617,2289.63
2026-08-06 10:54:00,CUST-DT-0618,802.99
2026-08-06 10:55:00,CUST-DT-0619,4384.48
2026-08-06 10:58:00,CUST-DT-0620,117.62
2026-08-06 11:03:00,CUST-DT-0621,4488.35
2026-08-06 11:05:00,CUST-DT-0622,1785.34
2026-08-06 11:10:00,CUST-DT-0623,643.31
2026-08-06 11:10:00,CUST-DT-0624,2307.22
2026-08-06 11:15:00,CUST-DT-0625,1725.0
2026-08-06 11:19:00,CUST-DT-0626,258.37
2026-08-06 11:20:00,CUST-DT-0627,3151.65
2026-08-06 11:21:00,CUST-DT-0628,1242.19
2026-08-06 11:25:00,CUST-DT-0629,4231.67
2026-08-06 11:29:00,CUST-DT-0630,338.47
2026-08-06 11:33:00,CUST-DT-0631,1873.87
2026-08-06 11:35:00,CUST-DT-0632,4494.7
2026-08-06 11:38:00,CUST-DT-0633,3813.44
2026-08-06 11:39:00,CUST-DT-0634,1560.05
2026-08-06 11:44:00,CUST-DT-0635,457.31
2026-08-06 11:46:00,CUST-DT-0636,362.6
2026-08-06 11:48:00,CUST-DT-0637,3487.85
2026-08-06 11:55:00,CUST-DT-0638,1314.56
2026-08-06 11:56:00,CUST-DT-0639,745.18
2026-08-06 11:57:00,CUST-DT-0640,893.69
2026-08-06 12:01:00,CUST-DT-0641,2868.53
2026-08-06 12:06:00,CUST-DT-0642,1511.29
2026-08-06 12:08:00,CUST-DT-0643,1972.89
2026-08-06 12:11:00,CUST-DT-0644,2327.35
2026-08-06 12:16:00,CUST-DT-0645,2102.29
2026-08-06 12:16:00,CUST-DT-0646,1080.72
2026-08-06 12:18:00,CUST-DT-0647,992.01
2026-08-06 12:22:00,CUST-DT-0648,4163.69
2026-08-06 12:25:00,CUST-DT-0649,179.55
2026-08-06 12:29:00,CUST-DT-0650,4344.46
2026-08-06 12:33:00,CUST-DT-0651,2041.36
2026-08-06 12:37:00,CUST-DT-0652,2405.15
2026-08-06 12:40:00,CUST-DT-0653,3312.99
2026-08-06 12:42:00,CUST-DT-0654,2042.3
2026-08-06 12:45:00,CUST-DT-0655,4440.25
2026-08-06 12:46:00,CUST-DT-0656,1260.17
2026-08-06 12:51:00,CUST-DT-0657,1805.65
2026-08-06 12:53:00,CUST-DT-0658,3156.24
2026-08-06 12:56:00,CUST-DT-0659,3333.35
2026-08-06 12:57:00,CUST-DT-0660,325.95
2026-08-06 13:00:00,CUST-DT-0661,370.95
2026-08-06 13:05:00,CUST-DT-0662,2674.74
2026-08-06 13:07:00,CUST-DT-0663,583.14
2026-08-06 13:12:00,CUST-DT-0664,3537.41
2026-08-06 13:14:00,CUST-DT-0665,1569.46
2026-08-06 13:16:00,CUST-DT-0666,2710.85
2026-08-06 13:18:00,CUST-DT-0667,121.69
2026-08-06 13:22:00,CUST-DT-0668,2022.32
2026-08-06 13:28:00,CUST-DT-0669,3769.48
2026-08-06 13:29:00,CUST-DT-0670,815.85
2026-08-06 13:30:00,CUST-DT-0671,3678.37
2026-08-06 13:35:00,CUST-DT-0672,246.63
2026-08-06 13:40:00,CUST-DT-0673,4137.55
2026-08-06 13:41:00,CUST-DT-0674,1756.5
2026-08-06 13:45:00,CUST-DT-0675,63.13
2026-08-06 13:45:00,CUST-DT-0676,1190.54
2026-08-06 13:49:00,CUST-DT-0677,601.8
2026-08-06 13:51:00,CUST-DT-0678,3479.11
2026-08-06 13:58:00,CUST-DT-0679,2104.23
2026-08-06 13:59:00,CUST-DT-0680,2234.52
2026-08-06 14:02:00,CUST-DT-0681,4446.73
2026-08-06 14:07:00,CUST-DT-0682,1242.42
2026-08-06 14:10:00,CUST-DT-0683,4435.39
2026-08-06 14:13:00,CUST-DT-0684,2094.11
2026-08-06 14:12:00,CUST-DT-0685,3497.76
2026-08-06 14:15:00,CUST-DT-0686,72.22
2026-08-06 14:22:00,CUST-DT-0687,1602.99
2026-08-06 14:21:00,CUST-DT-0688,3888.56
2026-08-06 14:27:00,CUST-DT-0689,1915.79
2026-08-06 14:31:00,CUST-DT-0690,3367.94
2026-08-06 14:30:00,CUST-DT-0691,4433.43
2026-08-06 14:37:00,CUST-DT-0692,485.8
2026-08-06 14:36:00,CUST-DT-0693,1640.51
2026-08-06 14:41:00,CUST-DT-0694,3921.96
2026-08-06 14:46:00,CUST-DT-0695,827.82
2026-08-06 14:47:00,CUST-DT-0696,3130.38
2026-08-06 14:52:00,CUST-DT-0697,1174.38
2026-08-06 14:53:00,CUST-DT-0698,3454.42
2026-08-06 14:57:00,CUST-DT-0699,243.75
2026-08-06 14:58:00,CUST-DT-0700,3873.15
2026-08-06 15:03:00,CUST-DT-0701,3879.4
2026-08-06 15:04:00,CUST-DT-0702,546.08
2026-08-06 15:08:00,CUST-DT-0703,2773.54
2026-08-06 15:10:00,CUST-DT-0704,187.28
2026-08-06 15:16:00,CUST-DT-0705,3622.5
2026-08-06 15:15:00,CUST-DT-0706,3460.71
2026-08-06 15:18:00,CUST-DT-0707,2460.79
2026-08-06 15:22:00,CUST-DT-0708,263.25
2026-08-06 15:26:00,CUST-DT-0709,2763.36
2026-08-06 15:31:00,CUST-DT-0710,838.12
2026-08-06 15:31:00,CUST-DT-0711,2839.42
2026-08-06 15:33:00,CUST-DT-0712,3272.78
2026-08-06 15:40:00,CUST-DT-0713,3851.12
2026-08-06 15:39:00,CUST-DT-0714,1785.03
2026-08-06 15:45:00,CUST-DT-0715,3929.63
2026-08-06 15:47:00,CUST-DT-0716,2824.86
2026-08-06 15:48:00,CUST-DT-0717,3180.39
2026-08-06 15:51:00,CUST-DT-0718,4422.32
2026-08-06 15:56:00,CUST-DT-0719,51.88
2026-08-06 16:00:00,CUST-DT-0720,2901.33
2026-08-06 16:04:00,CUST-DT-0721,4396.06
2026-08-06 16:05:00,CUST-DT-0722,3195.6
2026-08-06 16:08:00,CUST-DT-0723,116.75
2026-08-06 16:11:00,CUST-DT-0724,4010.08
2026-08-06 16:16:00,CUST-DT-0725,3643.52
2026-08-06 16:15:00,CUST-DT-0726,2059.68
2026-08-06 16:22:00,CUST-DT-0727,3887.54
2026-08-06 16:23:00,CUST-DT-0728,2720.48
2026-08-06 16:28:00,CUST-DT-0729,2018.96
2026-08-06 16:31:00,CUST-DT-0730,2955.48
2026-08-06 16:33:00,CUST-DT-0731,4453.15
2026-08-06 16:33:00,CUST-DT-0732,3580.41
2026-08-06 16:36:00,CUST-DT-0733,3683.2
2026-08-06 16:40:00,CUST-DT-0734,3282.7
2026-08-06 16:46:00,CUST-DT-0735,714.98
2026-08-06 16:46:00,CUST-DT-0736,3671.97
2026-08-06 16:48:00,CUST-DT-0737,2935.93
2026-08-06 16:51:00,CUST-DT-0738,3516.03
2026-08-06 16:55:00,CUST-DT-0739,1200.63
2026-08-06 17:00:00,CUST-DT-0740,4223.19
2026-08-06 17:00:00,CUST-DT-0741,3024.67
2026-08-06 17:07:00,CUST-DT-0742,2707.65
2026-08-06 17:08:00,CUST-DT-0743,2682.04
2026-08-06 17:09:00,CUST-DT-0744,806.07
2026-08-06 17:14:00,CUST-DT-0745,4299.77
2026-08-06 17:19:00,CUST-DT-0746,1545.06
2026-08-06 17:19:00,CUST-DT-0747,2966.43
2026-08-06 17:24:00,CUST-DT-0748,1883.93
2026-08-06 17:26:00,CUST-DT-0749,611.42
2026-08-06 17:27:00,CUST-DT-0750,2243.93
2026-08-06 17:30:00,CUST-DT-0751,3587.1
2026-08-06 17:37:00,CUST-DT-0752,3296.4
2026-08-06 17:38:00,CUST-DT-0753,971.61
2026-08-06 17:40:00,CUST-DT-0754,3523.23
2026-08-06 17:46:00,CUST-DT-0755,454.32
2026-08-06 17:45:00,CUST-DT-0756,3897.08
2026-08-06 17:52:00,CUST-DT-0757,572.05
2026-08-06 17:54:00,CUST-DT-0758,2864.8
2026-08-06 17:57:00,CUST-DT-0759,531.93
2026-08-06 18:00:00,CUST-DT-0760,3963.65
2026-08-06 18:02:00,CUST-DT-0761,3474.15
2026-08-06 18:05:00,CUST-DT-0762,1543.44
2026-08-06 18:10:00,CUST-DT-0763,4027.73
2026-08-06 18:09:00,CUST-DT-0764,431.98
2026-08-06 18:12:00,CUST-DT-0765,2069.97
2026-08-06 18:19:00,CUST-DT-0766,724.02
2026-08-06 18:19:00,CUST-DT-0767,1321.82
2026-08-06 18:25:00,CUST-DT-0768,3810.01
2026-08-06 18:27:00,CUST-DT-0769,3643.63
2026-08-06 18:27:00,CUST-DT-0770,2918.2
2026-08-06 18:34:00,CUST-DT-0771,500.03
2026-08-06 18:33:00,CUST-DT-0772,2380.75
2026-08-06 18:36:00,CUST-DT-0773,4063.13
2026-08-06 18:42:00,CUST-DT-0774,3256.08
2026-08-06 18:44:00,CUST-DT-0775,3275.83
2026-08-06 18:46:00,CUST-DT-0776,1345.53
2026-08-06 18:49:00,CUST-DT-0777,1675.22
2026-08-06 18:54:00,CUST-DT-0778,3913.16
2026-08-06 18:55:00,CUST-DT-0779,4115.26
2026-08-06 19:01:00,CUST-DT-0780,3170.76
2026-08-06 19:03:00,CUST-DT-0781,1285.12
2026-08-06 19:03:00,CUST-DT-0782,2269.87
2026-08-06 19:09:00,CUST-DT-0783,3748.84
2026-08-06 19:10:00,CUST-DT-0784,3846.1
2026-08-06 19:12:00,CUST-DT-0785,77.94
2026-08-06 19:15:00,CUST-DT-0786,215.81
2026-08-06 19:20:00,CUST-DT-0787,4138.34
2026-08-06 19:24:00,CUST-DT-0788,3889.61
2026-08-06 19:26:00,CUST-DT-0789,1287.83
2026-08-06 19:29:00,CUST-DT-0790,1536.99
2026-08-06 19:30:00,CUST-DT-0791,2419.21
2026-08-06 19:37:00,CUST-DT-0792,2801.0
2026-08-06 19:40:00,CUST-DT-0793,269.37
2026-08-06 19:43:00,CUST-DT-0794,86.74
2026-08-06 19:44:00,CUST-DT-0795,1472.42
2026-08-06 19:45:00,CUST-DT-0796,3820.65
2026-08-06 19:50:00,CUST-DT-0797,1952.21
2026-08-06 19:53:00,CUST-DT-0798,1460.39
2026-08-06 19:56:00,CUST-DT-0799,2241.96
2026-08-06 19:57:00,CUST-DT-0800,1197.74
2026-08-06 20:00:00,CUST-DT-0801,2691.94
2026-08-06 20:04:00,CUST-DT-0802,1086.8
2026-08-06 20:09:00,CUST-DT-0803,1006.49
2026-08-06 20:12:00,CUST-DT-0804,3886.5
2026-08-06 20:12:00,CUST-DT-0805,3671.97
2026-08-06 20:16:00,CUST-DT-0806,2611.71
2026-08-06 20:21:00,CUST-DT-0807,2895.55
2026-08-06 20:24:00,CUST-DT-0808,1835.53
2026-08-06 20:24:00,CUST-DT-0809,4239.01
2026-08-06 20:30:00,CUST-DT-0810,2842.68
2026-08-06 20:30:00,CUST-DT-0811,2856.09
2026-08-06 20:37:00,CUST-DT-0812,3800.9
2026-08-06 20:36:00,CUST-DT-0813,822.13
2026-08-06 20:41:00,CUST-DT-0814,580.64
2026-08-06 20:43:00,CUST-DT-0815,210.79
2026-08-06 20:45:00,CUST-DT-0816,2645.66
2026-08-06 20:49:00,CUST-DT-0817,246.73
2026-08-06 20:55:00,CUST-DT-0818,3455.87
2026-08-06 20:55:00,CUST-DT-0819,99.22
2026-08-06 20:58:00,CUST-DT-0820,1943.55
2026-08-06 21:03:00,CUST-DT-0821,4427.19
2026-08-06 21:07:00,CUST-DT-0822,1048.22
2026-08-06 21:07:00,CUST-DT-0823,3706.28
2026-08-06 21:11:00,CUST-DT-0824,3801.43
2026-08-06 21:13:00,CUST-DT-0825,3644.4
2026-08-06 21:18:00,CUST-DT-0826,3043.01
2026-08-06 21:18:00,CUST-DT-0827,2684.2
2026-08-06 21:21:00,CUST-DT-0828,2686.46
2026-08-06 21:26:00,CUST-DT-0829,3723.7
2026-08-06 21:29:00,CUST-DT-0830,1641.1
2026-08-06 21:34:00,CUST-DT-0831,937.52
2026-08-06 21:37:00,CUST-DT-0832,267.92
2026-08-06 21:37:00,CUST-DT-0833,3924.6
2026-08-06 21:41:00,CUST-DT-0834,628.8
2026-08-06 21:43:00,CUST-DT-0835,2214.13
2026-08-06 21:46:00,CUST-DT-0836,3988.69
2026-08-06 21:48:00,CUST-DT-0837,3266.81
2026-08-06 21:55:00,CUST-DT-0838,2664.13
2026-08-06 21:57:00,CUST-DT-0839,2544.23
2026-08-06 22:01:00,CUST-DT-0840,1638.87
2026-08-06 22:02:00,CUST-DT-0841,3829.61
2026-08-06 22:05:00,CUST-DT-0842,4003.46
2026-08-06 22:06:00,CUST-DT-0843,3583.87
2026-08-06 22:11:00,CUST-DT-0844,4367.57
2026-08-06 22:13:00,CUST-DT-0845,2393.3
2026-08-06 22:19:00,CUST-DT-0846,4397.28
2026-08-06 22:19:00,CUST-DT-0847,503.21
2026-08-06 22:22:00,CUST-DT-0848,2607.3
2026-08-06 22:26:00,CUST-DT-0849,4414.53
2026-08-06 22:28:00,CUST-DT-0850,396.7
2026-08-06 22:32:00,CUST-DT-0851,4189.36
2026-08-06 22:36:00,CUST-DT-0852,2775.93
2026-08-06 22:40:00,CUST-DT-0853,2213.52
2026-08-06 22:39:00,CUST-DT-0854,3443.02
2026-08-06 22:46:00,CUST-DT-0855,3198.67
2026-08-06 22:47:00,CUST-DT-0856,1414.36
2026-08-06 22:49:00,CUST-DT-0857,486.87
2026-08-06 22:53:00,CUST-DT-0858,1573.03
2026-08-06 22:58:00,CUST-DT-0859,1312.94
2026-08-06 23:01:00,CUST-DT-0860,2189.03
2026-08-06 23:01:00,CUST-DT-0861,4277.39
2026-08-06 23:03:00,CUST-DT-0862,1970.92
2026-08-06 23:09:00,CUST-DT-0863,3890.83
2026-08-06 23:10:00,CUST-DT-0864,3533.8
2026-08-06 23:14:00,CUST-DT-0865,2816.01
2026-08-06 23:19:00,CUST-DT-0866,1141.98
2026-08-06 23:20:00,CUST-DT-0867,351.11
2026-08-06 23:24:00,CUST-DT-0868,1235.6
2026-08-06 23:27:00,CUST-DT-0869,1548.74
2026-08-06 23:27:00,CUST-DT-0870,3902.58
2026-08-06 23:34:00,CUST-DT-0871,668.85
2026-08-06 23:35:00,CUST-DT-0872,3915.23
2026-08-06 23:38:00,CUST-DT-0873,1391.48
2026-08-06 23:39:00,CUST-DT-0874,1280.53
2026-08-06 23:43:00,CUST-DT-0875,4488.97
2026-08-06 23:45:00,CUST-DT-0876,273.3
2026-08-06 23:48:00,CUST-DT-0877,3829.13
2026-08-06 23:52:00,CUST-DT-0878,2583.08
2026-08-06 23:56:00,CUST-DT-0879,1859.86
2026-08-06 23:59:00,CUST-DT-0880,1033.34
2026-08-07 00:02:00,CUST-DT-0881,75.64
2026-08-07 00:06:00,CUST-DT-0882,3598.21
2026-08-07 00:10:00,CUST-DT-0883,290.45
2026-08-07 00:09:00,CUST-DT-0884,4278.4
2026-08-07 00:14:00,CUST-DT-0885,738.11
2026-08-07 00:15:00,CUST-DT-0886,1665.43
2026-08-07 00:22:00,CUST-DT-0887,1440.13
2026-08-07 00:25:00,CUST-DT-0888,3123.97
2026-08-07 00:25:00,CUST-DT-0889,1260.01
2026-08-07 00:30:00,CUST-DT-0890,274.53
2026-08-07 00:34:00,CUST-DT-0891,2033.0
2026-08-07 00:34:00,CUST-DT-0892,1463.51
2026-08-07 00:38:00,CUST-DT-0893,644.22
2026-08-07 00:40:00,CUST-DT-0894,1425.1
2026-08-07 00:42:00,CUST-DT-0895,3014.55
2026-08-07 00:46:00,CUST-DT-0896,685.69
2026-08-07 00:50:00,CUST-DT-0897,959.23
2026-08-07 00:52:00,CUST-DT-0898,3420.18
2026-08-07 00:55:00,CUST-DT-0899,1205.96
2026-08-07 01:01:00,CUST-DT-0900,1422.92
2026-08-07 01:01:00,CUST-DT-0901,4137.89
2026-08-07 01:03:00,CUST-DT-0902,682.83
2026-08-07 01:10:00,CUST-DT-0903,4127.58
2026-08-07 01:11:00,CUST-DT-0904,845.47
2026-08-07 01:14:00,CUST-DT-0905,1690.14
2026-08-07 01:18:00,CUST-DT-0906,3937.78
2026-08-07 01:21:00,CUST-DT-0907,3566.18
2026-08-07 01:23:00,CUST-DT-0908,2008.13
2026-08-07 01:27:00,CUST-DT-0909,1158.81
2026-08-07 01:29:00,CUST-DT-0910,3412.96
2026-08-07 01:33:00,CUST-DT-0911,3450.04
2026-08-07 01:34:00,CUST-DT-0912,308.29
2026-08-07 01:40:00,CUST-DT-0913,4335.39
2026-08-07 01:42:00,CUST-DT-0914,2107.04
2026-08-07 01:45:00,CUST-DT-0915,969.6
2026-08-07 01:45:00,CUST-DT-0916,1984.06
2026-08-07 01:52:00,CUST-DT-0917,4305.38
2026-08-07 01:53:00,CUST-DT-0918,945.54
2026-08-07 01:57:00,CUST-DT-0919,1478.39
2026-08-07 02:01:00,CUST-DT-0920,2268.08
2026-08-07 02:03:00,CUST-DT-0921,1024.93
2026-08-07 02:03:00,CUST-DT-0922,4275.74
2026-08-07 02:08:00,CUST-DT-0923,1050.85
2026-08-07 02:09:00,CUST-DT-0924,2860.27
2026-08-07 02:14:00,CUST-DT-0925,272.36
2026-08-07 02:18:00,CUST-DT-0926,2782.68
2026-08-07 02:18:00,CUST-DT-0927,484.81
2026-08-07 02:23:00,CUST-DT-0928,2208.63
2026-08-07 02:25:00,CUST-DT-0929,4457.44
2026-08-07 02:31:00,CUST-DT-0930,1505.94
2026-08-07 02:31:00,CUST-DT-0931,4203.9
2026-08-07 02:34:00,CUST-DT-0932,2129.14
2026-08-07 02:36:00,CUST-DT-0933,2822.1
2026-08-07 02:39:00,CUST-DT-0934,164.53
2026-08-07 02:44:00,CUST-DT-0935,2552.47
2026-08-07 02:47:00,CUST-DT-0936,1971.62
2026-08-07 02:50:00,CUST-DT-0937,2957.94
2026-08-07 02:51:00,CUST-DT-0938,3010.66
2026-08-07 02:58:00,CUST-DT-0939,574.59
2026-08-07 02:58:00,CUST-DT-0940,760.13
2026-08-07 03:02:00,CUST-DT-0941,1758.45
2026-08-07 03:07:00,CUST-DT-0942,1590.16
2026-08-07 03:09:00,CUST-DT-0943,4322.08
2026-08-07 03:13:00,CUST-DT-0944,3884.74
2026-08-07 03:13:00,CUST-DT-0945,3903.35
2026-08-07 03:15:00,CUST-DT-0946,1082.18
2026-08-07 03:22:00,CUST-DT-0947,1981.88
2026-08-07 03:22:00,CUST-DT-0948,2385.73
2026-08-07 03:25:00,CUST-DT-0949,1116.66
2026-08-07 03:30:00,CUST-DT-0950,1704.66
2026-08-07 03:32:00,CUST-DT-0951,3525.97
2026-08-07 03:33:00,CUST-DT-0952,1433.16
2026-08-07 03:38:00,CUST-DT-0953,4417.38
2026-08-07 03:42:00,CUST-DT-0954,1521.39
2026-08-07 03:46:00,CUST-DT-0955,484.1
2026-08-07 03:46:00,CUST-DT-0956,946.51
2026-08-07 03:52:00,CUST-DT-0957,1485.8
2026-08-07 03:52:00,CUST-DT-0958,3688.03
2026-08-07 03:58:00,CUST-DT-0959,4302.95
2026-08-07 03:59:00,CUST-DT-0960,98.58
2026-08-07 04:04:00,CUST-DT-0961,1828.07
2026-08-07 04:05:00,CUST-DT-0962,3774.1
2026-08-07 04:06:00,CUST-DT-0963,3744.69
2026-08-07 04:10:00,CUST-DT-0964,1009.05
2026-08-07 04:14:00,CUST-DT-0965,3073.77
2026-08-07 04:18:00,CUST-DT-0966,1804.58
2026-08-07 04:19:00,CUST-DT-0967,3388.82
2026-08-07 04:21:00,CUST-DT-0968,1580.21
2026-08-07 04:26:00,CUST-DT-0969,2036.97
2026-08-07 04:30:00,CUST-DT-0970,2411.32
2026-08-07 04:30:00,CUST-DT-0971,2389.98
2026-08-07 04:36:00,CUST-DT-0972,3789.38
2026-08-07 04:40:00,CUST-DT-0973,827.14
2026-08-07 04:41:00,CUST-DT-0974,1934.44
2026-08-07 04:46:00,CUST-DT-0975,497.91
2026-08-07 04:48:00,CUST-DT-0976,1782.89
2026-08-07 04:48:00,CUST-DT-0977,3035.47
2026-08-07 04:52:00,CUST-DT-0978,1824.41
2026-08-07 04:56:00,CUST-DT-0979,637.23
2026-08-07 04:57:00,CUST-DT-0980,3130.71
2026-08-07 05:03:00,CUST-DT-0981,1229.9
2026-08-07 05:03:00,CUST-DT-0982,4297.73
2026-08-07 05:10:00,CUST-DT-0983,479.87
2026-08-07 05:13:00,CUST-DT-0984,3151.67
2026-08-07 05:16:00,CUST-DT-0985,3247.98
2026-08-07 05:16:00,CUST-DT-0986,4419.06
2026-08-07 05:21:00,CUST-DT-0987,370.01
2026-08-07 05:22:00,CUST-DT-0988,4235.67
2026-08-07 05:27:00,CUST-DT-0989,2944.2
2026-08-07 05:31:00,CUST-DT-0990,3823.13
2026-08-07 05:33:00,CUST-DT-0991,4215.92
2026-08-07 05:37:00,CUST-DT-0992,1194.88
2026-08-07 05:38:00,CUST-DT-0993,2086.44
2026-08-07 05:42:00,CUST-DT-0994,1073.75
2026-08-07 05:44:00,CUST-DT-0995,1586.14
2026-08-07 05:45:00,CUST-DT-0996,3159.55
2026-08-07 05:52:00,CUST-DT-0997,221.34
2026-08-07 05:51:00,CUST-DT-0998,599.06
2026-08-07 05:54:00,CUST-DT-0999,3281.21
2026-08-07 05:57:00,CUST-DT-1000,3533.37
2026-08-07 06:00:00,CUST-DT-1001,2664.14
2026-08-07 06:04:00,CUST-DT-1002,2181.76
2026-08-07 06:09:00,CUST-DT-1003,562.79
2026-08-07 06:12:00,CUST-DT-1004,4354.53
2026-08-07 06:12:00,CUST-DT-1005,3374.53
2026-08-07 06:18:00,CUST-DT-1006,4104.96
2026-08-07 06:21:00,CUST-DT-1007,1719.83
2026-08-07 06:23:00,CUST-DT-1008,2573.25
2026-08-07 06:28:00,CUST-DT-1009,3860.52
2026-08-07 06:31:00,CUST-DT-1010,710.9
2026-08-07 06:34:00,CUST-DT-1011,2325.78
2026-08-07 06:36:00,CUST-DT-1012,2856.23
2026-08-07 06:36:00,CUST-DT-1013,2886.81
2026-08-07 06:40:00,CUST-DT-1014,1877.43
2026-08-07 06:45:00,CUST-DT-1015,3578.56
2026-08-07 06:49:00,CUST-DT-1016,3723.44
2026-08-07 06:52:00,CUST-DT-1017,1662.6
2026-08-07 06:55:00,CUST-DT-1018,2716.92
2026-08-07 06:57:00,CUST-DT-1019,4423.75
2026-08-07 07:01:00,CUST-DT-1020,3198.62
2026-08-07 07:02:00,CUST-DT-1021,719.78
2026-08-07 07:06:00,CUST-DT-1022,4444.9
2026-08-07 07:08:00,CUST-DT-1023,3985.23
2026-08-07 07:13:00,CUST-DT-1024,1588.26
2026-08-07 07:16:00,CUST-DT-1025,2641.46
2026-08-07 07:16:00,CUST-DT-1026,91.49
2026-08-07 07:20:00,CUST-DT-1027,1517.61
2026-08-07 07:24:00,CUST-DT-1028,2448.91
2026-08-07 07:28:00,CUST-DT-1029,3039.1
2026-08-07 07:27:00,CUST-DT-1030,1477.67
2026-08-07 07:32:00,CUST-DT-1031,1330.49
2026-08-07 07:35:00,CUST-DT-1032,1889.66
2026-08-07 07:38:00,CUST-DT-1033,104.0
2026-08-07 07:43:00,CUST-DT-1034,2542.5
2026-08-07 07:44:00,CUST-DT-1035,246.64
2026-08-07 07:47:00,CUST-DT-1036,1101.83
2026-08-07 07:48:00,CUST-DT-1037,2509.57
2026-08-07 07:52:00,CUST-DT-1038,3676.71
2026-08-07 07:56:00,CUST-DT-1039,727.57
2026-08-07 08:01:00,CUST-DT-1040,819.61
2026-08-07 08:02:00,CUST-DT-1041,344.85
2026-08-07 08:06:00,CUST-DT-1042,1528.18
2026-08-07 08:07:00,CUST-DT-1043,426.24
2026-08-07 08:13:00,CUST-DT-1044,537.22
2026-08-07 08:14:00,CUST-DT-1045,2515.71
2026-08-07 08:15:00,CUST-DT-1046,3625.62
2026-08-07 08:21:00,CUST-DT-1047,423.16
2026-08-07 08:22:00,CUST-DT-1048,2918.85
2026-08-07 08:24:00,CUST-DT-1049,3606.32
2026-08-07 08:30:00,CUST-DT-1050,839.76
2026-08-07 08:33:00,CUST-DT-1051,851.92
2026-08-07 08:37:00,CUST-DT-1052,1363.48
2026-08-07 08:40:00,CUST-DT-1053,595.37
2026-08-07 08:41:00,CUST-DT-1054,767.6
2026-08-07 08:44:00,CUST-DT-1055,1875.37
2026-08-07 08:46:00,CUST-DT-1056,3287.51
2026-08-07 08:50:00,CUST-DT-1057,180.69
2026-08-07 08:52:00,CUST-DT-1058,452.75
2026-08-07 08:57:00,CUST-DT-1059,4132.39
2026-08-07 08:57:00,CUST-DT-1060,4285.81
2026-08-07 09:04:00,CUST-DT-1061,1710.38
2026-08-07 09:07:00,CUST-DT-1062,4306.85
2026-08-07 09:10:00,CUST-DT-1063,3910.07
2026-08-07 09:09:00,CUST-DT-1064,2136.29
2026-08-07 09:16:00,CUST-DT-1065,2590.0
2026-08-07 09:16:00,CUST-DT-1066,2842.16
2026-08-07 09:22:00,CUST-DT-1067,2654.28
2026-08-07 09:24:00,CUST-DT-1068,432.28
2026-08-07 09:25:00,CUST-DT-1069,4249.65
2026-08-07 09:27:00,CUST-DT-1070,3447.26
2026-08-07 09:33:00,CUST-DT-1071,3388.83
2026-08-07 09:34:00,CUST-DT-1072,3651.83
2026-08-07 09:40:00,CUST-DT-1073,4261.78
2026-08-07 09:43:00,CUST-DT-1074,2625.58
2026-08-07 09:45:00,CUST-DT-1075,497.01
2026-08-07 09:47:00,CUST-DT-1076,3885.65
2026-08-07 09:51:00,CUST-DT-1077,2209.63
2026-08-07 09:55:00,CUST-DT-1078,1260.4
2026-08-07 09:54:00,CUST-DT-1079,482.3
2026-08-07 09:59:00,CUST-DT-1080,2426.92
2026-08-07 10:00:00,CUST-DT-1081,53.4
2026-08-07 10:03:00,CUST-DT-1082,3316.72
2026-08-07 10:09:00,CUST-DT-1083,3553.8
2026-08-07 10:10:00,CUST-DT-1084,1511.6
2026-08-07 10:14:00,CUST-DT-1085,3113.64
2026-08-07 10:19:00,CUST-DT-1086,397.57
2026-08-07 10:21:00,CUST-DT-1087,4028.4
2026-08-07 10:23:00,CUST-DT-1088,628.12
2026-08-07 10:24:00,CUST-DT-1089,1726.31
2026-08-07 10:30:00,CUST-DT-1090,1592.68
2026-08-07 10:34:00,CUST-DT-1091,678.08
2026-08-07 10:34:00,CUST-DT-1092,438.04
2026-08-07 10:39:00,CUST-DT-1093,2081.47
2026-08-07 10:43:00,CUST-DT-1094,1922.79
2026-08-07 10:46:00,CUST-DT-1095,159.8
2026-08-07 10:49:00,CUST-DT-1096,770.41
2026-08-07 10:48:00,CUST-DT-1097,1989.17
2026-08-07 10:52:00,CUST-DT-1098,851.69
2026-08-07 10:56:00,CUST-DT-1099,1883.92
2026-08-07 10:58:00,CUST-DT-1100,3773.75
2026-08-07 11:00:00,CUST-DT-1101,1730.56
2026-08-07 11:05:00,CUST-DT-1102,1369.08
2026-08-07 11:09:00,CUST-DT-1103,2667.82
2026-08-07 11:09:00,CUST-DT-1104,4063.83
2026-08-07 11:12:00,CUST-DT-1105,4226.45
2026-08-07 11:17:00,CUST-DT-1106,2848.23
2026-08-07 11:20:00,CUST-DT-1107,1192.61
2026-08-07 11:25:00,CUST-DT-1108,782.54
2026-08-07 11:25:00,CUST-DT-1109,3541.26
2026-08-07 11:30:00,CUST-DT-1110,1639.88
2026-08-07 11:31:00,CUST-DT-1111,3898.93
2026-08-07 11:33:00,CUST-DT-1112,55.11
2026-08-07 11:36:00,CUST-DT-1113,3982.57
2026-08-07 11:41:00,CUST-DT-1114,3450.22
2026-08-07 11:42:00,CUST-DT-1115,1053.87
2026-08-07 11:45:00,CUST-DT-1116,1128.92
2026-08-07 11:49:00,CUST-DT-1117,4055.36
2026-08-07 11:53:00,CUST-DT-1118,3103.28
2026-08-07 11:57:00,CUST-DT-1119,2665.86
2026-08-07 11:57:00,CUST-DT-1120,3430.57
2026-08-07 12:00:00,CUST-DT-1121,90.36
2026-08-07 12:07:00,CUST-DT-1122,3761.09
2026-08-07 12:09:00,CUST-DT-1123,661.45
2026-08-07 12:10:00,CUST-DT-1124,368.0
2026-08-07 12:15:00,CUST-DT-1125,1806.12
2026-08-07 12:17:00,CUST-DT-1126,4042.83
2026-08-07 12:19:00,CUST-DT-1127,1493.28
2026-08-07 12:24:00,CUST-DT-1128,3036.81
2026-08-07 12:27:00,CUST-DT-1129,1988.86
2026-08-07 12:27:00,CUST-DT-1130,265.99
2026-08-07 12:30:00,CUST-DT-1131,3093.14
2026-08-07 12:37:00,CUST-DT-1132,267.72
2026-08-07 12:38:00,CUST-DT-1133,3430.07
2026-08-07 12:41:00,CUST-DT-1134,1539.97
2026-08-07 12:43:00,CUST-DT-1135,3485.2
2026-08-07 12:48:00,CUST-DT-1136,2564.02
2026-08-07 12:51:00,CUST-DT-1137,2484.4
2026-08-07 12:53:00,CUST-DT-1138,3242.21
2026-08-07 12:54:00,CUST-DT-1139,2093.42
2026-08-07 13:00:00,CUST-DT-1140,276.56
2026-08-07 13:01:00,CUST-DT-1141,3696.47
2026-08-07 13:07:00,CUST-DT-1142,4398.53
2026-08-07 13:09:00,CUST-DT-1143,2195.98
2026-08-07 13:12:00,CUST-DT-1144,3128.75
2026-08-07 13:15:00,CUST-DT-1145,1577.08
2026-08-07 13:16:00,CUST-DT-1146,154.23
2026-08-07 13:21:00,CUST-DT-1147,1099.67
2026-08-07 13:22:00,CUST-DT-1148,4244.86
2026-08-07 13:26:00,CUST-DT-1149,2515.69
2026-08-07 13:31:00,CUST-DT-1150,3204.25
2026-08-07 13:33:00,CUST-DT-1151,3574.62
2026-08-07 13:33:00,CUST-DT-1152,4019.67
2026-08-07 13:37:00,CUST-DT-1153,3686.51
2026-08-07 13:43:00,CUST-DT-1154,2581.22
2026-08-07 13:42:00,CUST-DT-1155,1325.51
2026-08-07 13:45:00,CUST-DT-1156,93.69
2026-08-07 13:52:00,CUST-DT-1157,2952.75
2026-08-07 13:54:00,CUST-DT-1158,854.3
2026-08-07 13:58:00,CUST-DT-1159,2964.56
2026-08-07 13:57:00,CUST-DT-1160,3701.99
2026-08-07 14:01:00,CUST-DT-1161,942.7
2026-08-07 14:04:00,CUST-DT-1162,1268.42
2026-08-07 14:06:00,CUST-DT-1163,4364.0
2026-08-07 14:09:00,CUST-DT-1164,1036.73
2026-08-07 14:15:00,CUST-DT-1165,1218.83
2026-08-07 14:15:00,CUST-DT-1166,1370.53
2026-08-07 14:19:00,CUST-DT-1167,2435.79
2026-08-07 14:25:00,CUST-DT-1168,2073.53
2026-08-07 14:25:00,CUST-DT-1169,2639.36
2026-08-07 14:28:00,CUST-DT-1170,3020.7
2026-08-07 14:32:00,CUST-DT-1171,3487.24
2026-08-07 14:33:00,CUST-DT-1172,4292.59
2026-08-07 14:40:00,CUST-DT-1173,3533.34
2026-08-07 14:43:00,CUST-DT-1174,1217.59
2026-08-07 14:46:00,CUST-DT-1175,941.5
2026-08-07 14:45:00,CUST-DT-1176,2430.86
2026-08-07 14:52:00,CUST-DT-1177,1046.7
2026-08-07 14:54:00,CUST-DT-1178,1881.49
2026-08-07 14:58:00,CUST-DT-1179,2337.79
2026-08-07 15:01:00,CUST-DT-1180,2934.0
2026-08-07 15:02:00,CUST-DT-1181,2104.26
2026-08-07 15:04:00,CUST-DT-1182,1001.5
2026-08-07 15:10:00,CUST-DT-1183,4449.65
2026-08-07 15:12:00,CUST-DT-1184,1120.92
2026-08-07 15:15:00,CUST-DT-1185,2438.71
2026-08-07 15:17:00,CUST-DT-1186,1316.75
2026-08-07 15:18:00,CUST-DT-1187,2604.05
2026-08-07 15:22:00,CUST-DT-1188,1284.88
2026-08-07 15:26:00,CUST-DT-1189,415.21
2026-08-07 15:29:00,CUST-DT-1190,1313.41
2026-08-07 15:34:00,CUST-DT-1191,242.87
2026-08-07 15:35:00,CUST-DT-1192,3204.55
2026-08-07 15:38:00,CUST-DT-1193,1224.35
2026-08-07 15:41:00,CUST-DT-1194,2044.3
2026-08-07 15:46:00,CUST-DT-1195,2410.31
2026-08-07 15:45:00,CUST-DT-1196,4103.33
2026-08-07 15:49:00,CUST-DT-1197,2628.71
2026-08-07 15:51:00,CUST-DT-1198,571.05
2026-08-07 15:56:00,CUST-DT-1199,1340.78
2026-08-07 15:57:00,CUST-DT-1200,2239.77
2026-08-07 16:01:00,CUST-DT-1201,299.15
2026-08-07 16:05:00,CUST-DT-1202,958.07
2026-08-07 16:09:00,CUST-DT-1203,2084.22
2026-08-07 16:12:00,CUST-DT-1204,405.96
2026-08-07 16:14:00,CUST-DT-1205,2124.91
2026-08-07 16:17:00,CUST-DT-1206,3561.32
2026-08-07 16:22:00,CUST-DT-1207,3717.71
2026-08-07 16:23:00,CUST-DT-1208,3538.71
2026-08-07 16:28:00,CUST-DT-1209,2799.27
2026-08-07 16:27:00,CUST-DT-1210,1736.91
2026-08-07 16:32:00,CUST-DT-1211,178.57
2026-08-07 16:33:00,CUST-DT-1212,1856.16
2026-08-07 16:38:00,CUST-DT-1213,1729.2
2026-08-07 16:39:00,CUST-DT-1214,2814.38
2026-08-07 16:42:00,CUST-DT-1215,3214.72
2026-08-07 16:49:00,CUST-DT-1216,2195.53
2026-08-07 16:52:00,CUST-DT-1217,1361.37
2026-08-07 16:51:00,CUST-DT-1218,161.56
2026-08-07 16:57:00,CUST-DT-1219,4247.9
2026-08-07 17:00:00,CUST-DT-1220,3352.69
2026-08-07 17:04:00,CUST-DT-1221,3483.61
2026-08-07 17:07:00,CUST-DT-1222,4315.58
2026-08-07 17:09:00,CUST-DT-1223,2901.63
2026-08-07 17:12:00,CUST-DT-1224,3525.99
2026-08-07 17:14:00,CUST-DT-1225,2717.35
2026-08-07 17:17:00,CUST-DT-1226,3994.16
2026-08-07 17:19:00,CUST-DT-1227,2397.33
2026-08-07 17:23:00,CUST-DT-1228,1401.13
2026-08-07 17:25:00,CUST-DT-1229,520.26
2026-08-07 17:30:00,CUST-DT-1230,1410.15
2026-08-07 17:34:00,CUST-DT-1231,828.54
2026-08-07 17:33:00,CUST-DT-1232,4435.58
2026-08-07 17:36:00,CUST-DT-1233,130.03
2026-08-07 17:43:00,CUST-DT-1234,828.16
2026-08-07 17:44:00,CUST-DT-1235,3674.54
2026-08-07 17:49:00,CUST-DT-1236,263.44
2026-08-07 17:50:00,CUST-DT-1237,1684.84
2026-08-07 17:53:00,CUST-DT-1238,2264.28
2026-08-07 17:54:00,CUST-DT-1239,3953.43
2026-08-07 17:59:00,CUST-DT-1240,3421.72
2026-08-07 18:00:00,CUST-DT-1241,3030.21
2026-08-07 18:07:00,CUST-DT-1242,3502.45
2026-08-07 18:08:00,CUST-DT-1243,4207.55
2026-08-07 18:11:00,CUST-DT-1244,704.71
2026-08-07 18:12:00,CUST-DT-1245,3591.15
2026-08-07 18:15:00,CUST-DT-1246,4071.79
2026-08-07 18:20:00,CUST-DT-1247,2686.6
2026-08-07 18:25:00,CUST-DT-1248,1729.12
2026-08-07 18:24:00,CUST-DT-1249,2086.76
2026-08-07 18:27:00,CUST-DT-1250,2466.83
2026-08-07 18:31:00,CUST-DT-1251,150.95
2026-08-07 18:35:00,CUST-DT-1252,219.17
2026-08-07 18:39:00,CUST-DT-1253,4309.01
2026-08-07 18:40:00,CUST-DT-1254,3057.82
2026-08-07 18:42:00,CUST-DT-1255,1372.61
2026-08-07 18:46:00,CUST-DT-1256,3153.2
2026-08-07 18:49:00,CUST-DT-1257,3244.96
2026-08-07 18:51:00,CUST-DT-1258,3914.17
2026-08-07 18:57:00,CUST-DT-1259,2644.6
2026-08-07 19:00:00,CUST-DT-1260,973.14
2026-08-07 19:00:00,CUST-DT-1261,2667.33
2026-08-07 19:07:00,CUST-DT-1262,3295.9
2026-08-07 19:07:00,CUST-DT-1263,2248.8
2026-08-07 19:13:00,CUST-DT-1264,833.05
2026-08-07 19:16:00,CUST-DT-1265,2152.71
2026-08-07 19:19:00,CUST-DT-1266,1636.05
2026-08-07 19:20:00,CUST-DT-1267,379.27
2026-08-07 19:23:00,CUST-DT-1268,3371.93
2026-08-07 19:25:00,CUST-DT-1269,2326.36
2026-08-07 19:31:00,CUST-DT-1270,1347.54
2026-08-07 19:32:00,CUST-DT-1271,2209.47
2026-08-07 19:35:00,CUST-DT-1272,3155.39
2026-08-07 19:39:00,CUST-DT-1273,2186.82
2026-08-07 19:40:00,CUST-DT-1274,1655.52
2026-08-07 19:43:00,CUST-DT-1275,3709.27
2026-08-07 19:45:00,CUST-DT-1276,2352.46
2026-08-07 19:52:00,CUST-DT-1277,1115.85
2026-08-07 19:53:00,CUST-DT-1278,2888.54
2026-08-07 19:55:00,CUST-DT-1279,2468.85
2026-08-07 20:00:00,CUST-DT-1280,1548.78
2026-08-07 20:01:00,CUST-DT-1281,709.45
2026-08-07 20:06:00,CUST-DT-1282,812.16
2026-08-07 20:06:00,CUST-DT-1283,3963.55
2026-08-07 20:13:00,CUST-DT-1284,3662.41
2026-08-07 20:15:00,CUST-DT-1285,549.1
2026-08-07 20:17:00,CUST-DT-1286,1880.77
2026-08-07 20:21:00,CUST-DT-1287,3608.48
2026-08-07 20:23:00,CUST-DT-1288,2667.96
2026-08-07 20:28:00,CUST-DT-1289,1852.17
2026-08-07 20:28:00,CUST-DT-1290,2220.38
2026-08-07 20:30:00,CUST-DT-1291,2704.24
2026-08-07 20:34:00,CUST-DT-1292,1927.39
2026-08-07 20:39:00,CUST-DT-1293,2282.79
2026-08-07 20:42:00,CUST-DT-1294,3570.72
2026-08-07 20:42:00,CUST-DT-1295,1209.73
2026-08-07 20:49:00,CUST-DT-1296,4084.04
2026-08-07 20:52:00,CUST-DT-1297,1475.93
2026-08-07 20:54:00,CUST-DT-1298,4078.28
2026-08-07 20:57:00,CUST-DT-1299,910.61
2026-08-07 20:59:00,CUST-DT-1300,2152.55
2026-08-07 21:00:00,CUST-DT-1301,308.01
2026-08-07 21:06:00,CUST-DT-1302,3583.09
2026-08-07 21:07:00,CUST-DT-1303,242.84
2026-08-07 21:09:00,CUST-DT-1304,2156.5
2026-08-07 21:16:00,CUST-DT-1305,1968.18
2026-08-07 21:15:00,CUST-DT-1306,2497.12
2026-08-07 21:18:00,CUST-DT-1307,2749.37
2026-08-07 21:23:00,CUST-DT-1308,4446.58
2026-08-07 21:27:00,CUST-DT-1309,2880.16
2026-08-07 21:29:00,CUST-DT-1310,706.77
2026-08-07 21:34:00,CUST-DT-1311,3139.4
2026-08-07 21:34:00,CUST-DT-1312,2101.44
2026-08-07 21:38:00,CUST-DT-1313,578.0
2026-08-07 21:41:00,CUST-DT-1314,3209.56
2026-08-07 21:43:00,CUST-DT-1315,3726.53
2026-08-07 21:49:00,CUST-DT-1316,943.8
2026-08-07 21:50:00,CUST-DT-1317,355.09
2026-08-07 21:54:00,CUST-DT-1318,2342.08
2026-08-07 21:55:00,CUST-DT-1319,2860.48
2026-08-07 22:00:00,CUST-DT-1320,3371.18
2026-08-07 22:03:00,CUST-DT-1321,1176.4
2026-08-07 22:07:00,CUST-DT-1322,2563.48
2026-08-07 22:10:00,CUST-DT-1323,3144.14
2026-08-07 22:13:00,CUST-DT-1324,4450.63
2026-08-07 22:13:00,CUST-DT-1325,643.21
2026-08-07 22:15:00,CUST-DT-1326,287.5
2026-08-07 22:22:00,CUST-DT-1327,2816.5
2026-08-07 22:23:00,CUST-DT-1328,1144.27
2026-08-07 22:24:00,CUST-DT-1329,1060.53
2026-08-07 22:27:00,CUST-DT-1330,1533.73
2026-08-07 22:30:00,CUST-DT-1331,3867.38
2026-08-07 22:35:00,CUST-DT-1332,231.7
2026-08-07 22:40:00,CUST-DT-1333,3923.34
2026-08-07 22:40:00,CUST-DT-1334,399.96
2026-08-07 22:45:00,CUST-DT-1335,3489.91
2026-08-07 22:45:00,CUST-DT-1336,3552.13
2026-08-07 22:48:00,CUST-DT-1337,3574.37
2026-08-07 22:55:00,CUST-DT-1338,914.31
2026-08-07 22:56:00,CUST-DT-1339,486.31
2026-08-07 22:59:00,CUST-DT-1340,4086.67
2026-08-07 23:02:00,CUST-DT-1341,2332.18
2026-08-07 23:06:00,CUST-DT-1342,4101.22
2026-08-07 23:09:00,CUST-DT-1343,2146.94
2026-08-07 23:10:00,CUST-DT-1344,931.48
2026-08-07 23:12:00,CUST-DT-1345,1577.89
2026-08-07 23:17:00,CUST-DT-1346,998.91
2026-08-07 23:21:00,CUST-DT-1347,1153.2
2026-08-07 23:24:00,CUST-DT-1348,1772.8
2026-08-07 23:26:00,CUST-DT-1349,1797.34
2026-08-07 23:31:00,CUST-DT-1350,1237.02
2026-08-07 23:32:00,CUST-DT-1351,4158.16
2026-08-07 23:33:00,CUST-DT-1352,3412.68
2026-08-07 23:40:00,CUST-DT-1353,50.61
2026-08-07 23:41:00,CUST-DT-1354,876.23
2026-08-07 23:45:00,CUST-DT-1355,3023.71
2026-08-07 23:48:00,CUST-DT-1356,1018.85
2026-08-07 23:50:00,CUST-DT-1357,1238.85
2026-08-07 23:54:00,CUST-DT-1358,2975.11
2026-08-07 23:54:00,CUST-DT-1359,3210.63
2026-08-07 23:57:00,CUST-DT-1360,2435.51
2026-08-08 00:02:00,CUST-DT-1361,543.39
2026-08-08 00:06:00,CUST-DT-1362,3559.67
2026-08-08 00:08:00,CUST-DT-1363,2146.86
2026-08-08 00:12:00,CUST-DT-1364,4331.38
2026-08-08 00:13:00,CUST-DT-1365,2161.79
2026-08-08 00:18:00,CUST-DT-1366,1672.08
2026-08-08 00:22:00,CUST-DT-1367,3063.18
2026-08-08 00:21:00,CUST-DT-1368,2871.6
2026-08-08 00:27:00,CUST-DT-1369,2153.42
2026-08-08 00:28:00,CUST-DT-1370,2747.47
2026-08-08 00:33:00,CUST-DT-1371,834.15
2026-08-08 00:33:00,CUST-DT-1372,676.16
2026-08-08 00:40:00,CUST-DT-1373,2866.19
2026-08-08 00:42:00,CUST-DT-1374,2149.72
2026-08-08 00:44:00,CUST-DT-1375,3054.4
2026-08-08 00:48:00,CUST-DT-1376,1304.05
2026-08-08 00:51:00,CUST-DT-1377,2863.48
2026-08-08 00:54:00,CUST-DT-1378,2118.24
2026-08-08 00:55:00,CUST-DT-1379,2254.09
2026-08-08 00:58:00,CUST-DT-1380,3174.46
2026-08-08 01:04:00,CUST-DT-1381,3172.45
2026-08-08 01:07:00,CUST-DT-1382,3066.18
2026-08-08 01:10:00,CUST-DT-1383,828.13
2026-08-08 01:13:00,CUST-DT-1384,697.36
2026-08-08 01:13:00,CUST-DT-1385,1964.56
2026-08-08 01:19:00,CUST-DT-1386,3804.7
2026-08-08 01:21:00,CUST-DT-1387,3947.2
2026-08-08 01:23:00,CUST-DT-1388,1160.06
2026-08-08 01:26:00,CUST-DT-1389,369.85
2026-08-08 01:31:00,CUST-DT-1390,903.61
2026-08-08 01:31:00,CUST-DT-1391,2850.11
2026-08-08 01:37:00,CUST-DT-1392,763.1
2026-08-08 01:36:00,CUST-DT-1393,2950.09
2026-08-08 01:39:00,CUST-DT-1394,2566.71
2026-08-08 01:44:00,CUST-DT-1395,2809.0
2026-08-08 01:48:00,CUST-DT-1396,2553.35
2026-08-08 01:52:00,CUST-DT-1397,1013.2
2026-08-08 01:52:00,CUST-DT-1398,743.77
2026-08-08 01:56:00,CUST-DT-1399,3121.39
2026-08-08 01:57:00,CUST-DT-1400,2398.68
2026-08-08 02:02:00,CUST-DT-1401,2456.88
2026-08-08 02:04:00,CUST-DT-1402,4211.93
2026-08-08 02:06:00,CUST-DT-1403,2885.49
2026-08-08 02:13:00,CUST-DT-1404,422.32
2026-08-08 02:16:00,CUST-DT-1405,1380.1
2026-08-08 02:19:00,CUST-DT-1406,2654.96
2026-08-08 02:19:00,CUST-DT-1407,492.78
2026-08-08 02:25:00,CUST-DT-1408,2685.69
2026-08-08 02:26:00,CUST-DT-1409,949.14
2026-08-08 02:30:00,CUST-DT-1410,2671.78
2026-08-08 02:33:00,CUST-DT-1411,1276.34
2026-08-08 02:35:00,CUST-DT-1412,1671.76
2026-08-08 02:36:00,CUST-DT-1413,1888.1
2026-08-08 02:40:00,CUST-DT-1414,1150.65
2026-08-08 02:42:00,CUST-DT-1415,2033.86
2026-08-08 02:47:00,CUST-DT-1416,2948.64
2026-08-08 02:51:00,CUST-DT-1417,2680.89
2026-08-08 02:51:00,CUST-DT-1418,1648.86
2026-08-08 02:57:00,CUST-DT-1419,2858.53
2026-08-08 02:58:00,CUST-DT-1420,2013.35
2026-08-08 03:03:00,CUST-DT-1421,1080.96
2026-08-08 03:05:00,CUST-DT-1422,2542.93
2026-08-08 03:09:00,CUST-DT-1423,3826.66
2026-08-08 03:12:00,CUST-DT-1424,3147.47
2026-08-08 03:14:00,CUST-DT-1425,1139.12
2026-08-08 03:18:00,CUST-DT-1426,757.35
2026-08-08 03:21:00,CUST-DT-1427,879.77
2026-08-08 03:25:00,CUST-DT-1428,492.2
2026-08-08 03:27:00,CUST-DT-1429,2835.12
2026-08-08 03:31:00,CUST-DT-1430,2100.42
2026-08-08 03:32:00,CUST-DT-1431,2877.94
2026-08-08 03:33:00,CUST-DT-1432,3825.9
2026-08-08 03:37:00,CUST-DT-1433,3826.53
2026-08-08 03:41:00,CUST-DT-1434,4059.19
2026-08-08 03:43:00,CUST-DT-1435,900.37
2026-08-08 03:49:00,CUST-DT-1436,2594.57
2026-08-08 03:49:00,CUST-DT-1437,4199.63
2026-08-08 03:54:00,CUST-DT-1438,1265.09
2026-08-08 03:54:00,CUST-DT-1439,2245.79
2026-08-08 03:57:00,CUST-DT-1440,2466.72
2026-08-08 04:03:00,CUST-DT-1441,1805.64
2026-08-08 04:04:00,CUST-DT-1442,911.0
2026-08-08 04:10:00,CUST-DT-1443,599.7
2026-08-08 04:13:00,CUST-DT-1444,3879.38
2026-08-08 04:16:00,CUST-DT-1445,3935.39
2026-08-08 04:15:00,CUST-DT-1446,3625.04
2026-08-08 04:20:00,CUST-DT-1447,1692.39
2026-08-08 04:24:00,CUST-DT-1448,1500.29
2026-08-08 04:27:00,CUST-DT-1449,1638.97
2026-08-08 04:27:00,CUST-DT-1450,3392.07
2026-08-08 04:31:00,CUST-DT-1451,2480.09
2026-08-08 04:36:00,CUST-DT-1452,308.39
2026-08-08 04:37:00,CUST-DT-1453,1978.68
2026-08-08 04:41:00,CUST-DT-1454,3331.24
2026-08-08 04:45:00,CUST-DT-1455,820.29
2026-08-08 04:45:00,CUST-DT-1456,3279.48
2026-08-08 04:48:00,CUST-DT-1457,2610.71
2026-08-08 04:53:00,CUST-DT-1458,3979.17
2026-08-08 04:54:00,CUST-DT-1459,4384.27
2026-08-08 05:01:00,CUST-DT-1460,340.05
2026-08-08 05:03:00,CUST-DT-1461,2449.73
2026-08-08 05:06:00,CUST-DT-1462,1293.7
2026-08-08 05:07:00,CUST-DT-1463,1313.17
2026-08-08 05:09:00,CUST-DT-1464,2585.51
2026-08-08 05:15:00,CUST-DT-1465,3452.95
2026-08-08 05:15:00,CUST-DT-1466,3509.28
2026-08-08 05:19:00,CUST-DT-1467,3049.87
2026-08-08 05:24:00,CUST-DT-1468,223.34
2026-08-08 05:27:00,CUST-DT-1469,1589.76
2026-08-08 05:30:00,CUST-DT-1470,2063.41
2026-08-08 05:30:00,CUST-DT-1471,3925.42
2026-08-08 05:36:00,CUST-DT-1472,1702.44
2026-08-08 05:37:00,CUST-DT-1473,758.65
2026-08-08 05:39:00,CUST-DT-1474,1048.31
2026-08-08 05:42:00,CUST-DT-1475,4034.64
2026-08-08 05:45:00,CUST-DT-1476,4297.47
2026-08-08 05:52:00,CUST-DT-1477,3772.03
2026-08-08 05:53:00,CUST-DT-1478,942.23
2026-08-08 05:57:00,CUST-DT-1479,805.21
2026-08-08 05:59:00,CUST-DT-1480,2568.94
2026-08-08 06:04:00,CUST-DT-1481,347.52
2026-08-08 06:06:00,CUST-DT-1482,1213.02
2026-08-08 06:10:00,CUST-DT-1483,4094.05
2026-08-08 06:11:00,CUST-DT-1484,1018.76
2026-08-08 06:14:00,CUST-DT-1485,2049.87
2026-08-08 06:19:00,CUST-DT-1486,2364.41
2026-08-08 06:18:00,CUST-DT-1487,1991.18
2026-08-08 06:25:00,CUST-DT-1488,2128.69
2026-08-08 06:26:00,CUST-DT-1489,4291.32
2026-08-08 06:28:00,CUST-DT-1490,4331.56
2026-08-08 06:33:00,CUST-DT-1491,485.16
2026-08-08 06:34:00,CUST-DT-1492,606.25
2026-08-08 06:37:00,CUST-DT-1493,1238.84
2026-08-08 06:40:00,CUST-DT-1494,1812.37
2026-08-08 06:45:00,CUST-DT-1495,743.22
2026-08-08 06:47:00,CUST-DT-1496,3085.86
2026-08-08 06:50:00,CUST-DT-1497,162.23
2026-08-08 06:53:00,CUST-DT-1498,4157.28
2026-08-08 06:57:00,CUST-DT-1499,3155.13
2026-08-08 06:59:00,CUST-DT-1500,3531.63
2026-08-08 07:02:00,CUST-DT-1501,2686.39
2026-08-08 07:06:00,CUST-DT-1502,4489.68
2026-08-08 07:08:00,CUST-DT-1503,2053.86
2026-08-08 07:12:00,CUST-DT-1504,1602.92
2026-08-08 07:16:00,CUST-DT-1505,4130.37
2026-08-08 07:15:00,CUST-DT-1506,1619.39
2026-08-08 07:19:00,CUST-DT-1507,543.04
2026-08-08 07:24:00,CUST-DT-1508,2935.53
2026-08-08 07:24:00,CUST-DT-1509,1140.12
2026-08-08 07:30:00,CUST-DT-1510,2594.97
2026-08-08 07:31:00,CUST-DT-1511,1656.12
2026-08-08 07:33:00,CUST-DT-1512,945.93
2026-08-08 07:38:00,CUST-DT-1513,730.82
2026-08-08 07:40:00,CUST-DT-1514,170.77
2026-08-08 07:45:00,CUST-DT-1515,267.34
2026-08-08 07:46:00,CUST-DT-1516,3579.02
2026-08-08 07:51:00,CUST-DT-1517,723.83
2026-08-08 07:52:00,CUST-DT-1518,2755.49
2026-08-08 07:54:00,CUST-DT-1519,1961.47
2026-08-08 07:57:00,CUST-DT-1520,1095.1
2026-08-08 08:04:00,CUST-DT-1521,3822.16
2026-08-08 08:03:00,CUST-DT-1522,3169.57
2026-08-08 08:10:00,CUST-DT-1523,792.75
2026-08-08 08:12:00,CUST-DT-1524,3780.43
2026-08-08 08:12:00,CUST-DT-1525,1006.82
2026-08-08 08:18:00,CUST-DT-1526,3971.87
2026-08-08 08:19:00,CUST-DT-1527,795.66
2026-08-08 08:23:00,CUST-DT-1528,4263.83
2026-08-08 08:26:00,CUST-DT-1529,173.84
2026-08-08 08:31:00,CUST-DT-1530,3212.54
2026-08-08 08:30:00,CUST-DT-1531,1851.85
2026-08-08 08:35:00,CUST-DT-1532,1676.32
2026-08-08 08:39:00,CUST-DT-1533,1041.2
2026-08-08 08:43:00,CUST-DT-1534,1934.51
2026-08-08 08:46:00,CUST-DT-1535,60.7
2026-08-08 08:46:00,CUST-DT-1536,2008.36
2026-08-08 08:50:00,CUST-DT-1537,1910.77
2026-08-08 08:55:00,CUST-DT-1538,2339.09
2026-08-08 08:55:00,CUST-DT-1539,3035.84
2026-08-08 08:59:00,CUST-DT-1540,4060.64
2026-08-08 09:04:00,CUST-DT-1541,3885.65
2026-08-08 09:05:00,CUST-DT-1542,4495.25
2026-08-08 09:08:00,CUST-DT-1543,813.19
2026-08-08 09:09:00,CUST-DT-1544,4456.55
2026-08-08 09:16:00,CUST-DT-1545,3921.56
2026-08-08 09:18:00,CUST-DT-1546,73.55
2026-08-08 09:18:00,CUST-DT-1547,4432.28
2026-08-08 09:23:00,CUST-DT-1548,3223.14
2026-08-08 09:24:00,CUST-DT-1549,847.93
2026-08-08 09:28:00,CUST-DT-1550,3394.59
2026-08-08 09:30:00,CUST-DT-1551,3915.04
2026-08-08 09:33:00,CUST-DT-1552,3285.88
2026-08-08 09:40:00,CUST-DT-1553,1526.58
2026-08-08 09:42:00,CUST-DT-1554,1797.67
2026-08-08 09:44:00,CUST-DT-1555,2376.59
2026-08-08 09:48:00,CUST-DT-1556,265.58
2026-08-08 09:48:00,CUST-DT-1557,1509.91
2026-08-08 09:52:00,CUST-DT-1558,747.17
2026-08-08 09:57:00,CUST-DT-1559,2015.62
2026-08-08 10:00:00,CUST-DT-1560,2035.0
2026-08-08 10:01:00,CUST-DT-1561,4358.75
2026-08-08 10:07:00,CUST-DT-1562,590.56
2026-08-08 10:09:00,CUST-DT-1563,3473.91
2026-08-08 10:11:00,CUST-DT-1564,1754.59
2026-08-08 10:16:00,CUST-DT-1565,560.76
2026-08-08 10:15:00,CUST-DT-1566,2770.57
2026-08-08 10:22:00,CUST-DT-1567,2286.06
2026-08-08 10:25:00,CUST-DT-1568,2057.89
2026-08-08 10:24:00,CUST-DT-1569,3183.37
2026-08-08 10:27:00,CUST-DT-1570,1668.36
2026-08-08 10:30:00,CUST-DT-1571,660.25
2026-08-08 10:36:00,CUST-DT-1572,88.98
2026-08-08 10:36:00,CUST-DT-1573,380.06
2026-08-08 10:42:00,CUST-DT-1574,3991.72
2026-08-08 10:44:00,CUST-DT-1575,1964.77
2026-08-08 10:46:00,CUST-DT-1576,4301.7
2026-08-08 10:51:00,CUST-DT-1577,3957.0
2026-08-08 10:54:00,CUST-DT-1578,1851.89
2026-08-08 10:58:00,CUST-DT-1579,1232.74
2026-08-08 10:59:00,CUST-DT-1580,4276.71
2026-08-08 11:00:00,CUST-DT-1581,1597.08
2026-08-08 11:06:00,CUST-DT-1582,2293.86
2026-08-08 11:06:00,CUST-DT-1583,3268.04
2026-08-08 11:11:00,CUST-DT-1584,725.12
2026-08-08 11:14:00,CUST-DT-1585,2758.11
2026-08-08 11:18:00,CUST-DT-1586,4242.71
2026-08-08 11:19:00,CUST-DT-1587,2352.26
2026-08-08 11:21:00,CUST-DT-1588,1756.28
2026-08-08 11:24:00,CUST-DT-1589,2292.64
2026-08-08 11:28:00,CUST-DT-1590,3370.84
2026-08-08 11:33:00,CUST-DT-1591,3050.44
2026-08-08 11:34:00,CUST-DT-1592,2072.65
2026-08-08 11:40:00,CUST-DT-1593,1812.37
2026-08-08 11:41:00,CUST-DT-1594,3150.99
2026-08-08 11:46:00,CUST-DT-1595,3053.74
2026-08-08 11:49:00,CUST-DT-1596,4298.1
2026-08-08 11:51:00,CUST-DT-1597,2776.85
2026-08-08 11:52:00,CUST-DT-1598,2147.92
2026-08-08 11:54:00,CUST-DT-1599,2934.67
2026-08-08 11:57:00,CUST-DT-1600,1188.04
2026-08-08 12:02:00,CUST-DT-1601,2842.6
2026-08-08 12:07:00,CUST-DT-1602,306.89
2026-08-08 12:10:00,CUST-DT-1603,1433.03
2026-08-08 12:13:00,CUST-DT-1604,1788.13
2026-08-08 12:14:00,CUST-DT-1605,1123.09
2026-08-08 12:17:00,CUST-DT-1606,4016.76
2026-08-08 12:19:00,CUST-DT-1607,3341.32
2026-08-08 12:22:00,CUST-DT-1608,1100.41
2026-08-08 12:27:00,CUST-DT-1609,1762.86
2026-08-08 12:31:00,CUST-DT-1610,2416.33
2026-08-08 12:33:00,CUST-DT-1611,3240.16
2026-08-08 12:36:00,CUST-DT-1612,2597.59
2026-08-08 12:38:00,CUST-DT-1613,979.02
2026-08-08 12:42:00,CUST-DT-1614,2448.71
2026-08-08 12:46:00,CUST-DT-1615,1358.06
2026-08-08 12:46:00,CUST-DT-1616,2052.51
2026-08-08 12:48:00,CUST-DT-1617,2303.83
2026-08-08 12:52:00,CUST-DT-1618,2900.14
2026-08-08 12:57:00,CUST-DT-1619,2666.44
2026-08-08 13:00:00,CUST-DT-1620,1045.39
2026-08-08 13:02:00,CUST-DT-1621,2706.64
2026-08-08 13:06:00,CUST-DT-1622,3769.88
2026-08-08 13:09:00,CUST-DT-1623,4375.15
2026-08-08 13:11:00,CUST-DT-1624,2853.99
2026-08-08 13:12:00,CUST-DT-1625,371.1
2026-08-08 13:19:00,CUST-DT-1626,3987.19
2026-08-08 13:19:00,CUST-DT-1627,1607.47
2026-08-08 13:22:00,CUST-DT-1628,4297.19
2026-08-08 13:26:00,CUST-DT-1629,3632.43
2026-08-08 13:28:00,CUST-DT-1630,201.31
2026-08-08 13:30:00,CUST-DT-1631,1849.66
2026-08-08 13:37:00,CUST-DT-1632,3702.47
2026-08-08 13:37:00,CUST-DT-1633,3131.75
2026-08-08 13:39:00,CUST-DT-1634,1243.1
2026-08-08 13:42:00,CUST-DT-1635,3115.13
2026-08-08 13:45:00,CUST-DT-1636,891.43
2026-08-08 13:50:00,CUST-DT-1637,4054.98
2026-08-08 13:51:00,CUST-DT-1638,2079.63
2026-08-08 13:56:00,CUST-DT-1639,1820.46
2026-08-08 13:58:00,CUST-DT-1640,1258.39
2026-08-08 14:01:00,CUST-DT-1641,1609.3
2026-08-08 14:07:00,CUST-DT-1642,2801.62
2026-08-08 14:09:00,CUST-DT-1643,1336.39
2026-08-08 14:09:00,CUST-DT-1644,3931.86
2026-08-08 14:13:00,CUST-DT-1645,3032.13
2026-08-08 14:18:00,CUST-DT-1646,1357.81
2026-08-08 14:18:00,CUST-DT-1647,4174.8
2026-08-08 14:25:00,CUST-DT-1648,2490.23
2026-08-08 14:24:00,CUST-DT-1649,850.36
2026-08-08 14:30:00,CUST-DT-1650,3471.76
2026-08-08 14:30:00,CUST-DT-1651,2227.4
2026-08-08 14:34:00,CUST-DT-1652,1017.21
2026-08-08 14:36:00,CUST-DT-1653,1299.53
2026-08-08 14:39:00,CUST-DT-1654,2706.39
2026-08-08 14:46:00,CUST-DT-1655,3005.69
2026-08-08 14:49:00,CUST-DT-1656,3204.4
2026-08-08 14:48:00,CUST-DT-1657,4014.87
2026-08-08 14:53:00,CUST-DT-1658,4468.76
2026-08-08 14:58:00,CUST-DT-1659,2374.75
2026-08-08 15:00:00,CUST-DT-1660,2720.84
2026-08-08 15:01:00,CUST-DT-1661,3349.5
2026-08-08 15:05:00,CUST-DT-1662,298.17
2026-08-08 15:09:00,CUST-DT-1663,3230.57
2026-08-08 15:09:00,CUST-DT-1664,2265.65
2026-08-08 15:14:00,CUST-DT-1665,3270.09
2026-08-08 15:17:00,CUST-DT-1666,4061.58
2026-08-08 15:20:00,CUST-DT-1667,2809.7
2026-08-08 15:25:00,CUST-DT-1668,355.61
2026-08-08 15:27:00,CUST-DT-1669,3779.64
2026-08-08 15:31:00,CUST-DT-1670,1709.05
2026-08-08 15:32:00,CUST-DT-1671,2541.24
2026-08-08 15:35:00,CUST-DT-1672,1037.08
2026-08-08 15:39:00,CUST-DT-1673,3518.74
2026-08-08 15:42:00,CUST-DT-1674,2098.3
2026-08-08 15:45:00,CUST-DT-1675,3360.68
2026-08-08 15:49:00,CUST-DT-1676,4129.13
2026-08-08 15:51:00,CUST-DT-1677,841.43
2026-08-08 15:53:00,CUST-DT-1678,864.69
2026-08-08 15:57:00,CUST-DT-1679,4010.93
2026-08-08 15:57:00,CUST-DT-1680,4342.39
2026-08-08 16:02:00,CUST-DT-1681,1250.93
2026-08-08 16:03:00,CUST-DT-1682,690.19
2026-08-08 16:08:00,CUST-DT-1683,1355.34
2026-08-08 16:12:00,CUST-DT-1684,1437.25
2026-08-08 16:16:00,CUST-DT-1685,3014.51
2026-08-08 16:17:00,CUST-DT-1686,1433.21
2026-08-08 16:20:00,CUST-DT-1687,929.51
2026-08-08 16:24:00,CUST-DT-1688,2322.03
2026-08-08 16:28:00,CUST-DT-1689,4244.83
2026-08-08 16:31:00,CUST-DT-1690,3563.93
2026-08-08 16:34:00,CUST-DT-1691,821.82
2026-08-08 16:34:00,CUST-DT-1692,2372.43
2026-08-08 16:36:00,CUST-DT-1693,1019.69
2026-08-08 16:39:00,CUST-DT-1694,4431.99
2026-08-08 16:46:00,CUST-DT-1695,2316.61
2026-08-08 16:45:00,CUST-DT-1696,2908.85
2026-08-08 16:48:00,CUST-DT-1697,2057.49
2026-08-08 16:51:00,CUST-DT-1698,2359.95
2026-08-08 16:57:00,CUST-DT-1699,1166.16
2026-08-08 16:57:00,CUST-DT-1700,1881.13
2026-08-08 17:04:00,CUST-DT-1701,873.52
2026-08-08 17:06:00,CUST-DT-1702,2374.14
2026-08-08 17:09:00,CUST-DT-1703,308.95
2026-08-08 17:13:00,CUST-DT-1704,2600.08
2026-08-08 17:13:00,CUST-DT-1705,1726.15
2026-08-08 17:17:00,CUST-DT-1706,3076.18
2026-08-08 17:18:00,CUST-DT-1707,3599.82
2026-08-08 17:23:00,CUST-DT-1708,54.82
2026-08-08 17:26:00,CUST-DT-1709,363.66
2026-08-08 17:27:00,CUST-DT-1710,3887.0
2026-08-08 17:31:00,CUST-DT-1711,2949.34
2026-08-08 17:36:00,CUST-DT-1712,1057.01
2026-08-08 17:37:00,CUST-DT-1713,2759.2
2026-08-08 17:40:00,CUST-DT-1714,3401.03
2026-08-08 17:44:00,CUST-DT-1715,3368.85
2026-08-08 17:47:00,CUST-DT-1716,1985.36
2026-08-08 17:48:00,CUST-DT-1717,1301.09
2026-08-08 17:54:00,CUST-DT-1718,4247.12
2026-08-08 17:58:00,CUST-DT-1719,2523.08
2026-08-08 17:59:00,CUST-DT-1720,3163.18
2026-08-08 18:03:00,CUST-DT-1721,68.68
2026-08-08 18:06:00,CUST-DT-1722,4374.37
2026-08-08 18:09:00,CUST-DT-1723,587.43
2026-08-08 18:13:00,CUST-DT-1724,4054.96
2026-08-08 18:15:00,CUST-DT-1725,3498.01
2026-08-08 18:16:00,CUST-DT-1726,3567.75
2026-08-08 18:22:00,CUST-DT-1727,3246.77
2026-08-08 18:25:00,CUST-DT-1728,2852.39
2026-08-08 18:26:00,CUST-DT-1729,1392.55
2026-08-08 18:27:00,CUST-DT-1730,1433.56
2026-08-08 18:32:00,CUST-DT-1731,1207.24
2026-08-08 18:36:00,CUST-DT-1732,3908.8
2026-08-08 18:36:00,CUST-DT-1733,2668.14
2026-08-08 18:40:00,CUST-DT-1734,168.41
2026-08-08 18:46:00,CUST-DT-1735,313.59
2026-08-08 18:45:00,CUST-DT-1736,4064.63
2026-08-08 18:50:00,CUST-DT-1737,3652.51
2026-08-08 18:51:00,CUST-DT-1738,3617.76
2026-08-08 18:57:00,CUST-DT-1739,4385.29
2026-08-08 19:01:00,CUST-DT-1740,3049.08
2026-08-08 19:03:00,CUST-DT-1741,4145.29
2026-08-08 19:04:00,CUST-DT-1742,1222.87
2026-08-08 19:06:00,CUST-DT-1743,2580.39
2026-08-08 19:11:00,CUST-DT-1744,549.51
2026-08-08 19:15:00,CUST-DT-1745,862.99
2026-08-08 19:15:00,CUST-DT-1746,2762.03
2026-08-08 19:19:00,CUST-DT-1747,4490.63
2026-08-08 19:24:00,CUST-DT-1748,3907.98
2026-08-08 19:26:00,CUST-DT-1749,2571.47
2026-08-08 19:27:00,CUST-DT-1750,4018.19
2026-08-08 19:31:00,CUST-DT-1751,2608.02
2026-08-08 19:34:00,CUST-DT-1752,640.64
2026-08-08 19:39:00,CUST-DT-1753,1421.93
2026-08-08 19:42:00,CUST-DT-1754,3295.44
2026-08-08 19:44:00,CUST-DT-1755,249.45
2026-08-08 19:45:00,CUST-DT-1756,4194.63
2026-08-08 19:50:00,CUST-DT-1757,1585.76
2026-08-08 19:52:00,CUST-DT-1758,3875.44
2026-08-08 19:57:00,CUST-DT-1759,1705.94
2026-08-08 19:58:00,CUST-DT-1760,1289.92
2026-08-08 20:03:00,CUST-DT-1761,1447.69
2026-08-08 20:04:00,CUST-DT-1762,2662.11
2026-08-08 20:06:00,CUST-DT-1763,3407.88
2026-08-08 20:11:00,CUST-DT-1764,591.88
2026-08-08 20:14:00,CUST-DT-1765,3787.16
2026-08-08 20:17:00,CUST-DT-1766,2047.71
2026-08-08 20:19:00,CUST-DT-1767,4194.9
2026-08-08 20:23:00,CUST-DT-1768,2260.17
2026-08-08 20:24:00,CUST-DT-1769,553.74
2026-08-08 20:30:00,CUST-DT-1770,4339.85
2026-08-08 20:32:00,CUST-DT-1771,3464.35
2026-08-08 20:33:00,CUST-DT-1772,310.15
2026-08-08 20:39:00,CUST-DT-1773,1493.71
2026-08-08 20:39:00,CUST-DT-1774,1115.97
2026-08-08 20:44:00,CUST-DT-1775,585.36
2026-08-08 20:49:00,CUST-DT-1776,4165.66
2026-08-08 20:51:00,CUST-DT-1777,3901.71
2026-08-08 20:54:00,CUST-DT-1778,474.99
2026-08-08 20:57:00,CUST-DT-1779,1321.63
2026-08-08 20:59:00,CUST-DT-1780,2973.75
2026-08-08 21:01:00,CUST-DT-1781,2158.29
2026-08-08 21:04:00,CUST-DT-1782,3884.83
2026-08-08 21:08:00,CUST-DT-1783,3508.81
2026-08-08 21:11:00,CUST-DT-1784,889.53
2026-08-08 21:14:00,CUST-DT-1785,1431.76
2026-08-08 21:18:00,CUST-DT-1786,1370.39
2026-08-08 21:21:00,CUST-DT-1787,3116.07
2026-08-08 21:23:00,CUST-DT-1788,2973.57
2026-08-08 21:24:00,CUST-DT-1789,4382.46
2026-08-08 21:29:00,CUST-DT-1790,821.5
2026-08-08 21:34:00,CUST-DT-1791,679.39
2026-08-08 21:33:00,CUST-DT-1792,338.93
2026-08-08 21:37:00,CUST-DT-1793,2629.86
2026-08-08 21:43:00,CUST-DT-1794,1064.23
2026-08-08 21:44:00,CUST-DT-1795,3223.75
2026-08-08 21:49:00,CUST-DT-1796,972.3
2026-08-08 21:51:00,CUST-DT-1797,4259.19
2026-08-08 21:51:00,CUST-DT-1798,1447.73
2026-08-08 21:54:00,CUST-DT-1799,2420.68
2026-08-08 21:57:00,CUST-DT-1800,1337.79
2026-08-08 22:03:00,CUST-DT-1801,1181.63
2026-08-08 22:03:00,CUST-DT-1802,2634.86
2026-08-08 22:06:00,CUST-DT-1803,1625.29
2026-08-08 22:12:00,CUST-DT-1804,2886.74
2026-08-08 22:13:00,CUST-DT-1805,888.51
2026-08-08 22:16:00,CUST-DT-1806,945.13
2026-08-08 22:18:00,CUST-DT-1807,2565.95
2026-08-08 22:24:00,CUST-DT-1808,1768.48
2026-08-08 22:27:00,CUST-DT-1809,2271.33
2026-08-08 22:29:00,CUST-DT-1810,2716.09
2026-08-08 22:32:00,CUST-DT-1811,321.8
2026-08-08 22:34:00,CUST-DT-1812,1656.2
2026-08-08 22:39:00,CUST-DT-1813,970.59
2026-08-08 22:42:00,CUST-DT-1814,882.73
2026-08-08 22:42:00,CUST-DT-1815,3479.95
2026-08-08 22:48:00,CUST-DT-1816,2318.51
2026-08-08 22:51:00,CUST-DT-1817,2592.64
2026-08-08 22:54:00,CUST-DT-1818,2157.52
2026-08-08 22:54:00,CUST-DT-1819,832.02
2026-08-08 22:59:00,CUST-DT-1820,1847.19
2026-08-08 23:03:00,CUST-DT-1821,2511.23
2026-08-08 23:06:00,CUST-DT-1822,4190.11
2026-08-08 23:08:00,CUST-DT-1823,3553.44
2026-08-08 23:09:00,CUST-DT-1824,1351.22
2026-08-08 23:14:00,CUST-DT-1825,338.49
2026-08-08 23:16:00,CUST-DT-1826,4328.61
2026-08-08 23:21:00,CUST-DT-1827,2324.58
2026-08-08 23:23:00,CUST-DT-1828,1185.57
2026-08-08 23:25:00,CUST-DT-1829,929.74
2026-08-08 23:28:00,CUST-DT-1830,3887.08
2026-08-08 23:34:00,CUST-DT-1831,3237.34
2026-08-08 23:33:00,CUST-DT-1832,1254.43
2026-08-08 23:37:00,CUST-DT-1833,1286.64
2026-08-08 23:39:00,CUST-DT-1834,1333.77
2026-08-08 23:44:00,CUST-DT-1835,1747.94
2026-08-08 23:47:00,CUST-DT-1836,390.61
2026-08-08 23:48:00,CUST-DT-1837,2747.51
2026-08-08 23:54:00,CUST-DT-1838,324.64
2026-08-08 23:56:00,CUST-DT-1839,2740.61
2026-08-08 23:59:00,CUST-DT-1840,1201.57
2026-08-09 00:02:00,CUST-DT-1841,385.62
2026-08-09 00:06:00,CUST-DT-1842,2128.44
2026-08-09 00:07:00,CUST-DT-1843,969.86
2026-08-09 00:11:00,CUST-DT-1844,2647.5
2026-08-09 00:16:00,CUST-DT-1845,1791.1
2026-08-09 00:18:00,CUST-DT-1846,1404.62
2026-08-09 00:19:00,CUST-DT-1847,4286.39
2026-08-09 00:21:00,CUST-DT-1848,1303.04
2026-08-09 00:27:00,CUST-DT-1849,4416.58
2026-08-09 00:28:00,CUST-DT-1850,2894.53
2026-08-09 00:31:00,CUST-DT-1851,2896.96
2026-08-09 00:33:00,CUST-DT-1852,1052.62
2026-08-09 00:38:00,CUST-DT-1853,3618.59
2026-08-09 00:42:00,CUST-DT-1854,3894.25
2026-08-09 00:45:00,CUST-DT-1855,2577.09
2026-08-09 00:48:00,CUST-DT-1856,2395.26
2026-08-09 00:48:00,CUST-DT-1857,1587.16
2026-08-09 00:51:00,CUST-DT-1858,3748.52
2026-08-09 00:56:00,CUST-DT-1859,1601.43
2026-08-09 00:58:00,CUST-DT-1860,3816.82
2026-08-09 01:04:00,CUST-DT-1861,4113.7
2026-08-09 01:03:00,CUST-DT-1862,2830.81
2026-08-09 01:06:00,CUST-DT-1863,1891.68
2026-08-09 01:11:00,CUST-DT-1864,513.19
2026-08-09 01:16:00,CUST-DT-1865,3133.69
2026-08-09 01:19:00,CUST-DT-1866,2174.1
2026-08-09 01:21:00,CUST-DT-1867,255.06
2026-08-09 01:24:00,CUST-DT-1868,1777.48
2026-08-09 01:25:00,CUST-DT-1869,2043.35
2026-08-09 01:28:00,CUST-DT-1870,1504.72
2026-08-09 01:30:00,CUST-DT-1871,744.45
2026-08-09 01:34:00,CUST-DT-1872,913.11
2026-08-09 01:39:00,CUST-DT-1873,3632.56
2026-08-09 01:41:00,CUST-DT-1874,3425.62
2026-08-09 01:45:00,CUST-DT-1875,2737.9
2026-08-09 01:47:00,CUST-DT-1876,2217.63
2026-08-09 01:51:00,CUST-DT-1877,3093.48
2026-08-09 01:52:00,CUST-DT-1878,3262.21
2026-08-09 01:54:00,CUST-DT-1879,627.56
2026-08-09 01:58:00,CUST-DT-1880,466.56
2026-08-09 02:02:00,CUST-DT-1881,2224.83
2026-08-09 02:07:00,CUST-DT-1882,3752.01
2026-08-09 02:08:00,CUST-DT-1883,1499.37
2026-08-09 02:09:00,CUST-DT-1884,3769.34
2026-08-09 02:13:00,CUST-DT-1885,1108.43
2026-08-09 02:18:00,CUST-DT-1886,2399.4
2026-08-09 02:20:00,CUST-DT-1887,1749.37
2026-08-09 02:23:00,CUST-DT-1888,892.62
2026-08-09 02:25:00,CUST-DT-1889,2311.52
2026-08-09 02:31:00,CUST-DT-1890,3652.61
2026-08-09 02:31:00,CUST-DT-1891,1119.17
2026-08-09 02:33:00,CUST-DT-1892,1972.56
2026-08-09 02:39:00,CUST-DT-1893,4121.61
2026-08-09 02:43:00,CUST-DT-1894,2966.83
2026-08-09 02:43:00,CUST-DT-1895,1571.69
2026-08-09 02:49:00,CUST-DT-1896,4354.33
2026-08-09 02:49:00,CUST-DT-1897,3575.48
2026-08-09 02:55:00,CUST-DT-1898,1416.01
2026-08-09 02:58:00,CUST-DT-1899,1763.72
2026-08-09 02:57:00,CUST-DT-1900,1724.49
2026-08-09 03:03:00,CUST-DT-1901,4344.12
2026-08-09 03:03:00,CUST-DT-1902,2075.16
2026-08-09 03:09:00,CUST-DT-1903,3773.84
2026-08-09 03:12:00,CUST-DT-1904,668.15
2026-08-09 03:14:00,CUST-DT-1905,1850.71
2026-08-09 03:15:00,CUST-DT-1906,309.98
2026-08-09 03:22:00,CUST-DT-1907,597.23
2026-08-09 03:21:00,CUST-DT-1908,2957.07
2026-08-09 03:27:00,CUST-DT-1909,87.55
2026-08-09 03:28:00,CUST-DT-1910,1917.64
2026-08-09 03:33:00,CUST-DT-1911,2744.78
2026-08-09 03:34:00,CUST-DT-1912,1640.1
2026-08-09 03:38:00,CUST-DT-1913,2001.03
2026-08-09 03:42:00,CUST-DT-1914,851.96
2026-08-09 03:46:00,CUST-DT-1915,2422.36
2026-08-09 03:48:00,CUST-DT-1916,2479.33
2026-08-09 03:49:00,CUST-DT-1917,233.04
2026-08-09 03:55:00,CUST-DT-1918,2378.64
2026-08-09 03:54:00,CUST-DT-1919,570.47
2026-08-09 03:59:00,CUST-DT-1920,3264.94
2026-08-09 04:00:00,CUST-DT-1921,2314.02
2026-08-09 04:06:00,CUST-DT-1922,2716.15
2026-08-09 04:09:00,CUST-DT-1923,3764.3
2026-08-09 04:12:00,CUST-DT-1924,4117.95
2026-08-09 04:13:00,CUST-DT-1925,3044.04
2026-08-09 04:18:00,CUST-DT-1926,784.86
2026-08-09 04:18:00,CUST-DT-1927,2339.18
2026-08-09 04:23:00,CUST-DT-1928,1157.94
2026-08-09 04:27:00,CUST-DT-1929,1430.11
2026-08-09 04:27:00,CUST-DT-1930,3541.78
2026-08-09 04:30:00,CUST-DT-1931,1232.08
2026-08-09 04:33:00,CUST-DT-1932,1304.3
2026-08-09 04:40:00,CUST-DT-1933,4174.59
2026-08-09 04:39:00,CUST-DT-1934,53.43
2026-08-09 04:44:00,CUST-DT-1935,1578.74
2026-08-09 04:46:00,CUST-DT-1936,2027.58
2026-08-09 04:50:00,CUST-DT-1937,1647.29
2026-08-09 04:55:00,CUST-DT-1938,3369.36
2026-08-09 04:56:00,CUST-DT-1939,2819.73
2026-08-09 04:57:00,CUST-DT-1940,1825.75
2026-08-09 05:01:00,CUST-DT-1941,4285.31
2026-08-09 05:03:00,CUST-DT-1942,2232.68
2026-08-09 05:09:00,CUST-DT-1943,4177.19
2026-08-09 05:13:00,CUST-DT-1944,2442.51
2026-08-09 05:16:00,CUST-DT-1945,3971.17
2026-08-09 05:15:00,CUST-DT-1946,623.7
2026-08-09 05:20:00,CUST-DT-1947,2047.25
2026-08-09 05:21:00,CUST-DT-1948,4089.17
2026-08-09 05:25:00,CUST-DT-1949,3607.38
2026-08-09 05:28:00,CUST-DT-1950,3473.62
2026-08-09 05:33:00,CUST-DT-1951,2148.99
2026-08-09 05:37:00,CUST-DT-1952,2397.32
2026-08-09 05:37:00,CUST-DT-1953,1467.35
2026-08-09 05:42:00,CUST-DT-1954,3554.26
2026-08-09 05:42:00,CUST-DT-1955,1610.71
2026-08-09 05:46:00,CUST-DT-1956,1633.34
2026-08-09 05:49:00,CUST-DT-1957,2720.33
2026-08-09 05:51:00,CUST-DT-1958,2517.16
2026-08-09 05:57:00,CUST-DT-1959,3914.64
2026-08-09 05:58:00,CUST-DT-1960,1817.86
2026-08-09 06:02:00,CUST-DT-1961,2149.11
2026-08-09 06:07:00,CUST-DT-1962,2780.03
2026-08-09 06:10:00,CUST-DT-1963,3326.51
2026-08-09 06:10:00,CUST-DT-1964,881.5
2026-08-09 06:13:00,CUST-DT-1965,694.54
2026-08-09 06:19:00,CUST-DT-1966,2785.37
2026-08-09 06:19:00,CUST-DT-1967,1573.99
2026-08-09 06:22:00,CUST-DT-1968,2830.78
2026-08-09 06:26:00,CUST-DT-1969,713.02
2026-08-09 06:28:00,CUST-DT-1970,1937.76
2026-08-09 06:34:00,CUST-DT-1971,1552.63
2026-08-09 06:33:00,CUST-DT-1972,1920.02
2026-08-09 06:40:00,CUST-DT-1973,306.58
2026-08-09 06:43:00,CUST-DT-1974,2705.42
2026-08-09 06:45:00,CUST-DT-1975,3291.73
2026-08-09 06:47:00,CUST-DT-1976,296.95
2026-08-09 06:50:00,CUST-DT-1977,1086.48
2026-08-09 06:51:00,CUST-DT-1978,73.07
2026-08-09 06:57:00,CUST-DT-1979,1959.67
2026-08-09 06:58:00,CUST-DT-1980,133.69
2026-08-09 07:02:00,CUST-DT-1981,2257.82
2026-08-09 07:07:00,CUST-DT-1982,1645.21
2026-08-09 07:10:00,CUST-DT-1983,2731.51
2026-08-09 07:09:00,CUST-DT-1984,3494.7
2026-08-09 07:16:00,CUST-DT-1985,2474.14
2026-08-09 07:19:00,CUST-DT-1986,2019.65
2026-08-09 07:19:00,CUST-DT-1987,2335.97
2026-08-09 07:21:00,CUST-DT-1988,2149.92
2026-08-09 07:25:00,CUST-DT-1989,1460.7
2026-08-09 07:27:00,CUST-DT-1990,1988.8
2026-08-09 07:32:00,CUST-DT-1991,3371.39
2026-08-09 07:35:00,CUST-DT-1992,904.2
2026-08-09 07:36:00,CUST-DT-1993,1743.21
2026-08-09 07:39:00,CUST-DT-1994,4483.07
2026-08-09 07:45:00,CUST-DT-1995,411.56
2026-08-09 07:46:00,CUST-DT-1996,1198.68
2026-08-09 07:50:00,CUST-DT-1997,847.46
2026-08-09 07:53:00,CUST-DT-1998,3789.31
2026-08-09 07:54:00,CUST-DT-1999,1381.52
2026-08-09 07:58:00,CUST-DT-2000,1697.46
2026-08-09 08:00:00,CUST-DT-0001,2883.03
2026-08-09 08:03:00,CUST-DT-0002,1199.79
2026-08-09 08:06:00,CUST-DT-0003,4495.34
2026-08-09 08:13:00,CUST-DT-0004,578.76
2026-08-09 08:14:00,CUST-DT-0005,3971.14
2026-08-09 08:16:00,CUST-DT-0006,1528.37
2026-08-09 08:19:00,CUST-DT-0007,561.12
2026-08-09 08:21:00,CUST-DT-0008,1416.52
2026-08-09 08:27:00,CUST-DT-0009,2148.02
2026-08-09 08:28:00,CUST-DT-0010,2552.26
2026-08-09 08:30:00,CUST-DT-0011,3581.77
2026-08-09 08:34:00,CUST-DT-0012,2428.27
2026-08-09 08:36:00,CUST-DT-0013,2305.13
2026-08-09 08:42:00,CUST-DT-0014,66.48
2026-08-09 08:45:00,CUST-DT-0015,3442.87
2026-08-09 08:46:00,CUST-DT-0016,1009.83
2026-08-09 08:48:00,CUST-DT-0017,2205.66
2026-08-09 08:55:00,CUST-DT-0018,1828.56
2026-08-09 08:54:00,CUST-DT-0019,3596.25
2026-08-09 08:58:00,CUST-DT-0020,1967.35
2026-08-09 09:03:00,CUST-DT-0021,1971.41
2026-08-09 09:03:00,CUST-DT-0022,1917.87
2026-08-09 09:10:00,CUST-DT-0023,848.76
2026-08-09 09:10:00,CUST-DT-0024,1118.15
2026-08-09 09:13:00,CUST-DT-0025,1881.77
2026-08-09 09:15:00,CUST-DT-0026,3449.24
2026-08-09 09:21:00,CUST-DT-0027,1184.23
2026-08-09 09:25:00,CUST-DT-0028,3268.75
2026-08-09 09:28:00,CUST-DT-0029,2990.26
2026-08-09 09:31:00,CUST-DT-0030,346.43
2026-08-09 09:32:00,CUST-DT-0031,1041.79
2026-08-09 09:36:00,CUST-DT-0032,3689.61
2026-08-09 09:37:00,CUST-DT-0033,1434.5
2026-08-09 09:43:00,CUST-DT-0034,2893.52
2026-08-09 09:44:00,CUST-DT-0035,3465.01
2026-08-09 09:47:00,CUST-DT-0036,260.02
2026-08-09 09:51:00,CUST-DT-0037,2319.38
2026-08-09 09:52:00,CUST-DT-0038,1266.86
2026-08-09 09:57:00,CUST-DT-0039,2076.13
2026-08-09 09:59:00,CUST-DT-0040,3758.97
2026-08-09 10:00:00,CUST-DT-0041,2770.58
2026-08-09 10:06:00,CUST-DT-0042,1186.72
2026-08-09 10:08:00,CUST-DT-0043,1097.59
2026-08-09 10:11:00,CUST-DT-0044,710.21
2026-08-09 10:12:00,CUST-DT-0045,2993.35
2026-08-09 10:19:00,CUST-DT-0046,1514.9
2026-08-09 10:22:00,CUST-DT-0047,1255.45
2026-08-09 10:21:00,CUST-DT-0048,3322.89
2026-08-09 10:26:00,CUST-DT-0049,4165.22
2026-08-09 10:28:00,CUST-DT-0050,3321.72
2026-08-09 10:32:00,CUST-DT-0051,4016.11
2026-08-09 10:36:00,CUST-DT-0052,3041.9
2026-08-09 10:39:00,CUST-DT-0053,1089.44
2026-08-09 10:43:00,CUST-DT-0054,2056.11
2026-08-09 10:42:00,CUST-DT-0055,274.5
2026-08-09 10:45:00,CUST-DT-0056,1104.17
2026-08-09 10:52:00,CUST-DT-0057,2735.83
2026-08-09 10:52:00,CUST-DT-0058,1452.43
2026-08-09 10:58:00,CUST-DT-0059,2752.09
2026-08-09 10:59:00,CUST-DT-0060,1651.57
2026-08-09 11:00:00,CUST-DT-0061,511.87
2026-08-09 11:07:00,CUST-DT-0062,1496.17
2026-08-09 11:06:00,CUST-DT-0063,1158.67
2026-08-09 11:11:00,CUST-DT-0064,1236.39
2026-08-09 11:14:00,CUST-DT-0065,3317.04
2026-08-09 11:19:00,CUST-DT-0066,3443.19
2026-08-09 11:22:00,CUST-DT-0067,4103.26
2026-08-09 11:25:00,CUST-DT-0068,797.31
2026-08-09 11:27:00,CUST-DT-0069,918.39
2026-08-09 11:27:00,CUST-DT-0070,1169.8
2026-08-09 11:33:00,CUST-DT-0071,1329.39
2026-08-09 11:36:00,CUST-DT-0072,4227.3
2026-08-09 11:39:00,CUST-DT-0073,927.78
2026-08-09 11:40:00,CUST-DT-0074,1314.82
2026-08-09 11:46:00,CUST-DT-0075,3891.41
2026-08-09 11:47:00,CUST-DT-0076,2947.66
2026-08-09 11:50:00,CUST-DT-0077,3500.33
2026-08-09 11:51:00,CUST-DT-0078,1058.84
2026-08-09 11:56:00,CUST-DT-0079,919.49
2026-08-09 12:00:00,CUST-DT-0080,569.53
2026-08-09 12:04:00,CUST-DT-0081,1210.62
2026-08-09 12:05:00,CUST-DT-0082,589.9
2026-08-09 12:06:00,CUST-DT-0083,1638.3
2026-08-09 12:10:00,CUST-DT-0084,1322.15
2026-08-09 12:14:00,CUST-DT-0085,816.86
2026-08-09 12:16:00,CUST-DT-0086,2680.74
2026-08-09 12:18:00,CUST-DT-0087,3957.47
2026-08-09 12:24:00,CUST-DT-0088,1444.07
2026-08-09 12:24:00,CUST-DT-0089,2042.65
2026-08-09 12:31:00,CUST-DT-0090,1780.73
2026-08-09 12:32:00,CUST-DT-0091,1884.23
2026-08-09 12:35:00,CUST-DT-0092,4013.76
2026-08-09 12:37:00,CUST-DT-0093,3187.39
2026-08-09 12:42:00,CUST-DT-0094,4361.58
2026-08-09 12:46:00,CUST-DT-0095,1594.43
2026-08-09 12:46:00,CUST-DT-0096,1768.54
2026-08-09 12:50:00,CUST-DT-0097,536.48
2026-08-09 12:52:00,CUST-DT-0098,1025.23
2026-08-09 12:56:00,CUST-DT-0099,883.01
2026-08-09 12:57:00,CUST-DT-0100,568.97
2026-08-09 13:00:00,CUST-DT-0101,2369.0
2026-08-09 13:05:00,CUST-DT-0102,4442.51
2026-08-09 13:07:00,CUST-DT-0103,954.19
2026-08-09 13:13:00,CUST-DT-0104,2343.12
2026-08-09 13:13:00,CUST-DT-0105,742.87
2026-08-09 13:16:00,CUST-DT-0106,1827.4
2026-08-09 13:21:00,CUST-DT-0107,2286.54
2026-08-09 13:25:00,CUST-DT-0108,2965.38
2026-08-09 13:28:00,CUST-DT-0109,1475.04
2026-08-09 13:28:00,CUST-DT-0110,1408.08
2026-08-09 13:33:00,CUST-DT-0111,1931.41
2026-08-09 13:34:00,CUST-DT-0112,1435.25
2026-08-09 13:36:00,CUST-DT-0113,403.79
2026-08-09 13:43:00,CUST-DT-0114,1475.62
2026-08-09 13:46:00,CUST-DT-0115,1523.35
2026-08-09 13:45:00,CUST-DT-0116,4039.05
2026-08-09 13:49:00,CUST-DT-0117,4212.42
2026-08-09 13:55:00,CUST-DT-0118,1700.99
2026-08-09 13:58:00,CUST-DT-0119,2591.65
2026-08-09 13:57:00,CUST-DT-0120,943.61
2026-08-09 14:01:00,CUST-DT-0121,4236.18
2026-08-09 14:05:00,CUST-DT-0122,4266.43
2026-08-09 14:09:00,CUST-DT-0123,1168.03
2026-08-09 14:10:00,CUST-DT-0124,2682.4
2026-08-09 14:15:00,CUST-DT-0125,705.93
2026-08-09 14:19:00,CUST-DT-0126,3790.36
2026-08-09 14:19:00,CUST-DT-0127,2210.54
2026-08-09 14:21:00,CUST-DT-0128,2876.7
2026-08-09 14:25:00,CUST-DT-0129,3054.71
2026-08-09 14:31:00,CUST-DT-0130,3866.32
2026-08-09 14:30:00,CUST-DT-0131,1326.47
2026-08-09 14:35:00,CUST-DT-0132,1812.87
2026-08-09 14:39:00,CUST-DT-0133,4203.78
2026-08-09 14:40:00,CUST-DT-0134,3654.06
2026-08-09 14:44:00,CUST-DT-0135,2782.94
2026-08-09 14:48:00,CUST-DT-0136,3807.92
2026-08-09 14:50:00,CUST-DT-0137,2094.96
2026-08-09 14:53:00,CUST-DT-0138,3883.59
2026-08-09 14:55:00,CUST-DT-0139,1891.7
2026-08-09 15:01:00,CUST-DT-0140,4425.56
2026-08-09 15:03:00,CUST-DT-0141,2659.49
2026-08-09 15:03:00,CUST-DT-0142,4151.12
2026-08-09 15:09:00,CUST-DT-0143,2493.85
2026-08-09 15:10:00,CUST-DT-0144,2604.94
2026-08-09 15:16:00,CUST-DT-0145,1127.43
2026-08-09 15:17:00,CUST-DT-0146,1655.97
2026-08-09 15:18:00,CUST-DT-0147,1230.41
2026-08-09 15:23:00,CUST-DT-0148,2834.15
2026-08-09 15:27:00,CUST-DT-0149,3172.71
2026-08-09 15:29:00,CUST-DT-0150,2390.05
2026-08-09 15:31:00,CUST-DT-0151,960.59
2026-08-09 15:37:00,CUST-DT-0152,2003.96
2026-08-09 15:39:00,CUST-DT-0153,4059.0
2026-08-09 15:41:00,CUST-DT-0154,3170.75
2026-08-09 15:42:00,CUST-DT-0155,2707.1
2026-08-09 15:45:00,CUST-DT-0156,1313.68
2026-08-09 15:51:00,CUST-DT-0157,3875.86
2026-08-09 15:54:00,CUST-DT-0158,3229.04
2026-08-09 15:58:00,CUST-DT-0159,1278.24
2026-08-09 16:00:00,CUST-DT-0160,1534.18
2026-08-09 16:02:00,CUST-DT-0161,3730.24
2026-08-09 16:03:00,CUST-DT-0162,2625.72
2026-08-09 16:06:00,CUST-DT-0163,4238.57
2026-08-09 16:10:00,CUST-DT-0164,78.13
2026-08-09 16:14:00,CUST-DT-0165,2525.16
2026-08-09 16:18:00,CUST-DT-0166,2294.16
2026-08-09 16:19:00,CUST-DT-0167,3349.25
2026-08-09 16:23:00,CUST-DT-0168,3146.61
2026-08-09 16:28:00,CUST-DT-0169,2082.44
2026-08-09 16:29:00,CUST-DT-0170,1383.55
2026-08-09 16:33:00,CUST-DT-0171,2824.69
2026-08-09 16:36:00,CUST-DT-0172,2237.26
2026-08-09 16:39:00,CUST-DT-0173,1832.77
2026-08-09 16:40:00,CUST-DT-0174,3983.33
2026-08-09 16:42:00,CUST-DT-0175,2072.66
2026-08-09 16:47:00,CUST-DT-0176,591.34
2026-08-09 16:50:00,CUST-DT-0177,587.84
2026-08-09 16:55:00,CUST-DT-0178,4032.68
2026-08-09 16:56:00,CUST-DT-0179,1640.14
2026-08-09 17:01:00,CUST-DT-0180,3021.98
2026-08-09 17:01:00,CUST-DT-0181,2234.05
2026-08-09 17:06:00,CUST-DT-0182,111.38
2026-08-09 17:10:00,CUST-DT-0183,2621.73
2026-08-09 17:10:00,CUST-DT-0184,1128.05
2026-08-09 17:14:00,CUST-DT-0185,3777.68
2026-08-09 17:17:00,CUST-DT-0186,2696.24
2026-08-09 17:18:00,CUST-DT-0187,2259.66
2026-08-09 17:21:00,CUST-DT-0188,3583.11
2026-08-09 17:25:00,CUST-DT-0189,1681.98
2026-08-09 17:28:00,CUST-DT-0190,3065.36
2026-08-09 17:32:00,CUST-DT-0191,485.53
2026-08-09 17:34:00,CUST-DT-0192,1931.29
2026-08-09 17:37:00,CUST-DT-0193,3524.47
2026-08-09 17:43:00,CUST-DT-0194,1751.29
2026-08-09 17:45:00,CUST-DT-0195,4000.31
2026-08-09 17:49:00,CUST-DT-0196,2772.39
2026-08-09 17:49:00,CUST-DT-0197,2720.59
2026-08-09 17:54:00,CUST-DT-0198,2573.26
2026-08-09 17:54:00,CUST-DT-0199,3051.48
2026-08-09 17:58:00,CUST-DT-0200,1407.05
2026-08-09 18:04:00,CUST-DT-0201,1293.58
2026-08-09 18:03:00,CUST-DT-0202,327.78
2026-08-09 18:08:00,CUST-DT-0203,2490.14
2026-08-09 18:11:00,CUST-DT-0204,3406.01
2026-08-09 18:13:00,CUST-DT-0205,3909.63
2026-08-09 18:18:00,CUST-DT-0206,850.43
2026-08-09 18:19:00,CUST-DT-0207,4335.13
2026-08-09 18:25:00,CUST-DT-0208,1476.81
2026-08-09 18:27:00,CUST-DT-0209,2456.79
2026-08-09 18:31:00,CUST-DT-0210,2850.04
2026-08-09 18:33:00,CUST-DT-0211,3285.98
2026-08-09 18:33:00,CUST-DT-0212,1826.14
2026-08-09 18:38:00,CUST-DT-0213,2719.01
2026-08-09 18:43:00,CUST-DT-0214,268.17
2026-08-09 18:46:00,CUST-DT-0215,632.45
2026-08-09 18:48:00,CUST-DT-0216,1842.17
2026-08-09 18:51:00,CUST-DT-0217,803.16
2026-08-09 18:52:00,CUST-DT-0218,3079.07
2026-08-09 18:58:00,CUST-DT-0219,2729.15
2026-08-09 19:00:00,CUST-DT-0220,3155.15
2026-08-09 19:04:00,CUST-DT-0221,976.17
2026-08-09 19:06:00,CUST-DT-0222,4458.92
2026-08-09 19:07:00,CUST-DT-0223,994.86
2026-08-09 19:11:00,CUST-DT-0224,2383.89
2026-08-09 19:14:00,CUST-DT-0225,1395.14
2026-08-09 19:15:00,CUST-DT-0226,2146.21
2026-08-09 19:22:00,CUST-DT-0227,4494.61
2026-08-09 19:22:00,CUST-DT-0228,2815.15
2026-08-09 19:28:00,CUST-DT-0229,923.18
2026-08-09 19:29:00,CUST-DT-0230,932.03
2026-08-09 19:31:00,CUST-DT-0231,2502.92
2026-08-09 19:35:00,CUST-DT-0232,4390.28
2026-08-09 19:36:00,CUST-DT-0233,2866.58
2026-08-09 19:39:00,CUST-DT-0234,1657.21
2026-08-09 19:43:00,CUST-DT-0235,768.37
2026-08-09 19:49:00,CUST-DT-0236,2217.05
2026-08-09 19:51:00,CUST-DT-0237,4458.36
2026-08-09 19:55:00,CUST-DT-0238,3379.05
2026-08-09 19:58:00,CUST-DT-0239,931.7
2026-08-09 19:59:00,CUST-DT-0240,1528.86
2026-08-09 20:02:00,CUST-DT-0241,361.43
2026-08-09 20:06:00,CUST-DT-0242,146.46
2026-08-09 20:08:00,CUST-DT-0243,1182.26
2026-08-09 20:13:00,CUST-DT-0244,578.82
2026-08-09 20:14:00,CUST-DT-0245,2381.38
2026-08-09 20:19:00,CUST-DT-0246,354.81
2026-08-09 20:22:00,CUST-DT-0247,4173.32
2026-08-09 20:24:00,CUST-DT-0248,3404.69
2026-08-09 20:24:00,CUST-DT-0249,3260.11
2026-08-09 20:30:00,CUST-DT-0250,1854.32
2026-08-09 20:33:00,CUST-DT-0251,2528.01
2026-08-09 20:33:00,CUST-DT-0252,481.08
2026-08-09 20:36:00,CUST-DT-0253,628.87
2026-08-09 20:41:00,CUST-DT-0254,2729.32
2026-08-09 20:42:00,CUST-DT-0255,2692.38
2026-08-09 20:49:00,CUST-DT-0256,343.85
2026-08-09 20:51:00,CUST-DT-0257,3444.86
2026-08-09 20:52:00,CUST-DT-0258,4263.75
2026-08-09 20:55:00,CUST-DT-0259,739.98
2026-08-09 20:59:00,CUST-DT-0260,574.8
2026-08-09 21:03:00,CUST-DT-0261,2607.66
2026-08-09 21:06:00,CUST-DT-0262,4324.18
2026-08-09 21:06:00,CUST-DT-0263,4224.11
2026-08-09 21:13:00,CUST-DT-0264,2631.45
2026-08-09 21:16:00,CUST-DT-0265,2539.35
2026-08-09 21:18:00,CUST-DT-0266,1014.89
2026-08-09 21:21:00,CUST-DT-0267,2307.2
2026-08-09 21:21:00,CUST-DT-0268,4394.88
2026-08-09 21:27:00,CUST-DT-0269,1118.79
2026-08-09 21:31:00,CUST-DT-0270,2960.32
2026-08-09 21:34:00,CUST-DT-0271,382.02
2026-08-09 21:35:00,CUST-DT-0272,2179.93
2026-08-09 21:37:00,CUST-DT-0273,648.46
2026-08-09 21:41:00,CUST-DT-0274,3599.83
2026-08-09 21:46:00,CUST-DT-0275,2235.57
2026-08-09 21:47:00,CUST-DT-0276,1062.4
2026-08-09 21:50:00,CUST-DT-0277,4419.47
2026-08-09 21:53:00,CUST-DT-0278,466.99
2026-08-09 21:57:00,CUST-DT-0279,2251.21
2026-08-09 22:00:00,CUST-DT-0280,4346.1
2026-08-09 22:00:00,CUST-DT-0281,599.79
2026-08-09 22:05:00,CUST-DT-0282,1283.42
2026-08-09 22:08:00,CUST-DT-0283,2977.2
2026-08-09 22:10:00,CUST-DT-0284,3789.9
2026-08-09 22:16:00,CUST-DT-0285,1652.77
2026-08-09 22:15:00,CUST-DT-0286,3965.04
2026-08-09 22:21:00,CUST-DT-0287,2435.74
2026-08-09 22:22:00,CUST-DT-0288,2587.09
2026-08-09 22:26:00,CUST-DT-0289,420.29
2026-08-09 22:30:00,CUST-DT-0290,4483.61
2026-08-09 22:31:00,CUST-DT-0291,3720.17
2026-08-09 22:37:00,CUST-DT-0292,1232.81
2026-08-09 22:38:00,CUST-DT-0293,4238.24
2026-08-09 22:42:00,CUST-DT-0294,3603.26
2026-08-09 22:45:00,CUST-DT-0295,981.28
2026-08-09 22:45:00,CUST-DT-0296,539.28
2026-08-09 22:51:00,CUST-DT-0297,380.24
2026-08-09 22:54:00,CUST-DT-0298,3691.18
2026-08-09 22:56:00,CUST-DT-0299,1814.3
2026-08-09 22:57:00,CUST-DT-0300,3884.35
2026-08-09 23:03:00,CUST-DT-0301,3530.81
2026-08-09 23:03:00,CUST-DT-0302,2128.9
2026-08-09 23:06:00,CUST-DT-0303,1615.98
2026-08-09 23:13:00,CUST-DT-0304,1507.9
2026-08-09 23:14:00,CUST-DT-0305,1666.44
2026-08-09 23:17:00,CUST-DT-0306,3162.17
2026-08-09 23:19:00,CUST-DT-0307,2919.85
2026-08-09 23:22:00,CUST-DT-0308,476.37
2026-08-09 23:28:00,CUST-DT-0309,2768.43
2026-08-09 23:27:00,CUST-DT-0310,634.48
2026-08-09 23:32:00,CUST-DT-0311,4431.34
2026-08-09 23:33:00,CUST-DT-0312,2420.6
2026-08-09 23:36:00,CUST-DT-0313,1298.95
2026-08-09 23:39:00,CUST-DT-0314,4078.39
2026-08-09 23:46:00,CUST-DT-0315,2070.04
2026-08-09 23:45:00,CUST-DT-0316,951.43
2026-08-09 23:48:00,CUST-DT-0317,1374.92
2026-08-09 23:54:00,CUST-DT-0318,1790.21
2026-08-09 23:57:00,CUST-DT-0319,140.95
2026-08-10 00:00:00,CUST-DT-0320,2229.36
2026-08-10 00:04:00,CUST-DT-0321,3368.53
2026-08-10 00:05:00,CUST-DT-0322,2679.71
2026-08-10 00:07:00,CUST-DT-0323,1335.95
2026-08-10 00:12:00,CUST-DT-0324,3449.65
2026-08-10 00:16:00,CUST-DT-0325,1158.07
2026-08-10 00:19:00,CUST-DT-0326,785.33
2026-08-10 00:19:00,CUST-DT-0327,2859.61
2026-08-10 00:25:00,CUST-DT-0328,1572.98
2026-08-10 00:27:00,CUST-DT-0329,2072.5
2026-08-10 00:27:00,CUST-DT-0330,280.12
2026-08-10 00:32:00,CUST-DT-0331,4149.44
2026-08-10 00:33:00,CUST-DT-0332,2635.23
2026-08-10 00:38:00,CUST-DT-0333,3938.43
2026-08-10 00:42:00,CUST-DT-0334,3938.2
2026-08-10 00:42:00,CUST-DT-0335,2690.26
2026-08-10 00:45:00,CUST-DT-0336,2745.11
2026-08-10 00:49:00,CUST-DT-0337,1013.69
2026-08-10 00:55:00,CUST-DT-0338,2436.65
2026-08-10 00:56:00,CUST-DT-0339,3171.8
2026-08-10 00:57:00,CUST-DT-0340,1693.71
2026-08-10 01:00:00,CUST-DT-0341,3631.89
2026-08-10 01:07:00,CUST-DT-0342,497.49
2026-08-10 01:07:00,CUST-DT-0343,4193.02
2026-08-10 01:12:00,CUST-DT-0344,1849.81
2026-08-10 01:14:00,CUST-DT-0345,1164.03
2026-08-10 01:16:00,CUST-DT-0346,2510.57
2026-08-10 01:18:00,CUST-DT-0347,2416.44
2026-08-10 01:21:00,CUST-DT-0348,1824.71
2026-08-10 01:28:00,CUST-DT-0349,999.14
2026-08-10 01:30:00,CUST-DT-0350,3258.22
2026-08-10 01:30:00,CUST-DT-0351,3655.56
2026-08-10 01:37:00,CUST-DT-0352,302.08
2026-08-10 01:39:00,CUST-DT-0353,2989.25
2026-08-10 01:42:00,CUST-DT-0354,4319.51
2026-08-10 01:44:00,CUST-DT-0355,1809.87
2026-08-10 01:46:00,CUST-DT-0356,2036.46
2026-08-10 01:52:00,CUST-DT-0357,1953.64
2026-08-10 01:52:00,CUST-DT-0358,1287.84
2026-08-10 01:58:00,CUST-DT-0359,440.66
2026-08-10 02:01:00,CUST-DT-0360,3889.07
2026-08-10 02:01:00,CUST-DT-0361,1051.22
2026-08-10 02:06:00,CUST-DT-0362,2199.16
2026-08-10 02:06:00,CUST-DT-0363,3332.36
2026-08-10 02:10:00,CUST-DT-0364,3527.19
2026-08-10 02:14:00,CUST-DT-0365,2324.5
2026-08-10 02:18:00,CUST-DT-0366,3058.37
2026-08-10 02:18:00,CUST-DT-0367,1383.54
2026-08-10 02:21:00,CUST-DT-0368,497.17
2026-08-10 02:26:00,CUST-DT-0369,1511.42
2026-08-10 02:31:00,CUST-DT-0370,2628.99
2026-08-10 02:31:00,CUST-DT-0371,3562.17
2026-08-10 02:37:00,CUST-DT-0372,428.12
2026-08-10 02:36:00,CUST-DT-0373,2069.59
2026-08-10 02:41:00,CUST-DT-0374,1926.97
2026-08-10 02:45:00,CUST-DT-0375,2068.55
2026-08-10 02:48:00,CUST-DT-0376,296.98
2026-08-10 02:51:00,CUST-DT-0377,2662.38
2026-08-10 02:54:00,CUST-DT-0378,2683.6
2026-08-10 02:58:00,CUST-DT-0379,909.48
2026-08-10 02:58:00,CUST-DT-0380,391.71
2026-08-10 03:04:00,CUST-DT-0381,3611.29
2026-08-10 03:05:00,CUST-DT-0382,1738.88
2026-08-10 03:09:00,CUST-DT-0383,320.64
2026-08-10 03:13:00,CUST-DT-0384,3766.46
2026-08-10 03:14:00,CUST-DT-0385,405.05
2026-08-10 03:16:00,CUST-DT-0386,234.03
2026-08-10 03:20:00,CUST-DT-0387,911.28
2026-08-10 03:23:00,CUST-DT-0388,2126.83
2026-08-10 03:24:00,CUST-DT-0389,1104.11
2026-08-10 03:31:00,CUST-DT-0390,1661.26
2026-08-10 03:33:00,CUST-DT-0391,1799.86
2026-08-10 03:36:00,CUST-DT-0392,4320.97
2026-08-10 03:36:00,CUST-DT-0393,630.61
2026-08-10 03:42:00,CUST-DT-0394,259.36
2026-08-10 03:44:00,CUST-DT-0395,1913.59
2026-08-10 03:45:00,CUST-DT-0396,4250.94
2026-08-10 03:50:00,CUST-DT-0397,3011.73
2026-08-10 03:52:00,CUST-DT-0398,1676.67
2026-08-10 03:54:00,CUST-DT-0399,2473.41
2026-08-10 04:01:00,CUST-DT-0400,1314.29
2026-08-10 04:04:00,CUST-DT-0401,2148.47
2026-08-10 04:03:00,CUST-DT-0402,627.1
2026-08-10 04:09:00,CUST-DT-0403,965.22
2026-08-10 04:11:00,CUST-DT-0404,944.58
2026-08-10 04:12:00,CUST-DT-0405,2563.37
2026-08-10 04:19:00,CUST-DT-0406,3867.03
2026-08-10 04:20:00,CUST-DT-0407,958.25
2026-08-10 04:25:00,CUST-DT-0408,3066.89
2026-08-10 04:24:00,CUST-DT-0409,1819.32
2026-08-10 04:28:00,CUST-DT-0410,2820.15
2026-08-10 04:33:00,CUST-DT-0411,558.28
2026-08-10 04:34:00,CUST-DT-0412,3142.4
2026-08-10 04:39:00,CUST-DT-0413,153.38
2026-08-10 04:43:00,CUST-DT-0414,1866.59
2026-08-10 04:44:00,CUST-DT-0415,2400.88
2026-08-10 04:49:00,CUST-DT-0416,4176.97
2026-08-10 04:51:00,CUST-DT-0417,4256.62
2026-08-10 04:51:00,CUST-DT-0418,869.12
2026-08-10 04:55:00,CUST-DT-0419,3123.87
2026-08-10 05:01:00,CUST-DT-0420,213.96
2026-08-10 05:03:00,CUST-DT-0421,1735.14
2026-08-10 05:03:00,CUST-DT-0422,3763.55
2026-08-10 05:07:00,CUST-DT-0423,172.07
2026-08-10 05:12:00,CUST-DT-0424,4253.77
2026-08-10 05:15:00,CUST-DT-0425,2888.64
2026-08-10 05:17:00,CUST-DT-0426,155.44
2026-08-10 05:20:00,CUST-DT-0427,1884.36
2026-08-10 05:24:00,CUST-DT-0428,2801.38
2026-08-10 05:24:00,CUST-DT-0429,2703.51
2026-08-10 05:28:00,CUST-DT-0430,474.23
2026-08-10 05:32:00,CUST-DT-0431,1626.58
2026-08-10 05:33:00,CUST-DT-0432,1681.32
2026-08-10 05:36:00,CUST-DT-0433,1891.22
2026-08-10 05:39:00,CUST-DT-0434,2651.92
2026-08-10 05:44:00,CUST-DT-0435,3533.44
2026-08-10 05:45:00,CUST-DT-0436,646.62
2026-08-10 05:49:00,CUST-DT-0437,3660.88
2026-08-10 05:55:00,CUST-DT-0438,3110.76
2026-08-10 05:56:00,CUST-DT-0439,1157.52
2026-08-10 05:59:00,CUST-DT-0440,4174.98
2026-08-10 06:04:00,CUST-DT-0441,483.97
2026-08-10 06:04:00,CUST-DT-0442,3535.43
2026-08-10 06:06:00,CUST-DT-0443,852.89
2026-08-10 06:13:00,CUST-DT-0444,2899.51
2026-08-10 06:14:00,CUST-DT-0445,4171.57
2026-08-10 06:19:00,CUST-DT-0446,4067.13
2026-08-10 06:19:00,CUST-DT-0447,1859.41
2026-08-10 06:23:00,CUST-DT-0448,1012.82
2026-08-10 06:25:00,CUST-DT-0449,3878.39
2026-08-10 06:28:00,CUST-DT-0450,3130.35
2026-08-10 06:32:00,CUST-DT-0451,245.37
2026-08-10 06:34:00,CUST-DT-0452,669.4
2026-08-10 06:37:00,CUST-DT-0453,3595.71
2026-08-10 06:40:00,CUST-DT-0454,583.34
2026-08-10 06:43:00,CUST-DT-0455,4366.53
2026-08-10 06:46:00,CUST-DT-0456,2738.53
2026-08-10 06:49:00,CUST-DT-0457,4437.7
2026-08-10 06:51:00,CUST-DT-0458,2594.08
2026-08-10 06:57:00,CUST-DT-0459,50.96
2026-08-10 06:58:00,CUST-DT-0460,2747.62
2026-08-10 07:02:00,CUST-DT-0461,195.55
2026-08-10 07:07:00,CUST-DT-0462,4055.23
2026-08-10 07:08:00,CUST-DT-0463,4017.37
2026-08-10 07:12:00,CUST-DT-0464,3075.8
2026-08-10 07:12:00,CUST-DT-0465,2980.84
2026-08-10 07:15:00,CUST-DT-0466,588.44
2026-08-10 07:21:00,CUST-DT-0467,515.99
2026-08-10 07:25:00,CUST-DT-0468,2302.8
2026-08-10 07:25:00,CUST-DT-0469,2291.04
2026-08-10 07:30:00,CUST-DT-0470,4365.6
2026-08-10 07:34:00,CUST-DT-0471,4262.55
2026-08-10 07:37:00,CUST-DT-0472,728.55
2026-08-10 07:37:00,CUST-DT-0473,518.16
2026-08-10 07:39:00,CUST-DT-0474,313.59
2026-08-10 07:44:00,CUST-DT-0475,3324.37
2026-08-10 07:48:00,CUST-DT-0476,4144.5
2026-08-10 07:51:00,CUST-DT-0477,1304.98
2026-08-10 07:54:00,CUST-DT-0478,3787.26
2026-08-10 07:55:00,CUST-DT-0479,2889.81
2026-08-10 08:00:00,CUST-DT-0480,2252.71
2026-08-10 08:01:00,CUST-DT-0481,355.83
2026-08-10 08:03:00,CUST-DT-0482,3626.8
2026-08-10 08:10:00,CUST-DT-0483,2590.66
2026-08-10 08:11:00,CUST-DT-0484,239.24
2026-08-10 08:15:00,CUST-DT-0485,3350.06
2026-08-10 08:17:00,CUST-DT-0486,2437.4
2026-08-10 08:18:00,CUST-DT-0487,934.93
2026-08-10 08:25:00,CUST-DT-0488,3413.28
2026-08-10 08:24:00,CUST-DT-0489,117.12
2026-08-10 08:27:00,CUST-DT-0490,2181.24
2026-08-10 08:32:00,CUST-DT-0491,3279.52
2026-08-10 08:35:00,CUST-DT-0492,1401.72
2026-08-10 08:39:00,CUST-DT-0493,4464.66
2026-08-10 08:39:00,CUST-DT-0494,3580.49
2026-08-10 08:42:00,CUST-DT-0495,2714.88
2026-08-10 08:49:00,CUST-DT-0496,2758.86
2026-08-10 08:49:00,CUST-DT-0497,1586.2
2026-08-10 08:52:00,CUST-DT-0498,600.43
2026-08-10 08:56:00,CUST-DT-0499,1814.59
2026-08-10 08:58:00,CUST-DT-0500,2939.6
2026-08-10 09:00:00,CUST-DT-0501,2617.92
2026-08-10 09:05:00,CUST-DT-0502,1165.86
2026-08-10 09:10:00,CUST-DT-0503,604.02
2026-08-10 09:10:00,CUST-DT-0504,2423.54
2026-08-10 09:16:00,CUST-DT-0505,3141.32
2026-08-10 09:17:00,CUST-DT-0506,1811.17
2026-08-10 09:21:00,CUST-DT-0507,208.13
2026-08-10 09:23:00,CUST-DT-0508,1545.88
2026-08-10 09:27:00,CUST-DT-0509,3800.34
2026-08-10 09:30:00,CUST-DT-0510,2202.82
2026-08-10 09:30:00,CUST-DT-0511,3253.65
2026-08-10 09:35:00,CUST-DT-0512,3591.02
2026-08-10 09:36:00,CUST-DT-0513,1867.31
2026-08-10 09:42:00,CUST-DT-0514,1680.24
2026-08-10 09:45:00,CUST-DT-0515,3109.21
2026-08-10 09:46:00,CUST-DT-0516,2937.0
2026-08-10 09:51:00,CUST-DT-0517,1592.63
2026-08-10 09:53:00,CUST-DT-0518,319.3
2026-08-10 09:55:00,CUST-DT-0519,1908.33
2026-08-10 09:58:00,CUST-DT-0520,3284.2
2026-08-10 10:00:00,CUST-DT-0521,1156.01
2026-08-10 10:03:00,CUST-DT-0522,2632.28
2026-08-10 10:10:00,CUST-DT-0523,1661.67
2026-08-10 10:11:00,CUST-DT-0524,877.53
2026-08-10 10:15:00,CUST-DT-0525,1034.2
2026-08-10 10:19:00,CUST-DT-0526,709.78
2026-08-10 10:21:00,CUST-DT-0527,2178.01
2026-08-10 10:21:00,CUST-DT-0528,4422.21
2026-08-10 10:28:00,CUST-DT-0529,462.59
2026-08-10 10:29:00,CUST-DT-0530,1155.57
2026-08-10 10:34:00,CUST-DT-0531,1793.59
2026-08-10 10:34:00,CUST-DT-0532,316.27
2026-08-10 10:39:00,CUST-DT-0533,3690.69
2026-08-10 10:43:00,CUST-DT-0534,3092.07
2026-08-10 10:45:00,CUST-DT-0535,453.75
2026-08-10 10:46:00,CUST-DT-0536,3641.6
2026-08-10 10:48:00,CUST-DT-0537,935.4
2026-08-10 10:52:00,CUST-DT-0538,329.95
2026-08-10 10:54:00,CUST-DT-0539,4037.13
2026-08-10 10:59:00,CUST-DT-0540,412.24
2026-08-10 11:04:00,CUST-DT-0541,3917.73
2026-08-10 11:05:00,CUST-DT-0542,670.59
2026-08-10 11:09:00,CUST-DT-0543,3906.19
2026-08-10 11:12:00,CUST-DT-0544,3753.61
2026-08-10 11:13:00,CUST-DT-0545,3704.65
2026-08-10 11:18:00,CUST-DT-0546,3441.3
2026-08-10 11:19:00,CUST-DT-0547,451.65
2026-08-10 11:25:00,CUST-DT-0548,1291.29
2026-08-10 11:26:00,CUST-DT-0549,2098.26
2026-08-10 11:27:00,CUST-DT-0550,2200.07
2026-08-10 11:34:00,CUST-DT-0551,748.72
2026-08-10 11:33:00,CUST-DT-0552,2931.26
2026-08-10 11:38:00,CUST-DT-0553,1753.06
2026-08-10 11:41:00,CUST-DT-0554,4166.6
2026-08-10 11:42:00,CUST-DT-0555,4198.69
2026-08-10 11:47:00,CUST-DT-0556,1092.86
2026-08-10 11:48:00,CUST-DT-0557,2231.17
2026-08-10 11:53:00,CUST-DT-0558,4125.81
2026-08-10 11:54:00,CUST-DT-0559,2653.64
2026-08-10 11:57:00,CUST-DT-0560,2552.95
2026-08-10 12:03:00,CUST-DT-0561,1259.11
2026-08-10 12:05:00,CUST-DT-0562,2034.46
2026-08-10 12:09:00,CUST-DT-0563,3781.54
2026-08-10 12:12:00,CUST-DT-0564,4157.98
2026-08-10 12:13:00,CUST-DT-0565,2802.84
2026-08-10 12:18:00,CUST-DT-0566,3479.27
2026-08-10 12:22:00,CUST-DT-0567,3982.15
2026-08-10 12:23:00,CUST-DT-0568,4235.54
2026-08-10 12:25:00,CUST-DT-0569,1684.06
2026-08-10 12:31:00,CUST-DT-0570,377.51
2026-08-10 12:33:00,CUST-DT-0571,3585.34
2026-08-10 12:36:00,CUST-DT-0572,2696.92
2026-08-10 12:39:00,CUST-DT-0573,171.68
2026-08-10 12:40:00,CUST-DT-0574,3880.56
2026-08-10 12:43:00,CUST-DT-0575,1869.37
2026-08-10 12:48:00,CUST-DT-0576,1412.47
2026-08-10 12:52:00,CUST-DT-0577,1215.34
2026-08-10 12:52:00,CUST-DT-0578,2302.55
2026-08-10 12:57:00,CUST-DT-0579,1196.59
2026-08-10 13:00:00,CUST-DT-0580,3343.26
2026-08-10 13:01:00,CUST-DT-0581,2952.7
2026-08-10 13:03:00,CUST-DT-0582,3211.02
2026-08-10 13:06:00,CUST-DT-0583,4075.64
2026-08-10 13:09:00,CUST-DT-0584,229.46
2026-08-10 13:12:00,CUST-DT-0585,733.43
2026-08-10 13:19:00,CUST-DT-0586,4079.38
2026-08-10 13:19:00,CUST-DT-0587,4201.06
2026-08-10 13:23:00,CUST-DT-0588,1121.79
2026-08-10 13:24:00,CUST-DT-0589,3747.61
2026-08-10 13:27:00,CUST-DT-0590,1445.74
2026-08-10 13:31:00,CUST-DT-0591,2678.77
2026-08-10 13:34:00,CUST-DT-0592,1150.97
2026-08-10 13:37:00,CUST-DT-0593,2896.24
2026-08-10 13:41:00,CUST-DT-0594,3856.02
2026-08-10 13:42:00,CUST-DT-0595,1151.98
2026-08-10 13:45:00,CUST-DT-0596,4232.67
2026-08-10 13:51:00,CUST-DT-0597,1258.09
2026-08-10 13:51:00,CUST-DT-0598,4121.2
2026-08-10 13:57:00,CUST-DT-0599,3728.75
2026-08-10 13:57:00,CUST-DT-0600,380.0
2026-08-10 14:02:00,CUST-DT-0601,2898.78
2026-08-10 14:05:00,CUST-DT-0602,1926.67
2026-08-10 14:09:00,CUST-DT-0603,2410.0
2026-08-10 14:12:00,CUST-DT-0604,2061.66
2026-08-10 14:14:00,CUST-DT-0605,1084.16
2026-08-10 14:18:00,CUST-DT-0606,653.73
2026-08-10 14:20:00,CUST-DT-0607,1129.25
2026-08-10 14:22:00,CUST-DT-0608,409.39
2026-08-10 14:24:00,CUST-DT-0609,2961.26
2026-08-10 14:28:00,CUST-DT-0610,1983.03
2026-08-10 14:30:00,CUST-DT-0611,2209.98
2026-08-10 14:35:00,CUST-DT-0612,2500.57
2026-08-10 14:36:00,CUST-DT-0613,738.0
2026-08-10 14:39:00,CUST-DT-0614,3370.66
2026-08-10 14:45:00,CUST-DT-0615,1269.22
2026-08-10 14:48:00,CUST-DT-0616,424.27
2026-08-10 14:49:00,CUST-DT-0617,309.4
2026-08-10 14:54:00,CUST-DT-0618,985.39
2026-08-10 14:58:00,CUST-DT-0619,2361.79
2026-08-10 15:00:00,CUST-DT-0620,187.98
2026-08-10 15:02:00,CUST-DT-0621,392.69
2026-08-10 15:05:00,CUST-DT-0622,4265.48
2026-08-10 15:10:00,CUST-DT-0623,2921.19
2026-08-10 15:12:00,CUST-DT-0624,2739.64
2026-08-10 15:16:00,CUST-DT-0625,3246.63
2026-08-10 15:17:00,CUST-DT-0626,2951.33
2026-08-10 15:18:00,CUST-DT-0627,2409.78
2026-08-10 15:24:00,CUST-DT-0628,4463.28
2026-08-10 15:24:00,CUST-DT-0629,629.4
2026-08-10 15:27:00,CUST-DT-0630,310.59
2026-08-10 15:30:00,CUST-DT-0631,763.07
2026-08-10 15:36:00,CUST-DT-0632,235.95
2026-08-10 15:38:00,CUST-DT-0633,114.09
2026-08-10 15:40:00,CUST-DT-0634,778.55
2026-08-10 15:45:00,CUST-DT-0635,2596.06
2026-08-10 15:45:00,CUST-DT-0636,4009.65
2026-08-10 15:48:00,CUST-DT-0637,2245.85
2026-08-10 15:52:00,CUST-DT-0638,3015.17
2026-08-10 15:57:00,CUST-DT-0639,850.51
2026-08-10 16:00:00,CUST-DT-0640,2584.57
2026-08-10 16:03:00,CUST-DT-0641,2150.07
2026-08-10 16:03:00,CUST-DT-0642,3308.12
2026-08-10 16:10:00,CUST-DT-0643,2352.01
2026-08-10 16:12:00,CUST-DT-0644,1291.38
2026-08-10 16:16:00,CUST-DT-0645,3626.9
2026-08-10 16:17:00,CUST-DT-0646,2307.8
2026-08-10 16:20:00,CUST-DT-0647,3943.53
2026-08-10 16:23:00,CUST-DT-0648,3116.04
2026-08-10 16:25:00,CUST-DT-0649,2636.25
2026-08-10 16:31:00,CUST-DT-0650,928.4
2026-08-10 16:33:00,CUST-DT-0651,1107.27
2026-08-10 16:36:00,CUST-DT-0652,3027.09
2026-08-10 16:36:00,CUST-DT-0653,825.95
2026-08-10 16:43:00,CUST-DT-0654,2107.74
2026-08-10 16:45:00,CUST-DT-0655,1012.42
2026-08-10 16:47:00,CUST-DT-0656,248.33
2026-08-10 16:49:00,CUST-DT-0657,3664.88
2026-08-10 16:55:00,CUST-DT-0658,2224.53
2026-08-10 16:58:00,CUST-DT-0659,963.14
2026-08-10 17:01:00,CUST-DT-0660,964.41
2026-08-10 17:02:00,CUST-DT-0661,1750.17
2026-08-10 17:03:00,CUST-DT-0662,3035.23
2026-08-10 17:08:00,CUST-DT-0663,362.7
2026-08-10 17:09:00,CUST-DT-0664,89.27
2026-08-10 17:15:00,CUST-DT-0665,2398.8
2026-08-10 17:16:00,CUST-DT-0666,1501.04
2026-08-10 17:20:00,CUST-DT-0667,3162.41
2026-08-10 17:25:00,CUST-DT-0668,2265.03
2026-08-10 17:28:00,CUST-DT-0669,1546.77
2026-08-10 17:30:00,CUST-DT-0670,1372.58
2026-08-10 17:31:00,CUST-DT-0671,896.44
2026-08-10 17:35:00,CUST-DT-0672,1390.81
2026-08-10 17:37:00,CUST-DT-0673,930.64
2026-08-10 17:40:00,CUST-DT-0674,3919.94
2026-08-10 17:42:00,CUST-DT-0675,2699.68
2026-08-10 17:49:00,CUST-DT-0676,1768.25
2026-08-10 17:52:00,CUST-DT-0677,66.15
2026-08-10 17:53:00,CUST-DT-0678,3665.24
2026-08-10 17:55:00,CUST-DT-0679,1261.88
2026-08-10 18:01:00,CUST-DT-0680,4044.24
2026-08-10 18:00:00,CUST-DT-0681,3854.88
2026-08-10 18:03:00,CUST-DT-0682,823.53
2026-08-10 18:08:00,CUST-DT-0683,3900.93
2026-08-10 18:10:00,CUST-DT-0684,1615.01
2026-08-10 18:12:00,CUST-DT-0685,4299.35
2026-08-10 18:19:00,CUST-DT-0686,504.6
2026-08-10 18:20:00,CUST-DT-0687,2088.68
2026-08-10 18:22:00,CUST-DT-0688,1954.29
2026-08-10 18:28:00,CUST-DT-0689,887.55
2026-08-10 18:27:00,CUST-DT-0690,2165.5
2026-08-10 18:32:00,CUST-DT-0691,2118.08
2026-08-10 18:35:00,CUST-DT-0692,1550.9
2026-08-10 18:37:00,CUST-DT-0693,3278.25
2026-08-10 18:43:00,CUST-DT-0694,4215.55
2026-08-10 18:43:00,CUST-DT-0695,2130.41
2026-08-10 18:48:00,CUST-DT-0696,1353.89
2026-08-10 18:50:00,CUST-DT-0697,2255.5
2026-08-10 18:54:00,CUST-DT-0698,245.87
2026-08-10 18:56:00,CUST-DT-0699,65.21
2026-08-10 19:00:00,CUST-DT-0700,2758.21
2026-08-10 19:03:00,CUST-DT-0701,1011.06
2026-08-10 19:04:00,CUST-DT-0702,1428.27
2026-08-10 19:09:00,CUST-DT-0703,399.21
2026-08-10 19:12:00,CUST-DT-0704,2776.1
2026-08-10 19:12:00,CUST-DT-0705,2076.83
2026-08-10 19:19:00,CUST-DT-0706,3811.69
2026-08-10 19:22:00,CUST-DT-0707,387.57
2026-08-10 19:25:00,CUST-DT-0708,3816.79
2026-08-10 19:26:00,CUST-DT-0709,1582.73
2026-08-10 19:30:00,CUST-DT-0710,2109.54
2026-08-10 19:32:00,CUST-DT-0711,3353.59
2026-08-10 19:35:00,CUST-DT-0712,451.21
2026-08-10 19:40:00,CUST-DT-0713,3005.25
2026-08-10 19:41:00,CUST-DT-0714,2194.73
2026-08-10 19:45:00,CUST-DT-0715,1714.12
2026-08-10 19:47:00,CUST-DT-0716,4208.66
2026-08-10 19:49:00,CUST-DT-0717,2298.76
2026-08-10 19:53:00,CUST-DT-0718,996.28
2026-08-10 19:54:00,CUST-DT-0719,2682.36
2026-08-10 20:00:00,CUST-DT-0720,4339.89
2026-08-10 20:02:00,CUST-DT-0721,1179.5
2026-08-10 20:06:00,CUST-DT-0722,128.88
2026-08-10 20:07:00,CUST-DT-0723,1136.11
2026-08-10 20:09:00,CUST-DT-0724,1652.66
2026-08-10 20:14:00,CUST-DT-0725,2705.07
2026-08-10 20:16:00,CUST-DT-0726,422.91
2026-08-10 20:19:00,CUST-DT-0727,593.53
2026-08-10 20:21:00,CUST-DT-0728,3225.25
2026-08-10 20:26:00,CUST-DT-0729,1685.66
2026-08-10 20:27:00,CUST-DT-0730,2859.92
2026-08-10 20:34:00,CUST-DT-0731,3087.31
2026-08-10 20:34:00,CUST-DT-0732,4181.44
2026-08-10 20:39:00,CUST-DT-0733,2506.31
2026-08-10 20:43:00,CUST-DT-0734,4206.76
2026-08-10 20:42:00,CUST-DT-0735,4015.83
2026-08-10 20:49:00,CUST-DT-0736,1164.25
2026-08-10 20:48:00,CUST-DT-0737,3910.48
2026-08-10 20:55:00,CUST-DT-0738,2037.69
2026-08-10 20:54:00,CUST-DT-0739,524.75
2026-08-10 20:57:00,CUST-DT-0740,3453.31
2026-08-10 21:02:00,CUST-DT-0741,506.58
2026-08-10 21:04:00,CUST-DT-0742,1128.95
2026-08-10 21:09:00,CUST-DT-0743,3718.37
2026-08-10 21:10:00,CUST-DT-0744,548.41
2026-08-10 21:15:00,CUST-DT-0745,3859.09
2026-08-10 21:15:00,CUST-DT-0746,3890.46
2026-08-10 21:21:00,CUST-DT-0747,4209.76
2026-08-10 21:25:00,CUST-DT-0748,3680.99
2026-08-10 21:25:00,CUST-DT-0749,1853.63
2026-08-10 21:29:00,CUST-DT-0750,3096.46
2026-08-10 21:33:00,CUST-DT-0751,3314.32
2026-08-10 21:36:00,CUST-DT-0752,3891.71
2026-08-10 21:40:00,CUST-DT-0753,2615.11
2026-08-10 21:39:00,CUST-DT-0754,1958.6
2026-08-10 21:44:00,CUST-DT-0755,4359.8
2026-08-10 21:47:00,CUST-DT-0756,51.07
2026-08-10 21:49:00,CUST-DT-0757,2838.14
2026-08-10 21:53:00,CUST-DT-0758,2877.01
2026-08-10 21:57:00,CUST-DT-0759,1348.3
2026-08-10 21:59:00,CUST-DT-0760,3921.26
2026-08-10 22:02:00,CUST-DT-0761,451.56
2026-08-10 22:07:00,CUST-DT-0762,218.55
2026-08-10 22:07:00,CUST-DT-0763,103.57
2026-08-10 22:11:00,CUST-DT-0764,441.73
2026-08-10 22:15:00,CUST-DT-0765,4149.96
2026-08-10 22:15:00,CUST-DT-0766,1194.58
2026-08-10 22:22:00,CUST-DT-0767,1511.38
2026-08-10 22:21:00,CUST-DT-0768,2548.72
2026-08-10 22:26:00,CUST-DT-0769,1213.74
2026-08-10 22:28:00,CUST-DT-0770,454.34
2026-08-10 22:32:00,CUST-DT-0771,1294.57
2026-08-10 22:37:00,CUST-DT-0772,1176.09
2026-08-10 22:36:00,CUST-DT-0773,3529.69
2026-08-10 22:39:00,CUST-DT-0774,3676.68
2026-08-10 22:46:00,CUST-DT-0775,616.83
2026-08-10 22:46:00,CUST-DT-0776,4353.27
2026-08-10 22:51:00,CUST-DT-0777,4360.07
2026-08-10 22:54:00,CUST-DT-0778,3369.06
2026-08-10 22:57:00,CUST-DT-0779,4138.35
2026-08-10 22:58:00,CUST-DT-0780,2676.13
2026-08-10 23:03:00,CUST-DT-0781,2330.64
2026-08-10 23:04:00,CUST-DT-0782,645.13
2026-08-10 23:09:00,CUST-DT-0783,2604.1
2026-08-10 23:09:00,CUST-DT-0784,2036.91
2026-08-10 23:12:00,CUST-DT-0785,499.21
2026-08-10 23:15:00,CUST-DT-0786,2935.11
2026-08-10 23:21:00,CUST-DT-0787,1754.51
2026-08-10 23:23:00,CUST-DT-0788,2150.24
2026-08-10 23:25:00,CUST-DT-0789,421.73
2026-08-10 23:28:00,CUST-DT-0790,1566.47
2026-08-10 23:31:00,CUST-DT-0791,1998.01
2026-08-10 23:34:00,CUST-DT-0792,3389.44
2026-08-10 23:39:00,CUST-DT-0793,1445.52
2026-08-10 23:43:00,CUST-DT-0794,3840.05
2026-08-10 23:45:00,CUST-DT-0795,3415.29
2026-08-10 23:48:00,CUST-DT-0796,3240.71
2026-08-10 23:48:00,CUST-DT-0797,3549.57
2026-08-10 23:53:00,CUST-DT-0798,2724.62
2026-08-10 23:56:00,CUST-DT-0799,4493.53
2026-08-10 23:58:00,CUST-DT-0800,3310.19
2026-08-11 00:03:00,CUST-DT-0801,2285.52
2026-08-11 00:04:00,CUST-DT-0802,3958.3
2026-08-11 00:06:00,CUST-DT-0803,2548.27
2026-08-11 00:09:00,CUST-DT-0804,1028.56
2026-08-11 00:15:00,CUST-DT-0805,2359.1
2026-08-11 00:16:00,CUST-DT-0806,2374.84
2026-08-11 00:22:00,CUST-DT-0807,440.4
2026-08-11 00:22:00,CUST-DT-0808,3281.16
2026-08-11 00:27:00,CUST-DT-0809,1327.78
2026-08-11 00:29:00,CUST-DT-0810,199.72
2026-08-11 00:30:00,CUST-DT-0811,78.37
2026-08-11 00:34:00,CUST-DT-0812,1669.15
2026-08-11 00:38:00,CUST-DT-0813,2212.2
2026-08-11 00:42:00,CUST-DT-0814,2857.21
2026-08-11 00:46:00,CUST-DT-0815,3753.37
2026-08-11 00:47:00,CUST-DT-0816,2171.47
2026-08-11 00:51:00,CUST-DT-0817,1763.98
2026-08-11 00:52:00,CUST-DT-0818,3705.15
2026-08-11 00:58:00,CUST-DT-0819,4175.54
2026-08-11 00:58:00,CUST-DT-0820,4217.97
2026-08-11 01:03:00,CUST-DT-0821,223.13
2026-08-11 01:07:00,CUST-DT-0822,3705.82
2026-08-11 01:07:00,CUST-DT-0823,253.15
2026-08-11 01:11:00,CUST-DT-0824,1662.62
2026-08-11 01:12:00,CUST-DT-0825,4110.88
2026-08-11 01:15:00,CUST-DT-0826,260.14
2026-08-11 01:19:00,CUST-DT-0827,442.49
2026-08-11 01:23:00,CUST-DT-0828,2708.93
2026-08-11 01:24:00,CUST-DT-0829,4418.38
2026-08-11 01:31:00,CUST-DT-0830,761.2
2026-08-11 01:32:00,CUST-DT-0831,830.99
2026-08-11 01:36:00,CUST-DT-0832,3764.3
2026-08-11 01:40:00,CUST-DT-0833,3244.29
2026-08-11 01:41:00,CUST-DT-0834,4366.0
2026-08-11 01:46:00,CUST-DT-0835,3684.83
2026-08-11 01:48:00,CUST-DT-0836,2971.24
2026-08-11 01:50:00,CUST-DT-0837,1202.02
2026-08-11 01:52:00,CUST-DT-0838,3853.67
2026-08-11 01:57:00,CUST-DT-0839,3331.69
2026-08-11 01:58:00,CUST-DT-0840,1090.21
2026-08-11 02:02:00,CUST-DT-0841,3783.25
2026-08-11 02:07:00,CUST-DT-0842,3702.84
2026-08-11 02:08:00,CUST-DT-0843,1032.92
2026-08-11 02:09:00,CUST-DT-0844,431.0
2026-08-11 02:15:00,CUST-DT-0845,3288.39
2026-08-11 02:17:00,CUST-DT-0846,3114.06
2026-08-11 02:20:00,CUST-DT-0847,331.39
2026-08-11 02:23:00,CUST-DT-0848,440.39
2026-08-11 02:25:00,CUST-DT-0849,280.89
2026-08-11 02:29:00,CUST-DT-0850,319.47
2026-08-11 02:34:00,CUST-DT-0851,2194.05
2026-08-11 02:37:00,CUST-DT-0852,1746.5
2026-08-11 02:38:00,CUST-DT-0853,3590.16
2026-08-11 02:42:00,CUST-DT-0854,1946.11
2026-08-11 02:42:00,CUST-DT-0855,1236.69
2026-08-11 02:46:00,CUST-DT-0856,3520.96
2026-08-11 02:50:00,CUST-DT-0857,234.63
2026-08-11 02:53:00,CUST-DT-0858,1008.43
2026-08-11 02:54:00,CUST-DT-0859,1056.34
2026-08-11 02:59:00,CUST-DT-0860,3294.57
2026-08-11 03:00:00,CUST-DT-0861,2758.87
2026-08-11 03:04:00,CUST-DT-0862,2914.11
2026-08-11 03:06:00,CUST-DT-0863,814.28
2026-08-11 03:13:00,CUST-DT-0864,685.24
2026-08-11 03:15:00,CUST-DT-0865,4156.61
2026-08-11 03:18:00,CUST-DT-0866,4153.24
2026-08-11 03:22:00,CUST-DT-0867,1523.45
2026-08-11 03:24:00,CUST-DT-0868,3389.81
2026-08-11 03:28:00,CUST-DT-0869,90.7
2026-08-11 03:29:00,CUST-DT-0870,2254.32
2026-08-11 03:30:00,CUST-DT-0871,704.33
2026-08-11 03:34:00,CUST-DT-0872,1482.72
2026-08-11 03:37:00,CUST-DT-0873,3704.01
2026-08-11 03:43:00,CUST-DT-0874,3001.95
2026-08-11 03:42:00,CUST-DT-0875,3874.03
2026-08-11 03:47:00,CUST-DT-0876,103.76
2026-08-11 03:52:00,CUST-DT-0877,199.25
2026-08-11 03:53:00,CUST-DT-0878,691.55
2026-08-11 03:54:00,CUST-DT-0879,2070.02
2026-08-11 03:57:00,CUST-DT-0880,324.49
2026-08-11 04:04:00,CUST-DT-0881,525.9
2026-08-11 04:05:00,CUST-DT-0882,799.46
2026-08-11 04:10:00,CUST-DT-0883,4162.03
2026-08-11 04:12:00,CUST-DT-0884,3667.91
2026-08-11 04:15:00,CUST-DT-0885,4163.97
2026-08-11 04:19:00,CUST-DT-0886,3747.86
2026-08-11 04:20:00,CUST-DT-0887,277.05
2026-08-11 04:24:00,CUST-DT-0888,915.22
2026-08-11 04:28:00,CUST-DT-0889,2988.38
2026-08-11 04:30:00,CUST-DT-0890,950.76
2026-08-11 04:33:00,CUST-DT-0891,663.96
2026-08-11 04:34:00,CUST-DT-0892,231.78
2026-08-11 04:37:00,CUST-DT-0893,2369.09
2026-08-11 04:42:00,CUST-DT-0894,3514.13
2026-08-11 04:45:00,CUST-DT-0895,2817.14
2026-08-11 04:46:00,CUST-DT-0896,2484.85
2026-08-11 04:50:00,CUST-DT-0897,4357.38
2026-08-11 04:55:00,CUST-DT-0898,4443.38
2026-08-11 04:58:00,CUST-DT-0899,645.52
2026-08-11 05:00:00,CUST-DT-0900,3646.21
2026-08-11 05:02:00,CUST-DT-0901,1231.13
2026-08-11 05:05:00,CUST-DT-0902,2267.65
2026-08-11 05:06:00,CUST-DT-0903,4430.06
2026-08-11 05:12:00,CUST-DT-0904,83.05
2026-08-11 05:12:00,CUST-DT-0905,1066.0
2026-08-11 05:19:00,CUST-DT-0906,3026.06
2026-08-11 05:18:00,CUST-DT-0907,3972.0
2026-08-11 05:22:00,CUST-DT-0908,1759.78
2026-08-11 05:25:00,CUST-DT-0909,3551.07
2026-08-11 05:29:00,CUST-DT-0910,68.94
2026-08-11 05:31:00,CUST-DT-0911,2529.84
2026-08-11 05:36:00,CUST-DT-0912,3482.57
2026-08-11 05:37:00,CUST-DT-0913,908.38
2026-08-11 05:40:00,CUST-DT-0914,1589.69
2026-08-11 05:46:00,CUST-DT-0915,3233.17
2026-08-11 05:47:00,CUST-DT-0916,2348.76
2026-08-11 05:48:00,CUST-DT-0917,2761.5
2026-08-11 05:55:00,CUST-DT-0918,4199.12
2026-08-11 05:54:00,CUST-DT-0919,3817.88
2026-08-11 06:00:00,CUST-DT-0920,3976.39
2026-08-11 06:01:00,CUST-DT-0921,2230.36
2026-08-11 06:07:00,CUST-DT-0922,2249.24
2026-08-11 06:10:00,CUST-DT-0923,2950.09
2026-08-11 06:11:00,CUST-DT-0924,1678.46
2026-08-11 06:12:00,CUST-DT-0925,147.83
2026-08-11 06:17:00,CUST-DT-0926,1640.99
2026-08-11 06:19:00,CUST-DT-0927,3372.4
2026-08-11 06:22:00,CUST-DT-0928,4382.66
2026-08-11 06:26:00,CUST-DT-0929,3082.98
2026-08-11 06:28:00,CUST-DT-0930,3400.56
2026-08-11 06:30:00,CUST-DT-0931,1812.56
2026-08-11 06:34:00,CUST-DT-0932,738.73
2026-08-11 06:40:00,CUST-DT-0933,1148.93
2026-08-11 06:42:00,CUST-DT-0934,2018.19
2026-08-11 06:45:00,CUST-DT-0935,1427.12
2026-08-11 06:49:00,CUST-DT-0936,1251.22
2026-08-11 06:50:00,CUST-DT-0937,3864.74
2026-08-11 06:52:00,CUST-DT-0938,1360.02
2026-08-11 06:57:00,CUST-DT-0939,913.17
2026-08-11 07:01:00,CUST-DT-0940,1052.12
2026-08-11 07:00:00,CUST-DT-0941,2741.51
2026-08-11 07:06:00,CUST-DT-0942,3375.57
2026-08-11 07:09:00,CUST-DT-0943,334.44
2026-08-11 07:12:00,CUST-DT-0944,3728.66
2026-08-11 07:15:00,CUST-DT-0945,2596.1
2026-08-11 07:15:00,CUST-DT-0946,4235.47
2026-08-11 07:19:00,CUST-DT-0947,1141.87
2026-08-11 07:25:00,CUST-DT-0948,1246.07
2026-08-11 07:24:00,CUST-DT-0949,92.52
2026-08-11 07:30:00,CUST-DT-0950,835.13
2026-08-11 07:31:00,CUST-DT-0951,3069.96
2026-08-11 07:34:00,CUST-DT-0952,4101.18
2026-08-11 07:38:00,CUST-DT-0953,3915.69
2026-08-11 07:42:00,CUST-DT-0954,2916.31
2026-08-11 07:45:00,CUST-DT-0955,3260.81
2026-08-11 07:47:00,CUST-DT-0956,2964.15
2026-08-11 07:49:00,CUST-DT-0957,1505.82
2026-08-11 07:53:00,CUST-DT-0958,2237.22
2026-08-11 07:58:00,CUST-DT-0959,1023.7
2026-08-11 07:59:00,CUST-DT-0960,2641.01
2026-08-11 08:03:00,CUST-DT-0961,795.82
2026-08-11 08:05:00,CUST-DT-0962,2985.57
2026-08-11 08:06:00,CUST-DT-0963,3544.43
2026-08-11 08:12:00,CUST-DT-0964,2858.19
2026-08-11 08:16:00,CUST-DT-0965,3103.77
2026-08-11 08:15:00,CUST-DT-0966,3643.63
2026-08-11 08:19:00,CUST-DT-0967,3804.14
2026-08-11 08:24:00,CUST-DT-0968,890.3
2026-08-11 08:27:00,CUST-DT-0969,1933.52
2026-08-11 08:28:00,CUST-DT-0970,798.82
2026-08-11 08:32:00,CUST-DT-0971,2647.31
2026-08-11 08:33:00,CUST-DT-0972,3319.63
2026-08-11 08:39:00,CUST-DT-0973,1439.85
2026-08-11 08:39:00,CUST-DT-0974,2722.97
2026-08-11 08:45:00,CUST-DT-0975,1451.5
2026-08-11 08:46:00,CUST-DT-0976,3057.69
2026-08-11 08:50:00,CUST-DT-0977,801.47
2026-08-11 08:51:00,CUST-DT-0978,2286.02
2026-08-11 08:57:00,CUST-DT-0979,3109.15
2026-08-11 08:57:00,CUST-DT-0980,3474.91
2026-08-11 09:02:00,CUST-DT-0981,1910.47
2026-08-11 09:04:00,CUST-DT-0982,818.37
2026-08-11 09:10:00,CUST-DT-0983,4341.69
2026-08-11 09:10:00,CUST-DT-0984,280.9
2026-08-11 09:14:00,CUST-DT-0985,4295.57
2026-08-11 09:19:00,CUST-DT-0986,1926.18
2026-08-11 09:21:00,CUST-DT-0987,3716.06
2026-08-11 09:25:00,CUST-DT-0988,3689.07
2026-08-11 09:25:00,CUST-DT-0989,1862.91
2026-08-11 09:28:00,CUST-DT-0990,1956.62
2026-08-11 09:32:00,CUST-DT-0991,1896.1
2026-08-11 09:36:00,CUST-DT-0992,3166.7
2026-08-11 09:39:00,CUST-DT-0993,2582.95
2026-08-11 09:41:00,CUST-DT-0994,2041.94
2026-08-11 09:42:00,CUST-DT-0995,2244.37
2026-08-11 09:49:00,CUST-DT-0996,275.85
2026-08-11 09:50:00,CUST-DT-0997,538.96
2026-08-11 09:54:00,CUST-DT-0998,3019.29
2026-08-11 09:57:00,CUST-DT-0999,644.1
2026-08-11 10:00:00,CUST-DT-1000,887.78
2026-08-11 10:02:00,CUST-DT-1001,781.95
2026-08-11 10:07:00,CUST-DT-1002,1859.65
2026-08-11 10:08:00,CUST-DT-1003,2557.65
2026-08-11 10:13:00,CUST-DT-1004,1595.62
2026-08-11 10:15:00,CUST-DT-1005,830.6
2026-08-11 10:15:00,CUST-DT-1006,2472.71
2026-08-11 10:20:00,CUST-DT-1007,657.54
2026-08-11 10:24:00,CUST-DT-1008,1691.36
2026-08-11 10:27:00,CUST-DT-1009,4409.58
2026-08-11 10:27:00,CUST-DT-1010,3553.21
2026-08-11 10:33:00,CUST-DT-1011,3044.47
2026-08-11 10:37:00,CUST-DT-1012,2535.77
2026-08-11 10:37:00,CUST-DT-1013,1376.17
2026-08-11 10:43:00,CUST-DT-1014,3734.69
2026-08-11 10:43:00,CUST-DT-1015,1410.28
2026-08-11 10:48:00,CUST-DT-1016,3710.99
2026-08-11 10:49:00,CUST-DT-1017,2298.81
2026-08-11 10:53:00,CUST-DT-1018,2399.04
2026-08-11 10:57:00,CUST-DT-1019,3854.33
2026-08-11 11:01:00,CUST-DT-1020,1611.05
2026-08-11 11:01:00,CUST-DT-1021,1112.84
2026-08-11 11:06:00,CUST-DT-1022,2462.7
2026-08-11 11:10:00,CUST-DT-1023,4324.62
2026-08-11 11:10:00,CUST-DT-1024,4234.06
2026-08-11 11:13:00,CUST-DT-1025,2324.67
2026-08-11 11:19:00,CUST-DT-1026,352.35
2026-08-11 11:22:00,CUST-DT-1027,1403.56
2026-08-11 11:21:00,CUST-DT-1028,4452.66
2026-08-11 11:25:00,CUST-DT-1029,1123.84
2026-08-11 11:31:00,CUST-DT-1030,4201.23
2026-08-11 11:32:00,CUST-DT-1031,2717.93
2026-08-11 11:37:00,CUST-DT-1032,1111.76
2026-08-11 11:39:00,CUST-DT-1033,1632.19
2026-08-11 11:40:00,CUST-DT-1034,4448.4
2026-08-11 11:43:00,CUST-DT-1035,1407.91
2026-08-11 11:45:00,CUST-DT-1036,3053.76
2026-08-11 11:50:00,CUST-DT-1037,4229.91
2026-08-11 11:53:00,CUST-DT-1038,3405.35
2026-08-11 11:55:00,CUST-DT-1039,212.66
2026-08-11 11:57:00,CUST-DT-1040,1405.47
2026-08-11 12:03:00,CUST-DT-1041,1786.48
2026-08-11 12:05:00,CUST-DT-1042,2891.74
2026-08-11 12:07:00,CUST-DT-1043,4332.53
2026-08-11 12:12:00,CUST-DT-1044,2193.79
2026-08-11 12:15:00,CUST-DT-1045,3286.6
2026-08-11 12:19:00,CUST-DT-1046,3565.43
2026-08-11 12:18:00,CUST-DT-1047,2089.04
2026-08-11 12:24:00,CUST-DT-1048,3266.13
2026-08-11 12:27:00,CUST-DT-1049,312.03
2026-08-11 12:28:00,CUST-DT-1050,3649.58
2026-08-11 12:33:00,CUST-DT-1051,4003.6
2026-08-11 12:34:00,CUST-DT-1052,4485.96
2026-08-11 12:36:00,CUST-DT-1053,3424.9
2026-08-11 12:42:00,CUST-DT-1054,2910.81
2026-08-11 12:42:00,CUST-DT-1055,1015.39
2026-08-11 12:47:00,CUST-DT-1056,197.08
2026-08-11 12:51:00,CUST-DT-1057,2488.69
2026-08-11 12:53:00,CUST-DT-1058,3678.64
2026-08-11 12:58:00,CUST-DT-1059,2416.85
2026-08-11 12:58:00,CUST-DT-1060,1674.67
2026-08-11 13:02:00,CUST-DT-1061,3192.49
2026-08-11 13:03:00,CUST-DT-1062,328.28
2026-08-11 13:10:00,CUST-DT-1063,2875.08
2026-08-11 13:13:00,CUST-DT-1064,3048.4
2026-08-11 13:12:00,CUST-DT-1065,4018.06
2026-08-11 13:19:00,CUST-DT-1066,3015.02
2026-08-11 13:20:00,CUST-DT-1067,878.56
2026-08-11 13:25:00,CUST-DT-1068,437.91
2026-08-11 13:26:00,CUST-DT-1069,116.52
2026-08-11 13:31:00,CUST-DT-1070,3788.13
2026-08-11 13:31:00,CUST-DT-1071,118.66
2026-08-11 13:34:00,CUST-DT-1072,2113.57
2026-08-11 13:38:00,CUST-DT-1073,3850.7
2026-08-11 13:41:00,CUST-DT-1074,3236.93
2026-08-11 13:42:00,CUST-DT-1075,3201.46
2026-08-11 13:48:00,CUST-DT-1076,3662.2
2026-08-11 13:48:00,CUST-DT-1077,81.6
2026-08-11 13:55:00,CUST-DT-1078,1160.99
2026-08-11 13:58:00,CUST-DT-1079,2466.93
2026-08-11 13:57:00,CUST-DT-1080,1361.84
2026-08-11 14:02:00,CUST-DT-1081,925.79
2026-08-11 14:07:00,CUST-DT-1082,908.92
2026-08-11 14:06:00,CUST-DT-1083,1151.27
2026-08-11 14:11:00,CUST-DT-1084,253.86
2026-08-11 14:13:00,CUST-DT-1085,3653.35
2026-08-11 14:16:00,CUST-DT-1086,3999.04
2026-08-11 14:18:00,CUST-DT-1087,4408.21
2026-08-11 14:25:00,CUST-DT-1088,4310.49
2026-08-11 14:27:00,CUST-DT-1089,3632.09
2026-08-11 14:27:00,CUST-DT-1090,3361.37
2026-08-11 14:33:00,CUST-DT-1091,4117.08
2026-08-11 14:35:00,CUST-DT-1092,3599.73
2026-08-11 14:38:00,CUST-DT-1093,3882.46
2026-08-11 14:42:00,CUST-DT-1094,1965.18
2026-08-11 14:43:00,CUST-DT-1095,360.66
2026-08-11 14:46:00,CUST-DT-1096,167.3
2026-08-11 14:48:00,CUST-DT-1097,4232.09
2026-08-11 14:55:00,CUST-DT-1098,2398.62
2026-08-11 14:56:00,CUST-DT-1099,4234.61
2026-08-11 14:58:00,CUST-DT-1100,2684.67
2026-08-11 15:01:00,CUST-DT-1101,3943.05
2026-08-11 15:06:00,CUST-DT-1102,1054.92
2026-08-11 15:10:00,CUST-DT-1103,2489.68
2026-08-11 15:10:00,CUST-DT-1104,1651.33
2026-08-11 15:15:00,CUST-DT-1105,2327.97
2026-08-11 15:15:00,CUST-DT-1106,920.9
2026-08-11 15:19:00,CUST-DT-1107,1444.01
2026-08-11 15:25:00,CUST-DT-1108,3503.44
2026-08-11 15:28:00,CUST-DT-1109,1844.94
2026-08-11 15:27:00,CUST-DT-1110,4035.92
2026-08-11 15:34:00,CUST-DT-1111,2078.27
2026-08-11 15:36:00,CUST-DT-1112,4310.78
2026-08-11 15:37:00,CUST-DT-1113,254.24
2026-08-11 15:42:00,CUST-DT-1114,2032.21
2026-08-11 15:44:00,CUST-DT-1115,2556.11
2026-08-11 15:45:00,CUST-DT-1116,50.66
2026-08-11 15:52:00,CUST-DT-1117,3019.07
2026-08-11 15:55:00,CUST-DT-1118,442.82
2026-08-11 15:58:00,CUST-DT-1119,247.71
2026-08-11 16:00:00,CUST-DT-1120,1002.22
2026-08-11 16:04:00,CUST-DT-1121,4173.18
2026-08-11 16:04:00,CUST-DT-1122,3940.39
2026-08-11 16:10:00,CUST-DT-1123,1978.14
2026-08-11 16:09:00,CUST-DT-1124,4447.8
2026-08-11 16:12:00,CUST-DT-1125,450.65
2026-08-11 16:18:00,CUST-DT-1126,1983.38
2026-08-11 16:18:00,CUST-DT-1127,968.93
2026-08-11 16:25:00,CUST-DT-1128,3584.4
2026-08-11 16:25:00,CUST-DT-1129,2538.57
2026-08-11 16:30:00,CUST-DT-1130,2697.8
2026-08-11 16:34:00,CUST-DT-1131,203.25
2026-08-11 16:33:00,CUST-DT-1132,1773.76
2026-08-11 16:36:00,CUST-DT-1133,1962.61
2026-08-11 16:41:00,CUST-DT-1134,4049.55
2026-08-11 16:44:00,CUST-DT-1135,3880.83
2026-08-11 16:48:00,CUST-DT-1136,74.82
2026-08-11 16:51:00,CUST-DT-1137,3430.66
2026-08-11 16:52:00,CUST-DT-1138,4028.69
2026-08-11 16:57:00,CUST-DT-1139,2791.15
2026-08-11 17:00:00,CUST-DT-1140,3194.77
2026-08-11 17:04:00,CUST-DT-1141,3735.63
2026-08-11 17:06:00,CUST-DT-1142,137.13
2026-08-11 17:08:00,CUST-DT-1143,3585.07
2026-08-11 17:11:00,CUST-DT-1144,3568.45
2026-08-11 17:14:00,CUST-DT-1145,987.09
2026-08-11 17:16:00,CUST-DT-1146,1559.38
2026-08-11 17:19:00,CUST-DT-1147,3533.86
2026-08-11 17:24:00,CUST-DT-1148,178.9
2026-08-11 17:25:00,CUST-DT-1149,1340.65
2026-08-11 17:30:00,CUST-DT-1150,3936.42
2026-08-11 17:30:00,CUST-DT-1151,2272.76
2026-08-11 17:34:00,CUST-DT-1152,2259.39
2026-08-11 17:40:00,CUST-DT-1153,2094.91
2026-08-11 17:41:00,CUST-DT-1154,2195.72
2026-08-11 17:46:00,CUST-DT-1155,2890.61
2026-08-11 17:48:00,CUST-DT-1156,270.96
2026-08-11 17:49:00,CUST-DT-1157,648.87
2026-08-11 17:53:00,CUST-DT-1158,1392.07
2026-08-11 17:58:00,CUST-DT-1159,4008.15
2026-08-11 18:01:00,CUST-DT-1160,3991.23
2026-08-11 18:00:00,CUST-DT-1161,459.85
2026-08-11 18:04:00,CUST-DT-1162,1595.65
2026-08-11 18:10:00,CUST-DT-1163,2505.65
2026-08-11 18:12:00,CUST-DT-1164,2471.7
2026-08-11 18:12:00,CUST-DT-1165,110.42
2026-08-11 18:18:00,CUST-DT-1166,3685.97
2026-08-11 18:19:00,CUST-DT-1167,2743.16
2026-08-11 18:21:00,CUST-DT-1168,2432.98
2026-08-11 18:27:00,CUST-DT-1169,1010.89
2026-08-11 18:27:00,CUST-DT-1170,3213.59
2026-08-11 18:33:00,CUST-DT-1171,2351.71
2026-08-11 18:35:00,CUST-DT-1172,1333.63
2026-08-11 18:39:00,CUST-DT-1173,955.67
2026-08-11 18:42:00,CUST-DT-1174,3525.55
2026-08-11 18:42:00,CUST-DT-1175,1608.54
2026-08-11 18:49:00,CUST-DT-1176,1160.07
2026-08-11 18:50:00,CUST-DT-1177,2366.34
2026-08-11 18:51:00,CUST-DT-1178,1205.37
2026-08-11 18:56:00,CUST-DT-1179,2971.79
2026-08-11 18:59:00,CUST-DT-1180,3746.45
2026-08-11 19:02:00,CUST-DT-1181,1209.73
2026-08-11 19:07:00,CUST-DT-1182,219.18
2026-08-11 19:10:00,CUST-DT-1183,4272.09
2026-08-11 19:12:00,CUST-DT-1184,3936.42
2026-08-11 19:12:00,CUST-DT-1185,94.61
2026-08-11 19:18:00,CUST-DT-1186,567.42
2026-08-11 19:18:00,CUST-DT-1187,80.38
2026-08-11 19:22:00,CUST-DT-1188,2503.68
2026-08-11 19:27:00,CUST-DT-1189,3096.4
2026-08-11 19:27:00,CUST-DT-1190,736.78
2026-08-11 19:32:00,CUST-DT-1191,1170.78
2026-08-11 19:33:00,CUST-DT-1192,1645.28
2026-08-11 19:38:00,CUST-DT-1193,295.44
2026-08-11 19:39:00,CUST-DT-1194,4146.05
2026-08-11 19:42:00,CUST-DT-1195,2580.3
2026-08-11 19:49:00,CUST-DT-1196,3118.67
2026-08-11 19:48:00,CUST-DT-1197,1370.34
2026-08-11 19:52:00,CUST-DT-1198,4109.57
2026-08-11 19:58:00,CUST-DT-1199,1366.57
2026-08-11 20:00:00,CUST-DT-1200,1275.61
2026-08-11 20:02:00,CUST-DT-1201,3969.49
2026-08-11 20:06:00,CUST-DT-1202,3803.47
2026-08-11 20:07:00,CUST-DT-1203,52.53
2026-08-11 20:10:00,CUST-DT-1204,1223.15
2026-08-11 20:16:00,CUST-DT-1205,1612.32
2026-08-11 20:16:00,CUST-DT-1206,2026.39
2026-08-11 20:19:00,CUST-DT-1207,1583.29
2026-08-11 20:22:00,CUST-DT-1208,2917.01
2026-08-11 20:27:00,CUST-DT-1209,405.8
2026-08-11 20:31:00,CUST-DT-1210,4450.85
2026-08-11 20:30:00,CUST-DT-1211,788.44
2026-08-11 20:35:00,CUST-DT-1212,2212.42
2026-08-11 20:38:00,CUST-DT-1213,3117.68
2026-08-11 20:40:00,CUST-DT-1214,225.89
2026-08-11 20:46:00,CUST-DT-1215,1561.03
2026-08-11 20:45:00,CUST-DT-1216,2974.02
2026-08-11 20:52:00,CUST-DT-1217,2922.27
2026-08-11 20:55:00,CUST-DT-1218,2782.04
2026-08-11 20:54:00,CUST-DT-1219,3526.22
2026-08-11 20:57:00,CUST-DT-1220,2546.93
2026-08-11 21:00:00,CUST-DT-1221,2513.48
2026-08-11 21:07:00,CUST-DT-1222,838.16
2026-08-11 21:09:00,CUST-DT-1223,4413.05
2026-08-11 21:13:00,CUST-DT-1224,2782.62
2026-08-11 21:13:00,CUST-DT-1225,2906.76
2026-08-11 21:15:00,CUST-DT-1226,2862.07
2026-08-11 21:22:00,CUST-DT-1227,1271.22
2026-08-11 21:21:00,CUST-DT-1228,2748.88
2026-08-11 21:26:00,CUST-DT-1229,1187.62
2026-08-11 21:30:00,CUST-DT-1230,449.27
2026-08-11 21:34:00,CUST-DT-1231,4126.38
2026-08-11 21:35:00,CUST-DT-1232,2849.62
2026-08-11 21:40:00,CUST-DT-1233,3829.52
2026-08-11 21:40:00,CUST-DT-1234,3175.14
2026-08-11 21:46:00,CUST-DT-1235,1326.01
2026-08-11 21:49:00,CUST-DT-1236,3924.07
2026-08-11 21:50:00,CUST-DT-1237,3634.59
2026-08-11 21:53:00,CUST-DT-1238,3546.78
2026-08-11 21:56:00,CUST-DT-1239,3512.96
2026-08-11 21:57:00,CUST-DT-1240,4483.64
2026-08-11 22:01:00,CUST-DT-1241,2278.1
2026-08-11 22:04:00,CUST-DT-1242,2567.45
2026-08-11 22:08:00,CUST-DT-1243,3937.46
2026-08-11 22:11:00,CUST-DT-1244,2180.26
2026-08-11 22:16:00,CUST-DT-1245,3016.32
2026-08-11 22:16:00,CUST-DT-1246,3478.69
2026-08-11 22:19:00,CUST-DT-1247,1520.84
2026-08-11 22:25:00,CUST-DT-1248,816.16
2026-08-11 22:28:00,CUST-DT-1249,3520.1
2026-08-11 22:29:00,CUST-DT-1250,486.08
2026-08-11 22:34:00,CUST-DT-1251,813.98
2026-08-11 22:36:00,CUST-DT-1252,3019.95
2026-08-11 22:40:00,CUST-DT-1253,1007.13
2026-08-11 22:41:00,CUST-DT-1254,651.23
2026-08-11 22:46:00,CUST-DT-1255,3604.85
2026-08-11 22:45:00,CUST-DT-1256,3562.31
2026-08-11 22:49:00,CUST-DT-1257,2666.15
2026-08-11 22:55:00,CUST-DT-1258,3085.25
2026-08-11 22:56:00,CUST-DT-1259,2236.54
2026-08-11 23:01:00,CUST-DT-1260,1692.24
2026-08-11 23:01:00,CUST-DT-1261,4494.63
2026-08-11 23:04:00,CUST-DT-1262,3342.68
2026-08-11 23:08:00,CUST-DT-1263,1708.12
2026-08-11 23:13:00,CUST-DT-1264,2872.67
2026-08-11 23:16:00,CUST-DT-1265,3620.36
2026-08-11 23:19:00,CUST-DT-1266,4462.63
2026-08-11 23:21:00,CUST-DT-1267,4192.61
2026-08-11 23:25:00,CUST-DT-1268,3604.58
2026-08-11 23:28:00,CUST-DT-1269,2703.6
2026-08-11 23:27:00,CUST-DT-1270,3094.97
2026-08-11 23:30:00,CUST-DT-1271,3729.77
2026-08-11 23:36:00,CUST-DT-1272,3282.21
2026-08-11 23:39:00,CUST-DT-1273,3964.86
2026-08-11 23:42:00,CUST-DT-1274,2039.58
2026-08-11 23:46:00,CUST-DT-1275,3341.74
2026-08-11 23:48:00,CUST-DT-1276,591.33
2026-08-11 23:48:00,CUST-DT-1277,3079.64
2026-08-11 23:55:00,CUST-DT-1278,4099.98
2026-08-11 23:58:00,CUST-DT-1279,2822.35
2026-08-12 00:01:00,CUST-DT-1280,3132.08
2026-08-12 00:02:00,CUST-DT-1281,1976.39
2026-08-12 00:06:00,CUST-DT-1282,960.32
2026-08-12 00:07:00,CUST-DT-1283,4334.68
2026-08-12 00:12:00,CUST-DT-1284,2715.52
2026-08-12 00:12:00,CUST-DT-1285,4373.58
2026-08-12 00:19:00,CUST-DT-1286,3320.48
2026-08-12 00:21:00,CUST-DT-1287,4399.21
2026-08-12 00:22:00,CUST-DT-1288,2314.62
2026-08-12 00:27:00,CUST-DT-1289,663.45
2026-08-12 00:28:00,CUST-DT-1290,3364.25
2026-08-12 00:32:00,CUST-DT-1291,3318.95
2026-08-12 00:33:00,CUST-DT-1292,2877.14
2026-08-12 00:36:00,CUST-DT-1293,1302.83
2026-08-12 00:42:00,CUST-DT-1294,2344.63
2026-08-12 00:43:00,CUST-DT-1295,3268.94
2026-08-12 00:45:00,CUST-DT-1296,1006.49
2026-08-12 00:51:00,CUST-DT-1297,2176.5
2026-08-12 00:52:00,CUST-DT-1298,1597.8
2026-08-12 00:58:00,CUST-DT-1299,402.41
2026-08-12 01:01:00,CUST-DT-1300,655.71
2026-08-12 01:00:00,CUST-DT-1301,568.15
2026-08-12 01:07:00,CUST-DT-1302,3645.45
2026-08-12 01:10:00,CUST-DT-1303,1541.13
2026-08-12 01:09:00,CUST-DT-1304,4459.13
2026-08-12 01:13:00,CUST-DT-1305,1514.53
2026-08-12 01:19:00,CUST-DT-1306,2236.14
2026-08-12 01:21:00,CUST-DT-1307,3862.91
2026-08-12 01:24:00,CUST-DT-1308,644.87
2026-08-12 01:28:00,CUST-DT-1309,2782.75
2026-08-12 01:28:00,CUST-DT-1310,2240.62
2026-08-12 01:32:00,CUST-DT-1311,1018.99
2026-08-12 01:34:00,CUST-DT-1312,266.38
2026-08-12 01:36:00,CUST-DT-1313,958.0
2026-08-12 01:40:00,CUST-DT-1314,625.54
2026-08-12 01:46:00,CUST-DT-1315,2503.72
2026-08-12 01:47:00,CUST-DT-1316,4262.96
2026-08-12 01:51:00,CUST-DT-1317,822.11
2026-08-12 01:53:00,CUST-DT-1318,4223.35
2026-08-12 01:56:00,CUST-DT-1319,1636.12
2026-08-12 01:59:00,CUST-DT-1320,692.13
2026-08-12 02:03:00,CUST-DT-1321,3508.29
2026-08-12 02:04:00,CUST-DT-1322,3005.26
2026-08-12 02:09:00,CUST-DT-1323,4299.42
2026-08-12 02:09:00,CUST-DT-1324,1653.34
2026-08-12 02:12:00,CUST-DT-1325,2170.76
2026-08-12 02:15:00,CUST-DT-1326,2878.36
2026-08-12 02:20:00,CUST-DT-1327,4083.26
2026-08-12 02:23:00,CUST-DT-1328,3449.88
2026-08-12 02:26:00,CUST-DT-1329,4197.99
2026-08-12 02:27:00,CUST-DT-1330,941.0
2026-08-12 02:31:00,CUST-DT-1331,2178.67
2026-08-12 02:35:00,CUST-DT-1332,236.76
2026-08-12 02:40:00,CUST-DT-1333,3640.93
2026-08-12 02:40:00,CUST-DT-1334,2030.01
2026-08-12 02:46:00,CUST-DT-1335,122.65
2026-08-12 02:45:00,CUST-DT-1336,447.01
2026-08-12 02:49:00,CUST-DT-1337,2808.11
2026-08-12 02:51:00,CUST-DT-1338,2097.37
2026-08-12 02:58:00,CUST-DT-1339,2355.71
2026-08-12 03:00:00,CUST-DT-1340,2079.62
2026-08-12 03:03:00,CUST-DT-1341,3533.93
2026-08-12 03:03:00,CUST-DT-1342,699.87
2026-08-12 03:08:00,CUST-DT-1343,3090.69
2026-08-12 03:12:00,CUST-DT-1344,4312.58
2026-08-12 03:12:00,CUST-DT-1345,3937.51
2026-08-12 03:18:00,CUST-DT-1346,258.98
2026-08-12 03:18:00,CUST-DT-1347,2933.76
2026-08-12 03:24:00,CUST-DT-1348,1010.51
2026-08-12 03:26:00,CUST-DT-1349,326.93
2026-08-12 03:27:00,CUST-DT-1350,3515.43
2026-08-12 03:32:00,CUST-DT-1351,2533.76
2026-08-12 03:34:00,CUST-DT-1352,2472.05
2026-08-12 03:40:00,CUST-DT-1353,620.48
2026-08-12 03:42:00,CUST-DT-1354,4160.64
2026-08-12 03:42:00,CUST-DT-1355,448.75
2026-08-12 03:47:00,CUST-DT-1356,3914.35
2026-08-12 03:48:00,CUST-DT-1357,4056.2
2026-08-12 03:51:00,CUST-DT-1358,787.02
2026-08-12 03:54:00,CUST-DT-1359,386.8
2026-08-12 04:01:00,CUST-DT-1360,705.5
2026-08-12 04:01:00,CUST-DT-1361,2245.76
2026-08-12 04:05:00,CUST-DT-1362,2286.99
2026-08-12 04:10:00,CUST-DT-1363,3378.42
2026-08-12 04:13:00,CUST-DT-1364,675.38
2026-08-12 04:14:00,CUST-DT-1365,2559.61
2026-08-12 04:18:00,CUST-DT-1366,4121.4
2026-08-12 04:22:00,CUST-DT-1367,2778.85
2026-08-12 04:24:00,CUST-DT-1368,85.72
2026-08-12 04:28:00,CUST-DT-1369,2966.28
2026-08-12 04:30:00,CUST-DT-1370,4113.73
2026-08-12 04:33:00,CUST-DT-1371,4169.79
2026-08-12 04:35:00,CUST-DT-1372,2444.49
2026-08-12 04:36:00,CUST-DT-1373,805.65
2026-08-12 04:40:00,CUST-DT-1374,3387.7
2026-08-12 04:44:00,CUST-DT-1375,332.51
2026-08-12 04:45:00,CUST-DT-1376,887.11
2026-08-12 04:48:00,CUST-DT-1377,4044.94
2026-08-12 04:54:00,CUST-DT-1378,1474.71
2026-08-12 04:57:00,CUST-DT-1379,3200.73
2026-08-12 05:01:00,CUST-DT-1380,4353.43
2026-08-12 05:01:00,CUST-DT-1381,567.86
2026-08-12 05:04:00,CUST-DT-1382,4138.27
2026-08-12 05:10:00,CUST-DT-1383,2403.9
2026-08-12 05:13:00,CUST-DT-1384,2624.01
2026-08-12 05:12:00,CUST-DT-1385,641.33
2026-08-12 05:18:00,CUST-DT-1386,2082.74
2026-08-12 05:18:00,CUST-DT-1387,1132.74
2026-08-12 05:23:00,CUST-DT-1388,1236.4
2026-08-12 05:26:00,CUST-DT-1389,103.66
2026-08-12 05:29:00,CUST-DT-1390,3870.96
2026-08-12 05:34:00,CUST-DT-1391,152.87
2026-08-12 05:36:00,CUST-DT-1392,1072.15
2026-08-12 05:39:00,CUST-DT-1393,726.61
2026-08-12 05:43:00,CUST-DT-1394,1649.55
2026-08-12 05:45:00,CUST-DT-1395,1868.52
2026-08-12 05:49:00,CUST-DT-1396,704.48
2026-08-12 05:52:00,CUST-DT-1397,3486.87
2026-08-12 05:53:00,CUST-DT-1398,3486.54
2026-08-12 05:56:00,CUST-DT-1399,2816.85
2026-08-12 06:01:00,CUST-DT-1400,949.56
2026-08-12 06:04:00,CUST-DT-1401,3017.9
2026-08-12 06:07:00,CUST-DT-1402,3923.75
2026-08-12 06:10:00,CUST-DT-1403,2329.72
2026-08-12 06:10:00,CUST-DT-1404,1740.96
2026-08-12 06:14:00,CUST-DT-1405,4352.94
2026-08-12 06:19:00,CUST-DT-1406,1046.35
2026-08-12 06:18:00,CUST-DT-1407,4469.81
2026-08-12 06:21:00,CUST-DT-1408,976.94
2026-08-12 06:26:00,CUST-DT-1409,4066.68
2026-08-12 06:30:00,CUST-DT-1410,1152.19
2026-08-12 06:34:00,CUST-DT-1411,3055.69
2026-08-12 06:35:00,CUST-DT-1412,3950.21
2026-08-12 06:39:00,CUST-DT-1413,724.93
2026-08-12 06:39:00,CUST-DT-1414,3705.34
2026-08-12 06:42:00,CUST-DT-1415,3366.41
2026-08-12 06:45:00,CUST-DT-1416,3391.37
2026-08-12 06:48:00,CUST-DT-1417,4134.57
2026-08-12 06:53:00,CUST-DT-1418,1882.67
2026-08-12 06:58:00,CUST-DT-1419,1704.92
2026-08-12 06:57:00,CUST-DT-1420,3254.03
2026-08-12 07:03:00,CUST-DT-1421,788.81
2026-08-12 07:04:00,CUST-DT-1422,355.18
2026-08-12 07:07:00,CUST-DT-1423,3863.42
2026-08-12 07:10:00,CUST-DT-1424,634.58
2026-08-12 07:14:00,CUST-DT-1425,3875.57
2026-08-12 07:15:00,CUST-DT-1426,2513.88
2026-08-12 07:19:00,CUST-DT-1427,994.75
2026-08-12 07:21:00,CUST-DT-1428,360.64
2026-08-12 07:27:00,CUST-DT-1429,4052.61
2026-08-12 07:31:00,CUST-DT-1430,2034.18
2026-08-12 07:30:00,CUST-DT-1431,3928.13
2026-08-12 07:36:00,CUST-DT-1432,1067.95
2026-08-12 07:39:00,CUST-DT-1433,2346.35
2026-08-12 07:40:00,CUST-DT-1434,3252.5
2026-08-12 07:46:00,CUST-DT-1435,2835.67
2026-08-12 07:47:00,CUST-DT-1436,1210.37
2026-08-12 07:52:00,CUST-DT-1437,1187.2
2026-08-12 07:54:00,CUST-DT-1438,298.84
2026-08-12 07:56:00,CUST-DT-1439,337.65
2026-08-12 07:57:00,CUST-DT-1440,1148.49
2026-08-12 08:01:00,CUST-DT-1441,864.04
2026-08-12 08:07:00,CUST-DT-1442,1911.0
2026-08-12 08:06:00,CUST-DT-1443,4187.53
2026-08-12 08:10:00,CUST-DT-1444,3913.52
2026-08-12 08:15:00,CUST-DT-1445,4292.8
2026-08-12 08:16:00,CUST-DT-1446,2705.23
2026-08-12 08:19:00,CUST-DT-1447,4124.96
2026-08-12 08:22:00,CUST-DT-1448,687.93
2026-08-12 08:24:00,CUST-DT-1449,1890.09
2026-08-12 08:31:00,CUST-DT-1450,2513.52
2026-08-12 08:34:00,CUST-DT-1451,2662.36
2026-08-12 08:36:00,CUST-DT-1452,2327.93
2026-08-12 08:40:00,CUST-DT-1453,449.65
2026-08-12 08:41:00,CUST-DT-1454,108.39
2026-08-12 08:44:00,CUST-DT-1455,4420.24
2026-08-12 08:45:00,CUST-DT-1456,437.82
2026-08-12 08:48:00,CUST-DT-1457,4134.75
2026-08-12 08:54:00,CUST-DT-1458,4058.36
2026-08-12 08:58:00,CUST-DT-1459,3835.15
2026-08-12 08:59:00,CUST-DT-1460,1123.49
2026-08-12 09:01:00,CUST-DT-1461,3369.69
2026-08-12 09:04:00,CUST-DT-1462,433.21
2026-08-12 09:08:00,CUST-DT-1463,959.41
2026-08-12 09:10:00,CUST-DT-1464,1282.98
2026-08-12 09:15:00,CUST-DT-1465,427.59
2026-08-12 09:19:00,CUST-DT-1466,2028.25
2026-08-12 09:20:00,CUST-DT-1467,912.43
2026-08-12 09:24:00,CUST-DT-1468,2356.84
2026-08-12 09:24:00,CUST-DT-1469,1169.91
2026-08-12 09:28:00,CUST-DT-1470,2551.02
2026-08-12 09:34:00,CUST-DT-1471,543.47
2026-08-12 09:35:00,CUST-DT-1472,1860.08
2026-08-12 09:36:00,CUST-DT-1473,416.17
2026-08-12 09:40:00,CUST-DT-1474,2647.05
2026-08-12 09:46:00,CUST-DT-1475,489.91
2026-08-12 09:48:00,CUST-DT-1476,906.31
2026-08-12 09:50:00,CUST-DT-1477,754.86
2026-08-12 09:55:00,CUST-DT-1478,2126.04
2026-08-12 09:57:00,CUST-DT-1479,3052.47
2026-08-12 09:58:00,CUST-DT-1480,1368.65
2026-08-12 10:00:00,CUST-DT-1481,834.02
2026-08-12 10:04:00,CUST-DT-1482,1776.15
2026-08-12 10:10:00,CUST-DT-1483,827.56
2026-08-12 10:10:00,CUST-DT-1484,4064.16
2026-08-12 10:16:00,CUST-DT-1485,3642.24
2026-08-12 10:18:00,CUST-DT-1486,4160.63
2026-08-12 10:20:00,CUST-DT-1487,963.99
2026-08-12 10:23:00,CUST-DT-1488,2000.35
2026-08-12 10:25:00,CUST-DT-1489,2217.8
2026-08-12 10:29:00,CUST-DT-1490,541.48
2026-08-12 10:33:00,CUST-DT-1491,3550.27
2026-08-12 10:36:00,CUST-DT-1492,927.36
2026-08-12 10:36:00,CUST-DT-1493,2561.78
2026-08-12 10:39:00,CUST-DT-1494,3801.61
2026-08-12 10:45:00,CUST-DT-1495,564.23
2026-08-12 10:45:00,CUST-DT-1496,2780.1
2026-08-12 10:50:00,CUST-DT-1497,580.15
2026-08-12 10:54:00,CUST-DT-1498,1341.46
2026-08-12 10:57:00,CUST-DT-1499,570.74
2026-08-12 10:59:00,CUST-DT-1500,4446.25
2026-08-12 11:01:00,CUST-DT-1501,83.64
2026-08-12 11:04:00,CUST-DT-1502,2326.4
2026-08-12 11:10:00,CUST-DT-1503,1363.1
2026-08-12 11:12:00,CUST-DT-1504,1352.29
2026-08-12 11:13:00,CUST-DT-1505,3279.81
2026-08-12 11:19:00,CUST-DT-1506,390.97
2026-08-12 11:20:00,CUST-DT-1507,4388.15
2026-08-12 11:24:00,CUST-DT-1508,4347.52
2026-08-12 11:28:00,CUST-DT-1509,1759.97
2026-08-12 11:27:00,CUST-DT-1510,2917.96
2026-08-12 11:32:00,CUST-DT-1511,4080.44
2026-08-12 11:36:00,CUST-DT-1512,4397.92
2026-08-12 11:40:00,CUST-DT-1513,1178.08
2026-08-12 11:43:00,CUST-DT-1514,248.24
2026-08-12 11:44:00,CUST-DT-1515,2174.8
2026-08-12 11:45:00,CUST-DT-1516,104.55
2026-08-12 11:50:00,CUST-DT-1517,1084.49
2026-08-12 11:55:00,CUST-DT-1518,1147.78
2026-08-12 11:56:00,CUST-DT-1519,3398.44
2026-08-12 11:59:00,CUST-DT-1520,3782.41
2026-08-12 12:01:00,CUST-DT-1521,333.62
2026-08-12 12:06:00,CUST-DT-1522,3437.52
2026-08-12 12:09:00,CUST-DT-1523,2187.43
2026-08-12 12:09:00,CUST-DT-1524,732.49
2026-08-12 12:14:00,CUST-DT-1525,3867.7
2026-08-12 12:16:00,CUST-DT-1526,1202.93
2026-08-12 12:22:00,CUST-DT-1527,204.35
2026-08-12 12:25:00,CUST-DT-1528,2485.65
2026-08-12 12:26:00,CUST-DT-1529,2276.79
2026-08-12 12:31:00,CUST-DT-1530,1811.82
2026-08-12 12:33:00,CUST-DT-1531,3584.79
2026-08-12 12:36:00,CUST-DT-1532,4451.31
2026-08-12 12:37:00,CUST-DT-1533,368.33
2026-08-12 12:39:00,CUST-DT-1534,4212.97
2026-08-12 12:43:00,CUST-DT-1535,3338.37
2026-08-12 12:47:00,CUST-DT-1536,3441.19
2026-08-12 12:51:00,CUST-DT-1537,2116.06
2026-08-12 12:53:00,CUST-DT-1538,2586.55
2026-08-12 12:54:00,CUST-DT-1539,1560.33
2026-08-12 13:00:00,CUST-DT-1540,2297.84
2026-08-12 13:04:00,CUST-DT-1541,2828.29
2026-08-12 13:03:00,CUST-DT-1542,4398.09
2026-08-12 13:06:00,CUST-DT-1543,3021.56
2026-08-12 13:09:00,CUST-DT-1544,3943.77
2026-08-12 13:12:00,CUST-DT-1545,3470.46
2026-08-12 13:15:00,CUST-DT-1546,3878.75
2026-08-12 13:20:00,CUST-DT-1547,498.34
2026-08-12 13:22:00,CUST-DT-1548,4273.37
2026-08-12 13:26:00,CUST-DT-1549,2956.72
2026-08-12 13:30:00,CUST-DT-1550,1712.1
2026-08-12 13:34:00,CUST-DT-1551,3826.6
2026-08-12 13:37:00,CUST-DT-1552,980.61
2026-08-12 13:37:00,CUST-DT-1553,2620.17
2026-08-12 13:43:00,CUST-DT-1554,2379.54
2026-08-12 13:46:00,CUST-DT-1555,2562.19
2026-08-12 13:47:00,CUST-DT-1556,973.61
2026-08-12 13:51:00,CUST-DT-1557,1289.87
2026-08-12 13:53:00,CUST-DT-1558,301.95
2026-08-12 13:58:00,CUST-DT-1559,435.68
2026-08-12 14:00:00,CUST-DT-1560,2785.34
2026-08-12 14:00:00,CUST-DT-1561,2427.1
2026-08-12 14:07:00,CUST-DT-1562,2753.19
2026-08-12 14:09:00,CUST-DT-1563,2697.65
2026-08-12 14:10:00,CUST-DT-1564,4163.87
2026-08-12 14:12:00,CUST-DT-1565,1787.67
2026-08-12 14:17:00,CUST-DT-1566,1914.14
2026-08-12 14:21:00,CUST-DT-1567,3447.03
2026-08-12 14:21:00,CUST-DT-1568,3652.7
2026-08-12 14:24:00,CUST-DT-1569,311.13
2026-08-12 14:30:00,CUST-DT-1570,4217.33
2026-08-12 14:30:00,CUST-DT-1571,2776.94
2026-08-12 14:37:00,CUST-DT-1572,1951.51
2026-08-12 14:39:00,CUST-DT-1573,1370.4
2026-08-12 14:41:00,CUST-DT-1574,4069.58
2026-08-12 14:42:00,CUST-DT-1575,3626.74
2026-08-12 14:45:00,CUST-DT-1576,4392.41
2026-08-12 14:48:00,CUST-DT-1577,378.71
2026-08-12 14:55:00,CUST-DT-1578,1609.49
2026-08-12 14:56:00,CUST-DT-1579,871.83
2026-08-12 14:59:00,CUST-DT-1580,4437.13
2026-08-12 15:03:00,CUST-DT-1581,1345.42
2026-08-12 15:03:00,CUST-DT-1582,1556.6
2026-08-12 15:06:00,CUST-DT-1583,1800.77
2026-08-12 15:13:00,CUST-DT-1584,4072.62
2026-08-12 15:16:00,CUST-DT-1585,1683.05
2026-08-12 15:17:00,CUST-DT-1586,4287.62
2026-08-12 15:18:00,CUST-DT-1587,3679.41
2026-08-12 15:23:00,CUST-DT-1588,1455.28
2026-08-12 15:24:00,CUST-DT-1589,2624.75
2026-08-12 15:27:00,CUST-DT-1590,3634.36
2026-08-12 15:33:00,CUST-DT-1591,2495.93
2026-08-12 15:36:00,CUST-DT-1592,3738.09
2026-08-12 15:39:00,CUST-DT-1593,921.29
2026-08-12 15:42:00,CUST-DT-1594,891.5
2026-08-12 15:46:00,CUST-DT-1595,2271.37
2026-08-12 15:47:00,CUST-DT-1596,2651.31
2026-08-12 15:50:00,CUST-DT-1597,2671.99
2026-08-12 15:53:00,CUST-DT-1598,2278.73
2026-08-12 15:55:00,CUST-DT-1599,2575.29
2026-08-12 15:57:00,CUST-DT-1600,530.32
2026-08-12 16:04:00,CUST-DT-1601,1318.02
2026-08-12 16:05:00,CUST-DT-1602,1509.6
2026-08-12 16:10:00,CUST-DT-1603,3764.28
2026-08-12 16:13:00,CUST-DT-1604,917.72
2026-08-12 16:15:00,CUST-DT-1605,89.82
2026-08-12 16:17:00,CUST-DT-1606,4023.72
2026-08-12 16:20:00,CUST-DT-1607,118.58
2026-08-12 16:21:00,CUST-DT-1608,1191.49
2026-08-12 16:25:00,CUST-DT-1609,1682.4
2026-08-12 16:30:00,CUST-DT-1610,89.54
2026-08-12 16:30:00,CUST-DT-1611,3776.09
2026-08-12 16:33:00,CUST-DT-1612,1448.33
2026-08-12 16:40:00,CUST-DT-1613,2632.41
2026-08-12 16:40:00,CUST-DT-1614,760.21
2026-08-12 16:44:00,CUST-DT-1615,2348.77
2026-08-12 16:46:00,CUST-DT-1616,2034.91
2026-08-12 16:50:00,CUST-DT-1617,217.12
2026-08-12 16:52:00,CUST-DT-1618,2396.42
2026-08-12 16:55:00,CUST-DT-1619,3383.59
2026-08-12 16:58:00,CUST-DT-1620,2634.31
2026-08-12 17:04:00,CUST-DT-1621,4220.97
2026-08-12 17:05:00,CUST-DT-1622,468.27
2026-08-12 17:10:00,CUST-DT-1623,3478.49
2026-08-12 17:12:00,CUST-DT-1624,3065.3
2026-08-12 17:16:00,CUST-DT-1625,1081.95
2026-08-12 17:15:00,CUST-DT-1626,640.81
2026-08-12 17:18:00,CUST-DT-1627,3472.33
2026-08-12 17:24:00,CUST-DT-1628,2682.67
2026-08-12 17:26:00,CUST-DT-1629,4173.16
2026-08-12 17:27:00,CUST-DT-1630,4480.76
2026-08-12 17:34:00,CUST-DT-1631,106.65
2026-08-12 17:36:00,CUST-DT-1632,3609.19
2026-08-12 17:36:00,CUST-DT-1633,2940.49
2026-08-12 17:41:00,CUST-DT-1634,3267.38
2026-08-12 17:43:00,CUST-DT-1635,2496.98
2026-08-12 17:45:00,CUST-DT-1636,2992.58
2026-08-12 17:49:00,CUST-DT-1637,2525.24
2026-08-12 17:55:00,CUST-DT-1638,3450.35
2026-08-12 17:55:00,CUST-DT-1639,200.02
2026-08-12 17:57:00,CUST-DT-1640,4019.0
2026-08-12 18:01:00,CUST-DT-1641,4039.9
2026-08-12 18:06:00,CUST-DT-1642,1619.29
2026-08-12 18:06:00,CUST-DT-1643,1176.99
2026-08-12 18:11:00,CUST-DT-1644,585.13
2026-08-12 18:15:00,CUST-DT-1645,2256.13
2026-08-12 18:15:00,CUST-DT-1646,2979.03
2026-08-12 18:19:00,CUST-DT-1647,2637.32
2026-08-12 18:24:00,CUST-DT-1648,708.13
2026-08-12 18:28:00,CUST-DT-1649,1719.14
2026-08-12 18:27:00,CUST-DT-1650,3607.78
2026-08-12 18:31:00,CUST-DT-1651,284.67
2026-08-12 18:34:00,CUST-DT-1652,793.98
2026-08-12 18:38:00,CUST-DT-1653,2912.99
2026-08-12 18:43:00,CUST-DT-1654,93.0
2026-08-12 18:42:00,CUST-DT-1655,1620.09
2026-08-12 18:49:00,CUST-DT-1656,4311.04
2026-08-12 18:50:00,CUST-DT-1657,1724.27
2026-08-12 18:52:00,CUST-DT-1658,4030.88
2026-08-12 18:55:00,CUST-DT-1659,1917.77
2026-08-12 19:01:00,CUST-DT-1660,2588.22
2026-08-12 19:04:00,CUST-DT-1661,2369.18
2026-08-12 19:06:00,CUST-DT-1662,2036.8
2026-08-12 19:08:00,CUST-DT-1663,3515.85
2026-08-12 19:09:00,CUST-DT-1664,3081.8
2026-08-12 19:13:00,CUST-DT-1665,2214.29
2026-08-12 19:18:00,CUST-DT-1666,3325.44
2026-08-12 19:21:00,CUST-DT-1667,4174.09
2026-08-12 19:22:00,CUST-DT-1668,757.03
2026-08-12 19:27:00,CUST-DT-1669,1892.88
2026-08-12 19:27:00,CUST-DT-1670,1316.7
2026-08-12 19:32:00,CUST-DT-1671,4309.06
2026-08-12 19:33:00,CUST-DT-1672,3966.84
2026-08-12 19:38:00,CUST-DT-1673,3204.7
2026-08-12 19:41:00,CUST-DT-1674,3800.66
2026-08-12 19:46:00,CUST-DT-1675,1283.06
2026-08-12 19:47:00,CUST-DT-1676,3168.1
2026-08-12 19:48:00,CUST-DT-1677,2076.89
2026-08-12 19:54:00,CUST-DT-1678,2764.26
2026-08-12 19:56:00,CUST-DT-1679,691.33
2026-08-12 19:59:00,CUST-DT-1680,3701.73
2026-08-12 20:02:00,CUST-DT-1681,1380.13
2026-08-12 20:07:00,CUST-DT-1682,446.66
2026-08-12 20:06:00,CUST-DT-1683,3293.36
2026-08-12 20:10:00,CUST-DT-1684,1785.62
2026-08-12 20:14:00,CUST-DT-1685,2390.15
2026-08-12 20:17:00,CUST-DT-1686,3109.4
2026-08-12 20:18:00,CUST-DT-1687,413.81
2026-08-12 20:22:00,CUST-DT-1688,2707.4
2026-08-12 20:28:00,CUST-DT-1689,3362.3
2026-08-12 20:28:00,CUST-DT-1690,1293.1
2026-08-12 20:30:00,CUST-DT-1691,1892.46
2026-08-12 20:34:00,CUST-DT-1692,1839.46
2026-08-12 20:40:00,CUST-DT-1693,4318.3
2026-08-12 20:41:00,CUST-DT-1694,274.54
2026-08-12 20:44:00,CUST-DT-1695,413.48
2026-08-12 20:45:00,CUST-DT-1696,3376.44
2026-08-12 20:49:00,CUST-DT-1697,2902.97
2026-08-12 20:54:00,CUST-DT-1698,622.47
2026-08-12 20:58:00,CUST-DT-1699,661.84
2026-08-12 20:58:00,CUST-DT-1700,3963.15
2026-08-12 21:00:00,CUST-DT-1701,2266.38
2026-08-12 21:03:00,CUST-DT-1702,1934.19
2026-08-12 21:10:00,CUST-DT-1703,3788.01
2026-08-12 21:10:00,CUST-DT-1704,4326.52
2026-08-12 21:14:00,CUST-DT-1705,1062.93
2026-08-12 21:15:00,CUST-DT-1706,326.24
2026-08-12 21:19:00,CUST-DT-1707,1919.88
2026-08-12 21:22:00,CUST-DT-1708,1670.28
2026-08-12 21:25:00,CUST-DT-1709,3664.04
2026-08-12 21:27:00,CUST-DT-1710,2682.44
2026-08-12 21:34:00,CUST-DT-1711,3479.89
2026-08-12 21:35:00,CUST-DT-1712,2276.16
2026-08-12 21:36:00,CUST-DT-1713,3351.54
2026-08-12 21:39:00,CUST-DT-1714,881.2
2026-08-12 21:42:00,CUST-DT-1715,3745.77
2026-08-12 21:47:00,CUST-DT-1716,2038.81
2026-08-12 21:51:00,CUST-DT-1717,2014.76
2026-08-12 21:52:00,CUST-DT-1718,3133.3
2026-08-12 21:58:00,CUST-DT-1719,273.94
2026-08-12 22:00:00,CUST-DT-1720,159.33
2026-08-12 22:03:00,CUST-DT-1721,155.61
2026-08-12 22:06:00,CUST-DT-1722,1401.74
2026-08-12 22:07:00,CUST-DT-1723,416.72
2026-08-12 22:12:00,CUST-DT-1724,3746.1
2026-08-12 22:12:00,CUST-DT-1725,2015.32
2026-08-12 22:16:00,CUST-DT-1726,1993.82
2026-08-12 22:21:00,CUST-DT-1727,1980.46
2026-08-12 22:24:00,CUST-DT-1728,3440.58
2026-08-12 22:25:00,CUST-DT-1729,581.47
2026-08-12 22:28:00,CUST-DT-1730,3549.35
2026-08-12 22:32:00,CUST-DT-1731,4478.68
2026-08-12 22:34:00,CUST-DT-1732,678.92
2026-08-12 22:40:00,CUST-DT-1733,3660.75
2026-08-12 22:39:00,CUST-DT-1734,3139.15
2026-08-12 22:42:00,CUST-DT-1735,3479.33
2026-08-12 22:46:00,CUST-DT-1736,2416.78
2026-08-12 22:48:00,CUST-DT-1737,1786.72
2026-08-12 22:55:00,CUST-DT-1738,62.76
2026-08-12 22:58:00,CUST-DT-1739,2022.11
2026-08-12 23:00:00,CUST-DT-1740,992.41
2026-08-12 23:01:00,CUST-DT-1741,1227.43
2026-08-12 23:06:00,CUST-DT-1742,1038.23
2026-08-12 23:06:00,CUST-DT-1743,3210.7
2026-08-12 23:10:00,CUST-DT-1744,991.37
2026-08-12 23:15:00,CUST-DT-1745,1147.36
2026-08-12 23:17:00,CUST-DT-1746,1755.22
2026-08-12 23:21:00,CUST-DT-1747,2358.04
2026-08-12 23:22:00,CUST-DT-1748,478.57
2026-08-12 23:24:00,CUST-DT-1749,84.07
2026-08-12 23:29:00,CUST-DT-1750,834.51
2026-08-12 23:30:00,CUST-DT-1751,4074.67
2026-08-12 23:36:00,CUST-DT-1752,2608.39
2026-08-12 23:37:00,CUST-DT-1753,1141.66
2026-08-12 23:43:00,CUST-DT-1754,458.21
2026-08-12 23:46:00,CUST-DT-1755,1803.31
2026-08-12 23:47:00,CUST-DT-1756,1002.25
2026-08-12 23:50:00,CUST-DT-1757,549.0
2026-08-12 23:52:00,CUST-DT-1758,1941.72
2026-08-12 23:56:00,CUST-DT-1759,3697.11
2026-08-12 23:59:00,CUST-DT-1760,1110.74
2026-08-13 00:01:00,CUST-DT-1761,1820.83
2026-08-13 00:05:00,CUST-DT-1762,4267.13
2026-08-13 00:10:00,CUST-DT-1763,305.36
2026-08-13 00:13:00,CUST-DT-1764,1474.69
2026-08-13 00:16:00,CUST-DT-1765,597.25
2026-08-13 00:19:00,CUST-DT-1766,234.32
2026-08-13 00:20:00,CUST-DT-1767,2083.76
2026-08-13 00:23:00,CUST-DT-1768,2118.12
2026-08-13 00:27:00,CUST-DT-1769,1796.82
2026-08-13 00:28:00,CUST-DT-1770,816.13
2026-08-13 00:30:00,CUST-DT-1771,2834.23
2026-08-13 00:34:00,CUST-DT-1772,2800.14
2026-08-13 00:36:00,CUST-DT-1773,4178.89
2026-08-13 00:41:00,CUST-DT-1774,3772.87
2026-08-13 00:42:00,CUST-DT-1775,3375.65
2026-08-13 00:48:00,CUST-DT-1776,957.02
2026-08-13 00:50:00,CUST-DT-1777,471.97
2026-08-13 00:54:00,CUST-DT-1778,2340.57
2026-08-13 00:56:00,CUST-DT-1779,1847.7
2026-08-13 01:01:00,CUST-DT-1780,4319.97
2026-08-13 01:04:00,CUST-DT-1781,4175.73
2026-08-13 01:07:00,CUST-DT-1782,1300.48
2026-08-13 01:06:00,CUST-DT-1783,2832.51
2026-08-13 01:11:00,CUST-DT-1784,1315.18
2026-08-13 01:16:00,CUST-DT-1785,2747.64
2026-08-13 01:17:00,CUST-DT-1786,4081.22
2026-08-13 01:18:00,CUST-DT-1787,1758.1
2026-08-13 01:25:00,CUST-DT-1788,4102.08
2026-08-13 01:26:00,CUST-DT-1789,4264.75
2026-08-13 01:31:00,CUST-DT-1790,641.26
2026-08-13 01:33:00,CUST-DT-1791,2266.98
2026-08-13 01:36:00,CUST-DT-1792,450.68
2026-08-13 01:38:00,CUST-DT-1793,1382.65
2026-08-13 01:41:00,CUST-DT-1794,747.13
2026-08-13 01:45:00,CUST-DT-1795,1242.44
2026-08-13 01:46:00,CUST-DT-1796,808.14
2026-08-13 01:51:00,CUST-DT-1797,1553.96
2026-08-13 01:51:00,CUST-DT-1798,1616.66
2026-08-13 01:58:00,CUST-DT-1799,1285.06
2026-08-13 01:59:00,CUST-DT-1800,1941.59
2026-08-13 02:01:00,CUST-DT-1801,1621.46
2026-08-13 02:06:00,CUST-DT-1802,1583.66
2026-08-13 02:07:00,CUST-DT-1803,1084.91
2026-08-13 02:09:00,CUST-DT-1804,1664.19
2026-08-13 02:16:00,CUST-DT-1805,2555.92
2026-08-13 02:18:00,CUST-DT-1806,3805.92
2026-08-13 02:20:00,CUST-DT-1807,3121.96
2026-08-13 02:25:00,CUST-DT-1808,2012.02
2026-08-13 02:24:00,CUST-DT-1809,943.8
2026-08-13 02:27:00,CUST-DT-1810,2694.55
2026-08-13 02:33:00,CUST-DT-1811,2274.25
2026-08-13 02:33:00,CUST-DT-1812,4433.58
2026-08-13 02:36:00,CUST-DT-1813,1550.66
2026-08-13 02:41:00,CUST-DT-1814,2720.07
2026-08-13 02:45:00,CUST-DT-1815,3639.94
2026-08-13 02:45:00,CUST-DT-1816,1397.29
2026-08-13 02:48:00,CUST-DT-1817,1415.54
2026-08-13 02:54:00,CUST-DT-1818,1458.95
2026-08-13 02:58:00,CUST-DT-1819,1216.06
2026-08-13 02:58:00,CUST-DT-1820,2107.61
2026-08-13 03:00:00,CUST-DT-1821,4343.08
2026-08-13 03:07:00,CUST-DT-1822,938.19
2026-08-13 03:09:00,CUST-DT-1823,2306.07
2026-08-13 03:11:00,CUST-DT-1824,225.2
2026-08-13 03:12:00,CUST-DT-1825,3599.23
2026-08-13 03:15:00,CUST-DT-1826,1461.17
2026-08-13 03:22:00,CUST-DT-1827,4172.79
2026-08-13 03:23:00,CUST-DT-1828,3650.23
2026-08-13 03:27:00,CUST-DT-1829,4452.12
2026-08-13 03:31:00,CUST-DT-1830,4470.97
2026-08-13 03:30:00,CUST-DT-1831,3854.92
2026-08-13 03:34:00,CUST-DT-1832,1364.27
2026-08-13 03:38:00,CUST-DT-1833,1637.58
2026-08-13 03:42:00,CUST-DT-1834,534.46
2026-08-13 03:42:00,CUST-DT-1835,1733.0
2026-08-13 03:46:00,CUST-DT-1836,2715.15
2026-08-13 03:52:00,CUST-DT-1837,441.71
2026-08-13 03:51:00,CUST-DT-1838,1003.58
2026-08-13 03:54:00,CUST-DT-1839,3218.83
2026-08-13 04:01:00,CUST-DT-1840,946.92
2026-08-13 04:00:00,CUST-DT-1841,141.54
2026-08-13 04:07:00,CUST-DT-1842,856.63
2026-08-13 04:10:00,CUST-DT-1843,366.65
2026-08-13 04:11:00,CUST-DT-1844,4412.18
2026-08-13 04:14:00,CUST-DT-1845,1475.82
2026-08-13 04:16:00,CUST-DT-1846,695.97
2026-08-13 04:21:00,CUST-DT-1847,643.31
2026-08-13 04:23:00,CUST-DT-1848,3357.43
2026-08-13 04:28:00,CUST-DT-1849,1372.81
2026-08-13 04:29:00,CUST-DT-1850,3577.17
2026-08-13 04:33:00,CUST-DT-1851,3455.09
2026-08-13 04:37:00,CUST-DT-1852,2484.79
2026-08-13 04:36:00,CUST-DT-1853,3042.46
2026-08-13 04:41:00,CUST-DT-1854,3321.1
2026-08-13 04:45:00,CUST-DT-1855,809.52
2026-08-13 04:45:00,CUST-DT-1856,4394.92
2026-08-13 04:52:00,CUST-DT-1857,103.0
2026-08-13 04:53:00,CUST-DT-1858,1646.19
2026-08-13 04:58:00,CUST-DT-1859,4133.54
2026-08-13 04:57:00,CUST-DT-1860,479.31
2026-08-13 05:00:00,CUST-DT-1861,1657.73
2026-08-13 05:04:00,CUST-DT-1862,4415.54
2026-08-13 05:06:00,CUST-DT-1863,299.76
2026-08-13 05:09:00,CUST-DT-1864,1007.33
2026-08-13 05:16:00,CUST-DT-1865,524.13
2026-08-13 05:17:00,CUST-DT-1866,3833.03
2026-08-13 05:22:00,CUST-DT-1867,3662.64
2026-08-13 05:22:00,CUST-DT-1868,1680.0
2026-08-13 05:26:00,CUST-DT-1869,2271.62
2026-08-13 05:29:00,CUST-DT-1870,1210.03
2026-08-13 05:32:00,CUST-DT-1871,3201.04
2026-08-13 05:33:00,CUST-DT-1872,511.29
2026-08-13 05:40:00,CUST-DT-1873,611.89
2026-08-13 05:40:00,CUST-DT-1874,2772.16
2026-08-13 05:42:00,CUST-DT-1875,3826.07
2026-08-13 05:49:00,CUST-DT-1876,3035.57
2026-08-13 05:49:00,CUST-DT-1877,1834.61
2026-08-13 05:51:00,CUST-DT-1878,2869.78
2026-08-13 05:56:00,CUST-DT-1879,101.29
2026-08-13 05:57:00,CUST-DT-1880,4032.63
2026-08-13 06:02:00,CUST-DT-1881,2949.2
2026-08-13 06:06:00,CUST-DT-1882,827.88
2026-08-13 06:10:00,CUST-DT-1883,2504.39
2026-08-13 06:11:00,CUST-DT-1884,1175.84
2026-08-13 06:15:00,CUST-DT-1885,4096.24
2026-08-13 06:18:00,CUST-DT-1886,617.17
2026-08-13 06:21:00,CUST-DT-1887,3568.6
2026-08-13 06:21:00,CUST-DT-1888,4381.73
2026-08-13 06:28:00,CUST-DT-1889,578.61
2026-08-13 06:27:00,CUST-DT-1890,3031.68
2026-08-13 06:30:00,CUST-DT-1891,994.49
2026-08-13 06:34:00,CUST-DT-1892,2033.72
2026-08-13 06:37:00,CUST-DT-1893,3095.67
2026-08-13 06:41:00,CUST-DT-1894,666.92
2026-08-13 06:46:00,CUST-DT-1895,619.32
2026-08-13 06:46:00,CUST-DT-1896,1563.26
2026-08-13 06:52:00,CUST-DT-1897,2160.4
2026-08-13 06:52:00,CUST-DT-1898,2409.56
2026-08-13 06:54:00,CUST-DT-1899,1150.21
2026-08-13 07:01:00,CUST-DT-1900,1580.95
2026-08-13 07:04:00,CUST-DT-1901,735.72
2026-08-13 07:03:00,CUST-DT-1902,2360.7
2026-08-13 07:06:00,CUST-DT-1903,1500.72
2026-08-13 07:11:00,CUST-DT-1904,3065.64
2026-08-13 07:15:00,CUST-DT-1905,4362.16
2026-08-13 07:17:00,CUST-DT-1906,2313.14
2026-08-13 07:21:00,CUST-DT-1907,1533.67
2026-08-13 07:21:00,CUST-DT-1908,2355.83
2026-08-13 07:25:00,CUST-DT-1909,2265.77
2026-08-13 07:29:00,CUST-DT-1910,116.5
2026-08-13 07:31:00,CUST-DT-1911,1722.82
2026-08-13 07:37:00,CUST-DT-1912,3039.82
2026-08-13 07:37:00,CUST-DT-1913,175.63
2026-08-13 07:42:00,CUST-DT-1914,2504.15
2026-08-13 07:43:00,CUST-DT-1915,1513.11
2026-08-13 07:48:00,CUST-DT-1916,199.95
2026-08-13 07:50:00,CUST-DT-1917,1957.32
2026-08-13 07:53:00,CUST-DT-1918,2296.1
2026-08-13 07:57:00,CUST-DT-1919,1243.58
2026-08-13 07:57:00,CUST-DT-1920,3208.26
2026-08-13 08:02:00,CUST-DT-1921,1476.81
2026-08-13 08:03:00,CUST-DT-1922,1592.69
2026-08-13 08:07:00,CUST-DT-1923,1548.46
2026-08-13 08:13:00,CUST-DT-1924,96.7
2026-08-13 08:13:00,CUST-DT-1925,4026.73
2026-08-13 08:19:00,CUST-DT-1926,3073.25
2026-08-13 08:18:00,CUST-DT-1927,3894.92
2026-08-13 08:23:00,CUST-DT-1928,3163.25
2026-08-13 08:28:00,CUST-DT-1929,1142.27
2026-08-13 08:28:00,CUST-DT-1930,2141.82
2026-08-13 08:31:00,CUST-DT-1931,375.72
2026-08-13 08:34:00,CUST-DT-1932,198.26
2026-08-13 08:36:00,CUST-DT-1933,1335.86
2026-08-13 08:43:00,CUST-DT-1934,2303.11
2026-08-13 08:46:00,CUST-DT-1935,1155.68
2026-08-13 08:49:00,CUST-DT-1936,1823.49
2026-08-13 08:52:00,CUST-DT-1937,540.12
2026-08-13 08:54:00,CUST-DT-1938,1660.44
2026-08-13 08:56:00,CUST-DT-1939,609.1
2026-08-13 08:58:00,CUST-DT-1940,2148.77
2026-08-13 09:04:00,CUST-DT-1941,1259.37
2026-08-13 09:05:00,CUST-DT-1942,1196.2
2026-08-13 09:10:00,CUST-DT-1943,3090.3
2026-08-13 09:11:00,CUST-DT-1944,3711.95
2026-08-13 09:12:00,CUST-DT-1945,2374.27
2026-08-13 09:18:00,CUST-DT-1946,4140.62
2026-08-13 09:21:00,CUST-DT-1947,1383.88
2026-08-13 09:24:00,CUST-DT-1948,978.81
2026-08-13 09:28:00,CUST-DT-1949,853.87
2026-08-13 09:29:00,CUST-DT-1950,652.87
2026-08-13 09:32:00,CUST-DT-1951,3545.51
2026-08-13 09:36:00,CUST-DT-1952,4089.85
2026-08-13 09:38:00,CUST-DT-1953,1276.75
2026-08-13 09:42:00,CUST-DT-1954,386.96
2026-08-13 09:42:00,CUST-DT-1955,2439.86
2026-08-13 09:46:00,CUST-DT-1956,2858.25
2026-08-13 09:52:00,CUST-DT-1957,3522.62
2026-08-13 09:55:00,CUST-DT-1958,1030.95
2026-08-13 09:55:00,CUST-DT-1959,1384.12
2026-08-13 10:00:00,CUST-DT-1960,416.06
2026-08-13 10:03:00,CUST-DT-1961,2528.52
2026-08-13 10:05:00,CUST-DT-1962,3411.82
2026-08-13 10:08:00,CUST-DT-1963,833.83
2026-08-13 10:10:00,CUST-DT-1964,2962.3
2026-08-13 10:15:00,CUST-DT-1965,3222.83
2026-08-13 10:15:00,CUST-DT-1966,1320.61
2026-08-13 10:22:00,CUST-DT-1967,3477.21
2026-08-13 10:25:00,CUST-DT-1968,158.27
2026-08-13 10:28:00,CUST-DT-1969,325.81
2026-08-13 10:28:00,CUST-DT-1970,2201.12
2026-08-13 10:30:00,CUST-DT-1971,3219.36
2026-08-13 10:35:00,CUST-DT-1972,3037.87
2026-08-13 10:37:00,CUST-DT-1973,3523.35
2026-08-13 10:42:00,CUST-DT-1974,2238.0
2026-08-13 10:46:00,CUST-DT-1975,3180.68
2026-08-13 10:48:00,CUST-DT-1976,2761.16
2026-08-13 10:50:00,CUST-DT-1977,1355.76
2026-08-13 10:54:00,CUST-DT-1978,2618.88
2026-08-13 10:56:00,CUST-DT-1979,1027.58
2026-08-13 10:58:00,CUST-DT-1980,2239.97
2026-08-13 11:04:00,CUST-DT-1981,3916.6
2026-08-13 11:04:00,CUST-DT-1982,1266.56
2026-08-13 11:07:00,CUST-DT-1983,2895.59
2026-08-13 11:10:00,CUST-DT-1984,3846.65
2026-08-13 11:14:00,CUST-DT-1985,2779.04
2026-08-13 11:18:00,CUST-DT-1986,3553.02
2026-08-13 11:20:00,CUST-DT-1987,3427.14
2026-08-13 11:23:00,CUST-DT-1988,2846.19
2026-08-13 11:27:00,CUST-DT-1989,2581.7
2026-08-13 11:31:00,CUST-DT-1990,1709.75
2026-08-13 11:30:00,CUST-DT-1991,2657.4
2026-08-13 11:35:00,CUST-DT-1992,294.25
2026-08-13 11:36:00,CUST-DT-1993,2582.81
2026-08-13 11:41:00,CUST-DT-1994,2412.57
2026-08-13 11:43:00,CUST-DT-1995,2529.86
2026-08-13 11:49:00,CUST-DT-1996,1059.58
2026-08-13 11:52:00,CUST-DT-1997,2463.02
2026-08-13 11:52:00,CUST-DT-1998,2386.48
2026-08-13 11:55:00,CUST-DT-1999,1543.9
2026-08-13 11:57:00,CUST-DT-2000,2498.21
2026-08-13 12:00:00,CUST-DT-0001,925.77
2026-08-13 12:06:00,CUST-DT-0002,2975.05
2026-08-13 12:07:00,CUST-DT-0003,2642.05
2026-08-13 12:10:00,CUST-DT-0004,3611.95
2026-08-13 12:13:00,CUST-DT-0005,2769.18
2026-08-13 12:19:00,CUST-DT-0006,2856.05
2026-08-13 12:19:00,CUST-DT-0007,4444.66
2026-08-13 12:22:00,CUST-DT-0008,2753.03
2026-08-13 12:27:00,CUST-DT-0009,4285.71
2026-08-13 12:30:00,CUST-DT-0010,2933.83
2026-08-13 12:32:00,CUST-DT-0011,3031.31
2026-08-13 12:36:00,CUST-DT-0012,4011.48
2026-08-13 12:37:00,CUST-DT-0013,4127.39
2026-08-13 12:42:00,CUST-DT-0014,2588.01
2026-08-13 12:42:00,CUST-DT-0015,1181.4
2026-08-13 12:49:00,CUST-DT-0016,656.66
2026-08-13 12:48:00,CUST-DT-0017,3196.62
2026-08-13 12:51:00,CUST-DT-0018,2362.76
2026-08-13 12:58:00,CUST-DT-0019,2091.4
2026-08-13 13:00:00,CUST-DT-0020,2913.57
2026-08-13 13:03:00,CUST-DT-0021,3146.94
2026-08-13 13:07:00,CUST-DT-0022,478.97
2026-08-13 13:10:00,CUST-DT-0023,1075.63
2026-08-13 13:09:00,CUST-DT-0024,3775.47
2026-08-13 13:13:00,CUST-DT-0025,495.55
2026-08-13 13:18:00,CUST-DT-0026,4002.9
2026-08-13 13:21:00,CUST-DT-0027,1929.84
2026-08-13 13:21:00,CUST-DT-0028,915.84
2026-08-13 13:26:00,CUST-DT-0029,558.57
2026-08-13 13:27:00,CUST-DT-0030,98.48
2026-08-13 13:30:00,CUST-DT-0031,1798.33
2026-08-13 13:34:00,CUST-DT-0032,241.38
2026-08-13 13:38:00,CUST-DT-0033,4010.86
2026-08-13 13:40:00,CUST-DT-0034,520.57
2026-08-13 13:45:00,CUST-DT-0035,190.44
2026-08-13 13:45:00,CUST-DT-0036,2104.79
2026-08-13 13:48:00,CUST-DT-0037,952.86
2026-08-13 13:51:00,CUST-DT-0038,1405.92
2026-08-13 13:55:00,CUST-DT-0039,198.18
2026-08-13 13:58:00,CUST-DT-0040,2564.03
2026-08-13 14:01:00,CUST-DT-0041,4201.21
2026-08-13 14:06:00,CUST-DT-0042,3975.56
2026-08-13 14:08:00,CUST-DT-0043,1672.8
2026-08-13 14:10:00,CUST-DT-0044,2989.02
2026-08-13 14:12:00,CUST-DT-0045,3706.94
2026-08-13 14:19:00,CUST-DT-0046,703.83
2026-08-13 14:20:00,CUST-DT-0047,2800.6
2026-08-13 14:21:00,CUST-DT-0048,2888.86
2026-08-13 14:28:00,CUST-DT-0049,2142.93
2026-08-13 14:28:00,CUST-DT-0050,1789.89
2026-08-13 14:34:00,CUST-DT-0051,2444.27
2026-08-13 14:33:00,CUST-DT-0052,61.16
2026-08-13 14:38:00,CUST-DT-0053,1516.42
2026-08-13 14:41:00,CUST-DT-0054,3324.51
2026-08-13 14:46:00,CUST-DT-0055,1731.47
2026-08-13 14:45:00,CUST-DT-0056,1285.11
2026-08-13 14:52:00,CUST-DT-0057,2854.91
2026-08-13 14:54:00,CUST-DT-0058,3908.65
2026-08-13 14:58:00,CUST-DT-0059,1448.17
2026-08-13 15:01:00,CUST-DT-0060,128.99
2026-08-13 15:02:00,CUST-DT-0061,628.07
2026-08-13 15:06:00,CUST-DT-0062,1959.97
2026-08-13 15:07:00,CUST-DT-0063,2747.04
2026-08-13 15:11:00,CUST-DT-0064,236.95
2026-08-13 15:12:00,CUST-DT-0065,2196.0
2026-08-13 15:18:00,CUST-DT-0066,972.52
2026-08-13 15:19:00,CUST-DT-0067,3651.27
2026-08-13 15:23:00,CUST-DT-0068,2462.15
2026-08-13 15:26:00,CUST-DT-0069,2096.01
2026-08-13 15:28:00,CUST-DT-0070,2655.57
2026-08-13 15:30:00,CUST-DT-0071,679.79
2026-08-13 15:34:00,CUST-DT-0072,2024.32
2026-08-13 15:37:00,CUST-DT-0073,2550.94
2026-08-13 15:39:00,CUST-DT-0074,1853.68
2026-08-13 15:45:00,CUST-DT-0075,3804.07
2026-08-13 15:45:00,CUST-DT-0076,581.97
2026-08-13 15:52:00,CUST-DT-0077,2070.41
2026-08-13 15:54:00,CUST-DT-0078,4409.38
2026-08-13 15:58:00,CUST-DT-0079,3901.97
2026-08-13 16:00:00,CUST-DT-0080,4438.83
2026-08-13 16:04:00,CUST-DT-0081,4309.59
2026-08-13 16:03:00,CUST-DT-0082,2224.38
2026-08-13 16:08:00,CUST-DT-0083,3903.2
2026-08-13 16:10:00,CUST-DT-0084,3090.45
2026-08-13 16:13:00,CUST-DT-0085,540.73
2026-08-13 16:15:00,CUST-DT-0086,3224.61
2026-08-13 16:20:00,CUST-DT-0087,2940.55
2026-08-13 16:25:00,CUST-DT-0088,139.19
2026-08-13 16:25:00,CUST-DT-0089,2217.9
2026-08-13 16:31:00,CUST-DT-0090,1477.48
2026-08-13 16:32:00,CUST-DT-0091,2701.68
2026-08-13 16:37:00,CUST-DT-0092,623.03
2026-08-13 16:39:00,CUST-DT-0093,1198.73
2026-08-13 16:43:00,CUST-DT-0094,1123.39
2026-08-13 16:45:00,CUST-DT-0095,1519.41
2026-08-13 16:47:00,CUST-DT-0096,2119.81
2026-08-13 16:51:00,CUST-DT-0097,3007.53
2026-08-13 16:55:00,CUST-DT-0098,1320.18
2026-08-13 16:56:00,CUST-DT-0099,3934.12
2026-08-13 16:57:00,CUST-DT-0100,3420.2
2026-08-13 17:00:00,CUST-DT-0101,718.83
2026-08-13 17:05:00,CUST-DT-0102,4039.24
2026-08-13 17:08:00,CUST-DT-0103,2926.04
2026-08-13 17:12:00,CUST-DT-0104,2425.43
2026-08-13 17:16:00,CUST-DT-0105,1223.44
2026-08-13 17:16:00,CUST-DT-0106,3013.67
2026-08-13 17:21:00,CUST-DT-0107,1486.82
2026-08-13 17:25:00,CUST-DT-0108,2583.96
2026-08-13 17:27:00,CUST-DT-0109,2622.77
2026-08-13 17:29:00,CUST-DT-0110,2507.92
2026-08-13 17:34:00,CUST-DT-0111,2378.99
2026-08-13 17:37:00,CUST-DT-0112,3934.33
2026-08-13 17:38:00,CUST-DT-0113,1230.15
2026-08-13 17:39:00,CUST-DT-0114,3711.21
2026-08-13 17:45:00,CUST-DT-0115,690.26
2026-08-13 17:48:00,CUST-DT-0116,556.85
2026-08-13 17:51:00,CUST-DT-0117,2000.29
2026-08-13 17:51:00,CUST-DT-0118,3887.84
2026-08-13 17:58:00,CUST-DT-0119,720.65
2026-08-13 17:57:00,CUST-DT-0120,4120.84
2026-08-13 18:02:00,CUST-DT-0121,925.08
2026-08-13 18:07:00,CUST-DT-0122,2513.65
2026-08-13 18:09:00,CUST-DT-0123,453.39
2026-08-13 18:11:00,CUST-DT-0124,4485.58
2026-08-13 18:12:00,CUST-DT-0125,4393.88
2026-08-13 18:19:00,CUST-DT-0126,1319.06
2026-08-13 18:19:00,CUST-DT-0127,1829.57
2026-08-13 18:25:00,CUST-DT-0128,2034.11
2026-08-13 18:26:00,CUST-DT-0129,4059.39
2026-08-13 18:27:00,CUST-DT-0130,2112.05
2026-08-13 18:34:00,CUST-DT-0131,3762.33
2026-08-13 18:34:00,CUST-DT-0132,789.69
2026-08-13 18:38:00,CUST-DT-0133,3444.19
2026-08-13 18:41:00,CUST-DT-0134,2614.47
2026-08-13 18:42:00,CUST-DT-0135,2458.15
2026-08-13 18:47:00,CUST-DT-0136,2467.43
2026-08-13 18:48:00,CUST-DT-0137,2798.84
2026-08-13 18:53:00,CUST-DT-0138,1821.91
2026-08-13 18:57:00,CUST-DT-0139,3975.16
2026-08-13 18:57:00,CUST-DT-0140,2989.02
2026-08-13 19:01:00,CUST-DT-0141,2529.11
2026-08-13 19:07:00,CUST-DT-0142,3731.01
2026-08-13 19:06:00,CUST-DT-0143,1910.24
2026-08-13 19:12:00,CUST-DT-0144,2725.9
2026-08-13 19:14:00,CUST-DT-0145,2358.95
2026-08-13 19:18:00,CUST-DT-0146,2990.71
2026-08-13 19:18:00,CUST-DT-0147,343.5
2026-08-13 19:21:00,CUST-DT-0148,3432.61
2026-08-13 19:27:00,CUST-DT-0149,2159.54
2026-08-13 19:29:00,CUST-DT-0150,90.63
2026-08-13 19:30:00,CUST-DT-0151,2608.16
2026-08-13 19:36:00,CUST-DT-0152,382.66
2026-08-13 19:39:00,CUST-DT-0153,3076.59
2026-08-13 19:39:00,CUST-DT-0154,2461.71
2026-08-13 19:46:00,CUST-DT-0155,363.75
2026-08-13 19:45:00,CUST-DT-0156,1248.09
2026-08-13 19:52:00,CUST-DT-0157,2091.7
2026-08-13 19:55:00,CUST-DT-0158,1648.28
2026-08-13 19:54:00,CUST-DT-0159,3538.12
2026-08-13 20:00:00,CUST-DT-0160,3630.92
2026-08-13 20:03:00,CUST-DT-0161,3833.09
2026-08-13 20:05:00,CUST-DT-0162,779.44
2026-08-13 20:09:00,CUST-DT-0163,3109.74
2026-08-13 20:09:00,CUST-DT-0164,1826.11
2026-08-13 20:14:00,CUST-DT-0165,1885.48
2026-08-13 20:17:00,CUST-DT-0166,4150.98
2026-08-13 20:18:00,CUST-DT-0167,3581.2
2026-08-13 20:25:00,CUST-DT-0168,3960.88
2026-08-13 20:26:00,CUST-DT-0169,1345.83
2026-08-13 20:27:00,CUST-DT-0170,3464.75
2026-08-13 20:32:00,CUST-DT-0171,3288.24
2026-08-13 20:37:00,CUST-DT-0172,3917.01
2026-08-13 20:39:00,CUST-DT-0173,1602.93
2026-08-13 20:40:00,CUST-DT-0174,772.77
2026-08-13 20:42:00,CUST-DT-0175,3154.12
2026-08-13 20:45:00,CUST-DT-0176,1932.91
2026-08-13 20:48:00,CUST-DT-0177,2872.55
2026-08-13 20:51:00,CUST-DT-0178,488.61
2026-08-13 20:55:00,CUST-DT-0179,2546.34
2026-08-13 20:58:00,CUST-DT-0180,933.75
2026-08-13 21:03:00,CUST-DT-0181,239.02
2026-08-13 21:07:00,CUST-DT-0182,1762.93
2026-08-13 21:06:00,CUST-DT-0183,871.06
2026-08-13 21:12:00,CUST-DT-0184,1280.58
2026-08-13 21:12:00,CUST-DT-0185,3132.99
2026-08-13 21:19:00,CUST-DT-0186,1756.17
2026-08-13 21:21:00,CUST-DT-0187,2212.97
2026-08-13 21:24:00,CUST-DT-0188,3327.0
2026-08-13 21:28:00,CUST-DT-0189,4094.66
2026-08-13 21:29:00,CUST-DT-0190,2848.93
2026-08-13 21:31:00,CUST-DT-0191,1508.65
2026-08-13 21:33:00,CUST-DT-0192,2696.33
2026-08-13 21:40:00,CUST-DT-0193,1419.66
2026-08-13 21:39:00,CUST-DT-0194,2824.35
2026-08-13 21:42:00,CUST-DT-0195,2304.13
2026-08-13 21:45:00,CUST-DT-0196,2163.26
2026-08-13 21:52:00,CUST-DT-0197,116.64
2026-08-13 21:52:00,CUST-DT-0198,3032.04
2026-08-13 21:54:00,CUST-DT-0199,2927.17
2026-08-13 22:00:00,CUST-DT-0200,1352.55
2026-08-13 22:00:00,CUST-DT-0201,3163.95
2026-08-13 22:04:00,CUST-DT-0202,2491.32
2026-08-13 22:07:00,CUST-DT-0203,4153.38
2026-08-13 22:10:00,CUST-DT-0204,3097.86
2026-08-13 22:15:00,CUST-DT-0205,2578.09
2026-08-13 22:19:00,CUST-DT-0206,2633.33
2026-08-13 22:19:00,CUST-DT-0207,3560.01
2026-08-13 22:21:00,CUST-DT-0208,129.21
2026-08-13 22:25:00,CUST-DT-0209,2675.63
2026-08-13 22:28:00,CUST-DT-0210,843.88
2026-08-13 22:31:00,CUST-DT-0211,1561.57
2026-08-13 22:35:00,CUST-DT-0212,595.33
2026-08-13 22:40:00,CUST-DT-0213,3644.9
2026-08-13 22:39:00,CUST-DT-0214,2892.94
2026-08-13 22:46:00,CUST-DT-0215,1809.0
2026-08-13 22:49:00,CUST-DT-0216,1963.11
2026-08-13 22:49:00,CUST-DT-0217,3643.99
2026-08-13 22:53:00,CUST-DT-0218,4254.71
2026-08-13 22:54:00,CUST-DT-0219,3257.14
2026-08-13 22:58:00,CUST-DT-0220,1417.63
2026-08-13 23:00:00,CUST-DT-0221,1126.86
2026-08-13 23:03:00,CUST-DT-0222,2100.67
2026-08-13 23:10:00,CUST-DT-0223,624.04
2026-08-13 23:10:00,CUST-DT-0224,148.49
2026-08-13 23:13:00,CUST-DT-0225,2018.89
2026-08-13 23:19:00,CUST-DT-0226,745.55
2026-08-13 23:19:00,CUST-DT-0227,4446.41
2026-08-13 23:25:00,CUST-DT-0228,4380.33
2026-08-13 23:28:00,CUST-DT-0229,63.74
2026-08-13 23:29:00,CUST-DT-0230,2762.25
2026-08-13 23:34:00,CUST-DT-0231,1595.58
2026-08-13 23:36:00,CUST-DT-0232,1559.05
2026-08-13 23:40:00,CUST-DT-0233,240.43
2026-08-13 23:39:00,CUST-DT-0234,4022.35
2026-08-13 23:46:00,CUST-DT-0235,530.33
2026-08-13 23:46:00,CUST-DT-0236,805.86
2026-08-13 23:50:00,CUST-DT-0237,2122.73
2026-08-13 23:54:00,CUST-DT-0238,1768.07
2026-08-13 23:58:00,CUST-DT-0239,845.33
2026-08-14 00:01:00,CUST-DT-0240,1589.94
2026-08-14 00:02:00,CUST-DT-0241,2804.89
2026-08-14 00:05:00,CUST-DT-0242,1741.07
2026-08-14 00:08:00,CUST-DT-0243,3413.86
2026-08-14 00:12:00,CUST-DT-0244,1194.26
2026-08-14 00:15:00,CUST-DT-0245,3683.66
2026-08-14 00:18:00,CUST-DT-0246,1045.24
2026-08-14 00:18:00,CUST-DT-0247,4388.44
2026-08-14 00:23:00,CUST-DT-0248,1259.28
2026-08-14 00:26:00,CUST-DT-0249,2492.06
2026-08-14 00:30:00,CUST-DT-0250,3318.12
2026-08-14 00:34:00,CUST-DT-0251,315.21
2026-08-14 00:37:00,CUST-DT-0252,1258.74
2026-08-14 00:38:00,CUST-DT-0253,4161.49
2026-08-14 00:41:00,CUST-DT-0254,2832.63
2026-08-14 00:42:00,CUST-DT-0255,3595.1
2026-08-14 00:48:00,CUST-DT-0256,1727.86
2026-08-14 00:51:00,CUST-DT-0257,1384.28
2026-08-14 00:51:00,CUST-DT-0258,1444.79
2026-08-14 00:56:00,CUST-DT-0259,4341.74
2026-08-14 00:58:00,CUST-DT-0260,4225.81
2026-08-14 01:03:00,CUST-DT-0261,109.54
2026-08-14 01:03:00,CUST-DT-0262,840.73
2026-08-14 01:06:00,CUST-DT-0263,3670.58
2026-08-14 01:09:00,CUST-DT-0264,4130.39
2026-08-14 01:15:00,CUST-DT-0265,3338.17
2026-08-14 01:15:00,CUST-DT-0266,3123.87
2026-08-14 01:18:00,CUST-DT-0267,1443.09
2026-08-14 01:22:00,CUST-DT-0268,4386.06
2026-08-14 01:28:00,CUST-DT-0269,3252.75
2026-08-14 01:28:00,CUST-DT-0270,3957.18
2026-08-14 01:32:00,CUST-DT-0271,655.41
2026-08-14 01:34:00,CUST-DT-0272,1712.89
2026-08-14 01:38:00,CUST-DT-0273,3424.18
2026-08-14 01:41:00,CUST-DT-0274,3402.89
2026-08-14 01:46:00,CUST-DT-0275,2105.79
2026-08-14 01:47:00,CUST-DT-0276,2086.72
2026-08-14 01:49:00,CUST-DT-0277,2129.0
2026-08-14 01:55:00,CUST-DT-0278,3886.48
2026-08-14 01:57:00,CUST-DT-0279,745.48
2026-08-14 02:00:00,CUST-DT-0280,3511.4
2026-08-14 02:02:00,CUST-DT-0281,3505.4
2026-08-14 02:04:00,CUST-DT-0282,3792.24
2026-08-14 02:09:00,CUST-DT-0283,4250.62
2026-08-14 02:13:00,CUST-DT-0284,2949.9
2026-08-14 02:12:00,CUST-DT-0285,1684.69
2026-08-14 02:15:00,CUST-DT-0286,2077.49
2026-08-14 02:22:00,CUST-DT-0287,2033.49
2026-08-14 02:24:00,CUST-DT-0288,1090.96
2026-08-14 02:24:00,CUST-DT-0289,3005.04
2026-08-14 02:27:00,CUST-DT-0290,2401.65
2026-08-14 02:31:00,CUST-DT-0291,3692.43
2026-08-14 02:35:00,CUST-DT-0292,345.02
2026-08-14 02:37:00,CUST-DT-0293,3310.26
2026-08-14 02:41:00,CUST-DT-0294,3129.19
2026-08-14 02:42:00,CUST-DT-0295,2331.57
2026-08-14 02:48:00,CUST-DT-0296,743.33
2026-08-14 02:49:00,CUST-DT-0297,700.25
2026-08-14 02:54:00,CUST-DT-0298,2972.78
2026-08-14 02:56:00,CUST-DT-0299,3718.66
2026-08-14 02:59:00,CUST-DT-0300,977.51
2026-08-14 03:00:00,CUST-DT-0301,580.17
2026-08-14 03:05:00,CUST-DT-0302,982.48
2026-08-14 03:06:00,CUST-DT-0303,1957.16
2026-08-14 03:10:00,CUST-DT-0304,169.16
2026-08-14 03:15:00,CUST-DT-0305,3657.89
2026-08-14 03:16:00,CUST-DT-0306,1752.58
2026-08-14 03:18:00,CUST-DT-0307,2287.82
2026-08-14 03:25:00,CUST-DT-0308,1017.45
2026-08-14 03:24:00,CUST-DT-0309,4495.65
2026-08-14 03:27:00,CUST-DT-0310,2876.08
2026-08-14 03:31:00,CUST-DT-0311,3853.0
2026-08-14 03:34:00,CUST-DT-0312,854.2
2026-08-14 03:39:00,CUST-DT-0313,1033.63
2026-08-14 03:40:00,CUST-DT-0314,4049.93
2026-08-14 03:42:00,CUST-DT-0315,1724.64
2026-08-14 03:46:00,CUST-DT-0316,2716.86
2026-08-14 03:52:00,CUST-DT-0317,2738.16
2026-08-14 03:54:00,CUST-DT-0318,1855.41
2026-08-14 03:55:00,CUST-DT-0319,2010.11
2026-08-14 03:58:00,CUST-DT-0320,1959.59
2026-08-14 04:02:00,CUST-DT-0321,1484.0
2026-08-14 04:03:00,CUST-DT-0322,4247.93
2026-08-14 04:06:00,CUST-DT-0323,1939.93
2026-08-14 04:10:00,CUST-DT-0324,4132.15
2026-08-14 04:14:00,CUST-DT-0325,3526.74
2026-08-14 04:19:00,CUST-DT-0326,1781.79
2026-08-14 04:18:00,CUST-DT-0327,1577.26
2026-08-14 04:22:00,CUST-DT-0328,3405.96
2026-08-14 04:28:00,CUST-DT-0329,2138.78
2026-08-14 04:31:00,CUST-DT-0330,195.56
2026-08-14 04:34:00,CUST-DT-0331,2977.61
2026-08-14 04:33:00,CUST-DT-0332,3410.21
2026-08-14 04:40:00,CUST-DT-0333,246.79
2026-08-14 04:42:00,CUST-DT-0334,1249.82
2026-08-14 04:42:00,CUST-DT-0335,740.97
2026-08-14 04:46:00,CUST-DT-0336,4336.59
2026-08-14 04:49:00,CUST-DT-0337,1169.06
2026-08-14 04:54:00,CUST-DT-0338,2164.19
2026-08-14 04:56:00,CUST-DT-0339,4382.71
2026-08-14 05:00:00,CUST-DT-0340,1056.58
2026-08-14 05:02:00,CUST-DT-0341,980.81
2026-08-14 05:06:00,CUST-DT-0342,2466.66
2026-08-14 05:06:00,CUST-DT-0343,3807.07
2026-08-14 05:12:00,CUST-DT-0344,2136.67
2026-08-14 05:15:00,CUST-DT-0345,252.48
2026-08-14 05:15:00,CUST-DT-0346,2782.03
2026-08-14 05:22:00,CUST-DT-0347,773.41
2026-08-14 05:25:00,CUST-DT-0348,357.11
2026-08-14 05:25:00,CUST-DT-0349,3839.98
2026-08-14 05:30:00,CUST-DT-0350,3017.34
2026-08-14 05:33:00,CUST-DT-0351,1397.82
2026-08-14 05:35:00,CUST-DT-0352,4145.84
2026-08-14 05:36:00,CUST-DT-0353,3675.88
2026-08-14 05:43:00,CUST-DT-0354,4027.7
2026-08-14 05:42:00,CUST-DT-0355,1406.57
2026-08-14 05:47:00,CUST-DT-0356,3448.8
2026-08-14 05:50:00,CUST-DT-0357,195.67
2026-08-14 05:54:00,CUST-DT-0358,3243.96
2026-08-14 05:54:00,CUST-DT-0359,3790.77
2026-08-14 05:58:00,CUST-DT-0360,1181.27
2026-08-14 06:02:00,CUST-DT-0361,140.05
2026-08-14 06:05:00,CUST-DT-0362,3954.74
2026-08-14 06:09:00,CUST-DT-0363,103.31
2026-08-14 06:09:00,CUST-DT-0364,784.65
2026-08-14 06:15:00,CUST-DT-0365,3105.84
2026-08-14 06:18:00,CUST-DT-0366,857.16
2026-08-14 06:18:00,CUST-DT-0367,3822.54
2026-08-14 06:22:00,CUST-DT-0368,4174.71
2026-08-14 06:24:00,CUST-DT-0369,2195.57
2026-08-14 06:29:00,CUST-DT-0370,712.46
2026-08-14 06:32:00,CUST-DT-0371,1775.49
2026-08-14 06:37:00,CUST-DT-0372,1673.33
2026-08-14 06:40:00,CUST-DT-0373,463.12
2026-08-14 06:39:00,CUST-DT-0374,1400.05
2026-08-14 06:46:00,CUST-DT-0375,2801.54
2026-08-14 06:45:00,CUST-DT-0376,526.03
2026-08-14 06:50:00,CUST-DT-0377,1848.13
2026-08-14 06:53:00,CUST-DT-0378,3130.87
2026-08-14 06:54:00,CUST-DT-0379,4214.14
2026-08-14 07:01:00,CUST-DT-0380,682.44
2026-08-14 07:02:00,CUST-DT-0381,1281.9
2026-08-14 07:06:00,CUST-DT-0382,1676.42
2026-08-14 07:10:00,CUST-DT-0383,3456.21
2026-08-14 07:13:00,CUST-DT-0384,2246.62
2026-08-14 07:12:00,CUST-DT-0385,2292.2
2026-08-14 07:18:00,CUST-DT-0386,2441.11
2026-08-14 07:20:00,CUST-DT-0387,1636.19
2026-08-14 07:25:00,CUST-DT-0388,4417.76
2026-08-14 07:26:00,CUST-DT-0389,3882.64
2026-08-14 07:27:00,CUST-DT-0390,1740.27
2026-08-14 07:31:00,CUST-DT-0391,2124.13
2026-08-14 07:36:00,CUST-DT-0392,383.71
2026-08-14 07:38:00,CUST-DT-0393,3006.94
2026-08-14 07:42:00,CUST-DT-0394,3759.86
2026-08-14 07:43:00,CUST-DT-0395,3366.02
2026-08-14 07:48:00,CUST-DT-0396,1769.16
2026-08-14 07:50:00,CUST-DT-0397,3340.03
2026-08-14 07:51:00,CUST-DT-0398,3812.71
2026-08-14 07:54:00,CUST-DT-0399,3428.31
2026-08-14 07:58:00,CUST-DT-0400,3498.39
2026-08-14 08:03:00,CUST-DT-0401,3783.14
2026-08-14 08:07:00,CUST-DT-0402,935.13
2026-08-14 08:06:00,CUST-DT-0403,2969.75
2026-08-14 08:13:00,CUST-DT-0404,3540.22
2026-08-14 08:16:00,CUST-DT-0405,2920.36
2026-08-14 08:15:00,CUST-DT-0406,282.6
2026-08-14 08:22:00,CUST-DT-0407,4318.76
2026-08-14 08:23:00,CUST-DT-0408,2577.09
2026-08-14 08:26:00,CUST-DT-0409,1908.18
2026-08-14 08:27:00,CUST-DT-0410,2016.38
2026-08-14 08:32:00,CUST-DT-0411,2406.65
2026-08-14 08:35:00,CUST-DT-0412,501.71
2026-08-14 08:39:00,CUST-DT-0413,1897.58
2026-08-14 08:40:00,CUST-DT-0414,4188.96
2026-08-14 08:44:00,CUST-DT-0415,727.49
2026-08-14 08:49:00,CUST-DT-0416,1809.66
2026-08-14 08:52:00,CUST-DT-0417,3417.52
2026-08-14 08:53:00,CUST-DT-0418,904.88
2026-08-14 08:55:00,CUST-DT-0419,1958.26
2026-08-14 09:00:00,CUST-DT-0420,3255.56
2026-08-14 09:01:00,CUST-DT-0421,518.66
2026-08-14 09:04:00,CUST-DT-0422,1977.19
2026-08-14 09:08:00,CUST-DT-0423,3655.13
2026-08-14 09:12:00,CUST-DT-0424,3644.97
2026-08-14 09:13:00,CUST-DT-0425,3209.26
2026-08-14 09:17:00,CUST-DT-0426,3115.66
2026-08-14 09:21:00,CUST-DT-0427,2829.4
2026-08-14 09:21:00,CUST-DT-0428,842.02
2026-08-14 09:27:00,CUST-DT-0429,794.98
2026-08-14 09:29:00,CUST-DT-0430,408.92
2026-08-14 09:30:00,CUST-DT-0431,1442.02
2026-08-14 09:36:00,CUST-DT-0432,1220.75
2026-08-14 09:38:00,CUST-DT-0433,3695.28
2026-08-14 09:41:00,CUST-DT-0434,3052.79
2026-08-14 09:42:00,CUST-DT-0435,2922.04
2026-08-14 09:45:00,CUST-DT-0436,2295.12
2026-08-14 09:50:00,CUST-DT-0437,2356.7
2026-08-14 09:52:00,CUST-DT-0438,536.89
2026-08-14 09:57:00,CUST-DT-0439,3382.45
2026-08-14 09:57:00,CUST-DT-0440,878.24
2026-08-14 10:01:00,CUST-DT-0441,2458.98
2026-08-14 10:05:00,CUST-DT-0442,2269.29
2026-08-14 10:07:00,CUST-DT-0443,2370.67
2026-08-14 10:09:00,CUST-DT-0444,1247.86
2026-08-14 10:12:00,CUST-DT-0445,3630.91
2026-08-14 10:19:00,CUST-DT-0446,4361.18
2026-08-14 10:19:00,CUST-DT-0447,1755.38
2026-08-14 10:24:00,CUST-DT-0448,3369.92
2026-08-14 10:28:00,CUST-DT-0449,2751.43
2026-08-14 10:27:00,CUST-DT-0450,793.91
2026-08-14 10:33:00,CUST-DT-0451,1046.88
2026-08-14 10:37:00,CUST-DT-0452,834.82
2026-08-14 10:36:00,CUST-DT-0453,2757.03
2026-08-14 10:42:00,CUST-DT-0454,2594.33
2026-08-14 10:42:00,CUST-DT-0455,2559.77
2026-08-14 10:47:00,CUST-DT-0456,2566.47
2026-08-14 10:51:00,CUST-DT-0457,2645.85
2026-08-14 10:54:00,CUST-DT-0458,1553.82
2026-08-14 10:56:00,CUST-DT-0459,1733.37
2026-08-14 10:57:00,CUST-DT-0460,1228.27
2026-08-14 11:01:00,CUST-DT-0461,1740.14
2026-08-14 11:03:00,CUST-DT-0462,1429.02
2026-08-14 11:07:00,CUST-DT-0463,2449.3
2026-08-14 11:13:00,CUST-DT-0464,4415.34
2026-08-14 11:12:00,CUST-DT-0465,1215.47
2026-08-14 11:18:00,CUST-DT-0466,2504.18
2026-08-14 11:18:00,CUST-DT-0467,3710.45
2026-08-14 11:24:00,CUST-DT-0468,1795.78
2026-08-14 11:24:00,CUST-DT-0469,151.2
2026-08-14 11:30:00,CUST-DT-0470,843.39
2026-08-14 11:33:00,CUST-DT-0471,2474.61
2026-08-14 11:34:00,CUST-DT-0472,3151.04
2026-08-14 11:37:00,CUST-DT-0473,1787.21
2026-08-14 11:43:00,CUST-DT-0474,4327.03
2026-08-14 11:44:00,CUST-DT-0475,3216.97
2026-08-14 11:45:00,CUST-DT-0476,1570.64
2026-08-14 11:51:00,CUST-DT-0477,3511.52
2026-08-14 11:53:00,CUST-DT-0478,2090.35
2026-08-14 11:58:00,CUST-DT-0479,3172.08
2026-08-14 11:58:00,CUST-DT-0480,1421.78
2026-08-14 12:02:00,CUST-DT-0481,1820.61
2026-08-14 12:07:00,CUST-DT-0482,3102.94
2026-08-14 12:08:00,CUST-DT-0483,4366.62
2026-08-14 12:11:00,CUST-DT-0484,1599.58
2026-08-14 12:12:00,CUST-DT-0485,525.75
2026-08-14 12:19:00,CUST-DT-0486,1031.5
2026-08-14 12:21:00,CUST-DT-0487,2890.02
2026-08-14 12:25:00,CUST-DT-0488,1495.65
2026-08-14 12:24:00,CUST-DT-0489,1335.79
2026-08-14 12:30:00,CUST-DT-0490,4272.46
2026-08-14 12:33:00,CUST-DT-0491,2557.59
2026-08-14 12:37:00,CUST-DT-0492,1392.12
2026-08-14 12:36:00,CUST-DT-0493,2251.77
2026-08-14 12:41:00,CUST-DT-0494,3313.82
2026-08-14 12:45:00,CUST-DT-0495,3238.65
2026-08-14 12:45:00,CUST-DT-0496,3325.33
2026-08-14 12:49:00,CUST-DT-0497,74.97
2026-08-14 12:53:00,CUST-DT-0498,3527.14
2026-08-14 12:56:00,CUST-DT-0499,1766.99
2026-08-14 13:01:00,CUST-DT-0500,956.54
2026-08-14 13:03:00,CUST-DT-0501,1610.45
2026-08-14 13:06:00,CUST-DT-0502,877.31
2026-08-14 13:07:00,CUST-DT-0503,3859.55
2026-08-14 13:09:00,CUST-DT-0504,1944.71
2026-08-14 13:12:00,CUST-DT-0505,4304.4
2026-08-14 13:18:00,CUST-DT-0506,3257.28
2026-08-14 13:19:00,CUST-DT-0507,2415.36
2026-08-14 13:23:00,CUST-DT-0508,4439.7
2026-08-14 13:27:00,CUST-DT-0509,2391.33
2026-08-14 13:28:00,CUST-DT-0510,783.77
2026-08-14 13:34:00,CUST-DT-0511,3983.46
2026-08-14 13:35:00,CUST-DT-0512,2466.46
2026-08-14 13:36:00,CUST-DT-0513,1891.22
2026-08-14 13:39:00,CUST-DT-0514,172.74
2026-08-14 13:46:00,CUST-DT-0515,3524.86
2026-08-14 13:46:00,CUST-DT-0516,3797.42
2026-08-14 13:50:00,CUST-DT-0517,2247.72
2026-08-14 13:55:00,CUST-DT-0518,3235.01
2026-08-14 13:54:00,CUST-DT-0519,4191.91
2026-08-14 14:00:00,CUST-DT-0520,2998.16
2026-08-14 14:00:00,CUST-DT-0521,965.82
2026-08-14 14:06:00,CUST-DT-0522,1514.13
2026-08-14 14:10:00,CUST-DT-0523,459.19
2026-08-14 14:09:00,CUST-DT-0524,2352.21
2026-08-14 14:16:00,CUST-DT-0525,467.08
2026-08-14 14:17:00,CUST-DT-0526,555.73
2026-08-14 14:18:00,CUST-DT-0527,4134.59
2026-08-14 14:23:00,CUST-DT-0528,2437.99
2026-08-14 14:25:00,CUST-DT-0529,3648.19
2026-08-14 14:31:00,CUST-DT-0530,3182.13
2026-08-14 14:30:00,CUST-DT-0531,2870.17
2026-08-14 14:34:00,CUST-DT-0532,669.72
2026-08-14 14:39:00,CUST-DT-0533,3362.05
2026-08-14 14:43:00,CUST-DT-0534,908.4
2026-08-14 14:46:00,CUST-DT-0535,213.2
2026-08-14 14:45:00,CUST-DT-0536,4284.11
2026-08-14 14:48:00,CUST-DT-0537,3185.22
2026-08-14 14:54:00,CUST-DT-0538,4443.54
2026-08-14 14:58:00,CUST-DT-0539,2740.01
2026-08-14 15:01:00,CUST-DT-0540,4363.86
2026-08-14 15:00:00,CUST-DT-0541,2298.81
2026-08-14 15:03:00,CUST-DT-0542,3553.0
2026-08-14 15:09:00,CUST-DT-0543,348.42
2026-08-14 15:09:00,CUST-DT-0544,3620.4
2026-08-14 15:13:00,CUST-DT-0545,3593.95
2026-08-14 15:16:00,CUST-DT-0546,2112.26
2026-08-14 15:20:00,CUST-DT-0547,2534.66
2026-08-14 15:23:00,CUST-DT-0548,809.97
2026-08-14 15:27:00,CUST-DT-0549,2532.78
2026-08-14 15:29:00,CUST-DT-0550,1721.66
2026-08-14 15:30:00,CUST-DT-0551,1023.43
2026-08-14 15:37:00,CUST-DT-0552,3022.12
2026-08-14 15:37:00,CUST-DT-0553,2718.71
2026-08-14 15:42:00,CUST-DT-0554,2805.87
2026-08-14 15:44:00,CUST-DT-0555,3670.84
2026-08-14 15:45:00,CUST-DT-0556,4295.35
2026-08-14 15:48:00,CUST-DT-0557,2158.88
2026-08-14 15:51:00,CUST-DT-0558,1636.11
2026-08-14 15:55:00,CUST-DT-0559,2628.47
2026-08-14 16:01:00,CUST-DT-0560,2607.58
2026-08-14 16:04:00,CUST-DT-0561,256.17
2026-08-14 16:04:00,CUST-DT-0562,3338.5
2026-08-14 16:07:00,CUST-DT-0563,3490.13
2026-08-14 16:09:00,CUST-DT-0564,231.8
2026-08-14 16:15:00,CUST-DT-0565,4282.52
2026-08-14 16:18:00,CUST-DT-0566,3932.45
2026-08-14 16:21:00,CUST-DT-0567,3976.15
2026-08-14 16:24:00,CUST-DT-0568,2088.61
2026-08-14 16:25:00,CUST-DT-0569,1363.85
2026-08-14 16:29:00,CUST-DT-0570,2094.27
2026-08-14 16:30:00,CUST-DT-0571,3500.73
2026-08-14 16:36:00,CUST-DT-0572,2391.11
2026-08-14 16:37:00,CUST-DT-0573,2796.07
2026-08-14 16:39:00,CUST-DT-0574,1010.83
2026-08-14 16:44:00,CUST-DT-0575,173.24
2026-08-14 16:49:00,CUST-DT-0576,3077.22
2026-08-14 16:50:00,CUST-DT-0577,2064.69
2026-08-14 16:53:00,CUST-DT-0578,3075.47
2026-08-14 16:55:00,CUST-DT-0579,4344.42
2026-08-14 16:59:00,CUST-DT-0580,88.95
2026-08-14 17:00:00,CUST-DT-0581,1583.59
2026-08-14 17:07:00,CUST-DT-0582,2416.57
2026-08-14 17:08:00,CUST-DT-0583,3906.43
2026-08-14 17:12:00,CUST-DT-0584,2788.8
2026-08-14 17:13:00,CUST-DT-0585,3449.75
2026-08-14 17:17:00,CUST-DT-0586,1251.93
2026-08-14 17:22:00,CUST-DT-0587,2546.06
2026-08-14 17:21:00,CUST-DT-0588,3958.82
2026-08-14 17:24:00,CUST-DT-0589,2310.41
2026-08-14 17:27:00,CUST-DT-0590,2473.7
2026-08-14 17:33:00,CUST-DT-0591,1768.24
2026-08-14 17:37:00,CUST-DT-0592,1686.47
2026-08-14 17:40:00,CUST-DT-0593,2396.84
2026-08-14 17:41:00,CUST-DT-0594,3564.78
2026-08-14 17:45:00,CUST-DT-0595,1901.17
2026-08-14 17:47:00,CUST-DT-0596,2018.09
2026-08-14 17:50:00,CUST-DT-0597,3185.6
2026-08-14 17:51:00,CUST-DT-0598,2562.93
2026-08-14 17:58:00,CUST-DT-0599,3568.75
2026-08-14 17:58:00,CUST-DT-0600,1832.71
2026-08-14 18:00:00,CUST-DT-0601,2153.51
2026-08-14 18:06:00,CUST-DT-0602,1473.54
2026-08-14 18:06:00,CUST-DT-0603,3299.93
2026-08-14 18:12:00,CUST-DT-0604,3790.61
2026-08-14 18:12:00,CUST-DT-0605,3118.02
2026-08-14 18:15:00,CUST-DT-0606,1764.59
2026-08-14 18:18:00,CUST-DT-0607,194.67
2026-08-14 18:23:00,CUST-DT-0608,412.31
2026-08-14 18:28:00,CUST-DT-0609,4399.79
2026-08-14 18:31:00,CUST-DT-0610,3537.62
2026-08-14 18:31:00,CUST-DT-0611,2603.0
2026-08-14 18:34:00,CUST-DT-0612,2127.19
2026-08-14 18:39:00,CUST-DT-0613,2098.88
2026-08-14 18:43:00,CUST-DT-0614,4104.86
2026-08-14 18:45:00,CUST-DT-0615,911.55
2026-08-14 18:47:00,CUST-DT-0616,2157.53
2026-08-14 18:48:00,CUST-DT-0617,1028.38
2026-08-14 18:53:00,CUST-DT-0618,91.06
2026-08-14 18:57:00,CUST-DT-0619,2964.25
2026-08-14 18:57:00,CUST-DT-0620,1952.49
2026-08-14 19:03:00,CUST-DT-0621,413.67
2026-08-14 19:03:00,CUST-DT-0622,72.91
2026-08-14 19:09:00,CUST-DT-0623,1240.88
2026-08-14 19:13:00,CUST-DT-0624,4328.52
2026-08-14 19:13:00,CUST-DT-0625,2983.74
2026-08-14 19:16:00,CUST-DT-0626,1981.71
2026-08-14 19:19:00,CUST-DT-0627,1350.92
2026-08-14 19:22:00,CUST-DT-0628,2601.64
2026-08-14 19:27:00,CUST-DT-0629,2022.56
2026-08-14 19:29:00,CUST-DT-0630,4177.76
2026-08-14 19:32:00,CUST-DT-0631,1588.57
2026-08-14 19:33:00,CUST-DT-0632,1717.66
2026-08-14 19:36:00,CUST-DT-0633,3538.83
2026-08-14 19:41:00,CUST-DT-0634,3796.54
2026-08-14 19:44:00,CUST-DT-0635,3891.65
2026-08-14 19:49:00,CUST-DT-0636,3917.04
2026-08-14 19:49:00,CUST-DT-0637,2481.92
2026-08-14 19:51:00,CUST-DT-0638,482.72
2026-08-14 19:58:00,CUST-DT-0639,997.34
2026-08-14 19:58:00,CUST-DT-0640,3409.82
2026-08-14 20:04:00,CUST-DT-0641,3775.11
2026-08-14 20:07:00,CUST-DT-0642,2207.27
2026-08-14 20:08:00,CUST-DT-0643,3825.96
2026-08-14 20:12:00,CUST-DT-0644,2028.1
2026-08-14 20:12:00,CUST-DT-0645,1228.2
2026-08-14 20:17:00,CUST-DT-0646,2090.67
2026-08-14 20:21:00,CUST-DT-0647,3708.26
2026-08-14 20:25:00,CUST-DT-0648,284.1
2026-08-14 20:28:00,CUST-DT-0649,1112.92
2026-08-14 20:28:00,CUST-DT-0650,845.17
2026-08-14 20:30:00,CUST-DT-0651,1391.83
2026-08-14 20:33:00,CUST-DT-0652,1421.54
2026-08-14 20:38:00,CUST-DT-0653,1804.72
2026-08-14 20:41:00,CUST-DT-0654,1727.81
2026-08-14 20:42:00,CUST-DT-0655,4421.64
2026-08-14 20:46:00,CUST-DT-0656,2999.24
2026-08-14 20:49:00,CUST-DT-0657,3322.2
2026-08-14 20:54:00,CUST-DT-0658,4314.93
2026-08-14 20:56:00,CUST-DT-0659,1856.27
2026-08-14 20:58:00,CUST-DT-0660,3168.1
2026-08-14 21:02:00,CUST-DT-0661,4076.81
2026-08-14 21:05:00,CUST-DT-0662,245.61
2026-08-14 21:08:00,CUST-DT-0663,3970.86
2026-08-14 21:10:00,CUST-DT-0664,396.3
2026-08-14 21:12:00,CUST-DT-0665,922.2
2026-08-14 21:17:00,CUST-DT-0666,4313.17
2026-08-14 21:19:00,CUST-DT-0667,3647.8
2026-08-14 21:25:00,CUST-DT-0668,877.84
2026-08-14 21:24:00,CUST-DT-0669,3380.29
2026-08-14 21:31:00,CUST-DT-0670,2038.56
2026-08-14 21:32:00,CUST-DT-0671,1761.43
2026-08-14 21:35:00,CUST-DT-0672,386.9
2026-08-14 21:39:00,CUST-DT-0673,2599.75
2026-08-14 21:41:00,CUST-DT-0674,569.76
2026-08-14 21:45:00,CUST-DT-0675,1101.44
2026-08-14 21:47:00,CUST-DT-0676,106.2
2026-08-14 21:49:00,CUST-DT-0677,1313.73
2026-08-14 21:54:00,CUST-DT-0678,1892.76
2026-08-14 21:58:00,CUST-DT-0679,1194.91
2026-08-14 21:57:00,CUST-DT-0680,3480.34
2026-08-14 22:02:00,CUST-DT-0681,2867.61
2026-08-14 22:07:00,CUST-DT-0682,2403.42
2026-08-14 22:10:00,CUST-DT-0683,1070.29
2026-08-14 22:09:00,CUST-DT-0684,2836.58
2026-08-14 22:16:00,CUST-DT-0685,3361.95
2026-08-14 22:18:00,CUST-DT-0686,1078.18
2026-08-14 22:19:00,CUST-DT-0687,320.58
2026-08-14 22:23:00,CUST-DT-0688,926.13
2026-08-14 22:27:00,CUST-DT-0689,1877.73
2026-08-14 22:29:00,CUST-DT-0690,118.69
2026-08-14 22:32:00,CUST-DT-0691,3125.99
2026-08-14 22:35:00,CUST-DT-0692,1584.26
2026-08-14 22:38:00,CUST-DT-0693,3212.72
2026-08-14 22:42:00,CUST-DT-0694,395.9
2026-08-14 22:43:00,CUST-DT-0695,410.54
2026-08-14 22:47:00,CUST-DT-0696,184.21
2026-08-14 22:51:00,CUST-DT-0697,1097.02
2026-08-14 22:54:00,CUST-DT-0698,3439.68
2026-08-14 22:55:00,CUST-DT-0699,2610.0
2026-08-14 22:58:00,CUST-DT-0700,3683.05
2026-08-14 23:02:00,CUST-DT-0701,1336.47
2026-08-14 23:07:00,CUST-DT-0702,574.69
2026-08-14 23:07:00,CUST-DT-0703,4484.25
2026-08-14 23:09:00,CUST-DT-0704,419.08
2026-08-14 23:13:00,CUST-DT-0705,2812.71
2026-08-14 23:15:00,CUST-DT-0706,1783.9
2026-08-14 23:20:00,CUST-DT-0707,1758.45
2026-08-14 23:23:00,CUST-DT-0708,3458.93
2026-08-14 23:24:00,CUST-DT-0709,221.27
2026-08-14 23:31:00,CUST-DT-0710,2786.35
2026-08-14 23:33:00,CUST-DT-0711,1058.32
2026-08-14 23:35:00,CUST-DT-0712,2094.12
2026-08-14 23:39:00,CUST-DT-0713,3173.03
2026-08-14 23:40:00,CUST-DT-0714,3877.91
2026-08-14 23:44:00,CUST-DT-0715,4398.62
2026-08-14 23:48:00,CUST-DT-0716,4412.82
2026-08-14 23:52:00,CUST-DT-0717,813.09
2026-08-14 23:54:00,CUST-DT-0718,2038.45
2026-08-14 23:58:00,CUST-DT-0719,1334.86
2026-08-14 23:59:00,CUST-DT-0720,2405.78
2026-08-15 00:04:00,CUST-DT-0721,4276.05
2026-08-15 00:06:00,CUST-DT-0722,290.63
2026-08-15 00:07:00,CUST-DT-0723,913.86
2026-08-15 00:09:00,CUST-DT-0724,1299.36
2026-08-15 00:13:00,CUST-DT-0725,4119.66
2026-08-15 00:15:00,CUST-DT-0726,633.83
2026-08-15 00:18:00,CUST-DT-0727,2537.71
2026-08-15 00:21:00,CUST-DT-0728,2147.08
2026-08-15 00:27:00,CUST-DT-0729,3611.34
2026-08-15 00:29:00,CUST-DT-0730,593.98
2026-08-15 00:33:00,CUST-DT-0731,3382.77
2026-08-15 00:33:00,CUST-DT-0732,3653.44
2026-08-15 00:36:00,CUST-DT-0733,4297.77
2026-08-15 00:41:00,CUST-DT-0734,122.67
2026-08-15 00:45:00,CUST-DT-0735,1261.86
2026-08-15 00:46:00,CUST-DT-0736,1572.96
2026-08-15 00:52:00,CUST-DT-0737,2392.34
2026-08-15 00:52:00,CUST-DT-0738,274.01
2026-08-15 00:56:00,CUST-DT-0739,981.3
2026-08-15 00:57:00,CUST-DT-0740,146.48
2026-08-15 01:01:00,CUST-DT-0741,3602.22
2026-08-15 01:07:00,CUST-DT-0742,131.97
2026-08-15 01:08:00,CUST-DT-0743,2222.7
2026-08-15 01:12:00,CUST-DT-0744,286.75
2026-08-15 01:12:00,CUST-DT-0745,3157.09
2026-08-15 01:18:00,CUST-DT-0746,2510.18
2026-08-15 01:22:00,CUST-DT-0747,1888.27
2026-08-15 01:24:00,CUST-DT-0748,3465.14
2026-08-15 01:26:00,CUST-DT-0749,3791.03
2026-08-15 01:28:00,CUST-DT-0750,4118.26
2026-08-15 01:31:00,CUST-DT-0751,2785.23
2026-08-15 01:35:00,CUST-DT-0752,4408.11
2026-08-15 01:37:00,CUST-DT-0753,2255.96
2026-08-15 01:41:00,CUST-DT-0754,1303.73
2026-08-15 01:46:00,CUST-DT-0755,3380.63
2026-08-15 01:48:00,CUST-DT-0756,1331.43
2026-08-15 01:52:00,CUST-DT-0757,4489.06
2026-08-15 01:52:00,CUST-DT-0758,2807.61
2026-08-15 01:56:00,CUST-DT-0759,1303.63
2026-08-15 01:57:00,CUST-DT-0760,2665.44
2026-08-15 02:03:00,CUST-DT-0761,4019.69
2026-08-15 02:06:00,CUST-DT-0762,3775.23
2026-08-15 02:06:00,CUST-DT-0763,378.68
2026-08-15 02:11:00,CUST-DT-0764,1884.7
2026-08-15 02:14:00,CUST-DT-0765,1599.6
2026-08-15 02:18:00,CUST-DT-0766,3746.57
2026-08-15 02:20:00,CUST-DT-0767,4113.74
2026-08-15 02:22:00,CUST-DT-0768,4150.41
2026-08-15 02:24:00,CUST-DT-0769,3573.6
2026-08-15 02:31:00,CUST-DT-0770,3112.08
2026-08-15 02:32:00,CUST-DT-0771,2674.46
2026-08-15 02:35:00,CUST-DT-0772,479.3
2026-08-15 02:38:00,CUST-DT-0773,2792.1
2026-08-15 02:43:00,CUST-DT-0774,2372.98
2026-08-15 02:44:00,CUST-DT-0775,969.86
2026-08-15 02:48:00,CUST-DT-0776,3454.46
2026-08-15 02:49:00,CUST-DT-0777,2317.27
2026-08-15 02:53:00,CUST-DT-0778,2507.78
2026-08-15 02:54:00,CUST-DT-0779,946.03
2026-08-15 02:58:00,CUST-DT-0780,358.91
2026-08-15 03:04:00,CUST-DT-0781,2665.24
2026-08-15 03:06:00,CUST-DT-0782,3098.41
2026-08-15 03:08:00,CUST-DT-0783,3072.93
2026-08-15 03:13:00,CUST-DT-0784,2335.88
2026-08-15 03:12:00,CUST-DT-0785,2164.23
2026-08-15 03:18:00,CUST-DT-0786,2005.71
2026-08-15 03:19:00,CUST-DT-0787,1852.69
2026-08-15 03:23:00,CUST-DT-0788,3195.84
2026-08-15 03:28:00,CUST-DT-0789,2655.91
2026-08-15 03:31:00,CUST-DT-0790,1705.34
2026-08-15 03:32:00,CUST-DT-0791,651.76
2026-08-15 03:34:00,CUST-DT-0792,526.94
2026-08-15 03:36:00,CUST-DT-0793,507.52
2026-08-15 03:39:00,CUST-DT-0794,2618.75
2026-08-15 03:42:00,CUST-DT-0795,3301.87
2026-08-15 03:45:00,CUST-DT-0796,72.26
2026-08-15 03:51:00,CUST-DT-0797,1422.49
2026-08-15 03:53:00,CUST-DT-0798,2961.6
2026-08-15 03:54:00,CUST-DT-0799,1703.99
2026-08-15 04:00:00,CUST-DT-0800,1595.89
2026-08-15 04:02:00,CUST-DT-0801,2051.62
2026-08-15 04:04:00,CUST-DT-0802,3527.5
2026-08-15 04:09:00,CUST-DT-0803,206.36
2026-08-15 04:13:00,CUST-DT-0804,387.46
2026-08-15 04:12:00,CUST-DT-0805,3578.24
2026-08-15 04:16:00,CUST-DT-0806,2149.72
2026-08-15 04:21:00,CUST-DT-0807,4223.65
2026-08-15 04:24:00,CUST-DT-0808,2745.21
2026-08-15 04:24:00,CUST-DT-0809,1757.9
2026-08-15 04:31:00,CUST-DT-0810,4398.73
2026-08-15 04:30:00,CUST-DT-0811,1601.29
2026-08-15 04:37:00,CUST-DT-0812,2752.39
2026-08-15 04:38:00,CUST-DT-0813,276.24
2026-08-15 04:42:00,CUST-DT-0814,1057.9
2026-08-15 04:42:00,CUST-DT-0815,3648.29
2026-08-15 04:47:00,CUST-DT-0816,2596.72
2026-08-15 04:50:00,CUST-DT-0817,56.4
2026-08-15 04:55:00,CUST-DT-0818,2521.26
2026-08-15 04:58:00,CUST-DT-0819,1992.02
2026-08-15 04:59:00,CUST-DT-0820,3425.48
2026-08-15 05:03:00,CUST-DT-0821,1720.66
2026-08-15 05:05:00,CUST-DT-0822,1412.39
2026-08-15 05:09:00,CUST-DT-0823,3965.34
2026-08-15 05:10:00,CUST-DT-0824,610.31
2026-08-15 05:13:00,CUST-DT-0825,1748.37
2026-08-15 05:19:00,CUST-DT-0826,3298.33
2026-08-15 05:21:00,CUST-DT-0827,1942.68
2026-08-15 05:22:00,CUST-DT-0828,2874.38
2026-08-15 05:27:00,CUST-DT-0829,3039.4
2026-08-15 05:29:00,CUST-DT-0830,334.98
2026-08-15 05:32:00,CUST-DT-0831,2554.43
2026-08-15 05:35:00,CUST-DT-0832,491.62
2026-08-15 05:40:00,CUST-DT-0833,1943.53
2026-08-15 05:41:00,CUST-DT-0834,4203.61
2026-08-15 05:45:00,CUST-DT-0835,1697.63
2026-08-15 05:49:00,CUST-DT-0836,3220.34
2026-08-15 05:51:00,CUST-DT-0837,3560.35
2026-08-15 05:55:00,CUST-DT-0838,2893.15
2026-08-15 05:56:00,CUST-DT-0839,2671.25
2026-08-15 06:01:00,CUST-DT-0840,2197.09
2026-08-15 06:03:00,CUST-DT-0841,3700.4
2026-08-15 06:06:00,CUST-DT-0842,3462.0
2026-08-15 06:09:00,CUST-DT-0843,774.84
2026-08-15 06:12:00,CUST-DT-0844,982.2
2026-08-15 06:13:00,CUST-DT-0845,3765.99
2026-08-15 06:15:00,CUST-DT-0846,4437.14
2026-08-15 06:18:00,CUST-DT-0847,501.72
2026-08-15 06:23:00,CUST-DT-0848,3633.99
2026-08-15 06:24:00,CUST-DT-0849,270.71
2026-08-15 06:29:00,CUST-DT-0850,1238.45
2026-08-15 06:32:00,CUST-DT-0851,1479.62
2026-08-15 06:36:00,CUST-DT-0852,157.82
2026-08-15 06:40:00,CUST-DT-0853,1003.68
2026-08-15 06:39:00,CUST-DT-0854,2657.47
2026-08-15 06:43:00,CUST-DT-0855,3250.05
2026-08-15 06:46:00,CUST-DT-0856,1923.78
2026-08-15 06:52:00,CUST-DT-0857,1061.15
2026-08-15 06:54:00,CUST-DT-0858,2580.73
2026-08-15 06:56:00,CUST-DT-0859,1083.67
2026-08-15 07:01:00,CUST-DT-0860,3048.99
2026-08-15 07:01:00,CUST-DT-0861,1468.75
2026-08-15 07:06:00,CUST-DT-0862,619.58
2026-08-15 07:08:00,CUST-DT-0863,770.45
2026-08-15 07:09:00,CUST-DT-0864,211.32
2026-08-15 07:15:00,CUST-DT-0865,3908.26
2026-08-15 07:16:00,CUST-DT-0866,2453.65
2026-08-15 07:21:00,CUST-DT-0867,446.44
2026-08-15 07:25:00,CUST-DT-0868,3412.01
2026-08-15 07:27:00,CUST-DT-0869,2393.69
2026-08-15 07:28:00,CUST-DT-0870,1216.7
2026-08-15 07:33:00,CUST-DT-0871,1100.96
2026-08-15 07:37:00,CUST-DT-0872,3366.96
2026-08-15 07:37:00,CUST-DT-0873,1106.45
2026-08-15 07:43:00,CUST-DT-0874,3598.65
2026-08-15 07:43:00,CUST-DT-0875,4225.04
2026-08-15 07:45:00,CUST-DT-0876,1765.17
2026-08-15 07:50:00,CUST-DT-0877,149.29
2026-08-15 07:53:00,CUST-DT-0878,4086.59
2026-08-15 07:56:00,CUST-DT-0879,1594.78
2026-08-15 08:01:00,CUST-DT-0880,1753.44
2026-08-15 08:00:00,CUST-DT-0881,4054.81
2026-08-15 08:03:00,CUST-DT-0882,2563.72
2026-08-15 08:07:00,CUST-DT-0883,2984.67
2026-08-15 08:11:00,CUST-DT-0884,3970.3
2026-08-15 08:16:00,CUST-DT-0885,1670.34
2026-08-15 08:18:00,CUST-DT-0886,2047.56
2026-08-15 08:20:00,CUST-DT-0887,3038.41
2026-08-15 08:21:00,CUST-DT-0888,4361.36
2026-08-15 08:24:00,CUST-DT-0889,1548.09
2026-08-15 08:28:00,CUST-DT-0890,1098.93
2026-08-15 08:34:00,CUST-DT-0891,1952.32
2026-08-15 08:37:00,CUST-DT-0892,2136.32
2026-08-15 08:40:00,CUST-DT-0893,3421.2
2026-08-15 08:42:00,CUST-DT-0894,4272.97
2026-08-15 08:43:00,CUST-DT-0895,1004.44
2026-08-15 08:45:00,CUST-DT-0896,2331.55
2026-08-15 08:52:00,CUST-DT-0897,1222.17
2026-08-15 08:52:00,CUST-DT-0898,61.88
2026-08-15 08:55:00,CUST-DT-0899,300.03
2026-08-15 09:00:00,CUST-DT-0900,387.97
2026-08-15 09:00:00,CUST-DT-0901,1652.31
2026-08-15 09:07:00,CUST-DT-0902,1317.41
2026-08-15 09:06:00,CUST-DT-0903,2135.86
2026-08-15 09:11:00,CUST-DT-0904,1724.11
2026-08-15 09:16:00,CUST-DT-0905,1891.45
2026-08-15 09:15:00,CUST-DT-0906,1031.57
2026-08-15 09:21:00,CUST-DT-0907,113.14
2026-08-15 09:21:00,CUST-DT-0908,2350.78
2026-08-15 09:24:00,CUST-DT-0909,84.08
2026-08-15 09:30:00,CUST-DT-0910,3578.92
2026-08-15 09:34:00,CUST-DT-0911,2177.41
2026-08-15 09:36:00,CUST-DT-0912,652.37
2026-08-15 09:37:00,CUST-DT-0913,1919.19
2026-08-15 09:43:00,CUST-DT-0914,900.49
2026-08-15 09:46:00,CUST-DT-0915,921.98
2026-08-15 09:49:00,CUST-DT-0916,329.04
2026-08-15 09:49:00,CUST-DT-0917,1679.17
2026-08-15 09:54:00,CUST-DT-0918,4263.15
2026-08-15 09:57:00,CUST-DT-0919,3516.67
2026-08-15 10:00:00,CUST-DT-0920,2601.88
2026-08-15 10:03:00,CUST-DT-0921,2464.22
2026-08-15 10:03:00,CUST-DT-0922,106.49
2026-08-15 10:09:00,CUST-DT-0923,1626.52
2026-08-15 10:12:00,CUST-DT-0924,3514.11
2026-08-15 10:13:00,CUST-DT-0925,1544.24
2026-08-15 10:17:00,CUST-DT-0926,3708.56
2026-08-15 10:20:00,CUST-DT-0927,4489.02
2026-08-15 10:21:00,CUST-DT-0928,1018.91
2026-08-15 10:24:00,CUST-DT-0929,1727.76
2026-08-15 10:29:00,CUST-DT-0930,1894.6
2026-08-15 10:31:00,CUST-DT-0931,499.06
2026-08-15 10:34:00,CUST-DT-0932,710.77
2026-08-15 10:36:00,CUST-DT-0933,2117.15
2026-08-15 10:42:00,CUST-DT-0934,3162.0
2026-08-15 10:42:00,CUST-DT-0935,2299.03
2026-08-15 10:49:00,CUST-DT-0936,1715.21
2026-08-15 10:52:00,CUST-DT-0937,3485.6
2026-08-15 10:55:00,CUST-DT-0938,2609.72
2026-08-15 10:55:00,CUST-DT-0939,2531.94
2026-08-15 10:57:00,CUST-DT-0940,1751.6
2026-08-15 11:02:00,CUST-DT-0941,1063.1
2026-08-15 11:07:00,CUST-DT-0942,4352.96
2026-08-15 11:06:00,CUST-DT-0943,480.3
2026-08-15 11:11:00,CUST-DT-0944,1862.39
2026-08-15 11:12:00,CUST-DT-0945,3710.27
2026-08-15 11:17:00,CUST-DT-0946,3720.23
2026-08-15 11:19:00,CUST-DT-0947,4320.87
2026-08-15 11:21:00,CUST-DT-0948,2626.37
2026-08-15 11:28:00,CUST-DT-0949,760.66
2026-08-15 11:30:00,CUST-DT-0950,3922.99
2026-08-15 11:32:00,CUST-DT-0951,851.84
2026-08-15 11:34:00,CUST-DT-0952,833.24
2026-08-15 11:38:00,CUST-DT-0953,3999.43
2026-08-15 11:43:00,CUST-DT-0954,3600.67
2026-08-15 11:45:00,CUST-DT-0955,696.87
2026-08-15 11:49:00,CUST-DT-0956,2744.41
2026-08-15 11:49:00,CUST-DT-0957,822.28
2026-08-15 11:54:00,CUST-DT-0958,642.64
2026-08-15 11:55:00,CUST-DT-0959,3435.43
2026-08-15 12:01:00,CUST-DT-0960,2919.66
2026-08-15 12:02:00,CUST-DT-0961,3572.71
2026-08-15 12:05:00,CUST-DT-0962,370.44
2026-08-15 12:09:00,CUST-DT-0963,2934.11
2026-08-15 12:10:00,CUST-DT-0964,3321.14
2026-08-15 12:14:00,CUST-DT-0965,2090.16
2026-08-15 12:19:00,CUST-DT-0966,2289.68
2026-08-15 12:22:00,CUST-DT-0967,1151.86
2026-08-15 12:22:00,CUST-DT-0968,998.05
2026-08-15 12:26:00,CUST-DT-0969,789.29
2026-08-15 12:27:00,CUST-DT-0970,3833.94
2026-08-15 12:30:00,CUST-DT-0971,1458.01
2026-08-15 12:35:00,CUST-DT-0972,2656.43
2026-08-15 12:38:00,CUST-DT-0973,1083.84
2026-08-15 12:41:00,CUST-DT-0974,1205.77
2026-08-15 12:45:00,CUST-DT-0975,3047.95
2026-08-15 12:45:00,CUST-DT-0976,1121.82
2026-08-15 12:52:00,CUST-DT-0977,2558.07
2026-08-15 12:55:00,CUST-DT-0978,3547.41
2026-08-15 12:56:00,CUST-DT-0979,2862.1
2026-08-15 13:00:00,CUST-DT-0980,342.7
2026-08-15 13:03:00,CUST-DT-0981,78.11
2026-08-15 13:07:00,CUST-DT-0982,4386.66
2026-08-15 13:07:00,CUST-DT-0983,314.22
2026-08-15 13:13:00,CUST-DT-0984,2873.04
2026-08-15 13:15:00,CUST-DT-0985,3382.93
2026-08-15 13:16:00,CUST-DT-0986,2222.11
2026-08-15 13:19:00,CUST-DT-0987,4244.36
2026-08-15 13:25:00,CUST-DT-0988,2804.76
2026-08-15 13:28:00,CUST-DT-0989,1658.62
2026-08-15 13:29:00,CUST-DT-0990,4481.72
2026-08-15 13:33:00,CUST-DT-0991,3288.94
2026-08-15 13:35:00,CUST-DT-0992,2658.02
2026-08-15 13:36:00,CUST-DT-0993,3730.75
2026-08-15 13:42:00,CUST-DT-0994,3197.38
2026-08-15 13:42:00,CUST-DT-0995,4312.9
2026-08-15 13:47:00,CUST-DT-0996,73.93
2026-08-15 13:52:00,CUST-DT-0997,3127.77
2026-08-15 13:55:00,CUST-DT-0998,3620.38
2026-08-15 13:54:00,CUST-DT-0999,3713.92
2026-08-15 14:01:00,CUST-DT-1000,300.36
2026-08-15 14:03:00,CUST-DT-1001,670.77
2026-08-15 14:06:00,CUST-DT-1002,4253.71
2026-08-15 14:10:00,CUST-DT-1003,4094.99
2026-08-15 14:13:00,CUST-DT-1004,4016.48
2026-08-15 14:15:00,CUST-DT-1005,2232.44
2026-08-15 14:17:00,CUST-DT-1006,1551.5
2026-08-15 14:19:00,CUST-DT-1007,758.56
2026-08-15 14:24:00,CUST-DT-1008,2032.8
2026-08-15 14:28:00,CUST-DT-1009,3494.54
2026-08-15 14:29:00,CUST-DT-1010,335.82
2026-08-15 14:30:00,CUST-DT-1011,1306.99
2026-08-15 14:37:00,CUST-DT-1012,4012.79
2026-08-15 14:37:00,CUST-DT-1013,2262.87
2026-08-15 14:39:00,CUST-DT-1014,406.69
2026-08-15 14:43:00,CUST-DT-1015,1858.2
2026-08-15 14:46:00,CUST-DT-1016,2177.9
2026-08-15 14:48:00,CUST-DT-1017,2717.35
2026-08-15 14:53:00,CUST-DT-1018,1320.38
2026-08-15 14:57:00,CUST-DT-1019,3637.28
2026-08-15 14:59:00,CUST-DT-1020,4120.08
2026-08-15 15:04:00,CUST-DT-1021,1302.72
2026-08-15 15:06:00,CUST-DT-1022,590.58
2026-08-15 15:10:00,CUST-DT-1023,3015.45
2026-08-15 15:11:00,CUST-DT-1024,2946.42
2026-08-15 15:16:00,CUST-DT-1025,4197.16
2026-08-15 15:15:00,CUST-DT-1026,1329.01
2026-08-15 15:21:00,CUST-DT-1027,1650.22
2026-08-15 15:22:00,CUST-DT-1028,1524.34
2026-08-15 15:25:00,CUST-DT-1029,114.26
2026-08-15 15:27:00,CUST-DT-1030,735.97
2026-08-15 15:34:00,CUST-DT-1031,510.32
2026-08-15 15:37:00,CUST-DT-1032,3479.94
2026-08-15 15:38:00,CUST-DT-1033,2680.16
2026-08-15 15:43:00,CUST-DT-1034,466.53
2026-08-15 15:42:00,CUST-DT-1035,1795.97
2026-08-15 15:48:00,CUST-DT-1036,3563.74
2026-08-15 15:52:00,CUST-DT-1037,4285.6
2026-08-15 15:51:00,CUST-DT-1038,2992.89
2026-08-15 15:54:00,CUST-DT-1039,2443.19
2026-08-15 15:58:00,CUST-DT-1040,2558.91
2026-08-15 16:00:00,CUST-DT-1041,2218.64
2026-08-15 16:03:00,CUST-DT-1042,356.8
2026-08-15 16:09:00,CUST-DT-1043,129.93
2026-08-15 16:12:00,CUST-DT-1044,4025.7
2026-08-15 16:12:00,CUST-DT-1045,870.99
2026-08-15 16:18:00,CUST-DT-1046,242.85
2026-08-15 16:21:00,CUST-DT-1047,4149.72
2026-08-15 16:21:00,CUST-DT-1048,4268.59
2026-08-15 16:27:00,CUST-DT-1049,3164.6
2026-08-15 16:30:00,CUST-DT-1050,1001.06
2026-08-15 16:31:00,CUST-DT-1051,2032.02
2026-08-15 16:35:00,CUST-DT-1052,3071.39
2026-08-15 16:39:00,CUST-DT-1053,2473.95
2026-08-15 16:39:00,CUST-DT-1054,1529.01
2026-08-15 16:46:00,CUST-DT-1055,1836.01
2026-08-15 16:46:00,CUST-DT-1056,551.53
2026-08-15 16:49:00,CUST-DT-1057,481.16
2026-08-15 16:51:00,CUST-DT-1058,919.55
2026-08-15 16:57:00,CUST-DT-1059,3603.37
2026-08-15 17:01:00,CUST-DT-1060,3842.69
2026-08-15 17:00:00,CUST-DT-1061,2360.82
2026-08-15 17:03:00,CUST-DT-1062,4497.31
2026-08-15 17:08:00,CUST-DT-1063,3588.32
2026-08-15 17:11:00,CUST-DT-1064,3995.97
2026-08-15 17:16:00,CUST-DT-1065,3713.26
2026-08-15 17:18:00,CUST-DT-1066,277.28
2026-08-15 17:22:00,CUST-DT-1067,3888.31
2026-08-15 17:21:00,CUST-DT-1068,1994.09
2026-08-15 17:25:00,CUST-DT-1069,1166.38
2026-08-15 17:28:00,CUST-DT-1070,4249.07
2026-08-15 17:30:00,CUST-DT-1071,2369.88
2026-08-15 17:35:00,CUST-DT-1072,838.1
2026-08-15 17:38:00,CUST-DT-1073,3550.05
2026-08-15 17:39:00,CUST-DT-1074,438.93
2026-08-15 17:45:00,CUST-DT-1075,2067.21
2026-08-15 17:47:00,CUST-DT-1076,1326.58
2026-08-15 17:52:00,CUST-DT-1077,73.82
2026-08-15 17:55:00,CUST-DT-1078,3678.16
2026-08-15 17:55:00,CUST-DT-1079,2427.35
2026-08-15 17:58:00,CUST-DT-1080,485.31
2026-08-15 18:02:00,CUST-DT-1081,2408.06
2026-08-15 18:06:00,CUST-DT-1082,2260.39
2026-08-15 18:08:00,CUST-DT-1083,1687.08
2026-08-15 18:10:00,CUST-DT-1084,4266.18
2026-08-15 18:16:00,CUST-DT-1085,3529.14
2026-08-15 18:17:00,CUST-DT-1086,3170.25
2026-08-15 18:18:00,CUST-DT-1087,3914.87
2026-08-15 18:23:00,CUST-DT-1088,3441.55
2026-08-15 18:25:00,CUST-DT-1089,2167.67
2026-08-15 18:28:00,CUST-DT-1090,2757.0
2026-08-15 18:32:00,CUST-DT-1091,2056.58
2026-08-15 18:34:00,CUST-DT-1092,2017.51
2026-08-15 18:36:00,CUST-DT-1093,2706.84
2026-08-15 18:41:00,CUST-DT-1094,2924.76
2026-08-15 18:46:00,CUST-DT-1095,346.77
2026-08-15 18:45:00,CUST-DT-1096,212.02
2026-08-15 18:51:00,CUST-DT-1097,3120.97
2026-08-15 18:55:00,CUST-DT-1098,1775.06
2026-08-15 18:54:00,CUST-DT-1099,3834.08
2026-08-15 18:58:00,CUST-DT-1100,75.01
2026-08-15 19:02:00,CUST-DT-1101,1807.92
2026-08-15 19:04:00,CUST-DT-1102,1886.92
2026-08-15 19:07:00,CUST-DT-1103,3146.72
2026-08-15 19:10:00,CUST-DT-1104,497.0
2026-08-15 19:16:00,CUST-DT-1105,95.37
2026-08-15 19:18:00,CUST-DT-1106,3713.1
2026-08-15 19:22:00,CUST-DT-1107,2281.08
2026-08-15 19:23:00,CUST-DT-1108,3475.44
2026-08-15 19:26:00,CUST-DT-1109,1292.99
2026-08-15 19:30:00,CUST-DT-1110,1934.46
2026-08-15 19:31:00,CUST-DT-1111,3075.88
2026-08-15 19:35:00,CUST-DT-1112,3004.21
2026-08-15 19:38:00,CUST-DT-1113,3924.62
2026-08-15 19:41:00,CUST-DT-1114,3631.57
2026-08-15 19:46:00,CUST-DT-1115,3964.63
2026-08-15 19:49:00,CUST-DT-1116,1965.32
2026-08-15 19:52:00,CUST-DT-1117,4360.96
2026-08-15 19:51:00,CUST-DT-1118,4250.38
2026-08-15 19:55:00,CUST-DT-1119,3332.41
2026-08-15 19:57:00,CUST-DT-1120,955.34
2026-08-15 20:03:00,CUST-DT-1121,1645.68
2026-08-15 20:04:00,CUST-DT-1122,1688.74
2026-08-15 20:08:00,CUST-DT-1123,3731.96
2026-08-15 20:09:00,CUST-DT-1124,3435.96
2026-08-15 20:16:00,CUST-DT-1125,430.1
2026-08-15 20:17:00,CUST-DT-1126,3820.9
2026-08-15 20:19:00,CUST-DT-1127,3615.0
2026-08-15 20:24:00,CUST-DT-1128,2118.84
2026-08-15 20:27:00,CUST-DT-1129,100.07
2026-08-15 20:29:00,CUST-DT-1130,3211.17
2026-08-15 20:34:00,CUST-DT-1131,1722.79
2026-08-15 20:36:00,CUST-DT-1132,1595.5
2026-08-15 20:38:00,CUST-DT-1133,2031.01
2026-08-15 20:41:00,CUST-DT-1134,4389.42
2026-08-15 20:43:00,CUST-DT-1135,482.94
2026-08-15 20:45:00,CUST-DT-1136,1902.87
2026-08-15 20:52:00,CUST-DT-1137,3997.71
2026-08-15 20:53:00,CUST-DT-1138,3086.0
2026-08-15 20:54:00,CUST-DT-1139,4099.99
2026-08-15 20:59:00,CUST-DT-1140,1223.44
2026-08-15 21:02:00,CUST-DT-1141,3565.94
2026-08-15 21:07:00,CUST-DT-1142,3640.31
2026-08-15 21:06:00,CUST-DT-1143,2600.54
2026-08-15 21:11:00,CUST-DT-1144,2658.71
2026-08-15 21:12:00,CUST-DT-1145,4023.96
2026-08-15 21:16:00,CUST-DT-1146,1176.38
2026-08-15 21:18:00,CUST-DT-1147,3112.4
2026-08-15 21:22:00,CUST-DT-1148,1163.78
2026-08-15 21:26:00,CUST-DT-1149,1576.89
2026-08-15 21:27:00,CUST-DT-1150,880.92
2026-08-15 21:32:00,CUST-DT-1151,1686.02
2026-08-15 21:36:00,CUST-DT-1152,2037.22
2026-08-15 21:40:00,CUST-DT-1153,2685.86
2026-08-15 21:42:00,CUST-DT-1154,1110.39
2026-08-15 21:45:00,CUST-DT-1155,385.04
2026-08-15 21:49:00,CUST-DT-1156,4146.29
2026-08-15 21:49:00,CUST-DT-1157,3002.92
2026-08-15 21:55:00,CUST-DT-1158,2567.21
2026-08-15 21:55:00,CUST-DT-1159,1297.03
2026-08-15 21:57:00,CUST-DT-1160,2109.11
2026-08-15 22:00:00,CUST-DT-1161,3482.18
2026-08-15 22:07:00,CUST-DT-1162,923.95
2026-08-15 22:06:00,CUST-DT-1163,1823.37
2026-08-15 22:12:00,CUST-DT-1164,2553.77
2026-08-15 22:12:00,CUST-DT-1165,2314.62
2026-08-15 22:15:00,CUST-DT-1166,1871.41
2026-08-15 22:18:00,CUST-DT-1167,2183.72
2026-08-15 22:23:00,CUST-DT-1168,2733.98
2026-08-15 22:25:00,CUST-DT-1169,3661.91
2026-08-15 22:31:00,CUST-DT-1170,1003.11
2026-08-15 22:33:00,CUST-DT-1171,801.59
2026-08-15 22:34:00,CUST-DT-1172,2573.93
2026-08-15 22:40:00,CUST-DT-1173,877.95
2026-08-15 22:43:00,CUST-DT-1174,3207.34
2026-08-15 22:45:00,CUST-DT-1175,1618.62
2026-08-15 22:45:00,CUST-DT-1176,3358.0
2026-08-15 22:49:00,CUST-DT-1177,1220.21
2026-08-15 22:55:00,CUST-DT-1178,4217.63
2026-08-15 22:55:00,CUST-DT-1179,2706.84
2026-08-15 23:01:00,CUST-DT-1180,3262.92
2026-08-15 23:04:00,CUST-DT-1181,3697.65
2026-08-15 23:06:00,CUST-DT-1182,756.95
2026-08-15 23:10:00,CUST-DT-1183,1891.26
2026-08-15 23:12:00,CUST-DT-1184,431.45
2026-08-15 23:14:00,CUST-DT-1185,1262.77
2026-08-15 23:15:00,CUST-DT-1186,3353.95
2026-08-15 23:22:00,CUST-DT-1187,3716.98
2026-08-15 23:23:00,CUST-DT-1188,2987.07
2026-08-15 23:26:00,CUST-DT-1189,3360.88
2026-08-15 23:30:00,CUST-DT-1190,427.29
2026-08-15 23:30:00,CUST-DT-1191,199.13
2026-08-15 23:34:00,CUST-DT-1192,2756.18
2026-08-15 23:39:00,CUST-DT-1193,2828.45
2026-08-15 23:42:00,CUST-DT-1194,4479.04
2026-08-15 23:46:00,CUST-DT-1195,3611.27
2026-08-15 23:46:00,CUST-DT-1196,1660.46
2026-08-15 23:49:00,CUST-DT-1197,624.34
2026-08-15 23:54:00,CUST-DT-1198,1747.3
2026-08-15 23:57:00,CUST-DT-1199,328.09
2026-08-15 23:59:00,CUST-DT-1200,487.45
2026-08-16 00:00:00,CUST-DT-1201,3110.12
2026-08-16 00:06:00,CUST-DT-1202,4218.44
2026-08-16 00:06:00,CUST-DT-1203,642.21
2026-08-16 00:10:00,CUST-DT-1204,3843.72
2026-08-16 00:14:00,CUST-DT-1205,1348.98
2026-08-16 00:17:00,CUST-DT-1206,2801.94
2026-08-16 00:19:00,CUST-DT-1207,1759.44
2026-08-16 00:22:00,CUST-DT-1208,2404.96
2026-08-16 00:28:00,CUST-DT-1209,2961.98
2026-08-16 00:27:00,CUST-DT-1210,2752.11
2026-08-16 00:33:00,CUST-DT-1211,2456.35
2026-08-16 00:34:00,CUST-DT-1212,2019.0
2026-08-16 00:40:00,CUST-DT-1213,72.14
2026-08-16 00:43:00,CUST-DT-1214,2320.19
2026-08-16 00:45:00,CUST-DT-1215,969.23
2026-08-16 00:45:00,CUST-DT-1216,1839.57
2026-08-16 00:52:00,CUST-DT-1217,521.38
2026-08-16 00:55:00,CUST-DT-1218,2684.93
2026-08-16 00:58:00,CUST-DT-1219,4411.19
2026-08-16 00:59:00,CUST-DT-1220,2134.36
2026-08-16 01:00:00,CUST-DT-1221,2426.02
2026-08-16 01:03:00,CUST-DT-1222,4071.75
2026-08-16 01:10:00,CUST-DT-1223,2180.17
2026-08-16 01:13:00,CUST-DT-1224,181.95
2026-08-16 01:15:00,CUST-DT-1225,1067.85
2026-08-16 01:16:00,CUST-DT-1226,1478.91
2026-08-16 01:22:00,CUST-DT-1227,2488.38
2026-08-16 01:21:00,CUST-DT-1228,3306.99
2026-08-16 01:28:00,CUST-DT-1229,3996.68
2026-08-16 01:30:00,CUST-DT-1230,2528.27
2026-08-16 01:31:00,CUST-DT-1231,2931.69
2026-08-16 01:34:00,CUST-DT-1232,3752.54
2026-08-16 01:36:00,CUST-DT-1233,3091.6
2026-08-16 01:40:00,CUST-DT-1234,3715.34
2026-08-16 01:43:00,CUST-DT-1235,3906.43
2026-08-16 01:45:00,CUST-DT-1236,1599.43
2026-08-16 01:49:00,CUST-DT-1237,2384.29
2026-08-16 01:54:00,CUST-DT-1238,2001.81
2026-08-16 01:58:00,CUST-DT-1239,3369.1
2026-08-16 01:58:00,CUST-DT-1240,728.14
2026-08-16 02:02:00,CUST-DT-1241,2915.99
2026-08-16 02:03:00,CUST-DT-1242,1782.82
2026-08-16 02:09:00,CUST-DT-1243,1635.44
2026-08-16 02:13:00,CUST-DT-1244,1760.95
2026-08-16 02:12:00,CUST-DT-1245,3371.4
2026-08-16 02:19:00,CUST-DT-1246,1140.45
2026-08-16 02:19:00,CUST-DT-1247,3668.16
2026-08-16 02:23:00,CUST-DT-1248,2147.81
2026-08-16 02:26:00,CUST-DT-1249,4133.04
2026-08-16 02:31:00,CUST-DT-1250,3509.24
2026-08-16 02:33:00,CUST-DT-1251,4009.26
2026-08-16 02:35:00,CUST-DT-1252,2299.99
2026-08-16 02:38:00,CUST-DT-1253,548.52
2026-08-16 02:40:00,CUST-DT-1254,4038.87
2026-08-16 02:42:00,CUST-DT-1255,2313.14
2026-08-16 02:46:00,CUST-DT-1256,4421.93
2026-08-16 02:51:00,CUST-DT-1257,2348.59
2026-08-16 02:51:00,CUST-DT-1258,712.76
2026-08-16 02:54:00,CUST-DT-1259,2352.55
2026-08-16 03:01:00,CUST-DT-1260,1407.03
2026-08-16 03:00:00,CUST-DT-1261,1699.85
2026-08-16 03:04:00,CUST-DT-1262,2331.58
2026-08-16 03:06:00,CUST-DT-1263,2232.0
2026-08-16 03:13:00,CUST-DT-1264,2441.84
2026-08-16 03:13:00,CUST-DT-1265,2169.7
2026-08-16 03:15:00,CUST-DT-1266,1636.66
2026-08-16 03:21:00,CUST-DT-1267,2062.95
2026-08-16 03:25:00,CUST-DT-1268,938.01
2026-08-16 03:26:00,CUST-DT-1269,2260.08
2026-08-16 03:31:00,CUST-DT-1270,2722.61
2026-08-16 03:33:00,CUST-DT-1271,151.37
2026-08-16 03:35:00,CUST-DT-1272,4496.09
2026-08-16 03:40:00,CUST-DT-1273,565.19
2026-08-16 03:43:00,CUST-DT-1274,1704.71
2026-08-16 03:42:00,CUST-DT-1275,2664.94
2026-08-16 03:47:00,CUST-DT-1276,3870.69
2026-08-16 03:51:00,CUST-DT-1277,1309.72
2026-08-16 03:54:00,CUST-DT-1278,3828.75
2026-08-16 03:56:00,CUST-DT-1279,112.99
2026-08-16 03:57:00,CUST-DT-1280,557.06
2026-08-16 04:03:00,CUST-DT-1281,2208.85
2026-08-16 04:04:00,CUST-DT-1282,2995.39
2026-08-16 04:07:00,CUST-DT-1283,3900.84
2026-08-16 04:10:00,CUST-DT-1284,341.79
2026-08-16 04:13:00,CUST-DT-1285,3109.27
2026-08-16 04:15:00,CUST-DT-1286,3065.56
2026-08-16 04:22:00,CUST-DT-1287,2488.35
2026-08-16 04:25:00,CUST-DT-1288,2771.36
2026-08-16 04:26:00,CUST-DT-1289,4446.53
2026-08-16 04:30:00,CUST-DT-1290,1710.45
2026-08-16 04:30:00,CUST-DT-1291,1337.23
2026-08-16 04:35:00,CUST-DT-1292,1002.22
2026-08-16 04:40:00,CUST-DT-1293,4444.15
2026-08-16 04:43:00,CUST-DT-1294,435.09
2026-08-16 04:44:00,CUST-DT-1295,3806.17
2026-08-16 04:48:00,CUST-DT-1296,4468.27
2026-08-16 04:51:00,CUST-DT-1297,1095.37
2026-08-16 04:53:00,CUST-DT-1298,3645.86
2026-08-16 04:55:00,CUST-DT-1299,1931.2
2026-08-16 05:01:00,CUST-DT-1300,435.66
2026-08-16 05:03:00,CUST-DT-1301,573.63
2026-08-16 05:07:00,CUST-DT-1302,3317.42
2026-08-16 05:07:00,CUST-DT-1303,1799.72
2026-08-16 05:09:00,CUST-DT-1304,766.56
2026-08-16 05:15:00,CUST-DT-1305,3859.39
2026-08-16 05:18:00,CUST-DT-1306,359.4
2026-08-16 05:20:00,CUST-DT-1307,3136.05
2026-08-16 05:25:00,CUST-DT-1308,4304.29
2026-08-16 05:28:00,CUST-DT-1309,760.1
2026-08-16 05:27:00,CUST-DT-1310,1305.98
2026-08-16 05:32:00,CUST-DT-1311,2913.19
2026-08-16 05:37:00,CUST-DT-1312,553.76
2026-08-16 05:38:00,CUST-DT-1313,4037.18
2026-08-16 05:39:00,CUST-DT-1314,1315.48
2026-08-16 05:42:00,CUST-DT-1315,2206.04
2026-08-16 05:46:00,CUST-DT-1316,679.98
2026-08-16 05:52:00,CUST-DT-1317,1602.87
2026-08-16 05:51:00,CUST-DT-1318,3746.81
2026-08-16 05:54:00,CUST-DT-1319,1418.36
2026-08-16 05:59:00,CUST-DT-1320,730.02
2026-08-16 06:04:00,CUST-DT-1321,3280.81
2026-08-16 06:06:00,CUST-DT-1322,2306.7
2026-08-16 06:10:00,CUST-DT-1323,4204.11
2026-08-16 06:09:00,CUST-DT-1324,1937.69
2026-08-16 06:13:00,CUST-DT-1325,500.29
2026-08-16 06:15:00,CUST-DT-1326,3681.97
2026-08-16 06:21:00,CUST-DT-1327,3476.11
2026-08-16 06:25:00,CUST-DT-1328,2034.77
2026-08-16 06:25:00,CUST-DT-1329,3998.98
2026-08-16 06:27:00,CUST-DT-1330,3018.93
2026-08-16 06:31:00,CUST-DT-1331,3672.9
2026-08-16 06:35:00,CUST-DT-1332,2015.49
2026-08-16 06:39:00,CUST-DT-1333,2431.89
2026-08-16 06:39:00,CUST-DT-1334,2820.23
2026-08-16 06:43:00,CUST-DT-1335,3813.99
2026-08-16 06:47:00,CUST-DT-1336,1639.0
2026-08-16 06:51:00,CUST-DT-1337,1332.18
2026-08-16 06:55:00,CUST-DT-1338,3427.94
2026-08-16 06:57:00,CUST-DT-1339,3262.3
2026-08-16 06:59:00,CUST-DT-1340,3416.37
2026-08-16 07:04:00,CUST-DT-1341,2726.76
2026-08-16 07:03:00,CUST-DT-1342,3756.4
2026-08-16 07:06:00,CUST-DT-1343,4264.88
2026-08-16 07:12:00,CUST-DT-1344,4329.23
2026-08-16 07:16:00,CUST-DT-1345,1564.92
2026-08-16 07:18:00,CUST-DT-1346,2479.73
2026-08-16 07:18:00,CUST-DT-1347,561.28
2026-08-16 07:25:00,CUST-DT-1348,2636.51
2026-08-16 07:27:00,CUST-DT-1349,1689.91
2026-08-16 07:31:00,CUST-DT-1350,4496.27
2026-08-16 07:33:00,CUST-DT-1351,578.28
2026-08-16 07:35:00,CUST-DT-1352,3793.68
2026-08-16 07:40:00,CUST-DT-1353,80.04
2026-08-16 07:43:00,CUST-DT-1354,2427.4
2026-08-16 07:44:00,CUST-DT-1355,1919.77
2026-08-16 07:49:00,CUST-DT-1356,2861.66
2026-08-16 07:48:00,CUST-DT-1357,1680.32
2026-08-16 07:55:00,CUST-DT-1358,1871.75
2026-08-16 07:56:00,CUST-DT-1359,392.48
2026-08-16 08:00:00,CUST-DT-1360,1470.5
2026-08-16 08:03:00,CUST-DT-1361,2654.46
2026-08-16 08:06:00,CUST-DT-1362,4004.88
2026-08-16 08:07:00,CUST-DT-1363,2281.93
2026-08-16 08:11:00,CUST-DT-1364,1264.2
2026-08-16 08:14:00,CUST-DT-1365,1809.39
2026-08-16 08:15:00,CUST-DT-1366,1470.68
2026-08-16 08:18:00,CUST-DT-1367,1968.04
2026-08-16 08:21:00,CUST-DT-1368,1039.98
2026-08-16 08:25:00,CUST-DT-1369,3596.63
2026-08-16 08:28:00,CUST-DT-1370,3214.7
2026-08-16 08:30:00,CUST-DT-1371,649.2
2026-08-16 08:37:00,CUST-DT-1372,291.64
2026-08-16 08:38:00,CUST-DT-1373,284.9
2026-08-16 08:40:00,CUST-DT-1374,3450.71
2026-08-16 08:42:00,CUST-DT-1375,2702.2
2026-08-16 08:49:00,CUST-DT-1376,3440.5
2026-08-16 08:50:00,CUST-DT-1377,3433.05
2026-08-16 08:55:00,CUST-DT-1378,1918.97
2026-08-16 08:57:00,CUST-DT-1379,4054.02
2026-08-16 08:59:00,CUST-DT-1380,1949.07
2026-08-16 09:01:00,CUST-DT-1381,1750.7
2026-08-16 09:04:00,CUST-DT-1382,3514.57
2026-08-16 09:08:00,CUST-DT-1383,4476.53
2026-08-16 09:10:00,CUST-DT-1384,398.14
2026-08-16 09:16:00,CUST-DT-1385,3194.9
2026-08-16 09:19:00,CUST-DT-1386,3462.9
2026-08-16 09:20:00,CUST-DT-1387,2946.84
2026-08-16 09:24:00,CUST-DT-1388,2417.1
2026-08-16 09:27:00,CUST-DT-1389,646.37
2026-08-16 09:29:00,CUST-DT-1390,1973.15
2026-08-16 09:31:00,CUST-DT-1391,114.66
2026-08-16 09:35:00,CUST-DT-1392,643.46
2026-08-16 09:39:00,CUST-DT-1393,147.84
2026-08-16 09:42:00,CUST-DT-1394,2913.98
2026-08-16 09:43:00,CUST-DT-1395,961.68
2026-08-16 09:46:00,CUST-DT-1396,2873.79
2026-08-16 09:51:00,CUST-DT-1397,1653.9
2026-08-16 09:55:00,CUST-DT-1398,3568.21
2026-08-16 09:56:00,CUST-DT-1399,4491.84
2026-08-16 09:57:00,CUST-DT-1400,4089.43
2026-08-16 10:02:00,CUST-DT-1401,717.88
2026-08-16 10:07:00,CUST-DT-1402,92.72
2026-08-16 10:08:00,CUST-DT-1403,712.51
2026-08-16 10:12:00,CUST-DT-1404,2273.33
2026-08-16 10:13:00,CUST-DT-1405,277.31
2026-08-16 10:15:00,CUST-DT-1406,233.24
2026-08-16 10:20:00,CUST-DT-1407,190.58
2026-08-16 10:22:00,CUST-DT-1408,658.86
2026-08-16 10:24:00,CUST-DT-1409,1577.73
2026-08-16 10:27:00,CUST-DT-1410,3663.05
2026-08-16 10:33:00,CUST-DT-1411,3645.3
2026-08-16 10:36:00,CUST-DT-1412,980.38
2026-08-16 10:36:00,CUST-DT-1413,2580.08
2026-08-16 10:40:00,CUST-DT-1414,406.89
2026-08-16 10:42:00,CUST-DT-1415,1400.97
2026-08-16 10:48:00,CUST-DT-1416,844.23
2026-08-16 10:52:00,CUST-DT-1417,246.2
2026-08-16 10:52:00,CUST-DT-1418,2033.42
2026-08-16 10:54:00,CUST-DT-1419,4357.75
2026-08-16 11:01:00,CUST-DT-1420,3011.25
2026-08-16 11:02:00,CUST-DT-1421,540.95
2026-08-16 11:05:00,CUST-DT-1422,680.97
2026-08-16 11:10:00,CUST-DT-1423,2527.36
2026-08-16 11:10:00,CUST-DT-1424,453.35
2026-08-16 11:15:00,CUST-DT-1425,3681.12
2026-08-16 11:18:00,CUST-DT-1426,4495.02
2026-08-16 11:19:00,CUST-DT-1427,3568.11
2026-08-16 11:22:00,CUST-DT-1428,891.85
2026-08-16 11:25:00,CUST-DT-1429,3227.31
2026-08-16 11:28:00,CUST-DT-1430,2577.92
2026-08-16 11:30:00,CUST-DT-1431,2281.7
2026-08-16 11:34:00,CUST-DT-1432,4446.24
2026-08-16 11:38:00,CUST-DT-1433,2554.26
2026-08-16 11:42:00,CUST-DT-1434,2072.6
2026-08-16 11:44:00,CUST-DT-1435,2083.63
2026-08-16 11:45:00,CUST-DT-1436,4125.36
2026-08-16 11:48:00,CUST-DT-1437,64.9
2026-08-16 11:52:00,CUST-DT-1438,3551.42
2026-08-16 11:55:00,CUST-DT-1439,290.95
2026-08-16 11:57:00,CUST-DT-1440,1508.66
2026-08-16 12:00:00,CUST-DT-1441,3132.95
2026-08-16 12:04:00,CUST-DT-1442,3596.54
2026-08-16 12:06:00,CUST-DT-1443,1901.53
2026-08-16 12:11:00,CUST-DT-1444,1300.82
2026-08-16 12:14:00,CUST-DT-1445,3228.83
2026-08-16 12:16:00,CUST-DT-1446,277.13
2026-08-16 12:22:00,CUST-DT-1447,2731.38
2026-08-16 12:24:00,CUST-DT-1448,2223.35
2026-08-16 12:26:00,CUST-DT-1449,1764.62
2026-08-16 12:29:00,CUST-DT-1450,131.42
2026-08-16 12:31:00,CUST-DT-1451,2927.61
2026-08-16 12:37:00,CUST-DT-1452,1880.88
2026-08-16 12:37:00,CUST-DT-1453,4358.18
2026-08-16 12:41:00,CUST-DT-1454,3259.75
2026-08-16 12:42:00,CUST-DT-1455,2807.26
2026-08-16 12:45:00,CUST-DT-1456,1886.45
2026-08-16 12:49:00,CUST-DT-1457,1901.61
2026-08-16 12:54:00,CUST-DT-1458,2468.03
2026-08-16 12:57:00,CUST-DT-1459,4266.74
2026-08-16 12:59:00,CUST-DT-1460,609.3
2026-08-16 13:03:00,CUST-DT-1461,483.58
2026-08-16 13:03:00,CUST-DT-1462,997.79
2026-08-16 13:09:00,CUST-DT-1463,2747.67
2026-08-16 13:09:00,CUST-DT-1464,1433.86
2026-08-16 13:16:00,CUST-DT-1465,724.41
2026-08-16 13:16:00,CUST-DT-1466,2256.43
2026-08-16 13:20:00,CUST-DT-1467,780.21
2026-08-16 13:21:00,CUST-DT-1468,4208.07
2026-08-16 13:27:00,CUST-DT-1469,1252.73
2026-08-16 13:27:00,CUST-DT-1470,3645.82
2026-08-16 13:30:00,CUST-DT-1471,2054.03
2026-08-16 13:37:00,CUST-DT-1472,923.99
2026-08-16 13:38:00,CUST-DT-1473,1874.78
2026-08-16 13:42:00,CUST-DT-1474,439.74
2026-08-16 13:42:00,CUST-DT-1475,1957.82
2026-08-16 13:46:00,CUST-DT-1476,863.95
2026-08-16 13:49:00,CUST-DT-1477,4166.78
2026-08-16 13:54:00,CUST-DT-1478,3176.71
2026-08-16 13:57:00,CUST-DT-1479,3510.16
2026-08-16 14:01:00,CUST-DT-1480,2275.91
2026-08-16 14:00:00,CUST-DT-1481,3427.8
2026-08-16 14:04:00,CUST-DT-1482,4477.96
2026-08-16 14:10:00,CUST-DT-1483,2761.66
2026-08-16 14:10:00,CUST-DT-1484,819.49
2026-08-16 14:16:00,CUST-DT-1485,509.22
2026-08-16 14:16:00,CUST-DT-1486,4431.97
2026-08-16 14:19:00,CUST-DT-1487,1191.54
2026-08-16 14:22:00,CUST-DT-1488,3504.13
2026-08-16 14:27:00,CUST-DT-1489,1900.66
2026-08-16 14:27:00,CUST-DT-1490,53.98
2026-08-16 14:33:00,CUST-DT-1491,550.94
2026-08-16 14:33:00,CUST-DT-1492,1427.15
2026-08-16 14:37:00,CUST-DT-1493,3202.05
2026-08-16 14:39:00,CUST-DT-1494,1511.6
2026-08-16 14:44:00,CUST-DT-1495,1732.72
2026-08-16 14:49:00,CUST-DT-1496,3300.18
2026-08-16 14:51:00,CUST-DT-1497,566.0
2026-08-16 14:52:00,CUST-DT-1498,3707.59
2026-08-16 14:54:00,CUST-DT-1499,2664.01
2026-08-16 14:57:00,CUST-DT-1500,151.5
2026-08-16 15:01:00,CUST-DT-1501,2009.16
2026-08-16 15:04:00,CUST-DT-1502,4346.7
2026-08-16 15:09:00,CUST-DT-1503,1689.64
2026-08-16 15:13:00,CUST-DT-1504,1392.89
2026-08-16 15:13:00,CUST-DT-1505,3533.76
2026-08-16 15:19:00,CUST-DT-1506,2112.15
2026-08-16 15:19:00,CUST-DT-1507,4156.23
2026-08-16 15:24:00,CUST-DT-1508,764.34
2026-08-16 15:27:00,CUST-DT-1509,4460.96
2026-08-16 15:29:00,CUST-DT-1510,4199.73
2026-08-16 15:34:00,CUST-DT-1511,1693.74
2026-08-16 15:33:00,CUST-DT-1512,1159.61
2026-08-16 15:36:00,CUST-DT-1513,3662.11
2026-08-16 15:40:00,CUST-DT-1514,932.56
2026-08-16 15:44:00,CUST-DT-1515,902.09
2026-08-16 15:46:00,CUST-DT-1516,2323.93
2026-08-16 15:50:00,CUST-DT-1517,897.98
2026-08-16 15:54:00,CUST-DT-1518,2310.59
2026-08-16 15:57:00,CUST-DT-1519,4009.29
2026-08-16 15:57:00,CUST-DT-1520,3055.15
2026-08-16 16:03:00,CUST-DT-1521,1874.2
2026-08-16 16:05:00,CUST-DT-1522,1008.43
2026-08-16 16:10:00,CUST-DT-1523,1502.73
2026-08-16 16:10:00,CUST-DT-1524,2430.31
2026-08-16 16:15:00,CUST-DT-1525,3360.42
2026-08-16 16:19:00,CUST-DT-1526,3642.34
2026-08-16 16:20:00,CUST-DT-1527,2057.38
2026-08-16 16:21:00,CUST-DT-1528,4411.14
2026-08-16 16:26:00,CUST-DT-1529,3732.29
2026-08-16 16:31:00,CUST-DT-1530,1713.51
2026-08-16 16:30:00,CUST-DT-1531,2272.58
2026-08-16 16:34:00,CUST-DT-1532,83.92
2026-08-16 16:36:00,CUST-DT-1533,443.87
2026-08-16 16:42:00,CUST-DT-1534,802.56
2026-08-16 16:43:00,CUST-DT-1535,2452.17
2026-08-16 16:45:00,CUST-DT-1536,1664.89
2026-08-16 16:49:00,CUST-DT-1537,636.9
2026-08-16 16:53:00,CUST-DT-1538,3936.78
2026-08-16 16:56:00,CUST-DT-1539,1159.25
2026-08-16 16:59:00,CUST-DT-1540,2250.05
2026-08-16 17:02:00,CUST-DT-1541,128.48
2026-08-16 17:07:00,CUST-DT-1542,996.46
2026-08-16 17:07:00,CUST-DT-1543,3833.18
2026-08-16 17:12:00,CUST-DT-1544,625.83
2026-08-16 17:12:00,CUST-DT-1545,3839.34
2026-08-16 17:19:00,CUST-DT-1546,2110.3
2026-08-16 17:18:00,CUST-DT-1547,1026.56
2026-08-16 17:22:00,CUST-DT-1548,4384.55
2026-08-16 17:25:00,CUST-DT-1549,480.45
2026-08-16 17:27:00,CUST-DT-1550,3193.05
2026-08-16 17:30:00,CUST-DT-1551,207.21
2026-08-16 17:36:00,CUST-DT-1552,494.98
2026-08-16 17:37:00,CUST-DT-1553,3251.83
2026-08-16 17:42:00,CUST-DT-1554,125.43
2026-08-16 17:45:00,CUST-DT-1555,2732.09
2026-08-16 17:45:00,CUST-DT-1556,400.98
2026-08-16 17:50:00,CUST-DT-1557,1950.43
2026-08-16 17:53:00,CUST-DT-1558,4008.96
2026-08-16 17:55:00,CUST-DT-1559,4308.58
2026-08-16 17:57:00,CUST-DT-1560,3126.6
2026-08-16 18:02:00,CUST-DT-1561,4256.77
2026-08-16 18:05:00,CUST-DT-1562,1687.14
2026-08-16 18:10:00,CUST-DT-1563,2901.19
2026-08-16 18:10:00,CUST-DT-1564,2159.66
2026-08-16 18:14:00,CUST-DT-1565,473.56
2026-08-16 18:17:00,CUST-DT-1566,2451.19
2026-08-16 18:22:00,CUST-DT-1567,3857.55
2026-08-16 18:24:00,CUST-DT-1568,2783.4
2026-08-16 18:28:00,CUST-DT-1569,1710.33
2026-08-16 18:29:00,CUST-DT-1570,3227.25
2026-08-16 18:32:00,CUST-DT-1571,3414.1
2026-08-16 18:34:00,CUST-DT-1572,602.35
2026-08-16 18:39:00,CUST-DT-1573,2575.95
2026-08-16 18:40:00,CUST-DT-1574,2603.44
2026-08-16 18:42:00,CUST-DT-1575,1294.1
2026-08-16 18:48:00,CUST-DT-1576,1067.49
2026-08-16 18:51:00,CUST-DT-1577,3564.46
2026-08-16 18:51:00,CUST-DT-1578,3149.17
2026-08-16 18:56:00,CUST-DT-1579,4049.55
2026-08-16 18:59:00,CUST-DT-1580,1039.82
2026-08-16 19:02:00,CUST-DT-1581,3819.26
2026-08-16 19:06:00,CUST-DT-1582,3372.18
2026-08-16 19:07:00,CUST-DT-1583,4261.12
2026-08-16 19:12:00,CUST-DT-1584,3574.59
2026-08-16 19:14:00,CUST-DT-1585,4271.71
2026-08-16 19:19:00,CUST-DT-1586,4029.32
2026-08-16 19:22:00,CUST-DT-1587,4112.86
2026-08-16 19:22:00,CUST-DT-1588,828.97
2026-08-16 19:27:00,CUST-DT-1589,320.64
2026-08-16 19:31:00,CUST-DT-1590,182.22
2026-08-16 19:30:00,CUST-DT-1591,3482.0
2026-08-16 19:36:00,CUST-DT-1592,1532.19
2026-08-16 19:36:00,CUST-DT-1593,3237.15
2026-08-16 19:43:00,CUST-DT-1594,2724.41
2026-08-16 19:46:00,CUST-DT-1595,225.59
2026-08-16 19:49:00,CUST-DT-1596,193.31
2026-08-16 19:50:00,CUST-DT-1597,3377.87
2026-08-16 19:53:00,CUST-DT-1598,3545.9
2026-08-16 19:54:00,CUST-DT-1599,3140.86
2026-08-16 20:01:00,CUST-DT-1600,396.64
2026-08-16 20:03:00,CUST-DT-1601,1000.5
2026-08-16 20:07:00,CUST-DT-1602,4236.59
2026-08-16 20:07:00,CUST-DT-1603,1214.81
2026-08-16 20:09:00,CUST-DT-1604,975.25
2026-08-16 20:16:00,CUST-DT-1605,1554.03
2026-08-16 20:15:00,CUST-DT-1606,1261.72
2026-08-16 20:19:00,CUST-DT-1607,836.36
2026-08-16 20:25:00,CUST-DT-1608,2522.31
2026-08-16 20:24:00,CUST-DT-1609,178.14
2026-08-16 20:31:00,CUST-DT-1610,1448.07
2026-08-16 20:30:00,CUST-DT-1611,2371.31
2026-08-16 20:33:00,CUST-DT-1612,1683.57
2026-08-16 20:37:00,CUST-DT-1613,879.24
2026-08-16 20:39:00,CUST-DT-1614,942.56
2026-08-16 20:46:00,CUST-DT-1615,2735.87
2026-08-16 20:45:00,CUST-DT-1616,2303.3
2026-08-16 20:51:00,CUST-DT-1617,986.85
2026-08-16 20:52:00,CUST-DT-1618,441.6
2026-08-16 20:58:00,CUST-DT-1619,4386.92
2026-08-16 20:57:00,CUST-DT-1620,2074.81
2026-08-16 21:01:00,CUST-DT-1621,4026.48
2026-08-16 21:03:00,CUST-DT-1622,4492.04
2026-08-16 21:09:00,CUST-DT-1623,4490.09
2026-08-16 21:10:00,CUST-DT-1624,1657.64
2026-08-16 21:12:00,CUST-DT-1625,3291.71
2026-08-16 21:17:00,CUST-DT-1626,3069.79
2026-08-16 21:19:00,CUST-DT-1627,3028.7
2026-08-16 21:23:00,CUST-DT-1628,2518.72
2026-08-16 21:25:00,CUST-DT-1629,64.3
2026-08-16 21:28:00,CUST-DT-1630,590.05
2026-08-16 21:32:00,CUST-DT-1631,2653.77
2026-08-16 21:33:00,CUST-DT-1632,3731.33
2026-08-16 21:37:00,CUST-DT-1633,1207.06
2026-08-16 21:39:00,CUST-DT-1634,861.78
2026-08-16 21:43:00,CUST-DT-1635,2359.71
2026-08-16 21:46:00,CUST-DT-1636,4031.96
2026-08-16 21:49:00,CUST-DT-1637,1010.43
2026-08-16 21:55:00,CUST-DT-1638,2278.54
2026-08-16 21:56:00,CUST-DT-1639,2793.22
2026-08-16 21:59:00,CUST-DT-1640,570.58
2026-08-16 22:01:00,CUST-DT-1641,2598.86
2026-08-16 22:07:00,CUST-DT-1642,3407.87
2026-08-16 22:10:00,CUST-DT-1643,3071.18
2026-08-16 22:11:00,CUST-DT-1644,2936.71
2026-08-16 22:14:00,CUST-DT-1645,4164.16
2026-08-16 22:15:00,CUST-DT-1646,3199.22
2026-08-16 22:20:00,CUST-DT-1647,3878.77
2026-08-16 22:24:00,CUST-DT-1648,1114.82
2026-08-16 22:27:00,CUST-DT-1649,1707.01
2026-08-16 22:31:00,CUST-DT-1650,2186.7
2026-08-16 22:33:00,CUST-DT-1651,3262.22
2026-08-16 22:34:00,CUST-DT-1652,2566.24
2026-08-16 22:40:00,CUST-DT-1653,578.7
2026-08-16 22:43:00,CUST-DT-1654,2589.87
2026-08-16 22:44:00,CUST-DT-1655,284.55
2026-08-16 22:46:00,CUST-DT-1656,3360.49
2026-08-16 22:50:00,CUST-DT-1657,3063.16
2026-08-16 22:55:00,CUST-DT-1658,3320.74
2026-08-16 22:54:00,CUST-DT-1659,521.63
2026-08-16 23:01:00,CUST-DT-1660,4110.95
2026-08-16 23:01:00,CUST-DT-1661,4493.45
2026-08-16 23:03:00,CUST-DT-1662,2673.75
2026-08-16 23:10:00,CUST-DT-1663,262.06
2026-08-16 23:09:00,CUST-DT-1664,2142.43
2026-08-16 23:14:00,CUST-DT-1665,2712.39
2026-08-16 23:18:00,CUST-DT-1666,3625.54
2026-08-16 23:21:00,CUST-DT-1667,2874.0
2026-08-16 23:21:00,CUST-DT-1668,3665.11
2026-08-16 23:28:00,CUST-DT-1669,3557.32
2026-08-16 23:29:00,CUST-DT-1670,827.53
2026-08-16 23:30:00,CUST-DT-1671,4134.78
2026-08-16 23:37:00,CUST-DT-1672,262.52
2026-08-16 23:38:00,CUST-DT-1673,1292.66
2026-08-16 23:43:00,CUST-DT-1674,4050.27
2026-08-16 23:44:00,CUST-DT-1675,4421.49
2026-08-16 23:47:00,CUST-DT-1676,2045.54
2026-08-16 23:49:00,CUST-DT-1677,190.71
2026-08-16 23:53:00,CUST-DT-1678,830.08
2026-08-16 23:55:00,CUST-DT-1679,2372.93
2026-08-17 00:01:00,CUST-DT-1680,2792.71
2026-08-17 00:01:00,CUST-DT-1681,3244.61
2026-08-17 00:05:00,CUST-DT-1682,1431.65
2026-08-17 00:10:00,CUST-DT-1683,1052.7
2026-08-17 00:13:00,CUST-DT-1684,880.6
2026-08-17 00:12:00,CUST-DT-1685,1152.64
2026-08-17 00:18:00,CUST-DT-1686,1009.91
2026-08-17 00:21:00,CUST-DT-1687,631.89
2026-08-17 00:23:00,CUST-DT-1688,950.58
2026-08-17 00:25:00,CUST-DT-1689,2564.4
2026-08-17 00:27:00,CUST-DT-1690,3929.95
2026-08-17 00:31:00,CUST-DT-1691,1224.54
2026-08-17 00:33:00,CUST-DT-1692,3407.25
2026-08-17 00:39:00,CUST-DT-1693,3414.38
2026-08-17 00:40:00,CUST-DT-1694,2701.1
2026-08-17 00:46:00,CUST-DT-1695,326.96
2026-08-17 00:49:00,CUST-DT-1696,2340.16
2026-08-17 00:50:00,CUST-DT-1697,2972.41
2026-08-17 00:54:00,CUST-DT-1698,3868.07
2026-08-17 00:54:00,CUST-DT-1699,2606.26
2026-08-17 00:57:00,CUST-DT-1700,3742.35
2026-08-17 01:02:00,CUST-DT-1701,471.21
2026-08-17 01:06:00,CUST-DT-1702,821.8
2026-08-17 01:10:00,CUST-DT-1703,4012.0
2026-08-17 01:13:00,CUST-DT-1704,2248.85
2026-08-17 01:16:00,CUST-DT-1705,2658.39
2026-08-17 01:15:00,CUST-DT-1706,902.58
2026-08-17 01:22:00,CUST-DT-1707,1348.18
2026-08-17 01:25:00,CUST-DT-1708,918.13
2026-08-17 01:26:00,CUST-DT-1709,3437.31
2026-08-17 01:28:00,CUST-DT-1710,4039.65
2026-08-17 01:32:00,CUST-DT-1711,1798.17
2026-08-17 01:34:00,CUST-DT-1712,762.63
2026-08-17 01:38:00,CUST-DT-1713,1478.45
2026-08-17 01:42:00,CUST-DT-1714,4126.6
2026-08-17 01:44:00,CUST-DT-1715,1254.18
2026-08-17 01:46:00,CUST-DT-1716,1688.06
2026-08-17 01:49:00,CUST-DT-1717,2496.25
2026-08-17 01:52:00,CUST-DT-1718,2309.84
2026-08-17 01:57:00,CUST-DT-1719,1922.12
2026-08-17 02:00:00,CUST-DT-1720,827.3
2026-08-17 02:04:00,CUST-DT-1721,2780.69
2026-08-17 02:05:00,CUST-DT-1722,3781.68
2026-08-17 02:06:00,CUST-DT-1723,299.09
2026-08-17 02:11:00,CUST-DT-1724,2649.41
2026-08-17 02:14:00,CUST-DT-1725,280.36
2026-08-17 02:17:00,CUST-DT-1726,3861.61
2026-08-17 02:21:00,CUST-DT-1727,931.1
2026-08-17 02:24:00,CUST-DT-1728,2030.66
2026-08-17 02:25:00,CUST-DT-1729,4453.95
2026-08-17 02:28:00,CUST-DT-1730,2581.43
2026-08-17 02:33:00,CUST-DT-1731,767.56
2026-08-17 02:33:00,CUST-DT-1732,92.82
2026-08-17 02:38:00,CUST-DT-1733,3833.86
2026-08-17 02:40:00,CUST-DT-1734,3548.4
2026-08-17 02:42:00,CUST-DT-1735,2983.85
2026-08-17 02:47:00,CUST-DT-1736,894.39
2026-08-17 02:51:00,CUST-DT-1737,659.35
2026-08-17 02:52:00,CUST-DT-1738,4205.83
2026-08-17 02:58:00,CUST-DT-1739,1332.27
2026-08-17 03:00:00,CUST-DT-1740,1008.67
2026-08-17 03:02:00,CUST-DT-1741,2121.88
2026-08-17 03:04:00,CUST-DT-1742,2035.04
2026-08-17 03:09:00,CUST-DT-1743,1087.65
2026-08-17 03:11:00,CUST-DT-1744,2305.96
2026-08-17 03:12:00,CUST-DT-1745,1437.38
2026-08-17 03:17:00,CUST-DT-1746,1928.71
2026-08-17 03:18:00,CUST-DT-1747,189.86
2026-08-17 03:22:00,CUST-DT-1748,3722.71
2026-08-17 03:26:00,CUST-DT-1749,1978.87
2026-08-17 03:27:00,CUST-DT-1750,2378.24
2026-08-17 03:30:00,CUST-DT-1751,346.08
2026-08-17 03:34:00,CUST-DT-1752,1515.51
2026-08-17 03:40:00,CUST-DT-1753,168.26
2026-08-17 03:41:00,CUST-DT-1754,3120.29
2026-08-17 03:44:00,CUST-DT-1755,1387.12
2026-08-17 03:48:00,CUST-DT-1756,617.28
2026-08-17 03:51:00,CUST-DT-1757,1666.68
2026-08-17 03:55:00,CUST-DT-1758,1604.84
2026-08-17 03:57:00,CUST-DT-1759,803.67
2026-08-17 03:58:00,CUST-DT-1760,1261.99
2026-08-17 04:00:00,CUST-DT-1761,1085.79
2026-08-17 04:06:00,CUST-DT-1762,3075.66
2026-08-17 04:07:00,CUST-DT-1763,4006.44
2026-08-17 04:13:00,CUST-DT-1764,3450.76
2026-08-17 04:12:00,CUST-DT-1765,2594.69
2026-08-17 04:16:00,CUST-DT-1766,456.78
2026-08-17 04:22:00,CUST-DT-1767,1297.39
2026-08-17 04:22:00,CUST-DT-1768,3338.15
2026-08-17 04:25:00,CUST-DT-1769,3480.0
2026-08-17 04:29:00,CUST-DT-1770,2575.88
2026-08-17 04:30:00,CUST-DT-1771,4311.07
2026-08-17 04:34:00,CUST-DT-1772,2335.99
2026-08-17 04:39:00,CUST-DT-1773,1496.39
2026-08-17 04:43:00,CUST-DT-1774,835.19
2026-08-17 04:46:00,CUST-DT-1775,2070.4
2026-08-17 04:46:00,CUST-DT-1776,3992.74
2026-08-17 04:49:00,CUST-DT-1777,211.9
2026-08-17 04:51:00,CUST-DT-1778,4415.68
2026-08-17 04:55:00,CUST-DT-1779,3310.09
2026-08-17 05:01:00,CUST-DT-1780,3090.38
2026-08-17 05:04:00,CUST-DT-1781,1977.32
2026-08-17 05:04:00,CUST-DT-1782,3749.65
2026-08-17 05:10:00,CUST-DT-1783,3157.46
2026-08-17 05:10:00,CUST-DT-1784,3387.09
2026-08-17 05:13:00,CUST-DT-1785,1021.21
2026-08-17 05:17:00,CUST-DT-1786,2673.33
2026-08-17 05:19:00,CUST-DT-1787,2559.55
2026-08-17 05:21:00,CUST-DT-1788,3269.43
2026-08-17 05:28:00,CUST-DT-1789,2377.71
2026-08-17 05:28:00,CUST-DT-1790,3158.97
2026-08-17 05:34:00,CUST-DT-1791,3979.45
2026-08-17 05:35:00,CUST-DT-1792,686.87
2026-08-17 05:40:00,CUST-DT-1793,3283.09
2026-08-17 05:40:00,CUST-DT-1794,1116.03
2026-08-17 05:44:00,CUST-DT-1795,542.76
2026-08-17 05:48:00,CUST-DT-1796,2030.41
2026-08-17 05:50:00,CUST-DT-1797,805.04
2026-08-17 05:51:00,CUST-DT-1798,441.69
2026-08-17 05:58:00,CUST-DT-1799,1044.65
2026-08-17 05:57:00,CUST-DT-1800,254.97
2026-08-17 06:00:00,CUST-DT-1801,3717.57
2026-08-17 06:05:00,CUST-DT-1802,4213.61
2026-08-17 06:08:00,CUST-DT-1803,3118.48
2026-08-17 06:09:00,CUST-DT-1804,1873.57
2026-08-17 06:15:00,CUST-DT-1805,3165.19
2026-08-17 06:15:00,CUST-DT-1806,387.52
2026-08-17 06:20:00,CUST-DT-1807,3171.12
2026-08-17 06:21:00,CUST-DT-1808,2259.34
2026-08-17 06:28:00,CUST-DT-1809,309.11
2026-08-17 06:29:00,CUST-DT-1810,3577.73
2026-08-17 06:30:00,CUST-DT-1811,2546.58
2026-08-17 06:35:00,CUST-DT-1812,4447.51
2026-08-17 06:37:00,CUST-DT-1813,229.77
2026-08-17 06:40:00,CUST-DT-1814,1247.61
2026-08-17 06:46:00,CUST-DT-1815,50.04
2026-08-17 06:47:00,CUST-DT-1816,3759.2
2026-08-17 06:49:00,CUST-DT-1817,1633.6
2026-08-17 06:54:00,CUST-DT-1818,1708.98
2026-08-17 06:56:00,CUST-DT-1819,855.09
2026-08-17 06:58:00,CUST-DT-1820,529.99
2026-08-17 07:01:00,CUST-DT-1821,1321.75
2026-08-17 07:05:00,CUST-DT-1822,543.2
2026-08-17 07:08:00,CUST-DT-1823,557.51
2026-08-17 07:09:00,CUST-DT-1824,598.64
2026-08-17 07:14:00,CUST-DT-1825,1362.47
2026-08-17 07:19:00,CUST-DT-1826,3327.53
2026-08-17 07:20:00,CUST-DT-1827,1122.2
2026-08-17 07:25:00,CUST-DT-1828,4195.11
2026-08-17 07:25:00,CUST-DT-1829,3070.39
2026-08-17 07:30:00,CUST-DT-1830,4446.35
2026-08-17 07:30:00,CUST-DT-1831,3032.01
2026-08-17 07:35:00,CUST-DT-1832,1371.52
2026-08-17 07:39:00,CUST-DT-1833,2078.41
2026-08-17 07:43:00,CUST-DT-1834,746.96
2026-08-17 07:42:00,CUST-DT-1835,3868.31
2026-08-17 07:47:00,CUST-DT-1836,3526.34
2026-08-17 07:52:00,CUST-DT-1837,3972.74
2026-08-17 07:53:00,CUST-DT-1838,3566.56
2026-08-17 07:58:00,CUST-DT-1839,1327.75
2026-08-17 07:57:00,CUST-DT-1840,1753.91
2026-08-17 08:02:00,CUST-DT-1841,4325.63
2026-08-17 08:03:00,CUST-DT-1842,1726.34
2026-08-17 08:10:00,CUST-DT-1843,2433.71
2026-08-17 08:12:00,CUST-DT-1844,1293.04
2026-08-17 08:15:00,CUST-DT-1845,1975.48
2026-08-17 08:15:00,CUST-DT-1846,2055.51
2026-08-17 08:22:00,CUST-DT-1847,1328.0
2026-08-17 08:22:00,CUST-DT-1848,2044.24
2026-08-17 08:26:00,CUST-DT-1849,2279.11
2026-08-17 08:31:00,CUST-DT-1850,1259.57
2026-08-17 08:32:00,CUST-DT-1851,3461.14
2026-08-17 08:36:00,CUST-DT-1852,451.59
2026-08-17 08:36:00,CUST-DT-1853,1942.25
2026-08-17 08:40:00,CUST-DT-1854,3376.92
2026-08-17 08:42:00,CUST-DT-1855,2113.52
2026-08-17 08:47:00,CUST-DT-1856,2140.15
2026-08-17 08:51:00,CUST-DT-1857,3725.2
2026-08-17 08:54:00,CUST-DT-1858,1538.42
2026-08-17 08:56:00,CUST-DT-1859,1484.38
2026-08-17 08:59:00,CUST-DT-1860,1779.22
2026-08-17 09:02:00,CUST-DT-1861,2633.43
2026-08-17 09:05:00,CUST-DT-1862,3227.48
2026-08-17 09:08:00,CUST-DT-1863,2306.37
2026-08-17 09:09:00,CUST-DT-1864,524.31
2026-08-17 09:13:00,CUST-DT-1865,954.11
2026-08-17 09:19:00,CUST-DT-1866,2184.41
2026-08-17 09:21:00,CUST-DT-1867,1209.4
2026-08-17 09:22:00,CUST-DT-1868,3110.73
2026-08-17 09:24:00,CUST-DT-1869,3831.06
2026-08-17 09:30:00,CUST-DT-1870,4260.82
2026-08-17 09:32:00,CUST-DT-1871,260.58
2026-08-17 09:34:00,CUST-DT-1872,3455.6
2026-08-17 09:37:00,CUST-DT-1873,1922.42
2026-08-17 09:42:00,CUST-DT-1874,1036.43
2026-08-17 09:42:00,CUST-DT-1875,1572.26
2026-08-17 09:47:00,CUST-DT-1876,2664.94
2026-08-17 09:51:00,CUST-DT-1877,104.4
2026-08-17 09:55:00,CUST-DT-1878,1403.83
2026-08-17 09:55:00,CUST-DT-1879,4152.54
2026-08-17 10:00:00,CUST-DT-1880,3905.25
2026-08-17 10:04:00,CUST-DT-1881,3892.93
2026-08-17 10:04:00,CUST-DT-1882,2929.24
2026-08-17 10:09:00,CUST-DT-1883,2942.09
2026-08-17 10:13:00,CUST-DT-1884,1987.52
2026-08-17 10:14:00,CUST-DT-1885,3667.76
2026-08-17 10:17:00,CUST-DT-1886,2894.38
2026-08-17 10:18:00,CUST-DT-1887,1999.43
2026-08-17 10:22:00,CUST-DT-1888,4168.64
2026-08-17 10:24:00,CUST-DT-1889,2800.84
2026-08-17 10:30:00,CUST-DT-1890,3204.06
2026-08-17 10:33:00,CUST-DT-1891,666.56
2026-08-17 10:37:00,CUST-DT-1892,1694.28
2026-08-17 10:37:00,CUST-DT-1893,3582.73
2026-08-17 10:43:00,CUST-DT-1894,3157.07
2026-08-17 10:46:00,CUST-DT-1895,4422.22
2026-08-17 10:47:00,CUST-DT-1896,3698.15
2026-08-17 10:50:00,CUST-DT-1897,3183.38
2026-08-17 10:54:00,CUST-DT-1898,2754.65
2026-08-17 10:57:00,CUST-DT-1899,2450.4
2026-08-17 10:58:00,CUST-DT-1900,4426.24
2026-08-17 11:00:00,CUST-DT-1901,3948.75
2026-08-17 11:05:00,CUST-DT-1902,1784.6
2026-08-17 11:08:00,CUST-DT-1903,2062.16
2026-08-17 11:13:00,CUST-DT-1904,4095.98
2026-08-17 11:16:00,CUST-DT-1905,2251.0
2026-08-17 11:16:00,CUST-DT-1906,2392.41
2026-08-17 11:18:00,CUST-DT-1907,1915.1
2026-08-17 11:22:00,CUST-DT-1908,2975.25
2026-08-17 11:24:00,CUST-DT-1909,3993.18
2026-08-17 11:29:00,CUST-DT-1910,3628.71
2026-08-17 11:33:00,CUST-DT-1911,1768.42
2026-08-17 11:33:00,CUST-DT-1912,1959.59
2026-08-17 11:38:00,CUST-DT-1913,536.88
2026-08-17 11:42:00,CUST-DT-1914,1971.71
2026-08-17 11:44:00,CUST-DT-1915,2131.59
2026-08-17 11:47:00,CUST-DT-1916,4001.51
2026-08-17 11:50:00,CUST-DT-1917,3849.82
2026-08-17 11:53:00,CUST-DT-1918,4277.76
2026-08-17 11:55:00,CUST-DT-1919,2628.29
2026-08-17 12:00:00,CUST-DT-1920,944.27
2026-08-17 12:03:00,CUST-DT-1921,136.69
2026-08-17 12:07:00,CUST-DT-1922,2252.53
2026-08-17 12:10:00,CUST-DT-1923,1644.94
2026-08-17 12:13:00,CUST-DT-1924,2075.28
2026-08-17 12:13:00,CUST-DT-1925,3794.78
2026-08-17 12:15:00,CUST-DT-1926,3156.25
2026-08-17 12:18:00,CUST-DT-1927,2300.4
2026-08-17 12:22:00,CUST-DT-1928,1782.29
2026-08-17 12:27:00,CUST-DT-1929,3512.9
2026-08-17 12:29:00,CUST-DT-1930,390.29
2026-08-17 12:31:00,CUST-DT-1931,2609.32
2026-08-17 12:36:00,CUST-DT-1932,1967.32
2026-08-17 12:36:00,CUST-DT-1933,3540.98
2026-08-17 12:39:00,CUST-DT-1934,2416.07
2026-08-17 12:42:00,CUST-DT-1935,1442.32
2026-08-17 12:45:00,CUST-DT-1936,1177.99
2026-08-17 12:50:00,CUST-DT-1937,2290.9
2026-08-17 12:52:00,CUST-DT-1938,3994.68
2026-08-17 12:57:00,CUST-DT-1939,4211.97
2026-08-17 13:00:00,CUST-DT-1940,3054.65
2026-08-17 13:00:00,CUST-DT-1941,1393.75
2026-08-17 13:07:00,CUST-DT-1942,4481.91
2026-08-17 13:10:00,CUST-DT-1943,1845.93
2026-08-17 13:12:00,CUST-DT-1944,1478.81
2026-08-17 13:12:00,CUST-DT-1945,2002.18
2026-08-17 13:16:00,CUST-DT-1946,3585.29
2026-08-17 13:20:00,CUST-DT-1947,3001.79
2026-08-17 13:24:00,CUST-DT-1948,303.34
2026-08-17 13:24:00,CUST-DT-1949,1040.26
2026-08-17 13:29:00,CUST-DT-1950,2577.7
2026-08-17 13:30:00,CUST-DT-1951,4319.51
2026-08-17 13:33:00,CUST-DT-1952,251.33
2026-08-17 13:38:00,CUST-DT-1953,477.41
2026-08-17 13:42:00,CUST-DT-1954,208.79
2026-08-17 13:45:00,CUST-DT-1955,74.55
2026-08-17 13:49:00,CUST-DT-1956,4379.71
2026-08-17 13:49:00,CUST-DT-1957,2259.43
2026-08-17 13:52:00,CUST-DT-1958,3857.14
2026-08-17 13:55:00,CUST-DT-1959,720.68
2026-08-17 13:57:00,CUST-DT-1960,3471.52
2026-08-17 14:00:00,CUST-DT-1961,117.06
2026-08-17 14:06:00,CUST-DT-1962,808.1
2026-08-17 14:07:00,CUST-DT-1963,705.25
2026-08-17 14:10:00,CUST-DT-1964,2158.93
2026-08-17 14:14:00,CUST-DT-1965,3330.89
2026-08-17 14:17:00,CUST-DT-1966,1987.74
2026-08-17 14:21:00,CUST-DT-1967,4282.49
2026-08-17 14:23:00,CUST-DT-1968,3790.78
2026-08-17 14:24:00,CUST-DT-1969,70.76
2026-08-17 14:31:00,CUST-DT-1970,2180.8
2026-08-17 14:30:00,CUST-DT-1971,1801.81
2026-08-17 14:36:00,CUST-DT-1972,1260.51
2026-08-17 14:38:00,CUST-DT-1973,2083.42
2026-08-17 14:41:00,CUST-DT-1974,2782.09
2026-08-17 14:44:00,CUST-DT-1975,3888.69
2026-08-17 14:48:00,CUST-DT-1976,3280.99
2026-08-17 14:48:00,CUST-DT-1977,1084.95
2026-08-17 14:54:00,CUST-DT-1978,882.74
2026-08-17 14:58:00,CUST-DT-1979,2402.11
2026-08-17 14:57:00,CUST-DT-1980,4197.73
2026-08-17 15:04:00,CUST-DT-1981,3302.94
2026-08-17 15:06:00,CUST-DT-1982,595.65
2026-08-17 15:07:00,CUST-DT-1983,86.94
2026-08-17 15:12:00,CUST-DT-1984,3831.11
2026-08-17 15:15:00,CUST-DT-1985,3833.16
2026-08-17 15:18:00,CUST-DT-1986,1670.62
2026-08-17 15:20:00,CUST-DT-1987,3320.15
2026-08-17 15:23:00,CUST-DT-1988,4467.41
2026-08-17 15:27:00,CUST-DT-1989,1479.62
2026-08-17 15:31:00,CUST-DT-1990,1431.32
2026-08-17 15:30:00,CUST-DT-1991,972.94
2026-08-17 15:33:00,CUST-DT-1992,3565.49
2026-08-17 15:39:00,CUST-DT-1993,1781.03
2026-08-17 15:41:00,CUST-DT-1994,3178.46
2026-08-17 15:43:00,CUST-DT-1995,1995.73
2026-08-17 15:49:00,CUST-DT-1996,1128.43
2026-08-17 15:49:00,CUST-DT-1997,303.72
2026-08-17 15:54:00,CUST-DT-1998,2940.55
2026-08-17 15:55:00,CUST-DT-1999,3679.13
2026-08-17 15:57:00,CUST-DT-2000,4010.17
2026-08-17 16:02:00,CUST-DT-0001,98.6
2026-08-17 16:04:00,CUST-DT-0002,1585.97
2026-08-17 16:07:00,CUST-DT-0003,4054.6
2026-08-17 16:12:00,CUST-DT-0004,4377.19
2026-08-17 16:12:00,CUST-DT-0005,4001.77
2026-08-17 16:16:00,CUST-DT-0006,3558.28
2026-08-17 16:21:00,CUST-DT-0007,897.3
2026-08-17 16:22:00,CUST-DT-0008,253.87
2026-08-17 16:26:00,CUST-DT-0009,2798.77
2026-08-17 16:31:00,CUST-DT-0010,2138.26
2026-08-17 16:33:00,CUST-DT-0011,2614.47
2026-08-17 16:37:00,CUST-DT-0012,3166.58
2026-08-17 16:37:00,CUST-DT-0013,1667.05
2026-08-17 16:39:00,CUST-DT-0014,1651.49
2026-08-17 16:46:00,CUST-DT-0015,3212.77
2026-08-17 16:47:00,CUST-DT-0016,356.54
2026-08-17 16:49:00,CUST-DT-0017,4305.33
2026-08-17 16:53:00,CUST-DT-0018,478.99
2026-08-17 16:58:00,CUST-DT-0019,3401.91
2026-08-17 16:58:00,CUST-DT-0020,1502.47
2026-08-17 17:00:00,CUST-DT-0021,1847.4
2026-08-17 17:05:00,CUST-DT-0022,4045.19
2026-08-17 17:07:00,CUST-DT-0023,2861.25
2026-08-17 17:12:00,CUST-DT-0024,2202.93
2026-08-17 17:14:00,CUST-DT-0025,2441.5
2026-08-17 17:16:00,CUST-DT-0026,2118.4
2026-08-17 17:18:00,CUST-DT-0027,3006.93
2026-08-17 17:24:00,CUST-DT-0028,1946.98
2026-08-17 17:25:00,CUST-DT-0029,147.66
2026-08-17 17:27:00,CUST-DT-0030,2069.22
2026-08-17 17:33:00,CUST-DT-0031,1174.01
2026-08-17 17:33:00,CUST-DT-0032,4202.68
2026-08-17 17:40:00,CUST-DT-0033,3076.64
2026-08-17 17:42:00,CUST-DT-0034,4072.74
2026-08-17 17:42:00,CUST-DT-0035,3236.78
2026-08-17 17:46:00,CUST-DT-0036,625.47
2026-08-17 17:51:00,CUST-DT-0037,371.97
2026-08-17 17:54:00,CUST-DT-0038,4309.58
2026-08-17 17:57:00,CUST-DT-0039,4105.26
2026-08-17 18:00:00,CUST-DT-0040,3678.75
2026-08-17 18:01:00,CUST-DT-0041,3002.96
2026-08-17 18:06:00,CUST-DT-0042,4038.37
2026-08-17 18:08:00,CUST-DT-0043,1463.67
2026-08-17 18:09:00,CUST-DT-0044,1713.44
2026-08-17 18:12:00,CUST-DT-0045,3458.48
2026-08-17 18:18:00,CUST-DT-0046,1655.32
2026-08-17 18:20:00,CUST-DT-0047,4112.37
2026-08-17 18:24:00,CUST-DT-0048,440.8
2026-08-17 18:25:00,CUST-DT-0049,4152.99
2026-08-17 18:27:00,CUST-DT-0050,2008.46
2026-08-17 18:32:00,CUST-DT-0051,412.92
2026-08-17 18:33:00,CUST-DT-0052,1038.54
2026-08-17 18:40:00,CUST-DT-0053,4371.96
2026-08-17 18:40:00,CUST-DT-0054,4157.03
2026-08-17 18:43:00,CUST-DT-0055,591.23
2026-08-17 18:48:00,CUST-DT-0056,1164.24
2026-08-17 18:52:00,CUST-DT-0057,2526.42
2026-08-17 18:55:00,CUST-DT-0058,3608.7
2026-08-17 18:58:00,CUST-DT-0059,150.88
2026-08-17 19:00:00,CUST-DT-0060,4358.3
2026-08-17 19:00:00,CUST-DT-0061,3223.1
2026-08-17 19:05:00,CUST-DT-0062,1380.46
2026-08-17 19:08:00,CUST-DT-0063,2373.97
2026-08-17 19:09:00,CUST-DT-0064,4305.95
2026-08-17 19:13:00,CUST-DT-0065,2701.81
2026-08-17 19:15:00,CUST-DT-0066,1289.42
2026-08-17 19:19:00,CUST-DT-0067,3687.95
2026-08-17 19:23:00,CUST-DT-0068,838.47
2026-08-17 19:24:00,CUST-DT-0069,2191.57
2026-08-17 19:29:00,CUST-DT-0070,1791.66
2026-08-17 19:32:00,CUST-DT-0071,3616.52
2026-08-17 19:34:00,CUST-DT-0072,932.69
2026-08-17 19:37:00,CUST-DT-0073,96.72
2026-08-17 19:41:00,CUST-DT-0074,2824.54
2026-08-17 19:43:00,CUST-DT-0075,1778.29
2026-08-17 19:48:00,CUST-DT-0076,1548.13
2026-08-17 19:51:00,CUST-DT-0077,3755.06
2026-08-17 19:55:00,CUST-DT-0078,2956.75
2026-08-17 19:58:00,CUST-DT-0079,3488.28
2026-08-17 20:00:00,CUST-DT-0080,2376.86
2026-08-17 20:01:00,CUST-DT-0081,2827.84
2026-08-17 20:03:00,CUST-DT-0082,3161.81
2026-08-17 20:09:00,CUST-DT-0083,2835.48
2026-08-17 20:12:00,CUST-DT-0084,3459.56
2026-08-17 20:12:00,CUST-DT-0085,2129.35
2026-08-17 20:16:00,CUST-DT-0086,1828.23
2026-08-17 20:22:00,CUST-DT-0087,1188.08
2026-08-17 20:25:00,CUST-DT-0088,79.31
2026-08-17 20:25:00,CUST-DT-0089,3526.62
2026-08-17 20:30:00,CUST-DT-0090,1660.24
2026-08-17 20:34:00,CUST-DT-0091,432.58
2026-08-17 20:33:00,CUST-DT-0092,2030.28
2026-08-17 20:40:00,CUST-DT-0093,4074.1
2026-08-17 20:39:00,CUST-DT-0094,1909.0
2026-08-17 20:42:00,CUST-DT-0095,3866.63
2026-08-17 20:49:00,CUST-DT-0096,857.49
2026-08-17 20:48:00,CUST-DT-0097,4411.76
2026-08-17 20:51:00,CUST-DT-0098,2260.59
2026-08-17 20:55:00,CUST-DT-0099,1207.05
2026-08-17 20:59:00,CUST-DT-0100,3906.82
2026-08-17 21:04:00,CUST-DT-0101,4471.91
2026-08-17 21:06:00,CUST-DT-0102,1238.09
2026-08-17 21:06:00,CUST-DT-0103,1243.34
2026-08-17 21:11:00,CUST-DT-0104,4352.37
2026-08-17 21:16:00,CUST-DT-0105,3170.49
2026-08-17 21:17:00,CUST-DT-0106,2423.38
2026-08-17 21:21:00,CUST-DT-0107,1808.48
2026-08-17 21:22:00,CUST-DT-0108,1096.94
2026-08-17 21:26:00,CUST-DT-0109,3620.24
2026-08-17 21:27:00,CUST-DT-0110,2572.74
2026-08-17 21:31:00,CUST-DT-0111,672.51
2026-08-17 21:34:00,CUST-DT-0112,2410.54
2026-08-17 21:37:00,CUST-DT-0113,1497.36
2026-08-17 21:43:00,CUST-DT-0114,3867.44
2026-08-17 21:45:00,CUST-DT-0115,2498.88
2026-08-17 21:49:00,CUST-DT-0116,2227.07
2026-08-17 21:51:00,CUST-DT-0117,3020.64
2026-08-17 21:54:00,CUST-DT-0118,4027.32
2026-08-17 21:56:00,CUST-DT-0119,3521.81
2026-08-17 21:59:00,CUST-DT-0120,898.18
2026-08-17 22:03:00,CUST-DT-0121,2131.07
2026-08-17 22:04:00,CUST-DT-0122,1673.93
2026-08-17 22:06:00,CUST-DT-0123,4306.39
2026-08-17 22:10:00,CUST-DT-0124,1846.33
2026-08-17 22:15:00,CUST-DT-0125,2280.73
2026-08-17 22:15:00,CUST-DT-0126,2634.38
2026-08-17 22:21:00,CUST-DT-0127,1190.11
2026-08-17 22:21:00,CUST-DT-0128,2278.23
2026-08-17 22:26:00,CUST-DT-0129,602.9
2026-08-17 22:28:00,CUST-DT-0130,1811.39
2026-08-17 22:33:00,CUST-DT-0131,4475.77
2026-08-17 22:36:00,CUST-DT-0132,2576.33
2026-08-17 22:39:00,CUST-DT-0133,2878.5
2026-08-17 22:39:00,CUST-DT-0134,2665.58
2026-08-17 22:45:00,CUST-DT-0135,244.68
2026-08-17 22:46:00,CUST-DT-0136,3671.32
2026-08-17 22:51:00,CUST-DT-0137,1150.8
2026-08-17 22:55:00,CUST-DT-0138,641.27
2026-08-17 22:57:00,CUST-DT-0139,4453.72
2026-08-17 23:01:00,CUST-DT-0140,3326.22
2026-08-17 23:01:00,CUST-DT-0141,4091.55
2026-08-17 23:07:00,CUST-DT-0142,1661.9
2026-08-17 23:09:00,CUST-DT-0143,2064.25
2026-08-17 23:11:00,CUST-DT-0144,1888.76
2026-08-17 23:12:00,CUST-DT-0145,2435.22
2026-08-17 23:19:00,CUST-DT-0146,4130.76
2026-08-17 23:18:00,CUST-DT-0147,1557.35
2026-08-17 23:23:00,CUST-DT-0148,4341.55
2026-08-17 23:26:00,CUST-DT-0149,647.7
2026-08-17 23:28:00,CUST-DT-0150,3304.7
2026-08-17 23:32:00,CUST-DT-0151,4141.7
2026-08-17 23:35:00,CUST-DT-0152,2840.09
2026-08-17 23:39:00,CUST-DT-0153,1130.22
2026-08-17 23:39:00,CUST-DT-0154,1539.45
2026-08-17 23:43:00,CUST-DT-0155,1851.9
2026-08-17 23:48:00,CUST-DT-0156,2813.92
2026-08-17 23:49:00,CUST-DT-0157,4188.76
2026-08-17 23:53:00,CUST-DT-0158,765.48
2026-08-17 23:56:00,CUST-DT-0159,3563.97
2026-08-17 23:57:00,CUST-DT-0160,2255.45
2026-08-18 00:00:00,CUST-DT-0161,532.08
2026-08-18 00:07:00,CUST-DT-0162,3203.34
2026-08-18 00:08:00,CUST-DT-0163,701.54
2026-08-18 00:10:00,CUST-DT-0164,898.31
2026-08-18 00:15:00,CUST-DT-0165,323.97
2026-08-18 00:15:00,CUST-DT-0166,2197.63
2026-08-18 00:21:00,CUST-DT-0167,2083.19
2026-08-18 00:21:00,CUST-DT-0168,3989.34
2026-08-18 00:26:00,CUST-DT-0169,2705.65
2026-08-18 00:29:00,CUST-DT-0170,983.04
2026-08-18 00:34:00,CUST-DT-0171,3446.38
2026-08-18 00:37:00,CUST-DT-0172,1400.98
2026-08-18 00:38:00,CUST-DT-0173,1640.27
2026-08-18 00:40:00,CUST-DT-0174,4253.5
2026-08-18 00:45:00,CUST-DT-0175,2027.52
2026-08-18 00:45:00,CUST-DT-0176,918.92
2026-08-18 00:50:00,CUST-DT-0177,676.66
2026-08-18 00:53:00,CUST-DT-0178,1708.37
2026-08-18 00:55:00,CUST-DT-0179,2284.24
2026-08-18 01:01:00,CUST-DT-0180,4124.46
2026-08-18 01:03:00,CUST-DT-0181,963.21
2026-08-18 01:06:00,CUST-DT-0182,2208.64
2026-08-18 01:07:00,CUST-DT-0183,4172.29
2026-08-18 01:12:00,CUST-DT-0184,3111.22
2026-08-18 01:13:00,CUST-DT-0185,632.29
2026-08-18 01:19:00,CUST-DT-0186,2226.15
2026-08-18 01:22:00,CUST-DT-0187,895.88
2026-08-18 01:25:00,CUST-DT-0188,2810.19
2026-08-18 01:24:00,CUST-DT-0189,2875.28
2026-08-18 01:30:00,CUST-DT-0190,2462.31
2026-08-18 01:32:00,CUST-DT-0191,803.41
2026-08-18 01:33:00,CUST-DT-0192,3083.26
2026-08-18 01:40:00,CUST-DT-0193,3179.99
2026-08-18 01:41:00,CUST-DT-0194,1555.37
2026-08-18 01:43:00,CUST-DT-0195,2525.34
2026-08-18 01:45:00,CUST-DT-0196,315.22
2026-08-18 01:52:00,CUST-DT-0197,3369.81
2026-08-18 01:52:00,CUST-DT-0198,1596.2
2026-08-18 01:56:00,CUST-DT-0199,2169.01
2026-08-18 01:57:00,CUST-DT-0200,1566.52
2026-08-18 02:00:00,CUST-DT-0201,4230.98
2026-08-18 02:05:00,CUST-DT-0202,2070.09
2026-08-18 02:08:00,CUST-DT-0203,2344.32
2026-08-18 02:09:00,CUST-DT-0204,3835.62
2026-08-18 02:16:00,CUST-DT-0205,3164.21
2026-08-18 02:15:00,CUST-DT-0206,2715.66
2026-08-18 02:21:00,CUST-DT-0207,2800.73
2026-08-18 02:21:00,CUST-DT-0208,1214.79
2026-08-18 02:26:00,CUST-DT-0209,3660.81
2026-08-18 02:30:00,CUST-DT-0210,309.55
2026-08-18 02:32:00,CUST-DT-0211,4063.28
2026-08-18 02:33:00,CUST-DT-0212,625.04
2026-08-18 02:37:00,CUST-DT-0213,532.01
2026-08-18 02:43:00,CUST-DT-0214,4051.38
2026-08-18 02:43:00,CUST-DT-0215,3079.71
2026-08-18 02:45:00,CUST-DT-0216,1512.37
2026-08-18 02:51:00,CUST-DT-0217,1911.29
2026-08-18 02:55:00,CUST-DT-0218,1944.95
2026-08-18 02:54:00,CUST-DT-0219,76.55
2026-08-18 02:57:00,CUST-DT-0220,1017.72
2026-08-18 03:02:00,CUST-DT-0221,609.97
2026-08-18 03:04:00,CUST-DT-0222,819.11
2026-08-18 03:07:00,CUST-DT-0223,1707.93
2026-08-18 03:10:00,CUST-DT-0224,1766.13
2026-08-18 03:16:00,CUST-DT-0225,2720.78
2026-08-18 03:18:00,CUST-DT-0226,4488.3
2026-08-18 03:18:00,CUST-DT-0227,3744.49
2026-08-18 03:22:00,CUST-DT-0228,1389.96
2026-08-18 03:24:00,CUST-DT-0229,2137.86
2026-08-18 03:29:00,CUST-DT-0230,2425.93
2026-08-18 03:33:00,CUST-DT-0231,3068.62
2026-08-18 03:33:00,CUST-DT-0232,1943.49
2026-08-18 03:37:00,CUST-DT-0233,3779.24
2026-08-18 03:43:00,CUST-DT-0234,3488.74
2026-08-18 03:45:00,CUST-DT-0235,3516.42
2026-08-18 03:45:00,CUST-DT-0236,1985.25
2026-08-18 03:49:00,CUST-DT-0237,4039.44
2026-08-18 03:51:00,CUST-DT-0238,2934.32
2026-08-18 03:58:00,CUST-DT-0239,943.92
2026-08-18 03:58:00,CUST-DT-0240,1967.63
2026-08-18 04:02:00,CUST-DT-0241,2194.7
2026-08-18 04:07:00,CUST-DT-0242,544.82
2026-08-18 04:10:00,CUST-DT-0243,1542.0
2026-08-18 04:10:00,CUST-DT-0244,4230.56
2026-08-18 04:12:00,CUST-DT-0245,3864.82
2026-08-18 04:17:00,CUST-DT-0246,549.34
2026-08-18 04:22:00,CUST-DT-0247,4168.68
2026-08-18 04:23:00,CUST-DT-0248,1455.1
2026-08-18 04:24:00,CUST-DT-0249,2266.23
2026-08-18 04:31:00,CUST-DT-0250,83.26
2026-08-18 04:30:00,CUST-DT-0251,3224.57
2026-08-18 04:33:00,CUST-DT-0252,4140.87
2026-08-18 04:39:00,CUST-DT-0253,3366.68
2026-08-18 04:43:00,CUST-DT-0254,2781.16
2026-08-18 04:45:00,CUST-DT-0255,2170.8
2026-08-18 04:49:00,CUST-DT-0256,3748.11
2026-08-18 04:49:00,CUST-DT-0257,2865.04
2026-08-18 04:52:00,CUST-DT-0258,4050.98
2026-08-18 04:55:00,CUST-DT-0259,1121.04
2026-08-18 04:58:00,CUST-DT-0260,2201.24
2026-08-18 05:00:00,CUST-DT-0261,2230.65
2026-08-18 05:04:00,CUST-DT-0262,3292.5
2026-08-18 05:07:00,CUST-DT-0263,2676.11
2026-08-18 05:10:00,CUST-DT-0264,3910.52
2026-08-18 05:13:00,CUST-DT-0265,4352.65
2026-08-18 05:16:00,CUST-DT-0266,4486.46
2026-08-18 05:19:00,CUST-DT-0267,3700.04
2026-08-18 05:22:00,CUST-DT-0268,2327.49
2026-08-18 05:27:00,CUST-DT-0269,3085.18
2026-08-18 05:29:00,CUST-DT-0270,4245.49
2026-08-18 05:33:00,CUST-DT-0271,3648.49
2026-08-18 05:36:00,CUST-DT-0272,3037.73
2026-08-18 05:39:00,CUST-DT-0273,2615.14
2026-08-18 05:40:00,CUST-DT-0274,584.7
2026-08-18 05:42:00,CUST-DT-0275,1450.61
2026-08-18 05:45:00,CUST-DT-0276,2218.87
2026-08-18 05:49:00,CUST-DT-0277,327.59
2026-08-18 05:55:00,CUST-DT-0278,3149.36
2026-08-18 05:55:00,CUST-DT-0279,467.05
2026-08-18 05:58:00,CUST-DT-0280,2859.69
2026-08-18 06:02:00,CUST-DT-0281,4152.13
2026-08-18 06:03:00,CUST-DT-0282,1200.58
2026-08-18 06:08:00,CUST-DT-0283,303.33
2026-08-18 06:11:00,CUST-DT-0284,1546.61
2026-08-18 06:14:00,CUST-DT-0285,2996.16
2026-08-18 06:18:00,CUST-DT-0286,3781.86
2026-08-18 06:22:00,CUST-DT-0287,4390.84
2026-08-18 06:21:00,CUST-DT-0288,2474.36
2026-08-18 06:28:00,CUST-DT-0289,899.35
2026-08-18 06:28:00,CUST-DT-0290,3509.68
2026-08-18 06:30:00,CUST-DT-0291,1470.51
2026-08-18 06:35:00,CUST-DT-0292,1063.27
2026-08-18 06:39:00,CUST-DT-0293,1781.76
2026-08-18 06:39:00,CUST-DT-0294,1894.95
2026-08-18 06:43:00,CUST-DT-0295,3634.73
2026-08-18 06:48:00,CUST-DT-0296,1204.3
2026-08-18 06:52:00,CUST-DT-0297,3658.25
2026-08-18 06:54:00,CUST-DT-0298,57.32
2026-08-18 06:58:00,CUST-DT-0299,3182.22
2026-08-18 06:58:00,CUST-DT-0300,1699.3
2026-08-18 07:03:00,CUST-DT-0301,204.86
2026-08-18 07:05:00,CUST-DT-0302,2568.93
2026-08-18 07:09:00,CUST-DT-0303,3104.15
2026-08-18 07:13:00,CUST-DT-0304,265.68
2026-08-18 07:14:00,CUST-DT-0305,1799.11
2026-08-18 07:19:00,CUST-DT-0306,2816.66
2026-08-18 07:21:00,CUST-DT-0307,671.55
2026-08-18 07:21:00,CUST-DT-0308,4397.21
2026-08-18 07:28:00,CUST-DT-0309,3284.23
2026-08-18 07:31:00,CUST-DT-0310,4423.06
2026-08-18 07:33:00,CUST-DT-0311,3870.95
2026-08-18 07:35:00,CUST-DT-0312,3174.21
2026-08-18 07:36:00,CUST-DT-0313,945.77
2026-08-18 07:43:00,CUST-DT-0314,1988.79
2026-08-18 07:42:00,CUST-DT-0315,4289.37
2026-08-18 07:48:00,CUST-DT-0316,3820.08
2026-08-18 07:52:00,CUST-DT-0317,2958.77
2026-08-18 07:55:00,CUST-DT-0318,2099.48
2026-08-18 07:56:00,CUST-DT-0319,1991.47
2026-08-18 07:57:00,CUST-DT-0320,1950.26
2026-08-18 08:01:00,CUST-DT-0321,893.19
2026-08-18 08:03:00,CUST-DT-0322,2071.35
2026-08-18 08:07:00,CUST-DT-0323,163.51
2026-08-18 08:10:00,CUST-DT-0324,2645.73
2026-08-18 08:15:00,CUST-DT-0325,3768.32
2026-08-18 08:19:00,CUST-DT-0326,3658.36
2026-08-18 08:22:00,CUST-DT-0327,2987.04
2026-08-18 08:25:00,CUST-DT-0328,4336.82
2026-08-18 08:26:00,CUST-DT-0329,866.04
2026-08-18 08:28:00,CUST-DT-0330,1159.86
2026-08-18 08:34:00,CUST-DT-0331,53.97
2026-08-18 08:37:00,CUST-DT-0332,691.92
2026-08-18 08:37:00,CUST-DT-0333,1929.44
2026-08-18 08:40:00,CUST-DT-0334,1722.06
2026-08-18 08:44:00,CUST-DT-0335,761.25
2026-08-18 08:46:00,CUST-DT-0336,788.94
2026-08-18 08:49:00,CUST-DT-0337,4129.37
2026-08-18 08:51:00,CUST-DT-0338,4455.98
2026-08-18 08:57:00,CUST-DT-0339,4488.82
2026-08-18 08:58:00,CUST-DT-0340,3540.83
2026-08-18 09:00:00,CUST-DT-0341,4364.53
2026-08-18 09:04:00,CUST-DT-0342,1340.46
2026-08-18 09:10:00,CUST-DT-0343,3489.13
2026-08-18 09:09:00,CUST-DT-0344,2264.53
2026-08-18 09:12:00,CUST-DT-0345,3497.11
2026-08-18 09:19:00,CUST-DT-0346,1345.96
2026-08-18 09:20:00,CUST-DT-0347,1591.86
2026-08-18 09:22:00,CUST-DT-0348,4387.19
2026-08-18 09:26:00,CUST-DT-0349,2516.57
2026-08-18 09:30:00,CUST-DT-0350,3098.5
2026-08-18 09:33:00,CUST-DT-0351,3093.77
2026-08-18 09:33:00,CUST-DT-0352,969.73
2026-08-18 09:40:00,CUST-DT-0353,2694.23
2026-08-18 09:39:00,CUST-DT-0354,1370.41
2026-08-18 09:46:00,CUST-DT-0355,891.15
2026-08-18 09:45:00,CUST-DT-0356,2411.12
2026-08-18 09:48:00,CUST-DT-0357,2996.64
2026-08-18 09:52:00,CUST-DT-0358,334.16
2026-08-18 09:54:00,CUST-DT-0359,1197.61
2026-08-18 10:01:00,CUST-DT-0360,3692.77
2026-08-18 10:03:00,CUST-DT-0361,2836.44
2026-08-18 10:03:00,CUST-DT-0362,626.4
2026-08-18 10:10:00,CUST-DT-0363,2929.56
2026-08-18 10:10:00,CUST-DT-0364,362.24
2026-08-18 10:14:00,CUST-DT-0365,3285.45
2026-08-18 10:17:00,CUST-DT-0366,1757.02
2026-08-18 10:22:00,CUST-DT-0367,391.44
2026-08-18 10:23:00,CUST-DT-0368,876.27
2026-08-18 10:28:00,CUST-DT-0369,2878.8
2026-08-18 10:31:00,CUST-DT-0370,2088.3
2026-08-18 10:30:00,CUST-DT-0371,2350.13
2026-08-18 10:36:00,CUST-DT-0372,3268.99
2026-08-18 10:38:00,CUST-DT-0373,351.87
2026-08-18 10:41:00,CUST-DT-0374,2722.68
2026-08-18 10:46:00,CUST-DT-0375,2377.43
2026-08-18 10:49:00,CUST-DT-0376,1333.19
2026-08-18 10:49:00,CUST-DT-0377,596.35
2026-08-18 10:55:00,CUST-DT-0378,338.7
2026-08-18 10:58:00,CUST-DT-0379,1435.03
2026-08-18 10:57:00,CUST-DT-0380,2543.31
2026-08-18 11:03:00,CUST-DT-0381,3345.45
2026-08-18 11:03:00,CUST-DT-0382,745.63
2026-08-18 11:09:00,CUST-DT-0383,4413.53
2026-08-18 11:12:00,CUST-DT-0384,882.71
2026-08-18 11:15:00,CUST-DT-0385,2991.29
2026-08-18 11:19:00,CUST-DT-0386,1038.21
2026-08-18 11:22:00,CUST-DT-0387,1597.38
2026-08-18 11:24:00,CUST-DT-0388,665.83
2026-08-18 11:24:00,CUST-DT-0389,1780.48
2026-08-18 11:28:00,CUST-DT-0390,1884.38
2026-08-18 11:30:00,CUST-DT-0391,1281.31
2026-08-18 11:36:00,CUST-DT-0392,2648.4
2026-08-18 11:40:00,CUST-DT-0393,568.03
2026-08-18 11:40:00,CUST-DT-0394,1702.5
2026-08-18 11:43:00,CUST-DT-0395,1577.0
2026-08-18 11:46:00,CUST-DT-0396,1187.72
2026-08-18 11:48:00,CUST-DT-0397,3536.21
2026-08-18 11:54:00,CUST-DT-0398,347.46
2026-08-18 11:55:00,CUST-DT-0399,2663.78
2026-08-18 12:01:00,CUST-DT-0400,3307.03
2026-08-18 12:03:00,CUST-DT-0401,2349.32
2026-08-18 12:04:00,CUST-DT-0402,567.84
2026-08-18 12:06:00,CUST-DT-0403,3400.56
2026-08-18 12:10:00,CUST-DT-0404,3544.24
2026-08-18 12:12:00,CUST-DT-0405,2151.16
2026-08-18 12:19:00,CUST-DT-0406,2050.97
2026-08-18 12:21:00,CUST-DT-0407,1636.12
2026-08-18 12:23:00,CUST-DT-0408,1466.35
2026-08-18 12:24:00,CUST-DT-0409,86.34
2026-08-18 12:29:00,CUST-DT-0410,718.58
2026-08-18 12:33:00,CUST-DT-0411,3593.3
2026-08-18 12:33:00,CUST-DT-0412,1533.12
2026-08-18 12:38:00,CUST-DT-0413,1614.78
2026-08-18 12:41:00,CUST-DT-0414,811.05
2026-08-18 12:44:00,CUST-DT-0415,85.66
2026-08-18 12:48:00,CUST-DT-0416,3279.6
2026-08-18 12:48:00,CUST-DT-0417,4346.53
2026-08-18 12:52:00,CUST-DT-0418,868.79
2026-08-18 12:58:00,CUST-DT-0419,491.26
2026-08-18 12:57:00,CUST-DT-0420,4059.72
2026-08-18 13:01:00,CUST-DT-0421,4060.85
2026-08-18 13:05:00,CUST-DT-0422,1197.65
2026-08-18 13:08:00,CUST-DT-0423,423.67
2026-08-18 13:10:00,CUST-DT-0424,407.29
2026-08-18 13:13:00,CUST-DT-0425,806.78
2026-08-18 13:17:00,CUST-DT-0426,2392.51
2026-08-18 13:18:00,CUST-DT-0427,3412.33
2026-08-18 13:24:00,CUST-DT-0428,1117.68
2026-08-18 13:25:00,CUST-DT-0429,3691.44
2026-08-18 13:28:00,CUST-DT-0430,877.56
2026-08-18 13:34:00,CUST-DT-0431,1178.61
2026-08-18 13:36:00,CUST-DT-0432,4285.65
2026-08-18 13:36:00,CUST-DT-0433,3703.65
2026-08-18 13:40:00,CUST-DT-0434,1892.25
2026-08-18 13:42:00,CUST-DT-0435,3804.74
2026-08-18 13:47:00,CUST-DT-0436,1900.71
2026-08-18 13:50:00,CUST-DT-0437,768.11
2026-08-18 13:55:00,CUST-DT-0438,4332.91
2026-08-18 13:55:00,CUST-DT-0439,2937.44
2026-08-18 14:00:00,CUST-DT-0440,3664.79
2026-08-18 14:03:00,CUST-DT-0441,1472.67
2026-08-18 14:06:00,CUST-DT-0442,2912.26
2026-08-18 14:06:00,CUST-DT-0443,1590.24
2026-08-18 14:09:00,CUST-DT-0444,1416.57
2026-08-18 14:12:00,CUST-DT-0445,324.67
2026-08-18 14:18:00,CUST-DT-0446,400.05
2026-08-18 14:19:00,CUST-DT-0447,937.31
2026-08-18 14:23:00,CUST-DT-0448,2902.26
2026-08-18 14:28:00,CUST-DT-0449,1240.17
2026-08-18 14:30:00,CUST-DT-0450,2086.7
2026-08-18 14:32:00,CUST-DT-0451,3108.56
2026-08-18 14:33:00,CUST-DT-0452,4395.07
2026-08-18 14:37:00,CUST-DT-0453,791.19
2026-08-18 14:40:00,CUST-DT-0454,1456.98
2026-08-18 14:46:00,CUST-DT-0455,3679.12
2026-08-18 14:47:00,CUST-DT-0456,2019.72
2026-08-18 14:51:00,CUST-DT-0457,812.46
2026-08-18 14:53:00,CUST-DT-0458,843.74
2026-08-18 14:55:00,CUST-DT-0459,2102.8
2026-08-18 15:01:00,CUST-DT-0460,1606.24
2026-08-18 15:00:00,CUST-DT-0461,2184.23
2026-08-18 15:03:00,CUST-DT-0462,1475.67
2026-08-18 15:07:00,CUST-DT-0463,1874.05
2026-08-18 15:09:00,CUST-DT-0464,812.84
2026-08-18 15:15:00,CUST-DT-0465,1412.54
2026-08-18 15:16:00,CUST-DT-0466,365.62
2026-08-18 15:22:00,CUST-DT-0467,3114.48
2026-08-18 15:24:00,CUST-DT-0468,2938.43
2026-08-18 15:24:00,CUST-DT-0469,4279.92
2026-08-18 15:28:00,CUST-DT-0470,3539.65
2026-08-18 15:30:00,CUST-DT-0471,2142.26
2026-08-18 15:37:00,CUST-DT-0472,3766.53
2026-08-18 15:39:00,CUST-DT-0473,1926.37
2026-08-18 15:42:00,CUST-DT-0474,210.17
2026-08-18 15:45:00,CUST-DT-0475,802.26
2026-08-18 15:45:00,CUST-DT-0476,1682.23
2026-08-18 15:48:00,CUST-DT-0477,3040.69
2026-08-18 15:52:00,CUST-DT-0478,1805.53
2026-08-18 15:54:00,CUST-DT-0479,3945.71
2026-08-18 16:00:00,CUST-DT-0480,2816.34
2026-08-18 16:02:00,CUST-DT-0481,919.51
2026-08-18 16:07:00,CUST-DT-0482,478.09
2026-08-18 16:08:00,CUST-DT-0483,4324.57
2026-08-18 16:10:00,CUST-DT-0484,3219.37
2026-08-18 16:16:00,CUST-DT-0485,390.53
2026-08-18 16:19:00,CUST-DT-0486,1888.23
2026-08-18 16:21:00,CUST-DT-0487,221.88
2026-08-18 16:23:00,CUST-DT-0488,832.44
2026-08-18 16:27:00,CUST-DT-0489,3524.85
2026-08-18 16:27:00,CUST-DT-0490,2149.71
2026-08-18 16:31:00,CUST-DT-0491,3167.96
2026-08-18 16:34:00,CUST-DT-0492,130.83
2026-08-18 16:40:00,CUST-DT-0493,1014.25
2026-08-18 16:40:00,CUST-DT-0494,181.77
2026-08-18 16:42:00,CUST-DT-0495,1460.61
2026-08-18 16:48:00,CUST-DT-0496,1765.81
2026-08-18 16:48:00,CUST-DT-0497,2291.09
2026-08-18 16:53:00,CUST-DT-0498,1051.77
2026-08-18 16:57:00,CUST-DT-0499,78.09
2026-08-18 17:01:00,CUST-DT-0500,2663.81
2026-08-18 17:04:00,CUST-DT-0501,4049.77
2026-08-18 17:04:00,CUST-DT-0502,777.8
2026-08-18 17:10:00,CUST-DT-0503,3575.45
2026-08-18 17:09:00,CUST-DT-0504,4399.18
2026-08-18 17:13:00,CUST-DT-0505,2014.24
2026-08-18 17:15:00,CUST-DT-0506,3436.38
2026-08-18 17:18:00,CUST-DT-0507,2395.82
2026-08-18 17:24:00,CUST-DT-0508,1467.05
2026-08-18 17:25:00,CUST-DT-0509,1674.35
2026-08-18 17:31:00,CUST-DT-0510,3813.94
2026-08-18 17:34:00,CUST-DT-0511,4309.3
2026-08-18 17:33:00,CUST-DT-0512,2278.18
2026-08-18 17:37:00,CUST-DT-0513,1011.63
2026-08-18 17:42:00,CUST-DT-0514,2792.45
2026-08-18 17:42:00,CUST-DT-0515,319.11
2026-08-18 17:45:00,CUST-DT-0516,349.21
2026-08-18 17:52:00,CUST-DT-0517,1093.47
2026-08-18 17:51:00,CUST-DT-0518,2018.67
2026-08-18 17:56:00,CUST-DT-0519,1550.88
2026-08-18 18:01:00,CUST-DT-0520,102.46
2026-08-18 18:01:00,CUST-DT-0521,4021.87
2026-08-18 18:05:00,CUST-DT-0522,1659.22
2026-08-18 18:09:00,CUST-DT-0523,1522.36
2026-08-18 18:11:00,CUST-DT-0524,2379.12
2026-08-18 18:13:00,CUST-DT-0525,2039.71
2026-08-18 18:18:00,CUST-DT-0526,2708.89
2026-08-18 18:19:00,CUST-DT-0527,2700.73
2026-08-18 18:22:00,CUST-DT-0528,1099.47
2026-08-18 18:24:00,CUST-DT-0529,3123.21
2026-08-18 18:27:00,CUST-DT-0530,720.82
2026-08-18 18:32:00,CUST-DT-0531,1529.79
2026-08-18 18:33:00,CUST-DT-0532,1978.8
2026-08-18 18:36:00,CUST-DT-0533,4293.03
2026-08-18 18:42:00,CUST-DT-0534,2889.73
2026-08-18 18:44:00,CUST-DT-0535,3010.18
2026-08-18 18:49:00,CUST-DT-0536,1636.27
2026-08-18 18:49:00,CUST-DT-0537,1617.59
2026-08-18 18:53:00,CUST-DT-0538,3674.43
2026-08-18 18:55:00,CUST-DT-0539,2189.43
2026-08-18 19:01:00,CUST-DT-0540,2468.06
2026-08-18 19:01:00,CUST-DT-0541,284.38
2026-08-18 19:07:00,CUST-DT-0542,4251.13
2026-08-18 19:07:00,CUST-DT-0543,689.16
2026-08-18 19:09:00,CUST-DT-0544,550.43
2026-08-18 19:14:00,CUST-DT-0545,1531.2
2026-08-18 19:16:00,CUST-DT-0546,1536.96
2026-08-18 19:18:00,CUST-DT-0547,1517.9
2026-08-18 19:23:00,CUST-DT-0548,2117.42
2026-08-18 19:24:00,CUST-DT-0549,3749.86
2026-08-18 19:31:00,CUST-DT-0550,4084.45
2026-08-18 19:30:00,CUST-DT-0551,2172.62
2026-08-18 19:34:00,CUST-DT-0552,1062.16
2026-08-18 19:39:00,CUST-DT-0553,3514.3
2026-08-18 19:43:00,CUST-DT-0554,1716.43
2026-08-18 19:44:00,CUST-DT-0555,1113.87
2026-08-18 19:49:00,CUST-DT-0556,3694.83
2026-08-18 19:49:00,CUST-DT-0557,3317.71
2026-08-18 19:52:00,CUST-DT-0558,1540.08
2026-08-18 19:55:00,CUST-DT-0559,2161.92
2026-08-18 19:57:00,CUST-DT-0560,2556.17
2026-08-18 20:02:00,CUST-DT-0561,3796.37
2026-08-18 20:07:00,CUST-DT-0562,1320.11
2026-08-18 20:08:00,CUST-DT-0563,1135.98
2026-08-18 20:11:00,CUST-DT-0564,4089.91
2026-08-18 20:16:00,CUST-DT-0565,769.33
2026-08-18 20:15:00,CUST-DT-0566,453.93
2026-08-18 20:18:00,CUST-DT-0567,3418.24
2026-08-18 20:23:00,CUST-DT-0568,4358.06
2026-08-18 20:26:00,CUST-DT-0569,2599.68
2026-08-18 20:31:00,CUST-DT-0570,1558.44
2026-08-18 20:31:00,CUST-DT-0571,3164.85
2026-08-18 20:37:00,CUST-DT-0572,3139.48
2026-08-18 20:38:00,CUST-DT-0573,2262.03
2026-08-18 20:43:00,CUST-DT-0574,480.47
2026-08-18 20:42:00,CUST-DT-0575,168.45
2026-08-18 20:45:00,CUST-DT-0576,1310.73
2026-08-18 20:48:00,CUST-DT-0577,1615.88
2026-08-18 20:55:00,CUST-DT-0578,2840.29
2026-08-18 20:57:00,CUST-DT-0579,3342.15
2026-08-18 20:58:00,CUST-DT-0580,3870.94
2026-08-18 21:00:00,CUST-DT-0581,2038.63
2026-08-18 21:07:00,CUST-DT-0582,2965.52
2026-08-18 21:09:00,CUST-DT-0583,3840.38
2026-08-18 21:09:00,CUST-DT-0584,4043.35
2026-08-18 21:13:00,CUST-DT-0585,3934.21
2026-08-18 21:16:00,CUST-DT-0586,4323.6
2026-08-18 21:20:00,CUST-DT-0587,322.05
2026-08-18 21:22:00,CUST-DT-0588,2676.12
2026-08-18 21:28:00,CUST-DT-0589,2583.49
2026-08-18 21:27:00,CUST-DT-0590,3922.08
2026-08-18 21:34:00,CUST-DT-0591,963.74
2026-08-18 21:36:00,CUST-DT-0592,1400.41
2026-08-18 21:39:00,CUST-DT-0593,2346.87
2026-08-18 21:43:00,CUST-DT-0594,1174.92
2026-08-18 21:45:00,CUST-DT-0595,3255.51
2026-08-18 21:47:00,CUST-DT-0596,3522.84
2026-08-18 21:48:00,CUST-DT-0597,4244.49
2026-08-18 21:55:00,CUST-DT-0598,4459.12
2026-08-18 21:55:00,CUST-DT-0599,4290.08
2026-08-18 21:57:00,CUST-DT-0600,1225.63
2026-08-18 22:03:00,CUST-DT-0601,1376.91
2026-08-18 22:05:00,CUST-DT-0602,1703.47
2026-08-18 22:09:00,CUST-DT-0603,705.2
2026-08-18 22:10:00,CUST-DT-0604,91.64
2026-08-18 22:16:00,CUST-DT-0605,629.81
2026-08-18 22:19:00,CUST-DT-0606,1472.46
2026-08-18 22:19:00,CUST-DT-0607,2000.49
2026-08-18 22:23:00,CUST-DT-0608,1342.28
2026-08-18 22:24:00,CUST-DT-0609,3517.74
2026-08-18 22:29:00,CUST-DT-0610,3658.43
2026-08-18 22:34:00,CUST-DT-0611,4449.81
2026-08-18 22:37:00,CUST-DT-0612,978.39
2026-08-18 22:37:00,CUST-DT-0613,1718.61
2026-08-18 22:42:00,CUST-DT-0614,1422.27
2026-08-18 22:42:00,CUST-DT-0615,1974.4
2026-08-18 22:48:00,CUST-DT-0616,4317.24
2026-08-18 22:48:00,CUST-DT-0617,2177.02
2026-08-18 22:51:00,CUST-DT-0618,611.62
2026-08-18 22:57:00,CUST-DT-0619,104.85
2026-08-18 23:00:00,CUST-DT-0620,1332.22
2026-08-18 23:04:00,CUST-DT-0621,390.65
2026-08-18 23:05:00,CUST-DT-0622,931.97
2026-08-18 23:06:00,CUST-DT-0623,2548.32
2026-08-18 23:10:00,CUST-DT-0624,3305.17
2026-08-18 23:14:00,CUST-DT-0625,1327.95
2026-08-18 23:17:00,CUST-DT-0626,2908.12
2026-08-18 23:19:00,CUST-DT-0627,539.46
2026-08-18 23:22:00,CUST-DT-0628,1706.13
2026-08-18 23:27:00,CUST-DT-0629,4200.51
2026-08-18 23:31:00,CUST-DT-0630,4347.35
2026-08-18 23:31:00,CUST-DT-0631,3460.4
2026-08-18 23:34:00,CUST-DT-0632,140.53
2026-08-18 23:39:00,CUST-DT-0633,357.37
2026-08-18 23:40:00,CUST-DT-0634,663.23
2026-08-18 23:42:00,CUST-DT-0635,1564.97
2026-08-18 23:47:00,CUST-DT-0636,2812.69
2026-08-18 23:49:00,CUST-DT-0637,4133.46
2026-08-18 23:54:00,CUST-DT-0638,1049.89
2026-08-18 23:55:00,CUST-DT-0639,379.55
2026-08-19 00:01:00,CUST-DT-0640,3753.17
2026-08-19 00:04:00,CUST-DT-0641,2786.05
2026-08-19 00:05:00,CUST-DT-0642,2921.1
2026-08-19 00:08:00,CUST-DT-0643,2734.05
2026-08-19 00:11:00,CUST-DT-0644,4366.26
2026-08-19 00:16:00,CUST-DT-0645,633.67
2026-08-19 00:16:00,CUST-DT-0646,3148.67
2026-08-19 00:18:00,CUST-DT-0647,2717.06
2026-08-19 00:21:00,CUST-DT-0648,177.25
2026-08-19 00:28:00,CUST-DT-0649,1043.16
2026-08-19 00:27:00,CUST-DT-0650,3817.36
2026-08-19 00:32:00,CUST-DT-0651,3197.5
2026-08-19 00:33:00,CUST-DT-0652,460.14
2026-08-19 00:38:00,CUST-DT-0653,847.51
2026-08-19 00:40:00,CUST-DT-0654,4118.79
2026-08-19 00:44:00,CUST-DT-0655,3084.95
2026-08-19 00:47:00,CUST-DT-0656,3901.84
2026-08-19 00:48:00,CUST-DT-0657,2632.9
2026-08-19 00:55:00,CUST-DT-0658,1623.99
2026-08-19 00:58:00,CUST-DT-0659,1844.24
2026-08-19 00:59:00,CUST-DT-0660,2649.29
2026-08-19 01:01:00,CUST-DT-0661,735.77
2026-08-19 01:05:00,CUST-DT-0662,3830.58
2026-08-19 01:10:00,CUST-DT-0663,2778.32
2026-08-19 01:09:00,CUST-DT-0664,2545.99
2026-08-19 01:13:00,CUST-DT-0665,1936.78
2026-08-19 01:15:00,CUST-DT-0666,1591.26
2026-08-19 01:20:00,CUST-DT-0667,1814.73
2026-08-19 01:22:00,CUST-DT-0668,4468.43
2026-08-19 01:27:00,CUST-DT-0669,2261.52
2026-08-19 01:28:00,CUST-DT-0670,2289.94
2026-08-19 01:33:00,CUST-DT-0671,1198.04
2026-08-19 01:35:00,CUST-DT-0672,2158.99
2026-08-19 01:38:00,CUST-DT-0673,3854.95
2026-08-19 01:40:00,CUST-DT-0674,1201.62
2026-08-19 01:43:00,CUST-DT-0675,4313.16
2026-08-19 01:49:00,CUST-DT-0676,2765.49
2026-08-19 01:48:00,CUST-DT-0677,4288.45
2026-08-19 01:51:00,CUST-DT-0678,1683.77
2026-08-19 01:56:00,CUST-DT-0679,2303.91
2026-08-19 01:58:00,CUST-DT-0680,3238.94
2026-08-19 02:02:00,CUST-DT-0681,3333.65
2026-08-19 02:07:00,CUST-DT-0682,884.3
2026-08-19 02:09:00,CUST-DT-0683,1713.4
2026-08-19 02:10:00,CUST-DT-0684,3391.23
2026-08-19 02:13:00,CUST-DT-0685,1011.99
2026-08-19 02:15:00,CUST-DT-0686,1376.44
2026-08-19 02:22:00,CUST-DT-0687,4090.51
2026-08-19 02:22:00,CUST-DT-0688,646.5
2026-08-19 02:26:00,CUST-DT-0689,1193.91
2026-08-19 02:31:00,CUST-DT-0690,1410.97
2026-08-19 02:33:00,CUST-DT-0691,3222.85
2026-08-19 02:36:00,CUST-DT-0692,2713.63
2026-08-19 02:40:00,CUST-DT-0693,1897.67
2026-08-19 02:40:00,CUST-DT-0694,3095.39
2026-08-19 02:45:00,CUST-DT-0695,1522.96
2026-08-19 02:45:00,CUST-DT-0696,4254.37
2026-08-19 02:49:00,CUST-DT-0697,4256.31
2026-08-19 02:53:00,CUST-DT-0698,2669.63
2026-08-19 02:54:00,CUST-DT-0699,2901.13
2026-08-19 03:01:00,CUST-DT-0700,1429.03
2026-08-19 03:03:00,CUST-DT-0701,1643.68
2026-08-19 03:07:00,CUST-DT-0702,289.35
2026-08-19 03:10:00,CUST-DT-0703,3793.65
2026-08-19 03:12:00,CUST-DT-0704,1135.28
2026-08-19 03:12:00,CUST-DT-0705,4118.71
2026-08-19 03:18:00,CUST-DT-0706,2009.95
2026-08-19 03:22:00,CUST-DT-0707,4204.99
2026-08-19 03:23:00,CUST-DT-0708,3842.54
2026-08-19 03:27:00,CUST-DT-0709,2704.59
2026-08-19 03:28:00,CUST-DT-0710,3927.69
2026-08-19 03:34:00,CUST-DT-0711,4157.22
2026-08-19 03:37:00,CUST-DT-0712,2548.92
2026-08-19 03:38:00,CUST-DT-0713,4458.6
2026-08-19 03:42:00,CUST-DT-0714,1575.21
2026-08-19 03:44:00,CUST-DT-0715,1254.1
2026-08-19 03:49:00,CUST-DT-0716,762.89
2026-08-19 03:48:00,CUST-DT-0717,2012.13
2026-08-19 03:55:00,CUST-DT-0718,2271.48
2026-08-19 03:58:00,CUST-DT-0719,677.68
2026-08-19 04:00:00,CUST-DT-0720,730.28
2026-08-19 04:04:00,CUST-DT-0721,315.08
2026-08-19 04:04:00,CUST-DT-0722,155.25
2026-08-19 04:10:00,CUST-DT-0723,3355.32
2026-08-19 04:13:00,CUST-DT-0724,1892.73
2026-08-19 04:14:00,CUST-DT-0725,3657.64
2026-08-19 04:17:00,CUST-DT-0726,2011.27
2026-08-19 04:18:00,CUST-DT-0727,3808.74
2026-08-19 04:21:00,CUST-DT-0728,3157.39
2026-08-19 04:25:00,CUST-DT-0729,674.57
2026-08-19 04:31:00,CUST-DT-0730,1021.76
2026-08-19 04:32:00,CUST-DT-0731,222.15
2026-08-19 04:35:00,CUST-DT-0732,2356.72
2026-08-19 04:37:00,CUST-DT-0733,2818.21
2026-08-19 04:43:00,CUST-DT-0734,750.75
2026-08-19 04:46:00,CUST-DT-0735,2456.82
2026-08-19 04:48:00,CUST-DT-0736,3889.15
2026-08-19 04:49:00,CUST-DT-0737,3984.26
2026-08-19 04:53:00,CUST-DT-0738,988.86
2026-08-19 04:56:00,CUST-DT-0739,1624.22
2026-08-19 05:01:00,CUST-DT-0740,1286.72
2026-08-19 05:00:00,CUST-DT-0741,3199.01
2026-08-19 05:06:00,CUST-DT-0742,1102.84
2026-08-19 05:10:00,CUST-DT-0743,1672.51
2026-08-19 05:11:00,CUST-DT-0744,2808.54
2026-08-19 05:14:00,CUST-DT-0745,914.83
2026-08-19 05:19:00,CUST-DT-0746,1590.22
2026-08-19 05:22:00,CUST-DT-0747,3949.83
2026-08-19 05:22:00,CUST-DT-0748,679.11
2026-08-19 05:25:00,CUST-DT-0749,1560.9
2026-08-19 05:29:00,CUST-DT-0750,3010.28
2026-08-19 05:32:00,CUST-DT-0751,2699.12
2026-08-19 05:33:00,CUST-DT-0752,573.73
2026-08-19 05:40:00,CUST-DT-0753,1513.5
2026-08-19 05:39:00,CUST-DT-0754,414.74
2026-08-19 05:45:00,CUST-DT-0755,667.96
2026-08-19 05:49:00,CUST-DT-0756,241.79
2026-08-19 05:49:00,CUST-DT-0757,4016.63
2026-08-19 05:52:00,CUST-DT-0758,1364.2
2026-08-19 05:54:00,CUST-DT-0759,1484.34
2026-08-19 05:57:00,CUST-DT-0760,2887.82
2026-08-19 06:01:00,CUST-DT-0761,660.7
2026-08-19 06:06:00,CUST-DT-0762,3327.87
2026-08-19 06:08:00,CUST-DT-0763,439.37
2026-08-19 06:11:00,CUST-DT-0764,3078.67
2026-08-19 06:14:00,CUST-DT-0765,1730.7
2026-08-19 06:15:00,CUST-DT-0766,1772.34
2026-08-19 06:18:00,CUST-DT-0767,4338.35
2026-08-19 06:24:00,CUST-DT-0768,4419.39
2026-08-19 06:25:00,CUST-DT-0769,3596.6
2026-08-19 06:27:00,CUST-DT-0770,538.75
2026-08-19 06:32:00,CUST-DT-0771,2496.43
2026-08-19 06:37:00,CUST-DT-0772,2662.1
2026-08-19 06:40:00,CUST-DT-0773,4023.84
2026-08-19 06:42:00,CUST-DT-0774,3513.93
2026-08-19 06:43:00,CUST-DT-0775,2871.61
2026-08-19 06:47:00,CUST-DT-0776,1126.91
2026-08-19 06:50:00,CUST-DT-0777,1243.63
2026-08-19 06:54:00,CUST-DT-0778,614.25
2026-08-19 06:55:00,CUST-DT-0779,4274.53
2026-08-19 06:57:00,CUST-DT-0780,3383.58
2026-08-19 07:03:00,CUST-DT-0781,855.03
2026-08-19 07:03:00,CUST-DT-0782,3514.35
2026-08-19 07:07:00,CUST-DT-0783,1403.69
2026-08-19 07:10:00,CUST-DT-0784,2719.95
2026-08-19 07:15:00,CUST-DT-0785,1501.78
2026-08-19 07:16:00,CUST-DT-0786,4104.73
2026-08-19 07:22:00,CUST-DT-0787,1645.05
2026-08-19 07:25:00,CUST-DT-0788,4331.44
2026-08-19 07:27:00,CUST-DT-0789,451.27
2026-08-19 07:31:00,CUST-DT-0790,3988.92
2026-08-19 07:31:00,CUST-DT-0791,849.09
2026-08-19 07:33:00,CUST-DT-0792,3480.27
2026-08-19 07:37:00,CUST-DT-0793,665.37
2026-08-19 07:43:00,CUST-DT-0794,3288.95
2026-08-19 07:46:00,CUST-DT-0795,1111.04
2026-08-19 07:48:00,CUST-DT-0796,234.36
2026-08-19 07:50:00,CUST-DT-0797,757.15
2026-08-19 07:51:00,CUST-DT-0798,3683.96
2026-08-19 07:55:00,CUST-DT-0799,3429.4
2026-08-19 07:59:00,CUST-DT-0800,2616.56
2026-08-19 08:02:00,CUST-DT-0801,2431.86
2026-08-19 08:06:00,CUST-DT-0802,260.84
2026-08-19 08:09:00,CUST-DT-0803,1622.12
2026-08-19 08:12:00,CUST-DT-0804,4068.97
2026-08-19 08:16:00,CUST-DT-0805,1881.94
2026-08-19 08:18:00,CUST-DT-0806,2971.87
2026-08-19 08:21:00,CUST-DT-0807,2489.2
2026-08-19 08:22:00,CUST-DT-0808,4109.61
2026-08-19 08:26:00,CUST-DT-0809,426.19
2026-08-19 08:28:00,CUST-DT-0810,2049.13
2026-08-19 08:30:00,CUST-DT-0811,934.11
2026-08-19 08:37:00,CUST-DT-0812,2678.42
2026-08-19 08:40:00,CUST-DT-0813,1779.27
2026-08-19 08:43:00,CUST-DT-0814,2821.93
2026-08-19 08:43:00,CUST-DT-0815,367.42
2026-08-19 08:48:00,CUST-DT-0816,111.38
2026-08-19 08:52:00,CUST-DT-0817,1476.52
2026-08-19 08:53:00,CUST-DT-0818,781.15
2026-08-19 08:58:00,CUST-DT-0819,618.26
2026-08-19 09:01:00,CUST-DT-0820,3404.6
2026-08-19 09:02:00,CUST-DT-0821,4434.97
2026-08-19 09:07:00,CUST-DT-0822,1515.47
2026-08-19 09:09:00,CUST-DT-0823,4005.59
2026-08-19 09:13:00,CUST-DT-0824,1863.13
2026-08-19 09:15:00,CUST-DT-0825,4142.85
2026-08-19 09:16:00,CUST-DT-0826,116.08
2026-08-19 09:22:00,CUST-DT-0827,2821.55
2026-08-19 09:25:00,CUST-DT-0828,2615.67
2026-08-19 09:26:00,CUST-DT-0829,3267.15
2026-08-19 09:29:00,CUST-DT-0830,359.74
2026-08-19 09:30:00,CUST-DT-0831,911.37
2026-08-19 09:34:00,CUST-DT-0832,2814.46
2026-08-19 09:37:00,CUST-DT-0833,1154.7
2026-08-19 09:40:00,CUST-DT-0834,3466.5
2026-08-19 09:43:00,CUST-DT-0835,4021.59
2026-08-19 09:49:00,CUST-DT-0836,3697.42
2026-08-19 09:48:00,CUST-DT-0837,3092.59
2026-08-19 09:54:00,CUST-DT-0838,2113.78
2026-08-19 09:55:00,CUST-DT-0839,3674.74
2026-08-19 09:57:00,CUST-DT-0840,4055.68
2026-08-19 10:02:00,CUST-DT-0841,4275.94
2026-08-19 10:04:00,CUST-DT-0842,3985.3
2026-08-19 10:09:00,CUST-DT-0843,331.07
2026-08-19 10:13:00,CUST-DT-0844,747.68
2026-08-19 10:14:00,CUST-DT-0845,3535.37
2026-08-19 10:19:00,CUST-DT-0846,1736.98
2026-08-19 10:21:00,CUST-DT-0847,1269.01
2026-08-19 10:23:00,CUST-DT-0848,1365.15
2026-08-19 10:24:00,CUST-DT-0849,77.06
2026-08-19 10:28:00,CUST-DT-0850,3436.04
2026-08-19 10:32:00,CUST-DT-0851,1099.72
2026-08-19 10:35:00,CUST-DT-0852,1565.23
2026-08-19 10:37:00,CUST-DT-0853,824.63
2026-08-19 10:40:00,CUST-DT-0854,548.9
2026-08-19 10:44:00,CUST-DT-0855,4277.09
2026-08-19 10:45:00,CUST-DT-0856,4407.65
2026-08-19 10:48:00,CUST-DT-0857,2249.17
2026-08-19 10:51:00,CUST-DT-0858,189.62
2026-08-19 10:55:00,CUST-DT-0859,264.53
2026-08-19 11:00:00,CUST-DT-0860,3928.66
2026-08-19 11:04:00,CUST-DT-0861,2442.83
2026-08-19 11:07:00,CUST-DT-0862,4182.88
2026-08-19 11:06:00,CUST-DT-0863,2972.07
2026-08-19 11:12:00,CUST-DT-0864,4052.59
2026-08-19 11:12:00,CUST-DT-0865,1751.29
2026-08-19 11:19:00,CUST-DT-0866,486.91
2026-08-19 11:18:00,CUST-DT-0867,1091.25
2026-08-19 11:24:00,CUST-DT-0868,2006.73
2026-08-19 11:24:00,CUST-DT-0869,1047.18
2026-08-19 11:29:00,CUST-DT-0870,3687.65
2026-08-19 11:30:00,CUST-DT-0871,2989.87
2026-08-19 11:36:00,CUST-DT-0872,3753.49
2026-08-19 11:40:00,CUST-DT-0873,3670.3
2026-08-19 11:42:00,CUST-DT-0874,3619.74
2026-08-19 11:46:00,CUST-DT-0875,2759.03
2026-08-19 11:48:00,CUST-DT-0876,2229.14
2026-08-19 11:50:00,CUST-DT-0877,4401.43
2026-08-19 11:51:00,CUST-DT-0878,187.65
2026-08-19 11:57:00,CUST-DT-0879,1262.05
2026-08-19 11:58:00,CUST-DT-0880,3520.54
2026-08-19 12:04:00,CUST-DT-0881,3695.24
2026-08-19 12:05:00,CUST-DT-0882,1115.22
2026-08-19 12:09:00,CUST-DT-0883,3458.65
2026-08-19 12:12:00,CUST-DT-0884,3246.5
2026-08-19 12:14:00,CUST-DT-0885,3660.59
2026-08-19 12:16:00,CUST-DT-0886,2847.85
2026-08-19 12:21:00,CUST-DT-0887,3847.22
2026-08-19 12:25:00,CUST-DT-0888,3286.97
2026-08-19 12:25:00,CUST-DT-0889,3483.02
2026-08-19 12:29:00,CUST-DT-0890,459.41
2026-08-19 12:33:00,CUST-DT-0891,2420.34
2026-08-19 12:34:00,CUST-DT-0892,2893.08
2026-08-19 12:39:00,CUST-DT-0893,1467.66
2026-08-19 12:39:00,CUST-DT-0894,581.3
2026-08-19 12:46:00,CUST-DT-0895,654.23
2026-08-19 12:48:00,CUST-DT-0896,441.49
2026-08-19 12:49:00,CUST-DT-0897,2416.93
2026-08-19 12:52:00,CUST-DT-0898,543.15
2026-08-19 12:56:00,CUST-DT-0899,2074.69
2026-08-19 12:58:00,CUST-DT-0900,4202.59
2026-08-19 13:01:00,CUST-DT-0901,4468.2
2026-08-19 13:05:00,CUST-DT-0902,4469.19
2026-08-19 13:09:00,CUST-DT-0903,1975.97
2026-08-19 13:10:00,CUST-DT-0904,4000.49
2026-08-19 13:13:00,CUST-DT-0905,3101.79
2026-08-19 13:19:00,CUST-DT-0906,1061.94
2026-08-19 13:20:00,CUST-DT-0907,3629.5
2026-08-19 13:23:00,CUST-DT-0908,1411.81
2026-08-19 13:27:00,CUST-DT-0909,2739.68
2026-08-19 13:28:00,CUST-DT-0910,672.53
2026-08-19 13:30:00,CUST-DT-0911,2219.38
2026-08-19 13:33:00,CUST-DT-0912,4373.35
2026-08-19 13:39:00,CUST-DT-0913,1384.41
2026-08-19 13:43:00,CUST-DT-0914,4329.17
2026-08-19 13:44:00,CUST-DT-0915,72.06
2026-08-19 13:49:00,CUST-DT-0916,4441.36
2026-08-19 13:52:00,CUST-DT-0917,292.85
2026-08-19 13:55:00,CUST-DT-0918,2717.86
2026-08-19 13:54:00,CUST-DT-0919,4394.9
2026-08-19 14:00:00,CUST-DT-0920,54.05
2026-08-19 14:00:00,CUST-DT-0921,1812.59
2026-08-19 14:06:00,CUST-DT-0922,4024.98
2026-08-19 14:08:00,CUST-DT-0923,2985.86
2026-08-19 14:13:00,CUST-DT-0924,2192.66
2026-08-19 14:13:00,CUST-DT-0925,1446.46
2026-08-19 14:19:00,CUST-DT-0926,1046.12
2026-08-19 14:21:00,CUST-DT-0927,492.18
2026-08-19 14:23:00,CUST-DT-0928,2850.9
2026-08-19 14:26:00,CUST-DT-0929,1466.13
2026-08-19 14:27:00,CUST-DT-0930,1644.52
2026-08-19 14:33:00,CUST-DT-0931,2332.52
2026-08-19 14:36:00,CUST-DT-0932,1846.12
2026-08-19 14:37:00,CUST-DT-0933,2952.9
2026-08-19 14:43:00,CUST-DT-0934,1281.93
2026-08-19 14:44:00,CUST-DT-0935,3091.42
2026-08-19 14:47:00,CUST-DT-0936,1477.47
2026-08-19 14:49:00,CUST-DT-0937,1824.35
2026-08-19 14:53:00,CUST-DT-0938,1611.41
2026-08-19 14:55:00,CUST-DT-0939,2915.74
2026-08-19 14:59:00,CUST-DT-0940,1139.67
2026-08-19 15:04:00,CUST-DT-0941,1282.43
2026-08-19 15:05:00,CUST-DT-0942,3232.95
2026-08-19 15:09:00,CUST-DT-0943,3552.41
2026-08-19 15:10:00,CUST-DT-0944,3618.03
2026-08-19 15:13:00,CUST-DT-0945,1916.35
2026-08-19 15:15:00,CUST-DT-0946,636.14
2026-08-19 15:19:00,CUST-DT-0947,816.77
2026-08-19 15:22:00,CUST-DT-0948,3841.04
2026-08-19 15:26:00,CUST-DT-0949,253.36
2026-08-19 15:28:00,CUST-DT-0950,2877.59
2026-08-19 15:33:00,CUST-DT-0951,3831.85
2026-08-19 15:34:00,CUST-DT-0952,4123.6
2026-08-19 15:38:00,CUST-DT-0953,2181.42
2026-08-19 15:40:00,CUST-DT-0954,4116.9
2026-08-19 15:43:00,CUST-DT-0955,2251.91
2026-08-19 15:48:00,CUST-DT-0956,368.89
2026-08-19 15:51:00,CUST-DT-0957,1372.17
2026-08-19 15:51:00,CUST-DT-0958,4418.74
2026-08-19 15:57:00,CUST-DT-0959,3507.05
2026-08-19 15:58:00,CUST-DT-0960,2854.75
2026-08-19 16:02:00,CUST-DT-0961,3704.65
2026-08-19 16:05:00,CUST-DT-0962,1636.67
2026-08-19 16:07:00,CUST-DT-0963,1311.63
2026-08-19 16:10:00,CUST-DT-0964,87.82
2026-08-19 16:16:00,CUST-DT-0965,422.57
2026-08-19 16:16:00,CUST-DT-0966,3225.82
2026-08-19 16:21:00,CUST-DT-0967,4441.6
2026-08-19 16:25:00,CUST-DT-0968,2736.98
2026-08-19 16:28:00,CUST-DT-0969,65.41
2026-08-19 16:29:00,CUST-DT-0970,2901.57
2026-08-19 16:32:00,CUST-DT-0971,177.93
2026-08-19 16:33:00,CUST-DT-0972,1155.64
2026-08-19 16:39:00,CUST-DT-0973,1402.08
2026-08-19 16:39:00,CUST-DT-0974,1429.35
2026-08-19 16:45:00,CUST-DT-0975,575.27
2026-08-19 16:49:00,CUST-DT-0976,3398.92
2026-08-19 16:52:00,CUST-DT-0977,1093.53
2026-08-19 16:53:00,CUST-DT-0978,512.28
2026-08-19 16:58:00,CUST-DT-0979,1150.12
2026-08-19 16:58:00,CUST-DT-0980,4300.51
2026-08-19 17:04:00,CUST-DT-0981,4242.7
2026-08-19 17:05:00,CUST-DT-0982,2739.76
2026-08-19 17:10:00,CUST-DT-0983,2723.01
2026-08-19 17:12:00,CUST-DT-0984,1987.12
2026-08-19 17:15:00,CUST-DT-0985,3715.0
2026-08-19 17:19:00,CUST-DT-0986,1641.01
2026-08-19 17:19:00,CUST-DT-0987,3638.69
2026-08-19 17:21:00,CUST-DT-0988,3081.71
2026-08-19 17:24:00,CUST-DT-0989,1041.25
2026-08-19 17:31:00,CUST-DT-0990,3842.81
2026-08-19 17:31:00,CUST-DT-0991,2860.68
2026-08-19 17:37:00,CUST-DT-0992,2829.51
2026-08-19 17:38:00,CUST-DT-0993,4427.56
2026-08-19 17:43:00,CUST-DT-0994,4366.16
2026-08-19 17:45:00,CUST-DT-0995,2852.89
2026-08-19 17:45:00,CUST-DT-0996,3955.77
2026-08-19 17:49:00,CUST-DT-0997,1057.34
2026-08-19 17:55:00,CUST-DT-0998,2165.51
2026-08-19 17:55:00,CUST-DT-0999,2802.56
2026-08-19 18:00:00,CUST-DT-1000,1690.71
2026-08-19 18:04:00,CUST-DT-1001,3363.59
2026-08-19 18:05:00,CUST-DT-1002,1877.6
2026-08-19 18:10:00,CUST-DT-1003,3168.45
2026-08-19 18:13:00,CUST-DT-1004,2363.76
2026-08-19 18:14:00,CUST-DT-1005,976.6
2026-08-19 18:15:00,CUST-DT-1006,4291.3
2026-08-19 18:18:00,CUST-DT-1007,1454.38
2026-08-19 18:21:00,CUST-DT-1008,452.23
2026-08-19 18:25:00,CUST-DT-1009,274.73
2026-08-19 18:31:00,CUST-DT-1010,4454.45
2026-08-19 18:30:00,CUST-DT-1011,1965.23
2026-08-19 18:33:00,CUST-DT-1012,1735.6
2026-08-19 18:39:00,CUST-DT-1013,3601.84
2026-08-19 18:40:00,CUST-DT-1014,4128.77
2026-08-19 18:43:00,CUST-DT-1015,3759.83
2026-08-19 18:49:00,CUST-DT-1016,3020.98
2026-08-19 18:50:00,CUST-DT-1017,208.82
2026-08-19 18:51:00,CUST-DT-1018,810.37
2026-08-19 18:55:00,CUST-DT-1019,1525.05
2026-08-19 19:00:00,CUST-DT-1020,362.93
2026-08-19 19:03:00,CUST-DT-1021,707.11
2026-08-19 19:06:00,CUST-DT-1022,4056.66
2026-08-19 19:07:00,CUST-DT-1023,3708.2
2026-08-19 19:09:00,CUST-DT-1024,4455.39
2026-08-19 19:15:00,CUST-DT-1025,2603.31
2026-08-19 19:18:00,CUST-DT-1026,1834.23
2026-08-19 19:19:00,CUST-DT-1027,667.18
2026-08-19 19:24:00,CUST-DT-1028,1383.83
2026-08-19 19:24:00,CUST-DT-1029,698.16
2026-08-19 19:29:00,CUST-DT-1030,3030.64
2026-08-19 19:30:00,CUST-DT-1031,2878.11
2026-08-19 19:36:00,CUST-DT-1032,2501.75
2026-08-19 19:39:00,CUST-DT-1033,798.52
2026-08-19 19:39:00,CUST-DT-1034,2859.67
2026-08-19 19:44:00,CUST-DT-1035,2499.77
2026-08-19 19:49:00,CUST-DT-1036,3830.7
2026-08-19 19:51:00,CUST-DT-1037,2293.55
2026-08-19 19:54:00,CUST-DT-1038,3209.01
2026-08-19 19:54:00,CUST-DT-1039,1131.47
2026-08-19 19:57:00,CUST-DT-1040,67.63
2026-08-19 20:04:00,CUST-DT-1041,2617.47
2026-08-19 20:04:00,CUST-DT-1042,4293.69
2026-08-19 20:09:00,CUST-DT-1043,1315.56
2026-08-19 20:12:00,CUST-DT-1044,3744.73
2026-08-19 20:12:00,CUST-DT-1045,2779.18
2026-08-19 20:16:00,CUST-DT-1046,2367.48
2026-08-19 20:19:00,CUST-DT-1047,3800.11
2026-08-19 20:22:00,CUST-DT-1048,2183.02
2026-08-19 20:26:00,CUST-DT-1049,1198.24
2026-08-19 20:29:00,CUST-DT-1050,2360.01
2026-08-19 20:33:00,CUST-DT-1051,2938.63
2026-08-19 20:37:00,CUST-DT-1052,2859.78
2026-08-19 20:38:00,CUST-DT-1053,4409.54
2026-08-19 20:43:00,CUST-DT-1054,3942.75
2026-08-19 20:43:00,CUST-DT-1055,3755.42
2026-08-19 20:49:00,CUST-DT-1056,4390.66
2026-08-19 20:52:00,CUST-DT-1057,1872.97
2026-08-19 20:51:00,CUST-DT-1058,2976.41
2026-08-19 20:57:00,CUST-DT-1059,2457.39
2026-08-19 20:59:00,CUST-DT-1060,2560.29
2026-08-19 21:03:00,CUST-DT-1061,3833.08
2026-08-19 21:07:00,CUST-DT-1062,1120.5
2026-08-19 21:07:00,CUST-DT-1063,2494.74
2026-08-19 21:12:00,CUST-DT-1064,791.66
2026-08-19 21:16:00,CUST-DT-1065,842.02
2026-08-19 21:17:00,CUST-DT-1066,1451.52
2026-08-19 21:18:00,CUST-DT-1067,3195.6
2026-08-19 21:24:00,CUST-DT-1068,2197.73
2026-08-19 21:24:00,CUST-DT-1069,1871.96
2026-08-19 21:28:00,CUST-DT-1070,3130.4
2026-08-19 21:32:00,CUST-DT-1071,2303.8
2026-08-19 21:35:00,CUST-DT-1072,774.19
2026-08-19 21:38:00,CUST-DT-1073,979.51
2026-08-19 21:42:00,CUST-DT-1074,2478.06
2026-08-19 21:44:00,CUST-DT-1075,1709.36
2026-08-19 21:45:00,CUST-DT-1076,3491.3
2026-08-19 21:51:00,CUST-DT-1077,477.05
2026-08-19 21:55:00,CUST-DT-1078,4185.97
2026-08-19 21:55:00,CUST-DT-1079,1875.46
2026-08-19 22:00:00,CUST-DT-1080,2484.19
2026-08-19 22:02:00,CUST-DT-1081,3745.15
2026-08-19 22:05:00,CUST-DT-1082,1304.36
2026-08-19 22:08:00,CUST-DT-1083,673.48
2026-08-19 22:11:00,CUST-DT-1084,1650.41
2026-08-19 22:15:00,CUST-DT-1085,1329.82
2026-08-19 22:17:00,CUST-DT-1086,3579.56
2026-08-19 22:22:00,CUST-DT-1087,3023.65
2026-08-19 22:25:00,CUST-DT-1088,1459.77
2026-08-19 22:25:00,CUST-DT-1089,66.55
2026-08-19 22:31:00,CUST-DT-1090,3913.81
2026-08-19 22:31:00,CUST-DT-1091,2585.61
2026-08-19 22:33:00,CUST-DT-1092,3510.2
2026-08-19 22:38:00,CUST-DT-1093,1164.11
2026-08-19 22:40:00,CUST-DT-1094,2189.65
2026-08-19 22:44:00,CUST-DT-1095,4220.35
2026-08-19 22:46:00,CUST-DT-1096,2077.26
2026-08-19 22:48:00,CUST-DT-1097,3547.97
2026-08-19 22:55:00,CUST-DT-1098,2579.23
2026-08-19 22:55:00,CUST-DT-1099,3471.07
2026-08-19 22:57:00,CUST-DT-1100,727.84
2026-08-19 23:01:00,CUST-DT-1101,4083.03
2026-08-19 23:05:00,CUST-DT-1102,245.89
2026-08-19 23:09:00,CUST-DT-1103,2844.96
2026-08-19 23:13:00,CUST-DT-1104,2031.14
2026-08-19 23:12:00,CUST-DT-1105,4436.52
2026-08-19 23:18:00,CUST-DT-1106,3907.93
2026-08-19 23:21:00,CUST-DT-1107,4008.93
2026-08-19 23:25:00,CUST-DT-1108,3290.28
2026-08-19 23:26:00,CUST-DT-1109,2728.19
2026-08-19 23:29:00,CUST-DT-1110,3473.55
2026-08-19 23:32:00,CUST-DT-1111,2400.75
2026-08-19 23:35:00,CUST-DT-1112,698.48
2026-08-19 23:37:00,CUST-DT-1113,4337.42
2026-08-19 23:39:00,CUST-DT-1114,796.2
2026-08-19 23:46:00,CUST-DT-1115,3429.38
2026-08-19 23:48:00,CUST-DT-1116,941.03
2026-08-19 23:50:00,CUST-DT-1117,3926.09
2026-08-19 23:52:00,CUST-DT-1118,4224.83
2026-08-19 23:58:00,CUST-DT-1119,716.23
2026-08-19 23:58:00,CUST-DT-1120,1700.3
2026-08-20 00:00:00,CUST-DT-1121,4152.99
2026-08-20 00:06:00,CUST-DT-1122,1987.83
2026-08-20 00:09:00,CUST-DT-1123,3601.55
2026-08-20 00:13:00,CUST-DT-1124,381.16
2026-08-20 00:16:00,CUST-DT-1125,1457.97
2026-08-20 00:17:00,CUST-DT-1126,3288.01
2026-08-20 00:18:00,CUST-DT-1127,2621.02
2026-08-20 00:22:00,CUST-DT-1128,3985.21
2026-08-20 00:28:00,CUST-DT-1129,2977.95
2026-08-20 00:27:00,CUST-DT-1130,3385.37
2026-08-20 00:33:00,CUST-DT-1131,3547.9
2026-08-20 00:34:00,CUST-DT-1132,1076.79
2026-08-20 00:38:00,CUST-DT-1133,454.63
2026-08-20 00:42:00,CUST-DT-1134,3378.21
2026-08-20 00:43:00,CUST-DT-1135,1254.03
2026-08-20 00:49:00,CUST-DT-1136,2000.99
2026-08-20 00:50:00,CUST-DT-1137,2616.05
2026-08-20 00:51:00,CUST-DT-1138,763.5
2026-08-20 00:57:00,CUST-DT-1139,3240.79
2026-08-20 00:57:00,CUST-DT-1140,2254.58
2026-08-20 01:04:00,CUST-DT-1141,3710.41
2026-08-20 01:05:00,CUST-DT-1142,3026.69
2026-08-20 01:09:00,CUST-DT-1143,4200.89
2026-08-20 01:12:00,CUST-DT-1144,4229.66
2026-08-20 01:14:00,CUST-DT-1145,3127.27
2026-08-20 01:18:00,CUST-DT-1146,78.53
2026-08-20 01:20:00,CUST-DT-1147,278.19
2026-08-20 01:23:00,CUST-DT-1148,3802.11
2026-08-20 01:27:00,CUST-DT-1149,3693.9
2026-08-20 01:27:00,CUST-DT-1150,664.02
2026-08-20 01:34:00,CUST-DT-1151,1587.95
2026-08-20 01:33:00,CUST-DT-1152,4053.24
2026-08-20 01:39:00,CUST-DT-1153,2861.78
2026-08-20 01:39:00,CUST-DT-1154,3325.63
2026-08-20 01:42:00,CUST-DT-1155,1365.32
2026-08-20 01:45:00,CUST-DT-1156,2191.96
2026-08-20 01:52:00,CUST-DT-1157,774.31
2026-08-20 01:53:00,CUST-DT-1158,381.93
2026-08-20 01:57:00,CUST-DT-1159,4060.83
2026-08-20 01:59:00,CUST-DT-1160,3922.38
2026-08-20 02:03:00,CUST-DT-1161,189.59
2026-08-20 02:06:00,CUST-DT-1162,3024.75
2026-08-20 02:09:00,CUST-DT-1163,1531.45
2026-08-20 02:13:00,CUST-DT-1164,869.83
2026-08-20 02:15:00,CUST-DT-1165,2232.45
2026-08-20 02:19:00,CUST-DT-1166,4113.02
2026-08-20 02:21:00,CUST-DT-1167,1266.55
2026-08-20 02:23:00,CUST-DT-1168,821.36
2026-08-20 02:28:00,CUST-DT-1169,3469.37
2026-08-20 02:31:00,CUST-DT-1170,3825.86
2026-08-20 02:32:00,CUST-DT-1171,1100.82
2026-08-20 02:34:00,CUST-DT-1172,2545.55
2026-08-20 02:40:00,CUST-DT-1173,2511.71
2026-08-20 02:43:00,CUST-DT-1174,688.77
2026-08-20 02:43:00,CUST-DT-1175,1192.22
2026-08-20 02:48:00,CUST-DT-1176,3041.26
2026-08-20 02:48:00,CUST-DT-1177,2739.1
2026-08-20 02:52:00,CUST-DT-1178,2714.06
2026-08-20 02:54:00,CUST-DT-1179,4207.86
2026-08-20 03:01:00,CUST-DT-1180,3907.59
2026-08-20 03:00:00,CUST-DT-1181,1088.06
2026-08-20 03:05:00,CUST-DT-1182,1484.7
2026-08-20 03:09:00,CUST-DT-1183,773.86
2026-08-20 03:13:00,CUST-DT-1184,1286.08
2026-08-20 03:13:00,CUST-DT-1185,4243.62
2026-08-20 03:17:00,CUST-DT-1186,3887.35
2026-08-20 03:21:00,CUST-DT-1187,2552.14
2026-08-20 03:21:00,CUST-DT-1188,501.53
2026-08-20 03:25:00,CUST-DT-1189,1645.84
2026-08-20 03:29:00,CUST-DT-1190,158.84
2026-08-20 03:34:00,CUST-DT-1191,284.99
2026-08-20 03:37:00,CUST-DT-1192,229.95
2026-08-20 03:36:00,CUST-DT-1193,1944.87
2026-08-20 03:41:00,CUST-DT-1194,3548.22
2026-08-20 03:45:00,CUST-DT-1195,756.47
2026-08-20 03:46:00,CUST-DT-1196,634.34
2026-08-20 03:51:00,CUST-DT-1197,381.02
2026-08-20 03:54:00,CUST-DT-1198,2685.21
2026-08-20 03:58:00,CUST-DT-1199,3273.78
2026-08-20 04:00:00,CUST-DT-1200,2029.2
2026-08-20 04:01:00,CUST-DT-1201,4376.64
2026-08-20 04:03:00,CUST-DT-1202,4012.75
2026-08-20 04:09:00,CUST-DT-1203,2428.99
2026-08-20 04:10:00,CUST-DT-1204,1493.17
2026-08-20 04:15:00,CUST-DT-1205,3609.69
2026-08-20 04:16:00,CUST-DT-1206,3379.87
2026-08-20 04:22:00,CUST-DT-1207,3971.67
2026-08-20 04:24:00,CUST-DT-1208,4187.76
2026-08-20 04:26:00,CUST-DT-1209,950.8
2026-08-20 04:27:00,CUST-DT-1210,186.02
2026-08-20 04:32:00,CUST-DT-1211,2075.6
2026-08-20 04:34:00,CUST-DT-1212,2793.22
2026-08-20 04:38:00,CUST-DT-1213,1991.14
2026-08-20 04:41:00,CUST-DT-1214,1158.68
2026-08-20 04:42:00,CUST-DT-1215,1597.87
2026-08-20 04:46:00,CUST-DT-1216,3791.64
2026-08-20 04:49:00,CUST-DT-1217,1101.44
2026-08-20 04:53:00,CUST-DT-1218,1452.3
2026-08-20 04:57:00,CUST-DT-1219,925.39
2026-08-20 04:57:00,CUST-DT-1220,322.22
2026-08-20 05:03:00,CUST-DT-1221,3341.78
2026-08-20 05:03:00,CUST-DT-1222,2802.67
2026-08-20 05:10:00,CUST-DT-1223,1593.54
2026-08-20 05:11:00,CUST-DT-1224,1034.23
2026-08-20 05:12:00,CUST-DT-1225,4281.1
2026-08-20 05:15:00,CUST-DT-1226,3266.05
2026-08-20 05:22:00,CUST-DT-1227,942.24
2026-08-20 05:22:00,CUST-DT-1228,2361.61
2026-08-20 05:25:00,CUST-DT-1229,995.06
2026-08-20 05:28:00,CUST-DT-1230,1343.66
2026-08-20 05:30:00,CUST-DT-1231,3708.42
2026-08-20 05:35:00,CUST-DT-1232,1670.0
2026-08-20 05:37:00,CUST-DT-1233,3958.87
2026-08-20 05:40:00,CUST-DT-1234,4082.8
2026-08-20 05:42:00,CUST-DT-1235,2956.49
2026-08-20 05:48:00,CUST-DT-1236,703.41
2026-08-20 05:50:00,CUST-DT-1237,2239.01
2026-08-20 05:52:00,CUST-DT-1238,2079.82
2026-08-20 05:57:00,CUST-DT-1239,2606.16
2026-08-20 05:59:00,CUST-DT-1240,2416.51
2026-08-20 06:04:00,CUST-DT-1241,2159.29
2026-08-20 06:06:00,CUST-DT-1242,2010.51
2026-08-20 06:07:00,CUST-DT-1243,3922.12
2026-08-20 06:10:00,CUST-DT-1244,2370.39
2026-08-20 06:13:00,CUST-DT-1245,4152.96
2026-08-20 06:17:00,CUST-DT-1246,945.11
2026-08-20 06:20:00,CUST-DT-1247,3285.83
2026-08-20 06:24:00,CUST-DT-1248,630.92
2026-08-20 06:26:00,CUST-DT-1249,4237.64
2026-08-20 06:30:00,CUST-DT-1250,4422.66
2026-08-20 06:33:00,CUST-DT-1251,519.66
2026-08-20 06:36:00,CUST-DT-1252,2147.19
2026-08-20 06:40:00,CUST-DT-1253,3657.75
2026-08-20 06:42:00,CUST-DT-1254,2357.67
2026-08-20 06:45:00,CUST-DT-1255,4259.45
2026-08-20 06:49:00,CUST-DT-1256,4019.94
2026-08-20 06:48:00,CUST-DT-1257,3638.46
2026-08-20 06:53:00,CUST-DT-1258,1108.65
2026-08-20 06:54:00,CUST-DT-1259,3393.9
2026-08-20 07:00:00,CUST-DT-1260,2866.78
2026-08-20 07:00:00,CUST-DT-1261,1152.01
2026-08-20 07:04:00,CUST-DT-1262,1102.15
2026-08-20 07:06:00,CUST-DT-1263,4019.85
2026-08-20 07:09:00,CUST-DT-1264,1072.06
2026-08-20 07:14:00,CUST-DT-1265,3360.92
2026-08-20 07:18:00,CUST-DT-1266,1727.67
2026-08-20 07:19:00,CUST-DT-1267,209.6
2026-08-20 07:25:00,CUST-DT-1268,1551.58
2026-08-20 07:25:00,CUST-DT-1269,1192.14
2026-08-20 07:30:00,CUST-DT-1270,2536.44
2026-08-20 07:31:00,CUST-DT-1271,4412.71
2026-08-20 07:35:00,CUST-DT-1272,2986.85
2026-08-20 07:36:00,CUST-DT-1273,2619.67
2026-08-20 07:43:00,CUST-DT-1274,3981.75
2026-08-20 07:42:00,CUST-DT-1275,1825.66
2026-08-20 07:48:00,CUST-DT-1276,1917.22
2026-08-20 07:50:00,CUST-DT-1277,2214.56
2026-08-20 07:51:00,CUST-DT-1278,2314.01
2026-08-20 07:54:00,CUST-DT-1279,728.01
2026-08-20 08:00:00,CUST-DT-1280,2201.34
2026-08-20 08:03:00,CUST-DT-1281,117.42
2026-08-20 08:05:00,CUST-DT-1282,3684.6
2026-08-20 08:07:00,CUST-DT-1283,4368.87
2026-08-20 08:10:00,CUST-DT-1284,3469.57
2026-08-20 08:12:00,CUST-DT-1285,2441.69
2026-08-20 08:19:00,CUST-DT-1286,3992.32
2026-08-20 08:21:00,CUST-DT-1287,4421.03
2026-08-20 08:22:00,CUST-DT-1288,2422.58
2026-08-20 08:28:00,CUST-DT-1289,234.32
2026-08-20 08:30:00,CUST-DT-1290,117.95
2026-08-20 08:30:00,CUST-DT-1291,1948.97
2026-08-20 08:37:00,CUST-DT-1292,1209.71
2026-08-20 08:36:00,CUST-DT-1293,4012.18
2026-08-20 08:40:00,CUST-DT-1294,1552.62
2026-08-20 08:45:00,CUST-DT-1295,2226.88
2026-08-20 08:46:00,CUST-DT-1296,2263.89
2026-08-20 08:50:00,CUST-DT-1297,2779.57
2026-08-20 08:52:00,CUST-DT-1298,1465.7
2026-08-20 08:54:00,CUST-DT-1299,3221.42
2026-08-20 08:59:00,CUST-DT-1300,2681.86
2026-08-20 09:00:00,CUST-DT-1301,4104.58
2026-08-20 09:05:00,CUST-DT-1302,2631.92
2026-08-20 09:08:00,CUST-DT-1303,2210.97
2026-08-20 09:12:00,CUST-DT-1304,843.54
2026-08-20 09:15:00,CUST-DT-1305,3133.31
2026-08-20 09:17:00,CUST-DT-1306,3475.72
2026-08-20 09:20:00,CUST-DT-1307,259.57
2026-08-20 09:23:00,CUST-DT-1308,443.41
2026-08-20 09:26:00,CUST-DT-1309,4049.96
2026-08-20 09:30:00,CUST-DT-1310,4256.76
2026-08-20 09:31:00,CUST-DT-1311,2040.01
2026-08-20 09:36:00,CUST-DT-1312,355.47
2026-08-20 09:39:00,CUST-DT-1313,3517.38
2026-08-20 09:43:00,CUST-DT-1314,108.61
2026-08-20 09:44:00,CUST-DT-1315,3975.73
2026-08-20 09:46:00,CUST-DT-1316,2237.33
2026-08-20 09:52:00,CUST-DT-1317,1075.34
2026-08-20 09:51:00,CUST-DT-1318,2492.63
2026-08-20 09:55:00,CUST-DT-1319,2113.94
2026-08-20 10:01:00,CUST-DT-1320,4154.51
2026-08-20 10:02:00,CUST-DT-1321,2821.83
2026-08-20 10:06:00,CUST-DT-1322,3036.83
2026-08-20 10:06:00,CUST-DT-1323,4177.11
2026-08-20 10:13:00,CUST-DT-1324,1616.28
2026-08-20 10:12:00,CUST-DT-1325,463.15
2026-08-20 10:18:00,CUST-DT-1326,1881.69
2026-08-20 10:21:00,CUST-DT-1327,3830.27
2026-08-20 10:22:00,CUST-DT-1328,3291.78
2026-08-20 10:26:00,CUST-DT-1329,624.16
2026-08-20 10:29:00,CUST-DT-1330,3709.03
2026-08-20 10:30:00,CUST-DT-1331,3905.21
2026-08-20 10:36:00,CUST-DT-1332,1631.42
2026-08-20 10:38:00,CUST-DT-1333,4128.35
2026-08-20 10:41:00,CUST-DT-1334,3714.08
2026-08-20 10:42:00,CUST-DT-1335,2891.71
2026-08-20 10:45:00,CUST-DT-1336,834.88
2026-08-20 10:51:00,CUST-DT-1337,2115.62
2026-08-20 10:53:00,CUST-DT-1338,3682.68
2026-08-20 10:56:00,CUST-DT-1339,3255.51
2026-08-20 10:58:00,CUST-DT-1340,1844.74
2026-08-20 11:01:00,CUST-DT-1341,4142.65
2026-08-20 11:06:00,CUST-DT-1342,4001.77
2026-08-20 11:08:00,CUST-DT-1343,2102.73
2026-08-20 11:13:00,CUST-DT-1344,2209.64
2026-08-20 11:14:00,CUST-DT-1345,3970.59
2026-08-20 11:18:00,CUST-DT-1346,3345.47
2026-08-20 11:19:00,CUST-DT-1347,2685.2
2026-08-20 11:23:00,CUST-DT-1348,1660.72
2026-08-20 11:26:00,CUST-DT-1349,1593.65
2026-08-20 11:28:00,CUST-DT-1350,4173.45
2026-08-20 11:34:00,CUST-DT-1351,1453.49
2026-08-20 11:34:00,CUST-DT-1352,2047.15
2026-08-20 11:40:00,CUST-DT-1353,2920.49
2026-08-20 11:42:00,CUST-DT-1354,4332.95
2026-08-20 11:43:00,CUST-DT-1355,1068.3
2026-08-20 11:48:00,CUST-DT-1356,441.64
2026-08-20 11:52:00,CUST-DT-1357,766.42
2026-08-20 11:52:00,CUST-DT-1358,4238.15
2026-08-20 11:54:00,CUST-DT-1359,1627.01
2026-08-20 12:01:00,CUST-DT-1360,1796.78
2026-08-20 12:02:00,CUST-DT-1361,338.19
2026-08-20 12:03:00,CUST-DT-1362,1751.93
2026-08-20 12:08:00,CUST-DT-1363,4006.0
2026-08-20 12:09:00,CUST-DT-1364,52.62
2026-08-20 12:14:00,CUST-DT-1365,864.32
2026-08-20 12:18:00,CUST-DT-1366,2353.79
2026-08-20 12:19:00,CUST-DT-1367,2686.26
2026-08-20 12:23:00,CUST-DT-1368,2640.96
2026-08-20 12:28:00,CUST-DT-1369,4123.69
2026-08-20 12:29:00,CUST-DT-1370,1757.89
2026-08-20 12:34:00,CUST-DT-1371,494.8
2026-08-20 12:33:00,CUST-DT-1372,2019.31
2026-08-20 12:37:00,CUST-DT-1373,1647.37
2026-08-20 12:40:00,CUST-DT-1374,4268.66
2026-08-20 12:43:00,CUST-DT-1375,2867.8
2026-08-20 12:45:00,CUST-DT-1376,1939.83
2026-08-20 12:48:00,CUST-DT-1377,768.12
2026-08-20 12:51:00,CUST-DT-1378,950.84
2026-08-20 12:58:00,CUST-DT-1379,3700.71
2026-08-20 13:00:00,CUST-DT-1380,2620.27
2026-08-20 13:00:00,CUST-DT-1381,634.54
2026-08-20 13:03:00,CUST-DT-1382,1203.04
2026-08-20 13:07:00,CUST-DT-1383,3035.73
2026-08-20 13:09:00,CUST-DT-1384,2277.89
2026-08-20 13:12:00,CUST-DT-1385,1743.13
2026-08-20 13:17:00,CUST-DT-1386,3578.73
2026-08-20 13:20:00,CUST-DT-1387,2194.42
2026-08-20 13:25:00,CUST-DT-1388,4192.94
2026-08-20 13:28:00,CUST-DT-1389,4250.29
2026-08-20 13:30:00,CUST-DT-1390,3873.84
2026-08-20 13:30:00,CUST-DT-1391,3200.98
2026-08-20 13:34:00,CUST-DT-1392,1041.62
2026-08-20 13:38:00,CUST-DT-1393,1337.9
2026-08-20 13:41:00,CUST-DT-1394,2950.07
2026-08-20 13:46:00,CUST-DT-1395,1521.91
2026-08-20 13:46:00,CUST-DT-1396,2778.75
2026-08-20 13:51:00,CUST-DT-1397,3687.6
2026-08-20 13:51:00,CUST-DT-1398,3993.5
2026-08-20 13:58:00,CUST-DT-1399,283.02
2026-08-20 14:01:00,CUST-DT-1400,2966.27
2026-08-20 14:01:00,CUST-DT-1401,3823.56
2026-08-20 14:06:00,CUST-DT-1402,212.89
2026-08-20 14:10:00,CUST-DT-1403,2118.06
2026-08-20 14:12:00,CUST-DT-1404,2467.05
2026-08-20 14:12:00,CUST-DT-1405,1422.04
2026-08-20 14:18:00,CUST-DT-1406,2245.88
2026-08-20 14:18:00,CUST-DT-1407,233.11
2026-08-20 14:23:00,CUST-DT-1408,753.82
2026-08-20 14:26:00,CUST-DT-1409,4144.68
2026-08-20 14:30:00,CUST-DT-1410,1371.66
2026-08-20 14:34:00,CUST-DT-1411,402.26
2026-08-20 14:36:00,CUST-DT-1412,3080.5
2026-08-20 14:38:00,CUST-DT-1413,4335.94
2026-08-20 14:39:00,CUST-DT-1414,1759.75
2026-08-20 14:45:00,CUST-DT-1415,4446.89
2026-08-20 14:45:00,CUST-DT-1416,2148.9
2026-08-20 14:51:00,CUST-DT-1417,910.33
2026-08-20 14:55:00,CUST-DT-1418,2121.17
2026-08-20 14:54:00,CUST-DT-1419,990.89
2026-08-20 14:58:00,CUST-DT-1420,983.1
2026-08-20 15:00:00,CUST-DT-1421,3238.35
2026-08-20 15:05:00,CUST-DT-1422,4469.68
2026-08-20 15:09:00,CUST-DT-1423,1649.52
2026-08-20 15:11:00,CUST-DT-1424,2826.53
2026-08-20 15:14:00,CUST-DT-1425,765.14
2026-08-20 15:16:00,CUST-DT-1426,1317.93
2026-08-20 15:20:00,CUST-DT-1427,1812.19
2026-08-20 15:25:00,CUST-DT-1428,3676.55
2026-08-20 15:25:00,CUST-DT-1429,2893.16
2026-08-20 15:30:00,CUST-DT-1430,259.83
2026-08-20 15:32:00,CUST-DT-1431,871.49
2026-08-20 15:34:00,CUST-DT-1432,1024.46
2026-08-20 15:39:00,CUST-DT-1433,1271.61
2026-08-20 15:39:00,CUST-DT-1434,538.61
2026-08-20 15:44:00,CUST-DT-1435,802.04
2026-08-20 15:45:00,CUST-DT-1436,3643.62
2026-08-20 15:49:00,CUST-DT-1437,859.12
2026-08-20 15:51:00,CUST-DT-1438,310.35
2026-08-20 15:56:00,CUST-DT-1439,2816.41
2026-08-20 15:59:00,CUST-DT-1440,4113.66
2026-08-20 16:04:00,CUST-DT-1441,3464.15
2026-08-20 16:03:00,CUST-DT-1442,1167.1
2026-08-20 16:08:00,CUST-DT-1443,4130.67
2026-08-20 16:10:00,CUST-DT-1444,2959.28
2026-08-20 16:13:00,CUST-DT-1445,3220.44
2026-08-20 16:18:00,CUST-DT-1446,4302.9
2026-08-20 16:20:00,CUST-DT-1447,855.66
2026-08-20 16:24:00,CUST-DT-1448,2072.25
2026-08-20 16:25:00,CUST-DT-1449,866.44
2026-08-20 16:29:00,CUST-DT-1450,1304.01
2026-08-20 16:30:00,CUST-DT-1451,1085.51
2026-08-20 16:36:00,CUST-DT-1452,2833.0
2026-08-20 16:39:00,CUST-DT-1453,2571.94
2026-08-20 16:43:00,CUST-DT-1454,657.02
2026-08-20 16:43:00,CUST-DT-1455,324.12
2026-08-20 16:47:00,CUST-DT-1456,592.37
2026-08-20 16:52:00,CUST-DT-1457,773.88
2026-08-20 16:51:00,CUST-DT-1458,594.97
2026-08-20 16:57:00,CUST-DT-1459,161.42
2026-08-20 17:00:00,CUST-DT-1460,1790.86
2026-08-20 17:04:00,CUST-DT-1461,601.4
2026-08-20 17:04:00,CUST-DT-1462,546.4
2026-08-20 17:06:00,CUST-DT-1463,3665.56
2026-08-20 17:10:00,CUST-DT-1464,750.75
2026-08-20 17:12:00,CUST-DT-1465,2081.32
2026-08-20 17:15:00,CUST-DT-1466,1556.5
2026-08-20 17:22:00,CUST-DT-1467,3190.09
2026-08-20 17:23:00,CUST-DT-1468,1118.04
2026-08-20 17:27:00,CUST-DT-1469,2451.84
2026-08-20 17:31:00,CUST-DT-1470,3526.38
2026-08-20 17:33:00,CUST-DT-1471,927.7
2026-08-20 17:35:00,CUST-DT-1472,2779.7
2026-08-20 17:38:00,CUST-DT-1473,2063.56
2026-08-20 17:40:00,CUST-DT-1474,3641.41
2026-08-20 17:44:00,CUST-DT-1475,678.37
2026-08-20 17:48:00,CUST-DT-1476,263.28
2026-08-20 17:48:00,CUST-DT-1477,1428.27
2026-08-20 17:54:00,CUST-DT-1478,3722.37
2026-08-20 17:58:00,CUST-DT-1479,1964.27
2026-08-20 18:01:00,CUST-DT-1480,877.34
2026-08-20 18:00:00,CUST-DT-1481,3702.98
2026-08-20 18:04:00,CUST-DT-1482,2500.05
2026-08-20 18:09:00,CUST-DT-1483,113.44
2026-08-20 18:12:00,CUST-DT-1484,198.36
2026-08-20 18:13:00,CUST-DT-1485,735.4
2026-08-20 18:18:00,CUST-DT-1486,1752.23
2026-08-20 18:18:00,CUST-DT-1487,578.47
2026-08-20 18:24:00,CUST-DT-1488,3043.31
2026-08-20 18:25:00,CUST-DT-1489,1908.01
2026-08-20 18:27:00,CUST-DT-1490,3329.67
2026-08-20 18:32:00,CUST-DT-1491,698.42
2026-08-20 18:35:00,CUST-DT-1492,3517.61
2026-08-20 18:40:00,CUST-DT-1493,673.74
2026-08-20 18:40:00,CUST-DT-1494,3733.74
2026-08-20 18:46:00,CUST-DT-1495,784.15
2026-08-20 18:46:00,CUST-DT-1496,1960.97
2026-08-20 18:50:00,CUST-DT-1497,2160.5
2026-08-20 18:51:00,CUST-DT-1498,113.13
2026-08-20 18:55:00,CUST-DT-1499,3381.54
2026-08-20 19:00:00,CUST-DT-1500,2894.98
2026-08-20 19:01:00,CUST-DT-1501,1208.76
2026-08-20 19:07:00,CUST-DT-1502,997.51
2026-08-20 19:06:00,CUST-DT-1503,710.2
2026-08-20 19:13:00,CUST-DT-1504,2849.92
2026-08-20 19:14:00,CUST-DT-1505,2546.47
2026-08-20 19:19:00,CUST-DT-1506,1245.33
2026-08-20 19:18:00,CUST-DT-1507,2121.77
2026-08-20 19:22:00,CUST-DT-1508,1344.5
2026-08-20 19:25:00,CUST-DT-1509,897.77
2026-08-20 19:30:00,CUST-DT-1510,3516.19
2026-08-20 19:33:00,CUST-DT-1511,294.94
2026-08-20 19:34:00,CUST-DT-1512,2455.19
2026-08-20 19:39:00,CUST-DT-1513,3934.48
2026-08-20 19:41:00,CUST-DT-1514,264.41
2026-08-20 19:43:00,CUST-DT-1515,4260.64
2026-08-20 19:45:00,CUST-DT-1516,1226.59
2026-08-20 19:51:00,CUST-DT-1517,4255.45
2026-08-20 19:53:00,CUST-DT-1518,839.3
2026-08-20 19:57:00,CUST-DT-1519,1930.24
2026-08-20 20:01:00,CUST-DT-1520,967.96
2026-08-20 20:02:00,CUST-DT-1521,1503.27
2026-08-20 20:07:00,CUST-DT-1522,1334.32
2026-08-20 20:10:00,CUST-DT-1523,1345.32
2026-08-20 20:09:00,CUST-DT-1524,2369.51
2026-08-20 20:15:00,CUST-DT-1525,3392.81
2026-08-20 20:15:00,CUST-DT-1526,708.44
2026-08-20 20:21:00,CUST-DT-1527,1929.66
2026-08-20 20:23:00,CUST-DT-1528,3444.1
2026-08-20 20:25:00,CUST-DT-1529,53.28
2026-08-20 20:28:00,CUST-DT-1530,834.34
2026-08-20 20:31:00,CUST-DT-1531,1179.07
2026-08-20 20:34:00,CUST-DT-1532,2655.9
2026-08-20 20:37:00,CUST-DT-1533,2756.48
2026-08-20 20:39:00,CUST-DT-1534,3335.24
2026-08-20 20:46:00,CUST-DT-1535,3657.38
2026-08-20 20:48:00,CUST-DT-1536,2179.77
2026-08-20 20:52:00,CUST-DT-1537,2672.24
2026-08-20 20:55:00,CUST-DT-1538,2011.54
2026-08-20 20:56:00,CUST-DT-1539,1135.82
2026-08-20 21:00:00,CUST-DT-1540,302.79
2026-08-20 21:00:00,CUST-DT-1541,3311.59
2026-08-20 21:07:00,CUST-DT-1542,2757.34
2026-08-20 21:10:00,CUST-DT-1543,673.95
2026-08-20 21:13:00,CUST-DT-1544,3984.22
2026-08-20 21:14:00,CUST-DT-1545,1299.42
2026-08-20 21:15:00,CUST-DT-1546,1551.66
2026-08-20 21:22:00,CUST-DT-1547,3993.73
2026-08-20 21:23:00,CUST-DT-1548,967.02
2026-08-20 21:27:00,CUST-DT-1549,1336.41
2026-08-20 21:31:00,CUST-DT-1550,722.84
2026-08-20 21:32:00,CUST-DT-1551,3513.48
2026-08-20 21:35:00,CUST-DT-1552,2641.09
2026-08-20 21:40:00,CUST-DT-1553,3652.07
2026-08-20 21:40:00,CUST-DT-1554,2027.65
2026-08-20 21:42:00,CUST-DT-1555,1360.64
2026-08-20 21:49:00,CUST-DT-1556,1470.92
2026-08-20 21:51:00,CUST-DT-1557,3432.74
2026-08-20 21:55:00,CUST-DT-1558,2828.16
2026-08-20 21:55:00,CUST-DT-1559,1443.02
2026-08-20 21:58:00,CUST-DT-1560,1414.62
2026-08-20 22:00:00,CUST-DT-1561,702.9
2026-08-20 22:06:00,CUST-DT-1562,3647.88
2026-08-20 22:06:00,CUST-DT-1563,3000.02
2026-08-20 22:12:00,CUST-DT-1564,2509.92
2026-08-20 22:12:00,CUST-DT-1565,3091.77
2026-08-20 22:18:00,CUST-DT-1566,2064.11
2026-08-20 22:22:00,CUST-DT-1567,2992.1
2026-08-20 22:21:00,CUST-DT-1568,4184.94
2026-08-20 22:28:00,CUST-DT-1569,389.83
2026-08-20 22:29:00,CUST-DT-1570,106.76
2026-08-20 22:32:00,CUST-DT-1571,1000.14
2026-08-20 22:35:00,CUST-DT-1572,4414.26
2026-08-20 22:39:00,CUST-DT-1573,1063.53
2026-08-20 22:41:00,CUST-DT-1574,464.7
2026-08-20 22:45:00,CUST-DT-1575,2485.16
2026-08-20 22:49:00,CUST-DT-1576,2772.27
2026-08-20 22:48:00,CUST-DT-1577,2447.18
2026-08-20 22:51:00,CUST-DT-1578,2097.03
2026-08-20 22:54:00,CUST-DT-1579,684.65
2026-08-20 23:00:00,CUST-DT-1580,3112.21
2026-08-20 23:04:00,CUST-DT-1581,3095.18
2026-08-20 23:04:00,CUST-DT-1582,2198.24
2026-08-20 23:07:00,CUST-DT-1583,2389.53
2026-08-20 23:10:00,CUST-DT-1584,749.07
2026-08-20 23:16:00,CUST-DT-1585,1066.83
2026-08-20 23:19:00,CUST-DT-1586,443.8
2026-08-20 23:21:00,CUST-DT-1587,4174.43
2026-08-20 23:25:00,CUST-DT-1588,745.64
2026-08-20 23:27:00,CUST-DT-1589,3322.73
2026-08-20 23:28:00,CUST-DT-1590,2908.12
2026-08-20 23:31:00,CUST-DT-1591,4490.96
2026-08-20 23:35:00,CUST-DT-1592,2590.68
2026-08-20 23:39:00,CUST-DT-1593,4021.68
2026-08-20 23:41:00,CUST-DT-1594,1471.24
2026-08-20 23:46:00,CUST-DT-1595,1067.7
2026-08-20 23:45:00,CUST-DT-1596,4093.66
2026-08-20 23:48:00,CUST-DT-1597,3865.25
2026-08-20 23:51:00,CUST-DT-1598,2233.16
2026-08-20 23:56:00,CUST-DT-1599,3539.11
2026-08-21 00:00:00,CUST-DT-1600,2690.05
2026-08-21 00:01:00,CUST-DT-1601,2943.45
2026-08-21 00:05:00,CUST-DT-1602,891.59
2026-08-21 00:08:00,CUST-DT-1603,94.69
2026-08-21 00:12:00,CUST-DT-1604,1609.52
2026-08-21 00:14:00,CUST-DT-1605,1899.36
2026-08-21 00:16:00,CUST-DT-1606,2791.53
2026-08-21 00:19:00,CUST-DT-1607,1909.3
2026-08-21 00:21:00,CUST-DT-1608,3289.41
2026-08-21 00:26:00,CUST-DT-1609,173.16
2026-08-21 00:31:00,CUST-DT-1610,3511.08
2026-08-21 00:34:00,CUST-DT-1611,2052.95
2026-08-21 00:33:00,CUST-DT-1612,3349.44
2026-08-21 00:37:00,CUST-DT-1613,1360.34
2026-08-21 00:43:00,CUST-DT-1614,1986.42
2026-08-21 00:45:00,CUST-DT-1615,3153.73
2026-08-21 00:46:00,CUST-DT-1616,2018.52
2026-08-21 00:51:00,CUST-DT-1617,1767.89
2026-08-21 00:51:00,CUST-DT-1618,3462.68
2026-08-21 00:57:00,CUST-DT-1619,2345.1
2026-08-21 01:00:00,CUST-DT-1620,2930.26
2026-08-21 01:02:00,CUST-DT-1621,503.98
2026-08-21 01:05:00,CUST-DT-1622,3899.27
2026-08-21 01:06:00,CUST-DT-1623,4233.52
2026-08-21 01:09:00,CUST-DT-1624,3172.36
2026-08-21 01:13:00,CUST-DT-1625,1098.74
2026-08-21 01:19:00,CUST-DT-1626,1066.53
2026-08-21 01:21:00,CUST-DT-1627,4480.25
2026-08-21 01:25:00,CUST-DT-1628,1586.45
2026-08-21 01:25:00,CUST-DT-1629,4090.0
2026-08-21 01:28:00,CUST-DT-1630,4236.08
2026-08-21 01:30:00,CUST-DT-1631,2179.46
2026-08-21 01:37:00,CUST-DT-1632,2911.0
2026-08-21 01:40:00,CUST-DT-1633,3598.9
2026-08-21 01:39:00,CUST-DT-1634,2463.0
2026-08-21 01:43:00,CUST-DT-1635,4338.46
2026-08-21 01:47:00,CUST-DT-1636,2203.81
2026-08-21 01:52:00,CUST-DT-1637,2944.79
2026-08-21 01:55:00,CUST-DT-1638,861.72
2026-08-21 01:54:00,CUST-DT-1639,587.13
2026-08-21 02:01:00,CUST-DT-1640,4055.25
2026-08-21 02:01:00,CUST-DT-1641,327.45
2026-08-21 02:04:00,CUST-DT-1642,107.5
2026-08-21 02:10:00,CUST-DT-1643,1390.23
2026-08-21 02:12:00,CUST-DT-1644,370.24
2026-08-21 02:15:00,CUST-DT-1645,281.04
2026-08-21 02:15:00,CUST-DT-1646,566.79
2026-08-21 02:20:00,CUST-DT-1647,1986.68
2026-08-21 02:23:00,CUST-DT-1648,3770.46
2026-08-21 02:24:00,CUST-DT-1649,430.84
2026-08-21 02:30:00,CUST-DT-1650,4322.18
2026-08-21 02:31:00,CUST-DT-1651,3522.38
2026-08-21 02:34:00,CUST-DT-1652,4266.17
2026-08-21 02:40:00,CUST-DT-1653,1958.09
2026-08-21 02:42:00,CUST-DT-1654,1928.11
2026-08-21 02:43:00,CUST-DT-1655,3623.65
2026-08-21 02:45:00,CUST-DT-1656,2081.05
2026-08-21 02:52:00,CUST-DT-1657,3914.34
2026-08-21 02:54:00,CUST-DT-1658,727.11
2026-08-21 02:55:00,CUST-DT-1659,4420.06
2026-08-21 03:01:00,CUST-DT-1660,766.83
2026-08-21 03:00:00,CUST-DT-1661,1187.97
2026-08-21 03:04:00,CUST-DT-1662,3939.05
2026-08-21 03:10:00,CUST-DT-1663,1646.7
2026-08-21 03:09:00,CUST-DT-1664,569.66
2026-08-21 03:16:00,CUST-DT-1665,4383.21
2026-08-21 03:18:00,CUST-DT-1666,1610.63
2026-08-21 03:19:00,CUST-DT-1667,907.83
2026-08-21 03:23:00,CUST-DT-1668,3216.17
2026-08-21 03:28:00,CUST-DT-1669,2141.7
2026-08-21 03:31:00,CUST-DT-1670,1895.16
2026-08-21 03:32:00,CUST-DT-1671,976.55
2026-08-21 03:36:00,CUST-DT-1672,4239.98
2026-08-21 03:38:00,CUST-DT-1673,2058.56
2026-08-21 03:42:00,CUST-DT-1674,4049.4
2026-08-21 03:46:00,CUST-DT-1675,2561.9
2026-08-21 03:48:00,CUST-DT-1676,1858.04
2026-08-21 03:51:00,CUST-DT-1677,2701.68
2026-08-21 03:54:00,CUST-DT-1678,1597.05
2026-08-21 03:54:00,CUST-DT-1679,694.22
2026-08-21 03:57:00,CUST-DT-1680,3046.2
2026-08-21 04:00:00,CUST-DT-1681,2768.59
2026-08-21 04:03:00,CUST-DT-1682,2398.08
2026-08-21 04:07:00,CUST-DT-1683,4384.2
2026-08-21 04:13:00,CUST-DT-1684,808.62
2026-08-21 04:14:00,CUST-DT-1685,1958.3
2026-08-21 04:19:00,CUST-DT-1686,1515.5
2026-08-21 04:18:00,CUST-DT-1687,2941.78
2026-08-21 04:23:00,CUST-DT-1688,2635.42
2026-08-21 04:25:00,CUST-DT-1689,3906.96
2026-08-21 04:27:00,CUST-DT-1690,3464.99
2026-08-21 04:33:00,CUST-DT-1691,3922.41
2026-08-21 04:33:00,CUST-DT-1692,2706.64
2026-08-21 04:38:00,CUST-DT-1693,2413.5
2026-08-21 04:43:00,CUST-DT-1694,2842.15
2026-08-21 04:44:00,CUST-DT-1695,1841.6
2026-08-21 04:49:00,CUST-DT-1696,4421.1
2026-08-21 04:49:00,CUST-DT-1697,4383.38
2026-08-21 04:53:00,CUST-DT-1698,3495.89
2026-08-21 04:56:00,CUST-DT-1699,1207.2
2026-08-21 05:00:00,CUST-DT-1700,2947.96
2026-08-21 05:01:00,CUST-DT-1701,3290.04
2026-08-21 05:06:00,CUST-DT-1702,1446.1
2026-08-21 05:08:00,CUST-DT-1703,2561.38
2026-08-21 05:09:00,CUST-DT-1704,271.74
2026-08-21 05:12:00,CUST-DT-1705,3114.12
2026-08-21 05:17:00,CUST-DT-1706,1820.52
2026-08-21 05:19:00,CUST-DT-1707,3082.69
2026-08-21 05:24:00,CUST-DT-1708,4046.92
2026-08-21 05:24:00,CUST-DT-1709,3444.25
2026-08-21 05:31:00,CUST-DT-1710,3202.71
2026-08-21 05:33:00,CUST-DT-1711,3393.96
2026-08-21 05:36:00,CUST-DT-1712,2496.4
2026-08-21 05:36:00,CUST-DT-1713,2163.79
2026-08-21 05:41:00,CUST-DT-1714,2063.86
2026-08-21 05:43:00,CUST-DT-1715,4175.77
2026-08-21 05:46:00,CUST-DT-1716,1630.66
2026-08-21 05:51:00,CUST-DT-1717,3263.47
2026-08-21 05:55:00,CUST-DT-1718,1666.65
2026-08-21 05:54:00,CUST-DT-1719,3957.47
2026-08-21 05:58:00,CUST-DT-1720,3405.57
2026-08-21 06:04:00,CUST-DT-1721,1852.12
2026-08-21 06:06:00,CUST-DT-1722,4453.58
2026-08-21 06:07:00,CUST-DT-1723,1212.55
2026-08-21 06:09:00,CUST-DT-1724,142.02
2026-08-21 06:12:00,CUST-DT-1725,1915.69
2026-08-21 06:15:00,CUST-DT-1726,2090.81
2026-08-21 06:18:00,CUST-DT-1727,392.73
2026-08-21 06:23:00,CUST-DT-1728,2195.0
2026-08-21 06:25:00,CUST-DT-1729,2560.04
2026-08-21 06:27:00,CUST-DT-1730,1836.11
2026-08-21 06:30:00,CUST-DT-1731,2031.76
2026-08-21 06:35:00,CUST-DT-1732,1498.06
2026-08-21 06:39:00,CUST-DT-1733,3019.27
2026-08-21 06:41:00,CUST-DT-1734,702.04
2026-08-21 06:42:00,CUST-DT-1735,888.3
2026-08-21 06:45:00,CUST-DT-1736,2954.64
2026-08-21 06:50:00,CUST-DT-1737,2201.17
2026-08-21 06:55:00,CUST-DT-1738,4283.13
2026-08-21 06:58:00,CUST-DT-1739,2598.33
2026-08-21 07:00:00,CUST-DT-1740,2150.34
2026-08-21 07:04:00,CUST-DT-1741,1949.59
2026-08-21 07:05:00,CUST-DT-1742,2550.04
2026-08-21 07:06:00,CUST-DT-1743,402.75
2026-08-21 07:11:00,CUST-DT-1744,3478.45
2026-08-21 07:14:00,CUST-DT-1745,4031.29
2026-08-21 07:18:00,CUST-DT-1746,2330.96
2026-08-21 07:21:00,CUST-DT-1747,4448.97
2026-08-21 07:21:00,CUST-DT-1748,397.29
2026-08-21 07:26:00,CUST-DT-1749,2835.86
2026-08-21 07:28:00,CUST-DT-1750,3760.26
2026-08-21 07:30:00,CUST-DT-1751,1656.61
2026-08-21 07:37:00,CUST-DT-1752,2488.92
2026-08-21 07:39:00,CUST-DT-1753,355.68
2026-08-21 07:42:00,CUST-DT-1754,3574.4
2026-08-21 07:43:00,CUST-DT-1755,2626.42
2026-08-21 07:46:00,CUST-DT-1756,797.81
2026-08-21 07:52:00,CUST-DT-1757,1283.43
2026-08-21 07:54:00,CUST-DT-1758,108.13
2026-08-21 07:58:00,CUST-DT-1759,1577.28
2026-08-21 08:01:00,CUST-DT-1760,930.12
2026-08-21 08:02:00,CUST-DT-1761,2902.14
2026-08-21 08:03:00,CUST-DT-1762,1967.66
2026-08-21 08:10:00,CUST-DT-1763,1495.19
2026-08-21 08:10:00,CUST-DT-1764,2469.34
2026-08-21 08:14:00,CUST-DT-1765,1861.5
2026-08-21 08:18:00,CUST-DT-1766,2861.66
2026-08-21 08:22:00,CUST-DT-1767,3944.83
2026-08-21 08:23:00,CUST-DT-1768,2006.27
2026-08-21 08:28:00,CUST-DT-1769,2931.95
2026-08-21 08:29:00,CUST-DT-1770,3641.42
2026-08-21 08:30:00,CUST-DT-1771,3318.56
2026-08-21 08:33:00,CUST-DT-1772,2077.4
2026-08-21 08:36:00,CUST-DT-1773,914.35
2026-08-21 08:43:00,CUST-DT-1774,1865.25
2026-08-21 08:46:00,CUST-DT-1775,4430.8
2026-08-21 08:49:00,CUST-DT-1776,3735.46
2026-08-21 08:51:00,CUST-DT-1777,3992.56
2026-08-21 08:51:00,CUST-DT-1778,1964.71
2026-08-21 08:58:00,CUST-DT-1779,1941.4
2026-08-21 09:00:00,CUST-DT-1780,2253.93
2026-08-21 09:03:00,CUST-DT-1781,1624.25
2026-08-21 09:04:00,CUST-DT-1782,2304.31
2026-08-21 09:09:00,CUST-DT-1783,1643.39
2026-08-21 09:12:00,CUST-DT-1784,3253.51
2026-08-21 09:14:00,CUST-DT-1785,815.9
2026-08-21 09:15:00,CUST-DT-1786,333.15
2026-08-21 09:21:00,CUST-DT-1787,2912.31
2026-08-21 09:21:00,CUST-DT-1788,582.53
2026-08-21 09:25:00,CUST-DT-1789,657.47
2026-08-21 09:29:00,CUST-DT-1790,4108.75
2026-08-21 09:30:00,CUST-DT-1791,634.68
2026-08-21 09:34:00,CUST-DT-1792,4233.24
2026-08-21 09:40:00,CUST-DT-1793,2896.33
2026-08-21 09:40:00,CUST-DT-1794,2645.31
2026-08-21 09:46:00,CUST-DT-1795,3717.17
2026-08-21 09:46:00,CUST-DT-1796,4384.6
2026-08-21 09:52:00,CUST-DT-1797,1603.92
2026-08-21 09:55:00,CUST-DT-1798,3913.12
2026-08-21 09:57:00,CUST-DT-1799,2793.17
2026-08-21 09:57:00,CUST-DT-1800,705.32
2026-08-21 10:00:00,CUST-DT-1801,487.31
2026-08-21 10:07:00,CUST-DT-1802,220.51
2026-08-21 10:08:00,CUST-DT-1803,2618.39
2026-08-21 10:13:00,CUST-DT-1804,1269.93
2026-08-21 10:13:00,CUST-DT-1805,3447.14
2026-08-21 10:15:00,CUST-DT-1806,2391.67
2026-08-21 10:20:00,CUST-DT-1807,471.5
2026-08-21 10:24:00,CUST-DT-1808,3961.45
2026-08-21 10:26:00,CUST-DT-1809,3961.26
2026-08-21 10:27:00,CUST-DT-1810,3195.63
2026-08-21 10:33:00,CUST-DT-1811,1416.05
2026-08-21 10:37:00,CUST-DT-1812,2239.95
2026-08-21 10:38:00,CUST-DT-1813,2832.2
2026-08-21 10:39:00,CUST-DT-1814,3451.9
2026-08-21 10:46:00,CUST-DT-1815,2772.83
2026-08-21 10:49:00,CUST-DT-1816,52.98
2026-08-21 10:51:00,CUST-DT-1817,1997.43
2026-08-21 10:51:00,CUST-DT-1818,4299.27
2026-08-21 10:58:00,CUST-DT-1819,2629.13
2026-08-21 10:57:00,CUST-DT-1820,250.73
2026-08-21 11:03:00,CUST-DT-1821,2923.32
2026-08-21 11:04:00,CUST-DT-1822,3654.41
2026-08-21 11:08:00,CUST-DT-1823,4343.34
2026-08-21 11:13:00,CUST-DT-1824,3599.32
2026-08-21 11:14:00,CUST-DT-1825,3598.94
2026-08-21 11:18:00,CUST-DT-1826,926.17
2026-08-21 11:19:00,CUST-DT-1827,2793.65
2026-08-21 11:24:00,CUST-DT-1828,3193.52
2026-08-21 11:25:00,CUST-DT-1829,1045.95
2026-08-21 11:28:00,CUST-DT-1830,672.45
2026-08-21 11:34:00,CUST-DT-1831,1334.58
2026-08-21 11:36:00,CUST-DT-1832,749.17
2026-08-21 11:38:00,CUST-DT-1833,3021.58
2026-08-21 11:42:00,CUST-DT-1834,1921.56
2026-08-21 11:45:00,CUST-DT-1835,415.68
2026-08-21 11:46:00,CUST-DT-1836,380.95
2026-08-21 11:48:00,CUST-DT-1837,4442.83
2026-08-21 11:53:00,CUST-DT-1838,482.53
2026-08-21 11:58:00,CUST-DT-1839,661.83
2026-08-21 11:59:00,CUST-DT-1840,266.96
2026-08-21 12:02:00,CUST-DT-1841,2329.16
2026-08-21 12:04:00,CUST-DT-1842,3531.84
2026-08-21 12:08:00,CUST-DT-1843,3689.35
2026-08-21 12:13:00,CUST-DT-1844,1865.53
2026-08-21 12:13:00,CUST-DT-1845,3312.14
2026-08-21 12:18:00,CUST-DT-1846,4320.51
2026-08-21 12:19:00,CUST-DT-1847,3700.65
2026-08-21 12:21:00,CUST-DT-1848,3233.17
2026-08-21 12:24:00,CUST-DT-1849,3480.12
2026-08-21 12:28:00,CUST-DT-1850,3253.48
2026-08-21 12:31:00,CUST-DT-1851,2641.45
2026-08-21 12:35:00,CUST-DT-1852,1319.49
2026-08-21 12:39:00,CUST-DT-1853,4253.09
2026-08-21 12:43:00,CUST-DT-1854,671.97
2026-08-21 12:42:00,CUST-DT-1855,899.14
2026-08-21 12:47:00,CUST-DT-1856,2480.59
2026-08-21 12:50:00,CUST-DT-1857,1260.75
2026-08-21 12:53:00,CUST-DT-1858,699.81
2026-08-21 12:57:00,CUST-DT-1859,2838.33
2026-08-21 13:01:00,CUST-DT-1860,669.58
2026-08-21 13:03:00,CUST-DT-1861,2113.48
2026-08-21 13:06:00,CUST-DT-1862,1813.82
2026-08-21 13:08:00,CUST-DT-1863,304.28
2026-08-21 13:13:00,CUST-DT-1864,1929.79
2026-08-21 13:16:00,CUST-DT-1865,2367.49
2026-08-21 13:16:00,CUST-DT-1866,1706.18
2026-08-21 13:21:00,CUST-DT-1867,797.33
2026-08-21 13:24:00,CUST-DT-1868,3210.77
2026-08-21 13:28:00,CUST-DT-1869,4051.32
2026-08-21 13:31:00,CUST-DT-1870,3425.63
2026-08-21 13:33:00,CUST-DT-1871,3651.04
2026-08-21 13:34:00,CUST-DT-1872,1173.79
2026-08-21 13:40:00,CUST-DT-1873,2663.8
2026-08-21 13:43:00,CUST-DT-1874,1224.78
2026-08-21 13:44:00,CUST-DT-1875,2350.59
2026-08-21 13:49:00,CUST-DT-1876,777.68
2026-08-21 13:51:00,CUST-DT-1877,2730.9
2026-08-21 13:52:00,CUST-DT-1878,1417.1
2026-08-21 13:57:00,CUST-DT-1879,2113.54
2026-08-21 13:57:00,CUST-DT-1880,1130.53
2026-08-21 14:02:00,CUST-DT-1881,2492.02
2026-08-21 14:07:00,CUST-DT-1882,2364.52
2026-08-21 14:09:00,CUST-DT-1883,1573.49
2026-08-21 14:10:00,CUST-DT-1884,1439.72
2026-08-21 14:12:00,CUST-DT-1885,424.51
2026-08-21 14:17:00,CUST-DT-1886,1407.11
2026-08-21 14:19:00,CUST-DT-1887,1921.36
2026-08-21 14:25:00,CUST-DT-1888,3056.63
2026-08-21 14:24:00,CUST-DT-1889,219.67
2026-08-21 14:28:00,CUST-DT-1890,346.57
2026-08-21 14:34:00,CUST-DT-1891,2398.31
2026-08-21 14:33:00,CUST-DT-1892,1384.79
2026-08-21 14:37:00,CUST-DT-1893,283.07
2026-08-21 14:41:00,CUST-DT-1894,4072.21
2026-08-21 14:43:00,CUST-DT-1895,1323.76
2026-08-21 14:47:00,CUST-DT-1896,1556.16
2026-08-21 14:49:00,CUST-DT-1897,2888.48
2026-08-21 14:55:00,CUST-DT-1898,261.78
2026-08-21 14:56:00,CUST-DT-1899,3180.64
2026-08-21 14:57:00,CUST-DT-1900,1743.82
2026-08-21 15:04:00,CUST-DT-1901,4321.55
2026-08-21 15:06:00,CUST-DT-1902,2039.37
2026-08-21 15:09:00,CUST-DT-1903,3392.51
2026-08-21 15:11:00,CUST-DT-1904,692.6
2026-08-21 15:14:00,CUST-DT-1905,1221.25
2026-08-21 15:16:00,CUST-DT-1906,4168.09
2026-08-21 15:22:00,CUST-DT-1907,3269.4
2026-08-21 15:22:00,CUST-DT-1908,2175.74
2026-08-21 15:25:00,CUST-DT-1909,2931.74
2026-08-21 15:27:00,CUST-DT-1910,2779.64
2026-08-21 15:34:00,CUST-DT-1911,3368.2
2026-08-21 15:33:00,CUST-DT-1912,522.45
2026-08-21 15:40:00,CUST-DT-1913,196.94
2026-08-21 15:43:00,CUST-DT-1914,214.56
2026-08-21 15:45:00,CUST-DT-1915,3695.46
2026-08-21 15:49:00,CUST-DT-1916,2567.04
2026-08-21 15:49:00,CUST-DT-1917,2561.33
2026-08-21 15:54:00,CUST-DT-1918,710.67
2026-08-21 15:58:00,CUST-DT-1919,2273.89
2026-08-21 16:01:00,CUST-DT-1920,1490.58
2026-08-21 16:00:00,CUST-DT-1921,1508.27
2026-08-21 16:04:00,CUST-DT-1922,3582.5
2026-08-21 16:08:00,CUST-DT-1923,2747.98
2026-08-21 16:11:00,CUST-DT-1924,1118.4
2026-08-21 16:14:00,CUST-DT-1925,2611.5
2026-08-21 16:15:00,CUST-DT-1926,1337.49
2026-08-21 16:19:00,CUST-DT-1927,3189.86
2026-08-21 16:25:00,CUST-DT-1928,571.33
2026-08-21 16:25:00,CUST-DT-1929,3417.67
2026-08-21 16:27:00,CUST-DT-1930,3234.39
2026-08-21 16:30:00,CUST-DT-1931,2486.0
2026-08-21 16:35:00,CUST-DT-1932,3264.47
2026-08-21 16:37:00,CUST-DT-1933,428.4
2026-08-21 16:39:00,CUST-DT-1934,77.64
2026-08-21 16:46:00,CUST-DT-1935,1905.57
2026-08-21 16:48:00,CUST-DT-1936,3821.34
2026-08-21 16:48:00,CUST-DT-1937,2996.55
2026-08-21 16:55:00,CUST-DT-1938,3218.89
2026-08-21 16:54:00,CUST-DT-1939,3975.65
2026-08-21 16:59:00,CUST-DT-1940,4301.41
2026-08-21 17:03:00,CUST-DT-1941,4135.75
2026-08-21 17:07:00,CUST-DT-1942,411.78
2026-08-21 17:10:00,CUST-DT-1943,420.36
2026-08-21 17:09:00,CUST-DT-1944,413.59
2026-08-21 17:14:00,CUST-DT-1945,3287.12
2026-08-21 17:15:00,CUST-DT-1946,580.94
2026-08-21 17:20:00,CUST-DT-1947,221.22
2026-08-21 17:24:00,CUST-DT-1948,3390.22
2026-08-21 17:24:00,CUST-DT-1949,4152.42
2026-08-21 17:31:00,CUST-DT-1950,137.98
2026-08-21 17:34:00,CUST-DT-1951,3689.26
2026-08-21 17:36:00,CUST-DT-1952,2173.18
2026-08-21 17:36:00,CUST-DT-1953,1685.18
2026-08-21 17:40:00,CUST-DT-1954,3147.62
2026-08-21 17:42:00,CUST-DT-1955,4280.33
2026-08-21 17:49:00,CUST-DT-1956,3499.56
2026-08-21 17:50:00,CUST-DT-1957,2090.98
2026-08-21 17:51:00,CUST-DT-1958,3747.25
2026-08-21 17:55:00,CUST-DT-1959,2956.6
2026-08-21 18:01:00,CUST-DT-1960,4016.77
2026-08-21 18:02:00,CUST-DT-1961,2980.44
2026-08-21 18:05:00,CUST-DT-1962,972.19
2026-08-21 18:06:00,CUST-DT-1963,2784.83
2026-08-21 18:12:00,CUST-DT-1964,1359.24
2026-08-21 18:14:00,CUST-DT-1965,593.55
2026-08-21 18:16:00,CUST-DT-1966,296.83
2026-08-21 18:22:00,CUST-DT-1967,2488.36
2026-08-21 18:25:00,CUST-DT-1968,168.2
2026-08-21 18:25:00,CUST-DT-1969,1958.34
2026-08-21 18:31:00,CUST-DT-1970,1677.35
2026-08-21 18:34:00,CUST-DT-1971,907.89
2026-08-21 18:35:00,CUST-DT-1972,2702.56
2026-08-21 18:37:00,CUST-DT-1973,2802.01
2026-08-21 18:43:00,CUST-DT-1974,2817.67
2026-08-21 18:43:00,CUST-DT-1975,3683.6
2026-08-21 18:48:00,CUST-DT-1976,1244.15
2026-08-21 18:48:00,CUST-DT-1977,4451.32
2026-08-21 18:53:00,CUST-DT-1978,4054.59
2026-08-21 18:54:00,CUST-DT-1979,2076.93
2026-08-21 18:59:00,CUST-DT-1980,1015.69
2026-08-21 19:02:00,CUST-DT-1981,2631.68
2026-08-21 19:06:00,CUST-DT-1982,659.75
2026-08-21 19:09:00,CUST-DT-1983,2539.47
2026-08-21 19:09:00,CUST-DT-1984,3807.83
2026-08-21 19:13:00,CUST-DT-1985,4128.04
2026-08-21 19:19:00,CUST-DT-1986,937.15
2026-08-21 19:20:00,CUST-DT-1987,2152.55
2026-08-21 19:21:00,CUST-DT-1988,4357.31
2026-08-21 19:24:00,CUST-DT-1989,840.18
2026-08-21 19:31:00,CUST-DT-1990,1525.85
2026-08-21 19:31:00,CUST-DT-1991,897.16
2026-08-21 19:33:00,CUST-DT-1992,3049.42
2026-08-21 19:39:00,CUST-DT-1993,3806.1
2026-08-21 19:40:00,CUST-DT-1994,966.99
2026-08-21 19:45:00,CUST-DT-1995,3557.94
2026-08-21 19:46:00,CUST-DT-1996,1685.98
2026-08-21 19:51:00,CUST-DT-1997,898.93
2026-08-21 19:54:00,CUST-DT-1998,2966.47
2026-08-21 19:55:00,CUST-DT-1999,2930.36
2026-08-21 19:59:00,CUST-DT-2000,4434.15
