order_id,customer_id,order_date,amount,warehouse_id
ORD-00001,CUST-JOIN-0001,2026-08-01,4104.13,WH-NEWYORK
ORD-00002,CUST-JOIN-0002,2026-08-01,6811.67,WH-MIAMI
ORD-00003,CUST-JOIN-0003,2026-08-01,6304.8,WH-MIAMI
ORD-00004,CUST-JOIN-0004,2026-08-01,3152.59,WH-CHICAGO
ORD-00005,CUST-JOIN-0005,2026-08-01,7505.08,WH-CHICAGO
ORD-00006,CUST-JOIN-0006,2026-08-01,5183.18,WH-MIAMI
ORD-00007,CUST-JOIN-0007,2026-08-01,453.04,WH-NEWYORK
ORD-00008,CUST-JOIN-0008,2026-08-01,6595.56,WH-DETROIT
ORD-00009,CUST-JOIN-0009,2026-08-01,2105.37,WH-MIAMI
ORD-00010,CUST-JOIN-0010,2026-08-01,1833.25,WH-MIAMI
ORD-00011,CUST-JOIN-0011,2026-08-01,1195.85,WH-CHICAGO
ORD-00012,CUST-JOIN-0012,2026-08-01,1083.98,WH-NEWYORK
ORD-00013,CUST-JOIN-0013,2026-08-01,1705.44,WH-MIAMI
ORD-00014,CUST-JOIN-0014,2026-08-01,2222.33,WH-DETROIT
ORD-00015,CUST-JOIN-0015,2026-08-01,2513.61,WH-CHICAGO
ORD-00016,CUST-JOIN-0016,2026-08-01,6353.49,WH-MIAMI
ORD-00017,CUST-JOIN-0017,2026-08-01,2811.59,WH-NEWYORK
ORD-00018,CUST-JOIN-0018,2026-08-01,4404.04,WH-NEWYORK
ORD-00019,CUST-JOIN-0019,2026-08-01,7970.47,WH-NEWYORK
ORD-00020,CUST-JOIN-0020,2026-08-01,3758.36,WH-NEWYORK
ORD-00021,CUST-JOIN-0021,2026-08-01,5613.99,WH-CHICAGO
ORD-00022,CUST-JOIN-0022,2026-08-01,5622.22,WH-MIAMI
ORD-00023,CUST-JOIN-0023,2026-08-01,4537.31,WH-DETROIT
ORD-00024,CUST-JOIN-0024,2026-08-01,7219.32,WH-MIAMI
ORD-00025,CUST-JOIN-0025,2026-08-02,6029.47,WH-CHICAGO
ORD-00026,CUST-JOIN-0026,2026-08-02,5785.39,WH-NEWYORK
ORD-00027,CUST-JOIN-0027,2026-08-02,1013.11,WH-NEWYORK
ORD-00028,CUST-JOIN-0028,2026-08-02,6181.01,WH-MIAMI
ORD-00029,CUST-JOIN-0029,2026-08-02,2913.39,WH-MIAMI
ORD-00030,CUST-JOIN-0030,2026-08-02,4073.49,WH-CHICAGO
ORD-00031,CUST-JOIN-0031,2026-08-02,6008.23,WH-MIAMI
ORD-00032,CUST-JOIN-0032,2026-08-02,2635.55,WH-CHICAGO
ORD-00033,CUST-JOIN-0033,2026-08-02,3653.43,WH-CHICAGO
ORD-00034,CUST-JOIN-0034,2026-08-02,6766.02,WH-CHICAGO
ORD-00035,CUST-JOIN-0035,2026-08-02,6868.92,WH-NEWYORK
ORD-00036,CUST-JOIN-0036,2026-08-02,5201.11,WH-MIAMI
ORD-00037,CUST-JOIN-0037,2026-08-02,2088.2,WH-MIAMI
ORD-00038,CUST-JOIN-0038,2026-08-02,5811.44,WH-MIAMI
ORD-00039,CUST-JOIN-0039,2026-08-02,5317.42,WH-DETROIT
ORD-00040,CUST-JOIN-0040,2026-08-02,6843.88,WH-CHICAGO
ORD-00041,CUST-JOIN-0041,2026-08-02,3465.61,WH-NEWYORK
ORD-00042,CUST-JOIN-0042,2026-08-02,2430.79,WH-CHICAGO
ORD-00043,CUST-JOIN-0043,2026-08-02,2342.23,WH-CHICAGO
ORD-00044,CUST-JOIN-0044,2026-08-02,2822.05,WH-NEWYORK
ORD-00045,CUST-JOIN-0045,2026-08-02,2522.86,WH-MIAMI
ORD-00046,CUST-JOIN-0046,2026-08-02,374.01,WH-MIAMI
ORD-00047,CUST-JOIN-0047,2026-08-02,7442.47,WH-CHICAGO
ORD-00048,CUST-JOIN-0048,2026-08-02,5889.08,WH-NEWYORK
ORD-00049,CUST-JOIN-0049,2026-08-03,2050.68,WH-DETROIT
ORD-00050,CUST-JOIN-0050,2026-08-03,2688.95,WH-DETROIT
ORD-00051,CUST-JOIN-0051,2026-08-03,2347.47,WH-CHICAGO
ORD-00052,CUST-JOIN-0052,2026-08-03,7782.3,WH-MIAMI
ORD-00053,CUST-JOIN-0053,2026-08-03,6952.25,WH-CHICAGO
ORD-00054,CUST-JOIN-0054,2026-08-03,4303.83,WH-NEWYORK
ORD-00055,CUST-JOIN-0055,2026-08-03,1334.06,WH-DETROIT
ORD-00056,CUST-JOIN-0056,2026-08-03,6838.22,WH-DETROIT
ORD-00057,CUST-JOIN-0057,2026-08-03,2149.84,WH-MIAMI
ORD-00058,CUST-JOIN-0058,2026-08-03,342.51,WH-NEWYORK
ORD-00059,CUST-JOIN-0059,2026-08-03,3050.04,WH-CHICAGO
ORD-00060,CUST-JOIN-0060,2026-08-03,5034.22,WH-CHICAGO
ORD-00061,CUST-JOIN-0061,2026-08-03,6124.6,WH-NEWYORK
ORD-00062,CUST-JOIN-0062,2026-08-03,1477.7,WH-NEWYORK
ORD-00063,CUST-JOIN-0063,2026-08-03,5156.31,WH-NEWYORK
ORD-00064,CUST-JOIN-0064,2026-08-03,5511.97,WH-DETROIT
ORD-00065,CUST-JOIN-0065,2026-08-03,1327.21,WH-DETROIT
ORD-00066,CUST-JOIN-0066,2026-08-03,6051.48,WH-MIAMI
ORD-00067,CUST-JOIN-0067,2026-08-03,5887.92,WH-CHICAGO
ORD-00068,CUST-JOIN-0068,2026-08-03,1854.49,WH-MIAMI
ORD-00069,CUST-JOIN-0069,2026-08-03,5344.47,WH-CHICAGO
ORD-00070,CUST-JOIN-0070,2026-08-03,5444.32,WH-CHICAGO
ORD-00071,CUST-JOIN-0071,2026-08-03,6521.12,WH-DETROIT
ORD-00072,CUST-JOIN-0072,2026-08-03,6169.37,WH-MIAMI
ORD-00073,CUST-JOIN-0073,2026-08-04,4754.0,WH-MIAMI
ORD-00074,CUST-JOIN-0074,2026-08-04,6689.98,WH-MIAMI
ORD-00075,CUST-JOIN-0075,2026-08-04,6188.62,WH-DETROIT
ORD-00076,CUST-JOIN-0076,2026-08-04,3085.72,WH-MIAMI
ORD-00077,CUST-JOIN-0077,2026-08-04,1022.75,WH-DETROIT
ORD-00078,CUST-JOIN-0078,2026-08-04,2423.46,WH-NEWYORK
ORD-00079,CUST-JOIN-0079,2026-08-04,5473.51,WH-DETROIT
ORD-00080,CUST-JOIN-0080,2026-08-04,6440.84,WH-DETROIT
ORD-00081,CUST-JOIN-0081,2026-08-04,1793.61,WH-NEWYORK
ORD-00082,CUST-JOIN-0082,2026-08-04,334.55,WH-NEWYORK
ORD-00083,CUST-JOIN-0083,2026-08-04,3015.57,WH-CHICAGO
ORD-00084,CUST-JOIN-0084,2026-08-04,4073.47,WH-CHICAGO
ORD-00085,CUST-JOIN-0085,2026-08-04,5209.3,WH-NEWYORK
ORD-00086,CUST-JOIN-0086,2026-08-04,3915.59,WH-NEWYORK
ORD-00087,CUST-JOIN-0087,2026-08-04,1464.1,WH-CHICAGO
ORD-00088,CUST-JOIN-0088,2026-08-04,4445.42,WH-DETROIT
ORD-00089,CUST-JOIN-0089,2026-08-04,2955.13,WH-MIAMI
ORD-00090,CUST-JOIN-0090,2026-08-04,4086.46,WH-DETROIT
ORD-00091,CUST-JOIN-0091,2026-08-04,7383.52,WH-DETROIT
ORD-00092,CUST-JOIN-0092,2026-08-04,4365.0,WH-CHICAGO
ORD-00093,CUST-JOIN-0093,2026-08-04,2606.49,WH-CHICAGO
ORD-00094,CUST-JOIN-0094,2026-08-04,2100.18,WH-CHICAGO
ORD-00095,CUST-JOIN-0095,2026-08-04,7565.53,WH-MIAMI
ORD-00096,CUST-JOIN-0096,2026-08-04,1365.95,WH-CHICAGO
ORD-00097,CUST-JOIN-0097,2026-08-05,5475.48,WH-NEWYORK
ORD-00098,CUST-JOIN-0098,2026-08-05,912.79,WH-DETROIT
ORD-00099,CUST-JOIN-0099,2026-08-05,3708.8,WH-MIAMI
ORD-00100,CUST-JOIN-0100,2026-08-05,4118.0,WH-NEWYORK
ORD-00101,CUST-JOIN-0101,2026-08-05,5384.51,WH-DETROIT
ORD-00102,CUST-JOIN-0102,2026-08-05,1131.41,WH-DETROIT
ORD-00103,CUST-JOIN-0103,2026-08-05,923.69,WH-MIAMI
ORD-00104,CUST-JOIN-0104,2026-08-05,1324.94,WH-DETROIT
ORD-00105,CUST-JOIN-0105,2026-08-05,7084.58,WH-DETROIT
ORD-00106,CUST-JOIN-0106,2026-08-05,657.95,WH-CHICAGO
ORD-00107,CUST-JOIN-0107,2026-08-05,1042.7,WH-MIAMI
ORD-00108,CUST-JOIN-0108,2026-08-05,2689.67,WH-CHICAGO
ORD-00109,CUST-JOIN-0109,2026-08-05,5906.99,WH-NEWYORK
ORD-00110,CUST-JOIN-0110,2026-08-05,4309.36,WH-DETROIT
ORD-00111,CUST-JOIN-0111,2026-08-05,6949.06,WH-DETROIT
ORD-00112,CUST-JOIN-0112,2026-08-05,5355.0,WH-NEWYORK
ORD-00113,CUST-JOIN-0113,2026-08-05,2377.94,WH-MIAMI
ORD-00114,CUST-JOIN-0114,2026-08-05,7074.75,WH-MIAMI
ORD-00115,CUST-JOIN-0115,2026-08-05,4640.77,WH-DETROIT
ORD-00116,CUST-JOIN-0116,2026-08-05,5005.1,WH-NEWYORK
ORD-00117,CUST-JOIN-0117,2026-08-05,3217.15,WH-NEWYORK
ORD-00118,CUST-JOIN-0118,2026-08-05,4151.38,WH-CHICAGO
ORD-00119,CUST-JOIN-0119,2026-08-05,6277.59,WH-DETROIT
ORD-00120,CUST-JOIN-0120,2026-08-05,6471.48,WH-DETROIT
ORD-00121,CUST-JOIN-0121,2026-08-06,5595.66,WH-CHICAGO
ORD-00122,CUST-JOIN-0122,2026-08-06,5541.22,WH-CHICAGO
ORD-00123,CUST-JOIN-0123,2026-08-06,1284.64,WH-CHICAGO
ORD-00124,CUST-JOIN-0124,2026-08-06,7305.75,WH-MIAMI
ORD-00125,CUST-JOIN-0125,2026-08-06,6330.14,WH-CHICAGO
ORD-00126,CUST-JOIN-0126,2026-08-06,4966.08,WH-DETROIT
ORD-00127,CUST-JOIN-0127,2026-08-06,2525.04,WH-CHICAGO
ORD-00128,CUST-JOIN-0128,2026-08-06,3030.01,WH-NEWYORK
ORD-00129,CUST-JOIN-0129,2026-08-06,6273.82,WH-DETROIT
ORD-00130,CUST-JOIN-0130,2026-08-06,2214.47,WH-MIAMI
ORD-00131,CUST-JOIN-0131,2026-08-06,6937.2,WH-DETROIT
ORD-00132,CUST-JOIN-0132,2026-08-06,3120.22,WH-MIAMI
ORD-00133,CUST-JOIN-0133,2026-08-06,1108.35,WH-DETROIT
ORD-00134,CUST-JOIN-0134,2026-08-06,4410.47,WH-MIAMI
ORD-00135,CUST-JOIN-0135,2026-08-06,7305.1,WH-CHICAGO
ORD-00136,CUST-JOIN-0136,2026-08-06,5344.46,WH-CHICAGO
ORD-00137,CUST-JOIN-0137,2026-08-06,7190.63,WH-NEWYORK
ORD-00138,CUST-JOIN-0138,2026-08-06,5813.52,WH-DETROIT
ORD-00139,CUST-JOIN-0139,2026-08-06,7972.74,WH-CHICAGO
ORD-00140,CUST-JOIN-0140,2026-08-06,7350.46,WH-DETROIT
ORD-00141,CUST-JOIN-0141,2026-08-06,5244.15,WH-CHICAGO
ORD-00142,CUST-JOIN-0142,2026-08-06,3327.31,WH-NEWYORK
ORD-00143,CUST-JOIN-0143,2026-08-06,7425.87,WH-CHICAGO
ORD-00144,CUST-JOIN-0144,2026-08-06,3551.84,WH-CHICAGO
ORD-00145,CUST-JOIN-0145,2026-08-07,3387.48,WH-NEWYORK
ORD-00146,CUST-JOIN-0146,2026-08-07,1315.04,WH-CHICAGO
ORD-00147,CUST-JOIN-0147,2026-08-07,1808.18,WH-MIAMI
ORD-00148,CUST-JOIN-0148,2026-08-07,201.11,WH-NEWYORK
ORD-00149,CUST-JOIN-0149,2026-08-07,4960.39,WH-NEWYORK
ORD-00150,CUST-JOIN-0150,2026-08-07,2983.04,WH-MIAMI
ORD-00151,CUST-JOIN-0151,2026-08-07,4812.69,WH-DETROIT
ORD-00152,CUST-JOIN-0152,2026-08-07,6397.93,WH-MIAMI
ORD-00153,CUST-JOIN-0153,2026-08-07,5135.97,WH-MIAMI
ORD-00154,CUST-JOIN-0154,2026-08-07,5945.01,WH-NEWYORK
ORD-00155,CUST-JOIN-0155,2026-08-07,4449.01,WH-NEWYORK
ORD-00156,CUST-JOIN-0156,2026-08-07,3593.52,WH-DETROIT
ORD-00157,CUST-JOIN-0157,2026-08-07,1973.45,WH-MIAMI
ORD-00158,CUST-JOIN-0158,2026-08-07,4026.93,WH-DETROIT
ORD-00159,CUST-JOIN-0159,2026-08-07,211.99,WH-NEWYORK
ORD-00160,CUST-JOIN-0160,2026-08-07,3238.23,WH-NEWYORK
ORD-00161,CUST-JOIN-0161,2026-08-07,1136.52,WH-MIAMI
ORD-00162,CUST-JOIN-0162,2026-08-07,6768.91,WH-DETROIT
ORD-00163,CUST-JOIN-0163,2026-08-07,5250.33,WH-DETROIT
ORD-00164,CUST-JOIN-0164,2026-08-07,3985.73,WH-CHICAGO
ORD-00165,CUST-JOIN-0165,2026-08-07,6971.03,WH-DETROIT
ORD-00166,CUST-JOIN-0166,2026-08-07,5294.09,WH-NEWYORK
ORD-00167,CUST-JOIN-0167,2026-08-07,5713.81,WH-CHICAGO
ORD-00168,CUST-JOIN-0168,2026-08-07,4415.92,WH-DETROIT
ORD-00169,CUST-JOIN-0169,2026-08-08,6190.71,WH-CHICAGO
ORD-00170,CUST-JOIN-0170,2026-08-08,4038.71,WH-DETROIT
ORD-00171,CUST-JOIN-0171,2026-08-08,2301.6,WH-NEWYORK
ORD-00172,CUST-JOIN-0172,2026-08-08,7615.37,WH-MIAMI
ORD-00173,CUST-JOIN-0173,2026-08-08,1312.77,WH-MIAMI
ORD-00174,CUST-JOIN-0174,2026-08-08,4242.13,WH-NEWYORK
ORD-00175,CUST-JOIN-0175,2026-08-08,2665.29,WH-CHICAGO
ORD-00176,CUST-JOIN-0176,2026-08-08,3229.31,WH-CHICAGO
ORD-00177,CUST-JOIN-0177,2026-08-08,2107.64,WH-CHICAGO
ORD-00178,CUST-JOIN-0178,2026-08-08,3722.97,WH-NEWYORK
ORD-00179,CUST-JOIN-0179,2026-08-08,4267.23,WH-DETROIT
ORD-00180,CUST-JOIN-0180,2026-08-08,6943.69,WH-NEWYORK
ORD-00181,CUST-JOIN-0181,2026-08-08,2675.54,WH-DETROIT
ORD-00182,CUST-JOIN-0182,2026-08-08,5110.35,WH-MIAMI
ORD-00183,CUST-JOIN-0183,2026-08-08,1431.15,WH-DETROIT
ORD-00184,CUST-JOIN-0184,2026-08-08,5437.65,WH-MIAMI
ORD-00185,CUST-JOIN-0185,2026-08-08,3184.76,WH-DETROIT
ORD-00186,CUST-JOIN-0186,2026-08-08,5251.93,WH-MIAMI
ORD-00187,CUST-JOIN-0187,2026-08-08,537.86,WH-CHICAGO
ORD-00188,CUST-JOIN-0188,2026-08-08,6545.67,WH-MIAMI
ORD-00189,CUST-JOIN-0189,2026-08-08,1998.34,WH-DETROIT
ORD-00190,CUST-JOIN-0190,2026-08-08,801.39,WH-NEWYORK
ORD-00191,CUST-JOIN-0191,2026-08-08,3782.43,WH-NEWYORK
ORD-00192,CUST-JOIN-0192,2026-08-08,5586.97,WH-MIAMI
ORD-00193,CUST-JOIN-0193,2026-08-09,7263.97,WH-MIAMI
ORD-00194,CUST-JOIN-0194,2026-08-09,4584.41,WH-NEWYORK
ORD-00195,CUST-JOIN-0195,2026-08-09,3245.31,WH-MIAMI
ORD-00196,CUST-JOIN-0196,2026-08-09,5208.29,WH-CHICAGO
ORD-00197,CUST-JOIN-0197,2026-08-09,3034.93,WH-CHICAGO
ORD-00198,CUST-JOIN-0198,2026-08-09,1194.7,WH-NEWYORK
ORD-00199,CUST-JOIN-0199,2026-08-09,6356.73,WH-DETROIT
ORD-00200,CUST-JOIN-0200,2026-08-09,3415.37,WH-DETROIT
ORD-00201,CUST-JOIN-0201,2026-08-09,7680.55,WH-NEWYORK
ORD-00202,CUST-JOIN-0202,2026-08-09,1640.2,WH-NEWYORK
ORD-00203,CUST-JOIN-0203,2026-08-09,1095.65,WH-CHICAGO
ORD-00204,CUST-JOIN-0204,2026-08-09,6585.61,WH-DETROIT
ORD-00205,CUST-JOIN-0205,2026-08-09,6652.97,WH-MIAMI
ORD-00206,CUST-JOIN-0206,2026-08-09,7072.49,WH-DETROIT
ORD-00207,CUST-JOIN-0207,2026-08-09,7304.87,WH-CHICAGO
ORD-00208,CUST-JOIN-0208,2026-08-09,6002.94,WH-DETROIT
ORD-00209,CUST-JOIN-0209,2026-08-09,6467.84,WH-CHICAGO
ORD-00210,CUST-JOIN-0210,2026-08-09,2372.39,WH-NEWYORK
ORD-00211,CUST-JOIN-0211,2026-08-09,591.7,WH-MIAMI
ORD-00212,CUST-JOIN-0212,2026-08-09,363.92,WH-CHICAGO
ORD-00213,CUST-JOIN-0213,2026-08-09,2912.63,WH-MIAMI
ORD-00214,CUST-JOIN-0214,2026-08-09,3543.5,WH-MIAMI
ORD-00215,CUST-JOIN-0215,2026-08-09,4330.02,WH-NEWYORK
ORD-00216,CUST-JOIN-0216,2026-08-09,2902.79,WH-NEWYORK
ORD-00217,CUST-JOIN-0217,2026-08-10,7973.45,WH-CHICAGO
ORD-00218,CUST-JOIN-0218,2026-08-10,7732.16,WH-MIAMI
ORD-00219,CUST-JOIN-0219,2026-08-10,6509.54,WH-MIAMI
ORD-00220,CUST-JOIN-0220,2026-08-10,6798.52,WH-DETROIT
ORD-00221,CUST-JOIN-0221,2026-08-10,2087.38,WH-CHICAGO
ORD-00222,CUST-JOIN-0222,2026-08-10,2943.37,WH-MIAMI
ORD-00223,CUST-JOIN-0223,2026-08-10,4308.79,WH-NEWYORK
ORD-00224,CUST-JOIN-0224,2026-08-10,3235.33,WH-DETROIT
ORD-00225,CUST-JOIN-0225,2026-08-10,724.96,WH-DETROIT
ORD-00226,CUST-JOIN-0226,2026-08-10,5260.97,WH-DETROIT
ORD-00227,CUST-JOIN-0227,2026-08-10,5947.64,WH-CHICAGO
ORD-00228,CUST-JOIN-0228,2026-08-10,7041.95,WH-CHICAGO
ORD-00229,CUST-JOIN-0229,2026-08-10,2198.72,WH-CHICAGO
ORD-00230,CUST-JOIN-0230,2026-08-10,7275.59,WH-NEWYORK
ORD-00231,CUST-JOIN-0231,2026-08-10,5914.22,WH-MIAMI
ORD-00232,CUST-JOIN-0232,2026-08-10,4531.84,WH-MIAMI
ORD-00233,CUST-JOIN-0233,2026-08-10,3193.79,WH-DETROIT
ORD-00234,CUST-JOIN-0234,2026-08-10,4414.67,WH-NEWYORK
ORD-00235,CUST-JOIN-0235,2026-08-10,6198.27,WH-MIAMI
ORD-00236,CUST-JOIN-0236,2026-08-10,2803.19,WH-DETROIT
ORD-00237,CUST-JOIN-0237,2026-08-10,1636.91,WH-CHICAGO
ORD-00238,CUST-JOIN-0238,2026-08-10,4832.05,WH-DETROIT
ORD-00239,CUST-JOIN-0239,2026-08-10,1626.46,WH-CHICAGO
ORD-00240,CUST-JOIN-0240,2026-08-10,820.06,WH-DETROIT
ORD-00241,CUST-JOIN-0241,2026-08-11,2729.73,WH-DETROIT
ORD-00242,CUST-JOIN-0242,2026-08-11,6239.59,WH-DETROIT
ORD-00243,CUST-JOIN-0243,2026-08-11,5255.91,WH-CHICAGO
ORD-00244,CUST-JOIN-0244,2026-08-11,966.83,WH-CHICAGO
ORD-00245,CUST-JOIN-0245,2026-08-11,383.77,WH-MIAMI
ORD-00246,CUST-JOIN-0246,2026-08-11,2341.4,WH-MIAMI
ORD-00247,CUST-JOIN-0247,2026-08-11,4552.38,WH-NEWYORK
ORD-00248,CUST-JOIN-0248,2026-08-11,1843.13,WH-NEWYORK
ORD-00249,CUST-JOIN-0249,2026-08-11,5708.95,WH-DETROIT
ORD-00250,CUST-JOIN-0250,2026-08-11,1028.34,WH-DETROIT
ORD-00251,CUST-JOIN-0251,2026-08-11,3803.85,WH-MIAMI
ORD-00252,CUST-JOIN-0252,2026-08-11,3054.59,WH-CHICAGO
ORD-00253,CUST-JOIN-0253,2026-08-11,1288.34,WH-NEWYORK
ORD-00254,CUST-JOIN-0254,2026-08-11,1193.02,WH-DETROIT
ORD-00255,CUST-JOIN-0255,2026-08-11,6564.29,WH-CHICAGO
ORD-00256,CUST-JOIN-0256,2026-08-11,302.12,WH-DETROIT
ORD-00257,CUST-JOIN-0257,2026-08-11,3572.1,WH-MIAMI
ORD-00258,CUST-JOIN-0258,2026-08-11,7860.79,WH-CHICAGO
ORD-00259,CUST-JOIN-0259,2026-08-11,201.46,WH-MIAMI
ORD-00260,CUST-JOIN-0260,2026-08-11,4126.47,WH-NEWYORK
ORD-00261,CUST-JOIN-0261,2026-08-11,1778.55,WH-NEWYORK
ORD-00262,CUST-JOIN-0262,2026-08-11,2607.25,WH-CHICAGO
ORD-00263,CUST-JOIN-0263,2026-08-11,7332.58,WH-DETROIT
ORD-00264,CUST-JOIN-0264,2026-08-11,5612.12,WH-DETROIT
ORD-00265,CUST-JOIN-0265,2026-08-12,3905.44,WH-CHICAGO
ORD-00266,CUST-JOIN-0266,2026-08-12,7842.36,WH-DETROIT
ORD-00267,CUST-JOIN-0267,2026-08-12,5205.59,WH-MIAMI
ORD-00268,CUST-JOIN-0268,2026-08-12,7419.19,WH-MIAMI
ORD-00269,CUST-JOIN-0269,2026-08-12,6615.16,WH-NEWYORK
ORD-00270,CUST-JOIN-0270,2026-08-12,4820.96,WH-DETROIT
ORD-00271,CUST-JOIN-0271,2026-08-12,7701.77,WH-CHICAGO
ORD-00272,CUST-JOIN-0272,2026-08-12,1310.18,WH-MIAMI
ORD-00273,CUST-JOIN-0273,2026-08-12,5411.2,WH-NEWYORK
ORD-00274,CUST-JOIN-0274,2026-08-12,3827.91,WH-DETROIT
ORD-00275,CUST-JOIN-0275,2026-08-12,689.52,WH-DETROIT
ORD-00276,CUST-JOIN-0276,2026-08-12,536.66,WH-CHICAGO
ORD-00277,CUST-JOIN-0277,2026-08-12,7616.1,WH-DETROIT
ORD-00278,CUST-JOIN-0278,2026-08-12,7683.66,WH-MIAMI
ORD-00279,CUST-JOIN-0279,2026-08-12,5152.31,WH-CHICAGO
ORD-00280,CUST-JOIN-0280,2026-08-12,1990.87,WH-DETROIT
ORD-00281,CUST-JOIN-0281,2026-08-12,1882.87,WH-MIAMI
ORD-00282,CUST-JOIN-0282,2026-08-12,5725.19,WH-CHICAGO
ORD-00283,CUST-JOIN-0283,2026-08-12,4917.52,WH-NEWYORK
ORD-00284,CUST-JOIN-0284,2026-08-12,5962.83,WH-DETROIT
ORD-00285,CUST-JOIN-0285,2026-08-12,6912.72,WH-NEWYORK
ORD-00286,CUST-JOIN-0286,2026-08-12,2500.62,WH-CHICAGO
ORD-00287,CUST-JOIN-0287,2026-08-12,5415.16,WH-NEWYORK
ORD-00288,CUST-JOIN-0288,2026-08-12,1107.01,WH-DETROIT
ORD-00289,CUST-JOIN-0289,2026-08-13,2440.12,WH-CHICAGO
ORD-00290,CUST-JOIN-0290,2026-08-13,6211.4,WH-DETROIT
ORD-00291,CUST-JOIN-0291,2026-08-13,4970.92,WH-CHICAGO
ORD-00292,CUST-JOIN-0292,2026-08-13,2294.31,WH-DETROIT
ORD-00293,CUST-JOIN-0293,2026-08-13,7701.39,WH-MIAMI
ORD-00294,CUST-JOIN-0294,2026-08-13,6460.68,WH-CHICAGO
ORD-00295,CUST-JOIN-0295,2026-08-13,6412.35,WH-NEWYORK
ORD-00296,CUST-JOIN-0296,2026-08-13,5324.27,WH-DETROIT
ORD-00297,CUST-JOIN-0297,2026-08-13,3465.33,WH-MIAMI
ORD-00298,CUST-JOIN-0298,2026-08-13,7571.85,WH-NEWYORK
ORD-00299,CUST-JOIN-0299,2026-08-13,5922.46,WH-DETROIT
ORD-00300,CUST-JOIN-0300,2026-08-13,7223.76,WH-MIAMI
ORD-00301,CUST-JOIN-0301,2026-08-13,4390.59,WH-DETROIT
ORD-00302,CUST-JOIN-0302,2026-08-13,995.7,WH-MIAMI
ORD-00303,CUST-JOIN-0303,2026-08-13,6516.47,WH-MIAMI
ORD-00304,CUST-JOIN-0304,2026-08-13,5465.75,WH-NEWYORK
ORD-00305,CUST-JOIN-0305,2026-08-13,4412.78,WH-DETROIT
ORD-00306,CUST-JOIN-0306,2026-08-13,2651.67,WH-NEWYORK
ORD-00307,CUST-JOIN-0307,2026-08-13,1113.41,WH-CHICAGO
ORD-00308,CUST-JOIN-0308,2026-08-13,2261.55,WH-MIAMI
ORD-00309,CUST-JOIN-0309,2026-08-13,7574.01,WH-NEWYORK
ORD-00310,CUST-JOIN-0310,2026-08-13,1433.74,WH-MIAMI
ORD-00311,CUST-JOIN-0311,2026-08-13,4661.15,WH-CHICAGO
ORD-00312,CUST-JOIN-0312,2026-08-13,6709.08,WH-DETROIT
ORD-00313,CUST-JOIN-0313,2026-08-14,5025.1,WH-MIAMI
ORD-00314,CUST-JOIN-0314,2026-08-14,4037.7,WH-NEWYORK
ORD-00315,CUST-JOIN-0315,2026-08-14,2167.9,WH-DETROIT
ORD-00316,CUST-JOIN-0316,2026-08-14,1240.7,WH-CHICAGO
ORD-00317,CUST-JOIN-0317,2026-08-14,7794.9,WH-NEWYORK
ORD-00318,CUST-JOIN-0318,2026-08-14,5145.81,WH-CHICAGO
ORD-00319,CUST-JOIN-0319,2026-08-14,2629.52,WH-NEWYORK
ORD-00320,CUST-JOIN-0320,2026-08-14,4400.42,WH-CHICAGO
ORD-00321,CUST-JOIN-0321,2026-08-14,7857.33,WH-DETROIT
ORD-00322,CUST-JOIN-0322,2026-08-14,948.58,WH-CHICAGO
ORD-00323,CUST-JOIN-0323,2026-08-14,5435.94,WH-MIAMI
ORD-00324,CUST-JOIN-0324,2026-08-14,5609.41,WH-MIAMI
ORD-00325,CUST-JOIN-0325,2026-08-14,3304.38,WH-NEWYORK
ORD-00326,CUST-JOIN-0326,2026-08-14,2675.91,WH-NEWYORK
ORD-00327,CUST-JOIN-0327,2026-08-14,2173.59,WH-DETROIT
ORD-00328,CUST-JOIN-0328,2026-08-14,3335.5,WH-CHICAGO
ORD-00329,CUST-JOIN-0329,2026-08-14,292.56,WH-NEWYORK
ORD-00330,CUST-JOIN-0330,2026-08-14,1018.97,WH-DETROIT
ORD-00331,CUST-JOIN-0331,2026-08-14,3000.52,WH-CHICAGO
ORD-00332,CUST-JOIN-0332,2026-08-14,4801.48,WH-DETROIT
ORD-00333,CUST-JOIN-0333,2026-08-14,5382.66,WH-DETROIT
ORD-00334,CUST-JOIN-0334,2026-08-14,5353.04,WH-MIAMI
ORD-00335,CUST-JOIN-0335,2026-08-14,261.97,WH-DETROIT
ORD-00336,CUST-JOIN-0336,2026-08-14,1388.06,WH-MIAMI
ORD-00337,CUST-JOIN-0337,2026-08-15,7032.18,WH-MIAMI
ORD-00338,CUST-JOIN-0338,2026-08-15,7677.97,WH-DETROIT
ORD-00339,CUST-JOIN-0339,2026-08-15,4553.86,WH-MIAMI
ORD-00340,CUST-JOIN-0340,2026-08-15,6009.04,WH-DETROIT
ORD-00341,CUST-JOIN-0341,2026-08-15,2576.37,WH-NEWYORK
ORD-00342,CUST-JOIN-0342,2026-08-15,6256.72,WH-CHICAGO
ORD-00343,CUST-JOIN-0343,2026-08-15,4503.75,WH-NEWYORK
ORD-00344,CUST-JOIN-0344,2026-08-15,587.94,WH-MIAMI
ORD-00345,CUST-JOIN-0345,2026-08-15,1789.06,WH-MIAMI
ORD-00346,CUST-JOIN-0346,2026-08-15,4750.64,WH-NEWYORK
ORD-00347,CUST-JOIN-0347,2026-08-15,5664.3,WH-MIAMI
ORD-00348,CUST-JOIN-0348,2026-08-15,3438.73,WH-CHICAGO
ORD-00349,CUST-JOIN-0349,2026-08-15,6431.25,WH-DETROIT
ORD-00350,CUST-JOIN-0350,2026-08-15,400.86,WH-DETROIT
ORD-00351,CUST-JOIN-0351,2026-08-15,7564.24,WH-DETROIT
ORD-00352,CUST-JOIN-0352,2026-08-15,3677.36,WH-CHICAGO
ORD-00353,CUST-JOIN-0353,2026-08-15,4466.0,WH-NEWYORK
ORD-00354,CUST-JOIN-0354,2026-08-15,2650.2,WH-CHICAGO
ORD-00355,CUST-JOIN-0355,2026-08-15,4004.57,WH-MIAMI
ORD-00356,CUST-JOIN-0356,2026-08-15,5068.67,WH-NEWYORK
ORD-00357,CUST-JOIN-0357,2026-08-15,5402.36,WH-NEWYORK
ORD-00358,CUST-JOIN-0358,2026-08-15,3675.81,WH-MIAMI
ORD-00359,CUST-JOIN-0359,2026-08-15,7017.53,WH-CHICAGO
ORD-00360,CUST-JOIN-0360,2026-08-15,4715.61,WH-NEWYORK
ORD-00361,CUST-JOIN-0361,2026-08-16,7098.04,WH-DETROIT
ORD-00362,CUST-JOIN-0362,2026-08-16,4926.29,WH-CHICAGO
ORD-00363,CUST-JOIN-0363,2026-08-16,690.66,WH-NEWYORK
ORD-00364,CUST-JOIN-0364,2026-08-16,2839.95,WH-MIAMI
ORD-00365,CUST-JOIN-0365,2026-08-16,4985.52,WH-DETROIT
ORD-00366,CUST-JOIN-0366,2026-08-16,6971.94,WH-NEWYORK
ORD-00367,CUST-JOIN-0367,2026-08-16,3710.24,WH-NEWYORK
ORD-00368,CUST-JOIN-0368,2026-08-16,2230.16,WH-MIAMI
ORD-00369,CUST-JOIN-0369,2026-08-16,3874.35,WH-MIAMI
ORD-00370,CUST-JOIN-0370,2026-08-16,609.3,WH-MIAMI
ORD-00371,CUST-JOIN-0371,2026-08-16,4134.49,WH-MIAMI
ORD-00372,CUST-JOIN-0372,2026-08-16,1812.93,WH-DETROIT
ORD-00373,CUST-JOIN-0373,2026-08-16,1107.95,WH-MIAMI
ORD-00374,CUST-JOIN-0374,2026-08-16,4572.04,WH-NEWYORK
ORD-00375,CUST-JOIN-0375,2026-08-16,2689.49,WH-DETROIT
ORD-00376,CUST-JOIN-0376,2026-08-16,5142.61,WH-CHICAGO
ORD-00377,CUST-JOIN-0377,2026-08-16,3492.43,WH-CHICAGO
ORD-00378,CUST-JOIN-0378,2026-08-16,4782.17,WH-MIAMI
ORD-00379,CUST-JOIN-0379,2026-08-16,7402.31,WH-NEWYORK
ORD-00380,CUST-JOIN-0380,2026-08-16,5204.11,WH-DETROIT
ORD-00381,CUST-JOIN-0381,2026-08-16,4052.16,WH-NEWYORK
ORD-00382,CUST-JOIN-0382,2026-08-16,4560.95,WH-DETROIT
ORD-00383,CUST-JOIN-0383,2026-08-16,4909.35,WH-DETROIT
ORD-00384,CUST-JOIN-0384,2026-08-16,5742.41,WH-CHICAGO
ORD-00385,CUST-JOIN-0385,2026-08-17,4045.41,WH-NEWYORK
ORD-00386,CUST-JOIN-0386,2026-08-17,5665.36,WH-DETROIT
ORD-00387,CUST-JOIN-0387,2026-08-17,5930.51,WH-MIAMI
ORD-00388,CUST-JOIN-0388,2026-08-17,2906.45,WH-NEWYORK
ORD-00389,CUST-JOIN-0389,2026-08-17,3809.92,WH-NEWYORK
ORD-00390,CUST-JOIN-0390,2026-08-17,7286.87,WH-DETROIT
ORD-00391,CUST-JOIN-0391,2026-08-17,4046.54,WH-MIAMI
ORD-00392,CUST-JOIN-0392,2026-08-17,4385.47,WH-NEWYORK
ORD-00393,CUST-JOIN-0393,2026-08-17,6754.37,WH-CHICAGO
ORD-00394,CUST-JOIN-0394,2026-08-17,2464.22,WH-DETROIT
ORD-00395,CUST-JOIN-0395,2026-08-17,4931.46,WH-MIAMI
ORD-00396,CUST-JOIN-0396,2026-08-17,1746.81,WH-DETROIT
ORD-00397,CUST-JOIN-0397,2026-08-17,5181.59,WH-MIAMI
ORD-00398,CUST-JOIN-0398,2026-08-17,585.85,WH-NEWYORK
ORD-00399,CUST-JOIN-0399,2026-08-17,2522.29,WH-CHICAGO
ORD-00400,CUST-JOIN-0400,2026-08-17,1038.05,WH-MIAMI
ORD-00401,CUST-JOIN-0401,2026-08-17,554.91,WH-DETROIT
ORD-00402,CUST-JOIN-0402,2026-08-17,7417.07,WH-CHICAGO
ORD-00403,CUST-JOIN-0403,2026-08-17,410.64,WH-MIAMI
ORD-00404,CUST-JOIN-0404,2026-08-17,5833.65,WH-NEWYORK
ORD-00405,CUST-JOIN-0405,2026-08-17,1580.08,WH-MIAMI
ORD-00406,CUST-JOIN-0406,2026-08-17,5154.22,WH-NEWYORK
ORD-00407,CUST-JOIN-0407,2026-08-17,3143.58,WH-CHICAGO
ORD-00408,CUST-JOIN-0408,2026-08-17,5950.61,WH-MIAMI
ORD-00409,CUST-JOIN-0409,2026-08-18,6675.62,WH-MIAMI
ORD-00410,CUST-JOIN-0410,2026-08-18,2960.73,WH-CHICAGO
ORD-00411,CUST-JOIN-0411,2026-08-18,4832.89,WH-CHICAGO
ORD-00412,CUST-JOIN-0412,2026-08-18,2774.84,WH-CHICAGO
ORD-00413,CUST-JOIN-0413,2026-08-18,6711.23,WH-DETROIT
ORD-00414,CUST-JOIN-0414,2026-08-18,3838.84,WH-CHICAGO
ORD-00415,CUST-JOIN-0415,2026-08-18,6759.8,WH-DETROIT
ORD-00416,CUST-JOIN-0416,2026-08-18,275.82,WH-DETROIT
ORD-00417,CUST-JOIN-0417,2026-08-18,602.12,WH-DETROIT
ORD-00418,CUST-JOIN-0418,2026-08-18,481.15,WH-CHICAGO
ORD-00419,CUST-JOIN-0419,2026-08-18,5808.38,WH-DETROIT
ORD-00420,CUST-JOIN-0420,2026-08-18,309.93,WH-CHICAGO
ORD-00421,CUST-JOIN-0421,2026-08-18,3818.51,WH-DETROIT
ORD-00422,CUST-JOIN-0422,2026-08-18,3241.04,WH-NEWYORK
ORD-00423,CUST-JOIN-0423,2026-08-18,610.01,WH-CHICAGO
ORD-00424,CUST-JOIN-0424,2026-08-18,6774.36,WH-NEWYORK
ORD-00425,CUST-JOIN-0425,2026-08-18,1025.44,WH-DETROIT
ORD-00426,CUST-JOIN-0426,2026-08-18,5010.18,WH-MIAMI
ORD-00427,CUST-JOIN-0427,2026-08-18,6347.14,WH-DETROIT
ORD-00428,CUST-JOIN-0428,2026-08-18,6963.62,WH-NEWYORK
ORD-00429,CUST-JOIN-0429,2026-08-18,5946.49,WH-NEWYORK
ORD-00430,CUST-JOIN-0430,2026-08-18,2057.35,WH-CHICAGO
ORD-00431,CUST-JOIN-0431,2026-08-18,671.38,WH-NEWYORK
ORD-00432,CUST-JOIN-0432,2026-08-18,1152.54,WH-MIAMI
ORD-00433,CUST-JOIN-0433,2026-08-19,5427.96,WH-DETROIT
ORD-00434,CUST-JOIN-0434,2026-08-19,2687.44,WH-DETROIT
ORD-00435,CUST-JOIN-0435,2026-08-19,7541.59,WH-MIAMI
ORD-00436,CUST-JOIN-0436,2026-08-19,2038.54,WH-CHICAGO
ORD-00437,CUST-JOIN-0437,2026-08-19,5673.47,WH-DETROIT
ORD-00438,CUST-JOIN-0438,2026-08-19,7035.27,WH-MIAMI
ORD-00439,CUST-JOIN-0439,2026-08-19,6417.1,WH-MIAMI
ORD-00440,CUST-JOIN-0440,2026-08-19,7145.12,WH-NEWYORK
ORD-00441,CUST-JOIN-0441,2026-08-19,1993.37,WH-CHICAGO
ORD-00442,CUST-JOIN-0442,2026-08-19,1049.52,WH-DETROIT
ORD-00443,CUST-JOIN-0443,2026-08-19,7341.74,WH-CHICAGO
ORD-00444,CUST-JOIN-0444,2026-08-19,6130.97,WH-MIAMI
ORD-00445,CUST-JOIN-0445,2026-08-19,2259.03,WH-CHICAGO
ORD-00446,CUST-JOIN-0446,2026-08-19,7752.11,WH-DETROIT
ORD-00447,CUST-JOIN-0447,2026-08-19,4922.63,WH-DETROIT
ORD-00448,CUST-JOIN-0448,2026-08-19,7820.45,WH-NEWYORK
ORD-00449,CUST-JOIN-0449,2026-08-19,1754.11,WH-NEWYORK
ORD-00450,CUST-JOIN-0450,2026-08-19,5913.33,WH-DETROIT
ORD-00451,CUST-JOIN-0451,2026-08-19,4180.06,WH-NEWYORK
ORD-00452,CUST-JOIN-0452,2026-08-19,3024.66,WH-CHICAGO
ORD-00453,CUST-JOIN-0453,2026-08-19,5097.66,WH-DETROIT
ORD-00454,CUST-JOIN-0454,2026-08-19,1228.2,WH-NEWYORK
ORD-00455,CUST-JOIN-0455,2026-08-19,1032.11,WH-MIAMI
ORD-00456,CUST-JOIN-0456,2026-08-19,3782.92,WH-CHICAGO
ORD-00457,CUST-JOIN-0457,2026-08-20,5487.68,WH-NEWYORK
ORD-00458,CUST-JOIN-0458,2026-08-20,378.32,WH-DETROIT
ORD-00459,CUST-JOIN-0459,2026-08-20,4336.33,WH-MIAMI
ORD-00460,CUST-JOIN-0460,2026-08-20,6264.35,WH-DETROIT
ORD-00461,CUST-JOIN-0461,2026-08-20,6639.75,WH-CHICAGO
ORD-00462,CUST-JOIN-0462,2026-08-20,6691.6,WH-MIAMI
ORD-00463,CUST-JOIN-0463,2026-08-20,1462.3,WH-NEWYORK
ORD-00464,CUST-JOIN-0464,2026-08-20,7484.25,WH-MIAMI
ORD-00465,CUST-JOIN-0465,2026-08-20,2265.13,WH-DETROIT
ORD-00466,CUST-JOIN-0466,2026-08-20,793.58,WH-DETROIT
ORD-00467,CUST-JOIN-0467,2026-08-20,3579.44,WH-MIAMI
ORD-00468,CUST-JOIN-0468,2026-08-20,2276.57,WH-NEWYORK
ORD-00469,CUST-JOIN-0469,2026-08-20,4823.72,WH-MIAMI
ORD-00470,CUST-JOIN-0470,2026-08-20,943.28,WH-CHICAGO
ORD-00471,CUST-JOIN-0471,2026-08-20,2061.17,WH-NEWYORK
ORD-00472,CUST-JOIN-0472,2026-08-20,7975.13,WH-MIAMI
ORD-00473,CUST-JOIN-0473,2026-08-20,1055.33,WH-CHICAGO
ORD-00474,CUST-JOIN-0474,2026-08-20,2729.08,WH-NEWYORK
ORD-00475,CUST-JOIN-0475,2026-08-20,5003.83,WH-NEWYORK
ORD-00476,CUST-JOIN-0476,2026-08-20,7643.95,WH-NEWYORK
ORD-00477,CUST-JOIN-0477,2026-08-20,1130.86,WH-CHICAGO
ORD-00478,CUST-JOIN-0478,2026-08-20,3934.17,WH-MIAMI
ORD-00479,CUST-JOIN-0479,2026-08-20,5943.37,WH-DETROIT
ORD-00480,CUST-JOIN-0480,2026-08-20,5752.6,WH-MIAMI
ORD-00481,CUST-JOIN-0481,2026-08-21,5179.75,WH-DETROIT
ORD-00482,CUST-JOIN-0482,2026-08-21,7846.42,WH-NEWYORK
ORD-00483,CUST-JOIN-0483,2026-08-21,3758.53,WH-NEWYORK
ORD-00484,CUST-JOIN-0484,2026-08-21,7444.05,WH-DETROIT
ORD-00485,CUST-JOIN-0485,2026-08-21,887.4,WH-NEWYORK
ORD-00486,CUST-JOIN-0486,2026-08-21,265.75,WH-DETROIT
ORD-00487,CUST-JOIN-0487,2026-08-21,3987.29,WH-CHICAGO
ORD-00488,CUST-JOIN-0488,2026-08-21,5503.68,WH-NEWYORK
ORD-00489,CUST-JOIN-0489,2026-08-21,7704.95,WH-MIAMI
ORD-00490,CUST-JOIN-0490,2026-08-21,6832.27,WH-CHICAGO
ORD-00491,CUST-JOIN-0491,2026-08-21,7086.48,WH-CHICAGO
ORD-00492,CUST-JOIN-0492,2026-08-21,6326.73,WH-NEWYORK
ORD-00493,CUST-JOIN-0493,2026-08-21,962.28,WH-NEWYORK
ORD-00494,CUST-JOIN-0494,2026-08-21,1575.13,WH-CHICAGO
ORD-00495,CUST-JOIN-0495,2026-08-21,3946.12,WH-NEWYORK
ORD-00496,CUST-JOIN-0496,2026-08-21,4623.95,WH-CHICAGO
ORD-00497,CUST-JOIN-0497,2026-08-21,2235.48,WH-NEWYORK
ORD-00498,CUST-JOIN-0498,2026-08-21,2028.05,WH-NEWYORK
ORD-00499,CUST-JOIN-0499,2026-08-21,7992.99,WH-CHICAGO
ORD-00500,CUST-JOIN-0500,2026-08-21,512.56,WH-MIAMI
ORD-00501,CUST-JOIN-0501,2026-08-21,908.58,WH-DETROIT
ORD-00502,CUST-JOIN-0502,2026-08-21,5734.79,WH-NEWYORK
ORD-00503,CUST-JOIN-0503,2026-08-21,6129.67,WH-NEWYORK
ORD-00504,CUST-JOIN-0504,2026-08-21,4339.42,WH-NEWYORK
ORD-00505,CUST-JOIN-0505,2026-08-22,4389.18,WH-NEWYORK
ORD-00506,CUST-JOIN-0506,2026-08-22,7578.7,WH-CHICAGO
ORD-00507,CUST-JOIN-0507,2026-08-22,4904.59,WH-NEWYORK
ORD-00508,CUST-JOIN-0508,2026-08-22,5130.58,WH-CHICAGO
ORD-00509,CUST-JOIN-0509,2026-08-22,4074.6,WH-NEWYORK
ORD-00510,CUST-JOIN-0510,2026-08-22,4775.68,WH-MIAMI
ORD-00511,CUST-JOIN-0511,2026-08-22,6548.61,WH-CHICAGO
ORD-00512,CUST-JOIN-0512,2026-08-22,6403.07,WH-DETROIT
ORD-00513,CUST-JOIN-0513,2026-08-22,6224.99,WH-DETROIT
ORD-00514,CUST-JOIN-0514,2026-08-22,6978.4,WH-DETROIT
ORD-00515,CUST-JOIN-0515,2026-08-22,210.55,WH-NEWYORK
ORD-00516,CUST-JOIN-0516,2026-08-22,4874.89,WH-NEWYORK
ORD-00517,CUST-JOIN-0517,2026-08-22,7900.29,WH-CHICAGO
ORD-00518,CUST-JOIN-0518,2026-08-22,3285.56,WH-MIAMI
ORD-00519,CUST-JOIN-0519,2026-08-22,3238.89,WH-NEWYORK
ORD-00520,CUST-JOIN-0520,2026-08-22,228.81,WH-DETROIT
ORD-00521,CUST-JOIN-0521,2026-08-22,7520.89,WH-MIAMI
ORD-00522,CUST-JOIN-0522,2026-08-22,548.63,WH-DETROIT
ORD-00523,CUST-JOIN-0523,2026-08-22,4369.77,WH-MIAMI
ORD-00524,CUST-JOIN-0524,2026-08-22,4958.83,WH-CHICAGO
ORD-00525,CUST-JOIN-0525,2026-08-22,4573.23,WH-DETROIT
ORD-00526,CUST-JOIN-0526,2026-08-22,2473.61,WH-DETROIT
ORD-00527,CUST-JOIN-0527,2026-08-22,3122.98,WH-CHICAGO
ORD-00528,CUST-JOIN-0528,2026-08-22,546.23,WH-DETROIT
ORD-00529,CUST-JOIN-0529,2026-08-23,7379.88,WH-CHICAGO
ORD-00530,CUST-JOIN-0530,2026-08-23,2410.78,WH-DETROIT
ORD-00531,CUST-JOIN-0531,2026-08-23,2762.99,WH-NEWYORK
ORD-00532,CUST-JOIN-0532,2026-08-23,7146.07,WH-DETROIT
ORD-00533,CUST-JOIN-0533,2026-08-23,6926.94,WH-DETROIT
ORD-00534,CUST-JOIN-0534,2026-08-23,1225.6,WH-NEWYORK
ORD-00535,CUST-JOIN-0535,2026-08-23,3975.69,WH-MIAMI
ORD-00536,CUST-JOIN-0536,2026-08-23,6226.45,WH-NEWYORK
ORD-00537,CUST-JOIN-0537,2026-08-23,2036.1,WH-CHICAGO
ORD-00538,CUST-JOIN-0538,2026-08-23,7641.86,WH-CHICAGO
ORD-00539,CUST-JOIN-0539,2026-08-23,7114.09,WH-NEWYORK
ORD-00540,CUST-JOIN-0540,2026-08-23,2177.35,WH-MIAMI
ORD-00541,CUST-JOIN-0541,2026-08-23,6237.87,WH-CHICAGO
ORD-00542,CUST-JOIN-0542,2026-08-23,6855.28,WH-MIAMI
ORD-00543,CUST-JOIN-0543,2026-08-23,309.1,WH-CHICAGO
ORD-00544,CUST-JOIN-0544,2026-08-23,1772.73,WH-DETROIT
ORD-00545,CUST-JOIN-0545,2026-08-23,2692.73,WH-NEWYORK
ORD-00546,CUST-JOIN-0546,2026-08-23,7495.61,WH-DETROIT
ORD-00547,CUST-JOIN-0547,2026-08-23,3361.72,WH-CHICAGO
ORD-00548,CUST-JOIN-0548,2026-08-23,4770.86,WH-MIAMI
ORD-00549,CUST-JOIN-0549,2026-08-23,1398.09,WH-CHICAGO
ORD-00550,CUST-JOIN-0550,2026-08-23,4662.13,WH-MIAMI
ORD-00551,CUST-JOIN-0551,2026-08-23,6257.17,WH-DETROIT
ORD-00552,CUST-JOIN-0552,2026-08-23,4346.82,WH-MIAMI
ORD-00553,CUST-JOIN-0553,2026-08-24,7033.72,WH-MIAMI
ORD-00554,CUST-JOIN-0554,2026-08-24,7409.61,WH-CHICAGO
ORD-00555,CUST-JOIN-0555,2026-08-24,3096.71,WH-MIAMI
ORD-00556,CUST-JOIN-0556,2026-08-24,1297.98,WH-NEWYORK
ORD-00557,CUST-JOIN-0557,2026-08-24,2583.47,WH-NEWYORK
ORD-00558,CUST-JOIN-0558,2026-08-24,3702.53,WH-NEWYORK
ORD-00559,CUST-JOIN-0559,2026-08-24,5429.55,WH-DETROIT
ORD-00560,CUST-JOIN-0560,2026-08-24,6658.26,WH-NEWYORK
ORD-00561,CUST-JOIN-0561,2026-08-24,1050.36,WH-NEWYORK
ORD-00562,CUST-JOIN-0562,2026-08-24,3598.62,WH-NEWYORK
ORD-00563,CUST-JOIN-0563,2026-08-24,7932.38,WH-CHICAGO
ORD-00564,CUST-JOIN-0564,2026-08-24,3281.94,WH-DETROIT
ORD-00565,CUST-JOIN-0565,2026-08-24,1125.64,WH-CHICAGO
ORD-00566,CUST-JOIN-0566,2026-08-24,5953.38,WH-MIAMI
ORD-00567,CUST-JOIN-0567,2026-08-24,1824.01,WH-CHICAGO
ORD-00568,CUST-JOIN-0568,2026-08-24,3048.19,WH-NEWYORK
ORD-00569,CUST-JOIN-0569,2026-08-24,6463.2,WH-DETROIT
ORD-00570,CUST-JOIN-0570,2026-08-24,327.11,WH-CHICAGO
ORD-00571,CUST-JOIN-0571,2026-08-24,5279.1,WH-DETROIT
ORD-00572,CUST-JOIN-0572,2026-08-24,6591.47,WH-CHICAGO
ORD-00573,CUST-JOIN-0573,2026-08-24,6446.98,WH-DETROIT
ORD-00574,CUST-JOIN-0574,2026-08-24,6026.09,WH-MIAMI
ORD-00575,CUST-JOIN-0575,2026-08-24,6880.82,WH-MIAMI
ORD-00576,CUST-JOIN-0576,2026-08-24,5346.72,WH-DETROIT
ORD-00577,CUST-JOIN-0577,2026-08-25,5359.59,WH-DETROIT
ORD-00578,CUST-JOIN-0578,2026-08-25,4169.24,WH-MIAMI
ORD-00579,CUST-JOIN-0579,2026-08-25,6859.86,WH-NEWYORK
ORD-00580,CUST-JOIN-0580,2026-08-25,5904.69,WH-CHICAGO
ORD-00581,CUST-JOIN-0581,2026-08-25,2669.44,WH-NEWYORK
ORD-00582,CUST-JOIN-0582,2026-08-25,2627.88,WH-NEWYORK
ORD-00583,CUST-JOIN-0583,2026-08-25,5145.69,WH-CHICAGO
ORD-00584,CUST-JOIN-0584,2026-08-25,7020.63,WH-CHICAGO
ORD-00585,CUST-JOIN-0585,2026-08-25,3767.34,WH-MIAMI
ORD-00586,CUST-JOIN-0586,2026-08-25,6461.5,WH-NEWYORK
ORD-00587,CUST-JOIN-0587,2026-08-25,1605.25,WH-MIAMI
ORD-00588,CUST-JOIN-0588,2026-08-25,2860.14,WH-NEWYORK
ORD-00589,CUST-JOIN-0589,2026-08-25,386.73,WH-CHICAGO
ORD-00590,CUST-JOIN-0590,2026-08-25,4792.53,WH-MIAMI
ORD-00591,CUST-JOIN-0591,2026-08-25,449.54,WH-DETROIT
ORD-00592,CUST-JOIN-0592,2026-08-25,3843.7,WH-MIAMI
ORD-00593,CUST-JOIN-0593,2026-08-25,6573.92,WH-DETROIT
ORD-00594,CUST-JOIN-0594,2026-08-25,1623.37,WH-MIAMI
ORD-00595,CUST-JOIN-0595,2026-08-25,4443.33,WH-MIAMI
ORD-00596,CUST-JOIN-0596,2026-08-25,7981.89,WH-DETROIT
ORD-00597,CUST-JOIN-0597,2026-08-25,7927.75,WH-DETROIT
ORD-00598,CUST-JOIN-0598,2026-08-25,6980.9,WH-CHICAGO
ORD-00599,CUST-JOIN-0599,2026-08-25,1810.46,WH-DETROIT
ORD-00600,CUST-JOIN-0600,2026-08-25,2812.24,WH-DETROIT
ORD-00601,CUST-JOIN-0601,2026-08-26,6317.36,WH-NEWYORK
ORD-00602,CUST-JOIN-0602,2026-08-26,5510.51,WH-NEWYORK
ORD-00603,CUST-JOIN-0603,2026-08-26,3385.64,WH-DETROIT
ORD-00604,CUST-JOIN-0604,2026-08-26,1356.02,WH-NEWYORK
ORD-00605,CUST-JOIN-0605,2026-08-26,4662.23,WH-CHICAGO
ORD-00606,CUST-JOIN-0606,2026-08-26,5472.11,WH-NEWYORK
ORD-00607,CUST-JOIN-0607,2026-08-26,4360.43,WH-MIAMI
ORD-00608,CUST-JOIN-0608,2026-08-26,1650.82,WH-NEWYORK
ORD-00609,CUST-JOIN-0609,2026-08-26,7662.06,WH-MIAMI
ORD-00610,CUST-JOIN-0610,2026-08-26,431.75,WH-NEWYORK
ORD-00611,CUST-JOIN-0611,2026-08-26,5846.79,WH-CHICAGO
ORD-00612,CUST-JOIN-0612,2026-08-26,7498.44,WH-NEWYORK
ORD-00613,CUST-JOIN-0613,2026-08-26,4669.13,WH-CHICAGO
ORD-00614,CUST-JOIN-0614,2026-08-26,3168.91,WH-CHICAGO
ORD-00615,CUST-JOIN-0615,2026-08-26,5255.39,WH-MIAMI
ORD-00616,CUST-JOIN-0616,2026-08-26,2394.21,WH-CHICAGO
ORD-00617,CUST-JOIN-0617,2026-08-26,2535.3,WH-NEWYORK
ORD-00618,CUST-JOIN-0618,2026-08-26,1791.58,WH-MIAMI
ORD-00619,CUST-JOIN-0619,2026-08-26,2496.6,WH-CHICAGO
ORD-00620,CUST-JOIN-0620,2026-08-26,2646.07,WH-CHICAGO
ORD-00621,CUST-JOIN-0621,2026-08-26,6581.13,WH-CHICAGO
ORD-00622,CUST-JOIN-0622,2026-08-26,2469.95,WH-CHICAGO
ORD-00623,CUST-JOIN-0623,2026-08-26,1404.66,WH-CHICAGO
ORD-00624,CUST-JOIN-0624,2026-08-26,5437.53,WH-DETROIT
ORD-00625,CUST-JOIN-0625,2026-08-27,2841.27,WH-DETROIT
ORD-00626,CUST-JOIN-0626,2026-08-27,5881.55,WH-NEWYORK
ORD-00627,CUST-JOIN-0627,2026-08-27,2422.72,WH-CHICAGO
ORD-00628,CUST-JOIN-0628,2026-08-27,1217.11,WH-DETROIT
ORD-00629,CUST-JOIN-0629,2026-08-27,7572.2,WH-DETROIT
ORD-00630,CUST-JOIN-0630,2026-08-27,4582.31,WH-NEWYORK
ORD-00631,CUST-JOIN-0631,2026-08-27,2481.4,WH-CHICAGO
ORD-00632,CUST-JOIN-0632,2026-08-27,5083.03,WH-DETROIT
ORD-00633,CUST-JOIN-0633,2026-08-27,948.77,WH-MIAMI
ORD-00634,CUST-JOIN-0634,2026-08-27,1354.54,WH-MIAMI
ORD-00635,CUST-JOIN-0635,2026-08-27,3888.84,WH-NEWYORK
ORD-00636,CUST-JOIN-0636,2026-08-27,1062.27,WH-DETROIT
ORD-00637,CUST-JOIN-0637,2026-08-27,2173.11,WH-CHICAGO
ORD-00638,CUST-JOIN-0638,2026-08-27,4316.9,WH-DETROIT
ORD-00639,CUST-JOIN-0639,2026-08-27,2370.94,WH-CHICAGO
ORD-00640,CUST-JOIN-0640,2026-08-27,6370.79,WH-DETROIT
ORD-00641,CUST-JOIN-0641,2026-08-27,4218.59,WH-NEWYORK
ORD-00642,CUST-JOIN-0642,2026-08-27,6088.07,WH-MIAMI
ORD-00643,CUST-JOIN-0643,2026-08-27,5198.0,WH-CHICAGO
ORD-00644,CUST-JOIN-0644,2026-08-27,5187.77,WH-DETROIT
ORD-00645,CUST-JOIN-0645,2026-08-27,6950.51,WH-DETROIT
ORD-00646,CUST-JOIN-0646,2026-08-27,3905.52,WH-CHICAGO
ORD-00647,CUST-JOIN-0647,2026-08-27,2892.05,WH-NEWYORK
ORD-00648,CUST-JOIN-0648,2026-08-27,7402.85,WH-MIAMI
ORD-00649,CUST-JOIN-0649,2026-08-28,1367.79,WH-MIAMI
ORD-00650,CUST-JOIN-0650,2026-08-28,1719.79,WH-MIAMI
ORD-00651,CUST-JOIN-0651,2026-08-28,7949.2,WH-DETROIT
ORD-00652,CUST-JOIN-0652,2026-08-28,1210.79,WH-NEWYORK
ORD-00653,CUST-JOIN-0653,2026-08-28,1352.63,WH-DETROIT
ORD-00654,CUST-JOIN-0654,2026-08-28,4305.73,WH-MIAMI
ORD-00655,CUST-JOIN-0655,2026-08-28,799.26,WH-MIAMI
ORD-00656,CUST-JOIN-0656,2026-08-28,6658.35,WH-NEWYORK
ORD-00657,CUST-JOIN-0657,2026-08-28,859.43,WH-NEWYORK
ORD-00658,CUST-JOIN-0658,2026-08-28,3842.91,WH-DETROIT
ORD-00659,CUST-JOIN-0659,2026-08-28,4188.55,WH-NEWYORK
ORD-00660,CUST-JOIN-0660,2026-08-28,3805.61,WH-MIAMI
ORD-00661,CUST-JOIN-0661,2026-08-28,6874.53,WH-DETROIT
ORD-00662,CUST-JOIN-0662,2026-08-28,6383.34,WH-NEWYORK
ORD-00663,CUST-JOIN-0663,2026-08-28,4959.16,WH-MIAMI
ORD-00664,CUST-JOIN-0664,2026-08-28,1820.75,WH-DETROIT
ORD-00665,CUST-JOIN-0665,2026-08-28,4993.06,WH-CHICAGO
ORD-00666,CUST-JOIN-0666,2026-08-28,378.39,WH-MIAMI
ORD-00667,CUST-JOIN-0667,2026-08-28,6620.81,WH-DETROIT
ORD-00668,CUST-JOIN-0668,2026-08-28,3531.01,WH-NEWYORK
ORD-00669,CUST-JOIN-0669,2026-08-28,1242.15,WH-NEWYORK
ORD-00670,CUST-JOIN-0670,2026-08-28,232.32,WH-DETROIT
ORD-00671,CUST-JOIN-0671,2026-08-28,5096.3,WH-CHICAGO
ORD-00672,CUST-JOIN-0672,2026-08-28,6528.94,WH-MIAMI
ORD-00673,CUST-JOIN-0673,2026-08-29,3087.16,WH-DETROIT
ORD-00674,CUST-JOIN-0674,2026-08-29,1109.02,WH-CHICAGO
ORD-00675,CUST-JOIN-0675,2026-08-29,1669.52,WH-MIAMI
ORD-00676,CUST-JOIN-0676,2026-08-29,5036.48,WH-NEWYORK
ORD-00677,CUST-JOIN-0677,2026-08-29,3791.32,WH-CHICAGO
ORD-00678,CUST-JOIN-0678,2026-08-29,4363.45,WH-DETROIT
ORD-00679,CUST-JOIN-0679,2026-08-29,1498.46,WH-MIAMI
ORD-00680,CUST-JOIN-0680,2026-08-29,561.42,WH-CHICAGO
ORD-00681,CUST-JOIN-0681,2026-08-29,4363.34,WH-NEWYORK
ORD-00682,CUST-JOIN-0682,2026-08-29,5713.15,WH-MIAMI
ORD-00683,CUST-JOIN-0683,2026-08-29,6375.22,WH-MIAMI
ORD-00684,CUST-JOIN-0684,2026-08-29,5210.94,WH-CHICAGO
ORD-00685,CUST-JOIN-0685,2026-08-29,2862.99,WH-NEWYORK
ORD-00686,CUST-JOIN-0686,2026-08-29,1307.24,WH-DETROIT
ORD-00687,CUST-JOIN-0687,2026-08-29,2953.74,WH-MIAMI
ORD-00688,CUST-JOIN-0688,2026-08-29,7586.49,WH-MIAMI
ORD-00689,CUST-JOIN-0689,2026-08-29,7862.29,WH-NEWYORK
ORD-00690,CUST-JOIN-0690,2026-08-29,4087.04,WH-CHICAGO
ORD-00691,CUST-JOIN-0691,2026-08-29,3334.16,WH-NEWYORK
ORD-00692,CUST-JOIN-0692,2026-08-29,2388.4,WH-CHICAGO
ORD-00693,CUST-JOIN-0693,2026-08-29,3153.39,WH-DETROIT
ORD-00694,CUST-JOIN-0694,2026-08-29,2395.05,WH-CHICAGO
ORD-00695,CUST-JOIN-0695,2026-08-29,6977.59,WH-DETROIT
ORD-00696,CUST-JOIN-0696,2026-08-29,6694.32,WH-DETROIT
ORD-00697,CUST-JOIN-0697,2026-08-30,5507.0,WH-NEWYORK
ORD-00698,CUST-JOIN-0698,2026-08-30,3581.28,WH-MIAMI
ORD-00699,CUST-JOIN-0699,2026-08-30,3211.79,WH-MIAMI
ORD-00700,CUST-JOIN-0700,2026-08-30,6287.53,WH-NEWYORK
ORD-00701,CUST-JOIN-0701,2026-08-30,1279.36,WH-CHICAGO
ORD-00702,CUST-JOIN-0702,2026-08-30,6180.09,WH-DETROIT
ORD-00703,CUST-JOIN-0703,2026-08-30,547.41,WH-NEWYORK
ORD-00704,CUST-JOIN-0704,2026-08-30,655.93,WH-NEWYORK
ORD-00705,CUST-JOIN-0705,2026-08-30,7084.7,WH-DETROIT
ORD-00706,CUST-JOIN-0706,2026-08-30,4635.7,WH-MIAMI
ORD-00707,CUST-JOIN-0707,2026-08-30,579.11,WH-NEWYORK
ORD-00708,CUST-JOIN-0708,2026-08-30,3888.77,WH-MIAMI
ORD-00709,CUST-JOIN-0709,2026-08-30,5940.25,WH-CHICAGO
ORD-00710,CUST-JOIN-0710,2026-08-30,1197.11,WH-CHICAGO
ORD-00711,CUST-JOIN-0711,2026-08-30,3549.0,WH-DETROIT
ORD-00712,CUST-JOIN-0712,2026-08-30,6706.45,WH-DETROIT
ORD-00713,CUST-JOIN-0713,2026-08-30,4496.18,WH-MIAMI
ORD-00714,CUST-JOIN-0714,2026-08-30,2046.29,WH-DETROIT
ORD-00715,CUST-JOIN-0715,2026-08-30,3412.97,WH-NEWYORK
ORD-00716,CUST-JOIN-0716,2026-08-30,1795.69,WH-MIAMI
ORD-00717,CUST-JOIN-0717,2026-08-30,4706.51,WH-NEWYORK
ORD-00718,CUST-JOIN-0718,2026-08-30,5366.25,WH-CHICAGO
ORD-00719,CUST-JOIN-0719,2026-08-30,6785.83,WH-NEWYORK
ORD-00720,CUST-JOIN-0720,2026-08-30,1723.49,WH-DETROIT
ORD-00721,CUST-JOIN-0721,2026-08-31,4410.24,WH-MIAMI
ORD-00722,CUST-JOIN-0722,2026-08-31,7733.21,WH-MIAMI
ORD-00723,CUST-JOIN-0723,2026-08-31,7928.32,WH-NEWYORK
ORD-00724,CUST-JOIN-0724,2026-08-31,2228.82,WH-MIAMI
ORD-00725,CUST-JOIN-0725,2026-08-31,7957.69,WH-MIAMI
ORD-00726,CUST-JOIN-0726,2026-08-31,4754.4,WH-CHICAGO
ORD-00727,CUST-JOIN-0727,2026-08-31,618.47,WH-NEWYORK
ORD-00728,CUST-JOIN-0728,2026-08-31,5350.66,WH-DETROIT
ORD-00729,CUST-JOIN-0729,2026-08-31,5606.12,WH-DETROIT
ORD-00730,CUST-JOIN-0730,2026-08-31,596.66,WH-CHICAGO
ORD-00731,CUST-JOIN-0731,2026-08-31,1122.26,WH-CHICAGO
ORD-00732,CUST-JOIN-0732,2026-08-31,7788.05,WH-CHICAGO
ORD-00733,CUST-JOIN-0733,2026-08-31,3900.11,WH-CHICAGO
ORD-00734,CUST-JOIN-0734,2026-08-31,1818.2,WH-CHICAGO
ORD-00735,CUST-JOIN-0735,2026-08-31,1835.04,WH-NEWYORK
ORD-00736,CUST-JOIN-0736,2026-08-31,5837.46,WH-CHICAGO
ORD-00737,CUST-JOIN-0737,2026-08-31,5049.62,WH-CHICAGO
ORD-00738,CUST-JOIN-0738,2026-08-31,5373.64,WH-MIAMI
ORD-00739,CUST-JOIN-0739,2026-08-31,4921.69,WH-MIAMI
ORD-00740,CUST-JOIN-0740,2026-08-31,7650.16,WH-CHICAGO
ORD-00741,CUST-JOIN-0741,2026-08-31,1339.77,WH-CHICAGO
ORD-00742,CUST-JOIN-0742,2026-08-31,7418.8,WH-DETROIT
ORD-00743,CUST-JOIN-0743,2026-08-31,713.01,WH-NEWYORK
ORD-00744,CUST-JOIN-0744,2026-08-31,7360.34,WH-CHICAGO
ORD-00745,CUST-JOIN-0745,2026-09-01,4390.27,WH-MIAMI
ORD-00746,CUST-JOIN-0746,2026-09-01,499.44,WH-MIAMI
ORD-00747,CUST-JOIN-0747,2026-09-01,468.7,WH-NEWYORK
ORD-00748,CUST-JOIN-0748,2026-09-01,4064.79,WH-MIAMI
ORD-00749,CUST-JOIN-0749,2026-09-01,7251.1,WH-CHICAGO
ORD-00750,CUST-JOIN-0750,2026-09-01,1096.95,WH-MIAMI
ORD-00751,CUST-JOIN-0751,2026-09-01,943.5,WH-DETROIT
ORD-00752,CUST-JOIN-0752,2026-09-01,7107.77,WH-DETROIT
ORD-00753,CUST-JOIN-0753,2026-09-01,2114.44,WH-MIAMI
ORD-00754,CUST-JOIN-0754,2026-09-01,3441.25,WH-MIAMI
ORD-00755,CUST-JOIN-0755,2026-09-01,4252.56,WH-NEWYORK
ORD-00756,CUST-JOIN-0756,2026-09-01,1776.6,WH-MIAMI
ORD-00757,CUST-JOIN-0757,2026-09-01,550.47,WH-MIAMI
ORD-00758,CUST-JOIN-0758,2026-09-01,6974.88,WH-DETROIT
ORD-00759,CUST-JOIN-0759,2026-09-01,4234.95,WH-MIAMI
ORD-00760,CUST-JOIN-0760,2026-09-01,1697.77,WH-DETROIT
ORD-00761,CUST-JOIN-0761,2026-09-01,1239.47,WH-NEWYORK
ORD-00762,CUST-JOIN-0762,2026-09-01,5297.46,WH-CHICAGO
ORD-00763,CUST-JOIN-0763,2026-09-01,5955.19,WH-CHICAGO
ORD-00764,CUST-JOIN-0764,2026-09-01,5880.57,WH-CHICAGO
ORD-00765,CUST-JOIN-0765,2026-09-01,1531.27,WH-DETROIT
ORD-00766,CUST-JOIN-0766,2026-09-01,3809.0,WH-MIAMI
ORD-00767,CUST-JOIN-0767,2026-09-01,7924.03,WH-CHICAGO
ORD-00768,CUST-JOIN-0768,2026-09-01,2880.28,WH-DETROIT
ORD-00769,CUST-JOIN-0769,2026-09-02,2891.76,WH-MIAMI
ORD-00770,CUST-JOIN-0770,2026-09-02,3834.25,WH-MIAMI
ORD-00771,CUST-JOIN-0771,2026-09-02,4671.06,WH-DETROIT
ORD-00772,CUST-JOIN-0772,2026-09-02,7066.67,WH-MIAMI
ORD-00773,CUST-JOIN-0773,2026-09-02,4438.86,WH-MIAMI
ORD-00774,CUST-JOIN-0774,2026-09-02,3655.45,WH-MIAMI
ORD-00775,CUST-JOIN-0775,2026-09-02,1002.47,WH-CHICAGO
ORD-00776,CUST-JOIN-0776,2026-09-02,3770.46,WH-MIAMI
ORD-00777,CUST-JOIN-0777,2026-09-02,2149.62,WH-MIAMI
ORD-00778,CUST-JOIN-0778,2026-09-02,4737.34,WH-DETROIT
ORD-00779,CUST-JOIN-0779,2026-09-02,3104.03,WH-CHICAGO
ORD-00780,CUST-JOIN-0780,2026-09-02,2674.71,WH-MIAMI
ORD-00781,CUST-JOIN-0781,2026-09-02,5081.89,WH-CHICAGO
ORD-00782,CUST-JOIN-0782,2026-09-02,2994.81,WH-NEWYORK
ORD-00783,CUST-JOIN-0783,2026-09-02,5744.92,WH-NEWYORK
ORD-00784,CUST-JOIN-0784,2026-09-02,5708.78,WH-NEWYORK
ORD-00785,CUST-JOIN-0785,2026-09-02,5372.88,WH-DETROIT
ORD-00786,CUST-JOIN-0786,2026-09-02,3074.64,WH-MIAMI
ORD-00787,CUST-JOIN-0787,2026-09-02,5870.17,WH-MIAMI
ORD-00788,CUST-JOIN-0788,2026-09-02,4227.93,WH-NEWYORK
ORD-00789,CUST-JOIN-0789,2026-09-02,6996.7,WH-NEWYORK
ORD-00790,CUST-JOIN-0790,2026-09-02,4701.87,WH-DETROIT
ORD-00791,CUST-JOIN-0791,2026-09-02,4884.08,WH-NEWYORK
ORD-00792,CUST-JOIN-0792,2026-09-02,5602.75,WH-MIAMI
ORD-00793,CUST-JOIN-0793,2026-09-03,6918.74,WH-CHICAGO
ORD-00794,CUST-JOIN-0794,2026-09-03,3016.69,WH-CHICAGO
ORD-00795,CUST-JOIN-0795,2026-09-03,2255.04,WH-CHICAGO
ORD-00796,CUST-JOIN-0796,2026-09-03,5545.92,WH-DETROIT
ORD-00797,CUST-JOIN-0797,2026-09-03,7532.8,WH-NEWYORK
ORD-00798,CUST-JOIN-0798,2026-09-03,3322.51,WH-MIAMI
ORD-00799,CUST-JOIN-0799,2026-09-03,4278.73,WH-CHICAGO
ORD-00800,CUST-JOIN-0800,2026-09-03,6037.5,WH-CHICAGO
ORD-00801,CUST-JOIN-0801,2026-09-03,7959.28,WH-DETROIT
ORD-00802,CUST-JOIN-0802,2026-09-03,1515.77,WH-NEWYORK
ORD-00803,CUST-JOIN-0803,2026-09-03,3802.76,WH-MIAMI
ORD-00804,CUST-JOIN-0804,2026-09-03,5612.68,WH-DETROIT
ORD-00805,CUST-JOIN-0805,2026-09-03,512.72,WH-DETROIT
ORD-00806,CUST-JOIN-0806,2026-09-03,5108.06,WH-CHICAGO
ORD-00807,CUST-JOIN-0807,2026-09-03,7192.01,WH-MIAMI
ORD-00808,CUST-JOIN-0808,2026-09-03,2417.78,WH-DETROIT
ORD-00809,CUST-JOIN-0809,2026-09-03,1755.76,WH-CHICAGO
ORD-00810,CUST-JOIN-0810,2026-09-03,2298.05,WH-NEWYORK
ORD-00811,CUST-JOIN-0811,2026-09-03,2337.55,WH-NEWYORK
ORD-00812,CUST-JOIN-0812,2026-09-03,7673.98,WH-NEWYORK
ORD-00813,CUST-JOIN-0813,2026-09-03,7354.24,WH-NEWYORK
ORD-00814,CUST-JOIN-0814,2026-09-03,3216.32,WH-NEWYORK
ORD-00815,CUST-JOIN-0815,2026-09-03,4145.26,WH-NEWYORK
ORD-00816,CUST-JOIN-0816,2026-09-03,4776.11,WH-CHICAGO
ORD-00817,CUST-JOIN-0817,2026-09-04,4259.31,WH-MIAMI
ORD-00818,CUST-JOIN-0818,2026-09-04,7652.22,WH-CHICAGO
ORD-00819,CUST-JOIN-0819,2026-09-04,3754.21,WH-CHICAGO
ORD-00820,CUST-JOIN-0820,2026-09-04,222.47,WH-DETROIT
ORD-00821,CUST-JOIN-0821,2026-09-04,2501.12,WH-CHICAGO
ORD-00822,CUST-JOIN-0822,2026-09-04,6090.52,WH-CHICAGO
ORD-00823,CUST-JOIN-0823,2026-09-04,1820.39,WH-DETROIT
ORD-00824,CUST-JOIN-0824,2026-09-04,1325.19,WH-DETROIT
ORD-00825,CUST-JOIN-0825,2026-09-04,7945.73,WH-NEWYORK
ORD-00826,CUST-JOIN-0826,2026-09-04,550.81,WH-NEWYORK
ORD-00827,CUST-JOIN-0827,2026-09-04,6012.79,WH-DETROIT
ORD-00828,CUST-JOIN-0828,2026-09-04,6665.48,WH-NEWYORK
ORD-00829,CUST-JOIN-0829,2026-09-04,1638.75,WH-DETROIT
ORD-00830,CUST-JOIN-0830,2026-09-04,6123.26,WH-CHICAGO
ORD-00831,CUST-JOIN-0831,2026-09-04,1124.43,WH-NEWYORK
ORD-00832,CUST-JOIN-0832,2026-09-04,605.12,WH-CHICAGO
ORD-00833,CUST-JOIN-0833,2026-09-04,6643.96,WH-CHICAGO
ORD-00834,CUST-JOIN-0834,2026-09-04,4390.66,WH-MIAMI
ORD-00835,CUST-JOIN-0835,2026-09-04,7193.72,WH-NEWYORK
ORD-00836,CUST-JOIN-0836,2026-09-04,5527.69,WH-DETROIT
ORD-00837,CUST-JOIN-0837,2026-09-04,2564.44,WH-CHICAGO
ORD-00838,CUST-JOIN-0838,2026-09-04,5835.82,WH-MIAMI
ORD-00839,CUST-JOIN-0839,2026-09-04,2897.96,WH-NEWYORK
ORD-00840,CUST-JOIN-0840,2026-09-04,4636.71,WH-CHICAGO
ORD-00841,CUST-JOIN-0841,2026-09-05,901.0,WH-CHICAGO
ORD-00842,CUST-JOIN-0842,2026-09-05,1093.38,WH-DETROIT
ORD-00843,CUST-JOIN-0843,2026-09-05,1651.68,WH-NEWYORK
ORD-00844,CUST-JOIN-0844,2026-09-05,1255.24,WH-DETROIT
ORD-00845,CUST-JOIN-0845,2026-09-05,558.26,WH-DETROIT
ORD-00846,CUST-JOIN-0846,2026-09-05,5199.6,WH-CHICAGO
ORD-00847,CUST-JOIN-0847,2026-09-05,7583.77,WH-MIAMI
ORD-00848,CUST-JOIN-0848,2026-09-05,6468.41,WH-MIAMI
ORD-00849,CUST-JOIN-0849,2026-09-05,1958.78,WH-DETROIT
ORD-00850,CUST-JOIN-0850,2026-09-05,443.98,WH-DETROIT
ORD-00851,CUST-JOIN-0851,2026-09-05,7673.22,WH-NEWYORK
ORD-00852,CUST-JOIN-0852,2026-09-05,7319.8,WH-NEWYORK
ORD-00853,CUST-JOIN-0853,2026-09-05,3260.22,WH-CHICAGO
ORD-00854,CUST-JOIN-0854,2026-09-05,755.37,WH-NEWYORK
ORD-00855,CUST-JOIN-0855,2026-09-05,6529.54,WH-MIAMI
ORD-00856,CUST-JOIN-0856,2026-09-05,5980.43,WH-MIAMI
ORD-00857,CUST-JOIN-0857,2026-09-05,1921.01,WH-DETROIT
ORD-00858,CUST-JOIN-0858,2026-09-05,2120.99,WH-CHICAGO
ORD-00859,CUST-JOIN-0859,2026-09-05,5466.59,WH-DETROIT
ORD-00860,CUST-JOIN-0860,2026-09-05,7902.14,WH-NEWYORK
ORD-00861,CUST-JOIN-0861,2026-09-05,2688.08,WH-NEWYORK
ORD-00862,CUST-JOIN-0862,2026-09-05,1760.25,WH-DETROIT
ORD-00863,CUST-JOIN-0863,2026-09-05,3011.96,WH-CHICAGO
ORD-00864,CUST-JOIN-0864,2026-09-05,3063.69,WH-MIAMI
ORD-00865,CUST-JOIN-0865,2026-09-06,4130.08,WH-MIAMI
ORD-00866,CUST-JOIN-0866,2026-09-06,5973.88,WH-CHICAGO
ORD-00867,CUST-JOIN-0867,2026-09-06,263.47,WH-NEWYORK
ORD-00868,CUST-JOIN-0868,2026-09-06,6536.84,WH-MIAMI
ORD-00869,CUST-JOIN-0869,2026-09-06,3652.78,WH-MIAMI
ORD-00870,CUST-JOIN-0870,2026-09-06,7175.15,WH-MIAMI
ORD-00871,CUST-JOIN-0871,2026-09-06,6989.18,WH-CHICAGO
ORD-00872,CUST-JOIN-0872,2026-09-06,2824.79,WH-CHICAGO
ORD-00873,CUST-JOIN-0873,2026-09-06,6019.17,WH-MIAMI
ORD-00874,CUST-JOIN-0874,2026-09-06,7226.12,WH-NEWYORK
ORD-00875,CUST-JOIN-0875,2026-09-06,3448.77,WH-DETROIT
ORD-00876,CUST-JOIN-0876,2026-09-06,3349.89,WH-NEWYORK
ORD-00877,CUST-JOIN-0877,2026-09-06,7229.59,WH-NEWYORK
ORD-00878,CUST-JOIN-0878,2026-09-06,4168.7,WH-NEWYORK
ORD-00879,CUST-JOIN-0879,2026-09-06,1950.22,WH-CHICAGO
ORD-00880,CUST-JOIN-0880,2026-09-06,5558.15,WH-MIAMI
ORD-00881,CUST-JOIN-0881,2026-09-06,3835.54,WH-NEWYORK
ORD-00882,CUST-JOIN-0882,2026-09-06,1381.48,WH-NEWYORK
ORD-00883,CUST-JOIN-0883,2026-09-06,4666.56,WH-CHICAGO
ORD-00884,CUST-JOIN-0884,2026-09-06,1234.6,WH-MIAMI
ORD-00885,CUST-JOIN-0885,2026-09-06,6683.41,WH-MIAMI
ORD-00886,CUST-JOIN-0886,2026-09-06,6028.34,WH-CHICAGO
ORD-00887,CUST-JOIN-0887,2026-09-06,4644.93,WH-CHICAGO
ORD-00888,CUST-JOIN-0888,2026-09-06,1804.01,WH-MIAMI
ORD-00889,CUST-JOIN-0889,2026-09-07,4413.83,WH-NEWYORK
ORD-00890,CUST-JOIN-0890,2026-09-07,7993.42,WH-MIAMI
ORD-00891,CUST-JOIN-0891,2026-09-07,4887.63,WH-MIAMI
ORD-00892,CUST-JOIN-0892,2026-09-07,7398.3,WH-DETROIT
ORD-00893,CUST-JOIN-0893,2026-09-07,7982.83,WH-CHICAGO
ORD-00894,CUST-JOIN-0894,2026-09-07,4649.17,WH-MIAMI
ORD-00895,CUST-JOIN-0895,2026-09-07,3352.52,WH-NEWYORK
ORD-00896,CUST-JOIN-0896,2026-09-07,7143.53,WH-DETROIT
ORD-00897,CUST-JOIN-0897,2026-09-07,5169.03,WH-CHICAGO
ORD-00898,CUST-JOIN-0898,2026-09-07,6835.97,WH-NEWYORK
ORD-00899,CUST-JOIN-0899,2026-09-07,7038.0,WH-DETROIT
ORD-00900,CUST-JOIN-0900,2026-09-07,1849.64,WH-DETROIT
ORD-00901,CUST-JOIN-0901,2026-09-07,3713.95,WH-DETROIT
ORD-00902,CUST-JOIN-0902,2026-09-07,4435.02,WH-DETROIT
ORD-00903,CUST-JOIN-0903,2026-09-07,1399.24,WH-MIAMI
ORD-00904,CUST-JOIN-0904,2026-09-07,3953.61,WH-DETROIT
ORD-00905,CUST-JOIN-0905,2026-09-07,219.9,WH-DETROIT
ORD-00906,CUST-JOIN-0906,2026-09-07,6580.09,WH-CHICAGO
ORD-00907,CUST-JOIN-0907,2026-09-07,6954.03,WH-NEWYORK
ORD-00908,CUST-JOIN-0908,2026-09-07,3926.21,WH-MIAMI
ORD-00909,CUST-JOIN-0909,2026-09-07,3733.32,WH-DETROIT
ORD-00910,CUST-JOIN-0910,2026-09-07,5263.03,WH-CHICAGO
ORD-00911,CUST-JOIN-0911,2026-09-07,3456.46,WH-DETROIT
ORD-00912,CUST-JOIN-0912,2026-09-07,1320.26,WH-NEWYORK
ORD-00913,CUST-JOIN-0913,2026-09-08,7200.01,WH-DETROIT
ORD-00914,CUST-JOIN-0914,2026-09-08,6390.35,WH-CHICAGO
ORD-00915,CUST-JOIN-0915,2026-09-08,7646.26,WH-MIAMI
ORD-00916,CUST-JOIN-0916,2026-09-08,2923.6,WH-DETROIT
ORD-00917,CUST-JOIN-0917,2026-09-08,2661.25,WH-MIAMI
ORD-00918,CUST-JOIN-0918,2026-09-08,6685.98,WH-NEWYORK
ORD-00919,CUST-JOIN-0919,2026-09-08,7684.21,WH-CHICAGO
ORD-00920,CUST-JOIN-0920,2026-09-08,5630.34,WH-DETROIT
ORD-00921,CUST-JOIN-0921,2026-09-08,4540.92,WH-CHICAGO
ORD-00922,CUST-JOIN-0922,2026-09-08,5735.93,WH-DETROIT
ORD-00923,CUST-JOIN-0923,2026-09-08,1843.45,WH-DETROIT
ORD-00924,CUST-JOIN-0924,2026-09-08,918.96,WH-NEWYORK
ORD-00925,CUST-JOIN-0925,2026-09-08,1359.65,WH-CHICAGO
ORD-00926,CUST-JOIN-0926,2026-09-08,723.74,WH-CHICAGO
ORD-00927,CUST-JOIN-0927,2026-09-08,3641.21,WH-NEWYORK
ORD-00928,CUST-JOIN-0928,2026-09-08,3950.12,WH-MIAMI
ORD-00929,CUST-JOIN-0929,2026-09-08,5798.9,WH-DETROIT
ORD-00930,CUST-JOIN-0930,2026-09-08,5522.11,WH-MIAMI
ORD-00931,CUST-JOIN-0931,2026-09-08,2575.34,WH-NEWYORK
ORD-00932,CUST-JOIN-0932,2026-09-08,6560.67,WH-DETROIT
ORD-00933,CUST-JOIN-0933,2026-09-08,3580.21,WH-CHICAGO
ORD-00934,CUST-JOIN-0934,2026-09-08,4336.59,WH-CHICAGO
ORD-00935,CUST-JOIN-0935,2026-09-08,3086.21,WH-CHICAGO
ORD-00936,CUST-JOIN-0936,2026-09-08,2502.01,WH-MIAMI
ORD-00937,CUST-JOIN-0937,2026-09-09,4211.04,WH-MIAMI
ORD-00938,CUST-JOIN-0938,2026-09-09,3184.83,WH-DETROIT
ORD-00939,CUST-JOIN-0939,2026-09-09,4942.09,WH-DETROIT
ORD-00940,CUST-JOIN-0940,2026-09-09,4660.42,WH-NEWYORK
ORD-00941,CUST-JOIN-0941,2026-09-09,5015.47,WH-CHICAGO
ORD-00942,CUST-JOIN-0942,2026-09-09,2469.77,WH-DETROIT
ORD-00943,CUST-JOIN-0943,2026-09-09,7081.53,WH-NEWYORK
ORD-00944,CUST-JOIN-0944,2026-09-09,7632.61,WH-DETROIT
ORD-00945,CUST-JOIN-0945,2026-09-09,2540.23,WH-DETROIT
ORD-00946,CUST-JOIN-0946,2026-09-09,3996.9,WH-DETROIT
ORD-00947,CUST-JOIN-0947,2026-09-09,7958.2,WH-CHICAGO
ORD-00948,CUST-JOIN-0948,2026-09-09,3527.86,WH-CHICAGO
ORD-00949,CUST-JOIN-0949,2026-09-09,264.15,WH-MIAMI
ORD-00950,CUST-JOIN-0950,2026-09-09,547.63,WH-DETROIT
ORD-00951,CUST-JOIN-0951,2026-09-09,6678.96,WH-CHICAGO
ORD-00952,CUST-JOIN-0952,2026-09-09,784.15,WH-DETROIT
ORD-00953,CUST-JOIN-0953,2026-09-09,3233.77,WH-MIAMI
ORD-00954,CUST-JOIN-0954,2026-09-09,7427.78,WH-DETROIT
ORD-00955,CUST-JOIN-0955,2026-09-09,3419.42,WH-CHICAGO
ORD-00956,CUST-JOIN-0956,2026-09-09,2324.93,WH-MIAMI
ORD-00957,CUST-JOIN-0957,2026-09-09,4048.93,WH-NEWYORK
ORD-00958,CUST-JOIN-0958,2026-09-09,2136.11,WH-MIAMI
ORD-00959,CUST-JOIN-0959,2026-09-09,5079.72,WH-DETROIT
ORD-00960,CUST-JOIN-0960,2026-09-09,4792.23,WH-DETROIT
ORD-00961,CUST-JOIN-0961,2026-09-10,7080.02,WH-NEWYORK
ORD-00962,CUST-JOIN-0962,2026-09-10,3493.27,WH-MIAMI
ORD-00963,CUST-JOIN-0963,2026-09-10,7987.19,WH-MIAMI
ORD-00964,CUST-JOIN-0964,2026-09-10,5928.67,WH-MIAMI
ORD-00965,CUST-JOIN-0965,2026-09-10,1905.28,WH-MIAMI
ORD-00966,CUST-JOIN-0966,2026-09-10,2151.26,WH-MIAMI
ORD-00967,CUST-JOIN-0967,2026-09-10,2073.75,WH-MIAMI
ORD-00968,CUST-JOIN-0968,2026-09-10,1272.17,WH-CHICAGO
ORD-00969,CUST-JOIN-0969,2026-09-10,3027.03,WH-NEWYORK
ORD-00970,CUST-JOIN-0970,2026-09-10,510.44,WH-CHICAGO
ORD-00971,CUST-JOIN-0971,2026-09-10,5825.28,WH-MIAMI
ORD-00972,CUST-JOIN-0972,2026-09-10,7981.09,WH-MIAMI
ORD-00973,CUST-JOIN-0973,2026-09-10,2975.19,WH-NEWYORK
ORD-00974,CUST-JOIN-0974,2026-09-10,7776.27,WH-NEWYORK
ORD-00975,CUST-JOIN-0975,2026-09-10,7217.74,WH-CHICAGO
ORD-00976,CUST-JOIN-0976,2026-09-10,3346.15,WH-NEWYORK
ORD-00977,CUST-JOIN-0977,2026-09-10,5581.98,WH-DETROIT
ORD-00978,CUST-JOIN-0978,2026-09-10,6065.24,WH-DETROIT
ORD-00979,CUST-JOIN-0979,2026-09-10,1726.55,WH-MIAMI
ORD-00980,CUST-JOIN-0980,2026-09-10,4946.51,WH-DETROIT
ORD-00981,CUST-JOIN-0981,2026-09-10,508.14,WH-NEWYORK
ORD-00982,CUST-JOIN-0982,2026-09-10,7148.64,WH-NEWYORK
ORD-00983,CUST-JOIN-0983,2026-09-10,720.78,WH-DETROIT
ORD-00984,CUST-JOIN-0984,2026-09-10,7439.33,WH-NEWYORK
ORD-00985,CUST-JOIN-0985,2026-09-11,7465.75,WH-NEWYORK
ORD-00986,CUST-JOIN-0986,2026-09-11,7948.79,WH-CHICAGO
ORD-00987,CUST-JOIN-0987,2026-09-11,7661.51,WH-DETROIT
ORD-00988,CUST-JOIN-0988,2026-09-11,1971.52,WH-CHICAGO
ORD-00989,CUST-JOIN-0989,2026-09-11,3418.23,WH-MIAMI
ORD-00990,CUST-JOIN-0990,2026-09-11,6276.61,WH-NEWYORK
ORD-00991,CUST-JOIN-0991,2026-09-11,5273.74,WH-DETROIT
ORD-00992,CUST-JOIN-0992,2026-09-11,3876.0,WH-DETROIT
ORD-00993,CUST-JOIN-0993,2026-09-11,5357.81,WH-CHICAGO
ORD-00994,CUST-JOIN-0994,2026-09-11,439.64,WH-NEWYORK
ORD-00995,CUST-JOIN-0995,2026-09-11,2295.37,WH-CHICAGO
ORD-00996,CUST-JOIN-0996,2026-09-11,2805.29,WH-CHICAGO
ORD-00997,CUST-JOIN-0997,2026-09-11,7283.19,WH-NEWYORK
ORD-00998,CUST-JOIN-0998,2026-09-11,2433.18,WH-MIAMI
ORD-00999,CUST-JOIN-0999,2026-09-11,1313.07,WH-NEWYORK
ORD-01000,CUST-JOIN-1000,2026-09-11,601.7,WH-DETROIT
ORD-01001,CUST-JOIN-1001,2026-08-01,1055.51,WH-NEWYORK
ORD-01002,CUST-JOIN-1002,2026-08-01,5861.01,WH-CHICAGO
ORD-01003,CUST-JOIN-1003,2026-08-01,5588.26,WH-CHICAGO
ORD-01004,CUST-JOIN-1004,2026-08-01,5960.2,WH-DETROIT
ORD-01005,CUST-JOIN-1005,2026-08-01,4578.91,WH-MIAMI
ORD-01006,CUST-JOIN-1006,2026-08-01,7958.85,WH-MIAMI
ORD-01007,CUST-JOIN-1007,2026-08-01,2540.83,WH-CHICAGO
ORD-01008,CUST-JOIN-1008,2026-08-01,3893.6,WH-CHICAGO
ORD-01009,CUST-JOIN-1009,2026-08-01,3802.18,WH-MIAMI
ORD-01010,CUST-JOIN-1010,2026-08-01,395.08,WH-NEWYORK
ORD-01011,CUST-JOIN-1011,2026-08-01,5515.58,WH-MIAMI
ORD-01012,CUST-JOIN-1012,2026-08-01,5477.85,WH-DETROIT
ORD-01013,CUST-JOIN-1013,2026-08-01,5490.34,WH-DETROIT
ORD-01014,CUST-JOIN-1014,2026-08-01,431.29,WH-CHICAGO
ORD-01015,CUST-JOIN-1015,2026-08-01,3176.66,WH-NEWYORK
ORD-01016,CUST-JOIN-1016,2026-08-01,7032.68,WH-CHICAGO
ORD-01017,CUST-JOIN-1017,2026-08-01,1717.01,WH-NEWYORK
ORD-01018,CUST-JOIN-1018,2026-08-01,5773.24,WH-CHICAGO
ORD-01019,CUST-JOIN-1019,2026-08-01,6622.0,WH-CHICAGO
ORD-01020,CUST-JOIN-1020,2026-08-01,2679.74,WH-CHICAGO
ORD-01021,CUST-JOIN-1021,2026-08-01,3599.77,WH-NEWYORK
ORD-01022,CUST-JOIN-1022,2026-08-01,566.18,WH-NEWYORK
ORD-01023,CUST-JOIN-1023,2026-08-01,1989.37,WH-NEWYORK
ORD-01024,CUST-JOIN-1024,2026-08-01,7605.27,WH-CHICAGO
ORD-01025,CUST-JOIN-1025,2026-08-02,2560.09,WH-NEWYORK
ORD-01026,CUST-JOIN-1026,2026-08-02,3226.1,WH-MIAMI
ORD-01027,CUST-JOIN-1027,2026-08-02,5966.51,WH-MIAMI
ORD-01028,CUST-JOIN-1028,2026-08-02,7513.26,WH-MIAMI
ORD-01029,CUST-JOIN-1029,2026-08-02,6093.76,WH-CHICAGO
ORD-01030,CUST-JOIN-1030,2026-08-02,1601.12,WH-NEWYORK
ORD-01031,CUST-JOIN-1031,2026-08-02,1234.16,WH-MIAMI
ORD-01032,CUST-JOIN-1032,2026-08-02,7792.09,WH-CHICAGO
ORD-01033,CUST-JOIN-1033,2026-08-02,5045.99,WH-MIAMI
ORD-01034,CUST-JOIN-1034,2026-08-02,4020.61,WH-DETROIT
ORD-01035,CUST-JOIN-1035,2026-08-02,2335.76,WH-CHICAGO
ORD-01036,CUST-JOIN-1036,2026-08-02,5987.62,WH-MIAMI
ORD-01037,CUST-JOIN-1037,2026-08-02,4366.33,WH-MIAMI
ORD-01038,CUST-JOIN-1038,2026-08-02,5638.71,WH-NEWYORK
ORD-01039,CUST-JOIN-1039,2026-08-02,5931.04,WH-DETROIT
ORD-01040,CUST-JOIN-1040,2026-08-02,3310.09,WH-MIAMI
ORD-01041,CUST-JOIN-1041,2026-08-02,7233.72,WH-DETROIT
ORD-01042,CUST-JOIN-1042,2026-08-02,1328.17,WH-NEWYORK
ORD-01043,CUST-JOIN-1043,2026-08-02,5848.81,WH-DETROIT
ORD-01044,CUST-JOIN-1044,2026-08-02,2435.16,WH-CHICAGO
ORD-01045,CUST-JOIN-1045,2026-08-02,4000.4,WH-CHICAGO
ORD-01046,CUST-JOIN-1046,2026-08-02,3398.96,WH-CHICAGO
ORD-01047,CUST-JOIN-1047,2026-08-02,611.7,WH-NEWYORK
ORD-01048,CUST-JOIN-1048,2026-08-02,3423.13,WH-NEWYORK
ORD-01049,CUST-JOIN-1049,2026-08-03,4255.48,WH-DETROIT
ORD-01050,CUST-JOIN-1050,2026-08-03,4403.39,WH-MIAMI
ORD-01051,CUST-JOIN-1051,2026-08-03,5835.81,WH-CHICAGO
ORD-01052,CUST-JOIN-1052,2026-08-03,4107.48,WH-NEWYORK
ORD-01053,CUST-JOIN-1053,2026-08-03,5492.24,WH-DETROIT
ORD-01054,CUST-JOIN-1054,2026-08-03,2569.66,WH-CHICAGO
ORD-01055,CUST-JOIN-1055,2026-08-03,1957.22,WH-CHICAGO
ORD-01056,CUST-JOIN-1056,2026-08-03,5547.94,WH-DETROIT
ORD-01057,CUST-JOIN-1057,2026-08-03,7283.23,WH-CHICAGO
ORD-01058,CUST-JOIN-1058,2026-08-03,2444.78,WH-NEWYORK
ORD-01059,CUST-JOIN-1059,2026-08-03,2427.09,WH-NEWYORK
ORD-01060,CUST-JOIN-1060,2026-08-03,4978.97,WH-CHICAGO
ORD-01061,CUST-JOIN-1061,2026-08-03,7809.42,WH-MIAMI
ORD-01062,CUST-JOIN-1062,2026-08-03,6283.7,WH-DETROIT
ORD-01063,CUST-JOIN-1063,2026-08-03,3196.69,WH-MIAMI
ORD-01064,CUST-JOIN-1064,2026-08-03,7603.34,WH-DETROIT
ORD-01065,CUST-JOIN-1065,2026-08-03,832.99,WH-MIAMI
ORD-01066,CUST-JOIN-1066,2026-08-03,4192.72,WH-NEWYORK
ORD-01067,CUST-JOIN-1067,2026-08-03,5441.48,WH-MIAMI
ORD-01068,CUST-JOIN-1068,2026-08-03,4042.61,WH-MIAMI
ORD-01069,CUST-JOIN-1069,2026-08-03,1023.4,WH-MIAMI
ORD-01070,CUST-JOIN-1070,2026-08-03,3203.93,WH-DETROIT
ORD-01071,CUST-JOIN-1071,2026-08-03,4159.3,WH-NEWYORK
ORD-01072,CUST-JOIN-1072,2026-08-03,3882.11,WH-DETROIT
ORD-01073,CUST-JOIN-1073,2026-08-04,7887.89,WH-CHICAGO
ORD-01074,CUST-JOIN-1074,2026-08-04,7537.27,WH-CHICAGO
ORD-01075,CUST-JOIN-1075,2026-08-04,898.66,WH-NEWYORK
ORD-01076,CUST-JOIN-1076,2026-08-04,6594.44,WH-NEWYORK
ORD-01077,CUST-JOIN-1077,2026-08-04,4030.2,WH-CHICAGO
ORD-01078,CUST-JOIN-1078,2026-08-04,7468.97,WH-MIAMI
ORD-01079,CUST-JOIN-1079,2026-08-04,3735.65,WH-DETROIT
ORD-01080,CUST-JOIN-1080,2026-08-04,341.61,WH-MIAMI
ORD-01081,CUST-JOIN-1081,2026-08-04,7817.94,WH-DETROIT
ORD-01082,CUST-JOIN-1082,2026-08-04,4533.57,WH-DETROIT
ORD-01083,CUST-JOIN-1083,2026-08-04,1807.87,WH-MIAMI
ORD-01084,CUST-JOIN-1084,2026-08-04,2114.2,WH-CHICAGO
ORD-01085,CUST-JOIN-1085,2026-08-04,4999.93,WH-MIAMI
ORD-01086,CUST-JOIN-1086,2026-08-04,6593.71,WH-DETROIT
ORD-01087,CUST-JOIN-1087,2026-08-04,2273.25,WH-NEWYORK
ORD-01088,CUST-JOIN-1088,2026-08-04,1713.14,WH-DETROIT
ORD-01089,CUST-JOIN-1089,2026-08-04,6950.21,WH-MIAMI
ORD-01090,CUST-JOIN-1090,2026-08-04,6679.14,WH-MIAMI
ORD-01091,CUST-JOIN-1091,2026-08-04,682.42,WH-DETROIT
ORD-01092,CUST-JOIN-1092,2026-08-04,4632.17,WH-CHICAGO
ORD-01093,CUST-JOIN-1093,2026-08-04,6628.07,WH-NEWYORK
ORD-01094,CUST-JOIN-1094,2026-08-04,296.25,WH-DETROIT
ORD-01095,CUST-JOIN-1095,2026-08-04,7947.31,WH-MIAMI
ORD-01096,CUST-JOIN-1096,2026-08-04,4511.8,WH-CHICAGO
ORD-01097,CUST-JOIN-1097,2026-08-05,2645.88,WH-DETROIT
ORD-01098,CUST-JOIN-1098,2026-08-05,2538.05,WH-NEWYORK
ORD-01099,CUST-JOIN-1099,2026-08-05,631.21,WH-CHICAGO
ORD-01100,CUST-JOIN-1100,2026-08-05,6537.16,WH-CHICAGO
ORD-01101,CUST-JOIN-1101,2026-08-05,7811.86,WH-MIAMI
ORD-01102,CUST-JOIN-1102,2026-08-05,2602.16,WH-MIAMI
ORD-01103,CUST-JOIN-1103,2026-08-05,2002.4,WH-NEWYORK
ORD-01104,CUST-JOIN-1104,2026-08-05,6134.19,WH-NEWYORK
ORD-01105,CUST-JOIN-1105,2026-08-05,3348.33,WH-NEWYORK
ORD-01106,CUST-JOIN-1106,2026-08-05,419.71,WH-MIAMI
ORD-01107,CUST-JOIN-1107,2026-08-05,3345.06,WH-CHICAGO
ORD-01108,CUST-JOIN-1108,2026-08-05,4882.15,WH-CHICAGO
ORD-01109,CUST-JOIN-1109,2026-08-05,3607.1,WH-DETROIT
ORD-01110,CUST-JOIN-1110,2026-08-05,357.26,WH-DETROIT
ORD-01111,CUST-JOIN-1111,2026-08-05,707.55,WH-NEWYORK
ORD-01112,CUST-JOIN-1112,2026-08-05,1889.67,WH-CHICAGO
ORD-01113,CUST-JOIN-1113,2026-08-05,4493.31,WH-MIAMI
ORD-01114,CUST-JOIN-1114,2026-08-05,1510.22,WH-NEWYORK
ORD-01115,CUST-JOIN-1115,2026-08-05,4694.35,WH-CHICAGO
ORD-01116,CUST-JOIN-1116,2026-08-05,1507.4,WH-CHICAGO
ORD-01117,CUST-JOIN-1117,2026-08-05,2080.81,WH-DETROIT
ORD-01118,CUST-JOIN-1118,2026-08-05,5384.08,WH-MIAMI
ORD-01119,CUST-JOIN-1119,2026-08-05,7611.47,WH-CHICAGO
ORD-01120,CUST-JOIN-1120,2026-08-05,4893.65,WH-DETROIT
ORD-01121,CUST-JOIN-1121,2026-08-06,3155.18,WH-DETROIT
ORD-01122,CUST-JOIN-1122,2026-08-06,5238.9,WH-NEWYORK
ORD-01123,CUST-JOIN-1123,2026-08-06,6962.24,WH-DETROIT
ORD-01124,CUST-JOIN-1124,2026-08-06,5295.04,WH-MIAMI
ORD-01125,CUST-JOIN-1125,2026-08-06,2605.55,WH-DETROIT
ORD-01126,CUST-JOIN-1126,2026-08-06,5715.35,WH-MIAMI
ORD-01127,CUST-JOIN-1127,2026-08-06,3674.56,WH-DETROIT
ORD-01128,CUST-JOIN-1128,2026-08-06,7365.05,WH-DETROIT
ORD-01129,CUST-JOIN-1129,2026-08-06,7871.57,WH-NEWYORK
ORD-01130,CUST-JOIN-1130,2026-08-06,3514.7,WH-MIAMI
ORD-01131,CUST-JOIN-1131,2026-08-06,7471.48,WH-NEWYORK
ORD-01132,CUST-JOIN-1132,2026-08-06,4896.1,WH-DETROIT
ORD-01133,CUST-JOIN-1133,2026-08-06,3250.86,WH-MIAMI
ORD-01134,CUST-JOIN-1134,2026-08-06,4008.99,WH-DETROIT
ORD-01135,CUST-JOIN-1135,2026-08-06,490.54,WH-DETROIT
ORD-01136,CUST-JOIN-1136,2026-08-06,7326.67,WH-MIAMI
ORD-01137,CUST-JOIN-1137,2026-08-06,1973.84,WH-MIAMI
ORD-01138,CUST-JOIN-1138,2026-08-06,717.21,WH-CHICAGO
ORD-01139,CUST-JOIN-1139,2026-08-06,281.65,WH-MIAMI
ORD-01140,CUST-JOIN-1140,2026-08-06,6200.2,WH-DETROIT
ORD-01141,CUST-JOIN-1141,2026-08-06,3263.73,WH-DETROIT
ORD-01142,CUST-JOIN-1142,2026-08-06,2881.54,WH-NEWYORK
ORD-01143,CUST-JOIN-1143,2026-08-06,236.37,WH-MIAMI
ORD-01144,CUST-JOIN-1144,2026-08-06,5517.86,WH-DETROIT
ORD-01145,CUST-JOIN-1145,2026-08-07,778.16,WH-NEWYORK
ORD-01146,CUST-JOIN-1146,2026-08-07,5179.68,WH-NEWYORK
ORD-01147,CUST-JOIN-1147,2026-08-07,6892.22,WH-CHICAGO
ORD-01148,CUST-JOIN-1148,2026-08-07,7080.04,WH-DETROIT
ORD-01149,CUST-JOIN-1149,2026-08-07,2634.77,WH-MIAMI
ORD-01150,CUST-JOIN-1150,2026-08-07,747.87,WH-CHICAGO
ORD-01151,CUST-JOIN-1151,2026-08-07,3472.06,WH-NEWYORK
ORD-01152,CUST-JOIN-1152,2026-08-07,4343.24,WH-CHICAGO
ORD-01153,CUST-JOIN-1153,2026-08-07,2239.94,WH-CHICAGO
ORD-01154,CUST-JOIN-1154,2026-08-07,4678.55,WH-DETROIT
ORD-01155,CUST-JOIN-1155,2026-08-07,6723.36,WH-NEWYORK
ORD-01156,CUST-JOIN-1156,2026-08-07,7911.15,WH-DETROIT
ORD-01157,CUST-JOIN-1157,2026-08-07,4256.48,WH-NEWYORK
ORD-01158,CUST-JOIN-1158,2026-08-07,5049.13,WH-NEWYORK
ORD-01159,CUST-JOIN-1159,2026-08-07,232.01,WH-CHICAGO
ORD-01160,CUST-JOIN-1160,2026-08-07,298.39,WH-NEWYORK
ORD-01161,CUST-JOIN-1161,2026-08-07,5588.56,WH-CHICAGO
ORD-01162,CUST-JOIN-1162,2026-08-07,7107.51,WH-DETROIT
ORD-01163,CUST-JOIN-1163,2026-08-07,1069.11,WH-MIAMI
ORD-01164,CUST-JOIN-1164,2026-08-07,3985.64,WH-DETROIT
ORD-01165,CUST-JOIN-1165,2026-08-07,3165.73,WH-MIAMI
ORD-01166,CUST-JOIN-1166,2026-08-07,7928.07,WH-CHICAGO
ORD-01167,CUST-JOIN-1167,2026-08-07,4851.21,WH-NEWYORK
ORD-01168,CUST-JOIN-1168,2026-08-07,5145.59,WH-DETROIT
ORD-01169,CUST-JOIN-1169,2026-08-08,771.16,WH-CHICAGO
ORD-01170,CUST-JOIN-1170,2026-08-08,1113.28,WH-CHICAGO
ORD-01171,CUST-JOIN-1171,2026-08-08,7278.25,WH-DETROIT
ORD-01172,CUST-JOIN-1172,2026-08-08,6864.5,WH-CHICAGO
ORD-01173,CUST-JOIN-1173,2026-08-08,1985.75,WH-DETROIT
ORD-01174,CUST-JOIN-1174,2026-08-08,1013.0,WH-NEWYORK
ORD-01175,CUST-JOIN-1175,2026-08-08,2023.12,WH-CHICAGO
ORD-01176,CUST-JOIN-1176,2026-08-08,2791.06,WH-NEWYORK
ORD-01177,CUST-JOIN-1177,2026-08-08,3658.5,WH-CHICAGO
ORD-01178,CUST-JOIN-1178,2026-08-08,4411.8,WH-DETROIT
ORD-01179,CUST-JOIN-1179,2026-08-08,7292.13,WH-CHICAGO
ORD-01180,CUST-JOIN-1180,2026-08-08,2120.24,WH-CHICAGO
ORD-01181,CUST-JOIN-1181,2026-08-08,4866.44,WH-CHICAGO
ORD-01182,CUST-JOIN-1182,2026-08-08,866.66,WH-CHICAGO
ORD-01183,CUST-JOIN-1183,2026-08-08,765.87,WH-NEWYORK
ORD-01184,CUST-JOIN-1184,2026-08-08,3608.04,WH-NEWYORK
ORD-01185,CUST-JOIN-1185,2026-08-08,5650.42,WH-MIAMI
ORD-01186,CUST-JOIN-1186,2026-08-08,4655.26,WH-MIAMI
ORD-01187,CUST-JOIN-1187,2026-08-08,4733.27,WH-CHICAGO
ORD-01188,CUST-JOIN-1188,2026-08-08,3969.87,WH-CHICAGO
ORD-01189,CUST-JOIN-1189,2026-08-08,5294.42,WH-MIAMI
ORD-01190,CUST-JOIN-1190,2026-08-08,834.81,WH-CHICAGO
ORD-01191,CUST-JOIN-1191,2026-08-08,339.52,WH-MIAMI
ORD-01192,CUST-JOIN-1192,2026-08-08,5579.73,WH-CHICAGO
ORD-01193,CUST-JOIN-1193,2026-08-09,7034.06,WH-DETROIT
ORD-01194,CUST-JOIN-1194,2026-08-09,7349.04,WH-MIAMI
ORD-01195,CUST-JOIN-1195,2026-08-09,3998.3,WH-CHICAGO
ORD-01196,CUST-JOIN-1196,2026-08-09,1168.94,WH-DETROIT
ORD-01197,CUST-JOIN-1197,2026-08-09,6827.56,WH-CHICAGO
ORD-01198,CUST-JOIN-1198,2026-08-09,1213.94,WH-MIAMI
ORD-01199,CUST-JOIN-1199,2026-08-09,7002.05,WH-DETROIT
ORD-01200,CUST-JOIN-1200,2026-08-09,3345.88,WH-MIAMI
ORD-01201,CUST-JOIN-1201,2026-08-09,1438.55,WH-CHICAGO
ORD-01202,CUST-JOIN-1202,2026-08-09,5925.99,WH-MIAMI
ORD-01203,CUST-JOIN-1203,2026-08-09,838.33,WH-CHICAGO
ORD-01204,CUST-JOIN-1204,2026-08-09,5232.24,WH-MIAMI
ORD-01205,CUST-JOIN-1205,2026-08-09,6502.78,WH-MIAMI
ORD-01206,CUST-JOIN-1206,2026-08-09,360.41,WH-NEWYORK
ORD-01207,CUST-JOIN-1207,2026-08-09,7307.69,WH-DETROIT
ORD-01208,CUST-JOIN-1208,2026-08-09,4198.69,WH-CHICAGO
ORD-01209,CUST-JOIN-1209,2026-08-09,273.07,WH-DETROIT
ORD-01210,CUST-JOIN-1210,2026-08-09,3362.98,WH-MIAMI
ORD-01211,CUST-JOIN-1211,2026-08-09,5194.35,WH-CHICAGO
ORD-01212,CUST-JOIN-1212,2026-08-09,3486.24,WH-NEWYORK
ORD-01213,CUST-JOIN-1213,2026-08-09,7097.52,WH-MIAMI
ORD-01214,CUST-JOIN-1214,2026-08-09,1612.09,WH-NEWYORK
ORD-01215,CUST-JOIN-1215,2026-08-09,1792.15,WH-MIAMI
ORD-01216,CUST-JOIN-1216,2026-08-09,3104.26,WH-MIAMI
ORD-01217,CUST-JOIN-1217,2026-08-10,4284.75,WH-CHICAGO
ORD-01218,CUST-JOIN-1218,2026-08-10,1667.74,WH-NEWYORK
ORD-01219,CUST-JOIN-1219,2026-08-10,7499.82,WH-MIAMI
ORD-01220,CUST-JOIN-1220,2026-08-10,4472.86,WH-DETROIT
ORD-01221,CUST-JOIN-1221,2026-08-10,4387.23,WH-MIAMI
ORD-01222,CUST-JOIN-1222,2026-08-10,2079.09,WH-MIAMI
ORD-01223,CUST-JOIN-1223,2026-08-10,6272.63,WH-DETROIT
ORD-01224,CUST-JOIN-1224,2026-08-10,2111.31,WH-CHICAGO
ORD-01225,CUST-JOIN-1225,2026-08-10,6997.35,WH-DETROIT
ORD-01226,CUST-JOIN-1226,2026-08-10,6269.51,WH-MIAMI
ORD-01227,CUST-JOIN-1227,2026-08-10,7366.55,WH-DETROIT
ORD-01228,CUST-JOIN-1228,2026-08-10,2502.68,WH-DETROIT
ORD-01229,CUST-JOIN-1229,2026-08-10,7362.79,WH-NEWYORK
ORD-01230,CUST-JOIN-1230,2026-08-10,5860.01,WH-MIAMI
ORD-01231,CUST-JOIN-1231,2026-08-10,2279.54,WH-NEWYORK
ORD-01232,CUST-JOIN-1232,2026-08-10,1805.93,WH-MIAMI
ORD-01233,CUST-JOIN-1233,2026-08-10,3812.58,WH-NEWYORK
ORD-01234,CUST-JOIN-1234,2026-08-10,7070.47,WH-DETROIT
ORD-01235,CUST-JOIN-1235,2026-08-10,4617.85,WH-CHICAGO
ORD-01236,CUST-JOIN-1236,2026-08-10,1092.82,WH-MIAMI
ORD-01237,CUST-JOIN-1237,2026-08-10,4938.31,WH-NEWYORK
ORD-01238,CUST-JOIN-1238,2026-08-10,7196.16,WH-DETROIT
ORD-01239,CUST-JOIN-1239,2026-08-10,5848.01,WH-CHICAGO
ORD-01240,CUST-JOIN-1240,2026-08-10,4130.43,WH-CHICAGO
ORD-01241,CUST-JOIN-1241,2026-08-11,6308.82,WH-NEWYORK
ORD-01242,CUST-JOIN-1242,2026-08-11,3496.22,WH-MIAMI
ORD-01243,CUST-JOIN-1243,2026-08-11,4974.52,WH-DETROIT
ORD-01244,CUST-JOIN-1244,2026-08-11,5284.71,WH-MIAMI
ORD-01245,CUST-JOIN-1245,2026-08-11,2606.13,WH-DETROIT
ORD-01246,CUST-JOIN-1246,2026-08-11,6374.07,WH-NEWYORK
ORD-01247,CUST-JOIN-1247,2026-08-11,6324.63,WH-CHICAGO
ORD-01248,CUST-JOIN-1248,2026-08-11,5174.19,WH-NEWYORK
ORD-01249,CUST-JOIN-1249,2026-08-11,7340.15,WH-MIAMI
ORD-01250,CUST-JOIN-1250,2026-08-11,4268.64,WH-CHICAGO
ORD-01251,CUST-JOIN-1251,2026-08-11,6110.91,WH-DETROIT
ORD-01252,CUST-JOIN-1252,2026-08-11,3326.32,WH-MIAMI
ORD-01253,CUST-JOIN-1253,2026-08-11,5406.65,WH-NEWYORK
ORD-01254,CUST-JOIN-1254,2026-08-11,371.18,WH-MIAMI
ORD-01255,CUST-JOIN-1255,2026-08-11,6530.06,WH-CHICAGO
ORD-01256,CUST-JOIN-1256,2026-08-11,4608.35,WH-NEWYORK
ORD-01257,CUST-JOIN-1257,2026-08-11,5909.21,WH-CHICAGO
ORD-01258,CUST-JOIN-1258,2026-08-11,6011.86,WH-CHICAGO
ORD-01259,CUST-JOIN-1259,2026-08-11,4991.33,WH-NEWYORK
ORD-01260,CUST-JOIN-1260,2026-08-11,313.31,WH-CHICAGO
ORD-01261,CUST-JOIN-1261,2026-08-11,6746.3,WH-CHICAGO
ORD-01262,CUST-JOIN-1262,2026-08-11,4063.54,WH-MIAMI
ORD-01263,CUST-JOIN-1263,2026-08-11,5587.15,WH-MIAMI
ORD-01264,CUST-JOIN-1264,2026-08-11,7205.28,WH-NEWYORK
ORD-01265,CUST-JOIN-1265,2026-08-12,4622.61,WH-NEWYORK
ORD-01266,CUST-JOIN-1266,2026-08-12,2747.53,WH-CHICAGO
ORD-01267,CUST-JOIN-1267,2026-08-12,7465.48,WH-MIAMI
ORD-01268,CUST-JOIN-1268,2026-08-12,5037.11,WH-NEWYORK
ORD-01269,CUST-JOIN-1269,2026-08-12,1384.4,WH-NEWYORK
ORD-01270,CUST-JOIN-1270,2026-08-12,2206.25,WH-DETROIT
ORD-01271,CUST-JOIN-1271,2026-08-12,2160.48,WH-DETROIT
ORD-01272,CUST-JOIN-1272,2026-08-12,6348.77,WH-MIAMI
ORD-01273,CUST-JOIN-1273,2026-08-12,7039.81,WH-NEWYORK
ORD-01274,CUST-JOIN-1274,2026-08-12,4680.53,WH-MIAMI
ORD-01275,CUST-JOIN-1275,2026-08-12,3558.38,WH-NEWYORK
ORD-01276,CUST-JOIN-1276,2026-08-12,5976.85,WH-MIAMI
ORD-01277,CUST-JOIN-1277,2026-08-12,6413.83,WH-CHICAGO
ORD-01278,CUST-JOIN-1278,2026-08-12,1132.48,WH-CHICAGO
ORD-01279,CUST-JOIN-1279,2026-08-12,4961.85,WH-MIAMI
ORD-01280,CUST-JOIN-1280,2026-08-12,7995.84,WH-CHICAGO
ORD-01281,CUST-JOIN-1281,2026-08-12,6823.1,WH-MIAMI
ORD-01282,CUST-JOIN-1282,2026-08-12,7952.16,WH-MIAMI
ORD-01283,CUST-JOIN-1283,2026-08-12,5578.52,WH-NEWYORK
ORD-01284,CUST-JOIN-1284,2026-08-12,6614.93,WH-DETROIT
ORD-01285,CUST-JOIN-1285,2026-08-12,6167.09,WH-DETROIT
ORD-01286,CUST-JOIN-1286,2026-08-12,7988.41,WH-NEWYORK
ORD-01287,CUST-JOIN-1287,2026-08-12,1734.61,WH-NEWYORK
ORD-01288,CUST-JOIN-1288,2026-08-12,5999.25,WH-DETROIT
ORD-01289,CUST-JOIN-1289,2026-08-13,4563.66,WH-DETROIT
ORD-01290,CUST-JOIN-1290,2026-08-13,4757.29,WH-CHICAGO
ORD-01291,CUST-JOIN-1291,2026-08-13,4464.9,WH-DETROIT
ORD-01292,CUST-JOIN-1292,2026-08-13,5814.44,WH-DETROIT
ORD-01293,CUST-JOIN-1293,2026-08-13,1132.13,WH-MIAMI
ORD-01294,CUST-JOIN-1294,2026-08-13,1592.96,WH-NEWYORK
ORD-01295,CUST-JOIN-1295,2026-08-13,953.93,WH-CHICAGO
ORD-01296,CUST-JOIN-1296,2026-08-13,6843.12,WH-NEWYORK
ORD-01297,CUST-JOIN-1297,2026-08-13,7126.34,WH-CHICAGO
ORD-01298,CUST-JOIN-1298,2026-08-13,5062.61,WH-NEWYORK
ORD-01299,CUST-JOIN-1299,2026-08-13,5446.45,WH-CHICAGO
ORD-01300,CUST-JOIN-1300,2026-08-13,6254.63,WH-NEWYORK
ORD-01301,CUST-JOIN-1301,2026-08-13,4437.02,WH-DETROIT
ORD-01302,CUST-JOIN-1302,2026-08-13,2549.92,WH-NEWYORK
ORD-01303,CUST-JOIN-1303,2026-08-13,4962.12,WH-NEWYORK
ORD-01304,CUST-JOIN-1304,2026-08-13,663.33,WH-CHICAGO
ORD-01305,CUST-JOIN-1305,2026-08-13,5851.96,WH-DETROIT
ORD-01306,CUST-JOIN-1306,2026-08-13,679.27,WH-CHICAGO
ORD-01307,CUST-JOIN-1307,2026-08-13,2212.93,WH-DETROIT
ORD-01308,CUST-JOIN-1308,2026-08-13,6404.54,WH-NEWYORK
ORD-01309,CUST-JOIN-1309,2026-08-13,400.84,WH-NEWYORK
ORD-01310,CUST-JOIN-1310,2026-08-13,7590.2,WH-DETROIT
ORD-01311,CUST-JOIN-1311,2026-08-13,943.61,WH-NEWYORK
ORD-01312,CUST-JOIN-1312,2026-08-13,7762.91,WH-CHICAGO
ORD-01313,CUST-JOIN-1313,2026-08-14,7514.3,WH-CHICAGO
ORD-01314,CUST-JOIN-1314,2026-08-14,3252.63,WH-NEWYORK
ORD-01315,CUST-JOIN-1315,2026-08-14,1302.25,WH-MIAMI
ORD-01316,CUST-JOIN-1316,2026-08-14,4195.82,WH-DETROIT
ORD-01317,CUST-JOIN-1317,2026-08-14,5389.89,WH-DETROIT
ORD-01318,CUST-JOIN-1318,2026-08-14,6112.59,WH-MIAMI
ORD-01319,CUST-JOIN-1319,2026-08-14,6060.91,WH-NEWYORK
ORD-01320,CUST-JOIN-1320,2026-08-14,1551.69,WH-NEWYORK
ORD-01321,CUST-JOIN-1321,2026-08-14,7514.43,WH-DETROIT
ORD-01322,CUST-JOIN-1322,2026-08-14,2499.99,WH-DETROIT
ORD-01323,CUST-JOIN-1323,2026-08-14,213.8,WH-NEWYORK
ORD-01324,CUST-JOIN-1324,2026-08-14,2605.04,WH-CHICAGO
ORD-01325,CUST-JOIN-1325,2026-08-14,4921.62,WH-DETROIT
ORD-01326,CUST-JOIN-1326,2026-08-14,3322.29,WH-NEWYORK
ORD-01327,CUST-JOIN-1327,2026-08-14,5742.29,WH-CHICAGO
ORD-01328,CUST-JOIN-1328,2026-08-14,4836.91,WH-CHICAGO
ORD-01329,CUST-JOIN-1329,2026-08-14,2887.81,WH-DETROIT
ORD-01330,CUST-JOIN-1330,2026-08-14,5381.08,WH-MIAMI
ORD-01331,CUST-JOIN-1331,2026-08-14,7776.36,WH-NEWYORK
ORD-01332,CUST-JOIN-1332,2026-08-14,4057.64,WH-DETROIT
ORD-01333,CUST-JOIN-1333,2026-08-14,4505.71,WH-MIAMI
ORD-01334,CUST-JOIN-1334,2026-08-14,1793.75,WH-NEWYORK
ORD-01335,CUST-JOIN-1335,2026-08-14,4855.6,WH-DETROIT
ORD-01336,CUST-JOIN-1336,2026-08-14,7964.36,WH-CHICAGO
ORD-01337,CUST-JOIN-1337,2026-08-15,4907.49,WH-DETROIT
ORD-01338,CUST-JOIN-1338,2026-08-15,7434.24,WH-MIAMI
ORD-01339,CUST-JOIN-1339,2026-08-15,6538.22,WH-NEWYORK
ORD-01340,CUST-JOIN-1340,2026-08-15,1655.82,WH-NEWYORK
ORD-01341,CUST-JOIN-1341,2026-08-15,5981.38,WH-CHICAGO
ORD-01342,CUST-JOIN-1342,2026-08-15,5132.37,WH-NEWYORK
ORD-01343,CUST-JOIN-1343,2026-08-15,6471.95,WH-NEWYORK
ORD-01344,CUST-JOIN-1344,2026-08-15,7998.23,WH-MIAMI
ORD-01345,CUST-JOIN-1345,2026-08-15,7900.32,WH-NEWYORK
ORD-01346,CUST-JOIN-1346,2026-08-15,961.07,WH-DETROIT
ORD-01347,CUST-JOIN-1347,2026-08-15,7226.12,WH-CHICAGO
ORD-01348,CUST-JOIN-1348,2026-08-15,1401.06,WH-NEWYORK
ORD-01349,CUST-JOIN-1349,2026-08-15,7251.21,WH-MIAMI
ORD-01350,CUST-JOIN-1350,2026-08-15,2250.56,WH-DETROIT
ORD-01351,CUST-JOIN-1351,2026-08-15,2269.64,WH-MIAMI
ORD-01352,CUST-JOIN-1352,2026-08-15,5249.62,WH-DETROIT
ORD-01353,CUST-JOIN-1353,2026-08-15,5730.92,WH-MIAMI
ORD-01354,CUST-JOIN-1354,2026-08-15,4970.88,WH-MIAMI
ORD-01355,CUST-JOIN-1355,2026-08-15,4933.93,WH-MIAMI
ORD-01356,CUST-JOIN-1356,2026-08-15,4571.24,WH-NEWYORK
ORD-01357,CUST-JOIN-1357,2026-08-15,4913.52,WH-DETROIT
ORD-01358,CUST-JOIN-1358,2026-08-15,5004.92,WH-CHICAGO
ORD-01359,CUST-JOIN-1359,2026-08-15,6807.19,WH-DETROIT
ORD-01360,CUST-JOIN-1360,2026-08-15,1815.56,WH-NEWYORK
ORD-01361,CUST-JOIN-1361,2026-08-16,5148.49,WH-CHICAGO
ORD-01362,CUST-JOIN-1362,2026-08-16,647.21,WH-MIAMI
ORD-01363,CUST-JOIN-1363,2026-08-16,734.06,WH-CHICAGO
ORD-01364,CUST-JOIN-1364,2026-08-16,3627.3,WH-DETROIT
ORD-01365,CUST-JOIN-1365,2026-08-16,7975.76,WH-NEWYORK
ORD-01366,CUST-JOIN-1366,2026-08-16,3818.89,WH-DETROIT
ORD-01367,CUST-JOIN-1367,2026-08-16,616.71,WH-DETROIT
ORD-01368,CUST-JOIN-1368,2026-08-16,6199.28,WH-NEWYORK
ORD-01369,CUST-JOIN-1369,2026-08-16,3287.38,WH-DETROIT
ORD-01370,CUST-JOIN-1370,2026-08-16,547.02,WH-NEWYORK
ORD-01371,CUST-JOIN-1371,2026-08-16,825.0,WH-NEWYORK
ORD-01372,CUST-JOIN-1372,2026-08-16,3738.58,WH-MIAMI
ORD-01373,CUST-JOIN-1373,2026-08-16,1251.28,WH-CHICAGO
ORD-01374,CUST-JOIN-1374,2026-08-16,4984.09,WH-NEWYORK
ORD-01375,CUST-JOIN-1375,2026-08-16,7840.2,WH-DETROIT
ORD-01376,CUST-JOIN-1376,2026-08-16,6161.39,WH-CHICAGO
ORD-01377,CUST-JOIN-1377,2026-08-16,6898.61,WH-CHICAGO
ORD-01378,CUST-JOIN-1378,2026-08-16,4147.66,WH-CHICAGO
ORD-01379,CUST-JOIN-1379,2026-08-16,3707.74,WH-NEWYORK
ORD-01380,CUST-JOIN-1380,2026-08-16,2854.51,WH-NEWYORK
ORD-01381,CUST-JOIN-1381,2026-08-16,853.63,WH-CHICAGO
ORD-01382,CUST-JOIN-1382,2026-08-16,4527.98,WH-NEWYORK
ORD-01383,CUST-JOIN-1383,2026-08-16,6657.95,WH-MIAMI
ORD-01384,CUST-JOIN-1384,2026-08-16,2370.18,WH-DETROIT
ORD-01385,CUST-JOIN-1385,2026-08-17,1002.13,WH-CHICAGO
ORD-01386,CUST-JOIN-1386,2026-08-17,4854.68,WH-NEWYORK
ORD-01387,CUST-JOIN-1387,2026-08-17,499.09,WH-CHICAGO
ORD-01388,CUST-JOIN-1388,2026-08-17,4817.47,WH-MIAMI
ORD-01389,CUST-JOIN-1389,2026-08-17,2602.51,WH-CHICAGO
ORD-01390,CUST-JOIN-1390,2026-08-17,6932.02,WH-MIAMI
ORD-01391,CUST-JOIN-1391,2026-08-17,3886.24,WH-CHICAGO
ORD-01392,CUST-JOIN-1392,2026-08-17,4711.74,WH-CHICAGO
ORD-01393,CUST-JOIN-1393,2026-08-17,3300.26,WH-MIAMI
ORD-01394,CUST-JOIN-1394,2026-08-17,7929.0,WH-NEWYORK
ORD-01395,CUST-JOIN-1395,2026-08-17,3573.09,WH-NEWYORK
ORD-01396,CUST-JOIN-1396,2026-08-17,4942.42,WH-CHICAGO
ORD-01397,CUST-JOIN-1397,2026-08-17,3774.79,WH-CHICAGO
ORD-01398,CUST-JOIN-1398,2026-08-17,5093.7,WH-CHICAGO
ORD-01399,CUST-JOIN-1399,2026-08-17,6408.46,WH-NEWYORK
ORD-01400,CUST-JOIN-1400,2026-08-17,2797.09,WH-DETROIT
ORD-01401,CUST-JOIN-1401,2026-08-17,7288.16,WH-DETROIT
ORD-01402,CUST-JOIN-1402,2026-08-17,756.48,WH-NEWYORK
ORD-01403,CUST-JOIN-1403,2026-08-17,270.11,WH-CHICAGO
ORD-01404,CUST-JOIN-1404,2026-08-17,6428.43,WH-MIAMI
ORD-01405,CUST-JOIN-1405,2026-08-17,6788.7,WH-CHICAGO
ORD-01406,CUST-JOIN-1406,2026-08-17,6164.44,WH-MIAMI
ORD-01407,CUST-JOIN-1407,2026-08-17,3888.8,WH-MIAMI
ORD-01408,CUST-JOIN-1408,2026-08-17,4261.3,WH-MIAMI
ORD-01409,CUST-JOIN-1409,2026-08-18,2243.25,WH-MIAMI
ORD-01410,CUST-JOIN-1410,2026-08-18,3458.49,WH-NEWYORK
ORD-01411,CUST-JOIN-1411,2026-08-18,4767.64,WH-NEWYORK
ORD-01412,CUST-JOIN-1412,2026-08-18,4890.99,WH-NEWYORK
ORD-01413,CUST-JOIN-1413,2026-08-18,5569.78,WH-DETROIT
ORD-01414,CUST-JOIN-1414,2026-08-18,2649.53,WH-CHICAGO
ORD-01415,CUST-JOIN-1415,2026-08-18,1960.36,WH-NEWYORK
ORD-01416,CUST-JOIN-1416,2026-08-18,6466.63,WH-CHICAGO
ORD-01417,CUST-JOIN-1417,2026-08-18,3113.79,WH-MIAMI
ORD-01418,CUST-JOIN-1418,2026-08-18,1356.71,WH-NEWYORK
ORD-01419,CUST-JOIN-1419,2026-08-18,3659.69,WH-NEWYORK
ORD-01420,CUST-JOIN-1420,2026-08-18,3035.23,WH-MIAMI
ORD-01421,CUST-JOIN-1421,2026-08-18,5567.09,WH-DETROIT
ORD-01422,CUST-JOIN-1422,2026-08-18,5034.61,WH-NEWYORK
ORD-01423,CUST-JOIN-1423,2026-08-18,4090.62,WH-NEWYORK
ORD-01424,CUST-JOIN-1424,2026-08-18,2545.67,WH-DETROIT
ORD-01425,CUST-JOIN-1425,2026-08-18,1782.58,WH-CHICAGO
ORD-01426,CUST-JOIN-1426,2026-08-18,3618.98,WH-MIAMI
ORD-01427,CUST-JOIN-1427,2026-08-18,1344.21,WH-CHICAGO
ORD-01428,CUST-JOIN-1428,2026-08-18,2313.58,WH-CHICAGO
ORD-01429,CUST-JOIN-1429,2026-08-18,1977.7,WH-CHICAGO
ORD-01430,CUST-JOIN-1430,2026-08-18,6588.52,WH-NEWYORK
ORD-01431,CUST-JOIN-1431,2026-08-18,2484.65,WH-DETROIT
ORD-01432,CUST-JOIN-1432,2026-08-18,1129.54,WH-DETROIT
ORD-01433,CUST-JOIN-1433,2026-08-19,7090.02,WH-DETROIT
ORD-01434,CUST-JOIN-1434,2026-08-19,710.07,WH-MIAMI
ORD-01435,CUST-JOIN-1435,2026-08-19,4975.51,WH-NEWYORK
ORD-01436,CUST-JOIN-1436,2026-08-19,203.03,WH-MIAMI
ORD-01437,CUST-JOIN-1437,2026-08-19,3907.44,WH-CHICAGO
ORD-01438,CUST-JOIN-1438,2026-08-19,1339.87,WH-CHICAGO
ORD-01439,CUST-JOIN-1439,2026-08-19,6491.07,WH-NEWYORK
ORD-01440,CUST-JOIN-1440,2026-08-19,7306.61,WH-MIAMI
ORD-01441,CUST-JOIN-1441,2026-08-19,3789.85,WH-CHICAGO
ORD-01442,CUST-JOIN-1442,2026-08-19,6757.01,WH-DETROIT
ORD-01443,CUST-JOIN-1443,2026-08-19,3501.69,WH-NEWYORK
ORD-01444,CUST-JOIN-1444,2026-08-19,5668.77,WH-NEWYORK
ORD-01445,CUST-JOIN-1445,2026-08-19,7964.55,WH-CHICAGO
ORD-01446,CUST-JOIN-1446,2026-08-19,7467.33,WH-DETROIT
ORD-01447,CUST-JOIN-1447,2026-08-19,1952.05,WH-DETROIT
ORD-01448,CUST-JOIN-1448,2026-08-19,3970.08,WH-CHICAGO
ORD-01449,CUST-JOIN-1449,2026-08-19,2302.18,WH-MIAMI
ORD-01450,CUST-JOIN-1450,2026-08-19,3333.31,WH-DETROIT
ORD-01451,CUST-JOIN-1451,2026-08-19,2702.62,WH-DETROIT
ORD-01452,CUST-JOIN-1452,2026-08-19,3038.93,WH-CHICAGO
ORD-01453,CUST-JOIN-1453,2026-08-19,1160.25,WH-MIAMI
ORD-01454,CUST-JOIN-1454,2026-08-19,2519.21,WH-DETROIT
ORD-01455,CUST-JOIN-1455,2026-08-19,4582.23,WH-CHICAGO
ORD-01456,CUST-JOIN-1456,2026-08-19,4706.99,WH-NEWYORK
ORD-01457,CUST-JOIN-1457,2026-08-20,1684.91,WH-CHICAGO
ORD-01458,CUST-JOIN-1458,2026-08-20,1457.29,WH-CHICAGO
ORD-01459,CUST-JOIN-1459,2026-08-20,6557.55,WH-CHICAGO
ORD-01460,CUST-JOIN-1460,2026-08-20,4780.81,WH-DETROIT
ORD-01461,CUST-JOIN-1461,2026-08-20,2211.46,WH-MIAMI
ORD-01462,CUST-JOIN-1462,2026-08-20,2770.76,WH-DETROIT
ORD-01463,CUST-JOIN-1463,2026-08-20,2744.02,WH-DETROIT
ORD-01464,CUST-JOIN-1464,2026-08-20,1402.18,WH-DETROIT
ORD-01465,CUST-JOIN-1465,2026-08-20,2915.85,WH-DETROIT
ORD-01466,CUST-JOIN-1466,2026-08-20,7744.42,WH-MIAMI
ORD-01467,CUST-JOIN-1467,2026-08-20,7228.13,WH-MIAMI
ORD-01468,CUST-JOIN-1468,2026-08-20,5627.35,WH-NEWYORK
ORD-01469,CUST-JOIN-1469,2026-08-20,1884.79,WH-DETROIT
ORD-01470,CUST-JOIN-1470,2026-08-20,7760.42,WH-CHICAGO
ORD-01471,CUST-JOIN-1471,2026-08-20,6503.05,WH-NEWYORK
ORD-01472,CUST-JOIN-1472,2026-08-20,4773.18,WH-NEWYORK
ORD-01473,CUST-JOIN-1473,2026-08-20,6477.93,WH-DETROIT
ORD-01474,CUST-JOIN-1474,2026-08-20,1588.77,WH-DETROIT
ORD-01475,CUST-JOIN-1475,2026-08-20,218.63,WH-MIAMI
ORD-01476,CUST-JOIN-1476,2026-08-20,5237.57,WH-DETROIT
ORD-01477,CUST-JOIN-1477,2026-08-20,2560.47,WH-MIAMI
ORD-01478,CUST-JOIN-1478,2026-08-20,1561.57,WH-DETROIT
ORD-01479,CUST-JOIN-1479,2026-08-20,7147.31,WH-CHICAGO
ORD-01480,CUST-JOIN-1480,2026-08-20,7087.06,WH-NEWYORK
ORD-01481,CUST-JOIN-1481,2026-08-21,2299.94,WH-NEWYORK
ORD-01482,CUST-JOIN-1482,2026-08-21,6917.85,WH-DETROIT
ORD-01483,CUST-JOIN-1483,2026-08-21,5872.1,WH-CHICAGO
ORD-01484,CUST-JOIN-1484,2026-08-21,1417.42,WH-DETROIT
ORD-01485,CUST-JOIN-1485,2026-08-21,6632.34,WH-MIAMI
ORD-01486,CUST-JOIN-1486,2026-08-21,3095.47,WH-CHICAGO
ORD-01487,CUST-JOIN-1487,2026-08-21,5298.05,WH-NEWYORK
ORD-01488,CUST-JOIN-1488,2026-08-21,4081.98,WH-CHICAGO
ORD-01489,CUST-JOIN-1489,2026-08-21,213.22,WH-CHICAGO
ORD-01490,CUST-JOIN-1490,2026-08-21,564.97,WH-MIAMI
ORD-01491,CUST-JOIN-1491,2026-08-21,5639.17,WH-MIAMI
ORD-01492,CUST-JOIN-1492,2026-08-21,516.89,WH-CHICAGO
ORD-01493,CUST-JOIN-1493,2026-08-21,1158.55,WH-MIAMI
ORD-01494,CUST-JOIN-1494,2026-08-21,4907.26,WH-CHICAGO
ORD-01495,CUST-JOIN-1495,2026-08-21,6555.42,WH-MIAMI
ORD-01496,CUST-JOIN-1496,2026-08-21,6444.53,WH-MIAMI
ORD-01497,CUST-JOIN-1497,2026-08-21,4755.51,WH-CHICAGO
ORD-01498,CUST-JOIN-1498,2026-08-21,2495.3,WH-CHICAGO
ORD-01499,CUST-JOIN-1499,2026-08-21,7133.04,WH-NEWYORK
ORD-01500,CUST-JOIN-1500,2026-08-21,656.1,WH-MIAMI
ORD-01501,CUST-JOIN-1501,2026-08-21,1470.65,WH-CHICAGO
ORD-01502,CUST-JOIN-1502,2026-08-21,7890.59,WH-NEWYORK
ORD-01503,CUST-JOIN-1503,2026-08-21,2532.23,WH-NEWYORK
ORD-01504,CUST-JOIN-1504,2026-08-21,5679.83,WH-DETROIT
ORD-01505,CUST-JOIN-1505,2026-08-22,3837.0,WH-MIAMI
ORD-01506,CUST-JOIN-1506,2026-08-22,6957.47,WH-NEWYORK
ORD-01507,CUST-JOIN-1507,2026-08-22,5805.44,WH-MIAMI
ORD-01508,CUST-JOIN-1508,2026-08-22,3104.3,WH-CHICAGO
ORD-01509,CUST-JOIN-1509,2026-08-22,749.59,WH-CHICAGO
ORD-01510,CUST-JOIN-1510,2026-08-22,2201.22,WH-NEWYORK
ORD-01511,CUST-JOIN-1511,2026-08-22,4904.35,WH-MIAMI
ORD-01512,CUST-JOIN-1512,2026-08-22,1521.73,WH-NEWYORK
ORD-01513,CUST-JOIN-1513,2026-08-22,5335.3,WH-CHICAGO
ORD-01514,CUST-JOIN-1514,2026-08-22,1299.18,WH-MIAMI
ORD-01515,CUST-JOIN-1515,2026-08-22,1706.36,WH-NEWYORK
ORD-01516,CUST-JOIN-1516,2026-08-22,1565.13,WH-MIAMI
ORD-01517,CUST-JOIN-1517,2026-08-22,2041.0,WH-NEWYORK
ORD-01518,CUST-JOIN-1518,2026-08-22,1149.55,WH-MIAMI
ORD-01519,CUST-JOIN-1519,2026-08-22,1661.88,WH-DETROIT
ORD-01520,CUST-JOIN-1520,2026-08-22,3418.3,WH-MIAMI
ORD-01521,CUST-JOIN-1521,2026-08-22,3811.17,WH-MIAMI
ORD-01522,CUST-JOIN-1522,2026-08-22,3767.91,WH-CHICAGO
ORD-01523,CUST-JOIN-1523,2026-08-22,7816.81,WH-CHICAGO
ORD-01524,CUST-JOIN-1524,2026-08-22,2991.44,WH-CHICAGO
ORD-01525,CUST-JOIN-1525,2026-08-22,3629.31,WH-DETROIT
ORD-01526,CUST-JOIN-1526,2026-08-22,2520.97,WH-DETROIT
ORD-01527,CUST-JOIN-1527,2026-08-22,2496.01,WH-NEWYORK
ORD-01528,CUST-JOIN-1528,2026-08-22,1054.44,WH-DETROIT
ORD-01529,CUST-JOIN-1529,2026-08-23,2845.66,WH-CHICAGO
ORD-01530,CUST-JOIN-1530,2026-08-23,7168.67,WH-MIAMI
ORD-01531,CUST-JOIN-1531,2026-08-23,1810.95,WH-DETROIT
ORD-01532,CUST-JOIN-1532,2026-08-23,295.44,WH-NEWYORK
ORD-01533,CUST-JOIN-1533,2026-08-23,6552.48,WH-DETROIT
ORD-01534,CUST-JOIN-1534,2026-08-23,1351.91,WH-NEWYORK
ORD-01535,CUST-JOIN-1535,2026-08-23,4261.48,WH-DETROIT
ORD-01536,CUST-JOIN-1536,2026-08-23,6706.1,WH-DETROIT
ORD-01537,CUST-JOIN-1537,2026-08-23,7294.42,WH-DETROIT
ORD-01538,CUST-JOIN-1538,2026-08-23,1098.43,WH-DETROIT
ORD-01539,CUST-JOIN-1539,2026-08-23,3534.95,WH-NEWYORK
ORD-01540,CUST-JOIN-1540,2026-08-23,4941.07,WH-MIAMI
ORD-01541,CUST-JOIN-1541,2026-08-23,5759.21,WH-DETROIT
ORD-01542,CUST-JOIN-1542,2026-08-23,3871.94,WH-NEWYORK
ORD-01543,CUST-JOIN-1543,2026-08-23,5423.03,WH-CHICAGO
ORD-01544,CUST-JOIN-1544,2026-08-23,5217.8,WH-MIAMI
ORD-01545,CUST-JOIN-1545,2026-08-23,6861.89,WH-CHICAGO
ORD-01546,CUST-JOIN-1546,2026-08-23,3962.78,WH-NEWYORK
ORD-01547,CUST-JOIN-1547,2026-08-23,6425.5,WH-CHICAGO
ORD-01548,CUST-JOIN-1548,2026-08-23,4506.41,WH-MIAMI
ORD-01549,CUST-JOIN-1549,2026-08-23,1559.31,WH-CHICAGO
ORD-01550,CUST-JOIN-1550,2026-08-23,2878.38,WH-CHICAGO
ORD-01551,CUST-JOIN-1551,2026-08-23,5918.88,WH-MIAMI
ORD-01552,CUST-JOIN-1552,2026-08-23,5283.71,WH-NEWYORK
ORD-01553,CUST-JOIN-1553,2026-08-24,6022.73,WH-NEWYORK
ORD-01554,CUST-JOIN-1554,2026-08-24,1554.2,WH-DETROIT
ORD-01555,CUST-JOIN-1555,2026-08-24,3061.37,WH-DETROIT
ORD-01556,CUST-JOIN-1556,2026-08-24,5298.55,WH-MIAMI
ORD-01557,CUST-JOIN-1557,2026-08-24,5902.21,WH-CHICAGO
ORD-01558,CUST-JOIN-1558,2026-08-24,2723.97,WH-CHICAGO
ORD-01559,CUST-JOIN-1559,2026-08-24,3738.66,WH-DETROIT
ORD-01560,CUST-JOIN-1560,2026-08-24,5217.46,WH-MIAMI
ORD-01561,CUST-JOIN-1561,2026-08-24,721.34,WH-NEWYORK
ORD-01562,CUST-JOIN-1562,2026-08-24,1321.95,WH-CHICAGO
ORD-01563,CUST-JOIN-1563,2026-08-24,4522.34,WH-MIAMI
ORD-01564,CUST-JOIN-1564,2026-08-24,1192.68,WH-DETROIT
ORD-01565,CUST-JOIN-1565,2026-08-24,1757.14,WH-NEWYORK
ORD-01566,CUST-JOIN-1566,2026-08-24,7308.73,WH-NEWYORK
ORD-01567,CUST-JOIN-1567,2026-08-24,2104.29,WH-CHICAGO
ORD-01568,CUST-JOIN-1568,2026-08-24,5612.47,WH-CHICAGO
ORD-01569,CUST-JOIN-1569,2026-08-24,5793.78,WH-CHICAGO
ORD-01570,CUST-JOIN-1570,2026-08-24,2559.03,WH-NEWYORK
ORD-01571,CUST-JOIN-1571,2026-08-24,4265.84,WH-NEWYORK
ORD-01572,CUST-JOIN-1572,2026-08-24,3417.16,WH-CHICAGO
ORD-01573,CUST-JOIN-1573,2026-08-24,7279.68,WH-NEWYORK
ORD-01574,CUST-JOIN-1574,2026-08-24,5657.23,WH-DETROIT
ORD-01575,CUST-JOIN-1575,2026-08-24,407.09,WH-DETROIT
ORD-01576,CUST-JOIN-1576,2026-08-24,4224.46,WH-NEWYORK
ORD-01577,CUST-JOIN-1577,2026-08-25,5441.48,WH-MIAMI
ORD-01578,CUST-JOIN-1578,2026-08-25,7780.16,WH-CHICAGO
ORD-01579,CUST-JOIN-1579,2026-08-25,3242.87,WH-DETROIT
ORD-01580,CUST-JOIN-1580,2026-08-25,1790.36,WH-MIAMI
ORD-01581,CUST-JOIN-1581,2026-08-25,2803.95,WH-MIAMI
ORD-01582,CUST-JOIN-1582,2026-08-25,4789.04,WH-MIAMI
ORD-01583,CUST-JOIN-1583,2026-08-25,5601.58,WH-CHICAGO
ORD-01584,CUST-JOIN-1584,2026-08-25,4847.34,WH-DETROIT
ORD-01585,CUST-JOIN-1585,2026-08-25,551.53,WH-MIAMI
ORD-01586,CUST-JOIN-1586,2026-08-25,1692.86,WH-DETROIT
ORD-01587,CUST-JOIN-1587,2026-08-25,2059.99,WH-MIAMI
ORD-01588,CUST-JOIN-1588,2026-08-25,444.49,WH-CHICAGO
ORD-01589,CUST-JOIN-1589,2026-08-25,2735.3,WH-DETROIT
ORD-01590,CUST-JOIN-1590,2026-08-25,5426.47,WH-MIAMI
ORD-01591,CUST-JOIN-1591,2026-08-25,7198.12,WH-NEWYORK
ORD-01592,CUST-JOIN-1592,2026-08-25,7351.94,WH-NEWYORK
ORD-01593,CUST-JOIN-1593,2026-08-25,5293.96,WH-CHICAGO
ORD-01594,CUST-JOIN-1594,2026-08-25,3180.05,WH-MIAMI
ORD-01595,CUST-JOIN-1595,2026-08-25,1349.6,WH-CHICAGO
ORD-01596,CUST-JOIN-1596,2026-08-25,1545.75,WH-MIAMI
ORD-01597,CUST-JOIN-1597,2026-08-25,6138.91,WH-CHICAGO
ORD-01598,CUST-JOIN-1598,2026-08-25,1188.49,WH-MIAMI
ORD-01599,CUST-JOIN-1599,2026-08-25,4110.88,WH-DETROIT
ORD-01600,CUST-JOIN-1600,2026-08-25,2746.5,WH-DETROIT
ORD-01601,CUST-JOIN-1601,2026-08-26,6335.76,WH-CHICAGO
ORD-01602,CUST-JOIN-1602,2026-08-26,6188.42,WH-CHICAGO
ORD-01603,CUST-JOIN-1603,2026-08-26,6195.52,WH-NEWYORK
ORD-01604,CUST-JOIN-1604,2026-08-26,5137.34,WH-CHICAGO
ORD-01605,CUST-JOIN-1605,2026-08-26,7201.12,WH-CHICAGO
ORD-01606,CUST-JOIN-1606,2026-08-26,4231.32,WH-DETROIT
ORD-01607,CUST-JOIN-1607,2026-08-26,5477.19,WH-NEWYORK
ORD-01608,CUST-JOIN-1608,2026-08-26,7409.24,WH-CHICAGO
ORD-01609,CUST-JOIN-1609,2026-08-26,6852.67,WH-NEWYORK
ORD-01610,CUST-JOIN-1610,2026-08-26,3934.4,WH-DETROIT
ORD-01611,CUST-JOIN-1611,2026-08-26,3112.8,WH-NEWYORK
ORD-01612,CUST-JOIN-1612,2026-08-26,4689.87,WH-CHICAGO
ORD-01613,CUST-JOIN-1613,2026-08-26,1711.28,WH-DETROIT
ORD-01614,CUST-JOIN-1614,2026-08-26,1208.59,WH-DETROIT
ORD-01615,CUST-JOIN-1615,2026-08-26,4915.92,WH-NEWYORK
ORD-01616,CUST-JOIN-1616,2026-08-26,4624.33,WH-NEWYORK
ORD-01617,CUST-JOIN-1617,2026-08-26,1301.22,WH-CHICAGO
ORD-01618,CUST-JOIN-1618,2026-08-26,3674.98,WH-NEWYORK
ORD-01619,CUST-JOIN-1619,2026-08-26,4375.67,WH-CHICAGO
ORD-01620,CUST-JOIN-1620,2026-08-26,7126.82,WH-CHICAGO
ORD-01621,CUST-JOIN-1621,2026-08-26,7777.1,WH-DETROIT
ORD-01622,CUST-JOIN-1622,2026-08-26,977.57,WH-MIAMI
ORD-01623,CUST-JOIN-1623,2026-08-26,7065.72,WH-DETROIT
ORD-01624,CUST-JOIN-1624,2026-08-26,3733.58,WH-CHICAGO
ORD-01625,CUST-JOIN-1625,2026-08-27,568.66,WH-DETROIT
ORD-01626,CUST-JOIN-1626,2026-08-27,268.96,WH-MIAMI
ORD-01627,CUST-JOIN-1627,2026-08-27,7148.51,WH-NEWYORK
ORD-01628,CUST-JOIN-1628,2026-08-27,5260.57,WH-CHICAGO
ORD-01629,CUST-JOIN-1629,2026-08-27,1153.02,WH-NEWYORK
ORD-01630,CUST-JOIN-1630,2026-08-27,6963.8,WH-CHICAGO
ORD-01631,CUST-JOIN-1631,2026-08-27,4714.97,WH-NEWYORK
ORD-01632,CUST-JOIN-1632,2026-08-27,3877.11,WH-MIAMI
ORD-01633,CUST-JOIN-1633,2026-08-27,4146.48,WH-MIAMI
ORD-01634,CUST-JOIN-1634,2026-08-27,2749.92,WH-CHICAGO
ORD-01635,CUST-JOIN-1635,2026-08-27,4889.92,WH-CHICAGO
ORD-01636,CUST-JOIN-1636,2026-08-27,2131.14,WH-NEWYORK
ORD-01637,CUST-JOIN-1637,2026-08-27,319.6,WH-NEWYORK
ORD-01638,CUST-JOIN-1638,2026-08-27,6530.37,WH-CHICAGO
ORD-01639,CUST-JOIN-1639,2026-08-27,4186.78,WH-MIAMI
ORD-01640,CUST-JOIN-1640,2026-08-27,3282.68,WH-MIAMI
ORD-01641,CUST-JOIN-1641,2026-08-27,690.67,WH-CHICAGO
ORD-01642,CUST-JOIN-1642,2026-08-27,5077.91,WH-MIAMI
ORD-01643,CUST-JOIN-1643,2026-08-27,2429.49,WH-CHICAGO
ORD-01644,CUST-JOIN-1644,2026-08-27,7605.47,WH-CHICAGO
ORD-01645,CUST-JOIN-1645,2026-08-27,6293.15,WH-CHICAGO
ORD-01646,CUST-JOIN-1646,2026-08-27,1480.39,WH-CHICAGO
ORD-01647,CUST-JOIN-1647,2026-08-27,1909.74,WH-DETROIT
ORD-01648,CUST-JOIN-1648,2026-08-27,7327.9,WH-CHICAGO
ORD-01649,CUST-JOIN-1649,2026-08-28,4007.26,WH-MIAMI
ORD-01650,CUST-JOIN-1650,2026-08-28,1695.19,WH-DETROIT
ORD-01651,CUST-JOIN-1651,2026-08-28,915.29,WH-CHICAGO
ORD-01652,CUST-JOIN-1652,2026-08-28,2252.39,WH-NEWYORK
ORD-01653,CUST-JOIN-1653,2026-08-28,7388.94,WH-CHICAGO
ORD-01654,CUST-JOIN-1654,2026-08-28,4136.49,WH-MIAMI
ORD-01655,CUST-JOIN-1655,2026-08-28,7478.05,WH-DETROIT
ORD-01656,CUST-JOIN-1656,2026-08-28,269.9,WH-MIAMI
ORD-01657,CUST-JOIN-1657,2026-08-28,6336.84,WH-DETROIT
ORD-01658,CUST-JOIN-1658,2026-08-28,1013.91,WH-NEWYORK
ORD-01659,CUST-JOIN-1659,2026-08-28,7827.07,WH-DETROIT
ORD-01660,CUST-JOIN-1660,2026-08-28,4095.1,WH-NEWYORK
ORD-01661,CUST-JOIN-1661,2026-08-28,7742.01,WH-DETROIT
ORD-01662,CUST-JOIN-1662,2026-08-28,2588.23,WH-NEWYORK
ORD-01663,CUST-JOIN-1663,2026-08-28,5252.02,WH-NEWYORK
ORD-01664,CUST-JOIN-1664,2026-08-28,4937.01,WH-DETROIT
ORD-01665,CUST-JOIN-1665,2026-08-28,5334.99,WH-NEWYORK
ORD-01666,CUST-JOIN-1666,2026-08-28,5425.9,WH-MIAMI
ORD-01667,CUST-JOIN-1667,2026-08-28,5363.28,WH-NEWYORK
ORD-01668,CUST-JOIN-1668,2026-08-28,5201.86,WH-DETROIT
ORD-01669,CUST-JOIN-1669,2026-08-28,236.01,WH-CHICAGO
ORD-01670,CUST-JOIN-1670,2026-08-28,7801.42,WH-DETROIT
ORD-01671,CUST-JOIN-1671,2026-08-28,6963.86,WH-MIAMI
ORD-01672,CUST-JOIN-1672,2026-08-28,1596.19,WH-DETROIT
ORD-01673,CUST-JOIN-1673,2026-08-29,5951.97,WH-DETROIT
ORD-01674,CUST-JOIN-1674,2026-08-29,6172.19,WH-MIAMI
ORD-01675,CUST-JOIN-1675,2026-08-29,2130.75,WH-MIAMI
ORD-01676,CUST-JOIN-1676,2026-08-29,3247.42,WH-MIAMI
ORD-01677,CUST-JOIN-1677,2026-08-29,2448.93,WH-DETROIT
ORD-01678,CUST-JOIN-1678,2026-08-29,3069.59,WH-CHICAGO
ORD-01679,CUST-JOIN-1679,2026-08-29,7020.42,WH-MIAMI
ORD-01680,CUST-JOIN-1680,2026-08-29,4740.14,WH-DETROIT
ORD-01681,CUST-JOIN-1681,2026-08-29,6226.69,WH-CHICAGO
ORD-01682,CUST-JOIN-1682,2026-08-29,3459.09,WH-NEWYORK
ORD-01683,CUST-JOIN-1683,2026-08-29,2789.93,WH-CHICAGO
ORD-01684,CUST-JOIN-1684,2026-08-29,3815.96,WH-MIAMI
ORD-01685,CUST-JOIN-1685,2026-08-29,2570.15,WH-DETROIT
ORD-01686,CUST-JOIN-1686,2026-08-29,6878.15,WH-CHICAGO
ORD-01687,CUST-JOIN-1687,2026-08-29,5600.76,WH-CHICAGO
ORD-01688,CUST-JOIN-1688,2026-08-29,2684.38,WH-NEWYORK
ORD-01689,CUST-JOIN-1689,2026-08-29,5633.05,WH-DETROIT
ORD-01690,CUST-JOIN-1690,2026-08-29,3512.23,WH-NEWYORK
ORD-01691,CUST-JOIN-1691,2026-08-29,2929.92,WH-MIAMI
ORD-01692,CUST-JOIN-1692,2026-08-29,2220.67,WH-NEWYORK
ORD-01693,CUST-JOIN-1693,2026-08-29,5964.64,WH-DETROIT
ORD-01694,CUST-JOIN-1694,2026-08-29,5413.12,WH-CHICAGO
ORD-01695,CUST-JOIN-1695,2026-08-29,5829.29,WH-DETROIT
ORD-01696,CUST-JOIN-1696,2026-08-29,5790.64,WH-DETROIT
ORD-01697,CUST-JOIN-1697,2026-08-30,3841.67,WH-DETROIT
ORD-01698,CUST-JOIN-1698,2026-08-30,6778.14,WH-NEWYORK
ORD-01699,CUST-JOIN-1699,2026-08-30,5921.2,WH-MIAMI
ORD-01700,CUST-JOIN-1700,2026-08-30,1667.44,WH-MIAMI
ORD-01701,CUST-JOIN-1701,2026-08-30,7777.16,WH-DETROIT
ORD-01702,CUST-JOIN-1702,2026-08-30,980.56,WH-CHICAGO
ORD-01703,CUST-JOIN-1703,2026-08-30,7441.1,WH-MIAMI
ORD-01704,CUST-JOIN-1704,2026-08-30,2263.19,WH-CHICAGO
ORD-01705,CUST-JOIN-1705,2026-08-30,6332.25,WH-MIAMI
ORD-01706,CUST-JOIN-1706,2026-08-30,7050.96,WH-NEWYORK
ORD-01707,CUST-JOIN-1707,2026-08-30,2689.37,WH-MIAMI
ORD-01708,CUST-JOIN-1708,2026-08-30,6410.29,WH-NEWYORK
ORD-01709,CUST-JOIN-1709,2026-08-30,4752.18,WH-NEWYORK
ORD-01710,CUST-JOIN-1710,2026-08-30,6756.87,WH-MIAMI
ORD-01711,CUST-JOIN-1711,2026-08-30,7045.29,WH-DETROIT
ORD-01712,CUST-JOIN-1712,2026-08-30,3011.79,WH-DETROIT
ORD-01713,CUST-JOIN-1713,2026-08-30,2581.65,WH-NEWYORK
ORD-01714,CUST-JOIN-1714,2026-08-30,1672.52,WH-MIAMI
ORD-01715,CUST-JOIN-1715,2026-08-30,7732.86,WH-DETROIT
ORD-01716,CUST-JOIN-1716,2026-08-30,6014.33,WH-CHICAGO
ORD-01717,CUST-JOIN-1717,2026-08-30,3140.42,WH-DETROIT
ORD-01718,CUST-JOIN-1718,2026-08-30,7794.53,WH-NEWYORK
ORD-01719,CUST-JOIN-1719,2026-08-30,2796.6,WH-MIAMI
ORD-01720,CUST-JOIN-1720,2026-08-30,6936.76,WH-MIAMI
ORD-01721,CUST-JOIN-1721,2026-08-31,5321.09,WH-NEWYORK
ORD-01722,CUST-JOIN-1722,2026-08-31,4950.3,WH-CHICAGO
ORD-01723,CUST-JOIN-1723,2026-08-31,5187.15,WH-NEWYORK
ORD-01724,CUST-JOIN-1724,2026-08-31,7887.02,WH-MIAMI
ORD-01725,CUST-JOIN-1725,2026-08-31,507.37,WH-CHICAGO
ORD-01726,CUST-JOIN-1726,2026-08-31,1852.88,WH-MIAMI
ORD-01727,CUST-JOIN-1727,2026-08-31,5696.38,WH-MIAMI
ORD-01728,CUST-JOIN-1728,2026-08-31,2432.39,WH-DETROIT
ORD-01729,CUST-JOIN-1729,2026-08-31,6121.91,WH-NEWYORK
ORD-01730,CUST-JOIN-1730,2026-08-31,4105.69,WH-DETROIT
ORD-01731,CUST-JOIN-1731,2026-08-31,5778.67,WH-DETROIT
ORD-01732,CUST-JOIN-1732,2026-08-31,7745.82,WH-DETROIT
ORD-01733,CUST-JOIN-1733,2026-08-31,7183.37,WH-NEWYORK
ORD-01734,CUST-JOIN-1734,2026-08-31,1569.04,WH-MIAMI
ORD-01735,CUST-JOIN-1735,2026-08-31,665.14,WH-NEWYORK
ORD-01736,CUST-JOIN-1736,2026-08-31,3066.81,WH-DETROIT
ORD-01737,CUST-JOIN-1737,2026-08-31,1371.67,WH-CHICAGO
ORD-01738,CUST-JOIN-1738,2026-08-31,573.38,WH-DETROIT
ORD-01739,CUST-JOIN-1739,2026-08-31,7507.95,WH-NEWYORK
ORD-01740,CUST-JOIN-1740,2026-08-31,472.44,WH-CHICAGO
ORD-01741,CUST-JOIN-1741,2026-08-31,1592.75,WH-NEWYORK
ORD-01742,CUST-JOIN-1742,2026-08-31,5069.29,WH-MIAMI
ORD-01743,CUST-JOIN-1743,2026-08-31,2679.21,WH-NEWYORK
ORD-01744,CUST-JOIN-1744,2026-08-31,7551.15,WH-DETROIT
ORD-01745,CUST-JOIN-1745,2026-09-01,314.28,WH-MIAMI
ORD-01746,CUST-JOIN-1746,2026-09-01,7638.54,WH-CHICAGO
ORD-01747,CUST-JOIN-1747,2026-09-01,802.13,WH-DETROIT
ORD-01748,CUST-JOIN-1748,2026-09-01,1440.72,WH-CHICAGO
ORD-01749,CUST-JOIN-1749,2026-09-01,3208.83,WH-DETROIT
ORD-01750,CUST-JOIN-1750,2026-09-01,6382.07,WH-DETROIT
ORD-01751,CUST-JOIN-1751,2026-09-01,5396.08,WH-NEWYORK
ORD-01752,CUST-JOIN-1752,2026-09-01,2773.05,WH-DETROIT
ORD-01753,CUST-JOIN-1753,2026-09-01,6986.64,WH-CHICAGO
ORD-01754,CUST-JOIN-1754,2026-09-01,3260.7,WH-NEWYORK
ORD-01755,CUST-JOIN-1755,2026-09-01,7859.17,WH-CHICAGO
ORD-01756,CUST-JOIN-1756,2026-09-01,5824.05,WH-MIAMI
ORD-01757,CUST-JOIN-1757,2026-09-01,6421.6,WH-CHICAGO
ORD-01758,CUST-JOIN-1758,2026-09-01,3355.55,WH-NEWYORK
ORD-01759,CUST-JOIN-1759,2026-09-01,1540.78,WH-MIAMI
ORD-01760,CUST-JOIN-1760,2026-09-01,1321.37,WH-MIAMI
ORD-01761,CUST-JOIN-1761,2026-09-01,1881.11,WH-CHICAGO
ORD-01762,CUST-JOIN-1762,2026-09-01,4540.87,WH-DETROIT
ORD-01763,CUST-JOIN-1763,2026-09-01,6577.19,WH-MIAMI
ORD-01764,CUST-JOIN-1764,2026-09-01,3180.81,WH-MIAMI
ORD-01765,CUST-JOIN-1765,2026-09-01,7601.03,WH-DETROIT
ORD-01766,CUST-JOIN-1766,2026-09-01,3636.57,WH-DETROIT
ORD-01767,CUST-JOIN-1767,2026-09-01,1563.61,WH-DETROIT
ORD-01768,CUST-JOIN-1768,2026-09-01,3215.61,WH-MIAMI
ORD-01769,CUST-JOIN-1769,2026-09-02,2683.26,WH-CHICAGO
ORD-01770,CUST-JOIN-1770,2026-09-02,459.74,WH-CHICAGO
ORD-01771,CUST-JOIN-1771,2026-09-02,7127.25,WH-CHICAGO
ORD-01772,CUST-JOIN-1772,2026-09-02,445.45,WH-MIAMI
ORD-01773,CUST-JOIN-1773,2026-09-02,6475.93,WH-CHICAGO
ORD-01774,CUST-JOIN-1774,2026-09-02,1914.07,WH-NEWYORK
ORD-01775,CUST-JOIN-1775,2026-09-02,6521.36,WH-CHICAGO
ORD-01776,CUST-JOIN-1776,2026-09-02,924.72,WH-MIAMI
ORD-01777,CUST-JOIN-1777,2026-09-02,7532.38,WH-CHICAGO
ORD-01778,CUST-JOIN-1778,2026-09-02,6906.01,WH-MIAMI
ORD-01779,CUST-JOIN-1779,2026-09-02,4517.45,WH-CHICAGO
ORD-01780,CUST-JOIN-1780,2026-09-02,2624.55,WH-DETROIT
ORD-01781,CUST-JOIN-1781,2026-09-02,6509.18,WH-MIAMI
ORD-01782,CUST-JOIN-1782,2026-09-02,3286.98,WH-CHICAGO
ORD-01783,CUST-JOIN-1783,2026-09-02,2013.25,WH-DETROIT
ORD-01784,CUST-JOIN-1784,2026-09-02,6958.46,WH-MIAMI
ORD-01785,CUST-JOIN-1785,2026-09-02,1213.87,WH-CHICAGO
ORD-01786,CUST-JOIN-1786,2026-09-02,1947.87,WH-NEWYORK
ORD-01787,CUST-JOIN-1787,2026-09-02,4697.85,WH-DETROIT
ORD-01788,CUST-JOIN-1788,2026-09-02,7680.73,WH-CHICAGO
ORD-01789,CUST-JOIN-1789,2026-09-02,4265.04,WH-MIAMI
ORD-01790,CUST-JOIN-1790,2026-09-02,6788.54,WH-NEWYORK
ORD-01791,CUST-JOIN-1791,2026-09-02,4626.41,WH-CHICAGO
ORD-01792,CUST-JOIN-1792,2026-09-02,2709.78,WH-CHICAGO
ORD-01793,CUST-JOIN-1793,2026-09-03,497.35,WH-DETROIT
ORD-01794,CUST-JOIN-1794,2026-09-03,6227.93,WH-NEWYORK
ORD-01795,CUST-JOIN-1795,2026-09-03,4230.14,WH-NEWYORK
ORD-01796,CUST-JOIN-1796,2026-09-03,940.94,WH-DETROIT
ORD-01797,CUST-JOIN-1797,2026-09-03,6869.19,WH-CHICAGO
ORD-01798,CUST-JOIN-1798,2026-09-03,6023.21,WH-CHICAGO
ORD-01799,CUST-JOIN-1799,2026-09-03,6468.12,WH-NEWYORK
ORD-01800,CUST-JOIN-1800,2026-09-03,6919.9,WH-NEWYORK
ORD-01801,CUST-JOIN-1801,2026-09-03,5342.39,WH-DETROIT
ORD-01802,CUST-JOIN-1802,2026-09-03,4750.62,WH-NEWYORK
ORD-01803,CUST-JOIN-1803,2026-09-03,1989.11,WH-NEWYORK
ORD-01804,CUST-JOIN-1804,2026-09-03,2774.36,WH-MIAMI
ORD-01805,CUST-JOIN-1805,2026-09-03,3732.78,WH-NEWYORK
ORD-01806,CUST-JOIN-1806,2026-09-03,1153.21,WH-NEWYORK
ORD-01807,CUST-JOIN-1807,2026-09-03,3243.41,WH-DETROIT
ORD-01808,CUST-JOIN-1808,2026-09-03,606.29,WH-DETROIT
ORD-01809,CUST-JOIN-1809,2026-09-03,5577.35,WH-DETROIT
ORD-01810,CUST-JOIN-1810,2026-09-03,2427.38,WH-CHICAGO
ORD-01811,CUST-JOIN-1811,2026-09-03,4724.67,WH-NEWYORK
ORD-01812,CUST-JOIN-1812,2026-09-03,3228.12,WH-MIAMI
ORD-01813,CUST-JOIN-1813,2026-09-03,1963.49,WH-MIAMI
ORD-01814,CUST-JOIN-1814,2026-09-03,1348.34,WH-MIAMI
ORD-01815,CUST-JOIN-1815,2026-09-03,4661.37,WH-MIAMI
ORD-01816,CUST-JOIN-1816,2026-09-03,5753.66,WH-CHICAGO
ORD-01817,CUST-JOIN-1817,2026-09-04,2412.12,WH-DETROIT
ORD-01818,CUST-JOIN-1818,2026-09-04,7701.93,WH-MIAMI
ORD-01819,CUST-JOIN-1819,2026-09-04,7510.97,WH-DETROIT
ORD-01820,CUST-JOIN-1820,2026-09-04,7749.72,WH-MIAMI
ORD-01821,CUST-JOIN-1821,2026-09-04,6064.21,WH-NEWYORK
ORD-01822,CUST-JOIN-1822,2026-09-04,3317.99,WH-DETROIT
ORD-01823,CUST-JOIN-1823,2026-09-04,4321.74,WH-NEWYORK
ORD-01824,CUST-JOIN-1824,2026-09-04,2818.58,WH-DETROIT
ORD-01825,CUST-JOIN-1825,2026-09-04,262.4,WH-CHICAGO
ORD-01826,CUST-JOIN-1826,2026-09-04,1387.13,WH-CHICAGO
ORD-01827,CUST-JOIN-1827,2026-09-04,2579.22,WH-MIAMI
ORD-01828,CUST-JOIN-1828,2026-09-04,6274.16,WH-MIAMI
ORD-01829,CUST-JOIN-1829,2026-09-04,6407.99,WH-CHICAGO
ORD-01830,CUST-JOIN-1830,2026-09-04,2758.45,WH-MIAMI
ORD-01831,CUST-JOIN-1831,2026-09-04,4079.2,WH-DETROIT
ORD-01832,CUST-JOIN-1832,2026-09-04,3796.68,WH-MIAMI
ORD-01833,CUST-JOIN-1833,2026-09-04,3363.77,WH-DETROIT
ORD-01834,CUST-JOIN-1834,2026-09-04,4688.89,WH-DETROIT
ORD-01835,CUST-JOIN-1835,2026-09-04,3959.5,WH-NEWYORK
ORD-01836,CUST-JOIN-1836,2026-09-04,571.27,WH-DETROIT
ORD-01837,CUST-JOIN-1837,2026-09-04,2662.8,WH-DETROIT
ORD-01838,CUST-JOIN-1838,2026-09-04,1133.49,WH-NEWYORK
ORD-01839,CUST-JOIN-1839,2026-09-04,7967.02,WH-MIAMI
ORD-01840,CUST-JOIN-1840,2026-09-04,3982.9,WH-DETROIT
ORD-01841,CUST-JOIN-1841,2026-09-05,1880.99,WH-MIAMI
ORD-01842,CUST-JOIN-1842,2026-09-05,5972.41,WH-CHICAGO
ORD-01843,CUST-JOIN-1843,2026-09-05,3234.72,WH-DETROIT
ORD-01844,CUST-JOIN-1844,2026-09-05,530.92,WH-NEWYORK
ORD-01845,CUST-JOIN-1845,2026-09-05,6235.16,WH-CHICAGO
ORD-01846,CUST-JOIN-1846,2026-09-05,1925.76,WH-MIAMI
ORD-01847,CUST-JOIN-1847,2026-09-05,293.3,WH-NEWYORK
ORD-01848,CUST-JOIN-1848,2026-09-05,4486.55,WH-DETROIT
ORD-01849,CUST-JOIN-1849,2026-09-05,5241.48,WH-NEWYORK
ORD-01850,CUST-JOIN-1850,2026-09-05,4403.93,WH-CHICAGO
ORD-01851,CUST-JOIN-1851,2026-09-05,4090.28,WH-MIAMI
ORD-01852,CUST-JOIN-1852,2026-09-05,2014.73,WH-NEWYORK
ORD-01853,CUST-JOIN-1853,2026-09-05,6489.79,WH-DETROIT
ORD-01854,CUST-JOIN-1854,2026-09-05,4534.12,WH-DETROIT
ORD-01855,CUST-JOIN-1855,2026-09-05,6234.08,WH-NEWYORK
ORD-01856,CUST-JOIN-1856,2026-09-05,3520.27,WH-DETROIT
ORD-01857,CUST-JOIN-1857,2026-09-05,2392.85,WH-NEWYORK
ORD-01858,CUST-JOIN-1858,2026-09-05,7938.94,WH-CHICAGO
ORD-01859,CUST-JOIN-1859,2026-09-05,7948.27,WH-NEWYORK
ORD-01860,CUST-JOIN-1860,2026-09-05,1052.0,WH-NEWYORK
ORD-01861,CUST-JOIN-1861,2026-09-05,6537.28,WH-DETROIT
ORD-01862,CUST-JOIN-1862,2026-09-05,1658.66,WH-CHICAGO
ORD-01863,CUST-JOIN-1863,2026-09-05,6179.41,WH-MIAMI
ORD-01864,CUST-JOIN-1864,2026-09-05,246.28,WH-CHICAGO
ORD-01865,CUST-JOIN-1865,2026-09-06,725.97,WH-DETROIT
ORD-01866,CUST-JOIN-1866,2026-09-06,3847.32,WH-CHICAGO
ORD-01867,CUST-JOIN-1867,2026-09-06,5376.28,WH-NEWYORK
ORD-01868,CUST-JOIN-1868,2026-09-06,1103.23,WH-NEWYORK
ORD-01869,CUST-JOIN-1869,2026-09-06,7505.82,WH-CHICAGO
ORD-01870,CUST-JOIN-1870,2026-09-06,3998.52,WH-MIAMI
ORD-01871,CUST-JOIN-1871,2026-09-06,6074.84,WH-DETROIT
ORD-01872,CUST-JOIN-1872,2026-09-06,3632.7,WH-CHICAGO
ORD-01873,CUST-JOIN-1873,2026-09-06,4416.91,WH-MIAMI
ORD-01874,CUST-JOIN-1874,2026-09-06,523.46,WH-CHICAGO
ORD-01875,CUST-JOIN-1875,2026-09-06,248.9,WH-CHICAGO
ORD-01876,CUST-JOIN-1876,2026-09-06,5211.64,WH-MIAMI
ORD-01877,CUST-JOIN-1877,2026-09-06,2991.97,WH-CHICAGO
ORD-01878,CUST-JOIN-1878,2026-09-06,1787.81,WH-NEWYORK
ORD-01879,CUST-JOIN-1879,2026-09-06,3399.26,WH-CHICAGO
ORD-01880,CUST-JOIN-1880,2026-09-06,3646.26,WH-NEWYORK
ORD-01881,CUST-JOIN-1881,2026-09-06,3443.68,WH-NEWYORK
ORD-01882,CUST-JOIN-1882,2026-09-06,6014.51,WH-NEWYORK
ORD-01883,CUST-JOIN-1883,2026-09-06,4026.71,WH-MIAMI
ORD-01884,CUST-JOIN-1884,2026-09-06,2893.15,WH-MIAMI
ORD-01885,CUST-JOIN-1885,2026-09-06,7579.28,WH-DETROIT
ORD-01886,CUST-JOIN-1886,2026-09-06,7840.76,WH-CHICAGO
ORD-01887,CUST-JOIN-1887,2026-09-06,6251.24,WH-DETROIT
ORD-01888,CUST-JOIN-1888,2026-09-06,1612.67,WH-DETROIT
ORD-01889,CUST-JOIN-1889,2026-09-07,3468.64,WH-NEWYORK
ORD-01890,CUST-JOIN-1890,2026-09-07,5429.7,WH-CHICAGO
ORD-01891,CUST-JOIN-1891,2026-09-07,5321.3,WH-DETROIT
ORD-01892,CUST-JOIN-1892,2026-09-07,5874.23,WH-NEWYORK
ORD-01893,CUST-JOIN-1893,2026-09-07,255.62,WH-CHICAGO
ORD-01894,CUST-JOIN-1894,2026-09-07,7903.44,WH-DETROIT
ORD-01895,CUST-JOIN-1895,2026-09-07,6264.41,WH-NEWYORK
ORD-01896,CUST-JOIN-1896,2026-09-07,335.87,WH-NEWYORK
ORD-01897,CUST-JOIN-1897,2026-09-07,2322.8,WH-CHICAGO
ORD-01898,CUST-JOIN-1898,2026-09-07,2281.81,WH-NEWYORK
ORD-01899,CUST-JOIN-1899,2026-09-07,5096.38,WH-CHICAGO
ORD-01900,CUST-JOIN-1900,2026-09-07,1491.63,WH-NEWYORK
ORD-01901,CUST-JOIN-1901,2026-09-07,4879.88,WH-NEWYORK
ORD-01902,CUST-JOIN-1902,2026-09-07,5557.38,WH-CHICAGO
ORD-01903,CUST-JOIN-1903,2026-09-07,5406.61,WH-MIAMI
ORD-01904,CUST-JOIN-1904,2026-09-07,5310.33,WH-CHICAGO
ORD-01905,CUST-JOIN-1905,2026-09-07,3640.82,WH-MIAMI
ORD-01906,CUST-JOIN-1906,2026-09-07,1380.58,WH-CHICAGO
ORD-01907,CUST-JOIN-1907,2026-09-07,4759.33,WH-NEWYORK
ORD-01908,CUST-JOIN-1908,2026-09-07,710.8,WH-DETROIT
ORD-01909,CUST-JOIN-1909,2026-09-07,7813.87,WH-DETROIT
ORD-01910,CUST-JOIN-1910,2026-09-07,5037.66,WH-CHICAGO
ORD-01911,CUST-JOIN-1911,2026-09-07,5299.07,WH-CHICAGO
ORD-01912,CUST-JOIN-1912,2026-09-07,5611.2,WH-NEWYORK
ORD-01913,CUST-JOIN-1913,2026-09-08,6564.08,WH-MIAMI
ORD-01914,CUST-JOIN-1914,2026-09-08,6625.6,WH-CHICAGO
ORD-01915,CUST-JOIN-1915,2026-09-08,3949.17,WH-NEWYORK
ORD-01916,CUST-JOIN-1916,2026-09-08,6566.57,WH-NEWYORK
ORD-01917,CUST-JOIN-1917,2026-09-08,5042.04,WH-MIAMI
ORD-01918,CUST-JOIN-1918,2026-09-08,1416.46,WH-MIAMI
ORD-01919,CUST-JOIN-1919,2026-09-08,2581.15,WH-MIAMI
ORD-01920,CUST-JOIN-1920,2026-09-08,5036.98,WH-DETROIT
ORD-01921,CUST-JOIN-1921,2026-09-08,6740.81,WH-MIAMI
ORD-01922,CUST-JOIN-1922,2026-09-08,7623.63,WH-CHICAGO
ORD-01923,CUST-JOIN-1923,2026-09-08,5433.99,WH-CHICAGO
ORD-01924,CUST-JOIN-1924,2026-09-08,3504.08,WH-DETROIT
ORD-01925,CUST-JOIN-1925,2026-09-08,784.53,WH-NEWYORK
ORD-01926,CUST-JOIN-1926,2026-09-08,3388.27,WH-MIAMI
ORD-01927,CUST-JOIN-1927,2026-09-08,2805.15,WH-CHICAGO
ORD-01928,CUST-JOIN-1928,2026-09-08,7741.16,WH-DETROIT
ORD-01929,CUST-JOIN-1929,2026-09-08,4559.81,WH-CHICAGO
ORD-01930,CUST-JOIN-1930,2026-09-08,1525.55,WH-DETROIT
ORD-01931,CUST-JOIN-1931,2026-09-08,3111.01,WH-DETROIT
ORD-01932,CUST-JOIN-1932,2026-09-08,2897.32,WH-MIAMI
ORD-01933,CUST-JOIN-1933,2026-09-08,5136.18,WH-MIAMI
ORD-01934,CUST-JOIN-1934,2026-09-08,3100.12,WH-MIAMI
ORD-01935,CUST-JOIN-1935,2026-09-08,1652.49,WH-CHICAGO
ORD-01936,CUST-JOIN-1936,2026-09-08,3393.37,WH-DETROIT
ORD-01937,CUST-JOIN-1937,2026-09-09,4361.66,WH-NEWYORK
ORD-01938,CUST-JOIN-1938,2026-09-09,4923.01,WH-DETROIT
ORD-01939,CUST-JOIN-1939,2026-09-09,1703.35,WH-NEWYORK
ORD-01940,CUST-JOIN-1940,2026-09-09,7861.84,WH-NEWYORK
ORD-01941,CUST-JOIN-1941,2026-09-09,7975.15,WH-NEWYORK
ORD-01942,CUST-JOIN-1942,2026-09-09,1096.18,WH-CHICAGO
ORD-01943,CUST-JOIN-1943,2026-09-09,4020.92,WH-DETROIT
ORD-01944,CUST-JOIN-1944,2026-09-09,4912.53,WH-MIAMI
ORD-01945,CUST-JOIN-1945,2026-09-09,3972.25,WH-NEWYORK
ORD-01946,CUST-JOIN-1946,2026-09-09,2849.83,WH-CHICAGO
ORD-01947,CUST-JOIN-1947,2026-09-09,7811.91,WH-DETROIT
ORD-01948,CUST-JOIN-1948,2026-09-09,3247.42,WH-CHICAGO
ORD-01949,CUST-JOIN-1949,2026-09-09,1354.01,WH-CHICAGO
ORD-01950,CUST-JOIN-1950,2026-09-09,4543.66,WH-CHICAGO
ORD-01951,CUST-JOIN-1951,2026-09-09,4385.82,WH-DETROIT
ORD-01952,CUST-JOIN-1952,2026-09-09,3010.15,WH-NEWYORK
ORD-01953,CUST-JOIN-1953,2026-09-09,315.68,WH-NEWYORK
ORD-01954,CUST-JOIN-1954,2026-09-09,3990.99,WH-CHICAGO
ORD-01955,CUST-JOIN-1955,2026-09-09,2416.17,WH-NEWYORK
ORD-01956,CUST-JOIN-1956,2026-09-09,3557.06,WH-NEWYORK
ORD-01957,CUST-JOIN-1957,2026-09-09,4339.43,WH-CHICAGO
ORD-01958,CUST-JOIN-1958,2026-09-09,5029.99,WH-NEWYORK
ORD-01959,CUST-JOIN-1959,2026-09-09,4878.23,WH-MIAMI
ORD-01960,CUST-JOIN-1960,2026-09-09,4580.76,WH-CHICAGO
ORD-01961,CUST-JOIN-1961,2026-09-10,7869.63,WH-MIAMI
ORD-01962,CUST-JOIN-1962,2026-09-10,6016.21,WH-MIAMI
ORD-01963,CUST-JOIN-1963,2026-09-10,4961.85,WH-MIAMI
ORD-01964,CUST-JOIN-1964,2026-09-10,2058.02,WH-NEWYORK
ORD-01965,CUST-JOIN-1965,2026-09-10,6951.09,WH-NEWYORK
ORD-01966,CUST-JOIN-1966,2026-09-10,4556.35,WH-DETROIT
ORD-01967,CUST-JOIN-1967,2026-09-10,2943.95,WH-NEWYORK
ORD-01968,CUST-JOIN-1968,2026-09-10,2336.05,WH-NEWYORK
ORD-01969,CUST-JOIN-1969,2026-09-10,2185.15,WH-MIAMI
ORD-01970,CUST-JOIN-1970,2026-09-10,5926.4,WH-MIAMI
ORD-01971,CUST-JOIN-1971,2026-09-10,4252.24,WH-DETROIT
ORD-01972,CUST-JOIN-1972,2026-09-10,2125.14,WH-DETROIT
ORD-01973,CUST-JOIN-1973,2026-09-10,6429.69,WH-NEWYORK
ORD-01974,CUST-JOIN-1974,2026-09-10,4240.98,WH-CHICAGO
ORD-01975,CUST-JOIN-1975,2026-09-10,5890.97,WH-MIAMI
ORD-01976,CUST-JOIN-1976,2026-09-10,4458.45,WH-NEWYORK
ORD-01977,CUST-JOIN-1977,2026-09-10,5974.79,WH-DETROIT
ORD-01978,CUST-JOIN-1978,2026-09-10,6396.64,WH-DETROIT
ORD-01979,CUST-JOIN-1979,2026-09-10,7886.36,WH-MIAMI
ORD-01980,CUST-JOIN-1980,2026-09-10,587.44,WH-NEWYORK
ORD-01981,CUST-JOIN-1981,2026-09-10,5421.85,WH-NEWYORK
ORD-01982,CUST-JOIN-1982,2026-09-10,5895.36,WH-CHICAGO
ORD-01983,CUST-JOIN-1983,2026-09-10,573.71,WH-MIAMI
ORD-01984,CUST-JOIN-1984,2026-09-10,5982.59,WH-DETROIT
ORD-01985,CUST-JOIN-1985,2026-09-11,1284.93,WH-NEWYORK
ORD-01986,CUST-JOIN-1986,2026-09-11,7293.41,WH-DETROIT
ORD-01987,CUST-JOIN-1987,2026-09-11,3231.5,WH-NEWYORK
ORD-01988,CUST-JOIN-1988,2026-09-11,3863.87,WH-DETROIT
ORD-01989,CUST-JOIN-1989,2026-09-11,1847.65,WH-CHICAGO
ORD-01990,CUST-JOIN-1990,2026-09-11,937.03,WH-CHICAGO
ORD-01991,CUST-JOIN-1991,2026-09-11,5551.38,WH-MIAMI
ORD-01992,CUST-JOIN-1992,2026-09-11,7248.74,WH-MIAMI
ORD-01993,CUST-JOIN-1993,2026-09-11,5497.55,WH-CHICAGO
ORD-01994,CUST-JOIN-1994,2026-09-11,4036.62,WH-CHICAGO
ORD-01995,CUST-JOIN-1995,2026-09-11,1120.21,WH-CHICAGO
ORD-01996,CUST-JOIN-1996,2026-09-11,3210.96,WH-DETROIT
ORD-01997,CUST-JOIN-1997,2026-09-11,4266.74,WH-MIAMI
ORD-01998,CUST-JOIN-1998,2026-09-11,5307.35,WH-DETROIT
ORD-01999,CUST-JOIN-1999,2026-09-11,7303.94,WH-NEWYORK
ORD-02000,CUST-JOIN-2000,2026-09-11,2514.86,WH-MIAMI
ORD-02001,CUST-JOIN-2001,2026-08-01,6922.53,WH-CHICAGO
ORD-02002,CUST-JOIN-2002,2026-08-01,7486.11,WH-NEWYORK
ORD-02003,CUST-JOIN-2003,2026-08-01,6059.03,WH-CHICAGO
ORD-02004,CUST-JOIN-2004,2026-08-01,6027.14,WH-MIAMI
ORD-02005,CUST-JOIN-2005,2026-08-01,1643.42,WH-NEWYORK
ORD-02006,CUST-JOIN-2006,2026-08-01,7224.07,WH-DETROIT
ORD-02007,CUST-JOIN-2007,2026-08-01,5639.53,WH-NEWYORK
ORD-02008,CUST-JOIN-2008,2026-08-01,5439.64,WH-MIAMI
ORD-02009,CUST-JOIN-2009,2026-08-01,5751.88,WH-CHICAGO
ORD-02010,CUST-JOIN-2010,2026-08-01,7501.6,WH-NEWYORK
ORD-02011,CUST-JOIN-2011,2026-08-01,7983.57,WH-DETROIT
ORD-02012,CUST-JOIN-2012,2026-08-01,3969.63,WH-CHICAGO
ORD-02013,CUST-JOIN-2013,2026-08-01,6977.81,WH-MIAMI
ORD-02014,CUST-JOIN-2014,2026-08-01,4850.23,WH-CHICAGO
ORD-02015,CUST-JOIN-2015,2026-08-01,6482.87,WH-MIAMI
ORD-02016,CUST-JOIN-2016,2026-08-01,1617.18,WH-CHICAGO
ORD-02017,CUST-JOIN-2017,2026-08-01,2845.21,WH-CHICAGO
ORD-02018,CUST-JOIN-2018,2026-08-01,5810.21,WH-DETROIT
ORD-02019,CUST-JOIN-2019,2026-08-01,4366.95,WH-NEWYORK
ORD-02020,CUST-JOIN-2020,2026-08-01,1548.0,WH-CHICAGO
ORD-02021,CUST-JOIN-2021,2026-08-01,7857.98,WH-CHICAGO
ORD-02022,CUST-JOIN-2022,2026-08-01,1397.76,WH-MIAMI
ORD-02023,CUST-JOIN-2023,2026-08-01,7086.56,WH-MIAMI
ORD-02024,CUST-JOIN-2024,2026-08-01,6445.94,WH-MIAMI
ORD-02025,CUST-JOIN-2025,2026-08-02,2987.22,WH-MIAMI
ORD-02026,CUST-JOIN-2026,2026-08-02,7390.42,WH-DETROIT
ORD-02027,CUST-JOIN-2027,2026-08-02,4368.01,WH-MIAMI
ORD-02028,CUST-JOIN-2028,2026-08-02,888.94,WH-MIAMI
ORD-02029,CUST-JOIN-2029,2026-08-02,6790.67,WH-NEWYORK
ORD-02030,CUST-JOIN-2030,2026-08-02,1262.29,WH-MIAMI
ORD-02031,CUST-JOIN-2031,2026-08-02,1703.82,WH-NEWYORK
ORD-02032,CUST-JOIN-2032,2026-08-02,4912.63,WH-CHICAGO
ORD-02033,CUST-JOIN-2033,2026-08-02,2310.57,WH-DETROIT
ORD-02034,CUST-JOIN-2034,2026-08-02,5616.65,WH-NEWYORK
ORD-02035,CUST-JOIN-2035,2026-08-02,4679.16,WH-DETROIT
ORD-02036,CUST-JOIN-2036,2026-08-02,5471.01,WH-NEWYORK
ORD-02037,CUST-JOIN-2037,2026-08-02,7540.5,WH-NEWYORK
ORD-02038,CUST-JOIN-2038,2026-08-02,7342.26,WH-NEWYORK
ORD-02039,CUST-JOIN-2039,2026-08-02,4793.34,WH-MIAMI
ORD-02040,CUST-JOIN-2040,2026-08-02,3203.77,WH-NEWYORK
ORD-02041,CUST-JOIN-2041,2026-08-02,3793.03,WH-NEWYORK
ORD-02042,CUST-JOIN-2042,2026-08-02,3741.79,WH-NEWYORK
ORD-02043,CUST-JOIN-2043,2026-08-02,3428.08,WH-DETROIT
ORD-02044,CUST-JOIN-2044,2026-08-02,778.37,WH-NEWYORK
ORD-02045,CUST-JOIN-2045,2026-08-02,2818.93,WH-DETROIT
ORD-02046,CUST-JOIN-2046,2026-08-02,2624.06,WH-NEWYORK
ORD-02047,CUST-JOIN-2047,2026-08-02,6152.85,WH-MIAMI
ORD-02048,CUST-JOIN-2048,2026-08-02,484.11,WH-DETROIT
ORD-02049,CUST-JOIN-2049,2026-08-03,7850.55,WH-MIAMI
ORD-02050,CUST-JOIN-2050,2026-08-03,3065.14,WH-NEWYORK
ORD-02051,CUST-JOIN-2051,2026-08-03,3191.92,WH-DETROIT
ORD-02052,CUST-JOIN-2052,2026-08-03,4840.2,WH-NEWYORK
ORD-02053,CUST-JOIN-2053,2026-08-03,4912.46,WH-MIAMI
ORD-02054,CUST-JOIN-2054,2026-08-03,429.02,WH-MIAMI
ORD-02055,CUST-JOIN-2055,2026-08-03,1153.19,WH-CHICAGO
ORD-02056,CUST-JOIN-2056,2026-08-03,7213.71,WH-CHICAGO
ORD-02057,CUST-JOIN-2057,2026-08-03,5464.83,WH-CHICAGO
ORD-02058,CUST-JOIN-2058,2026-08-03,6573.6,WH-CHICAGO
ORD-02059,CUST-JOIN-2059,2026-08-03,2294.73,WH-MIAMI
ORD-02060,CUST-JOIN-2060,2026-08-03,3013.2,WH-MIAMI
ORD-02061,CUST-JOIN-2061,2026-08-03,4802.54,WH-NEWYORK
ORD-02062,CUST-JOIN-2062,2026-08-03,3488.69,WH-CHICAGO
ORD-02063,CUST-JOIN-2063,2026-08-03,7935.18,WH-DETROIT
ORD-02064,CUST-JOIN-2064,2026-08-03,5187.11,WH-DETROIT
ORD-02065,CUST-JOIN-2065,2026-08-03,7054.06,WH-MIAMI
ORD-02066,CUST-JOIN-2066,2026-08-03,4567.13,WH-MIAMI
ORD-02067,CUST-JOIN-2067,2026-08-03,1412.7,WH-MIAMI
ORD-02068,CUST-JOIN-2068,2026-08-03,4028.86,WH-DETROIT
ORD-02069,CUST-JOIN-2069,2026-08-03,5577.46,WH-NEWYORK
ORD-02070,CUST-JOIN-2070,2026-08-03,2530.1,WH-NEWYORK
ORD-02071,CUST-JOIN-2071,2026-08-03,398.04,WH-MIAMI
ORD-02072,CUST-JOIN-2072,2026-08-03,1118.83,WH-DETROIT
ORD-02073,CUST-JOIN-2073,2026-08-04,6535.87,WH-DETROIT
ORD-02074,CUST-JOIN-2074,2026-08-04,6018.82,WH-DETROIT
ORD-02075,CUST-JOIN-2075,2026-08-04,5003.32,WH-CHICAGO
ORD-02076,CUST-JOIN-2076,2026-08-04,6563.42,WH-CHICAGO
ORD-02077,CUST-JOIN-2077,2026-08-04,2669.64,WH-DETROIT
ORD-02078,CUST-JOIN-2078,2026-08-04,6797.68,WH-CHICAGO
ORD-02079,CUST-JOIN-2079,2026-08-04,4436.22,WH-MIAMI
ORD-02080,CUST-JOIN-2080,2026-08-04,7223.22,WH-MIAMI
ORD-02081,CUST-JOIN-2081,2026-08-04,4639.25,WH-DETROIT
ORD-02082,CUST-JOIN-2082,2026-08-04,1229.61,WH-CHICAGO
ORD-02083,CUST-JOIN-2083,2026-08-04,7741.81,WH-CHICAGO
ORD-02084,CUST-JOIN-2084,2026-08-04,3050.04,WH-NEWYORK
ORD-02085,CUST-JOIN-2085,2026-08-04,4168.62,WH-MIAMI
ORD-02086,CUST-JOIN-2086,2026-08-04,5445.51,WH-NEWYORK
ORD-02087,CUST-JOIN-2087,2026-08-04,4738.3,WH-DETROIT
ORD-02088,CUST-JOIN-2088,2026-08-04,4120.0,WH-NEWYORK
ORD-02089,CUST-JOIN-2089,2026-08-04,416.03,WH-CHICAGO
ORD-02090,CUST-JOIN-2090,2026-08-04,2145.73,WH-NEWYORK
ORD-02091,CUST-JOIN-2091,2026-08-04,6608.86,WH-DETROIT
ORD-02092,CUST-JOIN-2092,2026-08-04,6031.45,WH-DETROIT
ORD-02093,CUST-JOIN-2093,2026-08-04,3497.88,WH-CHICAGO
ORD-02094,CUST-JOIN-2094,2026-08-04,4118.79,WH-MIAMI
ORD-02095,CUST-JOIN-2095,2026-08-04,7188.47,WH-DETROIT
ORD-02096,CUST-JOIN-2096,2026-08-04,2136.3,WH-NEWYORK
ORD-02097,CUST-JOIN-2097,2026-08-05,4644.76,WH-MIAMI
ORD-02098,CUST-JOIN-2098,2026-08-05,1672.14,WH-NEWYORK
ORD-02099,CUST-JOIN-2099,2026-08-05,3442.25,WH-MIAMI
ORD-02100,CUST-JOIN-2100,2026-08-05,3756.89,WH-CHICAGO
ORD-02101,CUST-JOIN-2101,2026-08-05,4062.93,WH-CHICAGO
ORD-02102,CUST-JOIN-2102,2026-08-05,6592.39,WH-NEWYORK
ORD-02103,CUST-JOIN-2103,2026-08-05,5140.82,WH-MIAMI
ORD-02104,CUST-JOIN-2104,2026-08-05,4973.23,WH-CHICAGO
ORD-02105,CUST-JOIN-2105,2026-08-05,3491.76,WH-NEWYORK
ORD-02106,CUST-JOIN-2106,2026-08-05,6649.79,WH-DETROIT
ORD-02107,CUST-JOIN-2107,2026-08-05,4736.32,WH-NEWYORK
ORD-02108,CUST-JOIN-2108,2026-08-05,223.11,WH-CHICAGO
ORD-02109,CUST-JOIN-2109,2026-08-05,634.07,WH-CHICAGO
ORD-02110,CUST-JOIN-2110,2026-08-05,2532.18,WH-DETROIT
ORD-02111,CUST-JOIN-2111,2026-08-05,1643.37,WH-CHICAGO
ORD-02112,CUST-JOIN-2112,2026-08-05,7092.85,WH-CHICAGO
ORD-02113,CUST-JOIN-2113,2026-08-05,2251.73,WH-DETROIT
ORD-02114,CUST-JOIN-2114,2026-08-05,3233.39,WH-DETROIT
ORD-02115,CUST-JOIN-2115,2026-08-05,7128.73,WH-NEWYORK
ORD-02116,CUST-JOIN-2116,2026-08-05,6080.25,WH-MIAMI
ORD-02117,CUST-JOIN-2117,2026-08-05,5015.52,WH-NEWYORK
ORD-02118,CUST-JOIN-2118,2026-08-05,2192.9,WH-MIAMI
ORD-02119,CUST-JOIN-2119,2026-08-05,1182.88,WH-NEWYORK
ORD-02120,CUST-JOIN-2120,2026-08-05,7280.83,WH-NEWYORK
ORD-02121,CUST-JOIN-2121,2026-08-06,6737.27,WH-MIAMI
ORD-02122,CUST-JOIN-2122,2026-08-06,6507.93,WH-NEWYORK
ORD-02123,CUST-JOIN-2123,2026-08-06,4254.5,WH-NEWYORK
ORD-02124,CUST-JOIN-2124,2026-08-06,3951.56,WH-MIAMI
ORD-02125,CUST-JOIN-2125,2026-08-06,1128.14,WH-MIAMI
ORD-02126,CUST-JOIN-2126,2026-08-06,424.37,WH-MIAMI
ORD-02127,CUST-JOIN-2127,2026-08-06,4071.75,WH-MIAMI
ORD-02128,CUST-JOIN-2128,2026-08-06,6047.83,WH-CHICAGO
ORD-02129,CUST-JOIN-2129,2026-08-06,1803.98,WH-NEWYORK
ORD-02130,CUST-JOIN-2130,2026-08-06,4515.04,WH-CHICAGO
ORD-02131,CUST-JOIN-2131,2026-08-06,778.82,WH-MIAMI
ORD-02132,CUST-JOIN-2132,2026-08-06,5855.67,WH-CHICAGO
ORD-02133,CUST-JOIN-2133,2026-08-06,7342.56,WH-MIAMI
ORD-02134,CUST-JOIN-2134,2026-08-06,4983.59,WH-DETROIT
ORD-02135,CUST-JOIN-2135,2026-08-06,4282.8,WH-MIAMI
ORD-02136,CUST-JOIN-2136,2026-08-06,5244.29,WH-CHICAGO
ORD-02137,CUST-JOIN-2137,2026-08-06,3901.05,WH-MIAMI
ORD-02138,CUST-JOIN-2138,2026-08-06,7147.92,WH-NEWYORK
ORD-02139,CUST-JOIN-2139,2026-08-06,3043.73,WH-CHICAGO
ORD-02140,CUST-JOIN-2140,2026-08-06,3570.6,WH-NEWYORK
ORD-02141,CUST-JOIN-2141,2026-08-06,5606.28,WH-CHICAGO
ORD-02142,CUST-JOIN-2142,2026-08-06,291.7,WH-CHICAGO
ORD-02143,CUST-JOIN-2143,2026-08-06,2545.65,WH-CHICAGO
ORD-02144,CUST-JOIN-2144,2026-08-06,5745.53,WH-DETROIT
ORD-02145,CUST-JOIN-2145,2026-08-07,5010.5,WH-MIAMI
ORD-02146,CUST-JOIN-2146,2026-08-07,1297.23,WH-DETROIT
ORD-02147,CUST-JOIN-2147,2026-08-07,3713.79,WH-CHICAGO
ORD-02148,CUST-JOIN-2148,2026-08-07,2627.8,WH-DETROIT
ORD-02149,CUST-JOIN-2149,2026-08-07,7117.12,WH-MIAMI
ORD-02150,CUST-JOIN-2150,2026-08-07,4020.67,WH-CHICAGO
ORD-02151,CUST-JOIN-2151,2026-08-07,2805.95,WH-MIAMI
ORD-02152,CUST-JOIN-2152,2026-08-07,1899.87,WH-NEWYORK
ORD-02153,CUST-JOIN-2153,2026-08-07,1060.72,WH-MIAMI
ORD-02154,CUST-JOIN-2154,2026-08-07,3775.27,WH-DETROIT
ORD-02155,CUST-JOIN-2155,2026-08-07,1759.61,WH-CHICAGO
ORD-02156,CUST-JOIN-2156,2026-08-07,3059.49,WH-DETROIT
ORD-02157,CUST-JOIN-2157,2026-08-07,2403.36,WH-NEWYORK
ORD-02158,CUST-JOIN-2158,2026-08-07,698.88,WH-DETROIT
ORD-02159,CUST-JOIN-2159,2026-08-07,1254.52,WH-MIAMI
ORD-02160,CUST-JOIN-2160,2026-08-07,3135.98,WH-MIAMI
ORD-02161,CUST-JOIN-2161,2026-08-07,7058.05,WH-NEWYORK
ORD-02162,CUST-JOIN-2162,2026-08-07,1635.75,WH-MIAMI
ORD-02163,CUST-JOIN-2163,2026-08-07,7985.52,WH-CHICAGO
ORD-02164,CUST-JOIN-2164,2026-08-07,7422.59,WH-CHICAGO
ORD-02165,CUST-JOIN-2165,2026-08-07,3078.43,WH-DETROIT
ORD-02166,CUST-JOIN-2166,2026-08-07,6806.77,WH-DETROIT
ORD-02167,CUST-JOIN-2167,2026-08-07,6559.8,WH-DETROIT
ORD-02168,CUST-JOIN-2168,2026-08-07,6754.22,WH-NEWYORK
ORD-02169,CUST-JOIN-2169,2026-08-08,3152.19,WH-CHICAGO
ORD-02170,CUST-JOIN-2170,2026-08-08,5947.68,WH-NEWYORK
ORD-02171,CUST-JOIN-2171,2026-08-08,1032.02,WH-NEWYORK
ORD-02172,CUST-JOIN-2172,2026-08-08,4545.26,WH-MIAMI
ORD-02173,CUST-JOIN-2173,2026-08-08,993.43,WH-NEWYORK
ORD-02174,CUST-JOIN-2174,2026-08-08,324.71,WH-MIAMI
ORD-02175,CUST-JOIN-2175,2026-08-08,5015.23,WH-MIAMI
ORD-02176,CUST-JOIN-2176,2026-08-08,2256.55,WH-CHICAGO
ORD-02177,CUST-JOIN-2177,2026-08-08,3044.97,WH-NEWYORK
ORD-02178,CUST-JOIN-2178,2026-08-08,615.91,WH-CHICAGO
ORD-02179,CUST-JOIN-2179,2026-08-08,6762.12,WH-DETROIT
ORD-02180,CUST-JOIN-2180,2026-08-08,2369.88,WH-NEWYORK
ORD-02181,CUST-JOIN-2181,2026-08-08,7557.2,WH-CHICAGO
ORD-02182,CUST-JOIN-2182,2026-08-08,4413.63,WH-DETROIT
ORD-02183,CUST-JOIN-2183,2026-08-08,4868.35,WH-DETROIT
ORD-02184,CUST-JOIN-2184,2026-08-08,5398.76,WH-CHICAGO
ORD-02185,CUST-JOIN-2185,2026-08-08,5530.48,WH-MIAMI
ORD-02186,CUST-JOIN-2186,2026-08-08,3272.17,WH-MIAMI
ORD-02187,CUST-JOIN-2187,2026-08-08,2922.72,WH-NEWYORK
ORD-02188,CUST-JOIN-2188,2026-08-08,3770.95,WH-MIAMI
ORD-02189,CUST-JOIN-2189,2026-08-08,534.12,WH-MIAMI
ORD-02190,CUST-JOIN-2190,2026-08-08,2100.11,WH-CHICAGO
ORD-02191,CUST-JOIN-2191,2026-08-08,7399.19,WH-NEWYORK
ORD-02192,CUST-JOIN-2192,2026-08-08,3959.85,WH-MIAMI
ORD-02193,CUST-JOIN-2193,2026-08-09,2162.0,WH-MIAMI
ORD-02194,CUST-JOIN-2194,2026-08-09,4093.85,WH-DETROIT
ORD-02195,CUST-JOIN-2195,2026-08-09,5075.5,WH-NEWYORK
ORD-02196,CUST-JOIN-2196,2026-08-09,206.84,WH-CHICAGO
ORD-02197,CUST-JOIN-2197,2026-08-09,1603.31,WH-MIAMI
ORD-02198,CUST-JOIN-2198,2026-08-09,4602.17,WH-DETROIT
ORD-02199,CUST-JOIN-2199,2026-08-09,7288.07,WH-CHICAGO
ORD-02200,CUST-JOIN-2200,2026-08-09,6309.63,WH-MIAMI
ORD-02201,CUST-JOIN-2201,2026-08-09,2289.14,WH-MIAMI
ORD-02202,CUST-JOIN-2202,2026-08-09,7517.48,WH-NEWYORK
ORD-02203,CUST-JOIN-2203,2026-08-09,4634.09,WH-MIAMI
ORD-02204,CUST-JOIN-2204,2026-08-09,7268.21,WH-MIAMI
ORD-02205,CUST-JOIN-2205,2026-08-09,4452.03,WH-MIAMI
ORD-02206,CUST-JOIN-2206,2026-08-09,1366.9,WH-NEWYORK
ORD-02207,CUST-JOIN-2207,2026-08-09,2691.93,WH-CHICAGO
ORD-02208,CUST-JOIN-2208,2026-08-09,7728.52,WH-NEWYORK
ORD-02209,CUST-JOIN-2209,2026-08-09,6550.47,WH-DETROIT
ORD-02210,CUST-JOIN-2210,2026-08-09,2899.22,WH-DETROIT
ORD-02211,CUST-JOIN-2211,2026-08-09,2428.61,WH-MIAMI
ORD-02212,CUST-JOIN-2212,2026-08-09,6844.09,WH-NEWYORK
ORD-02213,CUST-JOIN-2213,2026-08-09,4521.5,WH-MIAMI
ORD-02214,CUST-JOIN-2214,2026-08-09,2987.1,WH-MIAMI
ORD-02215,CUST-JOIN-2215,2026-08-09,5415.99,WH-DETROIT
ORD-02216,CUST-JOIN-2216,2026-08-09,6679.11,WH-MIAMI
ORD-02217,CUST-JOIN-2217,2026-08-10,3430.72,WH-CHICAGO
ORD-02218,CUST-JOIN-2218,2026-08-10,2930.33,WH-CHICAGO
ORD-02219,CUST-JOIN-2219,2026-08-10,1540.31,WH-NEWYORK
ORD-02220,CUST-JOIN-2220,2026-08-10,6988.88,WH-CHICAGO
ORD-02221,CUST-JOIN-2221,2026-08-10,4126.76,WH-NEWYORK
ORD-02222,CUST-JOIN-2222,2026-08-10,3838.61,WH-NEWYORK
ORD-02223,CUST-JOIN-2223,2026-08-10,1525.62,WH-DETROIT
ORD-02224,CUST-JOIN-2224,2026-08-10,4081.22,WH-DETROIT
ORD-02225,CUST-JOIN-2225,2026-08-10,2195.92,WH-NEWYORK
ORD-02226,CUST-JOIN-2226,2026-08-10,6605.58,WH-NEWYORK
ORD-02227,CUST-JOIN-2227,2026-08-10,842.22,WH-DETROIT
ORD-02228,CUST-JOIN-2228,2026-08-10,3486.67,WH-DETROIT
ORD-02229,CUST-JOIN-2229,2026-08-10,4835.27,WH-NEWYORK
ORD-02230,CUST-JOIN-2230,2026-08-10,7138.35,WH-CHICAGO
ORD-02231,CUST-JOIN-2231,2026-08-10,5537.49,WH-MIAMI
ORD-02232,CUST-JOIN-2232,2026-08-10,656.31,WH-NEWYORK
ORD-02233,CUST-JOIN-2233,2026-08-10,4869.52,WH-DETROIT
ORD-02234,CUST-JOIN-2234,2026-08-10,7185.31,WH-DETROIT
ORD-02235,CUST-JOIN-2235,2026-08-10,6564.21,WH-CHICAGO
ORD-02236,CUST-JOIN-2236,2026-08-10,3463.03,WH-MIAMI
ORD-02237,CUST-JOIN-2237,2026-08-10,1766.15,WH-MIAMI
ORD-02238,CUST-JOIN-2238,2026-08-10,6157.32,WH-NEWYORK
ORD-02239,CUST-JOIN-2239,2026-08-10,1070.39,WH-CHICAGO
ORD-02240,CUST-JOIN-2240,2026-08-10,6923.77,WH-DETROIT
ORD-02241,CUST-JOIN-2241,2026-08-11,1372.28,WH-DETROIT
ORD-02242,CUST-JOIN-2242,2026-08-11,7446.25,WH-DETROIT
ORD-02243,CUST-JOIN-2243,2026-08-11,3621.56,WH-NEWYORK
ORD-02244,CUST-JOIN-2244,2026-08-11,2015.06,WH-MIAMI
ORD-02245,CUST-JOIN-2245,2026-08-11,4647.67,WH-MIAMI
ORD-02246,CUST-JOIN-2246,2026-08-11,1279.54,WH-CHICAGO
ORD-02247,CUST-JOIN-2247,2026-08-11,2902.19,WH-MIAMI
ORD-02248,CUST-JOIN-2248,2026-08-11,285.44,WH-NEWYORK
ORD-02249,CUST-JOIN-2249,2026-08-11,4431.3,WH-DETROIT
ORD-02250,CUST-JOIN-2250,2026-08-11,6344.79,WH-DETROIT
ORD-02251,CUST-JOIN-2251,2026-08-11,3158.66,WH-NEWYORK
ORD-02252,CUST-JOIN-2252,2026-08-11,5124.78,WH-NEWYORK
ORD-02253,CUST-JOIN-2253,2026-08-11,268.97,WH-MIAMI
ORD-02254,CUST-JOIN-2254,2026-08-11,1905.69,WH-NEWYORK
ORD-02255,CUST-JOIN-2255,2026-08-11,3928.44,WH-DETROIT
ORD-02256,CUST-JOIN-2256,2026-08-11,2067.24,WH-NEWYORK
ORD-02257,CUST-JOIN-2257,2026-08-11,4704.28,WH-MIAMI
ORD-02258,CUST-JOIN-2258,2026-08-11,4905.25,WH-MIAMI
ORD-02259,CUST-JOIN-2259,2026-08-11,2334.7,WH-MIAMI
ORD-02260,CUST-JOIN-2260,2026-08-11,5363.93,WH-MIAMI
ORD-02261,CUST-JOIN-2261,2026-08-11,2802.31,WH-NEWYORK
ORD-02262,CUST-JOIN-2262,2026-08-11,4453.8,WH-MIAMI
ORD-02263,CUST-JOIN-2263,2026-08-11,3445.03,WH-DETROIT
ORD-02264,CUST-JOIN-2264,2026-08-11,3509.57,WH-MIAMI
ORD-02265,CUST-JOIN-2265,2026-08-12,6176.21,WH-DETROIT
ORD-02266,CUST-JOIN-2266,2026-08-12,1700.8,WH-MIAMI
ORD-02267,CUST-JOIN-2267,2026-08-12,3647.24,WH-MIAMI
ORD-02268,CUST-JOIN-2268,2026-08-12,1615.77,WH-CHICAGO
ORD-02269,CUST-JOIN-2269,2026-08-12,4922.52,WH-CHICAGO
ORD-02270,CUST-JOIN-2270,2026-08-12,2120.55,WH-NEWYORK
ORD-02271,CUST-JOIN-2271,2026-08-12,3780.41,WH-CHICAGO
ORD-02272,CUST-JOIN-2272,2026-08-12,4150.56,WH-CHICAGO
ORD-02273,CUST-JOIN-2273,2026-08-12,3063.99,WH-MIAMI
ORD-02274,CUST-JOIN-2274,2026-08-12,1184.01,WH-MIAMI
ORD-02275,CUST-JOIN-2275,2026-08-12,6663.88,WH-CHICAGO
ORD-02276,CUST-JOIN-2276,2026-08-12,7346.2,WH-DETROIT
ORD-02277,CUST-JOIN-2277,2026-08-12,3971.79,WH-DETROIT
ORD-02278,CUST-JOIN-2278,2026-08-12,4793.51,WH-MIAMI
ORD-02279,CUST-JOIN-2279,2026-08-12,6068.53,WH-CHICAGO
ORD-02280,CUST-JOIN-2280,2026-08-12,347.16,WH-CHICAGO
ORD-02281,CUST-JOIN-2281,2026-08-12,265.83,WH-CHICAGO
ORD-02282,CUST-JOIN-2282,2026-08-12,4762.83,WH-MIAMI
ORD-02283,CUST-JOIN-2283,2026-08-12,2334.64,WH-CHICAGO
ORD-02284,CUST-JOIN-2284,2026-08-12,761.58,WH-MIAMI
ORD-02285,CUST-JOIN-2285,2026-08-12,3255.38,WH-CHICAGO
ORD-02286,CUST-JOIN-2286,2026-08-12,2947.88,WH-CHICAGO
ORD-02287,CUST-JOIN-2287,2026-08-12,3973.58,WH-NEWYORK
ORD-02288,CUST-JOIN-2288,2026-08-12,1944.87,WH-MIAMI
ORD-02289,CUST-JOIN-2289,2026-08-13,7900.81,WH-CHICAGO
ORD-02290,CUST-JOIN-2290,2026-08-13,2462.91,WH-DETROIT
ORD-02291,CUST-JOIN-2291,2026-08-13,3467.83,WH-MIAMI
ORD-02292,CUST-JOIN-2292,2026-08-13,3580.01,WH-NEWYORK
ORD-02293,CUST-JOIN-2293,2026-08-13,7268.2,WH-DETROIT
ORD-02294,CUST-JOIN-2294,2026-08-13,1622.68,WH-CHICAGO
ORD-02295,CUST-JOIN-2295,2026-08-13,5031.83,WH-DETROIT
ORD-02296,CUST-JOIN-2296,2026-08-13,4859.98,WH-NEWYORK
ORD-02297,CUST-JOIN-2297,2026-08-13,7689.55,WH-NEWYORK
ORD-02298,CUST-JOIN-2298,2026-08-13,2810.33,WH-DETROIT
ORD-02299,CUST-JOIN-2299,2026-08-13,5308.9,WH-DETROIT
ORD-02300,CUST-JOIN-2300,2026-08-13,4614.61,WH-CHICAGO
ORD-02301,CUST-JOIN-2301,2026-08-13,6452.58,WH-DETROIT
ORD-02302,CUST-JOIN-2302,2026-08-13,4681.24,WH-CHICAGO
ORD-02303,CUST-JOIN-2303,2026-08-13,3836.32,WH-MIAMI
ORD-02304,CUST-JOIN-2304,2026-08-13,6430.5,WH-CHICAGO
ORD-02305,CUST-JOIN-2305,2026-08-13,6180.63,WH-CHICAGO
ORD-02306,CUST-JOIN-2306,2026-08-13,2597.41,WH-MIAMI
ORD-02307,CUST-JOIN-2307,2026-08-13,7553.84,WH-CHICAGO
ORD-02308,CUST-JOIN-2308,2026-08-13,4198.71,WH-MIAMI
ORD-02309,CUST-JOIN-2309,2026-08-13,7527.75,WH-DETROIT
ORD-02310,CUST-JOIN-2310,2026-08-13,1356.62,WH-CHICAGO
ORD-02311,CUST-JOIN-2311,2026-08-13,1430.42,WH-MIAMI
ORD-02312,CUST-JOIN-2312,2026-08-13,3333.2,WH-DETROIT
ORD-02313,CUST-JOIN-2313,2026-08-14,2770.9,WH-CHICAGO
ORD-02314,CUST-JOIN-2314,2026-08-14,2187.77,WH-CHICAGO
ORD-02315,CUST-JOIN-2315,2026-08-14,5519.92,WH-CHICAGO
ORD-02316,CUST-JOIN-2316,2026-08-14,1155.26,WH-CHICAGO
ORD-02317,CUST-JOIN-2317,2026-08-14,2772.73,WH-NEWYORK
ORD-02318,CUST-JOIN-2318,2026-08-14,6061.78,WH-NEWYORK
ORD-02319,CUST-JOIN-2319,2026-08-14,6944.75,WH-CHICAGO
ORD-02320,CUST-JOIN-2320,2026-08-14,6651.38,WH-MIAMI
ORD-02321,CUST-JOIN-2321,2026-08-14,988.48,WH-CHICAGO
ORD-02322,CUST-JOIN-2322,2026-08-14,4457.03,WH-NEWYORK
ORD-02323,CUST-JOIN-2323,2026-08-14,1846.02,WH-NEWYORK
ORD-02324,CUST-JOIN-2324,2026-08-14,754.81,WH-MIAMI
ORD-02325,CUST-JOIN-2325,2026-08-14,6873.33,WH-NEWYORK
ORD-02326,CUST-JOIN-2326,2026-08-14,6678.61,WH-CHICAGO
ORD-02327,CUST-JOIN-2327,2026-08-14,3851.4,WH-NEWYORK
ORD-02328,CUST-JOIN-2328,2026-08-14,5695.37,WH-DETROIT
ORD-02329,CUST-JOIN-2329,2026-08-14,3601.4,WH-MIAMI
ORD-02330,CUST-JOIN-2330,2026-08-14,7093.87,WH-MIAMI
ORD-02331,CUST-JOIN-2331,2026-08-14,463.31,WH-DETROIT
ORD-02332,CUST-JOIN-2332,2026-08-14,2693.66,WH-DETROIT
ORD-02333,CUST-JOIN-2333,2026-08-14,1895.78,WH-MIAMI
ORD-02334,CUST-JOIN-2334,2026-08-14,7683.16,WH-NEWYORK
ORD-02335,CUST-JOIN-2335,2026-08-14,4211.84,WH-CHICAGO
ORD-02336,CUST-JOIN-2336,2026-08-14,4588.38,WH-CHICAGO
ORD-02337,CUST-JOIN-2337,2026-08-15,1125.32,WH-CHICAGO
ORD-02338,CUST-JOIN-2338,2026-08-15,5077.41,WH-CHICAGO
ORD-02339,CUST-JOIN-2339,2026-08-15,6814.44,WH-CHICAGO
ORD-02340,CUST-JOIN-2340,2026-08-15,5040.0,WH-DETROIT
ORD-02341,CUST-JOIN-2341,2026-08-15,5793.86,WH-MIAMI
ORD-02342,CUST-JOIN-2342,2026-08-15,7236.13,WH-MIAMI
ORD-02343,CUST-JOIN-2343,2026-08-15,5271.52,WH-MIAMI
ORD-02344,CUST-JOIN-2344,2026-08-15,1020.97,WH-DETROIT
ORD-02345,CUST-JOIN-2345,2026-08-15,7508.05,WH-CHICAGO
ORD-02346,CUST-JOIN-2346,2026-08-15,1672.85,WH-MIAMI
ORD-02347,CUST-JOIN-2347,2026-08-15,5076.79,WH-MIAMI
ORD-02348,CUST-JOIN-2348,2026-08-15,3735.05,WH-MIAMI
ORD-02349,CUST-JOIN-2349,2026-08-15,5930.23,WH-CHICAGO
ORD-02350,CUST-JOIN-2350,2026-08-15,1920.26,WH-NEWYORK
ORD-02351,CUST-JOIN-2351,2026-08-15,2951.5,WH-NEWYORK
ORD-02352,CUST-JOIN-2352,2026-08-15,276.9,WH-NEWYORK
ORD-02353,CUST-JOIN-2353,2026-08-15,3560.14,WH-MIAMI
ORD-02354,CUST-JOIN-2354,2026-08-15,2872.29,WH-CHICAGO
ORD-02355,CUST-JOIN-2355,2026-08-15,3788.99,WH-CHICAGO
ORD-02356,CUST-JOIN-2356,2026-08-15,4709.1,WH-MIAMI
ORD-02357,CUST-JOIN-2357,2026-08-15,2958.52,WH-NEWYORK
ORD-02358,CUST-JOIN-2358,2026-08-15,5103.65,WH-MIAMI
ORD-02359,CUST-JOIN-2359,2026-08-15,2557.02,WH-NEWYORK
ORD-02360,CUST-JOIN-2360,2026-08-15,5535.38,WH-CHICAGO
ORD-02361,CUST-JOIN-2361,2026-08-16,2832.52,WH-NEWYORK
ORD-02362,CUST-JOIN-2362,2026-08-16,3640.6,WH-MIAMI
ORD-02363,CUST-JOIN-2363,2026-08-16,7738.88,WH-NEWYORK
ORD-02364,CUST-JOIN-2364,2026-08-16,7179.39,WH-CHICAGO
ORD-02365,CUST-JOIN-2365,2026-08-16,3592.05,WH-DETROIT
ORD-02366,CUST-JOIN-2366,2026-08-16,4618.43,WH-MIAMI
ORD-02367,CUST-JOIN-2367,2026-08-16,3310.56,WH-MIAMI
ORD-02368,CUST-JOIN-2368,2026-08-16,7855.19,WH-NEWYORK
ORD-02369,CUST-JOIN-2369,2026-08-16,5804.65,WH-MIAMI
ORD-02370,CUST-JOIN-2370,2026-08-16,5900.86,WH-CHICAGO
ORD-02371,CUST-JOIN-2371,2026-08-16,993.95,WH-DETROIT
ORD-02372,CUST-JOIN-2372,2026-08-16,6383.91,WH-DETROIT
ORD-02373,CUST-JOIN-2373,2026-08-16,1923.8,WH-MIAMI
ORD-02374,CUST-JOIN-2374,2026-08-16,655.57,WH-MIAMI
ORD-02375,CUST-JOIN-2375,2026-08-16,1991.83,WH-CHICAGO
ORD-02376,CUST-JOIN-2376,2026-08-16,1040.52,WH-MIAMI
ORD-02377,CUST-JOIN-2377,2026-08-16,1839.47,WH-MIAMI
ORD-02378,CUST-JOIN-2378,2026-08-16,6310.8,WH-MIAMI
ORD-02379,CUST-JOIN-2379,2026-08-16,4585.52,WH-NEWYORK
ORD-02380,CUST-JOIN-2380,2026-08-16,3719.66,WH-CHICAGO
ORD-02381,CUST-JOIN-2381,2026-08-16,7294.18,WH-NEWYORK
ORD-02382,CUST-JOIN-2382,2026-08-16,6416.44,WH-NEWYORK
ORD-02383,CUST-JOIN-2383,2026-08-16,7837.4,WH-NEWYORK
ORD-02384,CUST-JOIN-2384,2026-08-16,2432.72,WH-DETROIT
ORD-02385,CUST-JOIN-2385,2026-08-17,5063.68,WH-MIAMI
ORD-02386,CUST-JOIN-2386,2026-08-17,7913.12,WH-CHICAGO
ORD-02387,CUST-JOIN-2387,2026-08-17,205.47,WH-CHICAGO
ORD-02388,CUST-JOIN-2388,2026-08-17,474.03,WH-DETROIT
ORD-02389,CUST-JOIN-2389,2026-08-17,3019.55,WH-CHICAGO
ORD-02390,CUST-JOIN-2390,2026-08-17,3206.13,WH-NEWYORK
ORD-02391,CUST-JOIN-2391,2026-08-17,5370.45,WH-CHICAGO
ORD-02392,CUST-JOIN-2392,2026-08-17,7615.46,WH-MIAMI
ORD-02393,CUST-JOIN-2393,2026-08-17,1551.04,WH-MIAMI
ORD-02394,CUST-JOIN-2394,2026-08-17,7266.29,WH-CHICAGO
ORD-02395,CUST-JOIN-2395,2026-08-17,2600.8,WH-DETROIT
ORD-02396,CUST-JOIN-2396,2026-08-17,2375.91,WH-NEWYORK
ORD-02397,CUST-JOIN-2397,2026-08-17,5394.44,WH-MIAMI
ORD-02398,CUST-JOIN-2398,2026-08-17,5547.93,WH-MIAMI
ORD-02399,CUST-JOIN-2399,2026-08-17,3255.98,WH-NEWYORK
ORD-02400,CUST-JOIN-2400,2026-08-17,6399.03,WH-DETROIT
ORD-02401,CUST-JOIN-2401,2026-08-17,2777.66,WH-NEWYORK
ORD-02402,CUST-JOIN-2402,2026-08-17,7150.63,WH-CHICAGO
ORD-02403,CUST-JOIN-2403,2026-08-17,5555.9,WH-CHICAGO
ORD-02404,CUST-JOIN-2404,2026-08-17,3723.43,WH-NEWYORK
ORD-02405,CUST-JOIN-2405,2026-08-17,917.71,WH-NEWYORK
ORD-02406,CUST-JOIN-2406,2026-08-17,3682.3,WH-NEWYORK
ORD-02407,CUST-JOIN-2407,2026-08-17,1172.77,WH-MIAMI
ORD-02408,CUST-JOIN-2408,2026-08-17,4435.03,WH-NEWYORK
ORD-02409,CUST-JOIN-2409,2026-08-18,4056.36,WH-CHICAGO
ORD-02410,CUST-JOIN-2410,2026-08-18,4045.02,WH-NEWYORK
ORD-02411,CUST-JOIN-2411,2026-08-18,4618.11,WH-DETROIT
ORD-02412,CUST-JOIN-2412,2026-08-18,3436.35,WH-NEWYORK
ORD-02413,CUST-JOIN-2413,2026-08-18,7376.58,WH-DETROIT
ORD-02414,CUST-JOIN-2414,2026-08-18,7915.78,WH-DETROIT
ORD-02415,CUST-JOIN-2415,2026-08-18,7007.58,WH-NEWYORK
ORD-02416,CUST-JOIN-2416,2026-08-18,491.48,WH-NEWYORK
ORD-02417,CUST-JOIN-2417,2026-08-18,319.72,WH-DETROIT
ORD-02418,CUST-JOIN-2418,2026-08-18,3778.83,WH-NEWYORK
ORD-02419,CUST-JOIN-2419,2026-08-18,2224.3,WH-DETROIT
ORD-02420,CUST-JOIN-2420,2026-08-18,4951.76,WH-MIAMI
ORD-02421,CUST-JOIN-2421,2026-08-18,2887.78,WH-CHICAGO
ORD-02422,CUST-JOIN-2422,2026-08-18,6564.92,WH-MIAMI
ORD-02423,CUST-JOIN-2423,2026-08-18,2504.45,WH-NEWYORK
ORD-02424,CUST-JOIN-2424,2026-08-18,6596.32,WH-MIAMI
ORD-02425,CUST-JOIN-2425,2026-08-18,4070.37,WH-MIAMI
ORD-02426,CUST-JOIN-2426,2026-08-18,7950.02,WH-NEWYORK
ORD-02427,CUST-JOIN-2427,2026-08-18,4351.76,WH-DETROIT
ORD-02428,CUST-JOIN-2428,2026-08-18,2277.48,WH-MIAMI
ORD-02429,CUST-JOIN-2429,2026-08-18,2710.92,WH-NEWYORK
ORD-02430,CUST-JOIN-2430,2026-08-18,1609.89,WH-MIAMI
ORD-02431,CUST-JOIN-2431,2026-08-18,2524.22,WH-CHICAGO
ORD-02432,CUST-JOIN-2432,2026-08-18,1194.5,WH-NEWYORK
ORD-02433,CUST-JOIN-2433,2026-08-19,3205.4,WH-CHICAGO
ORD-02434,CUST-JOIN-2434,2026-08-19,3086.58,WH-NEWYORK
ORD-02435,CUST-JOIN-2435,2026-08-19,1884.3,WH-NEWYORK
ORD-02436,CUST-JOIN-2436,2026-08-19,1556.24,WH-DETROIT
ORD-02437,CUST-JOIN-2437,2026-08-19,6604.94,WH-NEWYORK
ORD-02438,CUST-JOIN-2438,2026-08-19,2112.83,WH-CHICAGO
ORD-02439,CUST-JOIN-2439,2026-08-19,1782.0,WH-DETROIT
ORD-02440,CUST-JOIN-2440,2026-08-19,3542.47,WH-DETROIT
ORD-02441,CUST-JOIN-2441,2026-08-19,4213.6,WH-DETROIT
ORD-02442,CUST-JOIN-2442,2026-08-19,4175.25,WH-CHICAGO
ORD-02443,CUST-JOIN-2443,2026-08-19,1323.17,WH-CHICAGO
ORD-02444,CUST-JOIN-2444,2026-08-19,1265.77,WH-NEWYORK
ORD-02445,CUST-JOIN-2445,2026-08-19,505.31,WH-NEWYORK
ORD-02446,CUST-JOIN-2446,2026-08-19,1653.95,WH-CHICAGO
ORD-02447,CUST-JOIN-2447,2026-08-19,6223.27,WH-MIAMI
ORD-02448,CUST-JOIN-2448,2026-08-19,3517.25,WH-NEWYORK
ORD-02449,CUST-JOIN-2449,2026-08-19,6797.46,WH-CHICAGO
ORD-02450,CUST-JOIN-2450,2026-08-19,1840.51,WH-NEWYORK
ORD-02451,CUST-JOIN-2451,2026-08-19,7391.25,WH-NEWYORK
ORD-02452,CUST-JOIN-2452,2026-08-19,4499.07,WH-CHICAGO
ORD-02453,CUST-JOIN-2453,2026-08-19,3091.79,WH-DETROIT
ORD-02454,CUST-JOIN-2454,2026-08-19,6394.81,WH-DETROIT
ORD-02455,CUST-JOIN-2455,2026-08-19,2199.39,WH-DETROIT
ORD-02456,CUST-JOIN-2456,2026-08-19,6119.72,WH-NEWYORK
ORD-02457,CUST-JOIN-2457,2026-08-20,4405.29,WH-DETROIT
ORD-02458,CUST-JOIN-2458,2026-08-20,1198.43,WH-CHICAGO
ORD-02459,CUST-JOIN-2459,2026-08-20,368.58,WH-NEWYORK
ORD-02460,CUST-JOIN-2460,2026-08-20,348.34,WH-CHICAGO
ORD-02461,CUST-JOIN-2461,2026-08-20,1343.47,WH-NEWYORK
ORD-02462,CUST-JOIN-2462,2026-08-20,5406.59,WH-DETROIT
ORD-02463,CUST-JOIN-2463,2026-08-20,785.53,WH-NEWYORK
ORD-02464,CUST-JOIN-2464,2026-08-20,7530.6,WH-NEWYORK
ORD-02465,CUST-JOIN-2465,2026-08-20,680.57,WH-NEWYORK
ORD-02466,CUST-JOIN-2466,2026-08-20,5552.45,WH-DETROIT
ORD-02467,CUST-JOIN-2467,2026-08-20,6831.98,WH-CHICAGO
ORD-02468,CUST-JOIN-2468,2026-08-20,452.64,WH-NEWYORK
ORD-02469,CUST-JOIN-2469,2026-08-20,6098.58,WH-MIAMI
ORD-02470,CUST-JOIN-2470,2026-08-20,4778.43,WH-NEWYORK
ORD-02471,CUST-JOIN-2471,2026-08-20,7040.4,WH-DETROIT
ORD-02472,CUST-JOIN-2472,2026-08-20,4402.98,WH-CHICAGO
ORD-02473,CUST-JOIN-2473,2026-08-20,2038.42,WH-DETROIT
ORD-02474,CUST-JOIN-2474,2026-08-20,2154.25,WH-DETROIT
ORD-02475,CUST-JOIN-2475,2026-08-20,4348.74,WH-DETROIT
ORD-02476,CUST-JOIN-2476,2026-08-20,3520.34,WH-NEWYORK
ORD-02477,CUST-JOIN-2477,2026-08-20,5249.45,WH-MIAMI
ORD-02478,CUST-JOIN-2478,2026-08-20,4688.53,WH-MIAMI
ORD-02479,CUST-JOIN-2479,2026-08-20,6095.32,WH-CHICAGO
ORD-02480,CUST-JOIN-2480,2026-08-20,3908.34,WH-DETROIT
ORD-02481,CUST-JOIN-2481,2026-08-21,4180.46,WH-CHICAGO
ORD-02482,CUST-JOIN-2482,2026-08-21,1740.88,WH-MIAMI
ORD-02483,CUST-JOIN-2483,2026-08-21,2626.55,WH-DETROIT
ORD-02484,CUST-JOIN-2484,2026-08-21,2237.22,WH-NEWYORK
ORD-02485,CUST-JOIN-2485,2026-08-21,824.86,WH-NEWYORK
ORD-02486,CUST-JOIN-2486,2026-08-21,2492.47,WH-CHICAGO
ORD-02487,CUST-JOIN-2487,2026-08-21,4260.13,WH-NEWYORK
ORD-02488,CUST-JOIN-2488,2026-08-21,7881.06,WH-CHICAGO
ORD-02489,CUST-JOIN-2489,2026-08-21,5778.34,WH-CHICAGO
ORD-02490,CUST-JOIN-2490,2026-08-21,4509.75,WH-DETROIT
ORD-02491,CUST-JOIN-2491,2026-08-21,7892.73,WH-CHICAGO
ORD-02492,CUST-JOIN-2492,2026-08-21,5354.49,WH-NEWYORK
ORD-02493,CUST-JOIN-2493,2026-08-21,2496.78,WH-NEWYORK
ORD-02494,CUST-JOIN-2494,2026-08-21,1343.34,WH-MIAMI
ORD-02495,CUST-JOIN-2495,2026-08-21,5256.23,WH-NEWYORK
ORD-02496,CUST-JOIN-2496,2026-08-21,6798.79,WH-MIAMI
ORD-02497,CUST-JOIN-2497,2026-08-21,3068.82,WH-DETROIT
ORD-02498,CUST-JOIN-2498,2026-08-21,2177.87,WH-MIAMI
ORD-02499,CUST-JOIN-2499,2026-08-21,3575.18,WH-NEWYORK
ORD-02500,CUST-JOIN-2500,2026-08-21,3195.07,WH-MIAMI
ORD-02501,CUST-JOIN-2501,2026-08-21,2639.83,WH-MIAMI
ORD-02502,CUST-JOIN-2502,2026-08-21,1749.71,WH-DETROIT
ORD-02503,CUST-JOIN-2503,2026-08-21,5208.99,WH-MIAMI
ORD-02504,CUST-JOIN-2504,2026-08-21,6637.47,WH-NEWYORK
ORD-02505,CUST-JOIN-2505,2026-08-22,6305.45,WH-NEWYORK
ORD-02506,CUST-JOIN-2506,2026-08-22,4173.72,WH-MIAMI
ORD-02507,CUST-JOIN-2507,2026-08-22,1107.03,WH-NEWYORK
ORD-02508,CUST-JOIN-2508,2026-08-22,2256.4,WH-NEWYORK
ORD-02509,CUST-JOIN-2509,2026-08-22,6171.41,WH-CHICAGO
ORD-02510,CUST-JOIN-2510,2026-08-22,5442.89,WH-CHICAGO
ORD-02511,CUST-JOIN-2511,2026-08-22,7787.35,WH-CHICAGO
ORD-02512,CUST-JOIN-2512,2026-08-22,6209.58,WH-DETROIT
ORD-02513,CUST-JOIN-2513,2026-08-22,7114.16,WH-CHICAGO
ORD-02514,CUST-JOIN-2514,2026-08-22,3956.77,WH-CHICAGO
ORD-02515,CUST-JOIN-2515,2026-08-22,4649.42,WH-CHICAGO
ORD-02516,CUST-JOIN-2516,2026-08-22,1017.15,WH-MIAMI
ORD-02517,CUST-JOIN-2517,2026-08-22,628.8,WH-DETROIT
ORD-02518,CUST-JOIN-2518,2026-08-22,1344.84,WH-DETROIT
ORD-02519,CUST-JOIN-2519,2026-08-22,4632.61,WH-NEWYORK
ORD-02520,CUST-JOIN-2520,2026-08-22,1515.3,WH-DETROIT
ORD-02521,CUST-JOIN-2521,2026-08-22,2723.01,WH-MIAMI
ORD-02522,CUST-JOIN-2522,2026-08-22,6159.61,WH-DETROIT
ORD-02523,CUST-JOIN-2523,2026-08-22,1991.38,WH-DETROIT
ORD-02524,CUST-JOIN-2524,2026-08-22,3282.88,WH-MIAMI
ORD-02525,CUST-JOIN-2525,2026-08-22,3012.33,WH-MIAMI
ORD-02526,CUST-JOIN-2526,2026-08-22,6500.61,WH-DETROIT
ORD-02527,CUST-JOIN-2527,2026-08-22,5937.41,WH-NEWYORK
ORD-02528,CUST-JOIN-2528,2026-08-22,5770.51,WH-DETROIT
ORD-02529,CUST-JOIN-2529,2026-08-23,7884.51,WH-NEWYORK
ORD-02530,CUST-JOIN-2530,2026-08-23,1852.78,WH-NEWYORK
ORD-02531,CUST-JOIN-2531,2026-08-23,6737.03,WH-DETROIT
ORD-02532,CUST-JOIN-2532,2026-08-23,2841.69,WH-NEWYORK
ORD-02533,CUST-JOIN-2533,2026-08-23,4151.66,WH-DETROIT
ORD-02534,CUST-JOIN-2534,2026-08-23,2949.38,WH-NEWYORK
ORD-02535,CUST-JOIN-2535,2026-08-23,6203.87,WH-DETROIT
ORD-02536,CUST-JOIN-2536,2026-08-23,4218.17,WH-MIAMI
ORD-02537,CUST-JOIN-2537,2026-08-23,5313.84,WH-MIAMI
ORD-02538,CUST-JOIN-2538,2026-08-23,3365.26,WH-DETROIT
ORD-02539,CUST-JOIN-2539,2026-08-23,504.96,WH-MIAMI
ORD-02540,CUST-JOIN-2540,2026-08-23,1464.22,WH-DETROIT
ORD-02541,CUST-JOIN-2541,2026-08-23,1256.31,WH-CHICAGO
ORD-02542,CUST-JOIN-2542,2026-08-23,7321.73,WH-MIAMI
ORD-02543,CUST-JOIN-2543,2026-08-23,5853.94,WH-MIAMI
ORD-02544,CUST-JOIN-2544,2026-08-23,3307.48,WH-NEWYORK
ORD-02545,CUST-JOIN-2545,2026-08-23,2436.38,WH-NEWYORK
ORD-02546,CUST-JOIN-2546,2026-08-23,2409.24,WH-CHICAGO
ORD-02547,CUST-JOIN-2547,2026-08-23,3366.79,WH-DETROIT
ORD-02548,CUST-JOIN-2548,2026-08-23,2339.75,WH-DETROIT
ORD-02549,CUST-JOIN-2549,2026-08-23,6282.13,WH-CHICAGO
ORD-02550,CUST-JOIN-2550,2026-08-23,7232.29,WH-MIAMI
ORD-02551,CUST-JOIN-2551,2026-08-23,4718.23,WH-NEWYORK
ORD-02552,CUST-JOIN-2552,2026-08-23,7607.41,WH-MIAMI
ORD-02553,CUST-JOIN-2553,2026-08-24,6298.48,WH-NEWYORK
ORD-02554,CUST-JOIN-2554,2026-08-24,1322.58,WH-MIAMI
ORD-02555,CUST-JOIN-2555,2026-08-24,6558.82,WH-MIAMI
ORD-02556,CUST-JOIN-2556,2026-08-24,6502.33,WH-DETROIT
ORD-02557,CUST-JOIN-2557,2026-08-24,6962.91,WH-DETROIT
ORD-02558,CUST-JOIN-2558,2026-08-24,7049.61,WH-NEWYORK
ORD-02559,CUST-JOIN-2559,2026-08-24,4229.55,WH-NEWYORK
ORD-02560,CUST-JOIN-2560,2026-08-24,6602.42,WH-MIAMI
ORD-02561,CUST-JOIN-2561,2026-08-24,551.87,WH-DETROIT
ORD-02562,CUST-JOIN-2562,2026-08-24,5154.73,WH-DETROIT
ORD-02563,CUST-JOIN-2563,2026-08-24,2521.06,WH-NEWYORK
ORD-02564,CUST-JOIN-2564,2026-08-24,4670.38,WH-DETROIT
ORD-02565,CUST-JOIN-2565,2026-08-24,3272.9,WH-NEWYORK
ORD-02566,CUST-JOIN-2566,2026-08-24,7059.24,WH-DETROIT
ORD-02567,CUST-JOIN-2567,2026-08-24,1037.23,WH-DETROIT
ORD-02568,CUST-JOIN-2568,2026-08-24,5136.63,WH-DETROIT
ORD-02569,CUST-JOIN-2569,2026-08-24,1256.74,WH-CHICAGO
ORD-02570,CUST-JOIN-2570,2026-08-24,231.53,WH-DETROIT
ORD-02571,CUST-JOIN-2571,2026-08-24,5086.08,WH-MIAMI
ORD-02572,CUST-JOIN-2572,2026-08-24,6063.42,WH-NEWYORK
ORD-02573,CUST-JOIN-2573,2026-08-24,5276.67,WH-NEWYORK
ORD-02574,CUST-JOIN-2574,2026-08-24,2443.11,WH-CHICAGO
ORD-02575,CUST-JOIN-2575,2026-08-24,1784.61,WH-CHICAGO
ORD-02576,CUST-JOIN-2576,2026-08-24,4098.86,WH-MIAMI
ORD-02577,CUST-JOIN-2577,2026-08-25,7308.42,WH-MIAMI
ORD-02578,CUST-JOIN-2578,2026-08-25,5710.03,WH-MIAMI
ORD-02579,CUST-JOIN-2579,2026-08-25,4096.95,WH-CHICAGO
ORD-02580,CUST-JOIN-2580,2026-08-25,3864.31,WH-DETROIT
ORD-02581,CUST-JOIN-2581,2026-08-25,6937.51,WH-DETROIT
ORD-02582,CUST-JOIN-2582,2026-08-25,3074.31,WH-CHICAGO
ORD-02583,CUST-JOIN-2583,2026-08-25,1123.2,WH-CHICAGO
ORD-02584,CUST-JOIN-2584,2026-08-25,3221.51,WH-MIAMI
ORD-02585,CUST-JOIN-2585,2026-08-25,7807.86,WH-MIAMI
ORD-02586,CUST-JOIN-2586,2026-08-25,6878.99,WH-CHICAGO
ORD-02587,CUST-JOIN-2587,2026-08-25,4616.33,WH-DETROIT
ORD-02588,CUST-JOIN-2588,2026-08-25,7669.66,WH-CHICAGO
ORD-02589,CUST-JOIN-2589,2026-08-25,6815.26,WH-NEWYORK
ORD-02590,CUST-JOIN-2590,2026-08-25,2053.48,WH-MIAMI
ORD-02591,CUST-JOIN-2591,2026-08-25,2689.97,WH-CHICAGO
ORD-02592,CUST-JOIN-2592,2026-08-25,879.0,WH-CHICAGO
ORD-02593,CUST-JOIN-2593,2026-08-25,7372.78,WH-CHICAGO
ORD-02594,CUST-JOIN-2594,2026-08-25,5660.89,WH-DETROIT
ORD-02595,CUST-JOIN-2595,2026-08-25,3367.88,WH-CHICAGO
ORD-02596,CUST-JOIN-2596,2026-08-25,4815.4,WH-DETROIT
ORD-02597,CUST-JOIN-2597,2026-08-25,6702.32,WH-NEWYORK
ORD-02598,CUST-JOIN-2598,2026-08-25,4763.33,WH-NEWYORK
ORD-02599,CUST-JOIN-2599,2026-08-25,2227.87,WH-NEWYORK
ORD-02600,CUST-JOIN-2600,2026-08-25,1545.18,WH-CHICAGO
ORD-02601,CUST-JOIN-2601,2026-08-26,2610.29,WH-NEWYORK
ORD-02602,CUST-JOIN-2602,2026-08-26,1381.47,WH-MIAMI
ORD-02603,CUST-JOIN-2603,2026-08-26,1585.39,WH-DETROIT
ORD-02604,CUST-JOIN-2604,2026-08-26,7055.32,WH-CHICAGO
ORD-02605,CUST-JOIN-2605,2026-08-26,2628.84,WH-MIAMI
ORD-02606,CUST-JOIN-2606,2026-08-26,3591.26,WH-MIAMI
ORD-02607,CUST-JOIN-2607,2026-08-26,6519.74,WH-DETROIT
ORD-02608,CUST-JOIN-2608,2026-08-26,7955.23,WH-CHICAGO
ORD-02609,CUST-JOIN-2609,2026-08-26,7785.48,WH-MIAMI
ORD-02610,CUST-JOIN-2610,2026-08-26,6872.55,WH-DETROIT
ORD-02611,CUST-JOIN-2611,2026-08-26,4687.99,WH-NEWYORK
ORD-02612,CUST-JOIN-2612,2026-08-26,450.05,WH-MIAMI
ORD-02613,CUST-JOIN-2613,2026-08-26,6454.51,WH-DETROIT
ORD-02614,CUST-JOIN-2614,2026-08-26,2853.2,WH-CHICAGO
ORD-02615,CUST-JOIN-2615,2026-08-26,5814.99,WH-CHICAGO
ORD-02616,CUST-JOIN-2616,2026-08-26,2598.57,WH-CHICAGO
ORD-02617,CUST-JOIN-2617,2026-08-26,6756.59,WH-DETROIT
ORD-02618,CUST-JOIN-2618,2026-08-26,238.27,WH-NEWYORK
ORD-02619,CUST-JOIN-2619,2026-08-26,3359.25,WH-MIAMI
ORD-02620,CUST-JOIN-2620,2026-08-26,1577.1,WH-DETROIT
ORD-02621,CUST-JOIN-2621,2026-08-26,2489.02,WH-CHICAGO
ORD-02622,CUST-JOIN-2622,2026-08-26,7596.51,WH-DETROIT
ORD-02623,CUST-JOIN-2623,2026-08-26,2084.33,WH-CHICAGO
ORD-02624,CUST-JOIN-2624,2026-08-26,5700.59,WH-DETROIT
ORD-02625,CUST-JOIN-2625,2026-08-27,2046.14,WH-CHICAGO
ORD-02626,CUST-JOIN-2626,2026-08-27,2504.19,WH-MIAMI
ORD-02627,CUST-JOIN-2627,2026-08-27,1123.24,WH-CHICAGO
ORD-02628,CUST-JOIN-2628,2026-08-27,1236.05,WH-MIAMI
ORD-02629,CUST-JOIN-2629,2026-08-27,4291.37,WH-NEWYORK
ORD-02630,CUST-JOIN-2630,2026-08-27,2212.18,WH-CHICAGO
ORD-02631,CUST-JOIN-2631,2026-08-27,5699.32,WH-DETROIT
ORD-02632,CUST-JOIN-2632,2026-08-27,689.81,WH-CHICAGO
ORD-02633,CUST-JOIN-2633,2026-08-27,2317.22,WH-DETROIT
ORD-02634,CUST-JOIN-2634,2026-08-27,5512.46,WH-CHICAGO
ORD-02635,CUST-JOIN-2635,2026-08-27,325.59,WH-NEWYORK
ORD-02636,CUST-JOIN-2636,2026-08-27,7174.89,WH-CHICAGO
ORD-02637,CUST-JOIN-2637,2026-08-27,5352.06,WH-NEWYORK
ORD-02638,CUST-JOIN-2638,2026-08-27,2200.0,WH-NEWYORK
ORD-02639,CUST-JOIN-2639,2026-08-27,7356.8,WH-NEWYORK
ORD-02640,CUST-JOIN-2640,2026-08-27,483.03,WH-CHICAGO
ORD-02641,CUST-JOIN-2641,2026-08-27,2740.32,WH-CHICAGO
ORD-02642,CUST-JOIN-2642,2026-08-27,4125.3,WH-CHICAGO
ORD-02643,CUST-JOIN-2643,2026-08-27,5910.55,WH-MIAMI
ORD-02644,CUST-JOIN-2644,2026-08-27,7863.81,WH-MIAMI
ORD-02645,CUST-JOIN-2645,2026-08-27,1198.48,WH-MIAMI
ORD-02646,CUST-JOIN-2646,2026-08-27,2353.13,WH-CHICAGO
ORD-02647,CUST-JOIN-2647,2026-08-27,6879.38,WH-DETROIT
ORD-02648,CUST-JOIN-2648,2026-08-27,425.79,WH-NEWYORK
ORD-02649,CUST-JOIN-2649,2026-08-28,5384.8,WH-CHICAGO
ORD-02650,CUST-JOIN-2650,2026-08-28,603.82,WH-NEWYORK
ORD-02651,CUST-JOIN-2651,2026-08-28,5847.5,WH-DETROIT
ORD-02652,CUST-JOIN-2652,2026-08-28,4066.59,WH-MIAMI
ORD-02653,CUST-JOIN-2653,2026-08-28,1284.07,WH-DETROIT
ORD-02654,CUST-JOIN-2654,2026-08-28,6870.94,WH-MIAMI
ORD-02655,CUST-JOIN-2655,2026-08-28,7999.88,WH-CHICAGO
ORD-02656,CUST-JOIN-2656,2026-08-28,4641.65,WH-DETROIT
ORD-02657,CUST-JOIN-2657,2026-08-28,4809.61,WH-MIAMI
ORD-02658,CUST-JOIN-2658,2026-08-28,5030.44,WH-NEWYORK
ORD-02659,CUST-JOIN-2659,2026-08-28,3188.92,WH-MIAMI
ORD-02660,CUST-JOIN-2660,2026-08-28,577.79,WH-NEWYORK
ORD-02661,CUST-JOIN-2661,2026-08-28,5053.98,WH-NEWYORK
ORD-02662,CUST-JOIN-2662,2026-08-28,1716.9,WH-CHICAGO
ORD-02663,CUST-JOIN-2663,2026-08-28,4532.68,WH-NEWYORK
ORD-02664,CUST-JOIN-2664,2026-08-28,4876.6,WH-NEWYORK
ORD-02665,CUST-JOIN-2665,2026-08-28,2685.03,WH-CHICAGO
ORD-02666,CUST-JOIN-2666,2026-08-28,505.22,WH-DETROIT
ORD-02667,CUST-JOIN-2667,2026-08-28,7567.48,WH-MIAMI
ORD-02668,CUST-JOIN-2668,2026-08-28,1341.31,WH-NEWYORK
ORD-02669,CUST-JOIN-2669,2026-08-28,5569.68,WH-CHICAGO
ORD-02670,CUST-JOIN-2670,2026-08-28,6310.63,WH-MIAMI
ORD-02671,CUST-JOIN-2671,2026-08-28,6586.09,WH-MIAMI
ORD-02672,CUST-JOIN-2672,2026-08-28,3175.62,WH-CHICAGO
ORD-02673,CUST-JOIN-2673,2026-08-29,7700.53,WH-DETROIT
ORD-02674,CUST-JOIN-2674,2026-08-29,1314.78,WH-DETROIT
ORD-02675,CUST-JOIN-2675,2026-08-29,5808.37,WH-NEWYORK
ORD-02676,CUST-JOIN-2676,2026-08-29,7791.71,WH-NEWYORK
ORD-02677,CUST-JOIN-2677,2026-08-29,6934.86,WH-CHICAGO
ORD-02678,CUST-JOIN-2678,2026-08-29,4569.45,WH-DETROIT
ORD-02679,CUST-JOIN-2679,2026-08-29,6593.94,WH-NEWYORK
ORD-02680,CUST-JOIN-2680,2026-08-29,2454.18,WH-NEWYORK
ORD-02681,CUST-JOIN-2681,2026-08-29,1920.08,WH-MIAMI
ORD-02682,CUST-JOIN-2682,2026-08-29,547.49,WH-NEWYORK
ORD-02683,CUST-JOIN-2683,2026-08-29,5958.5,WH-NEWYORK
ORD-02684,CUST-JOIN-2684,2026-08-29,2976.53,WH-DETROIT
ORD-02685,CUST-JOIN-2685,2026-08-29,4777.1,WH-DETROIT
ORD-02686,CUST-JOIN-2686,2026-08-29,6105.86,WH-DETROIT
ORD-02687,CUST-JOIN-2687,2026-08-29,6406.64,WH-DETROIT
ORD-02688,CUST-JOIN-2688,2026-08-29,5222.94,WH-DETROIT
ORD-02689,CUST-JOIN-2689,2026-08-29,3431.04,WH-CHICAGO
ORD-02690,CUST-JOIN-2690,2026-08-29,5209.88,WH-MIAMI
ORD-02691,CUST-JOIN-2691,2026-08-29,4529.39,WH-DETROIT
ORD-02692,CUST-JOIN-2692,2026-08-29,6111.28,WH-NEWYORK
ORD-02693,CUST-JOIN-2693,2026-08-29,7123.31,WH-CHICAGO
ORD-02694,CUST-JOIN-2694,2026-08-29,4182.84,WH-NEWYORK
ORD-02695,CUST-JOIN-2695,2026-08-29,3960.98,WH-DETROIT
ORD-02696,CUST-JOIN-2696,2026-08-29,7535.07,WH-NEWYORK
ORD-02697,CUST-JOIN-2697,2026-08-30,7554.24,WH-MIAMI
ORD-02698,CUST-JOIN-2698,2026-08-30,5174.42,WH-NEWYORK
ORD-02699,CUST-JOIN-2699,2026-08-30,1475.58,WH-MIAMI
ORD-02700,CUST-JOIN-2700,2026-08-30,2779.75,WH-DETROIT
ORD-02701,CUST-JOIN-2701,2026-08-30,6275.93,WH-CHICAGO
ORD-02702,CUST-JOIN-2702,2026-08-30,5680.54,WH-DETROIT
ORD-02703,CUST-JOIN-2703,2026-08-30,4270.69,WH-DETROIT
ORD-02704,CUST-JOIN-2704,2026-08-30,2052.8,WH-CHICAGO
ORD-02705,CUST-JOIN-2705,2026-08-30,1251.98,WH-NEWYORK
ORD-02706,CUST-JOIN-2706,2026-08-30,3163.92,WH-MIAMI
ORD-02707,CUST-JOIN-2707,2026-08-30,5785.02,WH-NEWYORK
ORD-02708,CUST-JOIN-2708,2026-08-30,7609.43,WH-CHICAGO
ORD-02709,CUST-JOIN-2709,2026-08-30,5047.18,WH-NEWYORK
ORD-02710,CUST-JOIN-2710,2026-08-30,7214.21,WH-DETROIT
ORD-02711,CUST-JOIN-2711,2026-08-30,5259.86,WH-MIAMI
ORD-02712,CUST-JOIN-2712,2026-08-30,3085.81,WH-CHICAGO
ORD-02713,CUST-JOIN-2713,2026-08-30,631.77,WH-MIAMI
ORD-02714,CUST-JOIN-2714,2026-08-30,3167.01,WH-NEWYORK
ORD-02715,CUST-JOIN-2715,2026-08-30,2965.11,WH-MIAMI
ORD-02716,CUST-JOIN-2716,2026-08-30,4361.53,WH-MIAMI
ORD-02717,CUST-JOIN-2717,2026-08-30,3965.44,WH-MIAMI
ORD-02718,CUST-JOIN-2718,2026-08-30,1833.08,WH-MIAMI
ORD-02719,CUST-JOIN-2719,2026-08-30,5002.29,WH-MIAMI
ORD-02720,CUST-JOIN-2720,2026-08-30,7021.33,WH-DETROIT
ORD-02721,CUST-JOIN-2721,2026-08-31,5023.17,WH-CHICAGO
ORD-02722,CUST-JOIN-2722,2026-08-31,3005.26,WH-MIAMI
ORD-02723,CUST-JOIN-2723,2026-08-31,6620.48,WH-MIAMI
ORD-02724,CUST-JOIN-2724,2026-08-31,1574.28,WH-DETROIT
ORD-02725,CUST-JOIN-2725,2026-08-31,7555.18,WH-MIAMI
ORD-02726,CUST-JOIN-2726,2026-08-31,7253.71,WH-DETROIT
ORD-02727,CUST-JOIN-2727,2026-08-31,4876.23,WH-DETROIT
ORD-02728,CUST-JOIN-2728,2026-08-31,1861.73,WH-MIAMI
ORD-02729,CUST-JOIN-2729,2026-08-31,6946.15,WH-CHICAGO
ORD-02730,CUST-JOIN-2730,2026-08-31,1274.76,WH-CHICAGO
ORD-02731,CUST-JOIN-2731,2026-08-31,5605.01,WH-NEWYORK
ORD-02732,CUST-JOIN-2732,2026-08-31,2251.01,WH-DETROIT
ORD-02733,CUST-JOIN-2733,2026-08-31,1609.09,WH-NEWYORK
ORD-02734,CUST-JOIN-2734,2026-08-31,1896.5,WH-CHICAGO
ORD-02735,CUST-JOIN-2735,2026-08-31,4483.09,WH-CHICAGO
ORD-02736,CUST-JOIN-2736,2026-08-31,946.63,WH-CHICAGO
ORD-02737,CUST-JOIN-2737,2026-08-31,7475.32,WH-MIAMI
ORD-02738,CUST-JOIN-2738,2026-08-31,3580.22,WH-NEWYORK
ORD-02739,CUST-JOIN-2739,2026-08-31,3389.12,WH-DETROIT
ORD-02740,CUST-JOIN-2740,2026-08-31,4506.15,WH-DETROIT
ORD-02741,CUST-JOIN-2741,2026-08-31,1401.62,WH-DETROIT
ORD-02742,CUST-JOIN-2742,2026-08-31,3237.62,WH-NEWYORK
ORD-02743,CUST-JOIN-2743,2026-08-31,3454.09,WH-NEWYORK
ORD-02744,CUST-JOIN-2744,2026-08-31,883.06,WH-DETROIT
ORD-02745,CUST-JOIN-2745,2026-09-01,2846.12,WH-NEWYORK
ORD-02746,CUST-JOIN-2746,2026-09-01,3926.7,WH-DETROIT
ORD-02747,CUST-JOIN-2747,2026-09-01,5352.55,WH-NEWYORK
ORD-02748,CUST-JOIN-2748,2026-09-01,5816.35,WH-CHICAGO
ORD-02749,CUST-JOIN-2749,2026-09-01,3235.17,WH-DETROIT
ORD-02750,CUST-JOIN-2750,2026-09-01,2020.3,WH-DETROIT
ORD-02751,CUST-JOIN-2751,2026-09-01,6620.94,WH-NEWYORK
ORD-02752,CUST-JOIN-2752,2026-09-01,4709.56,WH-DETROIT
ORD-02753,CUST-JOIN-2753,2026-09-01,6155.31,WH-CHICAGO
ORD-02754,CUST-JOIN-2754,2026-09-01,5436.9,WH-DETROIT
ORD-02755,CUST-JOIN-2755,2026-09-01,6119.29,WH-CHICAGO
ORD-02756,CUST-JOIN-2756,2026-09-01,5998.11,WH-DETROIT
ORD-02757,CUST-JOIN-2757,2026-09-01,5022.9,WH-CHICAGO
ORD-02758,CUST-JOIN-2758,2026-09-01,3708.48,WH-NEWYORK
ORD-02759,CUST-JOIN-2759,2026-09-01,7899.29,WH-MIAMI
ORD-02760,CUST-JOIN-2760,2026-09-01,6978.41,WH-MIAMI
ORD-02761,CUST-JOIN-2761,2026-09-01,6742.27,WH-MIAMI
ORD-02762,CUST-JOIN-2762,2026-09-01,5947.08,WH-MIAMI
ORD-02763,CUST-JOIN-2763,2026-09-01,6394.05,WH-MIAMI
ORD-02764,CUST-JOIN-2764,2026-09-01,5492.29,WH-CHICAGO
ORD-02765,CUST-JOIN-2765,2026-09-01,6456.52,WH-MIAMI
ORD-02766,CUST-JOIN-2766,2026-09-01,7255.69,WH-NEWYORK
ORD-02767,CUST-JOIN-2767,2026-09-01,6555.92,WH-MIAMI
ORD-02768,CUST-JOIN-2768,2026-09-01,6157.63,WH-MIAMI
ORD-02769,CUST-JOIN-2769,2026-09-02,294.57,WH-NEWYORK
ORD-02770,CUST-JOIN-2770,2026-09-02,3913.63,WH-CHICAGO
ORD-02771,CUST-JOIN-2771,2026-09-02,6370.08,WH-MIAMI
ORD-02772,CUST-JOIN-2772,2026-09-02,4322.7,WH-DETROIT
ORD-02773,CUST-JOIN-2773,2026-09-02,1601.2,WH-CHICAGO
ORD-02774,CUST-JOIN-2774,2026-09-02,254.2,WH-CHICAGO
ORD-02775,CUST-JOIN-2775,2026-09-02,4276.24,WH-CHICAGO
ORD-02776,CUST-JOIN-2776,2026-09-02,3128.42,WH-CHICAGO
ORD-02777,CUST-JOIN-2777,2026-09-02,5015.26,WH-MIAMI
ORD-02778,CUST-JOIN-2778,2026-09-02,3635.28,WH-MIAMI
ORD-02779,CUST-JOIN-2779,2026-09-02,4462.66,WH-CHICAGO
ORD-02780,CUST-JOIN-2780,2026-09-02,7751.08,WH-MIAMI
ORD-02781,CUST-JOIN-2781,2026-09-02,4558.72,WH-CHICAGO
ORD-02782,CUST-JOIN-2782,2026-09-02,1436.82,WH-CHICAGO
ORD-02783,CUST-JOIN-2783,2026-09-02,6298.23,WH-NEWYORK
ORD-02784,CUST-JOIN-2784,2026-09-02,1885.87,WH-MIAMI
ORD-02785,CUST-JOIN-2785,2026-09-02,3138.71,WH-CHICAGO
ORD-02786,CUST-JOIN-2786,2026-09-02,891.89,WH-CHICAGO
ORD-02787,CUST-JOIN-2787,2026-09-02,4496.67,WH-NEWYORK
ORD-02788,CUST-JOIN-2788,2026-09-02,7215.12,WH-CHICAGO
ORD-02789,CUST-JOIN-2789,2026-09-02,585.42,WH-DETROIT
ORD-02790,CUST-JOIN-2790,2026-09-02,4755.03,WH-CHICAGO
ORD-02791,CUST-JOIN-2791,2026-09-02,3123.05,WH-CHICAGO
ORD-02792,CUST-JOIN-2792,2026-09-02,1697.28,WH-CHICAGO
ORD-02793,CUST-JOIN-2793,2026-09-03,2411.97,WH-NEWYORK
ORD-02794,CUST-JOIN-2794,2026-09-03,748.89,WH-NEWYORK
ORD-02795,CUST-JOIN-2795,2026-09-03,2548.86,WH-MIAMI
ORD-02796,CUST-JOIN-2796,2026-09-03,5499.71,WH-NEWYORK
ORD-02797,CUST-JOIN-2797,2026-09-03,7635.35,WH-CHICAGO
ORD-02798,CUST-JOIN-2798,2026-09-03,2770.63,WH-DETROIT
ORD-02799,CUST-JOIN-2799,2026-09-03,2055.1,WH-DETROIT
ORD-02800,CUST-JOIN-2800,2026-09-03,2525.13,WH-MIAMI
ORD-02801,CUST-JOIN-2801,2026-09-03,1174.75,WH-DETROIT
ORD-02802,CUST-JOIN-2802,2026-09-03,7132.01,WH-MIAMI
ORD-02803,CUST-JOIN-2803,2026-09-03,6599.36,WH-CHICAGO
ORD-02804,CUST-JOIN-2804,2026-09-03,5979.98,WH-NEWYORK
ORD-02805,CUST-JOIN-2805,2026-09-03,3517.45,WH-DETROIT
ORD-02806,CUST-JOIN-2806,2026-09-03,5910.22,WH-DETROIT
ORD-02807,CUST-JOIN-2807,2026-09-03,1097.9,WH-DETROIT
ORD-02808,CUST-JOIN-2808,2026-09-03,7699.98,WH-DETROIT
ORD-02809,CUST-JOIN-2809,2026-09-03,4243.37,WH-DETROIT
ORD-02810,CUST-JOIN-2810,2026-09-03,1607.25,WH-MIAMI
ORD-02811,CUST-JOIN-2811,2026-09-03,6341.15,WH-CHICAGO
ORD-02812,CUST-JOIN-2812,2026-09-03,5289.76,WH-DETROIT
ORD-02813,CUST-JOIN-2813,2026-09-03,4088.63,WH-DETROIT
ORD-02814,CUST-JOIN-2814,2026-09-03,1259.65,WH-MIAMI
ORD-02815,CUST-JOIN-2815,2026-09-03,6455.49,WH-CHICAGO
ORD-02816,CUST-JOIN-2816,2026-09-03,7102.29,WH-NEWYORK
ORD-02817,CUST-JOIN-2817,2026-09-04,4669.68,WH-MIAMI
ORD-02818,CUST-JOIN-2818,2026-09-04,3205.25,WH-CHICAGO
ORD-02819,CUST-JOIN-2819,2026-09-04,7578.42,WH-CHICAGO
ORD-02820,CUST-JOIN-2820,2026-09-04,810.75,WH-CHICAGO
ORD-02821,CUST-JOIN-2821,2026-09-04,1714.85,WH-CHICAGO
ORD-02822,CUST-JOIN-2822,2026-09-04,4536.11,WH-MIAMI
ORD-02823,CUST-JOIN-2823,2026-09-04,3586.42,WH-CHICAGO
ORD-02824,CUST-JOIN-2824,2026-09-04,2506.24,WH-DETROIT
ORD-02825,CUST-JOIN-2825,2026-09-04,3898.75,WH-CHICAGO
ORD-02826,CUST-JOIN-2826,2026-09-04,6343.04,WH-CHICAGO
ORD-02827,CUST-JOIN-2827,2026-09-04,3780.34,WH-DETROIT
ORD-02828,CUST-JOIN-2828,2026-09-04,1240.63,WH-CHICAGO
ORD-02829,CUST-JOIN-2829,2026-09-04,6547.53,WH-CHICAGO
ORD-02830,CUST-JOIN-2830,2026-09-04,7630.97,WH-CHICAGO
ORD-02831,CUST-JOIN-2831,2026-09-04,4798.69,WH-DETROIT
ORD-02832,CUST-JOIN-2832,2026-09-04,7516.85,WH-CHICAGO
ORD-02833,CUST-JOIN-2833,2026-09-04,6491.96,WH-DETROIT
ORD-02834,CUST-JOIN-2834,2026-09-04,7795.79,WH-DETROIT
ORD-02835,CUST-JOIN-2835,2026-09-04,3618.66,WH-MIAMI
ORD-02836,CUST-JOIN-2836,2026-09-04,3389.81,WH-CHICAGO
ORD-02837,CUST-JOIN-2837,2026-09-04,1701.67,WH-NEWYORK
ORD-02838,CUST-JOIN-2838,2026-09-04,4271.25,WH-NEWYORK
ORD-02839,CUST-JOIN-2839,2026-09-04,7746.07,WH-MIAMI
ORD-02840,CUST-JOIN-2840,2026-09-04,6202.65,WH-CHICAGO
ORD-02841,CUST-JOIN-2841,2026-09-05,6739.0,WH-NEWYORK
ORD-02842,CUST-JOIN-2842,2026-09-05,7775.23,WH-MIAMI
ORD-02843,CUST-JOIN-2843,2026-09-05,2809.13,WH-CHICAGO
ORD-02844,CUST-JOIN-2844,2026-09-05,3220.19,WH-NEWYORK
ORD-02845,CUST-JOIN-2845,2026-09-05,1519.4,WH-NEWYORK
ORD-02846,CUST-JOIN-2846,2026-09-05,5624.8,WH-CHICAGO
ORD-02847,CUST-JOIN-2847,2026-09-05,7828.77,WH-CHICAGO
ORD-02848,CUST-JOIN-2848,2026-09-05,1227.85,WH-DETROIT
ORD-02849,CUST-JOIN-2849,2026-09-05,6119.2,WH-NEWYORK
ORD-02850,CUST-JOIN-2850,2026-09-05,633.38,WH-DETROIT
ORD-02851,CUST-JOIN-2851,2026-09-05,3034.87,WH-DETROIT
ORD-02852,CUST-JOIN-2852,2026-09-05,4921.46,WH-MIAMI
ORD-02853,CUST-JOIN-2853,2026-09-05,5211.46,WH-MIAMI
ORD-02854,CUST-JOIN-2854,2026-09-05,4358.36,WH-CHICAGO
ORD-02855,CUST-JOIN-2855,2026-09-05,1535.3,WH-MIAMI
ORD-02856,CUST-JOIN-2856,2026-09-05,3047.69,WH-NEWYORK
ORD-02857,CUST-JOIN-2857,2026-09-05,1176.94,WH-CHICAGO
ORD-02858,CUST-JOIN-2858,2026-09-05,5130.32,WH-MIAMI
ORD-02859,CUST-JOIN-2859,2026-09-05,3984.52,WH-DETROIT
ORD-02860,CUST-JOIN-2860,2026-09-05,4860.2,WH-CHICAGO
ORD-02861,CUST-JOIN-2861,2026-09-05,2341.51,WH-CHICAGO
ORD-02862,CUST-JOIN-2862,2026-09-05,2546.15,WH-MIAMI
ORD-02863,CUST-JOIN-2863,2026-09-05,704.32,WH-DETROIT
ORD-02864,CUST-JOIN-2864,2026-09-05,4810.8,WH-MIAMI
ORD-02865,CUST-JOIN-2865,2026-09-06,301.02,WH-CHICAGO
ORD-02866,CUST-JOIN-2866,2026-09-06,7521.55,WH-MIAMI
ORD-02867,CUST-JOIN-2867,2026-09-06,1112.93,WH-DETROIT
ORD-02868,CUST-JOIN-2868,2026-09-06,5688.16,WH-CHICAGO
ORD-02869,CUST-JOIN-2869,2026-09-06,1683.41,WH-DETROIT
ORD-02870,CUST-JOIN-2870,2026-09-06,375.17,WH-NEWYORK
ORD-02871,CUST-JOIN-2871,2026-09-06,3475.48,WH-MIAMI
ORD-02872,CUST-JOIN-2872,2026-09-06,2736.98,WH-NEWYORK
ORD-02873,CUST-JOIN-2873,2026-09-06,7635.35,WH-NEWYORK
ORD-02874,CUST-JOIN-2874,2026-09-06,1141.76,WH-NEWYORK
ORD-02875,CUST-JOIN-2875,2026-09-06,5966.34,WH-DETROIT
ORD-02876,CUST-JOIN-2876,2026-09-06,3488.04,WH-NEWYORK
ORD-02877,CUST-JOIN-2877,2026-09-06,882.26,WH-CHICAGO
ORD-02878,CUST-JOIN-2878,2026-09-06,2338.59,WH-NEWYORK
ORD-02879,CUST-JOIN-2879,2026-09-06,4346.85,WH-CHICAGO
ORD-02880,CUST-JOIN-2880,2026-09-06,4450.55,WH-DETROIT
ORD-02881,CUST-JOIN-2881,2026-09-06,6345.9,WH-CHICAGO
ORD-02882,CUST-JOIN-2882,2026-09-06,7313.41,WH-NEWYORK
ORD-02883,CUST-JOIN-2883,2026-09-06,6946.46,WH-CHICAGO
ORD-02884,CUST-JOIN-2884,2026-09-06,3324.62,WH-CHICAGO
ORD-02885,CUST-JOIN-2885,2026-09-06,5786.36,WH-MIAMI
ORD-02886,CUST-JOIN-2886,2026-09-06,470.17,WH-NEWYORK
ORD-02887,CUST-JOIN-2887,2026-09-06,7317.25,WH-CHICAGO
ORD-02888,CUST-JOIN-2888,2026-09-06,6416.59,WH-NEWYORK
ORD-02889,CUST-JOIN-2889,2026-09-07,455.41,WH-DETROIT
ORD-02890,CUST-JOIN-2890,2026-09-07,7107.93,WH-DETROIT
ORD-02891,CUST-JOIN-2891,2026-09-07,6446.67,WH-NEWYORK
ORD-02892,CUST-JOIN-2892,2026-09-07,1558.87,WH-DETROIT
ORD-02893,CUST-JOIN-2893,2026-09-07,1210.78,WH-NEWYORK
ORD-02894,CUST-JOIN-2894,2026-09-07,396.34,WH-MIAMI
ORD-02895,CUST-JOIN-2895,2026-09-07,7148.91,WH-DETROIT
ORD-02896,CUST-JOIN-2896,2026-09-07,5933.81,WH-CHICAGO
ORD-02897,CUST-JOIN-2897,2026-09-07,5802.67,WH-MIAMI
ORD-02898,CUST-JOIN-2898,2026-09-07,5029.74,WH-DETROIT
ORD-02899,CUST-JOIN-2899,2026-09-07,6067.36,WH-DETROIT
ORD-02900,CUST-JOIN-2900,2026-09-07,5392.84,WH-MIAMI
ORD-02901,CUST-JOIN-2901,2026-09-07,4589.58,WH-NEWYORK
ORD-02902,CUST-JOIN-2902,2026-09-07,7310.25,WH-DETROIT
ORD-02903,CUST-JOIN-2903,2026-09-07,1369.15,WH-NEWYORK
ORD-02904,CUST-JOIN-2904,2026-09-07,2040.19,WH-CHICAGO
ORD-02905,CUST-JOIN-2905,2026-09-07,2513.46,WH-CHICAGO
ORD-02906,CUST-JOIN-2906,2026-09-07,7538.26,WH-CHICAGO
ORD-02907,CUST-JOIN-2907,2026-09-07,2203.79,WH-MIAMI
ORD-02908,CUST-JOIN-2908,2026-09-07,428.03,WH-MIAMI
ORD-02909,CUST-JOIN-2909,2026-09-07,7974.16,WH-DETROIT
ORD-02910,CUST-JOIN-2910,2026-09-07,1403.09,WH-DETROIT
ORD-02911,CUST-JOIN-2911,2026-09-07,7669.63,WH-CHICAGO
ORD-02912,CUST-JOIN-2912,2026-09-07,2772.07,WH-DETROIT
ORD-02913,CUST-JOIN-2913,2026-09-08,6889.53,WH-DETROIT
ORD-02914,CUST-JOIN-2914,2026-09-08,6083.96,WH-DETROIT
ORD-02915,CUST-JOIN-2915,2026-09-08,4321.34,WH-NEWYORK
ORD-02916,CUST-JOIN-2916,2026-09-08,4376.35,WH-MIAMI
ORD-02917,CUST-JOIN-2917,2026-09-08,1160.52,WH-NEWYORK
ORD-02918,CUST-JOIN-2918,2026-09-08,5981.12,WH-NEWYORK
ORD-02919,CUST-JOIN-2919,2026-09-08,2790.46,WH-CHICAGO
ORD-02920,CUST-JOIN-2920,2026-09-08,4427.34,WH-DETROIT
ORD-02921,CUST-JOIN-2921,2026-09-08,1145.6,WH-CHICAGO
ORD-02922,CUST-JOIN-2922,2026-09-08,3002.32,WH-NEWYORK
ORD-02923,CUST-JOIN-2923,2026-09-08,4231.79,WH-MIAMI
ORD-02924,CUST-JOIN-2924,2026-09-08,1911.21,WH-MIAMI
ORD-02925,CUST-JOIN-2925,2026-09-08,4015.53,WH-MIAMI
ORD-02926,CUST-JOIN-2926,2026-09-08,7549.74,WH-MIAMI
ORD-02927,CUST-JOIN-2927,2026-09-08,5128.87,WH-NEWYORK
ORD-02928,CUST-JOIN-2928,2026-09-08,591.76,WH-DETROIT
ORD-02929,CUST-JOIN-2929,2026-09-08,4784.75,WH-NEWYORK
ORD-02930,CUST-JOIN-2930,2026-09-08,4741.52,WH-NEWYORK
ORD-02931,CUST-JOIN-2931,2026-09-08,7081.2,WH-DETROIT
ORD-02932,CUST-JOIN-2932,2026-09-08,5487.31,WH-NEWYORK
ORD-02933,CUST-JOIN-2933,2026-09-08,7463.7,WH-DETROIT
ORD-02934,CUST-JOIN-2934,2026-09-08,4278.05,WH-MIAMI
ORD-02935,CUST-JOIN-2935,2026-09-08,7807.21,WH-MIAMI
ORD-02936,CUST-JOIN-2936,2026-09-08,6248.76,WH-DETROIT
ORD-02937,CUST-JOIN-2937,2026-09-09,6843.25,WH-MIAMI
ORD-02938,CUST-JOIN-2938,2026-09-09,7758.86,WH-DETROIT
ORD-02939,CUST-JOIN-2939,2026-09-09,5846.87,WH-NEWYORK
ORD-02940,CUST-JOIN-2940,2026-09-09,6069.02,WH-NEWYORK
ORD-02941,CUST-JOIN-2941,2026-09-09,5840.31,WH-NEWYORK
ORD-02942,CUST-JOIN-2942,2026-09-09,7931.66,WH-CHICAGO
ORD-02943,CUST-JOIN-2943,2026-09-09,3108.72,WH-MIAMI
ORD-02944,CUST-JOIN-2944,2026-09-09,5667.23,WH-MIAMI
ORD-02945,CUST-JOIN-2945,2026-09-09,394.21,WH-NEWYORK
ORD-02946,CUST-JOIN-2946,2026-09-09,1545.68,WH-DETROIT
ORD-02947,CUST-JOIN-2947,2026-09-09,4473.24,WH-CHICAGO
ORD-02948,CUST-JOIN-2948,2026-09-09,6853.96,WH-DETROIT
ORD-02949,CUST-JOIN-2949,2026-09-09,3220.37,WH-NEWYORK
ORD-02950,CUST-JOIN-2950,2026-09-09,2178.0,WH-CHICAGO
ORD-02951,CUST-JOIN-2951,2026-09-09,5595.04,WH-DETROIT
ORD-02952,CUST-JOIN-2952,2026-09-09,5029.49,WH-MIAMI
ORD-02953,CUST-JOIN-2953,2026-09-09,4456.1,WH-DETROIT
ORD-02954,CUST-JOIN-2954,2026-09-09,1121.48,WH-DETROIT
ORD-02955,CUST-JOIN-2955,2026-09-09,4477.01,WH-CHICAGO
ORD-02956,CUST-JOIN-2956,2026-09-09,4687.69,WH-NEWYORK
ORD-02957,CUST-JOIN-2957,2026-09-09,1733.83,WH-MIAMI
ORD-02958,CUST-JOIN-2958,2026-09-09,624.98,WH-DETROIT
ORD-02959,CUST-JOIN-2959,2026-09-09,3510.35,WH-MIAMI
ORD-02960,CUST-JOIN-2960,2026-09-09,6898.9,WH-CHICAGO
ORD-02961,CUST-JOIN-2961,2026-09-10,676.5,WH-NEWYORK
ORD-02962,CUST-JOIN-2962,2026-09-10,5139.85,WH-DETROIT
ORD-02963,CUST-JOIN-2963,2026-09-10,4228.35,WH-DETROIT
ORD-02964,CUST-JOIN-2964,2026-09-10,2964.47,WH-DETROIT
ORD-02965,CUST-JOIN-2965,2026-09-10,6861.51,WH-NEWYORK
ORD-02966,CUST-JOIN-2966,2026-09-10,2602.38,WH-MIAMI
ORD-02967,CUST-JOIN-2967,2026-09-10,4158.72,WH-NEWYORK
ORD-02968,CUST-JOIN-2968,2026-09-10,5326.1,WH-DETROIT
ORD-02969,CUST-JOIN-2969,2026-09-10,1392.27,WH-MIAMI
ORD-02970,CUST-JOIN-2970,2026-09-10,6497.61,WH-DETROIT
ORD-02971,CUST-JOIN-2971,2026-09-10,218.61,WH-DETROIT
ORD-02972,CUST-JOIN-2972,2026-09-10,849.15,WH-MIAMI
ORD-02973,CUST-JOIN-2973,2026-09-10,7083.22,WH-NEWYORK
ORD-02974,CUST-JOIN-2974,2026-09-10,3636.25,WH-NEWYORK
ORD-02975,CUST-JOIN-2975,2026-09-10,4008.23,WH-NEWYORK
ORD-02976,CUST-JOIN-2976,2026-09-10,6101.05,WH-MIAMI
ORD-02977,CUST-JOIN-2977,2026-09-10,4937.14,WH-CHICAGO
ORD-02978,CUST-JOIN-2978,2026-09-10,406.05,WH-MIAMI
ORD-02979,CUST-JOIN-2979,2026-09-10,4328.57,WH-DETROIT
ORD-02980,CUST-JOIN-2980,2026-09-10,3138.8,WH-DETROIT
ORD-02981,CUST-JOIN-2981,2026-09-10,1717.6,WH-NEWYORK
ORD-02982,CUST-JOIN-2982,2026-09-10,791.16,WH-NEWYORK
ORD-02983,CUST-JOIN-2983,2026-09-10,1777.2,WH-CHICAGO
ORD-02984,CUST-JOIN-2984,2026-09-10,2886.87,WH-MIAMI
ORD-02985,CUST-JOIN-2985,2026-09-11,2785.94,WH-NEWYORK
ORD-02986,CUST-JOIN-2986,2026-09-11,5089.22,WH-DETROIT
ORD-02987,CUST-JOIN-2987,2026-09-11,5025.83,WH-NEWYORK
ORD-02988,CUST-JOIN-2988,2026-09-11,2537.68,WH-DETROIT
ORD-02989,CUST-JOIN-2989,2026-09-11,7484.47,WH-CHICAGO
ORD-02990,CUST-JOIN-2990,2026-09-11,7470.19,WH-NEWYORK
ORD-02991,CUST-JOIN-2991,2026-09-11,4962.41,WH-CHICAGO
ORD-02992,CUST-JOIN-2992,2026-09-11,4922.74,WH-DETROIT
ORD-02993,CUST-JOIN-2993,2026-09-11,2533.02,WH-DETROIT
ORD-02994,CUST-JOIN-2994,2026-09-11,4473.71,WH-DETROIT
ORD-02995,CUST-JOIN-2995,2026-09-11,2895.21,WH-DETROIT
ORD-02996,CUST-JOIN-2996,2026-09-11,5768.77,WH-CHICAGO
ORD-02997,CUST-JOIN-2997,2026-09-11,2388.96,WH-MIAMI
ORD-02998,CUST-JOIN-2998,2026-09-11,250.48,WH-NEWYORK
ORD-02999,CUST-JOIN-2999,2026-09-11,3701.24,WH-CHICAGO
ORD-03000,CUST-JOIN-3000,2026-09-11,486.28,WH-MIAMI
ORD-03001,CUST-JOIN-3001,2026-08-01,6695.44,WH-CHICAGO
ORD-03002,CUST-JOIN-3002,2026-08-01,5385.98,WH-MIAMI
ORD-03003,CUST-JOIN-3003,2026-08-01,4714.53,WH-MIAMI
ORD-03004,CUST-JOIN-3004,2026-08-01,875.83,WH-CHICAGO
ORD-03005,CUST-JOIN-3005,2026-08-01,2727.7,WH-MIAMI
ORD-03006,CUST-JOIN-3006,2026-08-01,1162.77,WH-CHICAGO
ORD-03007,CUST-JOIN-3007,2026-08-01,2409.33,WH-DETROIT
ORD-03008,CUST-JOIN-3008,2026-08-01,2316.92,WH-MIAMI
ORD-03009,CUST-JOIN-3009,2026-08-01,1409.63,WH-NEWYORK
ORD-03010,CUST-JOIN-3010,2026-08-01,3453.72,WH-MIAMI
ORD-03011,CUST-JOIN-3011,2026-08-01,4746.86,WH-CHICAGO
ORD-03012,CUST-JOIN-3012,2026-08-01,5939.9,WH-CHICAGO
ORD-03013,CUST-JOIN-3013,2026-08-01,3263.27,WH-NEWYORK
ORD-03014,CUST-JOIN-3014,2026-08-01,7734.59,WH-DETROIT
ORD-03015,CUST-JOIN-3015,2026-08-01,1213.27,WH-MIAMI
ORD-03016,CUST-JOIN-3016,2026-08-01,3534.98,WH-NEWYORK
ORD-03017,CUST-JOIN-3017,2026-08-01,5511.18,WH-MIAMI
ORD-03018,CUST-JOIN-3018,2026-08-01,7452.75,WH-MIAMI
ORD-03019,CUST-JOIN-3019,2026-08-01,4471.67,WH-MIAMI
ORD-03020,CUST-JOIN-3020,2026-08-01,5506.07,WH-NEWYORK
ORD-03021,CUST-JOIN-3021,2026-08-01,2511.86,WH-DETROIT
ORD-03022,CUST-JOIN-3022,2026-08-01,4327.62,WH-MIAMI
ORD-03023,CUST-JOIN-3023,2026-08-01,5953.19,WH-CHICAGO
ORD-03024,CUST-JOIN-3024,2026-08-01,3335.06,WH-CHICAGO
ORD-03025,CUST-JOIN-3025,2026-08-02,6380.61,WH-MIAMI
ORD-03026,CUST-JOIN-3026,2026-08-02,2997.66,WH-MIAMI
ORD-03027,CUST-JOIN-3027,2026-08-02,6158.46,WH-CHICAGO
ORD-03028,CUST-JOIN-3028,2026-08-02,1561.6,WH-DETROIT
ORD-03029,CUST-JOIN-3029,2026-08-02,3921.38,WH-NEWYORK
ORD-03030,CUST-JOIN-3030,2026-08-02,5795.01,WH-NEWYORK
ORD-03031,CUST-JOIN-3031,2026-08-02,2902.52,WH-DETROIT
ORD-03032,CUST-JOIN-3032,2026-08-02,1424.57,WH-DETROIT
ORD-03033,CUST-JOIN-3033,2026-08-02,2277.2,WH-DETROIT
ORD-03034,CUST-JOIN-3034,2026-08-02,2696.41,WH-DETROIT
ORD-03035,CUST-JOIN-3035,2026-08-02,4776.8,WH-MIAMI
ORD-03036,CUST-JOIN-3036,2026-08-02,6119.62,WH-DETROIT
ORD-03037,CUST-JOIN-3037,2026-08-02,2030.36,WH-NEWYORK
ORD-03038,CUST-JOIN-3038,2026-08-02,7606.86,WH-CHICAGO
ORD-03039,CUST-JOIN-3039,2026-08-02,6030.66,WH-NEWYORK
ORD-03040,CUST-JOIN-3040,2026-08-02,2666.28,WH-MIAMI
ORD-03041,CUST-JOIN-3041,2026-08-02,1215.56,WH-DETROIT
ORD-03042,CUST-JOIN-3042,2026-08-02,263.33,WH-NEWYORK
ORD-03043,CUST-JOIN-3043,2026-08-02,7798.12,WH-NEWYORK
ORD-03044,CUST-JOIN-3044,2026-08-02,7985.16,WH-NEWYORK
ORD-03045,CUST-JOIN-3045,2026-08-02,1211.01,WH-DETROIT
ORD-03046,CUST-JOIN-3046,2026-08-02,2307.96,WH-NEWYORK
ORD-03047,CUST-JOIN-3047,2026-08-02,3550.67,WH-NEWYORK
ORD-03048,CUST-JOIN-3048,2026-08-02,4207.62,WH-DETROIT
ORD-03049,CUST-JOIN-3049,2026-08-03,6882.1,WH-MIAMI
ORD-03050,CUST-JOIN-3050,2026-08-03,1405.59,WH-MIAMI
ORD-03051,CUST-JOIN-3051,2026-08-03,2625.42,WH-NEWYORK
ORD-03052,CUST-JOIN-3052,2026-08-03,3435.33,WH-DETROIT
ORD-03053,CUST-JOIN-3053,2026-08-03,2102.11,WH-DETROIT
ORD-03054,CUST-JOIN-3054,2026-08-03,6199.13,WH-CHICAGO
ORD-03055,CUST-JOIN-3055,2026-08-03,4121.16,WH-NEWYORK
ORD-03056,CUST-JOIN-3056,2026-08-03,5663.39,WH-CHICAGO
ORD-03057,CUST-JOIN-3057,2026-08-03,5973.67,WH-MIAMI
ORD-03058,CUST-JOIN-3058,2026-08-03,5564.86,WH-NEWYORK
ORD-03059,CUST-JOIN-3059,2026-08-03,1438.18,WH-CHICAGO
ORD-03060,CUST-JOIN-3060,2026-08-03,2331.62,WH-CHICAGO
ORD-03061,CUST-JOIN-3061,2026-08-03,7212.52,WH-NEWYORK
ORD-03062,CUST-JOIN-3062,2026-08-03,1701.13,WH-MIAMI
ORD-03063,CUST-JOIN-3063,2026-08-03,5124.06,WH-MIAMI
ORD-03064,CUST-JOIN-3064,2026-08-03,4076.92,WH-CHICAGO
ORD-03065,CUST-JOIN-3065,2026-08-03,5452.36,WH-DETROIT
ORD-03066,CUST-JOIN-3066,2026-08-03,5648.8,WH-NEWYORK
ORD-03067,CUST-JOIN-3067,2026-08-03,3161.67,WH-DETROIT
ORD-03068,CUST-JOIN-3068,2026-08-03,6152.34,WH-DETROIT
ORD-03069,CUST-JOIN-3069,2026-08-03,5486.8,WH-DETROIT
ORD-03070,CUST-JOIN-3070,2026-08-03,4683.46,WH-MIAMI
ORD-03071,CUST-JOIN-3071,2026-08-03,5322.32,WH-NEWYORK
ORD-03072,CUST-JOIN-3072,2026-08-03,1810.64,WH-CHICAGO
ORD-03073,CUST-JOIN-3073,2026-08-04,339.72,WH-CHICAGO
ORD-03074,CUST-JOIN-3074,2026-08-04,5348.4,WH-DETROIT
ORD-03075,CUST-JOIN-3075,2026-08-04,865.71,WH-CHICAGO
ORD-03076,CUST-JOIN-3076,2026-08-04,3485.74,WH-CHICAGO
ORD-03077,CUST-JOIN-3077,2026-08-04,2590.77,WH-MIAMI
ORD-03078,CUST-JOIN-3078,2026-08-04,895.76,WH-MIAMI
ORD-03079,CUST-JOIN-3079,2026-08-04,5511.29,WH-CHICAGO
ORD-03080,CUST-JOIN-3080,2026-08-04,7977.72,WH-CHICAGO
ORD-03081,CUST-JOIN-3081,2026-08-04,7826.52,WH-MIAMI
ORD-03082,CUST-JOIN-3082,2026-08-04,6833.61,WH-MIAMI
ORD-03083,CUST-JOIN-3083,2026-08-04,6727.97,WH-NEWYORK
ORD-03084,CUST-JOIN-3084,2026-08-04,2545.28,WH-DETROIT
ORD-03085,CUST-JOIN-3085,2026-08-04,5919.36,WH-CHICAGO
ORD-03086,CUST-JOIN-3086,2026-08-04,2430.95,WH-MIAMI
ORD-03087,CUST-JOIN-3087,2026-08-04,7330.28,WH-CHICAGO
ORD-03088,CUST-JOIN-3088,2026-08-04,5467.02,WH-NEWYORK
ORD-03089,CUST-JOIN-3089,2026-08-04,5236.23,WH-DETROIT
ORD-03090,CUST-JOIN-3090,2026-08-04,3357.75,WH-DETROIT
ORD-03091,CUST-JOIN-3091,2026-08-04,6371.63,WH-MIAMI
ORD-03092,CUST-JOIN-3092,2026-08-04,3484.5,WH-CHICAGO
ORD-03093,CUST-JOIN-3093,2026-08-04,7752.77,WH-NEWYORK
ORD-03094,CUST-JOIN-3094,2026-08-04,706.1,WH-CHICAGO
ORD-03095,CUST-JOIN-3095,2026-08-04,1886.88,WH-MIAMI
ORD-03096,CUST-JOIN-3096,2026-08-04,6435.45,WH-CHICAGO
ORD-03097,CUST-JOIN-3097,2026-08-05,3395.55,WH-NEWYORK
ORD-03098,CUST-JOIN-3098,2026-08-05,2589.36,WH-DETROIT
ORD-03099,CUST-JOIN-3099,2026-08-05,5486.39,WH-DETROIT
ORD-03100,CUST-JOIN-3100,2026-08-05,3736.93,WH-DETROIT
ORD-03101,CUST-JOIN-3101,2026-08-05,3027.21,WH-CHICAGO
ORD-03102,CUST-JOIN-3102,2026-08-05,3960.57,WH-CHICAGO
ORD-03103,CUST-JOIN-3103,2026-08-05,6676.47,WH-MIAMI
ORD-03104,CUST-JOIN-3104,2026-08-05,3596.1,WH-MIAMI
ORD-03105,CUST-JOIN-3105,2026-08-05,2281.3,WH-NEWYORK
ORD-03106,CUST-JOIN-3106,2026-08-05,7056.69,WH-CHICAGO
ORD-03107,CUST-JOIN-3107,2026-08-05,505.86,WH-NEWYORK
ORD-03108,CUST-JOIN-3108,2026-08-05,5493.76,WH-NEWYORK
ORD-03109,CUST-JOIN-3109,2026-08-05,394.26,WH-CHICAGO
ORD-03110,CUST-JOIN-3110,2026-08-05,3864.06,WH-DETROIT
ORD-03111,CUST-JOIN-3111,2026-08-05,6197.64,WH-MIAMI
ORD-03112,CUST-JOIN-3112,2026-08-05,1150.87,WH-MIAMI
ORD-03113,CUST-JOIN-3113,2026-08-05,5351.47,WH-CHICAGO
ORD-03114,CUST-JOIN-3114,2026-08-05,7225.84,WH-NEWYORK
ORD-03115,CUST-JOIN-3115,2026-08-05,3738.94,WH-MIAMI
ORD-03116,CUST-JOIN-3116,2026-08-05,7731.93,WH-MIAMI
ORD-03117,CUST-JOIN-3117,2026-08-05,384.15,WH-NEWYORK
ORD-03118,CUST-JOIN-3118,2026-08-05,4333.68,WH-CHICAGO
ORD-03119,CUST-JOIN-3119,2026-08-05,6625.23,WH-DETROIT
ORD-03120,CUST-JOIN-3120,2026-08-05,7228.14,WH-DETROIT
ORD-03121,CUST-JOIN-3121,2026-08-06,2398.03,WH-MIAMI
ORD-03122,CUST-JOIN-3122,2026-08-06,2325.73,WH-DETROIT
ORD-03123,CUST-JOIN-3123,2026-08-06,5024.74,WH-NEWYORK
ORD-03124,CUST-JOIN-3124,2026-08-06,7647.33,WH-MIAMI
ORD-03125,CUST-JOIN-3125,2026-08-06,4237.57,WH-DETROIT
ORD-03126,CUST-JOIN-3126,2026-08-06,7309.14,WH-CHICAGO
ORD-03127,CUST-JOIN-3127,2026-08-06,615.46,WH-CHICAGO
ORD-03128,CUST-JOIN-3128,2026-08-06,7901.14,WH-NEWYORK
ORD-03129,CUST-JOIN-3129,2026-08-06,6319.33,WH-NEWYORK
ORD-03130,CUST-JOIN-3130,2026-08-06,4405.34,WH-NEWYORK
ORD-03131,CUST-JOIN-3131,2026-08-06,1633.4,WH-DETROIT
ORD-03132,CUST-JOIN-3132,2026-08-06,2674.49,WH-MIAMI
ORD-03133,CUST-JOIN-3133,2026-08-06,2714.75,WH-CHICAGO
ORD-03134,CUST-JOIN-3134,2026-08-06,1918.98,WH-NEWYORK
ORD-03135,CUST-JOIN-3135,2026-08-06,1469.19,WH-DETROIT
ORD-03136,CUST-JOIN-3136,2026-08-06,446.77,WH-DETROIT
ORD-03137,CUST-JOIN-3137,2026-08-06,1647.03,WH-MIAMI
ORD-03138,CUST-JOIN-3138,2026-08-06,4030.89,WH-CHICAGO
ORD-03139,CUST-JOIN-3139,2026-08-06,4886.91,WH-NEWYORK
ORD-03140,CUST-JOIN-3140,2026-08-06,7947.06,WH-CHICAGO
ORD-03141,CUST-JOIN-3141,2026-08-06,4990.19,WH-DETROIT
ORD-03142,CUST-JOIN-3142,2026-08-06,5083.15,WH-NEWYORK
ORD-03143,CUST-JOIN-3143,2026-08-06,2761.85,WH-MIAMI
ORD-03144,CUST-JOIN-3144,2026-08-06,3664.62,WH-NEWYORK
ORD-03145,CUST-JOIN-3145,2026-08-07,6383.4,WH-DETROIT
ORD-03146,CUST-JOIN-3146,2026-08-07,4020.55,WH-MIAMI
ORD-03147,CUST-JOIN-3147,2026-08-07,6586.59,WH-DETROIT
ORD-03148,CUST-JOIN-3148,2026-08-07,6382.13,WH-NEWYORK
ORD-03149,CUST-JOIN-3149,2026-08-07,6146.68,WH-CHICAGO
ORD-03150,CUST-JOIN-3150,2026-08-07,6569.45,WH-DETROIT
ORD-03151,CUST-JOIN-3151,2026-08-07,7823.57,WH-MIAMI
ORD-03152,CUST-JOIN-3152,2026-08-07,5350.56,WH-NEWYORK
ORD-03153,CUST-JOIN-3153,2026-08-07,3757.45,WH-NEWYORK
ORD-03154,CUST-JOIN-3154,2026-08-07,7540.56,WH-DETROIT
ORD-03155,CUST-JOIN-3155,2026-08-07,2348.07,WH-NEWYORK
ORD-03156,CUST-JOIN-3156,2026-08-07,5695.03,WH-DETROIT
ORD-03157,CUST-JOIN-3157,2026-08-07,1051.75,WH-NEWYORK
ORD-03158,CUST-JOIN-3158,2026-08-07,993.61,WH-MIAMI
ORD-03159,CUST-JOIN-3159,2026-08-07,1744.41,WH-MIAMI
ORD-03160,CUST-JOIN-3160,2026-08-07,6751.77,WH-MIAMI
ORD-03161,CUST-JOIN-3161,2026-08-07,6792.24,WH-CHICAGO
ORD-03162,CUST-JOIN-3162,2026-08-07,4512.36,WH-NEWYORK
ORD-03163,CUST-JOIN-3163,2026-08-07,6780.57,WH-DETROIT
ORD-03164,CUST-JOIN-3164,2026-08-07,3977.65,WH-NEWYORK
ORD-03165,CUST-JOIN-3165,2026-08-07,5064.25,WH-NEWYORK
ORD-03166,CUST-JOIN-3166,2026-08-07,2031.97,WH-MIAMI
ORD-03167,CUST-JOIN-3167,2026-08-07,432.85,WH-NEWYORK
ORD-03168,CUST-JOIN-3168,2026-08-07,5526.97,WH-CHICAGO
ORD-03169,CUST-JOIN-3169,2026-08-08,3472.29,WH-NEWYORK
ORD-03170,CUST-JOIN-3170,2026-08-08,3615.32,WH-MIAMI
ORD-03171,CUST-JOIN-3171,2026-08-08,5716.44,WH-MIAMI
ORD-03172,CUST-JOIN-3172,2026-08-08,1296.02,WH-CHICAGO
ORD-03173,CUST-JOIN-3173,2026-08-08,3365.43,WH-CHICAGO
ORD-03174,CUST-JOIN-3174,2026-08-08,7089.03,WH-CHICAGO
ORD-03175,CUST-JOIN-3175,2026-08-08,2926.27,WH-CHICAGO
ORD-03176,CUST-JOIN-3176,2026-08-08,2045.52,WH-NEWYORK
ORD-03177,CUST-JOIN-3177,2026-08-08,6215.74,WH-MIAMI
ORD-03178,CUST-JOIN-3178,2026-08-08,2203.18,WH-NEWYORK
ORD-03179,CUST-JOIN-3179,2026-08-08,389.33,WH-MIAMI
ORD-03180,CUST-JOIN-3180,2026-08-08,2846.59,WH-DETROIT
ORD-03181,CUST-JOIN-3181,2026-08-08,950.52,WH-MIAMI
ORD-03182,CUST-JOIN-3182,2026-08-08,6579.62,WH-DETROIT
ORD-03183,CUST-JOIN-3183,2026-08-08,4408.18,WH-CHICAGO
ORD-03184,CUST-JOIN-3184,2026-08-08,5101.15,WH-DETROIT
ORD-03185,CUST-JOIN-3185,2026-08-08,1468.33,WH-DETROIT
ORD-03186,CUST-JOIN-3186,2026-08-08,646.54,WH-DETROIT
ORD-03187,CUST-JOIN-3187,2026-08-08,4921.63,WH-CHICAGO
ORD-03188,CUST-JOIN-3188,2026-08-08,4737.82,WH-DETROIT
ORD-03189,CUST-JOIN-3189,2026-08-08,5922.11,WH-DETROIT
ORD-03190,CUST-JOIN-3190,2026-08-08,6137.23,WH-CHICAGO
ORD-03191,CUST-JOIN-3191,2026-08-08,6017.23,WH-MIAMI
ORD-03192,CUST-JOIN-3192,2026-08-08,413.41,WH-NEWYORK
ORD-03193,CUST-JOIN-3193,2026-08-09,2184.56,WH-NEWYORK
ORD-03194,CUST-JOIN-3194,2026-08-09,2890.74,WH-DETROIT
ORD-03195,CUST-JOIN-3195,2026-08-09,7040.29,WH-NEWYORK
ORD-03196,CUST-JOIN-3196,2026-08-09,4401.86,WH-CHICAGO
ORD-03197,CUST-JOIN-3197,2026-08-09,1347.53,WH-NEWYORK
ORD-03198,CUST-JOIN-3198,2026-08-09,7147.4,WH-DETROIT
ORD-03199,CUST-JOIN-3199,2026-08-09,5203.31,WH-NEWYORK
ORD-03200,CUST-JOIN-3200,2026-08-09,6140.1,WH-CHICAGO
ORD-03201,CUST-JOIN-3201,2026-08-09,4862.77,WH-MIAMI
ORD-03202,CUST-JOIN-3202,2026-08-09,531.88,WH-NEWYORK
ORD-03203,CUST-JOIN-3203,2026-08-09,1215.31,WH-DETROIT
ORD-03204,CUST-JOIN-3204,2026-08-09,5539.45,WH-MIAMI
ORD-03205,CUST-JOIN-3205,2026-08-09,957.5,WH-CHICAGO
ORD-03206,CUST-JOIN-3206,2026-08-09,6653.07,WH-CHICAGO
ORD-03207,CUST-JOIN-3207,2026-08-09,4892.12,WH-CHICAGO
ORD-03208,CUST-JOIN-3208,2026-08-09,6087.45,WH-NEWYORK
ORD-03209,CUST-JOIN-3209,2026-08-09,4861.23,WH-CHICAGO
ORD-03210,CUST-JOIN-3210,2026-08-09,4015.9,WH-NEWYORK
ORD-03211,CUST-JOIN-3211,2026-08-09,4430.1,WH-MIAMI
ORD-03212,CUST-JOIN-3212,2026-08-09,4148.23,WH-CHICAGO
ORD-03213,CUST-JOIN-3213,2026-08-09,7571.25,WH-CHICAGO
ORD-03214,CUST-JOIN-3214,2026-08-09,427.64,WH-NEWYORK
ORD-03215,CUST-JOIN-3215,2026-08-09,7635.73,WH-CHICAGO
ORD-03216,CUST-JOIN-3216,2026-08-09,6608.88,WH-MIAMI
ORD-03217,CUST-JOIN-3217,2026-08-10,423.64,WH-CHICAGO
ORD-03218,CUST-JOIN-3218,2026-08-10,6354.48,WH-DETROIT
ORD-03219,CUST-JOIN-3219,2026-08-10,4082.67,WH-CHICAGO
ORD-03220,CUST-JOIN-3220,2026-08-10,1846.03,WH-CHICAGO
ORD-03221,CUST-JOIN-3221,2026-08-10,7579.53,WH-DETROIT
ORD-03222,CUST-JOIN-3222,2026-08-10,3293.63,WH-CHICAGO
ORD-03223,CUST-JOIN-3223,2026-08-10,7931.5,WH-DETROIT
ORD-03224,CUST-JOIN-3224,2026-08-10,4943.11,WH-MIAMI
ORD-03225,CUST-JOIN-3225,2026-08-10,4247.31,WH-CHICAGO
ORD-03226,CUST-JOIN-3226,2026-08-10,5176.77,WH-NEWYORK
ORD-03227,CUST-JOIN-3227,2026-08-10,7392.68,WH-CHICAGO
ORD-03228,CUST-JOIN-3228,2026-08-10,3332.45,WH-CHICAGO
ORD-03229,CUST-JOIN-3229,2026-08-10,3856.53,WH-MIAMI
ORD-03230,CUST-JOIN-3230,2026-08-10,434.2,WH-NEWYORK
ORD-03231,CUST-JOIN-3231,2026-08-10,3027.05,WH-NEWYORK
ORD-03232,CUST-JOIN-3232,2026-08-10,999.03,WH-MIAMI
ORD-03233,CUST-JOIN-3233,2026-08-10,7458.52,WH-MIAMI
ORD-03234,CUST-JOIN-3234,2026-08-10,5427.03,WH-NEWYORK
ORD-03235,CUST-JOIN-3235,2026-08-10,977.73,WH-MIAMI
ORD-03236,CUST-JOIN-3236,2026-08-10,1306.57,WH-MIAMI
ORD-03237,CUST-JOIN-3237,2026-08-10,2320.87,WH-CHICAGO
ORD-03238,CUST-JOIN-3238,2026-08-10,6653.35,WH-CHICAGO
ORD-03239,CUST-JOIN-3239,2026-08-10,6973.39,WH-MIAMI
ORD-03240,CUST-JOIN-3240,2026-08-10,5734.92,WH-MIAMI
ORD-03241,CUST-JOIN-3241,2026-08-11,5968.77,WH-CHICAGO
ORD-03242,CUST-JOIN-3242,2026-08-11,527.9,WH-CHICAGO
ORD-03243,CUST-JOIN-3243,2026-08-11,3605.91,WH-NEWYORK
ORD-03244,CUST-JOIN-3244,2026-08-11,1082.09,WH-DETROIT
ORD-03245,CUST-JOIN-3245,2026-08-11,2396.55,WH-NEWYORK
ORD-03246,CUST-JOIN-3246,2026-08-11,1499.32,WH-CHICAGO
ORD-03247,CUST-JOIN-3247,2026-08-11,3293.23,WH-MIAMI
ORD-03248,CUST-JOIN-3248,2026-08-11,1958.64,WH-MIAMI
ORD-03249,CUST-JOIN-3249,2026-08-11,5108.18,WH-MIAMI
ORD-03250,CUST-JOIN-3250,2026-08-11,7415.86,WH-MIAMI
ORD-03251,CUST-JOIN-3251,2026-08-11,7440.81,WH-MIAMI
ORD-03252,CUST-JOIN-3252,2026-08-11,4407.83,WH-DETROIT
ORD-03253,CUST-JOIN-3253,2026-08-11,5893.07,WH-NEWYORK
ORD-03254,CUST-JOIN-3254,2026-08-11,4077.98,WH-MIAMI
ORD-03255,CUST-JOIN-3255,2026-08-11,6010.28,WH-CHICAGO
ORD-03256,CUST-JOIN-3256,2026-08-11,4742.9,WH-NEWYORK
ORD-03257,CUST-JOIN-3257,2026-08-11,1967.89,WH-DETROIT
ORD-03258,CUST-JOIN-3258,2026-08-11,4698.97,WH-CHICAGO
ORD-03259,CUST-JOIN-3259,2026-08-11,6377.99,WH-NEWYORK
ORD-03260,CUST-JOIN-3260,2026-08-11,4152.39,WH-DETROIT
ORD-03261,CUST-JOIN-3261,2026-08-11,7055.56,WH-NEWYORK
ORD-03262,CUST-JOIN-3262,2026-08-11,4191.59,WH-DETROIT
ORD-03263,CUST-JOIN-3263,2026-08-11,4288.45,WH-CHICAGO
ORD-03264,CUST-JOIN-3264,2026-08-11,3190.13,WH-MIAMI
ORD-03265,CUST-JOIN-3265,2026-08-12,2275.66,WH-CHICAGO
ORD-03266,CUST-JOIN-3266,2026-08-12,698.06,WH-DETROIT
ORD-03267,CUST-JOIN-3267,2026-08-12,4511.07,WH-MIAMI
ORD-03268,CUST-JOIN-3268,2026-08-12,3492.68,WH-MIAMI
ORD-03269,CUST-JOIN-3269,2026-08-12,4305.07,WH-MIAMI
ORD-03270,CUST-JOIN-3270,2026-08-12,7313.63,WH-NEWYORK
ORD-03271,CUST-JOIN-3271,2026-08-12,5676.35,WH-NEWYORK
ORD-03272,CUST-JOIN-3272,2026-08-12,1986.34,WH-MIAMI
ORD-03273,CUST-JOIN-3273,2026-08-12,2691.75,WH-DETROIT
ORD-03274,CUST-JOIN-3274,2026-08-12,5524.72,WH-DETROIT
ORD-03275,CUST-JOIN-3275,2026-08-12,1205.21,WH-CHICAGO
ORD-03276,CUST-JOIN-3276,2026-08-12,3471.4,WH-NEWYORK
ORD-03277,CUST-JOIN-3277,2026-08-12,4335.23,WH-NEWYORK
ORD-03278,CUST-JOIN-3278,2026-08-12,3959.09,WH-DETROIT
ORD-03279,CUST-JOIN-3279,2026-08-12,3634.88,WH-CHICAGO
ORD-03280,CUST-JOIN-3280,2026-08-12,232.63,WH-MIAMI
ORD-03281,CUST-JOIN-3281,2026-08-12,5831.21,WH-DETROIT
ORD-03282,CUST-JOIN-3282,2026-08-12,3473.49,WH-MIAMI
ORD-03283,CUST-JOIN-3283,2026-08-12,6689.98,WH-DETROIT
ORD-03284,CUST-JOIN-3284,2026-08-12,6304.21,WH-DETROIT
ORD-03285,CUST-JOIN-3285,2026-08-12,950.08,WH-DETROIT
ORD-03286,CUST-JOIN-3286,2026-08-12,690.74,WH-CHICAGO
ORD-03287,CUST-JOIN-3287,2026-08-12,5956.58,WH-DETROIT
ORD-03288,CUST-JOIN-3288,2026-08-12,7574.91,WH-CHICAGO
ORD-03289,CUST-JOIN-3289,2026-08-13,4162.5,WH-MIAMI
ORD-03290,CUST-JOIN-3290,2026-08-13,5281.48,WH-NEWYORK
ORD-03291,CUST-JOIN-3291,2026-08-13,3131.98,WH-DETROIT
ORD-03292,CUST-JOIN-3292,2026-08-13,2967.63,WH-DETROIT
ORD-03293,CUST-JOIN-3293,2026-08-13,7799.86,WH-MIAMI
ORD-03294,CUST-JOIN-3294,2026-08-13,1122.9,WH-DETROIT
ORD-03295,CUST-JOIN-3295,2026-08-13,1433.73,WH-DETROIT
ORD-03296,CUST-JOIN-3296,2026-08-13,3125.35,WH-MIAMI
ORD-03297,CUST-JOIN-3297,2026-08-13,4949.84,WH-CHICAGO
ORD-03298,CUST-JOIN-3298,2026-08-13,1775.63,WH-CHICAGO
ORD-03299,CUST-JOIN-3299,2026-08-13,5692.81,WH-NEWYORK
ORD-03300,CUST-JOIN-3300,2026-08-13,5271.34,WH-CHICAGO
ORD-03301,CUST-JOIN-3301,2026-08-13,3164.92,WH-CHICAGO
ORD-03302,CUST-JOIN-3302,2026-08-13,1108.15,WH-DETROIT
ORD-03303,CUST-JOIN-3303,2026-08-13,2368.23,WH-NEWYORK
ORD-03304,CUST-JOIN-3304,2026-08-13,4320.14,WH-MIAMI
ORD-03305,CUST-JOIN-3305,2026-08-13,2236.14,WH-MIAMI
ORD-03306,CUST-JOIN-3306,2026-08-13,3986.96,WH-MIAMI
ORD-03307,CUST-JOIN-3307,2026-08-13,4145.61,WH-DETROIT
ORD-03308,CUST-JOIN-3308,2026-08-13,7836.35,WH-MIAMI
ORD-03309,CUST-JOIN-3309,2026-08-13,2284.26,WH-DETROIT
ORD-03310,CUST-JOIN-3310,2026-08-13,565.48,WH-NEWYORK
ORD-03311,CUST-JOIN-3311,2026-08-13,7448.23,WH-CHICAGO
ORD-03312,CUST-JOIN-3312,2026-08-13,680.05,WH-MIAMI
ORD-03313,CUST-JOIN-3313,2026-08-14,5187.5,WH-DETROIT
ORD-03314,CUST-JOIN-3314,2026-08-14,2592.5,WH-CHICAGO
ORD-03315,CUST-JOIN-3315,2026-08-14,6406.45,WH-MIAMI
ORD-03316,CUST-JOIN-3316,2026-08-14,416.13,WH-MIAMI
ORD-03317,CUST-JOIN-3317,2026-08-14,1804.23,WH-NEWYORK
ORD-03318,CUST-JOIN-3318,2026-08-14,1601.46,WH-MIAMI
ORD-03319,CUST-JOIN-3319,2026-08-14,4615.44,WH-MIAMI
ORD-03320,CUST-JOIN-3320,2026-08-14,4728.26,WH-CHICAGO
ORD-03321,CUST-JOIN-3321,2026-08-14,4797.45,WH-CHICAGO
ORD-03322,CUST-JOIN-3322,2026-08-14,864.51,WH-NEWYORK
ORD-03323,CUST-JOIN-3323,2026-08-14,540.32,WH-CHICAGO
ORD-03324,CUST-JOIN-3324,2026-08-14,854.59,WH-NEWYORK
ORD-03325,CUST-JOIN-3325,2026-08-14,3572.89,WH-CHICAGO
ORD-03326,CUST-JOIN-3326,2026-08-14,1707.51,WH-CHICAGO
ORD-03327,CUST-JOIN-3327,2026-08-14,4891.61,WH-NEWYORK
ORD-03328,CUST-JOIN-3328,2026-08-14,7189.76,WH-NEWYORK
ORD-03329,CUST-JOIN-3329,2026-08-14,6894.99,WH-DETROIT
ORD-03330,CUST-JOIN-3330,2026-08-14,5565.96,WH-MIAMI
ORD-03331,CUST-JOIN-3331,2026-08-14,6647.75,WH-CHICAGO
ORD-03332,CUST-JOIN-3332,2026-08-14,5866.45,WH-MIAMI
ORD-03333,CUST-JOIN-3333,2026-08-14,7890.44,WH-MIAMI
ORD-03334,CUST-JOIN-3334,2026-08-14,1354.4,WH-CHICAGO
ORD-03335,CUST-JOIN-3335,2026-08-14,3466.57,WH-NEWYORK
ORD-03336,CUST-JOIN-3336,2026-08-14,4725.04,WH-CHICAGO
ORD-03337,CUST-JOIN-3337,2026-08-15,1554.91,WH-CHICAGO
ORD-03338,CUST-JOIN-3338,2026-08-15,3737.88,WH-MIAMI
ORD-03339,CUST-JOIN-3339,2026-08-15,584.43,WH-CHICAGO
ORD-03340,CUST-JOIN-3340,2026-08-15,4728.23,WH-NEWYORK
ORD-03341,CUST-JOIN-3341,2026-08-15,3504.7,WH-CHICAGO
ORD-03342,CUST-JOIN-3342,2026-08-15,7570.36,WH-NEWYORK
ORD-03343,CUST-JOIN-3343,2026-08-15,1563.91,WH-CHICAGO
ORD-03344,CUST-JOIN-3344,2026-08-15,874.21,WH-DETROIT
ORD-03345,CUST-JOIN-3345,2026-08-15,7350.79,WH-CHICAGO
ORD-03346,CUST-JOIN-3346,2026-08-15,5082.79,WH-NEWYORK
ORD-03347,CUST-JOIN-3347,2026-08-15,7018.56,WH-MIAMI
ORD-03348,CUST-JOIN-3348,2026-08-15,3277.73,WH-NEWYORK
ORD-03349,CUST-JOIN-3349,2026-08-15,3363.67,WH-CHICAGO
ORD-03350,CUST-JOIN-3350,2026-08-15,3830.62,WH-DETROIT
ORD-03351,CUST-JOIN-3351,2026-08-15,7248.09,WH-CHICAGO
ORD-03352,CUST-JOIN-3352,2026-08-15,2234.48,WH-NEWYORK
ORD-03353,CUST-JOIN-3353,2026-08-15,6627.5,WH-MIAMI
ORD-03354,CUST-JOIN-3354,2026-08-15,7835.26,WH-CHICAGO
ORD-03355,CUST-JOIN-3355,2026-08-15,6857.66,WH-CHICAGO
ORD-03356,CUST-JOIN-3356,2026-08-15,312.56,WH-MIAMI
ORD-03357,CUST-JOIN-3357,2026-08-15,6709.23,WH-CHICAGO
ORD-03358,CUST-JOIN-3358,2026-08-15,792.57,WH-MIAMI
ORD-03359,CUST-JOIN-3359,2026-08-15,2282.3,WH-CHICAGO
ORD-03360,CUST-JOIN-3360,2026-08-15,531.61,WH-MIAMI
ORD-03361,CUST-JOIN-3361,2026-08-16,3862.13,WH-DETROIT
ORD-03362,CUST-JOIN-3362,2026-08-16,1378.38,WH-MIAMI
ORD-03363,CUST-JOIN-3363,2026-08-16,6682.52,WH-MIAMI
ORD-03364,CUST-JOIN-3364,2026-08-16,4757.0,WH-NEWYORK
ORD-03365,CUST-JOIN-3365,2026-08-16,823.6,WH-CHICAGO
ORD-03366,CUST-JOIN-3366,2026-08-16,7997.97,WH-CHICAGO
ORD-03367,CUST-JOIN-3367,2026-08-16,7871.52,WH-MIAMI
ORD-03368,CUST-JOIN-3368,2026-08-16,2695.87,WH-DETROIT
ORD-03369,CUST-JOIN-3369,2026-08-16,4859.55,WH-NEWYORK
ORD-03370,CUST-JOIN-3370,2026-08-16,1020.78,WH-CHICAGO
ORD-03371,CUST-JOIN-3371,2026-08-16,417.45,WH-DETROIT
ORD-03372,CUST-JOIN-3372,2026-08-16,6889.5,WH-CHICAGO
ORD-03373,CUST-JOIN-3373,2026-08-16,7685.45,WH-DETROIT
ORD-03374,CUST-JOIN-3374,2026-08-16,5686.6,WH-MIAMI
ORD-03375,CUST-JOIN-3375,2026-08-16,3065.89,WH-NEWYORK
ORD-03376,CUST-JOIN-3376,2026-08-16,7691.79,WH-CHICAGO
ORD-03377,CUST-JOIN-3377,2026-08-16,5314.62,WH-MIAMI
ORD-03378,CUST-JOIN-3378,2026-08-16,1504.57,WH-CHICAGO
ORD-03379,CUST-JOIN-3379,2026-08-16,2675.96,WH-DETROIT
ORD-03380,CUST-JOIN-3380,2026-08-16,913.5,WH-NEWYORK
ORD-03381,CUST-JOIN-3381,2026-08-16,5476.27,WH-NEWYORK
ORD-03382,CUST-JOIN-3382,2026-08-16,1398.97,WH-MIAMI
ORD-03383,CUST-JOIN-3383,2026-08-16,5867.77,WH-CHICAGO
ORD-03384,CUST-JOIN-3384,2026-08-16,7699.88,WH-MIAMI
ORD-03385,CUST-JOIN-3385,2026-08-17,7586.69,WH-MIAMI
ORD-03386,CUST-JOIN-3386,2026-08-17,4922.95,WH-CHICAGO
ORD-03387,CUST-JOIN-3387,2026-08-17,770.32,WH-MIAMI
ORD-03388,CUST-JOIN-3388,2026-08-17,4925.96,WH-MIAMI
ORD-03389,CUST-JOIN-3389,2026-08-17,5186.34,WH-DETROIT
ORD-03390,CUST-JOIN-3390,2026-08-17,789.6,WH-MIAMI
ORD-03391,CUST-JOIN-3391,2026-08-17,5367.63,WH-NEWYORK
ORD-03392,CUST-JOIN-3392,2026-08-17,573.95,WH-MIAMI
ORD-03393,CUST-JOIN-3393,2026-08-17,3436.53,WH-CHICAGO
ORD-03394,CUST-JOIN-3394,2026-08-17,3085.34,WH-NEWYORK
ORD-03395,CUST-JOIN-3395,2026-08-17,6791.89,WH-NEWYORK
ORD-03396,CUST-JOIN-3396,2026-08-17,2419.67,WH-DETROIT
ORD-03397,CUST-JOIN-3397,2026-08-17,1767.76,WH-CHICAGO
ORD-03398,CUST-JOIN-3398,2026-08-17,2114.02,WH-DETROIT
ORD-03399,CUST-JOIN-3399,2026-08-17,7524.11,WH-DETROIT
ORD-03400,CUST-JOIN-3400,2026-08-17,3905.24,WH-NEWYORK
ORD-03401,CUST-JOIN-3401,2026-08-17,6876.2,WH-CHICAGO
ORD-03402,CUST-JOIN-3402,2026-08-17,219.62,WH-CHICAGO
ORD-03403,CUST-JOIN-3403,2026-08-17,1449.86,WH-DETROIT
ORD-03404,CUST-JOIN-3404,2026-08-17,1038.92,WH-NEWYORK
ORD-03405,CUST-JOIN-3405,2026-08-17,352.66,WH-NEWYORK
ORD-03406,CUST-JOIN-3406,2026-08-17,2502.23,WH-MIAMI
ORD-03407,CUST-JOIN-3407,2026-08-17,1312.69,WH-MIAMI
ORD-03408,CUST-JOIN-3408,2026-08-17,6618.41,WH-NEWYORK
ORD-03409,CUST-JOIN-3409,2026-08-18,2658.03,WH-DETROIT
ORD-03410,CUST-JOIN-3410,2026-08-18,6165.44,WH-MIAMI
ORD-03411,CUST-JOIN-3411,2026-08-18,1981.44,WH-CHICAGO
ORD-03412,CUST-JOIN-3412,2026-08-18,1027.6,WH-NEWYORK
ORD-03413,CUST-JOIN-3413,2026-08-18,3752.96,WH-MIAMI
ORD-03414,CUST-JOIN-3414,2026-08-18,779.69,WH-CHICAGO
ORD-03415,CUST-JOIN-3415,2026-08-18,7710.23,WH-DETROIT
ORD-03416,CUST-JOIN-3416,2026-08-18,6186.63,WH-CHICAGO
ORD-03417,CUST-JOIN-3417,2026-08-18,4301.27,WH-NEWYORK
ORD-03418,CUST-JOIN-3418,2026-08-18,2576.98,WH-MIAMI
ORD-03419,CUST-JOIN-3419,2026-08-18,1095.83,WH-NEWYORK
ORD-03420,CUST-JOIN-3420,2026-08-18,4379.15,WH-CHICAGO
ORD-03421,CUST-JOIN-3421,2026-08-18,3513.96,WH-NEWYORK
ORD-03422,CUST-JOIN-3422,2026-08-18,4285.47,WH-NEWYORK
ORD-03423,CUST-JOIN-3423,2026-08-18,4764.82,WH-DETROIT
ORD-03424,CUST-JOIN-3424,2026-08-18,6093.07,WH-NEWYORK
ORD-03425,CUST-JOIN-3425,2026-08-18,1177.57,WH-NEWYORK
ORD-03426,CUST-JOIN-3426,2026-08-18,4205.12,WH-CHICAGO
ORD-03427,CUST-JOIN-3427,2026-08-18,4441.41,WH-NEWYORK
ORD-03428,CUST-JOIN-3428,2026-08-18,7979.07,WH-CHICAGO
ORD-03429,CUST-JOIN-3429,2026-08-18,4864.63,WH-CHICAGO
ORD-03430,CUST-JOIN-3430,2026-08-18,6611.95,WH-NEWYORK
ORD-03431,CUST-JOIN-3431,2026-08-18,4077.83,WH-CHICAGO
ORD-03432,CUST-JOIN-3432,2026-08-18,3115.5,WH-NEWYORK
ORD-03433,CUST-JOIN-3433,2026-08-19,411.44,WH-NEWYORK
ORD-03434,CUST-JOIN-3434,2026-08-19,2292.79,WH-MIAMI
ORD-03435,CUST-JOIN-3435,2026-08-19,6015.3,WH-CHICAGO
ORD-03436,CUST-JOIN-3436,2026-08-19,4231.94,WH-NEWYORK
ORD-03437,CUST-JOIN-3437,2026-08-19,1245.6,WH-DETROIT
ORD-03438,CUST-JOIN-3438,2026-08-19,1154.95,WH-DETROIT
ORD-03439,CUST-JOIN-3439,2026-08-19,6595.55,WH-MIAMI
ORD-03440,CUST-JOIN-3440,2026-08-19,7461.98,WH-DETROIT
ORD-03441,CUST-JOIN-3441,2026-08-19,6936.89,WH-CHICAGO
ORD-03442,CUST-JOIN-3442,2026-08-19,361.97,WH-DETROIT
ORD-03443,CUST-JOIN-3443,2026-08-19,3333.36,WH-NEWYORK
ORD-03444,CUST-JOIN-3444,2026-08-19,1397.74,WH-NEWYORK
ORD-03445,CUST-JOIN-3445,2026-08-19,2310.92,WH-NEWYORK
ORD-03446,CUST-JOIN-3446,2026-08-19,7451.4,WH-NEWYORK
ORD-03447,CUST-JOIN-3447,2026-08-19,4986.86,WH-DETROIT
ORD-03448,CUST-JOIN-3448,2026-08-19,6799.33,WH-DETROIT
ORD-03449,CUST-JOIN-3449,2026-08-19,1033.88,WH-DETROIT
ORD-03450,CUST-JOIN-3450,2026-08-19,5723.26,WH-NEWYORK
ORD-03451,CUST-JOIN-3451,2026-08-19,975.16,WH-DETROIT
ORD-03452,CUST-JOIN-3452,2026-08-19,1533.46,WH-MIAMI
ORD-03453,CUST-JOIN-3453,2026-08-19,7577.64,WH-DETROIT
ORD-03454,CUST-JOIN-3454,2026-08-19,4513.71,WH-CHICAGO
ORD-03455,CUST-JOIN-3455,2026-08-19,1099.97,WH-MIAMI
ORD-03456,CUST-JOIN-3456,2026-08-19,6703.54,WH-DETROIT
ORD-03457,CUST-JOIN-3457,2026-08-20,1848.63,WH-CHICAGO
ORD-03458,CUST-JOIN-3458,2026-08-20,1416.32,WH-DETROIT
ORD-03459,CUST-JOIN-3459,2026-08-20,5103.86,WH-MIAMI
ORD-03460,CUST-JOIN-3460,2026-08-20,665.51,WH-MIAMI
ORD-03461,CUST-JOIN-3461,2026-08-20,3541.69,WH-NEWYORK
ORD-03462,CUST-JOIN-3462,2026-08-20,4510.96,WH-DETROIT
ORD-03463,CUST-JOIN-3463,2026-08-20,5353.17,WH-DETROIT
ORD-03464,CUST-JOIN-3464,2026-08-20,1948.57,WH-DETROIT
ORD-03465,CUST-JOIN-3465,2026-08-20,5307.18,WH-MIAMI
ORD-03466,CUST-JOIN-3466,2026-08-20,4855.9,WH-NEWYORK
ORD-03467,CUST-JOIN-3467,2026-08-20,5187.86,WH-MIAMI
ORD-03468,CUST-JOIN-3468,2026-08-20,4519.1,WH-DETROIT
ORD-03469,CUST-JOIN-3469,2026-08-20,4491.92,WH-DETROIT
ORD-03470,CUST-JOIN-3470,2026-08-20,4932.7,WH-NEWYORK
ORD-03471,CUST-JOIN-3471,2026-08-20,3368.71,WH-MIAMI
ORD-03472,CUST-JOIN-3472,2026-08-20,4098.71,WH-CHICAGO
ORD-03473,CUST-JOIN-3473,2026-08-20,2512.94,WH-DETROIT
ORD-03474,CUST-JOIN-3474,2026-08-20,5897.23,WH-DETROIT
ORD-03475,CUST-JOIN-3475,2026-08-20,4902.23,WH-CHICAGO
ORD-03476,CUST-JOIN-3476,2026-08-20,7753.53,WH-CHICAGO
ORD-03477,CUST-JOIN-3477,2026-08-20,6826.17,WH-NEWYORK
ORD-03478,CUST-JOIN-3478,2026-08-20,4755.46,WH-NEWYORK
ORD-03479,CUST-JOIN-3479,2026-08-20,6179.82,WH-DETROIT
ORD-03480,CUST-JOIN-3480,2026-08-20,3514.2,WH-DETROIT
ORD-03481,CUST-JOIN-3481,2026-08-21,7205.4,WH-CHICAGO
ORD-03482,CUST-JOIN-3482,2026-08-21,2378.5,WH-DETROIT
ORD-03483,CUST-JOIN-3483,2026-08-21,2595.73,WH-CHICAGO
ORD-03484,CUST-JOIN-3484,2026-08-21,3080.79,WH-NEWYORK
ORD-03485,CUST-JOIN-3485,2026-08-21,4680.07,WH-CHICAGO
ORD-03486,CUST-JOIN-3486,2026-08-21,816.35,WH-CHICAGO
ORD-03487,CUST-JOIN-3487,2026-08-21,7055.19,WH-CHICAGO
ORD-03488,CUST-JOIN-3488,2026-08-21,3086.08,WH-CHICAGO
ORD-03489,CUST-JOIN-3489,2026-08-21,6582.47,WH-CHICAGO
ORD-03490,CUST-JOIN-3490,2026-08-21,1327.63,WH-DETROIT
ORD-03491,CUST-JOIN-3491,2026-08-21,1234.25,WH-DETROIT
ORD-03492,CUST-JOIN-3492,2026-08-21,5356.46,WH-MIAMI
ORD-03493,CUST-JOIN-3493,2026-08-21,7311.78,WH-CHICAGO
ORD-03494,CUST-JOIN-3494,2026-08-21,1371.39,WH-NEWYORK
ORD-03495,CUST-JOIN-3495,2026-08-21,5757.19,WH-CHICAGO
ORD-03496,CUST-JOIN-3496,2026-08-21,3308.55,WH-MIAMI
ORD-03497,CUST-JOIN-3497,2026-08-21,3443.27,WH-DETROIT
ORD-03498,CUST-JOIN-3498,2026-08-21,6729.24,WH-NEWYORK
ORD-03499,CUST-JOIN-3499,2026-08-21,6333.8,WH-DETROIT
ORD-03500,CUST-JOIN-3500,2026-08-21,5092.04,WH-DETROIT
ORD-03501,CUST-JOIN-3501,2026-08-21,5450.14,WH-CHICAGO
ORD-03502,CUST-JOIN-3502,2026-08-21,3310.38,WH-CHICAGO
ORD-03503,CUST-JOIN-3503,2026-08-21,6664.62,WH-NEWYORK
ORD-03504,CUST-JOIN-3504,2026-08-21,634.33,WH-MIAMI
ORD-03505,CUST-JOIN-3505,2026-08-22,3209.21,WH-CHICAGO
ORD-03506,CUST-JOIN-3506,2026-08-22,6415.76,WH-MIAMI
ORD-03507,CUST-JOIN-3507,2026-08-22,664.41,WH-DETROIT
ORD-03508,CUST-JOIN-3508,2026-08-22,1472.65,WH-CHICAGO
ORD-03509,CUST-JOIN-3509,2026-08-22,3877.36,WH-DETROIT
ORD-03510,CUST-JOIN-3510,2026-08-22,4493.48,WH-NEWYORK
ORD-03511,CUST-JOIN-3511,2026-08-22,4824.91,WH-MIAMI
ORD-03512,CUST-JOIN-3512,2026-08-22,3389.79,WH-DETROIT
ORD-03513,CUST-JOIN-3513,2026-08-22,2136.71,WH-DETROIT
ORD-03514,CUST-JOIN-3514,2026-08-22,4405.93,WH-CHICAGO
ORD-03515,CUST-JOIN-3515,2026-08-22,918.66,WH-MIAMI
ORD-03516,CUST-JOIN-3516,2026-08-22,5905.43,WH-DETROIT
ORD-03517,CUST-JOIN-3517,2026-08-22,2978.94,WH-NEWYORK
ORD-03518,CUST-JOIN-3518,2026-08-22,333.87,WH-DETROIT
ORD-03519,CUST-JOIN-3519,2026-08-22,849.82,WH-MIAMI
ORD-03520,CUST-JOIN-3520,2026-08-22,2595.35,WH-MIAMI
ORD-03521,CUST-JOIN-3521,2026-08-22,2542.7,WH-MIAMI
ORD-03522,CUST-JOIN-3522,2026-08-22,5773.02,WH-DETROIT
ORD-03523,CUST-JOIN-3523,2026-08-22,7314.85,WH-MIAMI
ORD-03524,CUST-JOIN-3524,2026-08-22,6461.39,WH-MIAMI
ORD-03525,CUST-JOIN-3525,2026-08-22,3987.91,WH-MIAMI
ORD-03526,CUST-JOIN-3526,2026-08-22,2209.43,WH-MIAMI
ORD-03527,CUST-JOIN-3527,2026-08-22,6449.09,WH-DETROIT
ORD-03528,CUST-JOIN-3528,2026-08-22,6928.77,WH-DETROIT
ORD-03529,CUST-JOIN-3529,2026-08-23,1036.95,WH-NEWYORK
ORD-03530,CUST-JOIN-3530,2026-08-23,4748.54,WH-DETROIT
ORD-03531,CUST-JOIN-3531,2026-08-23,6390.01,WH-CHICAGO
ORD-03532,CUST-JOIN-3532,2026-08-23,7499.7,WH-NEWYORK
ORD-03533,CUST-JOIN-3533,2026-08-23,3692.51,WH-DETROIT
ORD-03534,CUST-JOIN-3534,2026-08-23,2416.26,WH-MIAMI
ORD-03535,CUST-JOIN-3535,2026-08-23,1318.84,WH-CHICAGO
ORD-03536,CUST-JOIN-3536,2026-08-23,7842.01,WH-MIAMI
ORD-03537,CUST-JOIN-3537,2026-08-23,7658.82,WH-DETROIT
ORD-03538,CUST-JOIN-3538,2026-08-23,6707.53,WH-CHICAGO
ORD-03539,CUST-JOIN-3539,2026-08-23,7434.21,WH-MIAMI
ORD-03540,CUST-JOIN-3540,2026-08-23,3030.89,WH-CHICAGO
ORD-03541,CUST-JOIN-3541,2026-08-23,902.47,WH-DETROIT
ORD-03542,CUST-JOIN-3542,2026-08-23,5431.12,WH-MIAMI
ORD-03543,CUST-JOIN-3543,2026-08-23,7614.98,WH-CHICAGO
ORD-03544,CUST-JOIN-3544,2026-08-23,3241.13,WH-DETROIT
ORD-03545,CUST-JOIN-3545,2026-08-23,1248.12,WH-NEWYORK
ORD-03546,CUST-JOIN-3546,2026-08-23,2498.6,WH-CHICAGO
ORD-03547,CUST-JOIN-3547,2026-08-23,2560.73,WH-NEWYORK
ORD-03548,CUST-JOIN-3548,2026-08-23,5317.37,WH-MIAMI
ORD-03549,CUST-JOIN-3549,2026-08-23,3185.51,WH-MIAMI
ORD-03550,CUST-JOIN-3550,2026-08-23,7329.08,WH-NEWYORK
ORD-03551,CUST-JOIN-3551,2026-08-23,7553.2,WH-MIAMI
ORD-03552,CUST-JOIN-3552,2026-08-23,2162.33,WH-DETROIT
ORD-03553,CUST-JOIN-3553,2026-08-24,6880.31,WH-NEWYORK
ORD-03554,CUST-JOIN-3554,2026-08-24,6190.9,WH-DETROIT
ORD-03555,CUST-JOIN-3555,2026-08-24,3955.75,WH-CHICAGO
ORD-03556,CUST-JOIN-3556,2026-08-24,5045.25,WH-DETROIT
ORD-03557,CUST-JOIN-3557,2026-08-24,4712.73,WH-NEWYORK
ORD-03558,CUST-JOIN-3558,2026-08-24,4706.35,WH-MIAMI
ORD-03559,CUST-JOIN-3559,2026-08-24,2760.61,WH-DETROIT
ORD-03560,CUST-JOIN-3560,2026-08-24,4684.96,WH-CHICAGO
ORD-03561,CUST-JOIN-3561,2026-08-24,5993.02,WH-DETROIT
ORD-03562,CUST-JOIN-3562,2026-08-24,7829.04,WH-CHICAGO
ORD-03563,CUST-JOIN-3563,2026-08-24,2290.95,WH-NEWYORK
ORD-03564,CUST-JOIN-3564,2026-08-24,6948.97,WH-DETROIT
ORD-03565,CUST-JOIN-3565,2026-08-24,1967.01,WH-NEWYORK
ORD-03566,CUST-JOIN-3566,2026-08-24,7650.33,WH-NEWYORK
ORD-03567,CUST-JOIN-3567,2026-08-24,4774.99,WH-DETROIT
ORD-03568,CUST-JOIN-3568,2026-08-24,874.44,WH-DETROIT
ORD-03569,CUST-JOIN-3569,2026-08-24,4614.16,WH-MIAMI
ORD-03570,CUST-JOIN-3570,2026-08-24,4946.45,WH-CHICAGO
ORD-03571,CUST-JOIN-3571,2026-08-24,1565.91,WH-NEWYORK
ORD-03572,CUST-JOIN-3572,2026-08-24,217.87,WH-DETROIT
ORD-03573,CUST-JOIN-3573,2026-08-24,4065.58,WH-NEWYORK
ORD-03574,CUST-JOIN-3574,2026-08-24,3693.24,WH-NEWYORK
ORD-03575,CUST-JOIN-3575,2026-08-24,4373.39,WH-DETROIT
ORD-03576,CUST-JOIN-3576,2026-08-24,2663.08,WH-NEWYORK
ORD-03577,CUST-JOIN-3577,2026-08-25,2602.8,WH-NEWYORK
ORD-03578,CUST-JOIN-3578,2026-08-25,6118.51,WH-DETROIT
ORD-03579,CUST-JOIN-3579,2026-08-25,326.57,WH-MIAMI
ORD-03580,CUST-JOIN-3580,2026-08-25,6391.64,WH-MIAMI
ORD-03581,CUST-JOIN-3581,2026-08-25,2903.93,WH-NEWYORK
ORD-03582,CUST-JOIN-3582,2026-08-25,5659.47,WH-NEWYORK
ORD-03583,CUST-JOIN-3583,2026-08-25,7644.39,WH-MIAMI
ORD-03584,CUST-JOIN-3584,2026-08-25,7809.09,WH-NEWYORK
ORD-03585,CUST-JOIN-3585,2026-08-25,422.08,WH-MIAMI
ORD-03586,CUST-JOIN-3586,2026-08-25,3177.71,WH-DETROIT
ORD-03587,CUST-JOIN-3587,2026-08-25,2392.73,WH-NEWYORK
ORD-03588,CUST-JOIN-3588,2026-08-25,744.75,WH-MIAMI
ORD-03589,CUST-JOIN-3589,2026-08-25,335.2,WH-MIAMI
ORD-03590,CUST-JOIN-3590,2026-08-25,3255.07,WH-NEWYORK
ORD-03591,CUST-JOIN-3591,2026-08-25,3425.64,WH-DETROIT
ORD-03592,CUST-JOIN-3592,2026-08-25,5248.12,WH-CHICAGO
ORD-03593,CUST-JOIN-3593,2026-08-25,4827.06,WH-DETROIT
ORD-03594,CUST-JOIN-3594,2026-08-25,6987.86,WH-NEWYORK
ORD-03595,CUST-JOIN-3595,2026-08-25,6648.13,WH-DETROIT
ORD-03596,CUST-JOIN-3596,2026-08-25,2465.99,WH-CHICAGO
ORD-03597,CUST-JOIN-3597,2026-08-25,6834.65,WH-CHICAGO
ORD-03598,CUST-JOIN-3598,2026-08-25,1867.74,WH-NEWYORK
ORD-03599,CUST-JOIN-3599,2026-08-25,5805.62,WH-NEWYORK
ORD-03600,CUST-JOIN-3600,2026-08-25,655.71,WH-DETROIT
ORD-03601,CUST-JOIN-3601,2026-08-26,7003.33,WH-CHICAGO
ORD-03602,CUST-JOIN-3602,2026-08-26,5327.99,WH-CHICAGO
ORD-03603,CUST-JOIN-3603,2026-08-26,7618.79,WH-CHICAGO
ORD-03604,CUST-JOIN-3604,2026-08-26,6863.66,WH-MIAMI
ORD-03605,CUST-JOIN-3605,2026-08-26,1824.19,WH-NEWYORK
ORD-03606,CUST-JOIN-3606,2026-08-26,5975.43,WH-MIAMI
ORD-03607,CUST-JOIN-3607,2026-08-26,4260.77,WH-DETROIT
ORD-03608,CUST-JOIN-3608,2026-08-26,5994.28,WH-CHICAGO
ORD-03609,CUST-JOIN-3609,2026-08-26,3546.92,WH-NEWYORK
ORD-03610,CUST-JOIN-3610,2026-08-26,5467.44,WH-DETROIT
ORD-03611,CUST-JOIN-3611,2026-08-26,909.67,WH-MIAMI
ORD-03612,CUST-JOIN-3612,2026-08-26,2588.66,WH-NEWYORK
ORD-03613,CUST-JOIN-3613,2026-08-26,2832.65,WH-DETROIT
ORD-03614,CUST-JOIN-3614,2026-08-26,1658.92,WH-DETROIT
ORD-03615,CUST-JOIN-3615,2026-08-26,4231.38,WH-NEWYORK
ORD-03616,CUST-JOIN-3616,2026-08-26,6583.41,WH-DETROIT
ORD-03617,CUST-JOIN-3617,2026-08-26,3416.29,WH-CHICAGO
ORD-03618,CUST-JOIN-3618,2026-08-26,7559.35,WH-NEWYORK
ORD-03619,CUST-JOIN-3619,2026-08-26,1120.57,WH-NEWYORK
ORD-03620,CUST-JOIN-3620,2026-08-26,5344.17,WH-NEWYORK
ORD-03621,CUST-JOIN-3621,2026-08-26,1470.64,WH-CHICAGO
ORD-03622,CUST-JOIN-3622,2026-08-26,3019.66,WH-CHICAGO
ORD-03623,CUST-JOIN-3623,2026-08-26,4154.39,WH-MIAMI
ORD-03624,CUST-JOIN-3624,2026-08-26,6175.39,WH-MIAMI
ORD-03625,CUST-JOIN-3625,2026-08-27,2220.8,WH-CHICAGO
ORD-03626,CUST-JOIN-3626,2026-08-27,3193.7,WH-MIAMI
ORD-03627,CUST-JOIN-3627,2026-08-27,2192.88,WH-DETROIT
ORD-03628,CUST-JOIN-3628,2026-08-27,7914.87,WH-DETROIT
ORD-03629,CUST-JOIN-3629,2026-08-27,3339.3,WH-NEWYORK
ORD-03630,CUST-JOIN-3630,2026-08-27,5134.31,WH-CHICAGO
ORD-03631,CUST-JOIN-3631,2026-08-27,5108.84,WH-MIAMI
ORD-03632,CUST-JOIN-3632,2026-08-27,3997.64,WH-DETROIT
ORD-03633,CUST-JOIN-3633,2026-08-27,5351.26,WH-CHICAGO
ORD-03634,CUST-JOIN-3634,2026-08-27,4269.47,WH-NEWYORK
ORD-03635,CUST-JOIN-3635,2026-08-27,6526.45,WH-NEWYORK
ORD-03636,CUST-JOIN-3636,2026-08-27,6432.74,WH-CHICAGO
ORD-03637,CUST-JOIN-3637,2026-08-27,359.04,WH-NEWYORK
ORD-03638,CUST-JOIN-3638,2026-08-27,5936.64,WH-NEWYORK
ORD-03639,CUST-JOIN-3639,2026-08-27,1824.07,WH-NEWYORK
ORD-03640,CUST-JOIN-3640,2026-08-27,488.81,WH-DETROIT
ORD-03641,CUST-JOIN-3641,2026-08-27,5298.37,WH-CHICAGO
ORD-03642,CUST-JOIN-3642,2026-08-27,1178.01,WH-CHICAGO
ORD-03643,CUST-JOIN-3643,2026-08-27,5692.51,WH-DETROIT
ORD-03644,CUST-JOIN-3644,2026-08-27,4817.95,WH-MIAMI
ORD-03645,CUST-JOIN-3645,2026-08-27,774.15,WH-CHICAGO
ORD-03646,CUST-JOIN-3646,2026-08-27,4778.89,WH-CHICAGO
ORD-03647,CUST-JOIN-3647,2026-08-27,2472.41,WH-NEWYORK
ORD-03648,CUST-JOIN-3648,2026-08-27,5188.43,WH-CHICAGO
ORD-03649,CUST-JOIN-3649,2026-08-28,7137.89,WH-NEWYORK
ORD-03650,CUST-JOIN-3650,2026-08-28,1698.77,WH-MIAMI
ORD-03651,CUST-JOIN-3651,2026-08-28,390.42,WH-CHICAGO
ORD-03652,CUST-JOIN-3652,2026-08-28,822.3,WH-NEWYORK
ORD-03653,CUST-JOIN-3653,2026-08-28,3494.31,WH-DETROIT
ORD-03654,CUST-JOIN-3654,2026-08-28,1899.26,WH-CHICAGO
ORD-03655,CUST-JOIN-3655,2026-08-28,1092.23,WH-NEWYORK
ORD-03656,CUST-JOIN-3656,2026-08-28,1675.2,WH-DETROIT
ORD-03657,CUST-JOIN-3657,2026-08-28,7284.87,WH-CHICAGO
ORD-03658,CUST-JOIN-3658,2026-08-28,2308.58,WH-MIAMI
ORD-03659,CUST-JOIN-3659,2026-08-28,7408.82,WH-NEWYORK
ORD-03660,CUST-JOIN-3660,2026-08-28,368.29,WH-DETROIT
ORD-03661,CUST-JOIN-3661,2026-08-28,1431.63,WH-CHICAGO
ORD-03662,CUST-JOIN-3662,2026-08-28,3772.05,WH-DETROIT
ORD-03663,CUST-JOIN-3663,2026-08-28,6605.72,WH-CHICAGO
ORD-03664,CUST-JOIN-3664,2026-08-28,1939.23,WH-MIAMI
ORD-03665,CUST-JOIN-3665,2026-08-28,7112.89,WH-MIAMI
ORD-03666,CUST-JOIN-3666,2026-08-28,728.02,WH-CHICAGO
ORD-03667,CUST-JOIN-3667,2026-08-28,520.78,WH-NEWYORK
ORD-03668,CUST-JOIN-3668,2026-08-28,6072.06,WH-CHICAGO
ORD-03669,CUST-JOIN-3669,2026-08-28,1986.27,WH-NEWYORK
ORD-03670,CUST-JOIN-3670,2026-08-28,1339.34,WH-MIAMI
ORD-03671,CUST-JOIN-3671,2026-08-28,4861.26,WH-DETROIT
ORD-03672,CUST-JOIN-3672,2026-08-28,1709.73,WH-MIAMI
ORD-03673,CUST-JOIN-3673,2026-08-29,6454.9,WH-MIAMI
ORD-03674,CUST-JOIN-3674,2026-08-29,3581.3,WH-DETROIT
ORD-03675,CUST-JOIN-3675,2026-08-29,1076.4,WH-NEWYORK
ORD-03676,CUST-JOIN-3676,2026-08-29,5814.26,WH-DETROIT
ORD-03677,CUST-JOIN-3677,2026-08-29,7907.28,WH-MIAMI
ORD-03678,CUST-JOIN-3678,2026-08-29,3773.78,WH-CHICAGO
ORD-03679,CUST-JOIN-3679,2026-08-29,1589.68,WH-NEWYORK
ORD-03680,CUST-JOIN-3680,2026-08-29,744.21,WH-DETROIT
ORD-03681,CUST-JOIN-3681,2026-08-29,4171.61,WH-CHICAGO
ORD-03682,CUST-JOIN-3682,2026-08-29,5008.55,WH-CHICAGO
ORD-03683,CUST-JOIN-3683,2026-08-29,2630.43,WH-CHICAGO
ORD-03684,CUST-JOIN-3684,2026-08-29,5742.44,WH-DETROIT
ORD-03685,CUST-JOIN-3685,2026-08-29,1009.2,WH-CHICAGO
ORD-03686,CUST-JOIN-3686,2026-08-29,3901.04,WH-CHICAGO
ORD-03687,CUST-JOIN-3687,2026-08-29,5397.8,WH-CHICAGO
ORD-03688,CUST-JOIN-3688,2026-08-29,1966.62,WH-CHICAGO
ORD-03689,CUST-JOIN-3689,2026-08-29,2132.72,WH-NEWYORK
ORD-03690,CUST-JOIN-3690,2026-08-29,7998.23,WH-DETROIT
ORD-03691,CUST-JOIN-3691,2026-08-29,2102.17,WH-DETROIT
ORD-03692,CUST-JOIN-3692,2026-08-29,440.23,WH-NEWYORK
ORD-03693,CUST-JOIN-3693,2026-08-29,911.19,WH-MIAMI
ORD-03694,CUST-JOIN-3694,2026-08-29,3693.72,WH-MIAMI
ORD-03695,CUST-JOIN-3695,2026-08-29,1415.57,WH-CHICAGO
ORD-03696,CUST-JOIN-3696,2026-08-29,6944.55,WH-CHICAGO
ORD-03697,CUST-JOIN-3697,2026-08-30,1594.86,WH-CHICAGO
ORD-03698,CUST-JOIN-3698,2026-08-30,4286.5,WH-NEWYORK
ORD-03699,CUST-JOIN-3699,2026-08-30,4870.7,WH-DETROIT
ORD-03700,CUST-JOIN-3700,2026-08-30,4594.8,WH-CHICAGO
ORD-03701,CUST-JOIN-3701,2026-08-30,4669.16,WH-DETROIT
ORD-03702,CUST-JOIN-3702,2026-08-30,7928.72,WH-MIAMI
ORD-03703,CUST-JOIN-3703,2026-08-30,3756.45,WH-DETROIT
ORD-03704,CUST-JOIN-3704,2026-08-30,5552.97,WH-MIAMI
ORD-03705,CUST-JOIN-3705,2026-08-30,5911.08,WH-MIAMI
ORD-03706,CUST-JOIN-3706,2026-08-30,1070.3,WH-NEWYORK
ORD-03707,CUST-JOIN-3707,2026-08-30,2098.06,WH-CHICAGO
ORD-03708,CUST-JOIN-3708,2026-08-30,7655.53,WH-DETROIT
ORD-03709,CUST-JOIN-3709,2026-08-30,981.02,WH-DETROIT
ORD-03710,CUST-JOIN-3710,2026-08-30,4014.92,WH-MIAMI
ORD-03711,CUST-JOIN-3711,2026-08-30,223.44,WH-MIAMI
ORD-03712,CUST-JOIN-3712,2026-08-30,7564.5,WH-CHICAGO
ORD-03713,CUST-JOIN-3713,2026-08-30,836.35,WH-DETROIT
ORD-03714,CUST-JOIN-3714,2026-08-30,5974.42,WH-CHICAGO
ORD-03715,CUST-JOIN-3715,2026-08-30,6488.92,WH-DETROIT
ORD-03716,CUST-JOIN-3716,2026-08-30,6255.77,WH-CHICAGO
ORD-03717,CUST-JOIN-3717,2026-08-30,4619.49,WH-MIAMI
ORD-03718,CUST-JOIN-3718,2026-08-30,7476.82,WH-MIAMI
ORD-03719,CUST-JOIN-3719,2026-08-30,5474.12,WH-DETROIT
ORD-03720,CUST-JOIN-3720,2026-08-30,5065.72,WH-DETROIT
ORD-03721,CUST-JOIN-3721,2026-08-31,7456.0,WH-MIAMI
ORD-03722,CUST-JOIN-3722,2026-08-31,5594.99,WH-MIAMI
ORD-03723,CUST-JOIN-3723,2026-08-31,3767.61,WH-MIAMI
ORD-03724,CUST-JOIN-3724,2026-08-31,4284.63,WH-MIAMI
ORD-03725,CUST-JOIN-3725,2026-08-31,4444.61,WH-NEWYORK
ORD-03726,CUST-JOIN-3726,2026-08-31,2411.86,WH-MIAMI
ORD-03727,CUST-JOIN-3727,2026-08-31,4907.56,WH-DETROIT
ORD-03728,CUST-JOIN-3728,2026-08-31,7644.6,WH-DETROIT
ORD-03729,CUST-JOIN-3729,2026-08-31,2986.3,WH-MIAMI
ORD-03730,CUST-JOIN-3730,2026-08-31,1370.37,WH-NEWYORK
ORD-03731,CUST-JOIN-3731,2026-08-31,4642.15,WH-CHICAGO
ORD-03732,CUST-JOIN-3732,2026-08-31,3516.25,WH-NEWYORK
ORD-03733,CUST-JOIN-3733,2026-08-31,7398.07,WH-MIAMI
ORD-03734,CUST-JOIN-3734,2026-08-31,4933.32,WH-DETROIT
ORD-03735,CUST-JOIN-3735,2026-08-31,1272.61,WH-DETROIT
ORD-03736,CUST-JOIN-3736,2026-08-31,3038.42,WH-NEWYORK
ORD-03737,CUST-JOIN-3737,2026-08-31,5121.93,WH-MIAMI
ORD-03738,CUST-JOIN-3738,2026-08-31,373.51,WH-CHICAGO
ORD-03739,CUST-JOIN-3739,2026-08-31,3420.15,WH-MIAMI
ORD-03740,CUST-JOIN-3740,2026-08-31,6467.39,WH-NEWYORK
ORD-03741,CUST-JOIN-3741,2026-08-31,4946.15,WH-NEWYORK
ORD-03742,CUST-JOIN-3742,2026-08-31,6059.53,WH-NEWYORK
ORD-03743,CUST-JOIN-3743,2026-08-31,2479.48,WH-CHICAGO
ORD-03744,CUST-JOIN-3744,2026-08-31,2987.88,WH-NEWYORK
ORD-03745,CUST-JOIN-3745,2026-09-01,749.9,WH-MIAMI
ORD-03746,CUST-JOIN-3746,2026-09-01,2328.85,WH-CHICAGO
ORD-03747,CUST-JOIN-3747,2026-09-01,1468.99,WH-CHICAGO
ORD-03748,CUST-JOIN-3748,2026-09-01,3930.35,WH-NEWYORK
ORD-03749,CUST-JOIN-3749,2026-09-01,6559.76,WH-MIAMI
ORD-03750,CUST-JOIN-3750,2026-09-01,1677.57,WH-NEWYORK
ORD-03751,CUST-JOIN-3751,2026-09-01,1475.63,WH-CHICAGO
ORD-03752,CUST-JOIN-3752,2026-09-01,4033.5,WH-NEWYORK
ORD-03753,CUST-JOIN-3753,2026-09-01,5906.97,WH-CHICAGO
ORD-03754,CUST-JOIN-3754,2026-09-01,1889.6,WH-MIAMI
ORD-03755,CUST-JOIN-3755,2026-09-01,6245.05,WH-CHICAGO
ORD-03756,CUST-JOIN-3756,2026-09-01,6436.84,WH-MIAMI
ORD-03757,CUST-JOIN-3757,2026-09-01,3269.26,WH-DETROIT
ORD-03758,CUST-JOIN-3758,2026-09-01,576.44,WH-NEWYORK
ORD-03759,CUST-JOIN-3759,2026-09-01,621.81,WH-CHICAGO
ORD-03760,CUST-JOIN-3760,2026-09-01,407.58,WH-CHICAGO
ORD-03761,CUST-JOIN-3761,2026-09-01,6295.26,WH-NEWYORK
ORD-03762,CUST-JOIN-3762,2026-09-01,5475.17,WH-MIAMI
ORD-03763,CUST-JOIN-3763,2026-09-01,4352.86,WH-CHICAGO
ORD-03764,CUST-JOIN-3764,2026-09-01,7854.41,WH-MIAMI
ORD-03765,CUST-JOIN-3765,2026-09-01,2189.81,WH-NEWYORK
ORD-03766,CUST-JOIN-3766,2026-09-01,441.9,WH-CHICAGO
ORD-03767,CUST-JOIN-3767,2026-09-01,6664.82,WH-DETROIT
ORD-03768,CUST-JOIN-3768,2026-09-01,1574.9,WH-NEWYORK
ORD-03769,CUST-JOIN-3769,2026-09-02,1517.87,WH-NEWYORK
ORD-03770,CUST-JOIN-3770,2026-09-02,6281.23,WH-MIAMI
ORD-03771,CUST-JOIN-3771,2026-09-02,2555.84,WH-DETROIT
ORD-03772,CUST-JOIN-3772,2026-09-02,3078.8,WH-DETROIT
ORD-03773,CUST-JOIN-3773,2026-09-02,2250.72,WH-CHICAGO
ORD-03774,CUST-JOIN-3774,2026-09-02,313.64,WH-CHICAGO
ORD-03775,CUST-JOIN-3775,2026-09-02,4212.34,WH-NEWYORK
ORD-03776,CUST-JOIN-3776,2026-09-02,3815.44,WH-DETROIT
ORD-03777,CUST-JOIN-3777,2026-09-02,5967.35,WH-CHICAGO
ORD-03778,CUST-JOIN-3778,2026-09-02,3634.52,WH-MIAMI
ORD-03779,CUST-JOIN-3779,2026-09-02,6969.44,WH-CHICAGO
ORD-03780,CUST-JOIN-3780,2026-09-02,259.8,WH-MIAMI
ORD-03781,CUST-JOIN-3781,2026-09-02,1941.97,WH-MIAMI
ORD-03782,CUST-JOIN-3782,2026-09-02,4552.79,WH-MIAMI
ORD-03783,CUST-JOIN-3783,2026-09-02,2566.35,WH-DETROIT
ORD-03784,CUST-JOIN-3784,2026-09-02,2377.22,WH-NEWYORK
ORD-03785,CUST-JOIN-3785,2026-09-02,2273.05,WH-CHICAGO
ORD-03786,CUST-JOIN-3786,2026-09-02,6747.46,WH-CHICAGO
ORD-03787,CUST-JOIN-3787,2026-09-02,6105.0,WH-CHICAGO
ORD-03788,CUST-JOIN-3788,2026-09-02,6005.42,WH-MIAMI
ORD-03789,CUST-JOIN-3789,2026-09-02,257.83,WH-CHICAGO
ORD-03790,CUST-JOIN-3790,2026-09-02,5356.31,WH-NEWYORK
ORD-03791,CUST-JOIN-3791,2026-09-02,379.9,WH-NEWYORK
ORD-03792,CUST-JOIN-3792,2026-09-02,1472.62,WH-NEWYORK
ORD-03793,CUST-JOIN-3793,2026-09-03,755.61,WH-MIAMI
ORD-03794,CUST-JOIN-3794,2026-09-03,4372.03,WH-DETROIT
ORD-03795,CUST-JOIN-3795,2026-09-03,2938.56,WH-NEWYORK
ORD-03796,CUST-JOIN-3796,2026-09-03,3070.4,WH-MIAMI
ORD-03797,CUST-JOIN-3797,2026-09-03,541.21,WH-MIAMI
ORD-03798,CUST-JOIN-3798,2026-09-03,6030.12,WH-NEWYORK
ORD-03799,CUST-JOIN-3799,2026-09-03,908.45,WH-CHICAGO
ORD-03800,CUST-JOIN-3800,2026-09-03,2426.56,WH-MIAMI
ORD-03801,CUST-JOIN-3801,2026-09-03,2130.79,WH-CHICAGO
ORD-03802,CUST-JOIN-3802,2026-09-03,7431.56,WH-MIAMI
ORD-03803,CUST-JOIN-3803,2026-09-03,6734.43,WH-MIAMI
ORD-03804,CUST-JOIN-3804,2026-09-03,6878.42,WH-DETROIT
ORD-03805,CUST-JOIN-3805,2026-09-03,5547.56,WH-MIAMI
ORD-03806,CUST-JOIN-3806,2026-09-03,7063.9,WH-DETROIT
ORD-03807,CUST-JOIN-3807,2026-09-03,7236.42,WH-CHICAGO
ORD-03808,CUST-JOIN-3808,2026-09-03,1157.83,WH-MIAMI
ORD-03809,CUST-JOIN-3809,2026-09-03,1384.95,WH-MIAMI
ORD-03810,CUST-JOIN-3810,2026-09-03,4787.58,WH-DETROIT
ORD-03811,CUST-JOIN-3811,2026-09-03,5878.61,WH-MIAMI
ORD-03812,CUST-JOIN-3812,2026-09-03,1306.8,WH-MIAMI
ORD-03813,CUST-JOIN-3813,2026-09-03,597.9,WH-NEWYORK
ORD-03814,CUST-JOIN-3814,2026-09-03,5454.09,WH-NEWYORK
ORD-03815,CUST-JOIN-3815,2026-09-03,2288.69,WH-MIAMI
ORD-03816,CUST-JOIN-3816,2026-09-03,4184.45,WH-MIAMI
ORD-03817,CUST-JOIN-3817,2026-09-04,2616.66,WH-CHICAGO
ORD-03818,CUST-JOIN-3818,2026-09-04,2081.56,WH-CHICAGO
ORD-03819,CUST-JOIN-3819,2026-09-04,6318.87,WH-NEWYORK
ORD-03820,CUST-JOIN-3820,2026-09-04,6146.6,WH-NEWYORK
ORD-03821,CUST-JOIN-3821,2026-09-04,3674.43,WH-DETROIT
ORD-03822,CUST-JOIN-3822,2026-09-04,251.49,WH-MIAMI
ORD-03823,CUST-JOIN-3823,2026-09-04,6966.41,WH-DETROIT
ORD-03824,CUST-JOIN-3824,2026-09-04,6673.02,WH-CHICAGO
ORD-03825,CUST-JOIN-3825,2026-09-04,7764.41,WH-MIAMI
ORD-03826,CUST-JOIN-3826,2026-09-04,852.15,WH-MIAMI
ORD-03827,CUST-JOIN-3827,2026-09-04,3601.42,WH-CHICAGO
ORD-03828,CUST-JOIN-3828,2026-09-04,5479.79,WH-DETROIT
ORD-03829,CUST-JOIN-3829,2026-09-04,7179.33,WH-DETROIT
ORD-03830,CUST-JOIN-3830,2026-09-04,5555.45,WH-MIAMI
ORD-03831,CUST-JOIN-3831,2026-09-04,7458.74,WH-DETROIT
ORD-03832,CUST-JOIN-3832,2026-09-04,5824.89,WH-CHICAGO
ORD-03833,CUST-JOIN-3833,2026-09-04,5412.8,WH-DETROIT
ORD-03834,CUST-JOIN-3834,2026-09-04,6849.33,WH-MIAMI
ORD-03835,CUST-JOIN-3835,2026-09-04,1469.15,WH-MIAMI
ORD-03836,CUST-JOIN-3836,2026-09-04,5156.9,WH-MIAMI
ORD-03837,CUST-JOIN-3837,2026-09-04,1852.25,WH-DETROIT
ORD-03838,CUST-JOIN-3838,2026-09-04,2191.45,WH-CHICAGO
ORD-03839,CUST-JOIN-3839,2026-09-04,4784.29,WH-NEWYORK
ORD-03840,CUST-JOIN-3840,2026-09-04,1727.28,WH-CHICAGO
ORD-03841,CUST-JOIN-3841,2026-09-05,3479.64,WH-CHICAGO
ORD-03842,CUST-JOIN-3842,2026-09-05,3332.97,WH-DETROIT
ORD-03843,CUST-JOIN-3843,2026-09-05,3279.94,WH-CHICAGO
ORD-03844,CUST-JOIN-3844,2026-09-05,4116.05,WH-DETROIT
ORD-03845,CUST-JOIN-3845,2026-09-05,2905.65,WH-DETROIT
ORD-03846,CUST-JOIN-3846,2026-09-05,3922.51,WH-DETROIT
ORD-03847,CUST-JOIN-3847,2026-09-05,6694.63,WH-DETROIT
ORD-03848,CUST-JOIN-3848,2026-09-05,6659.39,WH-DETROIT
ORD-03849,CUST-JOIN-3849,2026-09-05,440.14,WH-DETROIT
ORD-03850,CUST-JOIN-3850,2026-09-05,5302.11,WH-DETROIT
ORD-03851,CUST-JOIN-3851,2026-09-05,4218.51,WH-DETROIT
ORD-03852,CUST-JOIN-3852,2026-09-05,6237.08,WH-DETROIT
ORD-03853,CUST-JOIN-3853,2026-09-05,1003.35,WH-CHICAGO
ORD-03854,CUST-JOIN-3854,2026-09-05,2480.44,WH-CHICAGO
ORD-03855,CUST-JOIN-3855,2026-09-05,377.01,WH-MIAMI
ORD-03856,CUST-JOIN-3856,2026-09-05,966.13,WH-MIAMI
ORD-03857,CUST-JOIN-3857,2026-09-05,2154.75,WH-DETROIT
ORD-03858,CUST-JOIN-3858,2026-09-05,3381.7,WH-DETROIT
ORD-03859,CUST-JOIN-3859,2026-09-05,6978.63,WH-NEWYORK
ORD-03860,CUST-JOIN-3860,2026-09-05,7428.49,WH-MIAMI
ORD-03861,CUST-JOIN-3861,2026-09-05,2007.3,WH-NEWYORK
ORD-03862,CUST-JOIN-3862,2026-09-05,5857.0,WH-NEWYORK
ORD-03863,CUST-JOIN-3863,2026-09-05,1974.52,WH-MIAMI
ORD-03864,CUST-JOIN-3864,2026-09-05,1896.05,WH-MIAMI
ORD-03865,CUST-JOIN-3865,2026-09-06,1910.65,WH-NEWYORK
ORD-03866,CUST-JOIN-3866,2026-09-06,7989.43,WH-MIAMI
ORD-03867,CUST-JOIN-3867,2026-09-06,1131.9,WH-NEWYORK
ORD-03868,CUST-JOIN-3868,2026-09-06,7594.75,WH-MIAMI
ORD-03869,CUST-JOIN-3869,2026-09-06,6618.95,WH-CHICAGO
ORD-03870,CUST-JOIN-3870,2026-09-06,4455.81,WH-CHICAGO
ORD-03871,CUST-JOIN-3871,2026-09-06,6807.06,WH-DETROIT
ORD-03872,CUST-JOIN-3872,2026-09-06,7275.33,WH-DETROIT
ORD-03873,CUST-JOIN-3873,2026-09-06,1390.51,WH-CHICAGO
ORD-03874,CUST-JOIN-3874,2026-09-06,2098.0,WH-NEWYORK
ORD-03875,CUST-JOIN-3875,2026-09-06,624.47,WH-DETROIT
ORD-03876,CUST-JOIN-3876,2026-09-06,6048.93,WH-CHICAGO
ORD-03877,CUST-JOIN-3877,2026-09-06,4883.45,WH-NEWYORK
ORD-03878,CUST-JOIN-3878,2026-09-06,5179.39,WH-NEWYORK
ORD-03879,CUST-JOIN-3879,2026-09-06,5240.05,WH-NEWYORK
ORD-03880,CUST-JOIN-3880,2026-09-06,1266.08,WH-CHICAGO
ORD-03881,CUST-JOIN-3881,2026-09-06,341.24,WH-CHICAGO
ORD-03882,CUST-JOIN-3882,2026-09-06,4032.69,WH-CHICAGO
ORD-03883,CUST-JOIN-3883,2026-09-06,4853.27,WH-DETROIT
ORD-03884,CUST-JOIN-3884,2026-09-06,7937.67,WH-DETROIT
ORD-03885,CUST-JOIN-3885,2026-09-06,5449.6,WH-DETROIT
ORD-03886,CUST-JOIN-3886,2026-09-06,3339.23,WH-CHICAGO
ORD-03887,CUST-JOIN-3887,2026-09-06,5483.39,WH-CHICAGO
ORD-03888,CUST-JOIN-3888,2026-09-06,4500.99,WH-MIAMI
ORD-03889,CUST-JOIN-3889,2026-09-07,7622.66,WH-MIAMI
ORD-03890,CUST-JOIN-3890,2026-09-07,6636.15,WH-CHICAGO
ORD-03891,CUST-JOIN-3891,2026-09-07,5334.4,WH-CHICAGO
ORD-03892,CUST-JOIN-3892,2026-09-07,4770.81,WH-CHICAGO
ORD-03893,CUST-JOIN-3893,2026-09-07,2311.5,WH-MIAMI
ORD-03894,CUST-JOIN-3894,2026-09-07,4775.72,WH-MIAMI
ORD-03895,CUST-JOIN-3895,2026-09-07,3938.14,WH-NEWYORK
ORD-03896,CUST-JOIN-3896,2026-09-07,7115.49,WH-CHICAGO
ORD-03897,CUST-JOIN-3897,2026-09-07,6930.16,WH-CHICAGO
ORD-03898,CUST-JOIN-3898,2026-09-07,5104.75,WH-MIAMI
ORD-03899,CUST-JOIN-3899,2026-09-07,251.93,WH-NEWYORK
ORD-03900,CUST-JOIN-3900,2026-09-07,4520.85,WH-MIAMI
ORD-03901,CUST-JOIN-3901,2026-09-07,1299.95,WH-DETROIT
ORD-03902,CUST-JOIN-3902,2026-09-07,3187.61,WH-DETROIT
ORD-03903,CUST-JOIN-3903,2026-09-07,1833.28,WH-MIAMI
ORD-03904,CUST-JOIN-3904,2026-09-07,2826.94,WH-MIAMI
ORD-03905,CUST-JOIN-3905,2026-09-07,3166.13,WH-MIAMI
ORD-03906,CUST-JOIN-3906,2026-09-07,4414.39,WH-CHICAGO
ORD-03907,CUST-JOIN-3907,2026-09-07,7402.71,WH-NEWYORK
ORD-03908,CUST-JOIN-3908,2026-09-07,5733.01,WH-MIAMI
ORD-03909,CUST-JOIN-3909,2026-09-07,691.97,WH-MIAMI
ORD-03910,CUST-JOIN-3910,2026-09-07,7476.94,WH-MIAMI
ORD-03911,CUST-JOIN-3911,2026-09-07,3510.55,WH-NEWYORK
ORD-03912,CUST-JOIN-3912,2026-09-07,4278.15,WH-NEWYORK
ORD-03913,CUST-JOIN-3913,2026-09-08,7735.37,WH-DETROIT
ORD-03914,CUST-JOIN-3914,2026-09-08,1855.71,WH-MIAMI
ORD-03915,CUST-JOIN-3915,2026-09-08,7775.16,WH-CHICAGO
ORD-03916,CUST-JOIN-3916,2026-09-08,2722.66,WH-DETROIT
ORD-03917,CUST-JOIN-3917,2026-09-08,5593.65,WH-NEWYORK
ORD-03918,CUST-JOIN-3918,2026-09-08,2465.28,WH-MIAMI
ORD-03919,CUST-JOIN-3919,2026-09-08,2772.89,WH-NEWYORK
ORD-03920,CUST-JOIN-3920,2026-09-08,6704.23,WH-NEWYORK
ORD-03921,CUST-JOIN-3921,2026-09-08,4577.2,WH-DETROIT
ORD-03922,CUST-JOIN-3922,2026-09-08,7561.46,WH-DETROIT
ORD-03923,CUST-JOIN-3923,2026-09-08,4854.19,WH-MIAMI
ORD-03924,CUST-JOIN-3924,2026-09-08,3811.07,WH-CHICAGO
ORD-03925,CUST-JOIN-3925,2026-09-08,2470.18,WH-CHICAGO
ORD-03926,CUST-JOIN-3926,2026-09-08,5810.78,WH-CHICAGO
ORD-03927,CUST-JOIN-3927,2026-09-08,5875.09,WH-NEWYORK
ORD-03928,CUST-JOIN-3928,2026-09-08,5681.57,WH-NEWYORK
ORD-03929,CUST-JOIN-3929,2026-09-08,4521.69,WH-CHICAGO
ORD-03930,CUST-JOIN-3930,2026-09-08,7645.51,WH-MIAMI
ORD-03931,CUST-JOIN-3931,2026-09-08,6913.3,WH-NEWYORK
ORD-03932,CUST-JOIN-3932,2026-09-08,4415.5,WH-CHICAGO
ORD-03933,CUST-JOIN-3933,2026-09-08,406.1,WH-CHICAGO
ORD-03934,CUST-JOIN-3934,2026-09-08,5232.08,WH-CHICAGO
ORD-03935,CUST-JOIN-3935,2026-09-08,6419.77,WH-NEWYORK
ORD-03936,CUST-JOIN-3936,2026-09-08,3191.37,WH-NEWYORK
ORD-03937,CUST-JOIN-3937,2026-09-09,3058.36,WH-MIAMI
ORD-03938,CUST-JOIN-3938,2026-09-09,5301.49,WH-NEWYORK
ORD-03939,CUST-JOIN-3939,2026-09-09,544.32,WH-MIAMI
ORD-03940,CUST-JOIN-3940,2026-09-09,7605.88,WH-DETROIT
ORD-03941,CUST-JOIN-3941,2026-09-09,3640.09,WH-CHICAGO
ORD-03942,CUST-JOIN-3942,2026-09-09,4066.97,WH-CHICAGO
ORD-03943,CUST-JOIN-3943,2026-09-09,410.33,WH-NEWYORK
ORD-03944,CUST-JOIN-3944,2026-09-09,3673.44,WH-CHICAGO
ORD-03945,CUST-JOIN-3945,2026-09-09,4989.39,WH-DETROIT
ORD-03946,CUST-JOIN-3946,2026-09-09,429.92,WH-MIAMI
ORD-03947,CUST-JOIN-3947,2026-09-09,2453.39,WH-CHICAGO
ORD-03948,CUST-JOIN-3948,2026-09-09,2883.99,WH-DETROIT
ORD-03949,CUST-JOIN-3949,2026-09-09,3565.07,WH-DETROIT
ORD-03950,CUST-JOIN-3950,2026-09-09,4689.72,WH-MIAMI
ORD-03951,CUST-JOIN-3951,2026-09-09,1376.69,WH-DETROIT
ORD-03952,CUST-JOIN-3952,2026-09-09,4546.23,WH-NEWYORK
ORD-03953,CUST-JOIN-3953,2026-09-09,5948.56,WH-MIAMI
ORD-03954,CUST-JOIN-3954,2026-09-09,5446.29,WH-DETROIT
ORD-03955,CUST-JOIN-3955,2026-09-09,293.12,WH-CHICAGO
ORD-03956,CUST-JOIN-3956,2026-09-09,7161.25,WH-NEWYORK
ORD-03957,CUST-JOIN-3957,2026-09-09,6339.98,WH-MIAMI
ORD-03958,CUST-JOIN-3958,2026-09-09,1832.15,WH-NEWYORK
ORD-03959,CUST-JOIN-3959,2026-09-09,7915.36,WH-CHICAGO
ORD-03960,CUST-JOIN-3960,2026-09-09,2436.88,WH-NEWYORK
ORD-03961,CUST-JOIN-3961,2026-09-10,1974.85,WH-MIAMI
ORD-03962,CUST-JOIN-3962,2026-09-10,5910.11,WH-NEWYORK
ORD-03963,CUST-JOIN-3963,2026-09-10,7123.27,WH-MIAMI
ORD-03964,CUST-JOIN-3964,2026-09-10,7342.45,WH-CHICAGO
ORD-03965,CUST-JOIN-3965,2026-09-10,5927.08,WH-MIAMI
ORD-03966,CUST-JOIN-3966,2026-09-10,5358.85,WH-MIAMI
ORD-03967,CUST-JOIN-3967,2026-09-10,2658.18,WH-CHICAGO
ORD-03968,CUST-JOIN-3968,2026-09-10,1531.8,WH-DETROIT
ORD-03969,CUST-JOIN-3969,2026-09-10,6494.3,WH-MIAMI
ORD-03970,CUST-JOIN-3970,2026-09-10,7166.07,WH-CHICAGO
ORD-03971,CUST-JOIN-3971,2026-09-10,3748.98,WH-NEWYORK
ORD-03972,CUST-JOIN-3972,2026-09-10,1852.22,WH-CHICAGO
ORD-03973,CUST-JOIN-3973,2026-09-10,1093.4,WH-DETROIT
ORD-03974,CUST-JOIN-3974,2026-09-10,5462.43,WH-CHICAGO
ORD-03975,CUST-JOIN-3975,2026-09-10,7895.0,WH-CHICAGO
ORD-03976,CUST-JOIN-3976,2026-09-10,2350.01,WH-NEWYORK
ORD-03977,CUST-JOIN-3977,2026-09-10,2257.32,WH-MIAMI
ORD-03978,CUST-JOIN-3978,2026-09-10,6021.8,WH-CHICAGO
ORD-03979,CUST-JOIN-3979,2026-09-10,3901.4,WH-MIAMI
ORD-03980,CUST-JOIN-3980,2026-09-10,7226.65,WH-DETROIT
ORD-03981,CUST-JOIN-3981,2026-09-10,4654.73,WH-NEWYORK
ORD-03982,CUST-JOIN-3982,2026-09-10,7466.23,WH-MIAMI
ORD-03983,CUST-JOIN-3983,2026-09-10,1002.75,WH-MIAMI
ORD-03984,CUST-JOIN-3984,2026-09-10,6802.46,WH-NEWYORK
ORD-03985,CUST-JOIN-3985,2026-09-11,6608.68,WH-MIAMI
ORD-03986,CUST-JOIN-3986,2026-09-11,7266.12,WH-CHICAGO
ORD-03987,CUST-JOIN-3987,2026-09-11,865.88,WH-CHICAGO
ORD-03988,CUST-JOIN-3988,2026-09-11,6658.79,WH-DETROIT
ORD-03989,CUST-JOIN-3989,2026-09-11,1638.29,WH-CHICAGO
ORD-03990,CUST-JOIN-3990,2026-09-11,3028.58,WH-MIAMI
ORD-03991,CUST-JOIN-3991,2026-09-11,3228.14,WH-NEWYORK
ORD-03992,CUST-JOIN-3992,2026-09-11,1421.61,WH-DETROIT
ORD-03993,CUST-JOIN-3993,2026-09-11,1469.83,WH-NEWYORK
ORD-03994,CUST-JOIN-3994,2026-09-11,5492.89,WH-MIAMI
ORD-03995,CUST-JOIN-3995,2026-09-11,2867.0,WH-CHICAGO
ORD-03996,CUST-JOIN-3996,2026-09-11,6545.23,WH-CHICAGO
ORD-03997,CUST-JOIN-3997,2026-09-11,7919.09,WH-DETROIT
ORD-03998,CUST-JOIN-3998,2026-09-11,5326.32,WH-DETROIT
ORD-03999,CUST-JOIN-3999,2026-09-11,4788.85,WH-NEWYORK
ORD-04000,CUST-JOIN-4000,2026-09-11,3314.43,WH-CHICAGO
ORD-04001,CUST-JOIN-4001,2026-08-01,7956.44,WH-CHICAGO
ORD-04002,CUST-JOIN-4002,2026-08-01,6460.67,WH-CHICAGO
ORD-04003,CUST-JOIN-4003,2026-08-01,3077.54,WH-CHICAGO
ORD-04004,CUST-JOIN-4004,2026-08-01,2353.7,WH-CHICAGO
ORD-04005,CUST-JOIN-4005,2026-08-01,6706.54,WH-CHICAGO
ORD-04006,CUST-JOIN-4006,2026-08-01,742.13,WH-CHICAGO
ORD-04007,CUST-JOIN-4007,2026-08-01,1327.9,WH-NEWYORK
ORD-04008,CUST-JOIN-4008,2026-08-01,5900.6,WH-DETROIT
ORD-04009,CUST-JOIN-4009,2026-08-01,3999.22,WH-NEWYORK
ORD-04010,CUST-JOIN-4010,2026-08-01,1107.91,WH-MIAMI
ORD-04011,CUST-JOIN-4011,2026-08-01,2262.85,WH-MIAMI
ORD-04012,CUST-JOIN-4012,2026-08-01,6071.95,WH-NEWYORK
ORD-04013,CUST-JOIN-4013,2026-08-01,674.74,WH-DETROIT
ORD-04014,CUST-JOIN-4014,2026-08-01,3348.88,WH-NEWYORK
ORD-04015,CUST-JOIN-4015,2026-08-01,6757.66,WH-DETROIT
ORD-04016,CUST-JOIN-4016,2026-08-01,4577.5,WH-DETROIT
ORD-04017,CUST-JOIN-4017,2026-08-01,4376.35,WH-DETROIT
ORD-04018,CUST-JOIN-4018,2026-08-01,6226.38,WH-CHICAGO
ORD-04019,CUST-JOIN-4019,2026-08-01,4674.41,WH-NEWYORK
ORD-04020,CUST-JOIN-4020,2026-08-01,6918.17,WH-CHICAGO
ORD-04021,CUST-JOIN-4021,2026-08-01,3120.72,WH-DETROIT
ORD-04022,CUST-JOIN-4022,2026-08-01,2338.52,WH-CHICAGO
ORD-04023,CUST-JOIN-4023,2026-08-01,6658.22,WH-DETROIT
ORD-04024,CUST-JOIN-4024,2026-08-01,2637.25,WH-MIAMI
ORD-04025,CUST-JOIN-4025,2026-08-02,7766.09,WH-DETROIT
ORD-04026,CUST-JOIN-4026,2026-08-02,5721.16,WH-MIAMI
ORD-04027,CUST-JOIN-4027,2026-08-02,1320.12,WH-MIAMI
ORD-04028,CUST-JOIN-4028,2026-08-02,7254.32,WH-MIAMI
ORD-04029,CUST-JOIN-4029,2026-08-02,890.4,WH-MIAMI
ORD-04030,CUST-JOIN-4030,2026-08-02,3425.54,WH-NEWYORK
ORD-04031,CUST-JOIN-4031,2026-08-02,6127.25,WH-CHICAGO
ORD-04032,CUST-JOIN-4032,2026-08-02,4440.66,WH-NEWYORK
ORD-04033,CUST-JOIN-4033,2026-08-02,5390.84,WH-NEWYORK
ORD-04034,CUST-JOIN-4034,2026-08-02,5280.83,WH-DETROIT
ORD-04035,CUST-JOIN-4035,2026-08-02,608.59,WH-MIAMI
ORD-04036,CUST-JOIN-4036,2026-08-02,2101.97,WH-MIAMI
ORD-04037,CUST-JOIN-4037,2026-08-02,2058.63,WH-DETROIT
ORD-04038,CUST-JOIN-4038,2026-08-02,6972.32,WH-CHICAGO
ORD-04039,CUST-JOIN-4039,2026-08-02,7542.73,WH-MIAMI
ORD-04040,CUST-JOIN-4040,2026-08-02,4009.87,WH-MIAMI
ORD-04041,CUST-JOIN-4041,2026-08-02,6468.11,WH-CHICAGO
ORD-04042,CUST-JOIN-4042,2026-08-02,848.16,WH-MIAMI
ORD-04043,CUST-JOIN-4043,2026-08-02,4505.62,WH-DETROIT
ORD-04044,CUST-JOIN-4044,2026-08-02,6453.81,WH-DETROIT
ORD-04045,CUST-JOIN-4045,2026-08-02,1134.91,WH-DETROIT
ORD-04046,CUST-JOIN-4046,2026-08-02,6391.61,WH-NEWYORK
ORD-04047,CUST-JOIN-4047,2026-08-02,2914.45,WH-NEWYORK
ORD-04048,CUST-JOIN-4048,2026-08-02,2750.44,WH-CHICAGO
ORD-04049,CUST-JOIN-4049,2026-08-03,4678.73,WH-NEWYORK
ORD-04050,CUST-JOIN-4050,2026-08-03,5300.28,WH-NEWYORK
ORD-04051,CUST-JOIN-4051,2026-08-03,5654.5,WH-NEWYORK
ORD-04052,CUST-JOIN-4052,2026-08-03,6001.74,WH-MIAMI
ORD-04053,CUST-JOIN-4053,2026-08-03,7973.19,WH-CHICAGO
ORD-04054,CUST-JOIN-4054,2026-08-03,4948.26,WH-CHICAGO
ORD-04055,CUST-JOIN-4055,2026-08-03,6405.09,WH-DETROIT
ORD-04056,CUST-JOIN-4056,2026-08-03,7425.42,WH-NEWYORK
ORD-04057,CUST-JOIN-4057,2026-08-03,4086.35,WH-DETROIT
ORD-04058,CUST-JOIN-4058,2026-08-03,3906.44,WH-DETROIT
ORD-04059,CUST-JOIN-4059,2026-08-03,2011.51,WH-NEWYORK
ORD-04060,CUST-JOIN-4060,2026-08-03,5249.03,WH-DETROIT
ORD-04061,CUST-JOIN-4061,2026-08-03,5821.04,WH-MIAMI
ORD-04062,CUST-JOIN-4062,2026-08-03,378.06,WH-NEWYORK
ORD-04063,CUST-JOIN-4063,2026-08-03,829.6,WH-NEWYORK
ORD-04064,CUST-JOIN-4064,2026-08-03,1534.22,WH-MIAMI
ORD-04065,CUST-JOIN-4065,2026-08-03,1219.2,WH-MIAMI
ORD-04066,CUST-JOIN-4066,2026-08-03,1458.77,WH-DETROIT
ORD-04067,CUST-JOIN-4067,2026-08-03,6027.63,WH-NEWYORK
ORD-04068,CUST-JOIN-4068,2026-08-03,6707.76,WH-CHICAGO
ORD-04069,CUST-JOIN-4069,2026-08-03,6909.66,WH-MIAMI
ORD-04070,CUST-JOIN-4070,2026-08-03,1108.32,WH-MIAMI
ORD-04071,CUST-JOIN-4071,2026-08-03,5718.86,WH-CHICAGO
ORD-04072,CUST-JOIN-4072,2026-08-03,3110.29,WH-MIAMI
ORD-04073,CUST-JOIN-4073,2026-08-04,1132.63,WH-NEWYORK
ORD-04074,CUST-JOIN-4074,2026-08-04,269.38,WH-CHICAGO
ORD-04075,CUST-JOIN-4075,2026-08-04,2048.15,WH-CHICAGO
ORD-04076,CUST-JOIN-4076,2026-08-04,6028.88,WH-CHICAGO
ORD-04077,CUST-JOIN-4077,2026-08-04,1384.21,WH-DETROIT
ORD-04078,CUST-JOIN-4078,2026-08-04,5554.56,WH-NEWYORK
ORD-04079,CUST-JOIN-4079,2026-08-04,4034.51,WH-NEWYORK
ORD-04080,CUST-JOIN-4080,2026-08-04,3392.28,WH-CHICAGO
ORD-04081,CUST-JOIN-4081,2026-08-04,7807.39,WH-DETROIT
ORD-04082,CUST-JOIN-4082,2026-08-04,5698.98,WH-CHICAGO
ORD-04083,CUST-JOIN-4083,2026-08-04,3676.26,WH-NEWYORK
ORD-04084,CUST-JOIN-4084,2026-08-04,7411.42,WH-NEWYORK
ORD-04085,CUST-JOIN-4085,2026-08-04,4712.9,WH-MIAMI
ORD-04086,CUST-JOIN-4086,2026-08-04,5112.17,WH-CHICAGO
ORD-04087,CUST-JOIN-4087,2026-08-04,2561.48,WH-CHICAGO
ORD-04088,CUST-JOIN-4088,2026-08-04,4194.92,WH-NEWYORK
ORD-04089,CUST-JOIN-4089,2026-08-04,6998.74,WH-DETROIT
ORD-04090,CUST-JOIN-4090,2026-08-04,6965.6,WH-CHICAGO
ORD-04091,CUST-JOIN-4091,2026-08-04,4333.65,WH-NEWYORK
ORD-04092,CUST-JOIN-4092,2026-08-04,1499.95,WH-DETROIT
ORD-04093,CUST-JOIN-4093,2026-08-04,4486.36,WH-DETROIT
ORD-04094,CUST-JOIN-4094,2026-08-04,4286.12,WH-MIAMI
ORD-04095,CUST-JOIN-4095,2026-08-04,2434.09,WH-CHICAGO
ORD-04096,CUST-JOIN-4096,2026-08-04,3562.74,WH-MIAMI
ORD-04097,CUST-JOIN-4097,2026-08-05,6568.48,WH-MIAMI
ORD-04098,CUST-JOIN-4098,2026-08-05,7706.87,WH-MIAMI
ORD-04099,CUST-JOIN-4099,2026-08-05,2471.14,WH-CHICAGO
ORD-04100,CUST-JOIN-4100,2026-08-05,4414.19,WH-NEWYORK
ORD-04101,CUST-JOIN-4101,2026-08-05,3832.13,WH-NEWYORK
ORD-04102,CUST-JOIN-4102,2026-08-05,2535.8,WH-DETROIT
ORD-04103,CUST-JOIN-4103,2026-08-05,2561.76,WH-NEWYORK
ORD-04104,CUST-JOIN-4104,2026-08-05,2532.65,WH-DETROIT
ORD-04105,CUST-JOIN-4105,2026-08-05,7975.68,WH-NEWYORK
ORD-04106,CUST-JOIN-4106,2026-08-05,5808.84,WH-CHICAGO
ORD-04107,CUST-JOIN-4107,2026-08-05,6566.45,WH-DETROIT
ORD-04108,CUST-JOIN-4108,2026-08-05,5579.57,WH-NEWYORK
ORD-04109,CUST-JOIN-4109,2026-08-05,3465.13,WH-DETROIT
ORD-04110,CUST-JOIN-4110,2026-08-05,2909.23,WH-CHICAGO
ORD-04111,CUST-JOIN-4111,2026-08-05,3946.43,WH-MIAMI
ORD-04112,CUST-JOIN-4112,2026-08-05,2392.04,WH-MIAMI
ORD-04113,CUST-JOIN-4113,2026-08-05,3863.93,WH-MIAMI
ORD-04114,CUST-JOIN-4114,2026-08-05,5535.17,WH-CHICAGO
ORD-04115,CUST-JOIN-4115,2026-08-05,6645.49,WH-NEWYORK
ORD-04116,CUST-JOIN-4116,2026-08-05,2786.13,WH-NEWYORK
ORD-04117,CUST-JOIN-4117,2026-08-05,1762.8,WH-NEWYORK
ORD-04118,CUST-JOIN-4118,2026-08-05,1873.54,WH-CHICAGO
ORD-04119,CUST-JOIN-4119,2026-08-05,7256.54,WH-NEWYORK
ORD-04120,CUST-JOIN-4120,2026-08-05,4242.83,WH-DETROIT
ORD-04121,CUST-JOIN-4121,2026-08-06,4702.55,WH-MIAMI
ORD-04122,CUST-JOIN-4122,2026-08-06,6917.83,WH-DETROIT
ORD-04123,CUST-JOIN-4123,2026-08-06,1712.51,WH-NEWYORK
ORD-04124,CUST-JOIN-4124,2026-08-06,3535.95,WH-MIAMI
ORD-04125,CUST-JOIN-4125,2026-08-06,6572.23,WH-CHICAGO
ORD-04126,CUST-JOIN-4126,2026-08-06,3139.59,WH-NEWYORK
ORD-04127,CUST-JOIN-4127,2026-08-06,5656.66,WH-MIAMI
ORD-04128,CUST-JOIN-4128,2026-08-06,6010.02,WH-NEWYORK
ORD-04129,CUST-JOIN-4129,2026-08-06,5602.34,WH-MIAMI
ORD-04130,CUST-JOIN-4130,2026-08-06,7756.27,WH-MIAMI
ORD-04131,CUST-JOIN-4131,2026-08-06,7766.24,WH-DETROIT
ORD-04132,CUST-JOIN-4132,2026-08-06,2723.0,WH-DETROIT
ORD-04133,CUST-JOIN-4133,2026-08-06,1451.76,WH-CHICAGO
ORD-04134,CUST-JOIN-4134,2026-08-06,7252.04,WH-CHICAGO
ORD-04135,CUST-JOIN-4135,2026-08-06,7922.2,WH-DETROIT
ORD-04136,CUST-JOIN-4136,2026-08-06,3782.86,WH-CHICAGO
ORD-04137,CUST-JOIN-4137,2026-08-06,2372.63,WH-DETROIT
ORD-04138,CUST-JOIN-4138,2026-08-06,2021.48,WH-CHICAGO
ORD-04139,CUST-JOIN-4139,2026-08-06,2185.25,WH-NEWYORK
ORD-04140,CUST-JOIN-4140,2026-08-06,7072.78,WH-CHICAGO
ORD-04141,CUST-JOIN-4141,2026-08-06,1922.56,WH-DETROIT
ORD-04142,CUST-JOIN-4142,2026-08-06,6784.56,WH-MIAMI
ORD-04143,CUST-JOIN-4143,2026-08-06,4037.57,WH-DETROIT
ORD-04144,CUST-JOIN-4144,2026-08-06,5083.8,WH-DETROIT
ORD-04145,CUST-JOIN-4145,2026-08-07,2039.76,WH-CHICAGO
ORD-04146,CUST-JOIN-4146,2026-08-07,1051.85,WH-DETROIT
ORD-04147,CUST-JOIN-4147,2026-08-07,5959.81,WH-CHICAGO
ORD-04148,CUST-JOIN-4148,2026-08-07,243.24,WH-NEWYORK
ORD-04149,CUST-JOIN-4149,2026-08-07,7569.21,WH-MIAMI
ORD-04150,CUST-JOIN-4150,2026-08-07,7568.58,WH-DETROIT
ORD-04151,CUST-JOIN-4151,2026-08-07,6346.22,WH-DETROIT
ORD-04152,CUST-JOIN-4152,2026-08-07,4777.65,WH-MIAMI
ORD-04153,CUST-JOIN-4153,2026-08-07,1409.49,WH-NEWYORK
ORD-04154,CUST-JOIN-4154,2026-08-07,5275.52,WH-MIAMI
ORD-04155,CUST-JOIN-4155,2026-08-07,7898.69,WH-CHICAGO
ORD-04156,CUST-JOIN-4156,2026-08-07,1254.79,WH-NEWYORK
ORD-04157,CUST-JOIN-4157,2026-08-07,714.03,WH-NEWYORK
ORD-04158,CUST-JOIN-4158,2026-08-07,1115.85,WH-DETROIT
ORD-04159,CUST-JOIN-4159,2026-08-07,1296.23,WH-NEWYORK
ORD-04160,CUST-JOIN-4160,2026-08-07,516.58,WH-MIAMI
ORD-04161,CUST-JOIN-4161,2026-08-07,5366.56,WH-DETROIT
ORD-04162,CUST-JOIN-4162,2026-08-07,6425.39,WH-NEWYORK
ORD-04163,CUST-JOIN-4163,2026-08-07,4853.82,WH-DETROIT
ORD-04164,CUST-JOIN-4164,2026-08-07,2725.69,WH-CHICAGO
ORD-04165,CUST-JOIN-4165,2026-08-07,4244.63,WH-MIAMI
ORD-04166,CUST-JOIN-4166,2026-08-07,3309.38,WH-DETROIT
ORD-04167,CUST-JOIN-4167,2026-08-07,5616.47,WH-DETROIT
ORD-04168,CUST-JOIN-4168,2026-08-07,7095.96,WH-DETROIT
ORD-04169,CUST-JOIN-4169,2026-08-08,4949.79,WH-CHICAGO
ORD-04170,CUST-JOIN-4170,2026-08-08,6626.27,WH-MIAMI
ORD-04171,CUST-JOIN-4171,2026-08-08,1178.05,WH-CHICAGO
ORD-04172,CUST-JOIN-4172,2026-08-08,6573.77,WH-NEWYORK
ORD-04173,CUST-JOIN-4173,2026-08-08,4682.15,WH-MIAMI
ORD-04174,CUST-JOIN-4174,2026-08-08,3426.41,WH-CHICAGO
ORD-04175,CUST-JOIN-4175,2026-08-08,6203.5,WH-MIAMI
ORD-04176,CUST-JOIN-4176,2026-08-08,953.81,WH-NEWYORK
ORD-04177,CUST-JOIN-4177,2026-08-08,3280.96,WH-MIAMI
ORD-04178,CUST-JOIN-4178,2026-08-08,491.74,WH-NEWYORK
ORD-04179,CUST-JOIN-4179,2026-08-08,7629.24,WH-DETROIT
ORD-04180,CUST-JOIN-4180,2026-08-08,2796.55,WH-CHICAGO
ORD-04181,CUST-JOIN-4181,2026-08-08,3283.94,WH-MIAMI
ORD-04182,CUST-JOIN-4182,2026-08-08,6014.51,WH-NEWYORK
ORD-04183,CUST-JOIN-4183,2026-08-08,7255.87,WH-MIAMI
ORD-04184,CUST-JOIN-4184,2026-08-08,6373.3,WH-NEWYORK
ORD-04185,CUST-JOIN-4185,2026-08-08,2460.67,WH-MIAMI
ORD-04186,CUST-JOIN-4186,2026-08-08,2140.78,WH-NEWYORK
ORD-04187,CUST-JOIN-4187,2026-08-08,7126.47,WH-MIAMI
ORD-04188,CUST-JOIN-4188,2026-08-08,454.38,WH-DETROIT
ORD-04189,CUST-JOIN-4189,2026-08-08,3565.2,WH-MIAMI
ORD-04190,CUST-JOIN-4190,2026-08-08,4443.42,WH-CHICAGO
ORD-04191,CUST-JOIN-4191,2026-08-08,2293.22,WH-DETROIT
ORD-04192,CUST-JOIN-4192,2026-08-08,7313.86,WH-DETROIT
ORD-04193,CUST-JOIN-4193,2026-08-09,3044.66,WH-NEWYORK
ORD-04194,CUST-JOIN-4194,2026-08-09,2222.32,WH-CHICAGO
ORD-04195,CUST-JOIN-4195,2026-08-09,6403.19,WH-NEWYORK
ORD-04196,CUST-JOIN-4196,2026-08-09,2377.86,WH-NEWYORK
ORD-04197,CUST-JOIN-4197,2026-08-09,7776.76,WH-MIAMI
ORD-04198,CUST-JOIN-4198,2026-08-09,704.66,WH-CHICAGO
ORD-04199,CUST-JOIN-4199,2026-08-09,3418.4,WH-CHICAGO
ORD-04200,CUST-JOIN-4200,2026-08-09,4971.45,WH-NEWYORK
ORD-04201,CUST-JOIN-4201,2026-08-09,1754.99,WH-DETROIT
ORD-04202,CUST-JOIN-4202,2026-08-09,4206.24,WH-NEWYORK
ORD-04203,CUST-JOIN-4203,2026-08-09,3691.16,WH-DETROIT
ORD-04204,CUST-JOIN-4204,2026-08-09,1758.41,WH-NEWYORK
ORD-04205,CUST-JOIN-4205,2026-08-09,6781.62,WH-MIAMI
ORD-04206,CUST-JOIN-4206,2026-08-09,1776.27,WH-NEWYORK
ORD-04207,CUST-JOIN-4207,2026-08-09,5972.61,WH-MIAMI
ORD-04208,CUST-JOIN-4208,2026-08-09,5222.99,WH-NEWYORK
ORD-04209,CUST-JOIN-4209,2026-08-09,4023.84,WH-NEWYORK
ORD-04210,CUST-JOIN-4210,2026-08-09,5922.97,WH-CHICAGO
ORD-04211,CUST-JOIN-4211,2026-08-09,741.18,WH-DETROIT
ORD-04212,CUST-JOIN-4212,2026-08-09,762.13,WH-NEWYORK
ORD-04213,CUST-JOIN-4213,2026-08-09,2157.57,WH-MIAMI
ORD-04214,CUST-JOIN-4214,2026-08-09,2922.47,WH-NEWYORK
ORD-04215,CUST-JOIN-4215,2026-08-09,5013.41,WH-DETROIT
ORD-04216,CUST-JOIN-4216,2026-08-09,7566.95,WH-CHICAGO
ORD-04217,CUST-JOIN-4217,2026-08-10,7767.13,WH-CHICAGO
ORD-04218,CUST-JOIN-4218,2026-08-10,549.6,WH-MIAMI
ORD-04219,CUST-JOIN-4219,2026-08-10,208.2,WH-NEWYORK
ORD-04220,CUST-JOIN-4220,2026-08-10,4881.73,WH-NEWYORK
ORD-04221,CUST-JOIN-4221,2026-08-10,2901.92,WH-MIAMI
ORD-04222,CUST-JOIN-4222,2026-08-10,1730.27,WH-CHICAGO
ORD-04223,CUST-JOIN-4223,2026-08-10,3980.92,WH-MIAMI
ORD-04224,CUST-JOIN-4224,2026-08-10,1689.56,WH-MIAMI
ORD-04225,CUST-JOIN-4225,2026-08-10,7583.95,WH-NEWYORK
ORD-04226,CUST-JOIN-4226,2026-08-10,7556.26,WH-DETROIT
ORD-04227,CUST-JOIN-4227,2026-08-10,7921.55,WH-NEWYORK
ORD-04228,CUST-JOIN-4228,2026-08-10,2358.12,WH-DETROIT
ORD-04229,CUST-JOIN-4229,2026-08-10,3529.7,WH-MIAMI
ORD-04230,CUST-JOIN-4230,2026-08-10,5477.01,WH-CHICAGO
ORD-04231,CUST-JOIN-4231,2026-08-10,2175.87,WH-NEWYORK
ORD-04232,CUST-JOIN-4232,2026-08-10,7894.31,WH-NEWYORK
ORD-04233,CUST-JOIN-4233,2026-08-10,2037.34,WH-DETROIT
ORD-04234,CUST-JOIN-4234,2026-08-10,5301.04,WH-CHICAGO
ORD-04235,CUST-JOIN-4235,2026-08-10,6943.16,WH-CHICAGO
ORD-04236,CUST-JOIN-4236,2026-08-10,1827.32,WH-NEWYORK
ORD-04237,CUST-JOIN-4237,2026-08-10,7166.02,WH-DETROIT
ORD-04238,CUST-JOIN-4238,2026-08-10,6317.11,WH-MIAMI
ORD-04239,CUST-JOIN-4239,2026-08-10,2168.08,WH-MIAMI
ORD-04240,CUST-JOIN-4240,2026-08-10,5588.18,WH-MIAMI
ORD-04241,CUST-JOIN-4241,2026-08-11,6240.5,WH-MIAMI
ORD-04242,CUST-JOIN-4242,2026-08-11,4735.91,WH-CHICAGO
ORD-04243,CUST-JOIN-4243,2026-08-11,2438.46,WH-DETROIT
ORD-04244,CUST-JOIN-4244,2026-08-11,5169.72,WH-DETROIT
ORD-04245,CUST-JOIN-4245,2026-08-11,530.13,WH-DETROIT
ORD-04246,CUST-JOIN-4246,2026-08-11,2309.47,WH-CHICAGO
ORD-04247,CUST-JOIN-4247,2026-08-11,1898.9,WH-DETROIT
ORD-04248,CUST-JOIN-4248,2026-08-11,2768.68,WH-CHICAGO
ORD-04249,CUST-JOIN-4249,2026-08-11,6893.59,WH-MIAMI
ORD-04250,CUST-JOIN-4250,2026-08-11,7610.7,WH-NEWYORK
ORD-04251,CUST-JOIN-4251,2026-08-11,5306.48,WH-MIAMI
ORD-04252,CUST-JOIN-4252,2026-08-11,4999.99,WH-NEWYORK
ORD-04253,CUST-JOIN-4253,2026-08-11,5749.91,WH-NEWYORK
ORD-04254,CUST-JOIN-4254,2026-08-11,1106.6,WH-NEWYORK
ORD-04255,CUST-JOIN-4255,2026-08-11,463.24,WH-NEWYORK
ORD-04256,CUST-JOIN-4256,2026-08-11,439.8,WH-NEWYORK
ORD-04257,CUST-JOIN-4257,2026-08-11,991.69,WH-DETROIT
ORD-04258,CUST-JOIN-4258,2026-08-11,6966.69,WH-CHICAGO
ORD-04259,CUST-JOIN-4259,2026-08-11,3544.99,WH-CHICAGO
ORD-04260,CUST-JOIN-4260,2026-08-11,2288.13,WH-NEWYORK
ORD-04261,CUST-JOIN-4261,2026-08-11,1824.42,WH-NEWYORK
ORD-04262,CUST-JOIN-4262,2026-08-11,6773.78,WH-DETROIT
ORD-04263,CUST-JOIN-4263,2026-08-11,2559.1,WH-MIAMI
ORD-04264,CUST-JOIN-4264,2026-08-11,4933.02,WH-MIAMI
ORD-04265,CUST-JOIN-4265,2026-08-12,809.68,WH-CHICAGO
ORD-04266,CUST-JOIN-4266,2026-08-12,6014.94,WH-DETROIT
ORD-04267,CUST-JOIN-4267,2026-08-12,7007.33,WH-MIAMI
ORD-04268,CUST-JOIN-4268,2026-08-12,7117.52,WH-DETROIT
ORD-04269,CUST-JOIN-4269,2026-08-12,246.8,WH-DETROIT
ORD-04270,CUST-JOIN-4270,2026-08-12,7749.19,WH-DETROIT
ORD-04271,CUST-JOIN-4271,2026-08-12,1789.19,WH-DETROIT
ORD-04272,CUST-JOIN-4272,2026-08-12,772.31,WH-CHICAGO
ORD-04273,CUST-JOIN-4273,2026-08-12,2147.34,WH-MIAMI
ORD-04274,CUST-JOIN-4274,2026-08-12,6954.56,WH-MIAMI
ORD-04275,CUST-JOIN-4275,2026-08-12,6563.42,WH-DETROIT
ORD-04276,CUST-JOIN-4276,2026-08-12,2134.15,WH-NEWYORK
ORD-04277,CUST-JOIN-4277,2026-08-12,6167.03,WH-DETROIT
ORD-04278,CUST-JOIN-4278,2026-08-12,6721.76,WH-DETROIT
ORD-04279,CUST-JOIN-4279,2026-08-12,5167.86,WH-MIAMI
ORD-04280,CUST-JOIN-4280,2026-08-12,5286.7,WH-NEWYORK
ORD-04281,CUST-JOIN-4281,2026-08-12,4399.63,WH-NEWYORK
ORD-04282,CUST-JOIN-4282,2026-08-12,6066.47,WH-NEWYORK
ORD-04283,CUST-JOIN-4283,2026-08-12,2483.07,WH-MIAMI
ORD-04284,CUST-JOIN-4284,2026-08-12,3818.41,WH-NEWYORK
ORD-04285,CUST-JOIN-4285,2026-08-12,4498.07,WH-DETROIT
ORD-04286,CUST-JOIN-4286,2026-08-12,246.49,WH-CHICAGO
ORD-04287,CUST-JOIN-4287,2026-08-12,3561.62,WH-CHICAGO
ORD-04288,CUST-JOIN-4288,2026-08-12,3332.66,WH-DETROIT
ORD-04289,CUST-JOIN-4289,2026-08-13,7863.41,WH-MIAMI
ORD-04290,CUST-JOIN-4290,2026-08-13,4211.97,WH-CHICAGO
ORD-04291,CUST-JOIN-4291,2026-08-13,3315.09,WH-CHICAGO
ORD-04292,CUST-JOIN-4292,2026-08-13,2737.16,WH-NEWYORK
ORD-04293,CUST-JOIN-4293,2026-08-13,6240.07,WH-DETROIT
ORD-04294,CUST-JOIN-4294,2026-08-13,6757.75,WH-DETROIT
ORD-04295,CUST-JOIN-4295,2026-08-13,5870.4,WH-NEWYORK
ORD-04296,CUST-JOIN-4296,2026-08-13,2887.43,WH-NEWYORK
ORD-04297,CUST-JOIN-4297,2026-08-13,6967.58,WH-MIAMI
ORD-04298,CUST-JOIN-4298,2026-08-13,7883.84,WH-DETROIT
ORD-04299,CUST-JOIN-4299,2026-08-13,205.26,WH-MIAMI
ORD-04300,CUST-JOIN-4300,2026-08-13,849.42,WH-MIAMI
ORD-04301,CUST-JOIN-4301,2026-08-13,6186.46,WH-MIAMI
ORD-04302,CUST-JOIN-4302,2026-08-13,6055.69,WH-NEWYORK
ORD-04303,CUST-JOIN-4303,2026-08-13,881.72,WH-DETROIT
ORD-04304,CUST-JOIN-4304,2026-08-13,2580.81,WH-DETROIT
ORD-04305,CUST-JOIN-4305,2026-08-13,900.99,WH-DETROIT
ORD-04306,CUST-JOIN-4306,2026-08-13,6908.97,WH-NEWYORK
ORD-04307,CUST-JOIN-4307,2026-08-13,3075.0,WH-DETROIT
ORD-04308,CUST-JOIN-4308,2026-08-13,2025.56,WH-DETROIT
ORD-04309,CUST-JOIN-4309,2026-08-13,2382.72,WH-MIAMI
ORD-04310,CUST-JOIN-4310,2026-08-13,6890.62,WH-MIAMI
ORD-04311,CUST-JOIN-4311,2026-08-13,4502.54,WH-CHICAGO
ORD-04312,CUST-JOIN-4312,2026-08-13,5554.58,WH-MIAMI
ORD-04313,CUST-JOIN-4313,2026-08-14,2599.2,WH-DETROIT
ORD-04314,CUST-JOIN-4314,2026-08-14,7570.63,WH-CHICAGO
ORD-04315,CUST-JOIN-4315,2026-08-14,5499.54,WH-MIAMI
ORD-04316,CUST-JOIN-4316,2026-08-14,7605.87,WH-MIAMI
ORD-04317,CUST-JOIN-4317,2026-08-14,3278.33,WH-DETROIT
ORD-04318,CUST-JOIN-4318,2026-08-14,7240.29,WH-NEWYORK
ORD-04319,CUST-JOIN-4319,2026-08-14,1304.18,WH-DETROIT
ORD-04320,CUST-JOIN-4320,2026-08-14,4986.84,WH-MIAMI
ORD-04321,CUST-JOIN-4321,2026-08-14,5038.65,WH-MIAMI
ORD-04322,CUST-JOIN-4322,2026-08-14,913.07,WH-CHICAGO
ORD-04323,CUST-JOIN-4323,2026-08-14,7692.07,WH-DETROIT
ORD-04324,CUST-JOIN-4324,2026-08-14,2314.71,WH-DETROIT
ORD-04325,CUST-JOIN-4325,2026-08-14,3095.36,WH-CHICAGO
ORD-04326,CUST-JOIN-4326,2026-08-14,3159.66,WH-DETROIT
ORD-04327,CUST-JOIN-4327,2026-08-14,235.08,WH-MIAMI
ORD-04328,CUST-JOIN-4328,2026-08-14,5133.18,WH-NEWYORK
ORD-04329,CUST-JOIN-4329,2026-08-14,7549.98,WH-MIAMI
ORD-04330,CUST-JOIN-4330,2026-08-14,5017.86,WH-MIAMI
ORD-04331,CUST-JOIN-4331,2026-08-14,1808.7,WH-NEWYORK
ORD-04332,CUST-JOIN-4332,2026-08-14,7968.16,WH-NEWYORK
ORD-04333,CUST-JOIN-4333,2026-08-14,6197.2,WH-MIAMI
ORD-04334,CUST-JOIN-4334,2026-08-14,3369.77,WH-CHICAGO
ORD-04335,CUST-JOIN-4335,2026-08-14,2908.59,WH-DETROIT
ORD-04336,CUST-JOIN-4336,2026-08-14,7913.36,WH-MIAMI
ORD-04337,CUST-JOIN-4337,2026-08-15,6063.22,WH-CHICAGO
ORD-04338,CUST-JOIN-4338,2026-08-15,5292.65,WH-NEWYORK
ORD-04339,CUST-JOIN-4339,2026-08-15,1293.05,WH-MIAMI
ORD-04340,CUST-JOIN-4340,2026-08-15,7936.69,WH-NEWYORK
ORD-04341,CUST-JOIN-4341,2026-08-15,6143.72,WH-NEWYORK
ORD-04342,CUST-JOIN-4342,2026-08-15,4214.08,WH-MIAMI
ORD-04343,CUST-JOIN-4343,2026-08-15,250.09,WH-NEWYORK
ORD-04344,CUST-JOIN-4344,2026-08-15,881.16,WH-MIAMI
ORD-04345,CUST-JOIN-4345,2026-08-15,4866.73,WH-DETROIT
ORD-04346,CUST-JOIN-4346,2026-08-15,274.21,WH-NEWYORK
ORD-04347,CUST-JOIN-4347,2026-08-15,1737.03,WH-MIAMI
ORD-04348,CUST-JOIN-4348,2026-08-15,893.34,WH-CHICAGO
ORD-04349,CUST-JOIN-4349,2026-08-15,2024.22,WH-DETROIT
ORD-04350,CUST-JOIN-4350,2026-08-15,5031.92,WH-CHICAGO
ORD-04351,CUST-JOIN-4351,2026-08-15,5499.33,WH-CHICAGO
ORD-04352,CUST-JOIN-4352,2026-08-15,643.8,WH-DETROIT
ORD-04353,CUST-JOIN-4353,2026-08-15,7178.31,WH-CHICAGO
ORD-04354,CUST-JOIN-4354,2026-08-15,1714.4,WH-NEWYORK
ORD-04355,CUST-JOIN-4355,2026-08-15,6216.75,WH-MIAMI
ORD-04356,CUST-JOIN-4356,2026-08-15,5801.53,WH-NEWYORK
ORD-04357,CUST-JOIN-4357,2026-08-15,3960.12,WH-MIAMI
ORD-04358,CUST-JOIN-4358,2026-08-15,1065.33,WH-MIAMI
ORD-04359,CUST-JOIN-4359,2026-08-15,2337.92,WH-MIAMI
ORD-04360,CUST-JOIN-4360,2026-08-15,6016.77,WH-MIAMI
ORD-04361,CUST-JOIN-4361,2026-08-16,5936.69,WH-NEWYORK
ORD-04362,CUST-JOIN-4362,2026-08-16,5664.49,WH-DETROIT
ORD-04363,CUST-JOIN-4363,2026-08-16,7849.21,WH-NEWYORK
ORD-04364,CUST-JOIN-4364,2026-08-16,6261.22,WH-MIAMI
ORD-04365,CUST-JOIN-4365,2026-08-16,6316.76,WH-CHICAGO
ORD-04366,CUST-JOIN-4366,2026-08-16,5147.52,WH-MIAMI
ORD-04367,CUST-JOIN-4367,2026-08-16,1322.16,WH-CHICAGO
ORD-04368,CUST-JOIN-4368,2026-08-16,5751.94,WH-MIAMI
ORD-04369,CUST-JOIN-4369,2026-08-16,2387.86,WH-DETROIT
ORD-04370,CUST-JOIN-4370,2026-08-16,927.17,WH-CHICAGO
ORD-04371,CUST-JOIN-4371,2026-08-16,5810.39,WH-NEWYORK
ORD-04372,CUST-JOIN-4372,2026-08-16,7277.92,WH-DETROIT
ORD-04373,CUST-JOIN-4373,2026-08-16,1167.46,WH-DETROIT
ORD-04374,CUST-JOIN-4374,2026-08-16,4354.47,WH-NEWYORK
ORD-04375,CUST-JOIN-4375,2026-08-16,3933.59,WH-NEWYORK
ORD-04376,CUST-JOIN-4376,2026-08-16,3479.07,WH-DETROIT
ORD-04377,CUST-JOIN-4377,2026-08-16,3667.01,WH-DETROIT
ORD-04378,CUST-JOIN-4378,2026-08-16,7742.37,WH-NEWYORK
ORD-04379,CUST-JOIN-4379,2026-08-16,6704.7,WH-DETROIT
ORD-04380,CUST-JOIN-4380,2026-08-16,890.06,WH-DETROIT
ORD-04381,CUST-JOIN-4381,2026-08-16,7072.75,WH-DETROIT
ORD-04382,CUST-JOIN-4382,2026-08-16,6328.17,WH-DETROIT
ORD-04383,CUST-JOIN-4383,2026-08-16,3317.36,WH-MIAMI
ORD-04384,CUST-JOIN-4384,2026-08-16,1688.1,WH-CHICAGO
ORD-04385,CUST-JOIN-4385,2026-08-17,5761.11,WH-MIAMI
ORD-04386,CUST-JOIN-4386,2026-08-17,5037.17,WH-CHICAGO
ORD-04387,CUST-JOIN-4387,2026-08-17,700.81,WH-CHICAGO
ORD-04388,CUST-JOIN-4388,2026-08-17,364.08,WH-NEWYORK
ORD-04389,CUST-JOIN-4389,2026-08-17,7246.67,WH-CHICAGO
ORD-04390,CUST-JOIN-4390,2026-08-17,2265.3,WH-NEWYORK
ORD-04391,CUST-JOIN-4391,2026-08-17,2405.47,WH-CHICAGO
ORD-04392,CUST-JOIN-4392,2026-08-17,6823.0,WH-CHICAGO
ORD-04393,CUST-JOIN-4393,2026-08-17,6525.65,WH-MIAMI
ORD-04394,CUST-JOIN-4394,2026-08-17,2664.25,WH-CHICAGO
ORD-04395,CUST-JOIN-4395,2026-08-17,1145.81,WH-DETROIT
ORD-04396,CUST-JOIN-4396,2026-08-17,6670.1,WH-CHICAGO
ORD-04397,CUST-JOIN-4397,2026-08-17,5424.62,WH-CHICAGO
ORD-04398,CUST-JOIN-4398,2026-08-17,2079.09,WH-NEWYORK
ORD-04399,CUST-JOIN-4399,2026-08-17,1566.49,WH-MIAMI
ORD-04400,CUST-JOIN-4400,2026-08-17,1101.16,WH-CHICAGO
ORD-04401,CUST-JOIN-4401,2026-08-17,530.33,WH-MIAMI
ORD-04402,CUST-JOIN-4402,2026-08-17,4385.61,WH-MIAMI
ORD-04403,CUST-JOIN-4403,2026-08-17,7524.54,WH-CHICAGO
ORD-04404,CUST-JOIN-4404,2026-08-17,2189.35,WH-DETROIT
ORD-04405,CUST-JOIN-4405,2026-08-17,1639.17,WH-NEWYORK
ORD-04406,CUST-JOIN-4406,2026-08-17,1684.0,WH-DETROIT
ORD-04407,CUST-JOIN-4407,2026-08-17,6052.19,WH-CHICAGO
ORD-04408,CUST-JOIN-4408,2026-08-17,4178.51,WH-MIAMI
ORD-04409,CUST-JOIN-4409,2026-08-18,7827.64,WH-CHICAGO
ORD-04410,CUST-JOIN-4410,2026-08-18,7066.43,WH-NEWYORK
ORD-04411,CUST-JOIN-4411,2026-08-18,1195.95,WH-MIAMI
ORD-04412,CUST-JOIN-4412,2026-08-18,2556.32,WH-MIAMI
ORD-04413,CUST-JOIN-4413,2026-08-18,1948.58,WH-MIAMI
ORD-04414,CUST-JOIN-4414,2026-08-18,973.92,WH-CHICAGO
ORD-04415,CUST-JOIN-4415,2026-08-18,628.37,WH-CHICAGO
ORD-04416,CUST-JOIN-4416,2026-08-18,7143.47,WH-MIAMI
ORD-04417,CUST-JOIN-4417,2026-08-18,4564.86,WH-NEWYORK
ORD-04418,CUST-JOIN-4418,2026-08-18,6581.76,WH-CHICAGO
ORD-04419,CUST-JOIN-4419,2026-08-18,1562.27,WH-DETROIT
ORD-04420,CUST-JOIN-4420,2026-08-18,3957.75,WH-NEWYORK
ORD-04421,CUST-JOIN-4421,2026-08-18,4917.91,WH-CHICAGO
ORD-04422,CUST-JOIN-4422,2026-08-18,6897.47,WH-CHICAGO
ORD-04423,CUST-JOIN-4423,2026-08-18,1054.34,WH-DETROIT
ORD-04424,CUST-JOIN-4424,2026-08-18,3555.13,WH-CHICAGO
ORD-04425,CUST-JOIN-4425,2026-08-18,7059.39,WH-CHICAGO
ORD-04426,CUST-JOIN-4426,2026-08-18,3770.62,WH-NEWYORK
ORD-04427,CUST-JOIN-4427,2026-08-18,7762.58,WH-MIAMI
ORD-04428,CUST-JOIN-4428,2026-08-18,1072.51,WH-NEWYORK
ORD-04429,CUST-JOIN-4429,2026-08-18,6913.6,WH-NEWYORK
ORD-04430,CUST-JOIN-4430,2026-08-18,867.95,WH-DETROIT
ORD-04431,CUST-JOIN-4431,2026-08-18,4018.71,WH-CHICAGO
ORD-04432,CUST-JOIN-4432,2026-08-18,6709.96,WH-MIAMI
ORD-04433,CUST-JOIN-4433,2026-08-19,978.1,WH-DETROIT
ORD-04434,CUST-JOIN-4434,2026-08-19,5502.24,WH-MIAMI
ORD-04435,CUST-JOIN-4435,2026-08-19,4515.06,WH-CHICAGO
ORD-04436,CUST-JOIN-4436,2026-08-19,750.69,WH-NEWYORK
ORD-04437,CUST-JOIN-4437,2026-08-19,2075.32,WH-CHICAGO
ORD-04438,CUST-JOIN-4438,2026-08-19,6541.78,WH-MIAMI
ORD-04439,CUST-JOIN-4439,2026-08-19,5774.74,WH-NEWYORK
ORD-04440,CUST-JOIN-4440,2026-08-19,4447.79,WH-NEWYORK
ORD-04441,CUST-JOIN-4441,2026-08-19,7237.03,WH-CHICAGO
ORD-04442,CUST-JOIN-4442,2026-08-19,1332.08,WH-CHICAGO
ORD-04443,CUST-JOIN-4443,2026-08-19,7662.04,WH-DETROIT
ORD-04444,CUST-JOIN-4444,2026-08-19,4501.18,WH-DETROIT
ORD-04445,CUST-JOIN-4445,2026-08-19,1459.9,WH-MIAMI
ORD-04446,CUST-JOIN-4446,2026-08-19,276.99,WH-CHICAGO
ORD-04447,CUST-JOIN-4447,2026-08-19,1450.51,WH-MIAMI
ORD-04448,CUST-JOIN-4448,2026-08-19,5083.32,WH-DETROIT
ORD-04449,CUST-JOIN-4449,2026-08-19,3162.99,WH-DETROIT
ORD-04450,CUST-JOIN-4450,2026-08-19,558.63,WH-DETROIT
ORD-04451,CUST-JOIN-4451,2026-08-19,661.1,WH-MIAMI
ORD-04452,CUST-JOIN-4452,2026-08-19,4139.98,WH-NEWYORK
ORD-04453,CUST-JOIN-4453,2026-08-19,7717.52,WH-NEWYORK
ORD-04454,CUST-JOIN-4454,2026-08-19,296.4,WH-CHICAGO
ORD-04455,CUST-JOIN-4455,2026-08-19,1585.07,WH-CHICAGO
ORD-04456,CUST-JOIN-4456,2026-08-19,3263.18,WH-CHICAGO
ORD-04457,CUST-JOIN-4457,2026-08-20,1206.64,WH-CHICAGO
ORD-04458,CUST-JOIN-4458,2026-08-20,4998.63,WH-NEWYORK
ORD-04459,CUST-JOIN-4459,2026-08-20,1928.79,WH-MIAMI
ORD-04460,CUST-JOIN-4460,2026-08-20,4314.54,WH-CHICAGO
ORD-04461,CUST-JOIN-4461,2026-08-20,7946.4,WH-DETROIT
ORD-04462,CUST-JOIN-4462,2026-08-20,6680.12,WH-CHICAGO
ORD-04463,CUST-JOIN-4463,2026-08-20,1510.85,WH-NEWYORK
ORD-04464,CUST-JOIN-4464,2026-08-20,4440.21,WH-DETROIT
ORD-04465,CUST-JOIN-4465,2026-08-20,569.12,WH-NEWYORK
ORD-04466,CUST-JOIN-4466,2026-08-20,3281.61,WH-CHICAGO
ORD-04467,CUST-JOIN-4467,2026-08-20,2225.03,WH-DETROIT
ORD-04468,CUST-JOIN-4468,2026-08-20,617.64,WH-CHICAGO
ORD-04469,CUST-JOIN-4469,2026-08-20,480.88,WH-MIAMI
ORD-04470,CUST-JOIN-4470,2026-08-20,7770.42,WH-DETROIT
ORD-04471,CUST-JOIN-4471,2026-08-20,3887.96,WH-CHICAGO
ORD-04472,CUST-JOIN-4472,2026-08-20,6331.27,WH-CHICAGO
ORD-04473,CUST-JOIN-4473,2026-08-20,7461.87,WH-NEWYORK
ORD-04474,CUST-JOIN-4474,2026-08-20,5605.75,WH-DETROIT
ORD-04475,CUST-JOIN-4475,2026-08-20,3016.58,WH-CHICAGO
ORD-04476,CUST-JOIN-4476,2026-08-20,2466.75,WH-DETROIT
ORD-04477,CUST-JOIN-4477,2026-08-20,5272.65,WH-MIAMI
ORD-04478,CUST-JOIN-4478,2026-08-20,464.41,WH-NEWYORK
ORD-04479,CUST-JOIN-4479,2026-08-20,923.33,WH-DETROIT
ORD-04480,CUST-JOIN-4480,2026-08-20,1750.74,WH-MIAMI
ORD-04481,CUST-JOIN-4481,2026-08-21,7412.06,WH-DETROIT
ORD-04482,CUST-JOIN-4482,2026-08-21,5565.45,WH-DETROIT
ORD-04483,CUST-JOIN-4483,2026-08-21,5809.13,WH-CHICAGO
ORD-04484,CUST-JOIN-4484,2026-08-21,7648.94,WH-DETROIT
ORD-04485,CUST-JOIN-4485,2026-08-21,3959.65,WH-NEWYORK
ORD-04486,CUST-JOIN-4486,2026-08-21,7313.21,WH-DETROIT
ORD-04487,CUST-JOIN-4487,2026-08-21,294.96,WH-DETROIT
ORD-04488,CUST-JOIN-4488,2026-08-21,5008.47,WH-MIAMI
ORD-04489,CUST-JOIN-4489,2026-08-21,2942.25,WH-NEWYORK
ORD-04490,CUST-JOIN-4490,2026-08-21,1321.69,WH-DETROIT
ORD-04491,CUST-JOIN-4491,2026-08-21,210.52,WH-MIAMI
ORD-04492,CUST-JOIN-4492,2026-08-21,338.12,WH-NEWYORK
ORD-04493,CUST-JOIN-4493,2026-08-21,1678.47,WH-MIAMI
ORD-04494,CUST-JOIN-4494,2026-08-21,2988.14,WH-CHICAGO
ORD-04495,CUST-JOIN-4495,2026-08-21,4635.56,WH-CHICAGO
ORD-04496,CUST-JOIN-4496,2026-08-21,1325.89,WH-DETROIT
ORD-04497,CUST-JOIN-4497,2026-08-21,3995.18,WH-MIAMI
ORD-04498,CUST-JOIN-4498,2026-08-21,6111.63,WH-NEWYORK
ORD-04499,CUST-JOIN-4499,2026-08-21,6080.22,WH-CHICAGO
ORD-04500,CUST-JOIN-4500,2026-08-21,4916.85,WH-NEWYORK
ORD-04501,CUST-JOIN-4501,2026-08-21,5303.25,WH-NEWYORK
ORD-04502,CUST-JOIN-4502,2026-08-21,1988.31,WH-CHICAGO
ORD-04503,CUST-JOIN-4503,2026-08-21,7226.22,WH-NEWYORK
ORD-04504,CUST-JOIN-4504,2026-08-21,3809.72,WH-NEWYORK
ORD-04505,CUST-JOIN-4505,2026-08-22,657.75,WH-NEWYORK
ORD-04506,CUST-JOIN-4506,2026-08-22,4295.67,WH-NEWYORK
ORD-04507,CUST-JOIN-4507,2026-08-22,4615.91,WH-NEWYORK
ORD-04508,CUST-JOIN-4508,2026-08-22,7402.88,WH-DETROIT
ORD-04509,CUST-JOIN-4509,2026-08-22,2679.28,WH-CHICAGO
ORD-04510,CUST-JOIN-4510,2026-08-22,2368.32,WH-NEWYORK
ORD-04511,CUST-JOIN-4511,2026-08-22,4536.71,WH-NEWYORK
ORD-04512,CUST-JOIN-4512,2026-08-22,1437.9,WH-CHICAGO
ORD-04513,CUST-JOIN-4513,2026-08-22,4703.26,WH-NEWYORK
ORD-04514,CUST-JOIN-4514,2026-08-22,5793.98,WH-MIAMI
ORD-04515,CUST-JOIN-4515,2026-08-22,6110.85,WH-MIAMI
ORD-04516,CUST-JOIN-4516,2026-08-22,7887.39,WH-NEWYORK
ORD-04517,CUST-JOIN-4517,2026-08-22,1202.48,WH-CHICAGO
ORD-04518,CUST-JOIN-4518,2026-08-22,7262.15,WH-NEWYORK
ORD-04519,CUST-JOIN-4519,2026-08-22,482.21,WH-MIAMI
ORD-04520,CUST-JOIN-4520,2026-08-22,2176.22,WH-CHICAGO
ORD-04521,CUST-JOIN-4521,2026-08-22,437.15,WH-CHICAGO
ORD-04522,CUST-JOIN-4522,2026-08-22,7480.15,WH-MIAMI
ORD-04523,CUST-JOIN-4523,2026-08-22,1925.04,WH-MIAMI
ORD-04524,CUST-JOIN-4524,2026-08-22,5173.72,WH-DETROIT
ORD-04525,CUST-JOIN-4525,2026-08-22,4550.37,WH-NEWYORK
ORD-04526,CUST-JOIN-4526,2026-08-22,7577.21,WH-NEWYORK
ORD-04527,CUST-JOIN-4527,2026-08-22,6267.05,WH-MIAMI
ORD-04528,CUST-JOIN-4528,2026-08-22,1251.63,WH-MIAMI
ORD-04529,CUST-JOIN-4529,2026-08-23,7612.56,WH-NEWYORK
ORD-04530,CUST-JOIN-4530,2026-08-23,2749.22,WH-NEWYORK
ORD-04531,CUST-JOIN-4531,2026-08-23,3460.08,WH-DETROIT
ORD-04532,CUST-JOIN-4532,2026-08-23,4963.81,WH-DETROIT
ORD-04533,CUST-JOIN-4533,2026-08-23,709.93,WH-MIAMI
ORD-04534,CUST-JOIN-4534,2026-08-23,336.37,WH-NEWYORK
ORD-04535,CUST-JOIN-4535,2026-08-23,4175.63,WH-MIAMI
ORD-04536,CUST-JOIN-4536,2026-08-23,815.32,WH-MIAMI
ORD-04537,CUST-JOIN-4537,2026-08-23,482.55,WH-NEWYORK
ORD-04538,CUST-JOIN-4538,2026-08-23,5840.65,WH-DETROIT
ORD-04539,CUST-JOIN-4539,2026-08-23,7847.25,WH-DETROIT
ORD-04540,CUST-JOIN-4540,2026-08-23,797.77,WH-NEWYORK
ORD-04541,CUST-JOIN-4541,2026-08-23,7178.05,WH-NEWYORK
ORD-04542,CUST-JOIN-4542,2026-08-23,3532.73,WH-DETROIT
ORD-04543,CUST-JOIN-4543,2026-08-23,6465.44,WH-MIAMI
ORD-04544,CUST-JOIN-4544,2026-08-23,6240.81,WH-NEWYORK
ORD-04545,CUST-JOIN-4545,2026-08-23,7657.93,WH-CHICAGO
ORD-04546,CUST-JOIN-4546,2026-08-23,283.57,WH-DETROIT
ORD-04547,CUST-JOIN-4547,2026-08-23,6443.55,WH-DETROIT
ORD-04548,CUST-JOIN-4548,2026-08-23,3790.16,WH-NEWYORK
ORD-04549,CUST-JOIN-4549,2026-08-23,3407.45,WH-NEWYORK
ORD-04550,CUST-JOIN-4550,2026-08-23,5010.88,WH-CHICAGO
ORD-04551,CUST-JOIN-4551,2026-08-23,5331.61,WH-NEWYORK
ORD-04552,CUST-JOIN-4552,2026-08-23,4815.52,WH-CHICAGO
ORD-04553,CUST-JOIN-4553,2026-08-24,3518.03,WH-NEWYORK
ORD-04554,CUST-JOIN-4554,2026-08-24,4690.53,WH-MIAMI
ORD-04555,CUST-JOIN-4555,2026-08-24,7182.13,WH-MIAMI
ORD-04556,CUST-JOIN-4556,2026-08-24,2759.37,WH-MIAMI
ORD-04557,CUST-JOIN-4557,2026-08-24,3963.63,WH-MIAMI
ORD-04558,CUST-JOIN-4558,2026-08-24,2703.06,WH-CHICAGO
ORD-04559,CUST-JOIN-4559,2026-08-24,4893.59,WH-DETROIT
ORD-04560,CUST-JOIN-4560,2026-08-24,6023.61,WH-CHICAGO
ORD-04561,CUST-JOIN-4561,2026-08-24,7148.69,WH-CHICAGO
ORD-04562,CUST-JOIN-4562,2026-08-24,2762.23,WH-NEWYORK
ORD-04563,CUST-JOIN-4563,2026-08-24,4414.35,WH-CHICAGO
ORD-04564,CUST-JOIN-4564,2026-08-24,7740.65,WH-CHICAGO
ORD-04565,CUST-JOIN-4565,2026-08-24,2448.88,WH-MIAMI
ORD-04566,CUST-JOIN-4566,2026-08-24,7954.71,WH-MIAMI
ORD-04567,CUST-JOIN-4567,2026-08-24,5888.86,WH-DETROIT
ORD-04568,CUST-JOIN-4568,2026-08-24,1767.28,WH-MIAMI
ORD-04569,CUST-JOIN-4569,2026-08-24,1929.35,WH-DETROIT
ORD-04570,CUST-JOIN-4570,2026-08-24,572.21,WH-DETROIT
ORD-04571,CUST-JOIN-4571,2026-08-24,2678.65,WH-MIAMI
ORD-04572,CUST-JOIN-4572,2026-08-24,6754.92,WH-CHICAGO
ORD-04573,CUST-JOIN-4573,2026-08-24,6237.73,WH-NEWYORK
ORD-04574,CUST-JOIN-4574,2026-08-24,3873.46,WH-DETROIT
ORD-04575,CUST-JOIN-4575,2026-08-24,2672.88,WH-DETROIT
ORD-04576,CUST-JOIN-4576,2026-08-24,3844.02,WH-MIAMI
ORD-04577,CUST-JOIN-4577,2026-08-25,3891.39,WH-DETROIT
ORD-04578,CUST-JOIN-4578,2026-08-25,5544.45,WH-MIAMI
ORD-04579,CUST-JOIN-4579,2026-08-25,731.95,WH-CHICAGO
ORD-04580,CUST-JOIN-4580,2026-08-25,2525.35,WH-DETROIT
ORD-04581,CUST-JOIN-4581,2026-08-25,1996.5,WH-NEWYORK
ORD-04582,CUST-JOIN-4582,2026-08-25,6675.23,WH-DETROIT
ORD-04583,CUST-JOIN-4583,2026-08-25,931.66,WH-NEWYORK
ORD-04584,CUST-JOIN-4584,2026-08-25,522.06,WH-NEWYORK
ORD-04585,CUST-JOIN-4585,2026-08-25,6903.04,WH-DETROIT
ORD-04586,CUST-JOIN-4586,2026-08-25,5260.86,WH-NEWYORK
ORD-04587,CUST-JOIN-4587,2026-08-25,5553.32,WH-CHICAGO
ORD-04588,CUST-JOIN-4588,2026-08-25,2820.87,WH-MIAMI
ORD-04589,CUST-JOIN-4589,2026-08-25,5486.31,WH-DETROIT
ORD-04590,CUST-JOIN-4590,2026-08-25,4171.17,WH-CHICAGO
ORD-04591,CUST-JOIN-4591,2026-08-25,4639.19,WH-MIAMI
ORD-04592,CUST-JOIN-4592,2026-08-25,4174.46,WH-CHICAGO
ORD-04593,CUST-JOIN-4593,2026-08-25,5801.97,WH-DETROIT
ORD-04594,CUST-JOIN-4594,2026-08-25,6335.37,WH-MIAMI
ORD-04595,CUST-JOIN-4595,2026-08-25,2368.41,WH-NEWYORK
ORD-04596,CUST-JOIN-4596,2026-08-25,2803.0,WH-MIAMI
ORD-04597,CUST-JOIN-4597,2026-08-25,1436.36,WH-CHICAGO
ORD-04598,CUST-JOIN-4598,2026-08-25,4779.52,WH-DETROIT
ORD-04599,CUST-JOIN-4599,2026-08-25,2773.62,WH-DETROIT
ORD-04600,CUST-JOIN-4600,2026-08-25,6151.46,WH-NEWYORK
ORD-04601,CUST-JOIN-4601,2026-08-26,770.21,WH-CHICAGO
ORD-04602,CUST-JOIN-4602,2026-08-26,7113.39,WH-NEWYORK
ORD-04603,CUST-JOIN-4603,2026-08-26,1432.02,WH-DETROIT
ORD-04604,CUST-JOIN-4604,2026-08-26,6305.04,WH-NEWYORK
ORD-04605,CUST-JOIN-4605,2026-08-26,2163.81,WH-CHICAGO
ORD-04606,CUST-JOIN-4606,2026-08-26,951.28,WH-DETROIT
ORD-04607,CUST-JOIN-4607,2026-08-26,3557.74,WH-MIAMI
ORD-04608,CUST-JOIN-4608,2026-08-26,6846.02,WH-CHICAGO
ORD-04609,CUST-JOIN-4609,2026-08-26,748.62,WH-CHICAGO
ORD-04610,CUST-JOIN-4610,2026-08-26,2765.21,WH-NEWYORK
ORD-04611,CUST-JOIN-4611,2026-08-26,5056.87,WH-DETROIT
ORD-04612,CUST-JOIN-4612,2026-08-26,335.49,WH-MIAMI
ORD-04613,CUST-JOIN-4613,2026-08-26,7928.73,WH-CHICAGO
ORD-04614,CUST-JOIN-4614,2026-08-26,2595.78,WH-NEWYORK
ORD-04615,CUST-JOIN-4615,2026-08-26,7141.19,WH-DETROIT
ORD-04616,CUST-JOIN-4616,2026-08-26,1145.51,WH-NEWYORK
ORD-04617,CUST-JOIN-4617,2026-08-26,3110.22,WH-CHICAGO
ORD-04618,CUST-JOIN-4618,2026-08-26,7671.16,WH-MIAMI
ORD-04619,CUST-JOIN-4619,2026-08-26,6429.99,WH-NEWYORK
ORD-04620,CUST-JOIN-4620,2026-08-26,3979.24,WH-NEWYORK
ORD-04621,CUST-JOIN-4621,2026-08-26,2873.46,WH-NEWYORK
ORD-04622,CUST-JOIN-4622,2026-08-26,1759.86,WH-NEWYORK
ORD-04623,CUST-JOIN-4623,2026-08-26,5968.56,WH-DETROIT
ORD-04624,CUST-JOIN-4624,2026-08-26,5072.26,WH-MIAMI
ORD-04625,CUST-JOIN-4625,2026-08-27,4738.45,WH-CHICAGO
ORD-04626,CUST-JOIN-4626,2026-08-27,5941.71,WH-NEWYORK
ORD-04627,CUST-JOIN-4627,2026-08-27,2768.67,WH-NEWYORK
ORD-04628,CUST-JOIN-4628,2026-08-27,7895.49,WH-NEWYORK
ORD-04629,CUST-JOIN-4629,2026-08-27,3942.76,WH-CHICAGO
ORD-04630,CUST-JOIN-4630,2026-08-27,915.23,WH-MIAMI
ORD-04631,CUST-JOIN-4631,2026-08-27,7455.77,WH-NEWYORK
ORD-04632,CUST-JOIN-4632,2026-08-27,7576.59,WH-NEWYORK
ORD-04633,CUST-JOIN-4633,2026-08-27,6436.05,WH-MIAMI
ORD-04634,CUST-JOIN-4634,2026-08-27,6128.28,WH-MIAMI
ORD-04635,CUST-JOIN-4635,2026-08-27,3929.28,WH-MIAMI
ORD-04636,CUST-JOIN-4636,2026-08-27,6054.94,WH-NEWYORK
ORD-04637,CUST-JOIN-4637,2026-08-27,3078.22,WH-MIAMI
ORD-04638,CUST-JOIN-4638,2026-08-27,985.49,WH-NEWYORK
ORD-04639,CUST-JOIN-4639,2026-08-27,5312.97,WH-DETROIT
ORD-04640,CUST-JOIN-4640,2026-08-27,6741.51,WH-DETROIT
ORD-04641,CUST-JOIN-4641,2026-08-27,966.35,WH-NEWYORK
ORD-04642,CUST-JOIN-4642,2026-08-27,1629.79,WH-DETROIT
ORD-04643,CUST-JOIN-4643,2026-08-27,2181.67,WH-MIAMI
ORD-04644,CUST-JOIN-4644,2026-08-27,4178.29,WH-CHICAGO
ORD-04645,CUST-JOIN-4645,2026-08-27,4901.5,WH-NEWYORK
ORD-04646,CUST-JOIN-4646,2026-08-27,1742.66,WH-MIAMI
ORD-04647,CUST-JOIN-4647,2026-08-27,4476.05,WH-NEWYORK
ORD-04648,CUST-JOIN-4648,2026-08-27,5898.25,WH-MIAMI
ORD-04649,CUST-JOIN-4649,2026-08-28,5327.64,WH-DETROIT
ORD-04650,CUST-JOIN-4650,2026-08-28,7593.5,WH-MIAMI
ORD-04651,CUST-JOIN-4651,2026-08-28,456.21,WH-DETROIT
ORD-04652,CUST-JOIN-4652,2026-08-28,5106.28,WH-MIAMI
ORD-04653,CUST-JOIN-4653,2026-08-28,3636.28,WH-MIAMI
ORD-04654,CUST-JOIN-4654,2026-08-28,863.36,WH-CHICAGO
ORD-04655,CUST-JOIN-4655,2026-08-28,5215.78,WH-MIAMI
ORD-04656,CUST-JOIN-4656,2026-08-28,6309.94,WH-DETROIT
ORD-04657,CUST-JOIN-4657,2026-08-28,5729.87,WH-DETROIT
ORD-04658,CUST-JOIN-4658,2026-08-28,4880.69,WH-CHICAGO
ORD-04659,CUST-JOIN-4659,2026-08-28,3895.1,WH-NEWYORK
ORD-04660,CUST-JOIN-4660,2026-08-28,683.3,WH-CHICAGO
ORD-04661,CUST-JOIN-4661,2026-08-28,7280.31,WH-MIAMI
ORD-04662,CUST-JOIN-4662,2026-08-28,7702.61,WH-MIAMI
ORD-04663,CUST-JOIN-4663,2026-08-28,2526.91,WH-CHICAGO
ORD-04664,CUST-JOIN-4664,2026-08-28,1632.69,WH-MIAMI
ORD-04665,CUST-JOIN-4665,2026-08-28,7815.34,WH-DETROIT
ORD-04666,CUST-JOIN-4666,2026-08-28,4836.31,WH-NEWYORK
ORD-04667,CUST-JOIN-4667,2026-08-28,6292.59,WH-DETROIT
ORD-04668,CUST-JOIN-4668,2026-08-28,2183.13,WH-MIAMI
ORD-04669,CUST-JOIN-4669,2026-08-28,2753.46,WH-MIAMI
ORD-04670,CUST-JOIN-4670,2026-08-28,6691.16,WH-NEWYORK
ORD-04671,CUST-JOIN-4671,2026-08-28,4183.23,WH-DETROIT
ORD-04672,CUST-JOIN-4672,2026-08-28,7573.57,WH-NEWYORK
ORD-04673,CUST-JOIN-4673,2026-08-29,5269.19,WH-CHICAGO
ORD-04674,CUST-JOIN-4674,2026-08-29,5762.3,WH-CHICAGO
ORD-04675,CUST-JOIN-4675,2026-08-29,4663.05,WH-DETROIT
ORD-04676,CUST-JOIN-4676,2026-08-29,2960.76,WH-MIAMI
ORD-04677,CUST-JOIN-4677,2026-08-29,2236.5,WH-MIAMI
ORD-04678,CUST-JOIN-4678,2026-08-29,3821.68,WH-NEWYORK
ORD-04679,CUST-JOIN-4679,2026-08-29,6470.6,WH-DETROIT
ORD-04680,CUST-JOIN-4680,2026-08-29,4407.02,WH-NEWYORK
ORD-04681,CUST-JOIN-4681,2026-08-29,4093.11,WH-DETROIT
ORD-04682,CUST-JOIN-4682,2026-08-29,4129.38,WH-DETROIT
ORD-04683,CUST-JOIN-4683,2026-08-29,5845.13,WH-MIAMI
ORD-04684,CUST-JOIN-4684,2026-08-29,5898.88,WH-CHICAGO
ORD-04685,CUST-JOIN-4685,2026-08-29,1445.2,WH-CHICAGO
ORD-04686,CUST-JOIN-4686,2026-08-29,5324.59,WH-DETROIT
ORD-04687,CUST-JOIN-4687,2026-08-29,5149.78,WH-DETROIT
ORD-04688,CUST-JOIN-4688,2026-08-29,3710.04,WH-NEWYORK
ORD-04689,CUST-JOIN-4689,2026-08-29,6435.46,WH-MIAMI
ORD-04690,CUST-JOIN-4690,2026-08-29,6988.99,WH-CHICAGO
ORD-04691,CUST-JOIN-4691,2026-08-29,1458.2,WH-MIAMI
ORD-04692,CUST-JOIN-4692,2026-08-29,2129.32,WH-NEWYORK
ORD-04693,CUST-JOIN-4693,2026-08-29,1180.32,WH-MIAMI
ORD-04694,CUST-JOIN-4694,2026-08-29,5106.97,WH-DETROIT
ORD-04695,CUST-JOIN-4695,2026-08-29,4045.31,WH-CHICAGO
ORD-04696,CUST-JOIN-4696,2026-08-29,6038.14,WH-NEWYORK
ORD-04697,CUST-JOIN-4697,2026-08-30,2786.39,WH-NEWYORK
ORD-04698,CUST-JOIN-4698,2026-08-30,3546.62,WH-NEWYORK
ORD-04699,CUST-JOIN-4699,2026-08-30,7184.49,WH-MIAMI
ORD-04700,CUST-JOIN-4700,2026-08-30,4066.68,WH-NEWYORK
ORD-04701,CUST-JOIN-4701,2026-08-30,4730.61,WH-DETROIT
ORD-04702,CUST-JOIN-4702,2026-08-30,6889.51,WH-DETROIT
ORD-04703,CUST-JOIN-4703,2026-08-30,2863.96,WH-DETROIT
ORD-04704,CUST-JOIN-4704,2026-08-30,7651.27,WH-MIAMI
ORD-04705,CUST-JOIN-4705,2026-08-30,6699.08,WH-NEWYORK
ORD-04706,CUST-JOIN-4706,2026-08-30,1225.98,WH-CHICAGO
ORD-04707,CUST-JOIN-4707,2026-08-30,4885.77,WH-MIAMI
ORD-04708,CUST-JOIN-4708,2026-08-30,1225.05,WH-CHICAGO
ORD-04709,CUST-JOIN-4709,2026-08-30,4963.99,WH-MIAMI
ORD-04710,CUST-JOIN-4710,2026-08-30,6084.31,WH-NEWYORK
ORD-04711,CUST-JOIN-4711,2026-08-30,4144.04,WH-DETROIT
ORD-04712,CUST-JOIN-4712,2026-08-30,797.73,WH-NEWYORK
ORD-04713,CUST-JOIN-4713,2026-08-30,2632.01,WH-NEWYORK
ORD-04714,CUST-JOIN-4714,2026-08-30,6340.97,WH-DETROIT
ORD-04715,CUST-JOIN-4715,2026-08-30,7583.87,WH-MIAMI
ORD-04716,CUST-JOIN-4716,2026-08-30,6861.84,WH-MIAMI
ORD-04717,CUST-JOIN-4717,2026-08-30,2619.65,WH-DETROIT
ORD-04718,CUST-JOIN-4718,2026-08-30,7515.17,WH-MIAMI
ORD-04719,CUST-JOIN-4719,2026-08-30,7051.55,WH-CHICAGO
ORD-04720,CUST-JOIN-4720,2026-08-30,2430.01,WH-MIAMI
ORD-04721,CUST-JOIN-4721,2026-08-31,6599.68,WH-NEWYORK
ORD-04722,CUST-JOIN-4722,2026-08-31,3363.3,WH-MIAMI
ORD-04723,CUST-JOIN-4723,2026-08-31,5421.8,WH-MIAMI
ORD-04724,CUST-JOIN-4724,2026-08-31,748.98,WH-CHICAGO
ORD-04725,CUST-JOIN-4725,2026-08-31,2684.49,WH-NEWYORK
ORD-04726,CUST-JOIN-4726,2026-08-31,6381.48,WH-DETROIT
ORD-04727,CUST-JOIN-4727,2026-08-31,7329.73,WH-MIAMI
ORD-04728,CUST-JOIN-4728,2026-08-31,5352.68,WH-DETROIT
ORD-04729,CUST-JOIN-4729,2026-08-31,4539.74,WH-DETROIT
ORD-04730,CUST-JOIN-4730,2026-08-31,7629.48,WH-MIAMI
ORD-04731,CUST-JOIN-4731,2026-08-31,4212.07,WH-CHICAGO
ORD-04732,CUST-JOIN-4732,2026-08-31,4607.32,WH-CHICAGO
ORD-04733,CUST-JOIN-4733,2026-08-31,4641.3,WH-CHICAGO
ORD-04734,CUST-JOIN-4734,2026-08-31,4240.69,WH-MIAMI
ORD-04735,CUST-JOIN-4735,2026-08-31,778.14,WH-DETROIT
ORD-04736,CUST-JOIN-4736,2026-08-31,4418.89,WH-MIAMI
ORD-04737,CUST-JOIN-4737,2026-08-31,3806.06,WH-NEWYORK
ORD-04738,CUST-JOIN-4738,2026-08-31,7091.1,WH-DETROIT
ORD-04739,CUST-JOIN-4739,2026-08-31,4530.76,WH-CHICAGO
ORD-04740,CUST-JOIN-4740,2026-08-31,2562.66,WH-MIAMI
ORD-04741,CUST-JOIN-4741,2026-08-31,2360.07,WH-DETROIT
ORD-04742,CUST-JOIN-4742,2026-08-31,4801.62,WH-NEWYORK
ORD-04743,CUST-JOIN-4743,2026-08-31,4348.84,WH-DETROIT
ORD-04744,CUST-JOIN-4744,2026-08-31,829.2,WH-MIAMI
ORD-04745,CUST-JOIN-4745,2026-09-01,3777.94,WH-DETROIT
ORD-04746,CUST-JOIN-4746,2026-09-01,2276.41,WH-CHICAGO
ORD-04747,CUST-JOIN-4747,2026-09-01,1101.74,WH-CHICAGO
ORD-04748,CUST-JOIN-4748,2026-09-01,7608.86,WH-DETROIT
ORD-04749,CUST-JOIN-4749,2026-09-01,1672.16,WH-DETROIT
ORD-04750,CUST-JOIN-4750,2026-09-01,709.86,WH-NEWYORK
ORD-04751,CUST-JOIN-4751,2026-09-01,1266.44,WH-NEWYORK
ORD-04752,CUST-JOIN-4752,2026-09-01,2144.73,WH-DETROIT
ORD-04753,CUST-JOIN-4753,2026-09-01,7597.57,WH-CHICAGO
ORD-04754,CUST-JOIN-4754,2026-09-01,1120.22,WH-DETROIT
ORD-04755,CUST-JOIN-4755,2026-09-01,315.73,WH-DETROIT
ORD-04756,CUST-JOIN-4756,2026-09-01,4847.6,WH-CHICAGO
ORD-04757,CUST-JOIN-4757,2026-09-01,1322.92,WH-DETROIT
ORD-04758,CUST-JOIN-4758,2026-09-01,6685.02,WH-NEWYORK
ORD-04759,CUST-JOIN-4759,2026-09-01,4996.78,WH-CHICAGO
ORD-04760,CUST-JOIN-4760,2026-09-01,3256.65,WH-CHICAGO
ORD-04761,CUST-JOIN-4761,2026-09-01,890.99,WH-NEWYORK
ORD-04762,CUST-JOIN-4762,2026-09-01,3805.49,WH-NEWYORK
ORD-04763,CUST-JOIN-4763,2026-09-01,2598.24,WH-NEWYORK
ORD-04764,CUST-JOIN-4764,2026-09-01,3263.07,WH-CHICAGO
ORD-04765,CUST-JOIN-4765,2026-09-01,2577.34,WH-MIAMI
ORD-04766,CUST-JOIN-4766,2026-09-01,2183.95,WH-CHICAGO
ORD-04767,CUST-JOIN-4767,2026-09-01,361.85,WH-MIAMI
ORD-04768,CUST-JOIN-4768,2026-09-01,3245.0,WH-CHICAGO
ORD-04769,CUST-JOIN-4769,2026-09-02,7330.58,WH-CHICAGO
ORD-04770,CUST-JOIN-4770,2026-09-02,3224.97,WH-DETROIT
ORD-04771,CUST-JOIN-4771,2026-09-02,2871.38,WH-MIAMI
ORD-04772,CUST-JOIN-4772,2026-09-02,6964.15,WH-MIAMI
ORD-04773,CUST-JOIN-4773,2026-09-02,5312.04,WH-DETROIT
ORD-04774,CUST-JOIN-4774,2026-09-02,2398.33,WH-CHICAGO
ORD-04775,CUST-JOIN-4775,2026-09-02,5782.95,WH-NEWYORK
ORD-04776,CUST-JOIN-4776,2026-09-02,4437.22,WH-CHICAGO
ORD-04777,CUST-JOIN-4777,2026-09-02,1815.25,WH-MIAMI
ORD-04778,CUST-JOIN-4778,2026-09-02,3263.54,WH-NEWYORK
ORD-04779,CUST-JOIN-4779,2026-09-02,1036.75,WH-DETROIT
ORD-04780,CUST-JOIN-4780,2026-09-02,4708.46,WH-DETROIT
ORD-04781,CUST-JOIN-4781,2026-09-02,6290.09,WH-DETROIT
ORD-04782,CUST-JOIN-4782,2026-09-02,1917.87,WH-CHICAGO
ORD-04783,CUST-JOIN-4783,2026-09-02,4386.8,WH-MIAMI
ORD-04784,CUST-JOIN-4784,2026-09-02,1240.68,WH-DETROIT
ORD-04785,CUST-JOIN-4785,2026-09-02,5354.98,WH-MIAMI
ORD-04786,CUST-JOIN-4786,2026-09-02,5026.58,WH-CHICAGO
ORD-04787,CUST-JOIN-4787,2026-09-02,1870.75,WH-DETROIT
ORD-04788,CUST-JOIN-4788,2026-09-02,507.8,WH-NEWYORK
ORD-04789,CUST-JOIN-4789,2026-09-02,4218.21,WH-CHICAGO
ORD-04790,CUST-JOIN-4790,2026-09-02,4319.16,WH-CHICAGO
ORD-04791,CUST-JOIN-4791,2026-09-02,5101.74,WH-CHICAGO
ORD-04792,CUST-JOIN-4792,2026-09-02,2074.51,WH-DETROIT
ORD-04793,CUST-JOIN-4793,2026-09-03,259.29,WH-MIAMI
ORD-04794,CUST-JOIN-4794,2026-09-03,4697.79,WH-MIAMI
ORD-04795,CUST-JOIN-4795,2026-09-03,4077.89,WH-CHICAGO
ORD-04796,CUST-JOIN-4796,2026-09-03,5898.39,WH-DETROIT
ORD-04797,CUST-JOIN-4797,2026-09-03,1602.22,WH-CHICAGO
ORD-04798,CUST-JOIN-4798,2026-09-03,4048.34,WH-MIAMI
ORD-04799,CUST-JOIN-4799,2026-09-03,2258.16,WH-MIAMI
ORD-04800,CUST-JOIN-4800,2026-09-03,2815.7,WH-CHICAGO
ORD-04801,CUST-JOIN-4801,2026-09-03,5575.46,WH-NEWYORK
ORD-04802,CUST-JOIN-4802,2026-09-03,6935.05,WH-CHICAGO
ORD-04803,CUST-JOIN-4803,2026-09-03,1273.2,WH-DETROIT
ORD-04804,CUST-JOIN-4804,2026-09-03,1892.75,WH-MIAMI
ORD-04805,CUST-JOIN-4805,2026-09-03,2725.37,WH-NEWYORK
ORD-04806,CUST-JOIN-4806,2026-09-03,2929.17,WH-CHICAGO
ORD-04807,CUST-JOIN-4807,2026-09-03,2797.9,WH-MIAMI
ORD-04808,CUST-JOIN-4808,2026-09-03,3591.57,WH-DETROIT
ORD-04809,CUST-JOIN-4809,2026-09-03,2717.25,WH-DETROIT
ORD-04810,CUST-JOIN-4810,2026-09-03,3195.26,WH-DETROIT
ORD-04811,CUST-JOIN-4811,2026-09-03,2233.93,WH-DETROIT
ORD-04812,CUST-JOIN-4812,2026-09-03,5169.26,WH-MIAMI
ORD-04813,CUST-JOIN-4813,2026-09-03,6301.93,WH-DETROIT
ORD-04814,CUST-JOIN-4814,2026-09-03,5001.98,WH-NEWYORK
ORD-04815,CUST-JOIN-4815,2026-09-03,1284.54,WH-MIAMI
ORD-04816,CUST-JOIN-4816,2026-09-03,678.25,WH-NEWYORK
ORD-04817,CUST-JOIN-4817,2026-09-04,5425.84,WH-CHICAGO
ORD-04818,CUST-JOIN-4818,2026-09-04,2316.89,WH-NEWYORK
ORD-04819,CUST-JOIN-4819,2026-09-04,7390.98,WH-CHICAGO
ORD-04820,CUST-JOIN-4820,2026-09-04,2926.29,WH-NEWYORK
ORD-04821,CUST-JOIN-4821,2026-09-04,682.48,WH-DETROIT
ORD-04822,CUST-JOIN-4822,2026-09-04,1668.78,WH-DETROIT
ORD-04823,CUST-JOIN-4823,2026-09-04,1903.68,WH-CHICAGO
ORD-04824,CUST-JOIN-4824,2026-09-04,404.71,WH-NEWYORK
ORD-04825,CUST-JOIN-4825,2026-09-04,7540.09,WH-MIAMI
ORD-04826,CUST-JOIN-4826,2026-09-04,4952.4,WH-CHICAGO
ORD-04827,CUST-JOIN-4827,2026-09-04,3328.07,WH-DETROIT
ORD-04828,CUST-JOIN-4828,2026-09-04,3564.38,WH-MIAMI
ORD-04829,CUST-JOIN-4829,2026-09-04,1737.68,WH-NEWYORK
ORD-04830,CUST-JOIN-4830,2026-09-04,5566.57,WH-CHICAGO
ORD-04831,CUST-JOIN-4831,2026-09-04,202.82,WH-NEWYORK
ORD-04832,CUST-JOIN-4832,2026-09-04,675.17,WH-CHICAGO
ORD-04833,CUST-JOIN-4833,2026-09-04,818.8,WH-NEWYORK
ORD-04834,CUST-JOIN-4834,2026-09-04,3542.72,WH-DETROIT
ORD-04835,CUST-JOIN-4835,2026-09-04,5067.41,WH-DETROIT
ORD-04836,CUST-JOIN-4836,2026-09-04,7808.31,WH-NEWYORK
ORD-04837,CUST-JOIN-4837,2026-09-04,5184.67,WH-NEWYORK
ORD-04838,CUST-JOIN-4838,2026-09-04,4214.02,WH-DETROIT
ORD-04839,CUST-JOIN-4839,2026-09-04,6179.7,WH-NEWYORK
ORD-04840,CUST-JOIN-4840,2026-09-04,3451.09,WH-NEWYORK
ORD-04841,CUST-JOIN-4841,2026-09-05,7541.84,WH-NEWYORK
ORD-04842,CUST-JOIN-4842,2026-09-05,2881.99,WH-CHICAGO
ORD-04843,CUST-JOIN-4843,2026-09-05,2603.54,WH-DETROIT
ORD-04844,CUST-JOIN-4844,2026-09-05,5595.44,WH-CHICAGO
ORD-04845,CUST-JOIN-4845,2026-09-05,6967.55,WH-NEWYORK
ORD-04846,CUST-JOIN-4846,2026-09-05,2135.2,WH-MIAMI
ORD-04847,CUST-JOIN-4847,2026-09-05,7485.71,WH-DETROIT
ORD-04848,CUST-JOIN-4848,2026-09-05,4828.03,WH-NEWYORK
ORD-04849,CUST-JOIN-4849,2026-09-05,5074.18,WH-CHICAGO
ORD-04850,CUST-JOIN-4850,2026-09-05,7027.86,WH-NEWYORK
ORD-04851,CUST-JOIN-4851,2026-09-05,5936.79,WH-DETROIT
ORD-04852,CUST-JOIN-4852,2026-09-05,4419.31,WH-DETROIT
ORD-04853,CUST-JOIN-4853,2026-09-05,7791.13,WH-CHICAGO
ORD-04854,CUST-JOIN-4854,2026-09-05,4653.3,WH-NEWYORK
ORD-04855,CUST-JOIN-4855,2026-09-05,1867.76,WH-DETROIT
ORD-04856,CUST-JOIN-4856,2026-09-05,5313.78,WH-DETROIT
ORD-04857,CUST-JOIN-4857,2026-09-05,7401.73,WH-NEWYORK
ORD-04858,CUST-JOIN-4858,2026-09-05,3415.19,WH-NEWYORK
ORD-04859,CUST-JOIN-4859,2026-09-05,7707.18,WH-NEWYORK
ORD-04860,CUST-JOIN-4860,2026-09-05,599.49,WH-NEWYORK
ORD-04861,CUST-JOIN-4861,2026-09-05,6159.9,WH-MIAMI
ORD-04862,CUST-JOIN-4862,2026-09-05,3721.6,WH-CHICAGO
ORD-04863,CUST-JOIN-4863,2026-09-05,249.48,WH-DETROIT
ORD-04864,CUST-JOIN-4864,2026-09-05,4638.55,WH-DETROIT
ORD-04865,CUST-JOIN-4865,2026-09-06,7973.95,WH-CHICAGO
ORD-04866,CUST-JOIN-4866,2026-09-06,2941.73,WH-NEWYORK
ORD-04867,CUST-JOIN-4867,2026-09-06,4350.29,WH-NEWYORK
ORD-04868,CUST-JOIN-4868,2026-09-06,4954.05,WH-CHICAGO
ORD-04869,CUST-JOIN-4869,2026-09-06,5626.64,WH-CHICAGO
ORD-04870,CUST-JOIN-4870,2026-09-06,6028.33,WH-DETROIT
ORD-04871,CUST-JOIN-4871,2026-09-06,6282.07,WH-CHICAGO
ORD-04872,CUST-JOIN-4872,2026-09-06,7353.77,WH-DETROIT
ORD-04873,CUST-JOIN-4873,2026-09-06,7994.03,WH-DETROIT
ORD-04874,CUST-JOIN-4874,2026-09-06,3015.57,WH-NEWYORK
ORD-04875,CUST-JOIN-4875,2026-09-06,3790.64,WH-MIAMI
ORD-04876,CUST-JOIN-4876,2026-09-06,1459.22,WH-CHICAGO
ORD-04877,CUST-JOIN-4877,2026-09-06,7274.83,WH-NEWYORK
ORD-04878,CUST-JOIN-4878,2026-09-06,3672.25,WH-NEWYORK
ORD-04879,CUST-JOIN-4879,2026-09-06,1475.53,WH-MIAMI
ORD-04880,CUST-JOIN-4880,2026-09-06,1958.25,WH-CHICAGO
ORD-04881,CUST-JOIN-4881,2026-09-06,2926.78,WH-CHICAGO
ORD-04882,CUST-JOIN-4882,2026-09-06,4264.3,WH-DETROIT
ORD-04883,CUST-JOIN-4883,2026-09-06,5849.3,WH-CHICAGO
ORD-04884,CUST-JOIN-4884,2026-09-06,403.42,WH-DETROIT
ORD-04885,CUST-JOIN-4885,2026-09-06,3996.89,WH-CHICAGO
ORD-04886,CUST-JOIN-4886,2026-09-06,340.41,WH-CHICAGO
ORD-04887,CUST-JOIN-4887,2026-09-06,6260.55,WH-DETROIT
ORD-04888,CUST-JOIN-4888,2026-09-06,2917.03,WH-CHICAGO
ORD-04889,CUST-JOIN-4889,2026-09-07,402.6,WH-MIAMI
ORD-04890,CUST-JOIN-4890,2026-09-07,1110.13,WH-MIAMI
ORD-04891,CUST-JOIN-4891,2026-09-07,6729.35,WH-DETROIT
ORD-04892,CUST-JOIN-4892,2026-09-07,7227.93,WH-MIAMI
ORD-04893,CUST-JOIN-4893,2026-09-07,461.64,WH-MIAMI
ORD-04894,CUST-JOIN-4894,2026-09-07,902.65,WH-CHICAGO
ORD-04895,CUST-JOIN-4895,2026-09-07,3069.4,WH-MIAMI
ORD-04896,CUST-JOIN-4896,2026-09-07,7950.98,WH-MIAMI
ORD-04897,CUST-JOIN-4897,2026-09-07,3785.15,WH-DETROIT
ORD-04898,CUST-JOIN-4898,2026-09-07,7735.92,WH-MIAMI
ORD-04899,CUST-JOIN-4899,2026-09-07,6329.36,WH-DETROIT
ORD-04900,CUST-JOIN-4900,2026-09-07,3899.96,WH-DETROIT
ORD-04901,CUST-JOIN-4901,2026-09-07,7858.37,WH-CHICAGO
ORD-04902,CUST-JOIN-4902,2026-09-07,3603.68,WH-CHICAGO
ORD-04903,CUST-JOIN-4903,2026-09-07,2655.4,WH-MIAMI
ORD-04904,CUST-JOIN-4904,2026-09-07,264.6,WH-MIAMI
ORD-04905,CUST-JOIN-4905,2026-09-07,3400.48,WH-DETROIT
ORD-04906,CUST-JOIN-4906,2026-09-07,5637.79,WH-CHICAGO
ORD-04907,CUST-JOIN-4907,2026-09-07,861.91,WH-NEWYORK
ORD-04908,CUST-JOIN-4908,2026-09-07,7619.09,WH-DETROIT
ORD-04909,CUST-JOIN-4909,2026-09-07,5588.34,WH-CHICAGO
ORD-04910,CUST-JOIN-4910,2026-09-07,3774.0,WH-DETROIT
ORD-04911,CUST-JOIN-4911,2026-09-07,7979.47,WH-CHICAGO
ORD-04912,CUST-JOIN-4912,2026-09-07,2199.47,WH-CHICAGO
ORD-04913,CUST-JOIN-4913,2026-09-08,948.96,WH-MIAMI
ORD-04914,CUST-JOIN-4914,2026-09-08,1436.09,WH-CHICAGO
ORD-04915,CUST-JOIN-4915,2026-09-08,1687.3,WH-MIAMI
ORD-04916,CUST-JOIN-4916,2026-09-08,1568.22,WH-NEWYORK
ORD-04917,CUST-JOIN-4917,2026-09-08,1411.75,WH-CHICAGO
ORD-04918,CUST-JOIN-4918,2026-09-08,7313.31,WH-MIAMI
ORD-04919,CUST-JOIN-4919,2026-09-08,7162.52,WH-NEWYORK
ORD-04920,CUST-JOIN-4920,2026-09-08,2499.06,WH-CHICAGO
ORD-04921,CUST-JOIN-4921,2026-09-08,7872.05,WH-CHICAGO
ORD-04922,CUST-JOIN-4922,2026-09-08,3320.11,WH-NEWYORK
ORD-04923,CUST-JOIN-4923,2026-09-08,6548.93,WH-CHICAGO
ORD-04924,CUST-JOIN-4924,2026-09-08,765.41,WH-MIAMI
ORD-04925,CUST-JOIN-4925,2026-09-08,965.01,WH-DETROIT
ORD-04926,CUST-JOIN-4926,2026-09-08,6273.48,WH-CHICAGO
ORD-04927,CUST-JOIN-4927,2026-09-08,2692.77,WH-MIAMI
ORD-04928,CUST-JOIN-4928,2026-09-08,1266.16,WH-CHICAGO
ORD-04929,CUST-JOIN-4929,2026-09-08,7319.5,WH-CHICAGO
ORD-04930,CUST-JOIN-4930,2026-09-08,1466.57,WH-MIAMI
ORD-04931,CUST-JOIN-4931,2026-09-08,1426.88,WH-CHICAGO
ORD-04932,CUST-JOIN-4932,2026-09-08,3780.51,WH-NEWYORK
ORD-04933,CUST-JOIN-4933,2026-09-08,4207.72,WH-DETROIT
ORD-04934,CUST-JOIN-4934,2026-09-08,3488.42,WH-NEWYORK
ORD-04935,CUST-JOIN-4935,2026-09-08,7817.9,WH-NEWYORK
ORD-04936,CUST-JOIN-4936,2026-09-08,2964.62,WH-CHICAGO
ORD-04937,CUST-JOIN-4937,2026-09-09,6242.41,WH-NEWYORK
ORD-04938,CUST-JOIN-4938,2026-09-09,3259.07,WH-DETROIT
ORD-04939,CUST-JOIN-4939,2026-09-09,5013.51,WH-NEWYORK
ORD-04940,CUST-JOIN-4940,2026-09-09,797.58,WH-DETROIT
ORD-04941,CUST-JOIN-4941,2026-09-09,7183.01,WH-MIAMI
ORD-04942,CUST-JOIN-4942,2026-09-09,1758.5,WH-MIAMI
ORD-04943,CUST-JOIN-4943,2026-09-09,4059.39,WH-MIAMI
ORD-04944,CUST-JOIN-4944,2026-09-09,7046.62,WH-NEWYORK
ORD-04945,CUST-JOIN-4945,2026-09-09,1839.64,WH-DETROIT
ORD-04946,CUST-JOIN-4946,2026-09-09,1849.94,WH-NEWYORK
ORD-04947,CUST-JOIN-4947,2026-09-09,5332.4,WH-MIAMI
ORD-04948,CUST-JOIN-4948,2026-09-09,7680.86,WH-NEWYORK
ORD-04949,CUST-JOIN-4949,2026-09-09,7752.52,WH-NEWYORK
ORD-04950,CUST-JOIN-4950,2026-09-09,6984.05,WH-NEWYORK
ORD-04951,CUST-JOIN-4951,2026-09-09,3583.27,WH-DETROIT
ORD-04952,CUST-JOIN-4952,2026-09-09,6780.01,WH-DETROIT
ORD-04953,CUST-JOIN-4953,2026-09-09,3146.42,WH-NEWYORK
ORD-04954,CUST-JOIN-4954,2026-09-09,7263.03,WH-NEWYORK
ORD-04955,CUST-JOIN-4955,2026-09-09,762.06,WH-CHICAGO
ORD-04956,CUST-JOIN-4956,2026-09-09,1817.28,WH-NEWYORK
ORD-04957,CUST-JOIN-4957,2026-09-09,6237.28,WH-NEWYORK
ORD-04958,CUST-JOIN-4958,2026-09-09,995.91,WH-MIAMI
ORD-04959,CUST-JOIN-4959,2026-09-09,389.26,WH-MIAMI
ORD-04960,CUST-JOIN-4960,2026-09-09,4134.69,WH-CHICAGO
ORD-04961,CUST-JOIN-4961,2026-09-10,928.46,WH-MIAMI
ORD-04962,CUST-JOIN-4962,2026-09-10,4206.88,WH-MIAMI
ORD-04963,CUST-JOIN-4963,2026-09-10,3802.68,WH-MIAMI
ORD-04964,CUST-JOIN-4964,2026-09-10,593.58,WH-NEWYORK
ORD-04965,CUST-JOIN-4965,2026-09-10,645.19,WH-MIAMI
ORD-04966,CUST-JOIN-4966,2026-09-10,5786.54,WH-CHICAGO
ORD-04967,CUST-JOIN-4967,2026-09-10,4654.55,WH-NEWYORK
ORD-04968,CUST-JOIN-4968,2026-09-10,3447.28,WH-CHICAGO
ORD-04969,CUST-JOIN-4969,2026-09-10,961.61,WH-DETROIT
ORD-04970,CUST-JOIN-4970,2026-09-10,4525.44,WH-DETROIT
ORD-04971,CUST-JOIN-4971,2026-09-10,6887.49,WH-CHICAGO
ORD-04972,CUST-JOIN-4972,2026-09-10,1368.09,WH-NEWYORK
ORD-04973,CUST-JOIN-4973,2026-09-10,2725.93,WH-NEWYORK
ORD-04974,CUST-JOIN-4974,2026-09-10,2880.59,WH-NEWYORK
ORD-04975,CUST-JOIN-4975,2026-09-10,856.55,WH-NEWYORK
ORD-04976,CUST-JOIN-4976,2026-09-10,6225.65,WH-DETROIT
ORD-04977,CUST-JOIN-4977,2026-09-10,1470.35,WH-NEWYORK
ORD-04978,CUST-JOIN-4978,2026-09-10,7862.02,WH-NEWYORK
ORD-04979,CUST-JOIN-4979,2026-09-10,5119.9,WH-NEWYORK
ORD-04980,CUST-JOIN-4980,2026-09-10,1184.67,WH-DETROIT
ORD-04981,CUST-JOIN-4981,2026-09-10,4057.67,WH-CHICAGO
ORD-04982,CUST-JOIN-4982,2026-09-10,2522.81,WH-NEWYORK
ORD-04983,CUST-JOIN-4983,2026-09-10,3224.58,WH-NEWYORK
ORD-04984,CUST-JOIN-4984,2026-09-10,7283.08,WH-MIAMI
ORD-04985,CUST-JOIN-4985,2026-09-11,7075.66,WH-MIAMI
ORD-04986,CUST-JOIN-4986,2026-09-11,902.45,WH-CHICAGO
ORD-04987,CUST-JOIN-4987,2026-09-11,7932.52,WH-DETROIT
ORD-04988,CUST-JOIN-4988,2026-09-11,4762.74,WH-CHICAGO
ORD-04989,CUST-JOIN-4989,2026-09-11,3474.5,WH-DETROIT
ORD-04990,CUST-JOIN-4990,2026-09-11,939.69,WH-NEWYORK
ORD-04991,CUST-JOIN-4991,2026-09-11,3661.3,WH-DETROIT
ORD-04992,CUST-JOIN-4992,2026-09-11,1806.6,WH-NEWYORK
ORD-04993,CUST-JOIN-4993,2026-09-11,3910.25,WH-CHICAGO
ORD-04994,CUST-JOIN-4994,2026-09-11,4912.82,WH-MIAMI
ORD-04995,CUST-JOIN-4995,2026-09-11,5277.93,WH-DETROIT
ORD-04996,CUST-JOIN-4996,2026-09-11,7910.48,WH-MIAMI
ORD-04997,CUST-JOIN-4997,2026-09-11,4200.67,WH-NEWYORK
ORD-04998,CUST-JOIN-4998,2026-09-11,5391.96,WH-NEWYORK
ORD-04999,CUST-JOIN-4999,2026-09-11,2677.38,WH-DETROIT
ORD-05000,CUST-JOIN-5000,2026-09-11,5998.03,WH-NEWYORK
ORD-05001,CUST-JOIN-5001,2026-08-01,3450.85,WH-CHICAGO
ORD-05002,CUST-JOIN-5002,2026-08-01,7717.85,WH-NEWYORK
ORD-05003,CUST-JOIN-5003,2026-08-01,1286.44,WH-DETROIT
ORD-05004,CUST-JOIN-5004,2026-08-01,3671.99,WH-CHICAGO
ORD-05005,CUST-JOIN-5005,2026-08-01,5795.5,WH-NEWYORK
ORD-05006,CUST-JOIN-5006,2026-08-01,278.49,WH-DETROIT
ORD-05007,CUST-JOIN-5007,2026-08-01,6219.43,WH-DETROIT
ORD-05008,CUST-JOIN-5008,2026-08-01,4758.7,WH-CHICAGO
ORD-05009,CUST-JOIN-5009,2026-08-01,6231.65,WH-DETROIT
ORD-05010,CUST-JOIN-5010,2026-08-01,1153.86,WH-CHICAGO
ORD-05011,CUST-JOIN-5011,2026-08-01,5846.28,WH-MIAMI
ORD-05012,CUST-JOIN-5012,2026-08-01,5807.65,WH-CHICAGO
ORD-05013,CUST-JOIN-5013,2026-08-01,5819.14,WH-MIAMI
ORD-05014,CUST-JOIN-5014,2026-08-01,2803.41,WH-NEWYORK
ORD-05015,CUST-JOIN-5015,2026-08-01,2975.97,WH-MIAMI
ORD-05016,CUST-JOIN-5016,2026-08-01,2419.86,WH-NEWYORK
ORD-05017,CUST-JOIN-5017,2026-08-01,3665.33,WH-CHICAGO
ORD-05018,CUST-JOIN-5018,2026-08-01,1837.81,WH-DETROIT
ORD-05019,CUST-JOIN-5019,2026-08-01,1508.15,WH-MIAMI
ORD-05020,CUST-JOIN-5020,2026-08-01,2359.51,WH-NEWYORK
ORD-05021,CUST-JOIN-5021,2026-08-01,5148.6,WH-NEWYORK
ORD-05022,CUST-JOIN-5022,2026-08-01,6917.52,WH-DETROIT
ORD-05023,CUST-JOIN-5023,2026-08-01,6317.15,WH-CHICAGO
ORD-05024,CUST-JOIN-5024,2026-08-01,706.08,WH-DETROIT
ORD-05025,CUST-JOIN-5025,2026-08-02,2980.4,WH-NEWYORK
ORD-05026,CUST-JOIN-5026,2026-08-02,6466.95,WH-NEWYORK
ORD-05027,CUST-JOIN-5027,2026-08-02,1208.22,WH-CHICAGO
ORD-05028,CUST-JOIN-5028,2026-08-02,1975.24,WH-NEWYORK
ORD-05029,CUST-JOIN-5029,2026-08-02,952.53,WH-NEWYORK
ORD-05030,CUST-JOIN-5030,2026-08-02,6378.07,WH-MIAMI
ORD-05031,CUST-JOIN-5031,2026-08-02,319.49,WH-DETROIT
ORD-05032,CUST-JOIN-5032,2026-08-02,7180.0,WH-NEWYORK
ORD-05033,CUST-JOIN-5033,2026-08-02,1504.39,WH-DETROIT
ORD-05034,CUST-JOIN-5034,2026-08-02,3385.5,WH-CHICAGO
ORD-05035,CUST-JOIN-5035,2026-08-02,2874.78,WH-CHICAGO
ORD-05036,CUST-JOIN-5036,2026-08-02,1117.81,WH-DETROIT
ORD-05037,CUST-JOIN-5037,2026-08-02,6576.73,WH-NEWYORK
ORD-05038,CUST-JOIN-5038,2026-08-02,7759.17,WH-MIAMI
ORD-05039,CUST-JOIN-5039,2026-08-02,6065.59,WH-MIAMI
ORD-05040,CUST-JOIN-5040,2026-08-02,7728.27,WH-DETROIT
ORD-05041,CUST-JOIN-5041,2026-08-02,4380.28,WH-DETROIT
ORD-05042,CUST-JOIN-5042,2026-08-02,6461.0,WH-DETROIT
ORD-05043,CUST-JOIN-5043,2026-08-02,3825.48,WH-DETROIT
ORD-05044,CUST-JOIN-5044,2026-08-02,5256.25,WH-CHICAGO
ORD-05045,CUST-JOIN-5045,2026-08-02,4331.83,WH-CHICAGO
ORD-05046,CUST-JOIN-5046,2026-08-02,4831.9,WH-CHICAGO
ORD-05047,CUST-JOIN-5047,2026-08-02,3669.21,WH-CHICAGO
ORD-05048,CUST-JOIN-5048,2026-08-02,6619.58,WH-CHICAGO
ORD-05049,CUST-JOIN-5049,2026-08-03,5270.65,WH-CHICAGO
ORD-05050,CUST-JOIN-5050,2026-08-03,3887.81,WH-MIAMI
ORD-05051,CUST-JOIN-5051,2026-08-03,7158.09,WH-MIAMI
ORD-05052,CUST-JOIN-5052,2026-08-03,2155.24,WH-DETROIT
ORD-05053,CUST-JOIN-5053,2026-08-03,2253.7,WH-NEWYORK
ORD-05054,CUST-JOIN-5054,2026-08-03,7963.15,WH-NEWYORK
ORD-05055,CUST-JOIN-5055,2026-08-03,6712.49,WH-DETROIT
ORD-05056,CUST-JOIN-5056,2026-08-03,5887.23,WH-NEWYORK
ORD-05057,CUST-JOIN-5057,2026-08-03,4435.32,WH-NEWYORK
ORD-05058,CUST-JOIN-5058,2026-08-03,7648.97,WH-MIAMI
ORD-05059,CUST-JOIN-5059,2026-08-03,6295.78,WH-DETROIT
ORD-05060,CUST-JOIN-5060,2026-08-03,4550.11,WH-NEWYORK
ORD-05061,CUST-JOIN-5061,2026-08-03,1784.43,WH-DETROIT
ORD-05062,CUST-JOIN-5062,2026-08-03,6303.3,WH-CHICAGO
ORD-05063,CUST-JOIN-5063,2026-08-03,3194.63,WH-MIAMI
ORD-05064,CUST-JOIN-5064,2026-08-03,3968.72,WH-DETROIT
ORD-05065,CUST-JOIN-5065,2026-08-03,1892.61,WH-NEWYORK
ORD-05066,CUST-JOIN-5066,2026-08-03,381.34,WH-DETROIT
ORD-05067,CUST-JOIN-5067,2026-08-03,5869.31,WH-DETROIT
ORD-05068,CUST-JOIN-5068,2026-08-03,4434.91,WH-MIAMI
ORD-05069,CUST-JOIN-5069,2026-08-03,5134.27,WH-DETROIT
ORD-05070,CUST-JOIN-5070,2026-08-03,3924.13,WH-DETROIT
ORD-05071,CUST-JOIN-5071,2026-08-03,1143.52,WH-MIAMI
ORD-05072,CUST-JOIN-5072,2026-08-03,426.81,WH-DETROIT
ORD-05073,CUST-JOIN-5073,2026-08-04,7882.47,WH-DETROIT
ORD-05074,CUST-JOIN-5074,2026-08-04,2117.64,WH-NEWYORK
ORD-05075,CUST-JOIN-5075,2026-08-04,4559.04,WH-CHICAGO
ORD-05076,CUST-JOIN-5076,2026-08-04,3717.3,WH-NEWYORK
ORD-05077,CUST-JOIN-5077,2026-08-04,6888.39,WH-DETROIT
ORD-05078,CUST-JOIN-5078,2026-08-04,512.2,WH-NEWYORK
ORD-05079,CUST-JOIN-5079,2026-08-04,2774.07,WH-DETROIT
ORD-05080,CUST-JOIN-5080,2026-08-04,6491.4,WH-NEWYORK
ORD-05081,CUST-JOIN-5081,2026-08-04,5964.64,WH-CHICAGO
ORD-05082,CUST-JOIN-5082,2026-08-04,4982.64,WH-CHICAGO
ORD-05083,CUST-JOIN-5083,2026-08-04,5240.69,WH-CHICAGO
ORD-05084,CUST-JOIN-5084,2026-08-04,1775.93,WH-CHICAGO
ORD-05085,CUST-JOIN-5085,2026-08-04,1145.68,WH-NEWYORK
ORD-05086,CUST-JOIN-5086,2026-08-04,1257.02,WH-NEWYORK
ORD-05087,CUST-JOIN-5087,2026-08-04,640.55,WH-MIAMI
ORD-05088,CUST-JOIN-5088,2026-08-04,4447.88,WH-CHICAGO
ORD-05089,CUST-JOIN-5089,2026-08-04,4480.53,WH-MIAMI
ORD-05090,CUST-JOIN-5090,2026-08-04,4716.91,WH-DETROIT
ORD-05091,CUST-JOIN-5091,2026-08-04,3746.81,WH-DETROIT
ORD-05092,CUST-JOIN-5092,2026-08-04,929.75,WH-DETROIT
ORD-05093,CUST-JOIN-5093,2026-08-04,1726.82,WH-NEWYORK
ORD-05094,CUST-JOIN-5094,2026-08-04,6227.63,WH-DETROIT
ORD-05095,CUST-JOIN-5095,2026-08-04,1140.73,WH-CHICAGO
ORD-05096,CUST-JOIN-5096,2026-08-04,2657.51,WH-CHICAGO
ORD-05097,CUST-JOIN-5097,2026-08-05,5341.39,WH-NEWYORK
ORD-05098,CUST-JOIN-5098,2026-08-05,7916.42,WH-CHICAGO
ORD-05099,CUST-JOIN-5099,2026-08-05,6741.77,WH-NEWYORK
ORD-05100,CUST-JOIN-5100,2026-08-05,2534.35,WH-DETROIT
ORD-05101,CUST-JOIN-5101,2026-08-05,2428.86,WH-DETROIT
ORD-05102,CUST-JOIN-5102,2026-08-05,5223.04,WH-NEWYORK
ORD-05103,CUST-JOIN-5103,2026-08-05,7522.45,WH-NEWYORK
ORD-05104,CUST-JOIN-5104,2026-08-05,5319.38,WH-MIAMI
ORD-05105,CUST-JOIN-5105,2026-08-05,5055.75,WH-NEWYORK
ORD-05106,CUST-JOIN-5106,2026-08-05,4766.4,WH-CHICAGO
ORD-05107,CUST-JOIN-5107,2026-08-05,5230.09,WH-MIAMI
ORD-05108,CUST-JOIN-5108,2026-08-05,453.15,WH-CHICAGO
ORD-05109,CUST-JOIN-5109,2026-08-05,2546.74,WH-NEWYORK
ORD-05110,CUST-JOIN-5110,2026-08-05,2626.75,WH-NEWYORK
ORD-05111,CUST-JOIN-5111,2026-08-05,1101.69,WH-CHICAGO
ORD-05112,CUST-JOIN-5112,2026-08-05,4139.03,WH-CHICAGO
ORD-05113,CUST-JOIN-5113,2026-08-05,2434.3,WH-MIAMI
ORD-05114,CUST-JOIN-5114,2026-08-05,3489.51,WH-MIAMI
ORD-05115,CUST-JOIN-5115,2026-08-05,3836.56,WH-DETROIT
ORD-05116,CUST-JOIN-5116,2026-08-05,4916.92,WH-NEWYORK
ORD-05117,CUST-JOIN-5117,2026-08-05,2418.7,WH-MIAMI
ORD-05118,CUST-JOIN-5118,2026-08-05,424.94,WH-DETROIT
ORD-05119,CUST-JOIN-5119,2026-08-05,3994.08,WH-NEWYORK
ORD-05120,CUST-JOIN-5120,2026-08-05,2875.99,WH-MIAMI
ORD-05121,CUST-JOIN-5121,2026-08-06,4768.17,WH-MIAMI
ORD-05122,CUST-JOIN-5122,2026-08-06,6696.46,WH-CHICAGO
ORD-05123,CUST-JOIN-5123,2026-08-06,4583.99,WH-MIAMI
ORD-05124,CUST-JOIN-5124,2026-08-06,5634.14,WH-CHICAGO
ORD-05125,CUST-JOIN-5125,2026-08-06,6834.39,WH-NEWYORK
ORD-05126,CUST-JOIN-5126,2026-08-06,5144.93,WH-DETROIT
ORD-05127,CUST-JOIN-5127,2026-08-06,7205.37,WH-MIAMI
ORD-05128,CUST-JOIN-5128,2026-08-06,7919.04,WH-DETROIT
ORD-05129,CUST-JOIN-5129,2026-08-06,719.64,WH-CHICAGO
ORD-05130,CUST-JOIN-5130,2026-08-06,1669.09,WH-DETROIT
ORD-05131,CUST-JOIN-5131,2026-08-06,4709.68,WH-NEWYORK
ORD-05132,CUST-JOIN-5132,2026-08-06,3174.1,WH-CHICAGO
ORD-05133,CUST-JOIN-5133,2026-08-06,5319.71,WH-MIAMI
ORD-05134,CUST-JOIN-5134,2026-08-06,4647.32,WH-NEWYORK
ORD-05135,CUST-JOIN-5135,2026-08-06,4744.54,WH-DETROIT
ORD-05136,CUST-JOIN-5136,2026-08-06,601.15,WH-MIAMI
ORD-05137,CUST-JOIN-5137,2026-08-06,5199.76,WH-DETROIT
ORD-05138,CUST-JOIN-5138,2026-08-06,3059.01,WH-MIAMI
ORD-05139,CUST-JOIN-5139,2026-08-06,6599.74,WH-CHICAGO
ORD-05140,CUST-JOIN-5140,2026-08-06,6056.01,WH-DETROIT
ORD-05141,CUST-JOIN-5141,2026-08-06,5898.57,WH-DETROIT
ORD-05142,CUST-JOIN-5142,2026-08-06,7126.72,WH-DETROIT
ORD-05143,CUST-JOIN-5143,2026-08-06,4861.83,WH-NEWYORK
ORD-05144,CUST-JOIN-5144,2026-08-06,5474.62,WH-CHICAGO
ORD-05145,CUST-JOIN-5145,2026-08-07,3295.17,WH-NEWYORK
ORD-05146,CUST-JOIN-5146,2026-08-07,4466.98,WH-NEWYORK
ORD-05147,CUST-JOIN-5147,2026-08-07,4020.65,WH-CHICAGO
ORD-05148,CUST-JOIN-5148,2026-08-07,7676.0,WH-CHICAGO
ORD-05149,CUST-JOIN-5149,2026-08-07,2498.48,WH-CHICAGO
ORD-05150,CUST-JOIN-5150,2026-08-07,905.57,WH-NEWYORK
ORD-05151,CUST-JOIN-5151,2026-08-07,4029.08,WH-DETROIT
ORD-05152,CUST-JOIN-5152,2026-08-07,1423.42,WH-DETROIT
ORD-05153,CUST-JOIN-5153,2026-08-07,5544.77,WH-MIAMI
ORD-05154,CUST-JOIN-5154,2026-08-07,4396.57,WH-DETROIT
ORD-05155,CUST-JOIN-5155,2026-08-07,5536.25,WH-NEWYORK
ORD-05156,CUST-JOIN-5156,2026-08-07,3011.39,WH-DETROIT
ORD-05157,CUST-JOIN-5157,2026-08-07,2177.37,WH-MIAMI
ORD-05158,CUST-JOIN-5158,2026-08-07,4792.2,WH-CHICAGO
ORD-05159,CUST-JOIN-5159,2026-08-07,5579.33,WH-DETROIT
ORD-05160,CUST-JOIN-5160,2026-08-07,1017.02,WH-DETROIT
ORD-05161,CUST-JOIN-5161,2026-08-07,6069.52,WH-DETROIT
ORD-05162,CUST-JOIN-5162,2026-08-07,7706.86,WH-NEWYORK
ORD-05163,CUST-JOIN-5163,2026-08-07,6538.21,WH-CHICAGO
ORD-05164,CUST-JOIN-5164,2026-08-07,6770.16,WH-MIAMI
ORD-05165,CUST-JOIN-5165,2026-08-07,7810.81,WH-CHICAGO
ORD-05166,CUST-JOIN-5166,2026-08-07,4452.59,WH-DETROIT
ORD-05167,CUST-JOIN-5167,2026-08-07,1710.27,WH-MIAMI
ORD-05168,CUST-JOIN-5168,2026-08-07,5652.36,WH-MIAMI
ORD-05169,CUST-JOIN-5169,2026-08-08,6244.95,WH-DETROIT
ORD-05170,CUST-JOIN-5170,2026-08-08,7533.66,WH-NEWYORK
ORD-05171,CUST-JOIN-5171,2026-08-08,6384.08,WH-CHICAGO
ORD-05172,CUST-JOIN-5172,2026-08-08,2337.81,WH-CHICAGO
ORD-05173,CUST-JOIN-5173,2026-08-08,7843.19,WH-MIAMI
ORD-05174,CUST-JOIN-5174,2026-08-08,6461.76,WH-DETROIT
ORD-05175,CUST-JOIN-5175,2026-08-08,5550.27,WH-CHICAGO
ORD-05176,CUST-JOIN-5176,2026-08-08,2912.57,WH-CHICAGO
ORD-05177,CUST-JOIN-5177,2026-08-08,6953.68,WH-DETROIT
ORD-05178,CUST-JOIN-5178,2026-08-08,3535.49,WH-DETROIT
ORD-05179,CUST-JOIN-5179,2026-08-08,6209.48,WH-MIAMI
ORD-05180,CUST-JOIN-5180,2026-08-08,4279.79,WH-DETROIT
ORD-05181,CUST-JOIN-5181,2026-08-08,5594.85,WH-NEWYORK
ORD-05182,CUST-JOIN-5182,2026-08-08,3952.57,WH-NEWYORK
ORD-05183,CUST-JOIN-5183,2026-08-08,4176.38,WH-MIAMI
ORD-05184,CUST-JOIN-5184,2026-08-08,1088.05,WH-DETROIT
ORD-05185,CUST-JOIN-5185,2026-08-08,7762.56,WH-CHICAGO
ORD-05186,CUST-JOIN-5186,2026-08-08,6812.14,WH-DETROIT
ORD-05187,CUST-JOIN-5187,2026-08-08,203.38,WH-NEWYORK
ORD-05188,CUST-JOIN-5188,2026-08-08,1063.04,WH-CHICAGO
ORD-05189,CUST-JOIN-5189,2026-08-08,6423.34,WH-NEWYORK
ORD-05190,CUST-JOIN-5190,2026-08-08,7052.09,WH-CHICAGO
ORD-05191,CUST-JOIN-5191,2026-08-08,1578.12,WH-MIAMI
ORD-05192,CUST-JOIN-5192,2026-08-08,6110.2,WH-MIAMI
ORD-05193,CUST-JOIN-5193,2026-08-09,720.52,WH-DETROIT
ORD-05194,CUST-JOIN-5194,2026-08-09,1629.71,WH-CHICAGO
ORD-05195,CUST-JOIN-5195,2026-08-09,2870.08,WH-CHICAGO
ORD-05196,CUST-JOIN-5196,2026-08-09,4161.34,WH-CHICAGO
ORD-05197,CUST-JOIN-5197,2026-08-09,5177.26,WH-NEWYORK
ORD-05198,CUST-JOIN-5198,2026-08-09,7873.62,WH-CHICAGO
ORD-05199,CUST-JOIN-5199,2026-08-09,3006.02,WH-NEWYORK
ORD-05200,CUST-JOIN-5200,2026-08-09,5956.68,WH-NEWYORK
ORD-05201,CUST-JOIN-5201,2026-08-09,5927.69,WH-CHICAGO
ORD-05202,CUST-JOIN-5202,2026-08-09,3781.54,WH-DETROIT
ORD-05203,CUST-JOIN-5203,2026-08-09,7243.01,WH-MIAMI
ORD-05204,CUST-JOIN-5204,2026-08-09,3162.08,WH-MIAMI
ORD-05205,CUST-JOIN-5205,2026-08-09,7906.84,WH-NEWYORK
ORD-05206,CUST-JOIN-5206,2026-08-09,6114.24,WH-DETROIT
ORD-05207,CUST-JOIN-5207,2026-08-09,5335.25,WH-CHICAGO
ORD-05208,CUST-JOIN-5208,2026-08-09,1428.93,WH-CHICAGO
ORD-05209,CUST-JOIN-5209,2026-08-09,5320.02,WH-MIAMI
ORD-05210,CUST-JOIN-5210,2026-08-09,5138.28,WH-CHICAGO
ORD-05211,CUST-JOIN-5211,2026-08-09,1308.69,WH-MIAMI
ORD-05212,CUST-JOIN-5212,2026-08-09,4500.41,WH-CHICAGO
ORD-05213,CUST-JOIN-5213,2026-08-09,2605.94,WH-MIAMI
ORD-05214,CUST-JOIN-5214,2026-08-09,3828.19,WH-CHICAGO
ORD-05215,CUST-JOIN-5215,2026-08-09,1789.43,WH-DETROIT
ORD-05216,CUST-JOIN-5216,2026-08-09,3261.07,WH-MIAMI
ORD-05217,CUST-JOIN-5217,2026-08-10,605.53,WH-CHICAGO
ORD-05218,CUST-JOIN-5218,2026-08-10,5539.69,WH-NEWYORK
ORD-05219,CUST-JOIN-5219,2026-08-10,3533.54,WH-DETROIT
ORD-05220,CUST-JOIN-5220,2026-08-10,6490.89,WH-DETROIT
ORD-05221,CUST-JOIN-5221,2026-08-10,4804.14,WH-MIAMI
ORD-05222,CUST-JOIN-5222,2026-08-10,1877.07,WH-DETROIT
ORD-05223,CUST-JOIN-5223,2026-08-10,1250.18,WH-DETROIT
ORD-05224,CUST-JOIN-5224,2026-08-10,4790.27,WH-NEWYORK
ORD-05225,CUST-JOIN-5225,2026-08-10,3289.78,WH-CHICAGO
ORD-05226,CUST-JOIN-5226,2026-08-10,627.02,WH-CHICAGO
ORD-05227,CUST-JOIN-5227,2026-08-10,7649.09,WH-NEWYORK
ORD-05228,CUST-JOIN-5228,2026-08-10,2829.78,WH-NEWYORK
ORD-05229,CUST-JOIN-5229,2026-08-10,7236.75,WH-NEWYORK
ORD-05230,CUST-JOIN-5230,2026-08-10,3118.3,WH-CHICAGO
ORD-05231,CUST-JOIN-5231,2026-08-10,6976.79,WH-NEWYORK
ORD-05232,CUST-JOIN-5232,2026-08-10,1950.12,WH-CHICAGO
ORD-05233,CUST-JOIN-5233,2026-08-10,7806.48,WH-CHICAGO
ORD-05234,CUST-JOIN-5234,2026-08-10,6811.14,WH-CHICAGO
ORD-05235,CUST-JOIN-5235,2026-08-10,6620.98,WH-CHICAGO
ORD-05236,CUST-JOIN-5236,2026-08-10,3643.08,WH-CHICAGO
ORD-05237,CUST-JOIN-5237,2026-08-10,4172.31,WH-NEWYORK
ORD-05238,CUST-JOIN-5238,2026-08-10,2195.01,WH-CHICAGO
ORD-05239,CUST-JOIN-5239,2026-08-10,657.17,WH-DETROIT
ORD-05240,CUST-JOIN-5240,2026-08-10,677.63,WH-NEWYORK
ORD-05241,CUST-JOIN-5241,2026-08-11,2955.69,WH-NEWYORK
ORD-05242,CUST-JOIN-5242,2026-08-11,4817.27,WH-DETROIT
ORD-05243,CUST-JOIN-5243,2026-08-11,1410.72,WH-NEWYORK
ORD-05244,CUST-JOIN-5244,2026-08-11,7724.34,WH-NEWYORK
ORD-05245,CUST-JOIN-5245,2026-08-11,5257.67,WH-DETROIT
ORD-05246,CUST-JOIN-5246,2026-08-11,4612.07,WH-NEWYORK
ORD-05247,CUST-JOIN-5247,2026-08-11,5215.96,WH-MIAMI
ORD-05248,CUST-JOIN-5248,2026-08-11,3833.7,WH-MIAMI
ORD-05249,CUST-JOIN-5249,2026-08-11,5108.23,WH-MIAMI
ORD-05250,CUST-JOIN-5250,2026-08-11,7567.92,WH-CHICAGO
ORD-05251,CUST-JOIN-5251,2026-08-11,1281.75,WH-NEWYORK
ORD-05252,CUST-JOIN-5252,2026-08-11,2706.31,WH-DETROIT
ORD-05253,CUST-JOIN-5253,2026-08-11,2332.05,WH-MIAMI
ORD-05254,CUST-JOIN-5254,2026-08-11,7749.82,WH-CHICAGO
ORD-05255,CUST-JOIN-5255,2026-08-11,2359.99,WH-NEWYORK
ORD-05256,CUST-JOIN-5256,2026-08-11,7029.88,WH-DETROIT
ORD-05257,CUST-JOIN-5257,2026-08-11,910.65,WH-CHICAGO
ORD-05258,CUST-JOIN-5258,2026-08-11,3330.65,WH-MIAMI
ORD-05259,CUST-JOIN-5259,2026-08-11,1972.17,WH-DETROIT
ORD-05260,CUST-JOIN-5260,2026-08-11,1816.82,WH-NEWYORK
ORD-05261,CUST-JOIN-5261,2026-08-11,2014.33,WH-CHICAGO
ORD-05262,CUST-JOIN-5262,2026-08-11,6512.45,WH-NEWYORK
ORD-05263,CUST-JOIN-5263,2026-08-11,1055.64,WH-CHICAGO
ORD-05264,CUST-JOIN-5264,2026-08-11,5606.03,WH-MIAMI
ORD-05265,CUST-JOIN-5265,2026-08-12,5208.16,WH-NEWYORK
ORD-05266,CUST-JOIN-5266,2026-08-12,394.87,WH-MIAMI
ORD-05267,CUST-JOIN-5267,2026-08-12,1687.29,WH-CHICAGO
ORD-05268,CUST-JOIN-5268,2026-08-12,2928.87,WH-MIAMI
ORD-05269,CUST-JOIN-5269,2026-08-12,7725.06,WH-CHICAGO
ORD-05270,CUST-JOIN-5270,2026-08-12,5469.15,WH-NEWYORK
ORD-05271,CUST-JOIN-5271,2026-08-12,3251.52,WH-NEWYORK
ORD-05272,CUST-JOIN-5272,2026-08-12,2400.03,WH-NEWYORK
ORD-05273,CUST-JOIN-5273,2026-08-12,2681.18,WH-NEWYORK
ORD-05274,CUST-JOIN-5274,2026-08-12,3918.24,WH-DETROIT
ORD-05275,CUST-JOIN-5275,2026-08-12,2620.54,WH-NEWYORK
ORD-05276,CUST-JOIN-5276,2026-08-12,225.48,WH-CHICAGO
ORD-05277,CUST-JOIN-5277,2026-08-12,1379.27,WH-CHICAGO
ORD-05278,CUST-JOIN-5278,2026-08-12,4827.95,WH-MIAMI
ORD-05279,CUST-JOIN-5279,2026-08-12,1386.32,WH-MIAMI
ORD-05280,CUST-JOIN-5280,2026-08-12,3763.51,WH-NEWYORK
ORD-05281,CUST-JOIN-5281,2026-08-12,6266.31,WH-MIAMI
ORD-05282,CUST-JOIN-5282,2026-08-12,6553.72,WH-DETROIT
ORD-05283,CUST-JOIN-5283,2026-08-12,573.57,WH-MIAMI
ORD-05284,CUST-JOIN-5284,2026-08-12,1596.41,WH-MIAMI
ORD-05285,CUST-JOIN-5285,2026-08-12,7624.14,WH-CHICAGO
ORD-05286,CUST-JOIN-5286,2026-08-12,1946.7,WH-MIAMI
ORD-05287,CUST-JOIN-5287,2026-08-12,4498.68,WH-NEWYORK
ORD-05288,CUST-JOIN-5288,2026-08-12,4213.4,WH-CHICAGO
ORD-05289,CUST-JOIN-5289,2026-08-13,6856.63,WH-NEWYORK
ORD-05290,CUST-JOIN-5290,2026-08-13,4582.8,WH-NEWYORK
ORD-05291,CUST-JOIN-5291,2026-08-13,5796.67,WH-NEWYORK
ORD-05292,CUST-JOIN-5292,2026-08-13,1950.28,WH-DETROIT
ORD-05293,CUST-JOIN-5293,2026-08-13,1186.36,WH-CHICAGO
ORD-05294,CUST-JOIN-5294,2026-08-13,5523.36,WH-MIAMI
ORD-05295,CUST-JOIN-5295,2026-08-13,1349.32,WH-MIAMI
ORD-05296,CUST-JOIN-5296,2026-08-13,5351.19,WH-MIAMI
ORD-05297,CUST-JOIN-5297,2026-08-13,2785.84,WH-NEWYORK
ORD-05298,CUST-JOIN-5298,2026-08-13,7114.15,WH-DETROIT
ORD-05299,CUST-JOIN-5299,2026-08-13,5978.42,WH-CHICAGO
ORD-05300,CUST-JOIN-5300,2026-08-13,6320.57,WH-MIAMI
ORD-05301,CUST-JOIN-5301,2026-08-13,6796.94,WH-DETROIT
ORD-05302,CUST-JOIN-5302,2026-08-13,3082.58,WH-CHICAGO
ORD-05303,CUST-JOIN-5303,2026-08-13,3518.77,WH-NEWYORK
ORD-05304,CUST-JOIN-5304,2026-08-13,7481.76,WH-CHICAGO
ORD-05305,CUST-JOIN-5305,2026-08-13,5926.24,WH-NEWYORK
ORD-05306,CUST-JOIN-5306,2026-08-13,2095.38,WH-NEWYORK
ORD-05307,CUST-JOIN-5307,2026-08-13,1955.83,WH-CHICAGO
ORD-05308,CUST-JOIN-5308,2026-08-13,3038.83,WH-DETROIT
ORD-05309,CUST-JOIN-5309,2026-08-13,7776.63,WH-CHICAGO
ORD-05310,CUST-JOIN-5310,2026-08-13,3992.84,WH-MIAMI
ORD-05311,CUST-JOIN-5311,2026-08-13,5024.86,WH-CHICAGO
ORD-05312,CUST-JOIN-5312,2026-08-13,1484.81,WH-DETROIT
ORD-05313,CUST-JOIN-5313,2026-08-14,2885.53,WH-MIAMI
ORD-05314,CUST-JOIN-5314,2026-08-14,5226.44,WH-DETROIT
ORD-05315,CUST-JOIN-5315,2026-08-14,952.83,WH-MIAMI
ORD-05316,CUST-JOIN-5316,2026-08-14,355.64,WH-CHICAGO
ORD-05317,CUST-JOIN-5317,2026-08-14,2679.56,WH-NEWYORK
ORD-05318,CUST-JOIN-5318,2026-08-14,2796.89,WH-DETROIT
ORD-05319,CUST-JOIN-5319,2026-08-14,4241.93,WH-DETROIT
ORD-05320,CUST-JOIN-5320,2026-08-14,4954.17,WH-NEWYORK
ORD-05321,CUST-JOIN-5321,2026-08-14,5163.92,WH-NEWYORK
ORD-05322,CUST-JOIN-5322,2026-08-14,5711.15,WH-NEWYORK
ORD-05323,CUST-JOIN-5323,2026-08-14,6409.9,WH-NEWYORK
ORD-05324,CUST-JOIN-5324,2026-08-14,1996.81,WH-CHICAGO
ORD-05325,CUST-JOIN-5325,2026-08-14,3703.22,WH-MIAMI
ORD-05326,CUST-JOIN-5326,2026-08-14,4097.18,WH-CHICAGO
ORD-05327,CUST-JOIN-5327,2026-08-14,1835.96,WH-CHICAGO
ORD-05328,CUST-JOIN-5328,2026-08-14,1341.69,WH-CHICAGO
ORD-05329,CUST-JOIN-5329,2026-08-14,5047.64,WH-NEWYORK
ORD-05330,CUST-JOIN-5330,2026-08-14,7803.07,WH-DETROIT
ORD-05331,CUST-JOIN-5331,2026-08-14,3823.46,WH-DETROIT
ORD-05332,CUST-JOIN-5332,2026-08-14,5397.61,WH-MIAMI
ORD-05333,CUST-JOIN-5333,2026-08-14,4035.8,WH-MIAMI
ORD-05334,CUST-JOIN-5334,2026-08-14,4432.67,WH-CHICAGO
ORD-05335,CUST-JOIN-5335,2026-08-14,3150.19,WH-MIAMI
ORD-05336,CUST-JOIN-5336,2026-08-14,6972.86,WH-NEWYORK
ORD-05337,CUST-JOIN-5337,2026-08-15,7565.49,WH-DETROIT
ORD-05338,CUST-JOIN-5338,2026-08-15,1449.78,WH-DETROIT
ORD-05339,CUST-JOIN-5339,2026-08-15,2219.02,WH-CHICAGO
ORD-05340,CUST-JOIN-5340,2026-08-15,4629.82,WH-NEWYORK
ORD-05341,CUST-JOIN-5341,2026-08-15,1164.84,WH-DETROIT
ORD-05342,CUST-JOIN-5342,2026-08-15,6410.65,WH-DETROIT
ORD-05343,CUST-JOIN-5343,2026-08-15,6651.01,WH-MIAMI
ORD-05344,CUST-JOIN-5344,2026-08-15,5911.74,WH-NEWYORK
ORD-05345,CUST-JOIN-5345,2026-08-15,1008.87,WH-NEWYORK
ORD-05346,CUST-JOIN-5346,2026-08-15,6825.12,WH-MIAMI
ORD-05347,CUST-JOIN-5347,2026-08-15,1007.57,WH-NEWYORK
ORD-05348,CUST-JOIN-5348,2026-08-15,2115.12,WH-CHICAGO
ORD-05349,CUST-JOIN-5349,2026-08-15,1118.45,WH-NEWYORK
ORD-05350,CUST-JOIN-5350,2026-08-15,3812.3,WH-DETROIT
ORD-05351,CUST-JOIN-5351,2026-08-15,3500.58,WH-NEWYORK
ORD-05352,CUST-JOIN-5352,2026-08-15,1070.94,WH-NEWYORK
ORD-05353,CUST-JOIN-5353,2026-08-15,2229.07,WH-NEWYORK
ORD-05354,CUST-JOIN-5354,2026-08-15,4783.24,WH-DETROIT
ORD-05355,CUST-JOIN-5355,2026-08-15,1563.36,WH-MIAMI
ORD-05356,CUST-JOIN-5356,2026-08-15,637.0,WH-CHICAGO
ORD-05357,CUST-JOIN-5357,2026-08-15,4078.08,WH-DETROIT
ORD-05358,CUST-JOIN-5358,2026-08-15,7000.68,WH-CHICAGO
ORD-05359,CUST-JOIN-5359,2026-08-15,3880.33,WH-DETROIT
ORD-05360,CUST-JOIN-5360,2026-08-15,7888.17,WH-MIAMI
ORD-05361,CUST-JOIN-5361,2026-08-16,4660.73,WH-MIAMI
ORD-05362,CUST-JOIN-5362,2026-08-16,5539.34,WH-NEWYORK
ORD-05363,CUST-JOIN-5363,2026-08-16,7837.4,WH-DETROIT
ORD-05364,CUST-JOIN-5364,2026-08-16,4228.21,WH-NEWYORK
ORD-05365,CUST-JOIN-5365,2026-08-16,3183.72,WH-MIAMI
ORD-05366,CUST-JOIN-5366,2026-08-16,6187.65,WH-CHICAGO
ORD-05367,CUST-JOIN-5367,2026-08-16,6757.11,WH-NEWYORK
ORD-05368,CUST-JOIN-5368,2026-08-16,7500.86,WH-MIAMI
ORD-05369,CUST-JOIN-5369,2026-08-16,1613.53,WH-MIAMI
ORD-05370,CUST-JOIN-5370,2026-08-16,804.97,WH-MIAMI
ORD-05371,CUST-JOIN-5371,2026-08-16,7230.41,WH-MIAMI
ORD-05372,CUST-JOIN-5372,2026-08-16,2925.75,WH-DETROIT
ORD-05373,CUST-JOIN-5373,2026-08-16,4102.93,WH-NEWYORK
ORD-05374,CUST-JOIN-5374,2026-08-16,594.98,WH-CHICAGO
ORD-05375,CUST-JOIN-5375,2026-08-16,4187.7,WH-NEWYORK
ORD-05376,CUST-JOIN-5376,2026-08-16,2400.95,WH-MIAMI
ORD-05377,CUST-JOIN-5377,2026-08-16,2062.04,WH-CHICAGO
ORD-05378,CUST-JOIN-5378,2026-08-16,7786.95,WH-NEWYORK
ORD-05379,CUST-JOIN-5379,2026-08-16,6343.6,WH-MIAMI
ORD-05380,CUST-JOIN-5380,2026-08-16,5958.42,WH-CHICAGO
ORD-05381,CUST-JOIN-5381,2026-08-16,1479.3,WH-DETROIT
ORD-05382,CUST-JOIN-5382,2026-08-16,506.52,WH-DETROIT
ORD-05383,CUST-JOIN-5383,2026-08-16,4801.35,WH-NEWYORK
ORD-05384,CUST-JOIN-5384,2026-08-16,6783.65,WH-NEWYORK
ORD-05385,CUST-JOIN-5385,2026-08-17,230.7,WH-MIAMI
ORD-05386,CUST-JOIN-5386,2026-08-17,6978.52,WH-DETROIT
ORD-05387,CUST-JOIN-5387,2026-08-17,3824.91,WH-MIAMI
ORD-05388,CUST-JOIN-5388,2026-08-17,5200.89,WH-MIAMI
ORD-05389,CUST-JOIN-5389,2026-08-17,323.33,WH-MIAMI
ORD-05390,CUST-JOIN-5390,2026-08-17,6716.93,WH-CHICAGO
ORD-05391,CUST-JOIN-5391,2026-08-17,5615.5,WH-MIAMI
ORD-05392,CUST-JOIN-5392,2026-08-17,2564.45,WH-NEWYORK
ORD-05393,CUST-JOIN-5393,2026-08-17,7470.68,WH-NEWYORK
ORD-05394,CUST-JOIN-5394,2026-08-17,7857.13,WH-NEWYORK
ORD-05395,CUST-JOIN-5395,2026-08-17,2721.01,WH-NEWYORK
ORD-05396,CUST-JOIN-5396,2026-08-17,2063.17,WH-NEWYORK
ORD-05397,CUST-JOIN-5397,2026-08-17,385.15,WH-DETROIT
ORD-05398,CUST-JOIN-5398,2026-08-17,444.68,WH-MIAMI
ORD-05399,CUST-JOIN-5399,2026-08-17,2043.22,WH-NEWYORK
ORD-05400,CUST-JOIN-5400,2026-08-17,2013.64,WH-CHICAGO
ORD-05401,CUST-JOIN-5401,2026-08-17,1869.55,WH-CHICAGO
ORD-05402,CUST-JOIN-5402,2026-08-17,6337.66,WH-MIAMI
ORD-05403,CUST-JOIN-5403,2026-08-17,2420.85,WH-NEWYORK
ORD-05404,CUST-JOIN-5404,2026-08-17,4814.83,WH-MIAMI
ORD-05405,CUST-JOIN-5405,2026-08-17,2789.62,WH-NEWYORK
ORD-05406,CUST-JOIN-5406,2026-08-17,712.67,WH-CHICAGO
ORD-05407,CUST-JOIN-5407,2026-08-17,5872.64,WH-CHICAGO
ORD-05408,CUST-JOIN-5408,2026-08-17,340.58,WH-DETROIT
ORD-05409,CUST-JOIN-5409,2026-08-18,6937.93,WH-NEWYORK
ORD-05410,CUST-JOIN-5410,2026-08-18,556.03,WH-CHICAGO
ORD-05411,CUST-JOIN-5411,2026-08-18,3913.57,WH-MIAMI
ORD-05412,CUST-JOIN-5412,2026-08-18,763.82,WH-NEWYORK
ORD-05413,CUST-JOIN-5413,2026-08-18,4520.05,WH-MIAMI
ORD-05414,CUST-JOIN-5414,2026-08-18,2514.92,WH-NEWYORK
ORD-05415,CUST-JOIN-5415,2026-08-18,5018.12,WH-DETROIT
ORD-05416,CUST-JOIN-5416,2026-08-18,6761.06,WH-MIAMI
ORD-05417,CUST-JOIN-5417,2026-08-18,5768.91,WH-MIAMI
ORD-05418,CUST-JOIN-5418,2026-08-18,1088.87,WH-NEWYORK
ORD-05419,CUST-JOIN-5419,2026-08-18,6335.35,WH-DETROIT
ORD-05420,CUST-JOIN-5420,2026-08-18,6909.64,WH-NEWYORK
ORD-05421,CUST-JOIN-5421,2026-08-18,3357.44,WH-NEWYORK
ORD-05422,CUST-JOIN-5422,2026-08-18,1362.55,WH-CHICAGO
ORD-05423,CUST-JOIN-5423,2026-08-18,2913.95,WH-MIAMI
ORD-05424,CUST-JOIN-5424,2026-08-18,3697.98,WH-CHICAGO
ORD-05425,CUST-JOIN-5425,2026-08-18,5293.13,WH-DETROIT
ORD-05426,CUST-JOIN-5426,2026-08-18,4050.73,WH-MIAMI
ORD-05427,CUST-JOIN-5427,2026-08-18,836.06,WH-DETROIT
ORD-05428,CUST-JOIN-5428,2026-08-18,6887.09,WH-DETROIT
ORD-05429,CUST-JOIN-5429,2026-08-18,1973.67,WH-MIAMI
ORD-05430,CUST-JOIN-5430,2026-08-18,1313.53,WH-MIAMI
ORD-05431,CUST-JOIN-5431,2026-08-18,4654.03,WH-MIAMI
ORD-05432,CUST-JOIN-5432,2026-08-18,4410.84,WH-CHICAGO
ORD-05433,CUST-JOIN-5433,2026-08-19,4353.5,WH-CHICAGO
ORD-05434,CUST-JOIN-5434,2026-08-19,2108.26,WH-NEWYORK
ORD-05435,CUST-JOIN-5435,2026-08-19,3997.7,WH-DETROIT
ORD-05436,CUST-JOIN-5436,2026-08-19,4043.79,WH-MIAMI
ORD-05437,CUST-JOIN-5437,2026-08-19,1099.18,WH-NEWYORK
ORD-05438,CUST-JOIN-5438,2026-08-19,7211.03,WH-DETROIT
ORD-05439,CUST-JOIN-5439,2026-08-19,2889.59,WH-DETROIT
ORD-05440,CUST-JOIN-5440,2026-08-19,5274.95,WH-MIAMI
ORD-05441,CUST-JOIN-5441,2026-08-19,4863.61,WH-CHICAGO
ORD-05442,CUST-JOIN-5442,2026-08-19,4458.12,WH-MIAMI
ORD-05443,CUST-JOIN-5443,2026-08-19,1757.22,WH-MIAMI
ORD-05444,CUST-JOIN-5444,2026-08-19,517.82,WH-MIAMI
ORD-05445,CUST-JOIN-5445,2026-08-19,5964.63,WH-CHICAGO
ORD-05446,CUST-JOIN-5446,2026-08-19,345.59,WH-DETROIT
ORD-05447,CUST-JOIN-5447,2026-08-19,7554.69,WH-NEWYORK
ORD-05448,CUST-JOIN-5448,2026-08-19,1343.76,WH-CHICAGO
ORD-05449,CUST-JOIN-5449,2026-08-19,6962.43,WH-DETROIT
ORD-05450,CUST-JOIN-5450,2026-08-19,5412.66,WH-NEWYORK
ORD-05451,CUST-JOIN-5451,2026-08-19,4922.9,WH-NEWYORK
ORD-05452,CUST-JOIN-5452,2026-08-19,7902.52,WH-CHICAGO
ORD-05453,CUST-JOIN-5453,2026-08-19,4587.76,WH-CHICAGO
ORD-05454,CUST-JOIN-5454,2026-08-19,5495.65,WH-MIAMI
ORD-05455,CUST-JOIN-5455,2026-08-19,1425.78,WH-MIAMI
ORD-05456,CUST-JOIN-5456,2026-08-19,5418.88,WH-NEWYORK
ORD-05457,CUST-JOIN-5457,2026-08-20,5589.51,WH-MIAMI
ORD-05458,CUST-JOIN-5458,2026-08-20,3825.13,WH-CHICAGO
ORD-05459,CUST-JOIN-5459,2026-08-20,7864.34,WH-CHICAGO
ORD-05460,CUST-JOIN-5460,2026-08-20,5224.11,WH-DETROIT
ORD-05461,CUST-JOIN-5461,2026-08-20,3190.12,WH-DETROIT
ORD-05462,CUST-JOIN-5462,2026-08-20,7810.65,WH-CHICAGO
ORD-05463,CUST-JOIN-5463,2026-08-20,3710.14,WH-MIAMI
ORD-05464,CUST-JOIN-5464,2026-08-20,7792.73,WH-MIAMI
ORD-05465,CUST-JOIN-5465,2026-08-20,493.91,WH-DETROIT
ORD-05466,CUST-JOIN-5466,2026-08-20,1257.57,WH-MIAMI
ORD-05467,CUST-JOIN-5467,2026-08-20,446.47,WH-MIAMI
ORD-05468,CUST-JOIN-5468,2026-08-20,7957.7,WH-MIAMI
ORD-05469,CUST-JOIN-5469,2026-08-20,3322.11,WH-MIAMI
ORD-05470,CUST-JOIN-5470,2026-08-20,3340.0,WH-DETROIT
ORD-05471,CUST-JOIN-5471,2026-08-20,4969.34,WH-MIAMI
ORD-05472,CUST-JOIN-5472,2026-08-20,7134.42,WH-NEWYORK
ORD-05473,CUST-JOIN-5473,2026-08-20,6317.67,WH-DETROIT
ORD-05474,CUST-JOIN-5474,2026-08-20,1315.53,WH-CHICAGO
ORD-05475,CUST-JOIN-5475,2026-08-20,908.52,WH-CHICAGO
ORD-05476,CUST-JOIN-5476,2026-08-20,6714.21,WH-NEWYORK
ORD-05477,CUST-JOIN-5477,2026-08-20,2370.17,WH-MIAMI
ORD-05478,CUST-JOIN-5478,2026-08-20,4092.72,WH-CHICAGO
ORD-05479,CUST-JOIN-5479,2026-08-20,5184.33,WH-CHICAGO
ORD-05480,CUST-JOIN-5480,2026-08-20,6940.05,WH-MIAMI
ORD-05481,CUST-JOIN-5481,2026-08-21,1930.33,WH-MIAMI
ORD-05482,CUST-JOIN-5482,2026-08-21,5725.75,WH-CHICAGO
ORD-05483,CUST-JOIN-5483,2026-08-21,5070.91,WH-DETROIT
ORD-05484,CUST-JOIN-5484,2026-08-21,5104.8,WH-MIAMI
ORD-05485,CUST-JOIN-5485,2026-08-21,1344.15,WH-NEWYORK
ORD-05486,CUST-JOIN-5486,2026-08-21,3381.07,WH-NEWYORK
ORD-05487,CUST-JOIN-5487,2026-08-21,6423.71,WH-CHICAGO
ORD-05488,CUST-JOIN-5488,2026-08-21,3429.33,WH-DETROIT
ORD-05489,CUST-JOIN-5489,2026-08-21,5360.65,WH-NEWYORK
ORD-05490,CUST-JOIN-5490,2026-08-21,6917.63,WH-CHICAGO
ORD-05491,CUST-JOIN-5491,2026-08-21,6971.35,WH-NEWYORK
ORD-05492,CUST-JOIN-5492,2026-08-21,5232.21,WH-CHICAGO
ORD-05493,CUST-JOIN-5493,2026-08-21,5740.65,WH-CHICAGO
ORD-05494,CUST-JOIN-5494,2026-08-21,862.33,WH-DETROIT
ORD-05495,CUST-JOIN-5495,2026-08-21,6136.99,WH-DETROIT
ORD-05496,CUST-JOIN-5496,2026-08-21,5644.19,WH-MIAMI
ORD-05497,CUST-JOIN-5497,2026-08-21,3579.76,WH-NEWYORK
ORD-05498,CUST-JOIN-5498,2026-08-21,597.78,WH-DETROIT
ORD-05499,CUST-JOIN-5499,2026-08-21,6186.02,WH-CHICAGO
ORD-05500,CUST-JOIN-5500,2026-08-21,7253.31,WH-MIAMI
ORD-05501,CUST-JOIN-5501,2026-08-21,3968.7,WH-NEWYORK
ORD-05502,CUST-JOIN-5502,2026-08-21,448.27,WH-MIAMI
ORD-05503,CUST-JOIN-5503,2026-08-21,6172.36,WH-CHICAGO
ORD-05504,CUST-JOIN-5504,2026-08-21,3102.89,WH-NEWYORK
ORD-05505,CUST-JOIN-5505,2026-08-22,1604.95,WH-DETROIT
ORD-05506,CUST-JOIN-5506,2026-08-22,2551.69,WH-CHICAGO
ORD-05507,CUST-JOIN-5507,2026-08-22,1424.24,WH-DETROIT
ORD-05508,CUST-JOIN-5508,2026-08-22,5516.51,WH-CHICAGO
ORD-05509,CUST-JOIN-5509,2026-08-22,2353.65,WH-NEWYORK
ORD-05510,CUST-JOIN-5510,2026-08-22,404.82,WH-NEWYORK
ORD-05511,CUST-JOIN-5511,2026-08-22,6588.34,WH-MIAMI
ORD-05512,CUST-JOIN-5512,2026-08-22,4717.98,WH-CHICAGO
ORD-05513,CUST-JOIN-5513,2026-08-22,7327.79,WH-CHICAGO
ORD-05514,CUST-JOIN-5514,2026-08-22,2379.03,WH-DETROIT
ORD-05515,CUST-JOIN-5515,2026-08-22,2344.41,WH-MIAMI
ORD-05516,CUST-JOIN-5516,2026-08-22,6366.04,WH-DETROIT
ORD-05517,CUST-JOIN-5517,2026-08-22,946.07,WH-MIAMI
ORD-05518,CUST-JOIN-5518,2026-08-22,4968.18,WH-NEWYORK
ORD-05519,CUST-JOIN-5519,2026-08-22,7890.9,WH-CHICAGO
ORD-05520,CUST-JOIN-5520,2026-08-22,7484.02,WH-CHICAGO
ORD-05521,CUST-JOIN-5521,2026-08-22,6389.92,WH-NEWYORK
ORD-05522,CUST-JOIN-5522,2026-08-22,2221.63,WH-DETROIT
ORD-05523,CUST-JOIN-5523,2026-08-22,5829.26,WH-DETROIT
ORD-05524,CUST-JOIN-5524,2026-08-22,5501.3,WH-NEWYORK
ORD-05525,CUST-JOIN-5525,2026-08-22,5967.94,WH-MIAMI
ORD-05526,CUST-JOIN-5526,2026-08-22,1345.97,WH-DETROIT
ORD-05527,CUST-JOIN-5527,2026-08-22,1647.8,WH-NEWYORK
ORD-05528,CUST-JOIN-5528,2026-08-22,6092.86,WH-DETROIT
ORD-05529,CUST-JOIN-5529,2026-08-23,7799.85,WH-NEWYORK
ORD-05530,CUST-JOIN-5530,2026-08-23,4374.89,WH-NEWYORK
ORD-05531,CUST-JOIN-5531,2026-08-23,7815.06,WH-NEWYORK
ORD-05532,CUST-JOIN-5532,2026-08-23,3970.72,WH-CHICAGO
ORD-05533,CUST-JOIN-5533,2026-08-23,7974.27,WH-CHICAGO
ORD-05534,CUST-JOIN-5534,2026-08-23,4076.97,WH-MIAMI
ORD-05535,CUST-JOIN-5535,2026-08-23,7633.65,WH-NEWYORK
ORD-05536,CUST-JOIN-5536,2026-08-23,2997.22,WH-CHICAGO
ORD-05537,CUST-JOIN-5537,2026-08-23,2823.28,WH-DETROIT
ORD-05538,CUST-JOIN-5538,2026-08-23,1376.49,WH-NEWYORK
ORD-05539,CUST-JOIN-5539,2026-08-23,3682.26,WH-NEWYORK
ORD-05540,CUST-JOIN-5540,2026-08-23,1702.1,WH-NEWYORK
ORD-05541,CUST-JOIN-5541,2026-08-23,2026.83,WH-MIAMI
ORD-05542,CUST-JOIN-5542,2026-08-23,3941.71,WH-DETROIT
ORD-05543,CUST-JOIN-5543,2026-08-23,5157.71,WH-MIAMI
ORD-05544,CUST-JOIN-5544,2026-08-23,977.18,WH-MIAMI
ORD-05545,CUST-JOIN-5545,2026-08-23,1873.06,WH-MIAMI
ORD-05546,CUST-JOIN-5546,2026-08-23,7009.13,WH-MIAMI
ORD-05547,CUST-JOIN-5547,2026-08-23,4935.62,WH-DETROIT
ORD-05548,CUST-JOIN-5548,2026-08-23,3094.13,WH-NEWYORK
ORD-05549,CUST-JOIN-5549,2026-08-23,6300.09,WH-NEWYORK
ORD-05550,CUST-JOIN-5550,2026-08-23,2500.65,WH-DETROIT
ORD-05551,CUST-JOIN-5551,2026-08-23,1937.85,WH-DETROIT
ORD-05552,CUST-JOIN-5552,2026-08-23,7258.36,WH-NEWYORK
ORD-05553,CUST-JOIN-5553,2026-08-24,6074.05,WH-CHICAGO
ORD-05554,CUST-JOIN-5554,2026-08-24,7793.09,WH-DETROIT
ORD-05555,CUST-JOIN-5555,2026-08-24,6814.56,WH-CHICAGO
ORD-05556,CUST-JOIN-5556,2026-08-24,2231.38,WH-DETROIT
ORD-05557,CUST-JOIN-5557,2026-08-24,2050.43,WH-NEWYORK
ORD-05558,CUST-JOIN-5558,2026-08-24,1311.02,WH-MIAMI
ORD-05559,CUST-JOIN-5559,2026-08-24,6104.25,WH-NEWYORK
ORD-05560,CUST-JOIN-5560,2026-08-24,1847.96,WH-NEWYORK
ORD-05561,CUST-JOIN-5561,2026-08-24,7443.0,WH-NEWYORK
ORD-05562,CUST-JOIN-5562,2026-08-24,5437.48,WH-MIAMI
ORD-05563,CUST-JOIN-5563,2026-08-24,5441.18,WH-MIAMI
ORD-05564,CUST-JOIN-5564,2026-08-24,3481.99,WH-MIAMI
ORD-05565,CUST-JOIN-5565,2026-08-24,6899.25,WH-CHICAGO
ORD-05566,CUST-JOIN-5566,2026-08-24,430.86,WH-DETROIT
ORD-05567,CUST-JOIN-5567,2026-08-24,573.99,WH-DETROIT
ORD-05568,CUST-JOIN-5568,2026-08-24,6312.68,WH-CHICAGO
ORD-05569,CUST-JOIN-5569,2026-08-24,1462.28,WH-DETROIT
ORD-05570,CUST-JOIN-5570,2026-08-24,664.25,WH-MIAMI
ORD-05571,CUST-JOIN-5571,2026-08-24,4655.01,WH-NEWYORK
ORD-05572,CUST-JOIN-5572,2026-08-24,2698.98,WH-NEWYORK
ORD-05573,CUST-JOIN-5573,2026-08-24,2669.46,WH-NEWYORK
ORD-05574,CUST-JOIN-5574,2026-08-24,7716.15,WH-CHICAGO
ORD-05575,CUST-JOIN-5575,2026-08-24,1162.89,WH-NEWYORK
ORD-05576,CUST-JOIN-5576,2026-08-24,3305.34,WH-MIAMI
ORD-05577,CUST-JOIN-5577,2026-08-25,3810.28,WH-MIAMI
ORD-05578,CUST-JOIN-5578,2026-08-25,3016.84,WH-MIAMI
ORD-05579,CUST-JOIN-5579,2026-08-25,4326.83,WH-DETROIT
ORD-05580,CUST-JOIN-5580,2026-08-25,3035.37,WH-MIAMI
ORD-05581,CUST-JOIN-5581,2026-08-25,1969.48,WH-CHICAGO
ORD-05582,CUST-JOIN-5582,2026-08-25,1067.33,WH-CHICAGO
ORD-05583,CUST-JOIN-5583,2026-08-25,3124.34,WH-MIAMI
ORD-05584,CUST-JOIN-5584,2026-08-25,471.21,WH-NEWYORK
ORD-05585,CUST-JOIN-5585,2026-08-25,3394.49,WH-MIAMI
ORD-05586,CUST-JOIN-5586,2026-08-25,7485.58,WH-MIAMI
ORD-05587,CUST-JOIN-5587,2026-08-25,2574.73,WH-NEWYORK
ORD-05588,CUST-JOIN-5588,2026-08-25,5073.94,WH-DETROIT
ORD-05589,CUST-JOIN-5589,2026-08-25,5154.68,WH-CHICAGO
ORD-05590,CUST-JOIN-5590,2026-08-25,5018.23,WH-CHICAGO
ORD-05591,CUST-JOIN-5591,2026-08-25,5650.38,WH-NEWYORK
ORD-05592,CUST-JOIN-5592,2026-08-25,3124.59,WH-CHICAGO
ORD-05593,CUST-JOIN-5593,2026-08-25,7770.77,WH-NEWYORK
ORD-05594,CUST-JOIN-5594,2026-08-25,6083.57,WH-NEWYORK
ORD-05595,CUST-JOIN-5595,2026-08-25,6855.21,WH-NEWYORK
ORD-05596,CUST-JOIN-5596,2026-08-25,2217.64,WH-NEWYORK
ORD-05597,CUST-JOIN-5597,2026-08-25,684.53,WH-CHICAGO
ORD-05598,CUST-JOIN-5598,2026-08-25,2766.6,WH-NEWYORK
ORD-05599,CUST-JOIN-5599,2026-08-25,4136.16,WH-MIAMI
ORD-05600,CUST-JOIN-5600,2026-08-25,4548.05,WH-CHICAGO
ORD-05601,CUST-JOIN-5601,2026-08-26,2340.09,WH-CHICAGO
ORD-05602,CUST-JOIN-5602,2026-08-26,7141.23,WH-MIAMI
ORD-05603,CUST-JOIN-5603,2026-08-26,2969.69,WH-DETROIT
ORD-05604,CUST-JOIN-5604,2026-08-26,1061.0,WH-MIAMI
ORD-05605,CUST-JOIN-5605,2026-08-26,1077.41,WH-DETROIT
ORD-05606,CUST-JOIN-5606,2026-08-26,2461.18,WH-CHICAGO
ORD-05607,CUST-JOIN-5607,2026-08-26,3602.15,WH-NEWYORK
ORD-05608,CUST-JOIN-5608,2026-08-26,1049.62,WH-MIAMI
ORD-05609,CUST-JOIN-5609,2026-08-26,6827.37,WH-NEWYORK
ORD-05610,CUST-JOIN-5610,2026-08-26,7066.0,WH-NEWYORK
ORD-05611,CUST-JOIN-5611,2026-08-26,3863.25,WH-MIAMI
ORD-05612,CUST-JOIN-5612,2026-08-26,6159.13,WH-NEWYORK
ORD-05613,CUST-JOIN-5613,2026-08-26,6864.48,WH-DETROIT
ORD-05614,CUST-JOIN-5614,2026-08-26,2363.68,WH-CHICAGO
ORD-05615,CUST-JOIN-5615,2026-08-26,7003.83,WH-MIAMI
ORD-05616,CUST-JOIN-5616,2026-08-26,6082.86,WH-NEWYORK
ORD-05617,CUST-JOIN-5617,2026-08-26,5709.06,WH-DETROIT
ORD-05618,CUST-JOIN-5618,2026-08-26,2329.09,WH-DETROIT
ORD-05619,CUST-JOIN-5619,2026-08-26,260.78,WH-MIAMI
ORD-05620,CUST-JOIN-5620,2026-08-26,5886.4,WH-NEWYORK
ORD-05621,CUST-JOIN-5621,2026-08-26,4921.28,WH-CHICAGO
ORD-05622,CUST-JOIN-5622,2026-08-26,1518.69,WH-DETROIT
ORD-05623,CUST-JOIN-5623,2026-08-26,2749.3,WH-DETROIT
ORD-05624,CUST-JOIN-5624,2026-08-26,5004.55,WH-CHICAGO
ORD-05625,CUST-JOIN-5625,2026-08-27,4680.81,WH-DETROIT
ORD-05626,CUST-JOIN-5626,2026-08-27,3026.82,WH-DETROIT
ORD-05627,CUST-JOIN-5627,2026-08-27,6887.62,WH-NEWYORK
ORD-05628,CUST-JOIN-5628,2026-08-27,7129.89,WH-CHICAGO
ORD-05629,CUST-JOIN-5629,2026-08-27,2616.65,WH-NEWYORK
ORD-05630,CUST-JOIN-5630,2026-08-27,7913.2,WH-MIAMI
ORD-05631,CUST-JOIN-5631,2026-08-27,5822.09,WH-DETROIT
ORD-05632,CUST-JOIN-5632,2026-08-27,2393.69,WH-CHICAGO
ORD-05633,CUST-JOIN-5633,2026-08-27,2678.47,WH-MIAMI
ORD-05634,CUST-JOIN-5634,2026-08-27,3416.91,WH-CHICAGO
ORD-05635,CUST-JOIN-5635,2026-08-27,5189.97,WH-CHICAGO
ORD-05636,CUST-JOIN-5636,2026-08-27,1807.62,WH-MIAMI
ORD-05637,CUST-JOIN-5637,2026-08-27,2689.74,WH-MIAMI
ORD-05638,CUST-JOIN-5638,2026-08-27,7974.93,WH-CHICAGO
ORD-05639,CUST-JOIN-5639,2026-08-27,7872.99,WH-NEWYORK
ORD-05640,CUST-JOIN-5640,2026-08-27,2903.02,WH-DETROIT
ORD-05641,CUST-JOIN-5641,2026-08-27,3578.33,WH-DETROIT
ORD-05642,CUST-JOIN-5642,2026-08-27,2696.29,WH-CHICAGO
ORD-05643,CUST-JOIN-5643,2026-08-27,6669.12,WH-CHICAGO
ORD-05644,CUST-JOIN-5644,2026-08-27,5970.49,WH-NEWYORK
ORD-05645,CUST-JOIN-5645,2026-08-27,4326.62,WH-CHICAGO
ORD-05646,CUST-JOIN-5646,2026-08-27,2544.44,WH-DETROIT
ORD-05647,CUST-JOIN-5647,2026-08-27,7030.02,WH-CHICAGO
ORD-05648,CUST-JOIN-5648,2026-08-27,4797.13,WH-MIAMI
ORD-05649,CUST-JOIN-5649,2026-08-28,6795.41,WH-NEWYORK
ORD-05650,CUST-JOIN-5650,2026-08-28,7637.23,WH-DETROIT
ORD-05651,CUST-JOIN-5651,2026-08-28,7714.02,WH-NEWYORK
ORD-05652,CUST-JOIN-5652,2026-08-28,7556.14,WH-MIAMI
ORD-05653,CUST-JOIN-5653,2026-08-28,4500.7,WH-DETROIT
ORD-05654,CUST-JOIN-5654,2026-08-28,2794.38,WH-MIAMI
ORD-05655,CUST-JOIN-5655,2026-08-28,2871.96,WH-NEWYORK
ORD-05656,CUST-JOIN-5656,2026-08-28,4652.09,WH-NEWYORK
ORD-05657,CUST-JOIN-5657,2026-08-28,251.58,WH-DETROIT
ORD-05658,CUST-JOIN-5658,2026-08-28,940.8,WH-MIAMI
ORD-05659,CUST-JOIN-5659,2026-08-28,7298.59,WH-CHICAGO
ORD-05660,CUST-JOIN-5660,2026-08-28,5827.51,WH-NEWYORK
ORD-05661,CUST-JOIN-5661,2026-08-28,6403.73,WH-NEWYORK
ORD-05662,CUST-JOIN-5662,2026-08-28,4680.89,WH-CHICAGO
ORD-05663,CUST-JOIN-5663,2026-08-28,5178.45,WH-NEWYORK
ORD-05664,CUST-JOIN-5664,2026-08-28,7557.1,WH-MIAMI
ORD-05665,CUST-JOIN-5665,2026-08-28,7284.61,WH-MIAMI
ORD-05666,CUST-JOIN-5666,2026-08-28,1498.43,WH-DETROIT
ORD-05667,CUST-JOIN-5667,2026-08-28,2544.93,WH-CHICAGO
ORD-05668,CUST-JOIN-5668,2026-08-28,237.71,WH-NEWYORK
ORD-05669,CUST-JOIN-5669,2026-08-28,2894.2,WH-NEWYORK
ORD-05670,CUST-JOIN-5670,2026-08-28,1762.25,WH-MIAMI
ORD-05671,CUST-JOIN-5671,2026-08-28,5115.48,WH-NEWYORK
ORD-05672,CUST-JOIN-5672,2026-08-28,4408.62,WH-DETROIT
ORD-05673,CUST-JOIN-5673,2026-08-29,4187.2,WH-NEWYORK
ORD-05674,CUST-JOIN-5674,2026-08-29,2893.96,WH-MIAMI
ORD-05675,CUST-JOIN-5675,2026-08-29,1781.25,WH-MIAMI
ORD-05676,CUST-JOIN-5676,2026-08-29,6077.2,WH-NEWYORK
ORD-05677,CUST-JOIN-5677,2026-08-29,7187.68,WH-MIAMI
ORD-05678,CUST-JOIN-5678,2026-08-29,4934.54,WH-DETROIT
ORD-05679,CUST-JOIN-5679,2026-08-29,4422.61,WH-CHICAGO
ORD-05680,CUST-JOIN-5680,2026-08-29,6192.04,WH-NEWYORK
ORD-05681,CUST-JOIN-5681,2026-08-29,7987.47,WH-DETROIT
ORD-05682,CUST-JOIN-5682,2026-08-29,4369.45,WH-DETROIT
ORD-05683,CUST-JOIN-5683,2026-08-29,3646.73,WH-CHICAGO
ORD-05684,CUST-JOIN-5684,2026-08-29,690.62,WH-DETROIT
ORD-05685,CUST-JOIN-5685,2026-08-29,4999.03,WH-MIAMI
ORD-05686,CUST-JOIN-5686,2026-08-29,1494.07,WH-NEWYORK
ORD-05687,CUST-JOIN-5687,2026-08-29,3288.33,WH-NEWYORK
ORD-05688,CUST-JOIN-5688,2026-08-29,5694.68,WH-DETROIT
ORD-05689,CUST-JOIN-5689,2026-08-29,7614.73,WH-DETROIT
ORD-05690,CUST-JOIN-5690,2026-08-29,7135.85,WH-DETROIT
ORD-05691,CUST-JOIN-5691,2026-08-29,7120.32,WH-NEWYORK
ORD-05692,CUST-JOIN-5692,2026-08-29,3908.06,WH-NEWYORK
ORD-05693,CUST-JOIN-5693,2026-08-29,5891.96,WH-MIAMI
ORD-05694,CUST-JOIN-5694,2026-08-29,3693.71,WH-MIAMI
ORD-05695,CUST-JOIN-5695,2026-08-29,6058.17,WH-CHICAGO
ORD-05696,CUST-JOIN-5696,2026-08-29,6560.61,WH-CHICAGO
ORD-05697,CUST-JOIN-5697,2026-08-30,3825.03,WH-MIAMI
ORD-05698,CUST-JOIN-5698,2026-08-30,527.88,WH-NEWYORK
ORD-05699,CUST-JOIN-5699,2026-08-30,6521.07,WH-DETROIT
ORD-05700,CUST-JOIN-5700,2026-08-30,6362.56,WH-CHICAGO
ORD-05701,CUST-JOIN-5701,2026-08-30,4039.07,WH-NEWYORK
ORD-05702,CUST-JOIN-5702,2026-08-30,5738.71,WH-DETROIT
ORD-05703,CUST-JOIN-5703,2026-08-30,2571.2,WH-MIAMI
ORD-05704,CUST-JOIN-5704,2026-08-30,7866.23,WH-NEWYORK
ORD-05705,CUST-JOIN-5705,2026-08-30,5076.97,WH-DETROIT
ORD-05706,CUST-JOIN-5706,2026-08-30,976.35,WH-NEWYORK
ORD-05707,CUST-JOIN-5707,2026-08-30,6896.87,WH-NEWYORK
ORD-05708,CUST-JOIN-5708,2026-08-30,3741.12,WH-MIAMI
ORD-05709,CUST-JOIN-5709,2026-08-30,5259.64,WH-MIAMI
ORD-05710,CUST-JOIN-5710,2026-08-30,6033.76,WH-DETROIT
ORD-05711,CUST-JOIN-5711,2026-08-30,237.2,WH-NEWYORK
ORD-05712,CUST-JOIN-5712,2026-08-30,3530.82,WH-DETROIT
ORD-05713,CUST-JOIN-5713,2026-08-30,981.69,WH-CHICAGO
ORD-05714,CUST-JOIN-5714,2026-08-30,4407.17,WH-DETROIT
ORD-05715,CUST-JOIN-5715,2026-08-30,6429.36,WH-CHICAGO
ORD-05716,CUST-JOIN-5716,2026-08-30,3950.03,WH-NEWYORK
ORD-05717,CUST-JOIN-5717,2026-08-30,6122.77,WH-DETROIT
ORD-05718,CUST-JOIN-5718,2026-08-30,6556.58,WH-CHICAGO
ORD-05719,CUST-JOIN-5719,2026-08-30,1290.15,WH-DETROIT
ORD-05720,CUST-JOIN-5720,2026-08-30,6842.02,WH-MIAMI
ORD-05721,CUST-JOIN-5721,2026-08-31,276.45,WH-DETROIT
ORD-05722,CUST-JOIN-5722,2026-08-31,5555.18,WH-CHICAGO
ORD-05723,CUST-JOIN-5723,2026-08-31,3498.11,WH-DETROIT
ORD-05724,CUST-JOIN-5724,2026-08-31,2603.3,WH-CHICAGO
ORD-05725,CUST-JOIN-5725,2026-08-31,3928.35,WH-CHICAGO
ORD-05726,CUST-JOIN-5726,2026-08-31,1603.98,WH-DETROIT
ORD-05727,CUST-JOIN-5727,2026-08-31,2130.57,WH-NEWYORK
ORD-05728,CUST-JOIN-5728,2026-08-31,3024.26,WH-DETROIT
ORD-05729,CUST-JOIN-5729,2026-08-31,6224.38,WH-CHICAGO
ORD-05730,CUST-JOIN-5730,2026-08-31,1715.61,WH-NEWYORK
ORD-05731,CUST-JOIN-5731,2026-08-31,965.75,WH-MIAMI
ORD-05732,CUST-JOIN-5732,2026-08-31,4256.46,WH-DETROIT
ORD-05733,CUST-JOIN-5733,2026-08-31,3959.54,WH-NEWYORK
ORD-05734,CUST-JOIN-5734,2026-08-31,252.23,WH-NEWYORK
ORD-05735,CUST-JOIN-5735,2026-08-31,1976.87,WH-NEWYORK
ORD-05736,CUST-JOIN-5736,2026-08-31,7669.65,WH-CHICAGO
ORD-05737,CUST-JOIN-5737,2026-08-31,3988.26,WH-MIAMI
ORD-05738,CUST-JOIN-5738,2026-08-31,4823.38,WH-CHICAGO
ORD-05739,CUST-JOIN-5739,2026-08-31,847.8,WH-DETROIT
ORD-05740,CUST-JOIN-5740,2026-08-31,7220.66,WH-MIAMI
ORD-05741,CUST-JOIN-5741,2026-08-31,5455.36,WH-NEWYORK
ORD-05742,CUST-JOIN-5742,2026-08-31,337.05,WH-DETROIT
ORD-05743,CUST-JOIN-5743,2026-08-31,2364.1,WH-NEWYORK
ORD-05744,CUST-JOIN-5744,2026-08-31,2226.6,WH-DETROIT
ORD-05745,CUST-JOIN-5745,2026-09-01,990.42,WH-NEWYORK
ORD-05746,CUST-JOIN-5746,2026-09-01,3364.32,WH-DETROIT
ORD-05747,CUST-JOIN-5747,2026-09-01,5029.3,WH-CHICAGO
ORD-05748,CUST-JOIN-5748,2026-09-01,1265.99,WH-NEWYORK
ORD-05749,CUST-JOIN-5749,2026-09-01,6617.76,WH-DETROIT
ORD-05750,CUST-JOIN-5750,2026-09-01,7854.76,WH-NEWYORK
ORD-05751,CUST-JOIN-5751,2026-09-01,5649.94,WH-CHICAGO
ORD-05752,CUST-JOIN-5752,2026-09-01,2984.57,WH-NEWYORK
ORD-05753,CUST-JOIN-5753,2026-09-01,3984.04,WH-DETROIT
ORD-05754,CUST-JOIN-5754,2026-09-01,3173.49,WH-NEWYORK
ORD-05755,CUST-JOIN-5755,2026-09-01,5457.03,WH-MIAMI
ORD-05756,CUST-JOIN-5756,2026-09-01,5293.97,WH-MIAMI
ORD-05757,CUST-JOIN-5757,2026-09-01,2048.93,WH-DETROIT
ORD-05758,CUST-JOIN-5758,2026-09-01,2561.59,WH-NEWYORK
ORD-05759,CUST-JOIN-5759,2026-09-01,5173.36,WH-DETROIT
ORD-05760,CUST-JOIN-5760,2026-09-01,5516.27,WH-NEWYORK
ORD-05761,CUST-JOIN-5761,2026-09-01,3573.15,WH-CHICAGO
ORD-05762,CUST-JOIN-5762,2026-09-01,6056.73,WH-DETROIT
ORD-05763,CUST-JOIN-5763,2026-09-01,2005.7,WH-CHICAGO
ORD-05764,CUST-JOIN-5764,2026-09-01,5884.77,WH-DETROIT
ORD-05765,CUST-JOIN-5765,2026-09-01,3293.93,WH-NEWYORK
ORD-05766,CUST-JOIN-5766,2026-09-01,5885.96,WH-CHICAGO
ORD-05767,CUST-JOIN-5767,2026-09-01,5157.74,WH-DETROIT
ORD-05768,CUST-JOIN-5768,2026-09-01,1437.81,WH-CHICAGO
ORD-05769,CUST-JOIN-5769,2026-09-02,7951.08,WH-DETROIT
ORD-05770,CUST-JOIN-5770,2026-09-02,7539.87,WH-NEWYORK
ORD-05771,CUST-JOIN-5771,2026-09-02,754.04,WH-DETROIT
ORD-05772,CUST-JOIN-5772,2026-09-02,5266.28,WH-DETROIT
ORD-05773,CUST-JOIN-5773,2026-09-02,5730.08,WH-MIAMI
ORD-05774,CUST-JOIN-5774,2026-09-02,7838.63,WH-DETROIT
ORD-05775,CUST-JOIN-5775,2026-09-02,3473.15,WH-DETROIT
ORD-05776,CUST-JOIN-5776,2026-09-02,2343.81,WH-MIAMI
ORD-05777,CUST-JOIN-5777,2026-09-02,3188.14,WH-CHICAGO
ORD-05778,CUST-JOIN-5778,2026-09-02,3874.87,WH-DETROIT
ORD-05779,CUST-JOIN-5779,2026-09-02,2337.37,WH-CHICAGO
ORD-05780,CUST-JOIN-5780,2026-09-02,403.44,WH-DETROIT
ORD-05781,CUST-JOIN-5781,2026-09-02,5942.04,WH-CHICAGO
ORD-05782,CUST-JOIN-5782,2026-09-02,4391.19,WH-DETROIT
ORD-05783,CUST-JOIN-5783,2026-09-02,1245.25,WH-MIAMI
ORD-05784,CUST-JOIN-5784,2026-09-02,6222.35,WH-MIAMI
ORD-05785,CUST-JOIN-5785,2026-09-02,2835.78,WH-NEWYORK
ORD-05786,CUST-JOIN-5786,2026-09-02,3643.93,WH-CHICAGO
ORD-05787,CUST-JOIN-5787,2026-09-02,1466.28,WH-DETROIT
ORD-05788,CUST-JOIN-5788,2026-09-02,5022.28,WH-DETROIT
ORD-05789,CUST-JOIN-5789,2026-09-02,5565.37,WH-MIAMI
ORD-05790,CUST-JOIN-5790,2026-09-02,1995.96,WH-NEWYORK
ORD-05791,CUST-JOIN-5791,2026-09-02,5868.34,WH-NEWYORK
ORD-05792,CUST-JOIN-5792,2026-09-02,2349.35,WH-DETROIT
ORD-05793,CUST-JOIN-5793,2026-09-03,6537.71,WH-MIAMI
ORD-05794,CUST-JOIN-5794,2026-09-03,6998.97,WH-DETROIT
ORD-05795,CUST-JOIN-5795,2026-09-03,2371.07,WH-DETROIT
ORD-05796,CUST-JOIN-5796,2026-09-03,1385.09,WH-CHICAGO
ORD-05797,CUST-JOIN-5797,2026-09-03,5612.51,WH-CHICAGO
ORD-05798,CUST-JOIN-5798,2026-09-03,318.44,WH-NEWYORK
ORD-05799,CUST-JOIN-5799,2026-09-03,3727.74,WH-NEWYORK
ORD-05800,CUST-JOIN-5800,2026-09-03,3489.52,WH-DETROIT
ORD-05801,CUST-JOIN-5801,2026-09-03,1091.51,WH-DETROIT
ORD-05802,CUST-JOIN-5802,2026-09-03,1501.01,WH-DETROIT
ORD-05803,CUST-JOIN-5803,2026-09-03,5465.49,WH-CHICAGO
ORD-05804,CUST-JOIN-5804,2026-09-03,2926.33,WH-DETROIT
ORD-05805,CUST-JOIN-5805,2026-09-03,5192.43,WH-DETROIT
ORD-05806,CUST-JOIN-5806,2026-09-03,6783.03,WH-DETROIT
ORD-05807,CUST-JOIN-5807,2026-09-03,1833.01,WH-MIAMI
ORD-05808,CUST-JOIN-5808,2026-09-03,5238.23,WH-NEWYORK
ORD-05809,CUST-JOIN-5809,2026-09-03,7904.46,WH-CHICAGO
ORD-05810,CUST-JOIN-5810,2026-09-03,1367.21,WH-MIAMI
ORD-05811,CUST-JOIN-5811,2026-09-03,2508.89,WH-CHICAGO
ORD-05812,CUST-JOIN-5812,2026-09-03,7024.21,WH-MIAMI
ORD-05813,CUST-JOIN-5813,2026-09-03,3825.19,WH-NEWYORK
ORD-05814,CUST-JOIN-5814,2026-09-03,7169.44,WH-MIAMI
ORD-05815,CUST-JOIN-5815,2026-09-03,280.64,WH-CHICAGO
ORD-05816,CUST-JOIN-5816,2026-09-03,5049.43,WH-DETROIT
ORD-05817,CUST-JOIN-5817,2026-09-04,7271.42,WH-CHICAGO
ORD-05818,CUST-JOIN-5818,2026-09-04,3636.0,WH-DETROIT
ORD-05819,CUST-JOIN-5819,2026-09-04,921.14,WH-NEWYORK
ORD-05820,CUST-JOIN-5820,2026-09-04,6144.49,WH-NEWYORK
ORD-05821,CUST-JOIN-5821,2026-09-04,7485.29,WH-CHICAGO
ORD-05822,CUST-JOIN-5822,2026-09-04,1303.1,WH-MIAMI
ORD-05823,CUST-JOIN-5823,2026-09-04,1658.24,WH-DETROIT
ORD-05824,CUST-JOIN-5824,2026-09-04,3890.5,WH-NEWYORK
ORD-05825,CUST-JOIN-5825,2026-09-04,2333.97,WH-DETROIT
ORD-05826,CUST-JOIN-5826,2026-09-04,5279.35,WH-NEWYORK
ORD-05827,CUST-JOIN-5827,2026-09-04,1658.73,WH-CHICAGO
ORD-05828,CUST-JOIN-5828,2026-09-04,6246.11,WH-MIAMI
ORD-05829,CUST-JOIN-5829,2026-09-04,3439.13,WH-CHICAGO
ORD-05830,CUST-JOIN-5830,2026-09-04,6513.13,WH-NEWYORK
ORD-05831,CUST-JOIN-5831,2026-09-04,4042.19,WH-CHICAGO
ORD-05832,CUST-JOIN-5832,2026-09-04,6693.69,WH-NEWYORK
ORD-05833,CUST-JOIN-5833,2026-09-04,6544.03,WH-CHICAGO
ORD-05834,CUST-JOIN-5834,2026-09-04,4109.09,WH-DETROIT
ORD-05835,CUST-JOIN-5835,2026-09-04,6508.84,WH-DETROIT
ORD-05836,CUST-JOIN-5836,2026-09-04,5604.02,WH-CHICAGO
ORD-05837,CUST-JOIN-5837,2026-09-04,7789.01,WH-DETROIT
ORD-05838,CUST-JOIN-5838,2026-09-04,2643.64,WH-CHICAGO
ORD-05839,CUST-JOIN-5839,2026-09-04,4517.48,WH-NEWYORK
ORD-05840,CUST-JOIN-5840,2026-09-04,7192.91,WH-MIAMI
ORD-05841,CUST-JOIN-5841,2026-09-05,1419.56,WH-DETROIT
ORD-05842,CUST-JOIN-5842,2026-09-05,7339.97,WH-NEWYORK
ORD-05843,CUST-JOIN-5843,2026-09-05,6935.29,WH-MIAMI
ORD-05844,CUST-JOIN-5844,2026-09-05,4060.15,WH-DETROIT
ORD-05845,CUST-JOIN-5845,2026-09-05,5119.68,WH-NEWYORK
ORD-05846,CUST-JOIN-5846,2026-09-05,7208.43,WH-NEWYORK
ORD-05847,CUST-JOIN-5847,2026-09-05,2928.82,WH-NEWYORK
ORD-05848,CUST-JOIN-5848,2026-09-05,7214.28,WH-DETROIT
ORD-05849,CUST-JOIN-5849,2026-09-05,4482.1,WH-NEWYORK
ORD-05850,CUST-JOIN-5850,2026-09-05,4102.88,WH-NEWYORK
ORD-05851,CUST-JOIN-5851,2026-09-05,5541.57,WH-NEWYORK
ORD-05852,CUST-JOIN-5852,2026-09-05,4020.78,WH-NEWYORK
ORD-05853,CUST-JOIN-5853,2026-09-05,1137.24,WH-MIAMI
ORD-05854,CUST-JOIN-5854,2026-09-05,414.69,WH-MIAMI
ORD-05855,CUST-JOIN-5855,2026-09-05,4195.35,WH-MIAMI
ORD-05856,CUST-JOIN-5856,2026-09-05,3284.82,WH-CHICAGO
ORD-05857,CUST-JOIN-5857,2026-09-05,2032.71,WH-DETROIT
ORD-05858,CUST-JOIN-5858,2026-09-05,5603.72,WH-DETROIT
ORD-05859,CUST-JOIN-5859,2026-09-05,4490.93,WH-DETROIT
ORD-05860,CUST-JOIN-5860,2026-09-05,5648.48,WH-MIAMI
ORD-05861,CUST-JOIN-5861,2026-09-05,4467.72,WH-NEWYORK
ORD-05862,CUST-JOIN-5862,2026-09-05,2733.32,WH-MIAMI
ORD-05863,CUST-JOIN-5863,2026-09-05,2166.75,WH-CHICAGO
ORD-05864,CUST-JOIN-5864,2026-09-05,6263.27,WH-NEWYORK
ORD-05865,CUST-JOIN-5865,2026-09-06,1019.46,WH-NEWYORK
ORD-05866,CUST-JOIN-5866,2026-09-06,3547.99,WH-MIAMI
ORD-05867,CUST-JOIN-5867,2026-09-06,6307.05,WH-CHICAGO
ORD-05868,CUST-JOIN-5868,2026-09-06,2154.97,WH-MIAMI
ORD-05869,CUST-JOIN-5869,2026-09-06,3807.27,WH-DETROIT
ORD-05870,CUST-JOIN-5870,2026-09-06,6621.89,WH-DETROIT
ORD-05871,CUST-JOIN-5871,2026-09-06,311.69,WH-DETROIT
ORD-05872,CUST-JOIN-5872,2026-09-06,1892.08,WH-CHICAGO
ORD-05873,CUST-JOIN-5873,2026-09-06,5302.28,WH-CHICAGO
ORD-05874,CUST-JOIN-5874,2026-09-06,2201.88,WH-CHICAGO
ORD-05875,CUST-JOIN-5875,2026-09-06,4879.25,WH-DETROIT
ORD-05876,CUST-JOIN-5876,2026-09-06,1197.97,WH-CHICAGO
ORD-05877,CUST-JOIN-5877,2026-09-06,1420.92,WH-NEWYORK
ORD-05878,CUST-JOIN-5878,2026-09-06,1177.22,WH-NEWYORK
ORD-05879,CUST-JOIN-5879,2026-09-06,2589.43,WH-DETROIT
ORD-05880,CUST-JOIN-5880,2026-09-06,5528.88,WH-CHICAGO
ORD-05881,CUST-JOIN-5881,2026-09-06,3182.07,WH-NEWYORK
ORD-05882,CUST-JOIN-5882,2026-09-06,3455.85,WH-CHICAGO
ORD-05883,CUST-JOIN-5883,2026-09-06,1803.71,WH-DETROIT
ORD-05884,CUST-JOIN-5884,2026-09-06,5171.4,WH-MIAMI
ORD-05885,CUST-JOIN-5885,2026-09-06,2555.62,WH-CHICAGO
ORD-05886,CUST-JOIN-5886,2026-09-06,7177.85,WH-NEWYORK
ORD-05887,CUST-JOIN-5887,2026-09-06,2338.86,WH-NEWYORK
ORD-05888,CUST-JOIN-5888,2026-09-06,5396.19,WH-DETROIT
ORD-05889,CUST-JOIN-5889,2026-09-07,4039.64,WH-MIAMI
ORD-05890,CUST-JOIN-5890,2026-09-07,6840.22,WH-NEWYORK
ORD-05891,CUST-JOIN-5891,2026-09-07,5384.26,WH-MIAMI
ORD-05892,CUST-JOIN-5892,2026-09-07,1827.11,WH-MIAMI
ORD-05893,CUST-JOIN-5893,2026-09-07,6432.51,WH-NEWYORK
ORD-05894,CUST-JOIN-5894,2026-09-07,1100.71,WH-DETROIT
ORD-05895,CUST-JOIN-5895,2026-09-07,2255.88,WH-DETROIT
ORD-05896,CUST-JOIN-5896,2026-09-07,2735.98,WH-CHICAGO
ORD-05897,CUST-JOIN-5897,2026-09-07,4863.12,WH-DETROIT
ORD-05898,CUST-JOIN-5898,2026-09-07,2406.6,WH-MIAMI
ORD-05899,CUST-JOIN-5899,2026-09-07,6250.26,WH-CHICAGO
ORD-05900,CUST-JOIN-5900,2026-09-07,3171.21,WH-MIAMI
ORD-05901,CUST-JOIN-5901,2026-09-07,5392.54,WH-MIAMI
ORD-05902,CUST-JOIN-5902,2026-09-07,6927.19,WH-DETROIT
ORD-05903,CUST-JOIN-5903,2026-09-07,3891.78,WH-CHICAGO
ORD-05904,CUST-JOIN-5904,2026-09-07,5081.23,WH-MIAMI
ORD-05905,CUST-JOIN-5905,2026-09-07,1790.32,WH-MIAMI
ORD-05906,CUST-JOIN-5906,2026-09-07,3889.67,WH-NEWYORK
ORD-05907,CUST-JOIN-5907,2026-09-07,5693.91,WH-DETROIT
ORD-05908,CUST-JOIN-5908,2026-09-07,7417.33,WH-MIAMI
ORD-05909,CUST-JOIN-5909,2026-09-07,1150.03,WH-NEWYORK
ORD-05910,CUST-JOIN-5910,2026-09-07,6785.54,WH-NEWYORK
ORD-05911,CUST-JOIN-5911,2026-09-07,2421.09,WH-NEWYORK
ORD-05912,CUST-JOIN-5912,2026-09-07,5356.89,WH-NEWYORK
ORD-05913,CUST-JOIN-5913,2026-09-08,5467.01,WH-MIAMI
ORD-05914,CUST-JOIN-5914,2026-09-08,6480.35,WH-MIAMI
ORD-05915,CUST-JOIN-5915,2026-09-08,3762.83,WH-NEWYORK
ORD-05916,CUST-JOIN-5916,2026-09-08,1022.19,WH-CHICAGO
ORD-05917,CUST-JOIN-5917,2026-09-08,6251.54,WH-NEWYORK
ORD-05918,CUST-JOIN-5918,2026-09-08,5093.26,WH-MIAMI
ORD-05919,CUST-JOIN-5919,2026-09-08,7982.09,WH-DETROIT
ORD-05920,CUST-JOIN-5920,2026-09-08,7231.37,WH-DETROIT
ORD-05921,CUST-JOIN-5921,2026-09-08,4897.71,WH-CHICAGO
ORD-05922,CUST-JOIN-5922,2026-09-08,6406.08,WH-NEWYORK
ORD-05923,CUST-JOIN-5923,2026-09-08,1833.89,WH-MIAMI
ORD-05924,CUST-JOIN-5924,2026-09-08,2554.89,WH-CHICAGO
ORD-05925,CUST-JOIN-5925,2026-09-08,6280.55,WH-CHICAGO
ORD-05926,CUST-JOIN-5926,2026-09-08,3241.2,WH-NEWYORK
ORD-05927,CUST-JOIN-5927,2026-09-08,2664.24,WH-DETROIT
ORD-05928,CUST-JOIN-5928,2026-09-08,7140.83,WH-CHICAGO
ORD-05929,CUST-JOIN-5929,2026-09-08,4576.41,WH-CHICAGO
ORD-05930,CUST-JOIN-5930,2026-09-08,1035.17,WH-DETROIT
ORD-05931,CUST-JOIN-5931,2026-09-08,7569.77,WH-MIAMI
ORD-05932,CUST-JOIN-5932,2026-09-08,1996.37,WH-CHICAGO
ORD-05933,CUST-JOIN-5933,2026-09-08,1740.79,WH-DETROIT
ORD-05934,CUST-JOIN-5934,2026-09-08,1223.14,WH-CHICAGO
ORD-05935,CUST-JOIN-5935,2026-09-08,1224.54,WH-DETROIT
ORD-05936,CUST-JOIN-5936,2026-09-08,3788.36,WH-CHICAGO
ORD-05937,CUST-JOIN-5937,2026-09-09,3250.03,WH-DETROIT
ORD-05938,CUST-JOIN-5938,2026-09-09,5622.86,WH-MIAMI
ORD-05939,CUST-JOIN-5939,2026-09-09,3335.58,WH-NEWYORK
ORD-05940,CUST-JOIN-5940,2026-09-09,6639.56,WH-CHICAGO
ORD-05941,CUST-JOIN-5941,2026-09-09,3402.21,WH-CHICAGO
ORD-05942,CUST-JOIN-5942,2026-09-09,4850.03,WH-NEWYORK
ORD-05943,CUST-JOIN-5943,2026-09-09,5846.86,WH-DETROIT
ORD-05944,CUST-JOIN-5944,2026-09-09,2420.74,WH-DETROIT
ORD-05945,CUST-JOIN-5945,2026-09-09,820.39,WH-DETROIT
ORD-05946,CUST-JOIN-5946,2026-09-09,6844.93,WH-MIAMI
ORD-05947,CUST-JOIN-5947,2026-09-09,702.59,WH-DETROIT
ORD-05948,CUST-JOIN-5948,2026-09-09,1492.7,WH-CHICAGO
ORD-05949,CUST-JOIN-5949,2026-09-09,4407.54,WH-NEWYORK
ORD-05950,CUST-JOIN-5950,2026-09-09,1806.59,WH-NEWYORK
ORD-05951,CUST-JOIN-5951,2026-09-09,6032.92,WH-DETROIT
ORD-05952,CUST-JOIN-5952,2026-09-09,7074.8,WH-DETROIT
ORD-05953,CUST-JOIN-5953,2026-09-09,5072.38,WH-MIAMI
ORD-05954,CUST-JOIN-5954,2026-09-09,2347.99,WH-MIAMI
ORD-05955,CUST-JOIN-5955,2026-09-09,517.15,WH-MIAMI
ORD-05956,CUST-JOIN-5956,2026-09-09,7816.43,WH-CHICAGO
ORD-05957,CUST-JOIN-5957,2026-09-09,2033.23,WH-DETROIT
ORD-05958,CUST-JOIN-5958,2026-09-09,7265.45,WH-DETROIT
ORD-05959,CUST-JOIN-5959,2026-09-09,1067.38,WH-NEWYORK
ORD-05960,CUST-JOIN-5960,2026-09-09,312.04,WH-CHICAGO
ORD-05961,CUST-JOIN-5961,2026-09-10,1631.07,WH-DETROIT
ORD-05962,CUST-JOIN-5962,2026-09-10,1074.36,WH-MIAMI
ORD-05963,CUST-JOIN-5963,2026-09-10,3617.45,WH-DETROIT
ORD-05964,CUST-JOIN-5964,2026-09-10,3383.64,WH-NEWYORK
ORD-05965,CUST-JOIN-5965,2026-09-10,7245.66,WH-NEWYORK
ORD-05966,CUST-JOIN-5966,2026-09-10,2660.7,WH-CHICAGO
ORD-05967,CUST-JOIN-5967,2026-09-10,1874.15,WH-CHICAGO
ORD-05968,CUST-JOIN-5968,2026-09-10,4135.68,WH-MIAMI
ORD-05969,CUST-JOIN-5969,2026-09-10,2331.24,WH-DETROIT
ORD-05970,CUST-JOIN-5970,2026-09-10,1924.53,WH-CHICAGO
ORD-05971,CUST-JOIN-5971,2026-09-10,923.59,WH-NEWYORK
ORD-05972,CUST-JOIN-5972,2026-09-10,3853.08,WH-DETROIT
ORD-05973,CUST-JOIN-5973,2026-09-10,3161.06,WH-CHICAGO
ORD-05974,CUST-JOIN-5974,2026-09-10,1075.13,WH-CHICAGO
ORD-05975,CUST-JOIN-5975,2026-09-10,497.4,WH-CHICAGO
ORD-05976,CUST-JOIN-5976,2026-09-10,5303.73,WH-NEWYORK
ORD-05977,CUST-JOIN-5977,2026-09-10,1899.53,WH-MIAMI
ORD-05978,CUST-JOIN-5978,2026-09-10,3189.75,WH-DETROIT
ORD-05979,CUST-JOIN-5979,2026-09-10,793.8,WH-NEWYORK
ORD-05980,CUST-JOIN-5980,2026-09-10,3698.65,WH-DETROIT
ORD-05981,CUST-JOIN-5981,2026-09-10,3322.07,WH-CHICAGO
ORD-05982,CUST-JOIN-5982,2026-09-10,296.52,WH-NEWYORK
ORD-05983,CUST-JOIN-5983,2026-09-10,612.21,WH-DETROIT
ORD-05984,CUST-JOIN-5984,2026-09-10,3921.84,WH-DETROIT
ORD-05985,CUST-JOIN-5985,2026-09-11,4257.92,WH-DETROIT
ORD-05986,CUST-JOIN-5986,2026-09-11,4249.58,WH-CHICAGO
ORD-05987,CUST-JOIN-5987,2026-09-11,4943.94,WH-NEWYORK
ORD-05988,CUST-JOIN-5988,2026-09-11,7088.14,WH-CHICAGO
ORD-05989,CUST-JOIN-5989,2026-09-11,3340.79,WH-NEWYORK
ORD-05990,CUST-JOIN-5990,2026-09-11,1185.03,WH-DETROIT
ORD-05991,CUST-JOIN-5991,2026-09-11,2312.61,WH-NEWYORK
ORD-05992,CUST-JOIN-5992,2026-09-11,217.96,WH-CHICAGO
ORD-05993,CUST-JOIN-5993,2026-09-11,2806.28,WH-CHICAGO
ORD-05994,CUST-JOIN-5994,2026-09-11,4800.96,WH-DETROIT
ORD-05995,CUST-JOIN-5995,2026-09-11,6662.7,WH-CHICAGO
ORD-05996,CUST-JOIN-5996,2026-09-11,6098.71,WH-DETROIT
ORD-05997,CUST-JOIN-5997,2026-09-11,6905.06,WH-CHICAGO
ORD-05998,CUST-JOIN-5998,2026-09-11,3074.29,WH-DETROIT
ORD-05999,CUST-JOIN-5999,2026-09-11,5627.78,WH-CHICAGO
ORD-06000,CUST-JOIN-6000,2026-09-11,2597.07,WH-NEWYORK
ORD-06001,CUST-JOIN-6001,2026-08-01,3932.57,WH-DETROIT
ORD-06002,CUST-JOIN-6002,2026-08-01,6896.4,WH-DETROIT
ORD-06003,CUST-JOIN-6003,2026-08-01,7147.27,WH-CHICAGO
ORD-06004,CUST-JOIN-6004,2026-08-01,4887.92,WH-DETROIT
ORD-06005,CUST-JOIN-6005,2026-08-01,3039.63,WH-NEWYORK
ORD-06006,CUST-JOIN-6006,2026-08-01,2704.14,WH-DETROIT
ORD-06007,CUST-JOIN-6007,2026-08-01,3977.24,WH-MIAMI
ORD-06008,CUST-JOIN-6008,2026-08-01,5269.57,WH-MIAMI
ORD-06009,CUST-JOIN-6009,2026-08-01,7948.08,WH-DETROIT
ORD-06010,CUST-JOIN-6010,2026-08-01,3820.77,WH-DETROIT
ORD-06011,CUST-JOIN-6011,2026-08-01,3638.88,WH-CHICAGO
ORD-06012,CUST-JOIN-6012,2026-08-01,613.97,WH-NEWYORK
ORD-06013,CUST-JOIN-6013,2026-08-01,1842.74,WH-NEWYORK
ORD-06014,CUST-JOIN-6014,2026-08-01,3462.36,WH-NEWYORK
ORD-06015,CUST-JOIN-6015,2026-08-01,646.11,WH-CHICAGO
ORD-06016,CUST-JOIN-6016,2026-08-01,3610.69,WH-CHICAGO
ORD-06017,CUST-JOIN-6017,2026-08-01,6243.73,WH-CHICAGO
ORD-06018,CUST-JOIN-6018,2026-08-01,4308.11,WH-MIAMI
ORD-06019,CUST-JOIN-6019,2026-08-01,4757.62,WH-CHICAGO
ORD-06020,CUST-JOIN-6020,2026-08-01,1136.76,WH-CHICAGO
ORD-06021,CUST-JOIN-6021,2026-08-01,5287.47,WH-MIAMI
ORD-06022,CUST-JOIN-6022,2026-08-01,1998.92,WH-MIAMI
ORD-06023,CUST-JOIN-6023,2026-08-01,7255.72,WH-NEWYORK
ORD-06024,CUST-JOIN-6024,2026-08-01,892.41,WH-MIAMI
ORD-06025,CUST-JOIN-6025,2026-08-02,4536.3,WH-NEWYORK
ORD-06026,CUST-JOIN-6026,2026-08-02,7086.06,WH-CHICAGO
ORD-06027,CUST-JOIN-6027,2026-08-02,5715.62,WH-NEWYORK
ORD-06028,CUST-JOIN-6028,2026-08-02,4576.7,WH-CHICAGO
ORD-06029,CUST-JOIN-6029,2026-08-02,4196.95,WH-DETROIT
ORD-06030,CUST-JOIN-6030,2026-08-02,5252.59,WH-DETROIT
ORD-06031,CUST-JOIN-6031,2026-08-02,273.18,WH-MIAMI
ORD-06032,CUST-JOIN-6032,2026-08-02,7444.56,WH-MIAMI
ORD-06033,CUST-JOIN-6033,2026-08-02,5697.88,WH-NEWYORK
ORD-06034,CUST-JOIN-6034,2026-08-02,3163.13,WH-MIAMI
ORD-06035,CUST-JOIN-6035,2026-08-02,7065.49,WH-CHICAGO
ORD-06036,CUST-JOIN-6036,2026-08-02,5780.07,WH-DETROIT
ORD-06037,CUST-JOIN-6037,2026-08-02,3904.23,WH-DETROIT
ORD-06038,CUST-JOIN-6038,2026-08-02,2565.33,WH-NEWYORK
ORD-06039,CUST-JOIN-6039,2026-08-02,3727.73,WH-CHICAGO
ORD-06040,CUST-JOIN-6040,2026-08-02,7194.15,WH-CHICAGO
ORD-06041,CUST-JOIN-6041,2026-08-02,4866.72,WH-DETROIT
ORD-06042,CUST-JOIN-6042,2026-08-02,1954.69,WH-DETROIT
ORD-06043,CUST-JOIN-6043,2026-08-02,7394.76,WH-MIAMI
ORD-06044,CUST-JOIN-6044,2026-08-02,3076.2,WH-MIAMI
ORD-06045,CUST-JOIN-6045,2026-08-02,5596.29,WH-CHICAGO
ORD-06046,CUST-JOIN-6046,2026-08-02,5689.89,WH-DETROIT
ORD-06047,CUST-JOIN-6047,2026-08-02,6517.09,WH-DETROIT
ORD-06048,CUST-JOIN-6048,2026-08-02,2742.63,WH-NEWYORK
ORD-06049,CUST-JOIN-6049,2026-08-03,2219.84,WH-NEWYORK
ORD-06050,CUST-JOIN-6050,2026-08-03,1646.09,WH-CHICAGO
ORD-06051,CUST-JOIN-6051,2026-08-03,4276.86,WH-DETROIT
ORD-06052,CUST-JOIN-6052,2026-08-03,6152.0,WH-NEWYORK
ORD-06053,CUST-JOIN-6053,2026-08-03,752.47,WH-MIAMI
ORD-06054,CUST-JOIN-6054,2026-08-03,613.05,WH-MIAMI
ORD-06055,CUST-JOIN-6055,2026-08-03,3202.28,WH-NEWYORK
ORD-06056,CUST-JOIN-6056,2026-08-03,6421.11,WH-MIAMI
ORD-06057,CUST-JOIN-6057,2026-08-03,2876.77,WH-NEWYORK
ORD-06058,CUST-JOIN-6058,2026-08-03,1756.51,WH-CHICAGO
ORD-06059,CUST-JOIN-6059,2026-08-03,7633.26,WH-DETROIT
ORD-06060,CUST-JOIN-6060,2026-08-03,6836.02,WH-CHICAGO
ORD-06061,CUST-JOIN-6061,2026-08-03,539.4,WH-MIAMI
ORD-06062,CUST-JOIN-6062,2026-08-03,4573.33,WH-MIAMI
ORD-06063,CUST-JOIN-6063,2026-08-03,5220.35,WH-DETROIT
ORD-06064,CUST-JOIN-6064,2026-08-03,5208.97,WH-NEWYORK
ORD-06065,CUST-JOIN-6065,2026-08-03,2477.87,WH-MIAMI
ORD-06066,CUST-JOIN-6066,2026-08-03,373.96,WH-CHICAGO
ORD-06067,CUST-JOIN-6067,2026-08-03,5463.24,WH-MIAMI
ORD-06068,CUST-JOIN-6068,2026-08-03,2039.51,WH-DETROIT
ORD-06069,CUST-JOIN-6069,2026-08-03,1595.92,WH-DETROIT
ORD-06070,CUST-JOIN-6070,2026-08-03,2367.97,WH-MIAMI
ORD-06071,CUST-JOIN-6071,2026-08-03,4591.09,WH-DETROIT
ORD-06072,CUST-JOIN-6072,2026-08-03,5256.58,WH-DETROIT
ORD-06073,CUST-JOIN-6073,2026-08-04,6047.31,WH-CHICAGO
ORD-06074,CUST-JOIN-6074,2026-08-04,1613.19,WH-NEWYORK
ORD-06075,CUST-JOIN-6075,2026-08-04,851.83,WH-CHICAGO
ORD-06076,CUST-JOIN-6076,2026-08-04,4075.1,WH-NEWYORK
ORD-06077,CUST-JOIN-6077,2026-08-04,1382.37,WH-CHICAGO
ORD-06078,CUST-JOIN-6078,2026-08-04,1041.89,WH-NEWYORK
ORD-06079,CUST-JOIN-6079,2026-08-04,1674.88,WH-DETROIT
ORD-06080,CUST-JOIN-6080,2026-08-04,3989.32,WH-CHICAGO
ORD-06081,CUST-JOIN-6081,2026-08-04,5037.13,WH-CHICAGO
ORD-06082,CUST-JOIN-6082,2026-08-04,4309.31,WH-CHICAGO
ORD-06083,CUST-JOIN-6083,2026-08-04,7246.11,WH-DETROIT
ORD-06084,CUST-JOIN-6084,2026-08-04,1024.57,WH-MIAMI
ORD-06085,CUST-JOIN-6085,2026-08-04,2711.17,WH-MIAMI
ORD-06086,CUST-JOIN-6086,2026-08-04,3050.07,WH-CHICAGO
ORD-06087,CUST-JOIN-6087,2026-08-04,2944.96,WH-NEWYORK
ORD-06088,CUST-JOIN-6088,2026-08-04,644.47,WH-DETROIT
ORD-06089,CUST-JOIN-6089,2026-08-04,420.29,WH-NEWYORK
ORD-06090,CUST-JOIN-6090,2026-08-04,3796.08,WH-DETROIT
ORD-06091,CUST-JOIN-6091,2026-08-04,3016.46,WH-NEWYORK
ORD-06092,CUST-JOIN-6092,2026-08-04,1163.47,WH-CHICAGO
ORD-06093,CUST-JOIN-6093,2026-08-04,5198.33,WH-NEWYORK
ORD-06094,CUST-JOIN-6094,2026-08-04,2497.98,WH-NEWYORK
ORD-06095,CUST-JOIN-6095,2026-08-04,3029.93,WH-NEWYORK
ORD-06096,CUST-JOIN-6096,2026-08-04,3285.8,WH-DETROIT
ORD-06097,CUST-JOIN-6097,2026-08-05,7557.04,WH-NEWYORK
ORD-06098,CUST-JOIN-6098,2026-08-05,6388.72,WH-MIAMI
ORD-06099,CUST-JOIN-6099,2026-08-05,5600.72,WH-CHICAGO
ORD-06100,CUST-JOIN-6100,2026-08-05,630.53,WH-MIAMI
ORD-06101,CUST-JOIN-6101,2026-08-05,7994.61,WH-MIAMI
ORD-06102,CUST-JOIN-6102,2026-08-05,2321.27,WH-NEWYORK
ORD-06103,CUST-JOIN-6103,2026-08-05,6818.1,WH-MIAMI
ORD-06104,CUST-JOIN-6104,2026-08-05,1541.68,WH-MIAMI
ORD-06105,CUST-JOIN-6105,2026-08-05,1846.55,WH-DETROIT
ORD-06106,CUST-JOIN-6106,2026-08-05,7739.21,WH-MIAMI
ORD-06107,CUST-JOIN-6107,2026-08-05,6764.03,WH-NEWYORK
ORD-06108,CUST-JOIN-6108,2026-08-05,7328.12,WH-CHICAGO
ORD-06109,CUST-JOIN-6109,2026-08-05,6624.75,WH-CHICAGO
ORD-06110,CUST-JOIN-6110,2026-08-05,4918.13,WH-CHICAGO
ORD-06111,CUST-JOIN-6111,2026-08-05,7706.49,WH-NEWYORK
ORD-06112,CUST-JOIN-6112,2026-08-05,7203.34,WH-CHICAGO
ORD-06113,CUST-JOIN-6113,2026-08-05,6444.4,WH-CHICAGO
ORD-06114,CUST-JOIN-6114,2026-08-05,7878.41,WH-MIAMI
ORD-06115,CUST-JOIN-6115,2026-08-05,4283.89,WH-NEWYORK
ORD-06116,CUST-JOIN-6116,2026-08-05,3205.69,WH-MIAMI
ORD-06117,CUST-JOIN-6117,2026-08-05,1443.44,WH-CHICAGO
ORD-06118,CUST-JOIN-6118,2026-08-05,3894.42,WH-CHICAGO
ORD-06119,CUST-JOIN-6119,2026-08-05,1092.89,WH-MIAMI
ORD-06120,CUST-JOIN-6120,2026-08-05,485.39,WH-DETROIT
ORD-06121,CUST-JOIN-6121,2026-08-06,4355.67,WH-NEWYORK
ORD-06122,CUST-JOIN-6122,2026-08-06,1134.64,WH-CHICAGO
ORD-06123,CUST-JOIN-6123,2026-08-06,5114.05,WH-MIAMI
ORD-06124,CUST-JOIN-6124,2026-08-06,1063.31,WH-CHICAGO
ORD-06125,CUST-JOIN-6125,2026-08-06,3771.11,WH-NEWYORK
ORD-06126,CUST-JOIN-6126,2026-08-06,7663.72,WH-MIAMI
ORD-06127,CUST-JOIN-6127,2026-08-06,3842.51,WH-MIAMI
ORD-06128,CUST-JOIN-6128,2026-08-06,1904.06,WH-MIAMI
ORD-06129,CUST-JOIN-6129,2026-08-06,2109.31,WH-MIAMI
ORD-06130,CUST-JOIN-6130,2026-08-06,5602.12,WH-MIAMI
ORD-06131,CUST-JOIN-6131,2026-08-06,7854.4,WH-NEWYORK
ORD-06132,CUST-JOIN-6132,2026-08-06,2896.93,WH-MIAMI
ORD-06133,CUST-JOIN-6133,2026-08-06,1939.28,WH-DETROIT
ORD-06134,CUST-JOIN-6134,2026-08-06,7308.69,WH-CHICAGO
ORD-06135,CUST-JOIN-6135,2026-08-06,6505.01,WH-MIAMI
ORD-06136,CUST-JOIN-6136,2026-08-06,3593.24,WH-NEWYORK
ORD-06137,CUST-JOIN-6137,2026-08-06,4655.85,WH-CHICAGO
ORD-06138,CUST-JOIN-6138,2026-08-06,3933.92,WH-DETROIT
ORD-06139,CUST-JOIN-6139,2026-08-06,3944.39,WH-MIAMI
ORD-06140,CUST-JOIN-6140,2026-08-06,3067.46,WH-MIAMI
ORD-06141,CUST-JOIN-6141,2026-08-06,5554.02,WH-MIAMI
ORD-06142,CUST-JOIN-6142,2026-08-06,5502.0,WH-CHICAGO
ORD-06143,CUST-JOIN-6143,2026-08-06,4043.36,WH-NEWYORK
ORD-06144,CUST-JOIN-6144,2026-08-06,3626.09,WH-MIAMI
ORD-06145,CUST-JOIN-6145,2026-08-07,5741.42,WH-DETROIT
ORD-06146,CUST-JOIN-6146,2026-08-07,1056.6,WH-MIAMI
ORD-06147,CUST-JOIN-6147,2026-08-07,4429.21,WH-DETROIT
ORD-06148,CUST-JOIN-6148,2026-08-07,2176.67,WH-NEWYORK
ORD-06149,CUST-JOIN-6149,2026-08-07,4987.32,WH-CHICAGO
ORD-06150,CUST-JOIN-6150,2026-08-07,7256.35,WH-NEWYORK
ORD-06151,CUST-JOIN-6151,2026-08-07,6980.27,WH-DETROIT
ORD-06152,CUST-JOIN-6152,2026-08-07,4328.63,WH-MIAMI
ORD-06153,CUST-JOIN-6153,2026-08-07,479.63,WH-CHICAGO
ORD-06154,CUST-JOIN-6154,2026-08-07,5200.22,WH-CHICAGO
ORD-06155,CUST-JOIN-6155,2026-08-07,1998.83,WH-NEWYORK
ORD-06156,CUST-JOIN-6156,2026-08-07,3244.88,WH-CHICAGO
ORD-06157,CUST-JOIN-6157,2026-08-07,7029.11,WH-NEWYORK
ORD-06158,CUST-JOIN-6158,2026-08-07,3752.22,WH-DETROIT
ORD-06159,CUST-JOIN-6159,2026-08-07,7896.96,WH-CHICAGO
ORD-06160,CUST-JOIN-6160,2026-08-07,7180.26,WH-DETROIT
ORD-06161,CUST-JOIN-6161,2026-08-07,319.11,WH-MIAMI
ORD-06162,CUST-JOIN-6162,2026-08-07,4252.17,WH-NEWYORK
ORD-06163,CUST-JOIN-6163,2026-08-07,2627.05,WH-DETROIT
ORD-06164,CUST-JOIN-6164,2026-08-07,6419.05,WH-DETROIT
ORD-06165,CUST-JOIN-6165,2026-08-07,1354.34,WH-CHICAGO
ORD-06166,CUST-JOIN-6166,2026-08-07,3876.36,WH-NEWYORK
ORD-06167,CUST-JOIN-6167,2026-08-07,1990.66,WH-NEWYORK
ORD-06168,CUST-JOIN-6168,2026-08-07,3204.74,WH-NEWYORK
ORD-06169,CUST-JOIN-6169,2026-08-08,6408.0,WH-NEWYORK
ORD-06170,CUST-JOIN-6170,2026-08-08,5227.76,WH-NEWYORK
ORD-06171,CUST-JOIN-6171,2026-08-08,589.27,WH-NEWYORK
ORD-06172,CUST-JOIN-6172,2026-08-08,1234.34,WH-CHICAGO
ORD-06173,CUST-JOIN-6173,2026-08-08,5718.99,WH-CHICAGO
ORD-06174,CUST-JOIN-6174,2026-08-08,4695.8,WH-CHICAGO
ORD-06175,CUST-JOIN-6175,2026-08-08,3784.48,WH-MIAMI
ORD-06176,CUST-JOIN-6176,2026-08-08,5720.01,WH-CHICAGO
ORD-06177,CUST-JOIN-6177,2026-08-08,363.83,WH-DETROIT
ORD-06178,CUST-JOIN-6178,2026-08-08,4461.03,WH-NEWYORK
ORD-06179,CUST-JOIN-6179,2026-08-08,5209.92,WH-DETROIT
ORD-06180,CUST-JOIN-6180,2026-08-08,4280.72,WH-NEWYORK
ORD-06181,CUST-JOIN-6181,2026-08-08,3524.84,WH-NEWYORK
ORD-06182,CUST-JOIN-6182,2026-08-08,3275.87,WH-MIAMI
ORD-06183,CUST-JOIN-6183,2026-08-08,5513.09,WH-NEWYORK
ORD-06184,CUST-JOIN-6184,2026-08-08,5217.59,WH-NEWYORK
ORD-06185,CUST-JOIN-6185,2026-08-08,5275.98,WH-NEWYORK
ORD-06186,CUST-JOIN-6186,2026-08-08,1391.91,WH-MIAMI
ORD-06187,CUST-JOIN-6187,2026-08-08,1710.47,WH-MIAMI
ORD-06188,CUST-JOIN-6188,2026-08-08,2178.19,WH-DETROIT
ORD-06189,CUST-JOIN-6189,2026-08-08,6038.3,WH-CHICAGO
ORD-06190,CUST-JOIN-6190,2026-08-08,1978.38,WH-MIAMI
ORD-06191,CUST-JOIN-6191,2026-08-08,1357.95,WH-DETROIT
ORD-06192,CUST-JOIN-6192,2026-08-08,4193.12,WH-NEWYORK
ORD-06193,CUST-JOIN-6193,2026-08-09,2173.61,WH-NEWYORK
ORD-06194,CUST-JOIN-6194,2026-08-09,2024.77,WH-NEWYORK
ORD-06195,CUST-JOIN-6195,2026-08-09,3550.98,WH-NEWYORK
ORD-06196,CUST-JOIN-6196,2026-08-09,5476.55,WH-MIAMI
ORD-06197,CUST-JOIN-6197,2026-08-09,2696.77,WH-CHICAGO
ORD-06198,CUST-JOIN-6198,2026-08-09,6144.86,WH-CHICAGO
ORD-06199,CUST-JOIN-6199,2026-08-09,2989.44,WH-MIAMI
ORD-06200,CUST-JOIN-6200,2026-08-09,1714.16,WH-NEWYORK
ORD-06201,CUST-JOIN-6201,2026-08-09,4407.95,WH-NEWYORK
ORD-06202,CUST-JOIN-6202,2026-08-09,1030.53,WH-MIAMI
ORD-06203,CUST-JOIN-6203,2026-08-09,3796.69,WH-MIAMI
ORD-06204,CUST-JOIN-6204,2026-08-09,7160.42,WH-MIAMI
ORD-06205,CUST-JOIN-6205,2026-08-09,1903.85,WH-DETROIT
ORD-06206,CUST-JOIN-6206,2026-08-09,7542.86,WH-CHICAGO
ORD-06207,CUST-JOIN-6207,2026-08-09,4776.83,WH-NEWYORK
ORD-06208,CUST-JOIN-6208,2026-08-09,7609.52,WH-CHICAGO
ORD-06209,CUST-JOIN-6209,2026-08-09,6809.15,WH-CHICAGO
ORD-06210,CUST-JOIN-6210,2026-08-09,2547.62,WH-MIAMI
ORD-06211,CUST-JOIN-6211,2026-08-09,7571.97,WH-NEWYORK
ORD-06212,CUST-JOIN-6212,2026-08-09,3877.13,WH-NEWYORK
ORD-06213,CUST-JOIN-6213,2026-08-09,2624.47,WH-NEWYORK
ORD-06214,CUST-JOIN-6214,2026-08-09,6593.62,WH-MIAMI
ORD-06215,CUST-JOIN-6215,2026-08-09,5487.04,WH-DETROIT
ORD-06216,CUST-JOIN-6216,2026-08-09,3448.31,WH-CHICAGO
ORD-06217,CUST-JOIN-6217,2026-08-10,5591.36,WH-NEWYORK
ORD-06218,CUST-JOIN-6218,2026-08-10,6753.36,WH-NEWYORK
ORD-06219,CUST-JOIN-6219,2026-08-10,5026.09,WH-DETROIT
ORD-06220,CUST-JOIN-6220,2026-08-10,3420.29,WH-NEWYORK
ORD-06221,CUST-JOIN-6221,2026-08-10,6341.46,WH-DETROIT
ORD-06222,CUST-JOIN-6222,2026-08-10,4549.57,WH-NEWYORK
ORD-06223,CUST-JOIN-6223,2026-08-10,6177.61,WH-MIAMI
ORD-06224,CUST-JOIN-6224,2026-08-10,5190.9,WH-MIAMI
ORD-06225,CUST-JOIN-6225,2026-08-10,1069.5,WH-NEWYORK
ORD-06226,CUST-JOIN-6226,2026-08-10,3535.55,WH-MIAMI
ORD-06227,CUST-JOIN-6227,2026-08-10,263.99,WH-CHICAGO
ORD-06228,CUST-JOIN-6228,2026-08-10,7682.38,WH-CHICAGO
ORD-06229,CUST-JOIN-6229,2026-08-10,1640.51,WH-DETROIT
ORD-06230,CUST-JOIN-6230,2026-08-10,2199.09,WH-NEWYORK
ORD-06231,CUST-JOIN-6231,2026-08-10,2326.51,WH-CHICAGO
ORD-06232,CUST-JOIN-6232,2026-08-10,1632.02,WH-MIAMI
ORD-06233,CUST-JOIN-6233,2026-08-10,7478.36,WH-NEWYORK
ORD-06234,CUST-JOIN-6234,2026-08-10,1492.65,WH-MIAMI
ORD-06235,CUST-JOIN-6235,2026-08-10,6214.38,WH-DETROIT
ORD-06236,CUST-JOIN-6236,2026-08-10,1918.18,WH-MIAMI
ORD-06237,CUST-JOIN-6237,2026-08-10,4029.32,WH-DETROIT
ORD-06238,CUST-JOIN-6238,2026-08-10,922.03,WH-DETROIT
ORD-06239,CUST-JOIN-6239,2026-08-10,2265.39,WH-DETROIT
ORD-06240,CUST-JOIN-6240,2026-08-10,1043.06,WH-MIAMI
ORD-06241,CUST-JOIN-6241,2026-08-11,4702.18,WH-DETROIT
ORD-06242,CUST-JOIN-6242,2026-08-11,5686.62,WH-MIAMI
ORD-06243,CUST-JOIN-6243,2026-08-11,577.36,WH-MIAMI
ORD-06244,CUST-JOIN-6244,2026-08-11,7855.36,WH-DETROIT
ORD-06245,CUST-JOIN-6245,2026-08-11,5209.67,WH-NEWYORK
ORD-06246,CUST-JOIN-6246,2026-08-11,6156.12,WH-MIAMI
ORD-06247,CUST-JOIN-6247,2026-08-11,4684.16,WH-DETROIT
ORD-06248,CUST-JOIN-6248,2026-08-11,7556.57,WH-DETROIT
ORD-06249,CUST-JOIN-6249,2026-08-11,6800.76,WH-DETROIT
ORD-06250,CUST-JOIN-6250,2026-08-11,7590.6,WH-DETROIT
ORD-06251,CUST-JOIN-6251,2026-08-11,6054.18,WH-MIAMI
ORD-06252,CUST-JOIN-6252,2026-08-11,5820.13,WH-DETROIT
ORD-06253,CUST-JOIN-6253,2026-08-11,5341.63,WH-MIAMI
ORD-06254,CUST-JOIN-6254,2026-08-11,1364.2,WH-NEWYORK
ORD-06255,CUST-JOIN-6255,2026-08-11,2908.08,WH-NEWYORK
ORD-06256,CUST-JOIN-6256,2026-08-11,7835.01,WH-DETROIT
ORD-06257,CUST-JOIN-6257,2026-08-11,5281.05,WH-DETROIT
ORD-06258,CUST-JOIN-6258,2026-08-11,7871.12,WH-NEWYORK
ORD-06259,CUST-JOIN-6259,2026-08-11,1010.56,WH-DETROIT
ORD-06260,CUST-JOIN-6260,2026-08-11,4190.17,WH-NEWYORK
ORD-06261,CUST-JOIN-6261,2026-08-11,5482.66,WH-CHICAGO
ORD-06262,CUST-JOIN-6262,2026-08-11,3171.35,WH-DETROIT
ORD-06263,CUST-JOIN-6263,2026-08-11,7079.17,WH-MIAMI
ORD-06264,CUST-JOIN-6264,2026-08-11,4815.63,WH-CHICAGO
ORD-06265,CUST-JOIN-6265,2026-08-12,6847.78,WH-DETROIT
ORD-06266,CUST-JOIN-6266,2026-08-12,2938.06,WH-NEWYORK
ORD-06267,CUST-JOIN-6267,2026-08-12,5169.12,WH-CHICAGO
ORD-06268,CUST-JOIN-6268,2026-08-12,6409.19,WH-NEWYORK
ORD-06269,CUST-JOIN-6269,2026-08-12,7945.97,WH-MIAMI
ORD-06270,CUST-JOIN-6270,2026-08-12,1970.81,WH-DETROIT
ORD-06271,CUST-JOIN-6271,2026-08-12,1590.34,WH-NEWYORK
ORD-06272,CUST-JOIN-6272,2026-08-12,327.67,WH-CHICAGO
ORD-06273,CUST-JOIN-6273,2026-08-12,6140.78,WH-CHICAGO
ORD-06274,CUST-JOIN-6274,2026-08-12,2868.67,WH-MIAMI
ORD-06275,CUST-JOIN-6275,2026-08-12,7309.7,WH-DETROIT
ORD-06276,CUST-JOIN-6276,2026-08-12,5343.67,WH-DETROIT
ORD-06277,CUST-JOIN-6277,2026-08-12,4495.18,WH-CHICAGO
ORD-06278,CUST-JOIN-6278,2026-08-12,4403.44,WH-DETROIT
ORD-06279,CUST-JOIN-6279,2026-08-12,2897.26,WH-DETROIT
ORD-06280,CUST-JOIN-6280,2026-08-12,3923.26,WH-NEWYORK
ORD-06281,CUST-JOIN-6281,2026-08-12,5103.89,WH-NEWYORK
ORD-06282,CUST-JOIN-6282,2026-08-12,808.27,WH-CHICAGO
ORD-06283,CUST-JOIN-6283,2026-08-12,4147.42,WH-CHICAGO
ORD-06284,CUST-JOIN-6284,2026-08-12,5259.84,WH-NEWYORK
ORD-06285,CUST-JOIN-6285,2026-08-12,7844.68,WH-MIAMI
ORD-06286,CUST-JOIN-6286,2026-08-12,3889.22,WH-DETROIT
ORD-06287,CUST-JOIN-6287,2026-08-12,1014.85,WH-DETROIT
ORD-06288,CUST-JOIN-6288,2026-08-12,239.2,WH-DETROIT
ORD-06289,CUST-JOIN-6289,2026-08-13,5836.46,WH-CHICAGO
ORD-06290,CUST-JOIN-6290,2026-08-13,1740.4,WH-MIAMI
ORD-06291,CUST-JOIN-6291,2026-08-13,3863.29,WH-CHICAGO
ORD-06292,CUST-JOIN-6292,2026-08-13,3820.94,WH-MIAMI
ORD-06293,CUST-JOIN-6293,2026-08-13,5332.86,WH-DETROIT
ORD-06294,CUST-JOIN-6294,2026-08-13,4685.32,WH-DETROIT
ORD-06295,CUST-JOIN-6295,2026-08-13,4530.14,WH-CHICAGO
ORD-06296,CUST-JOIN-6296,2026-08-13,4748.69,WH-NEWYORK
ORD-06297,CUST-JOIN-6297,2026-08-13,7404.25,WH-DETROIT
ORD-06298,CUST-JOIN-6298,2026-08-13,5534.69,WH-CHICAGO
ORD-06299,CUST-JOIN-6299,2026-08-13,5245.24,WH-DETROIT
ORD-06300,CUST-JOIN-6300,2026-08-13,7650.13,WH-NEWYORK
ORD-06301,CUST-JOIN-6301,2026-08-13,567.39,WH-CHICAGO
ORD-06302,CUST-JOIN-6302,2026-08-13,6618.67,WH-DETROIT
ORD-06303,CUST-JOIN-6303,2026-08-13,5323.09,WH-NEWYORK
ORD-06304,CUST-JOIN-6304,2026-08-13,2532.4,WH-NEWYORK
ORD-06305,CUST-JOIN-6305,2026-08-13,3728.95,WH-MIAMI
ORD-06306,CUST-JOIN-6306,2026-08-13,5928.58,WH-CHICAGO
ORD-06307,CUST-JOIN-6307,2026-08-13,1378.36,WH-CHICAGO
ORD-06308,CUST-JOIN-6308,2026-08-13,2338.91,WH-CHICAGO
ORD-06309,CUST-JOIN-6309,2026-08-13,7033.1,WH-CHICAGO
ORD-06310,CUST-JOIN-6310,2026-08-13,1326.05,WH-NEWYORK
ORD-06311,CUST-JOIN-6311,2026-08-13,756.02,WH-MIAMI
ORD-06312,CUST-JOIN-6312,2026-08-13,5568.54,WH-NEWYORK
ORD-06313,CUST-JOIN-6313,2026-08-14,7257.93,WH-MIAMI
ORD-06314,CUST-JOIN-6314,2026-08-14,3352.85,WH-MIAMI
ORD-06315,CUST-JOIN-6315,2026-08-14,2501.54,WH-NEWYORK
ORD-06316,CUST-JOIN-6316,2026-08-14,5417.71,WH-NEWYORK
ORD-06317,CUST-JOIN-6317,2026-08-14,3644.96,WH-CHICAGO
ORD-06318,CUST-JOIN-6318,2026-08-14,1535.5,WH-CHICAGO
ORD-06319,CUST-JOIN-6319,2026-08-14,821.77,WH-MIAMI
ORD-06320,CUST-JOIN-6320,2026-08-14,4021.5,WH-DETROIT
ORD-06321,CUST-JOIN-6321,2026-08-14,2433.33,WH-DETROIT
ORD-06322,CUST-JOIN-6322,2026-08-14,4054.65,WH-MIAMI
ORD-06323,CUST-JOIN-6323,2026-08-14,7420.84,WH-DETROIT
ORD-06324,CUST-JOIN-6324,2026-08-14,3678.29,WH-DETROIT
ORD-06325,CUST-JOIN-6325,2026-08-14,5676.05,WH-DETROIT
ORD-06326,CUST-JOIN-6326,2026-08-14,4112.8,WH-MIAMI
ORD-06327,CUST-JOIN-6327,2026-08-14,7000.32,WH-MIAMI
ORD-06328,CUST-JOIN-6328,2026-08-14,6593.05,WH-NEWYORK
ORD-06329,CUST-JOIN-6329,2026-08-14,6423.75,WH-DETROIT
ORD-06330,CUST-JOIN-6330,2026-08-14,659.59,WH-MIAMI
ORD-06331,CUST-JOIN-6331,2026-08-14,7316.86,WH-CHICAGO
ORD-06332,CUST-JOIN-6332,2026-08-14,1926.1,WH-CHICAGO
ORD-06333,CUST-JOIN-6333,2026-08-14,1663.81,WH-CHICAGO
ORD-06334,CUST-JOIN-6334,2026-08-14,4653.04,WH-NEWYORK
ORD-06335,CUST-JOIN-6335,2026-08-14,6415.98,WH-DETROIT
ORD-06336,CUST-JOIN-6336,2026-08-14,1941.96,WH-MIAMI
ORD-06337,CUST-JOIN-6337,2026-08-15,2650.14,WH-MIAMI
ORD-06338,CUST-JOIN-6338,2026-08-15,6765.05,WH-NEWYORK
ORD-06339,CUST-JOIN-6339,2026-08-15,7125.45,WH-MIAMI
ORD-06340,CUST-JOIN-6340,2026-08-15,398.37,WH-DETROIT
ORD-06341,CUST-JOIN-6341,2026-08-15,393.08,WH-NEWYORK
ORD-06342,CUST-JOIN-6342,2026-08-15,6193.31,WH-MIAMI
ORD-06343,CUST-JOIN-6343,2026-08-15,234.34,WH-NEWYORK
ORD-06344,CUST-JOIN-6344,2026-08-15,3302.95,WH-DETROIT
ORD-06345,CUST-JOIN-6345,2026-08-15,6848.35,WH-MIAMI
ORD-06346,CUST-JOIN-6346,2026-08-15,6501.53,WH-MIAMI
ORD-06347,CUST-JOIN-6347,2026-08-15,3466.28,WH-MIAMI
ORD-06348,CUST-JOIN-6348,2026-08-15,4105.43,WH-MIAMI
ORD-06349,CUST-JOIN-6349,2026-08-15,7446.65,WH-NEWYORK
ORD-06350,CUST-JOIN-6350,2026-08-15,4349.25,WH-CHICAGO
ORD-06351,CUST-JOIN-6351,2026-08-15,2771.38,WH-NEWYORK
ORD-06352,CUST-JOIN-6352,2026-08-15,3706.31,WH-NEWYORK
ORD-06353,CUST-JOIN-6353,2026-08-15,4350.42,WH-MIAMI
ORD-06354,CUST-JOIN-6354,2026-08-15,2764.63,WH-CHICAGO
ORD-06355,CUST-JOIN-6355,2026-08-15,3293.35,WH-DETROIT
ORD-06356,CUST-JOIN-6356,2026-08-15,6516.67,WH-NEWYORK
ORD-06357,CUST-JOIN-6357,2026-08-15,7012.81,WH-MIAMI
ORD-06358,CUST-JOIN-6358,2026-08-15,2596.66,WH-DETROIT
ORD-06359,CUST-JOIN-6359,2026-08-15,1354.23,WH-CHICAGO
ORD-06360,CUST-JOIN-6360,2026-08-15,7721.38,WH-DETROIT
ORD-06361,CUST-JOIN-6361,2026-08-16,5732.84,WH-DETROIT
ORD-06362,CUST-JOIN-6362,2026-08-16,370.49,WH-NEWYORK
ORD-06363,CUST-JOIN-6363,2026-08-16,3692.22,WH-MIAMI
ORD-06364,CUST-JOIN-6364,2026-08-16,5865.79,WH-NEWYORK
ORD-06365,CUST-JOIN-6365,2026-08-16,423.94,WH-MIAMI
ORD-06366,CUST-JOIN-6366,2026-08-16,1571.83,WH-NEWYORK
ORD-06367,CUST-JOIN-6367,2026-08-16,4884.34,WH-MIAMI
ORD-06368,CUST-JOIN-6368,2026-08-16,7781.49,WH-NEWYORK
ORD-06369,CUST-JOIN-6369,2026-08-16,2661.39,WH-DETROIT
ORD-06370,CUST-JOIN-6370,2026-08-16,7467.84,WH-NEWYORK
ORD-06371,CUST-JOIN-6371,2026-08-16,4989.31,WH-DETROIT
ORD-06372,CUST-JOIN-6372,2026-08-16,4376.07,WH-CHICAGO
ORD-06373,CUST-JOIN-6373,2026-08-16,7157.4,WH-NEWYORK
ORD-06374,CUST-JOIN-6374,2026-08-16,4679.9,WH-NEWYORK
ORD-06375,CUST-JOIN-6375,2026-08-16,7442.86,WH-DETROIT
ORD-06376,CUST-JOIN-6376,2026-08-16,5748.61,WH-DETROIT
ORD-06377,CUST-JOIN-6377,2026-08-16,277.94,WH-MIAMI
ORD-06378,CUST-JOIN-6378,2026-08-16,1199.12,WH-DETROIT
ORD-06379,CUST-JOIN-6379,2026-08-16,6893.24,WH-DETROIT
ORD-06380,CUST-JOIN-6380,2026-08-16,2945.55,WH-MIAMI
ORD-06381,CUST-JOIN-6381,2026-08-16,2135.57,WH-CHICAGO
ORD-06382,CUST-JOIN-6382,2026-08-16,2281.0,WH-CHICAGO
ORD-06383,CUST-JOIN-6383,2026-08-16,988.84,WH-NEWYORK
ORD-06384,CUST-JOIN-6384,2026-08-16,7587.91,WH-CHICAGO
ORD-06385,CUST-JOIN-6385,2026-08-17,7996.72,WH-CHICAGO
ORD-06386,CUST-JOIN-6386,2026-08-17,6367.95,WH-MIAMI
ORD-06387,CUST-JOIN-6387,2026-08-17,5118.7,WH-CHICAGO
ORD-06388,CUST-JOIN-6388,2026-08-17,6823.58,WH-CHICAGO
ORD-06389,CUST-JOIN-6389,2026-08-17,7869.04,WH-CHICAGO
ORD-06390,CUST-JOIN-6390,2026-08-17,7049.49,WH-NEWYORK
ORD-06391,CUST-JOIN-6391,2026-08-17,989.56,WH-CHICAGO
ORD-06392,CUST-JOIN-6392,2026-08-17,324.84,WH-CHICAGO
ORD-06393,CUST-JOIN-6393,2026-08-17,2661.67,WH-CHICAGO
ORD-06394,CUST-JOIN-6394,2026-08-17,6124.4,WH-MIAMI
ORD-06395,CUST-JOIN-6395,2026-08-17,6963.44,WH-DETROIT
ORD-06396,CUST-JOIN-6396,2026-08-17,5068.18,WH-DETROIT
ORD-06397,CUST-JOIN-6397,2026-08-17,4103.07,WH-NEWYORK
ORD-06398,CUST-JOIN-6398,2026-08-17,6549.59,WH-NEWYORK
ORD-06399,CUST-JOIN-6399,2026-08-17,3442.4,WH-CHICAGO
ORD-06400,CUST-JOIN-6400,2026-08-17,7822.29,WH-NEWYORK
ORD-06401,CUST-JOIN-6401,2026-08-17,5986.76,WH-MIAMI
ORD-06402,CUST-JOIN-6402,2026-08-17,3770.4,WH-DETROIT
ORD-06403,CUST-JOIN-6403,2026-08-17,6958.94,WH-CHICAGO
ORD-06404,CUST-JOIN-6404,2026-08-17,3162.87,WH-DETROIT
ORD-06405,CUST-JOIN-6405,2026-08-17,5865.71,WH-MIAMI
ORD-06406,CUST-JOIN-6406,2026-08-17,3945.53,WH-DETROIT
ORD-06407,CUST-JOIN-6407,2026-08-17,6191.92,WH-NEWYORK
ORD-06408,CUST-JOIN-6408,2026-08-17,2368.02,WH-NEWYORK
ORD-06409,CUST-JOIN-6409,2026-08-18,5831.54,WH-CHICAGO
ORD-06410,CUST-JOIN-6410,2026-08-18,875.84,WH-DETROIT
ORD-06411,CUST-JOIN-6411,2026-08-18,4187.9,WH-MIAMI
ORD-06412,CUST-JOIN-6412,2026-08-18,1649.56,WH-CHICAGO
ORD-06413,CUST-JOIN-6413,2026-08-18,3792.61,WH-MIAMI
ORD-06414,CUST-JOIN-6414,2026-08-18,1845.45,WH-NEWYORK
ORD-06415,CUST-JOIN-6415,2026-08-18,2887.08,WH-NEWYORK
ORD-06416,CUST-JOIN-6416,2026-08-18,7770.51,WH-CHICAGO
ORD-06417,CUST-JOIN-6417,2026-08-18,718.58,WH-DETROIT
ORD-06418,CUST-JOIN-6418,2026-08-18,3577.79,WH-DETROIT
ORD-06419,CUST-JOIN-6419,2026-08-18,2658.75,WH-NEWYORK
ORD-06420,CUST-JOIN-6420,2026-08-18,5025.77,WH-MIAMI
ORD-06421,CUST-JOIN-6421,2026-08-18,5614.56,WH-MIAMI
ORD-06422,CUST-JOIN-6422,2026-08-18,2505.11,WH-MIAMI
ORD-06423,CUST-JOIN-6423,2026-08-18,5571.03,WH-DETROIT
ORD-06424,CUST-JOIN-6424,2026-08-18,6122.11,WH-MIAMI
ORD-06425,CUST-JOIN-6425,2026-08-18,1067.46,WH-CHICAGO
ORD-06426,CUST-JOIN-6426,2026-08-18,2110.86,WH-MIAMI
ORD-06427,CUST-JOIN-6427,2026-08-18,7137.72,WH-CHICAGO
ORD-06428,CUST-JOIN-6428,2026-08-18,2973.43,WH-DETROIT
ORD-06429,CUST-JOIN-6429,2026-08-18,424.21,WH-CHICAGO
ORD-06430,CUST-JOIN-6430,2026-08-18,559.6,WH-NEWYORK
ORD-06431,CUST-JOIN-6431,2026-08-18,4041.31,WH-NEWYORK
ORD-06432,CUST-JOIN-6432,2026-08-18,2132.24,WH-NEWYORK
ORD-06433,CUST-JOIN-6433,2026-08-19,3221.41,WH-NEWYORK
ORD-06434,CUST-JOIN-6434,2026-08-19,5476.34,WH-NEWYORK
ORD-06435,CUST-JOIN-6435,2026-08-19,2484.01,WH-DETROIT
ORD-06436,CUST-JOIN-6436,2026-08-19,2556.76,WH-MIAMI
ORD-06437,CUST-JOIN-6437,2026-08-19,3670.54,WH-NEWYORK
ORD-06438,CUST-JOIN-6438,2026-08-19,6727.16,WH-NEWYORK
ORD-06439,CUST-JOIN-6439,2026-08-19,3031.68,WH-NEWYORK
ORD-06440,CUST-JOIN-6440,2026-08-19,2889.12,WH-MIAMI
ORD-06441,CUST-JOIN-6441,2026-08-19,394.38,WH-CHICAGO
ORD-06442,CUST-JOIN-6442,2026-08-19,7267.97,WH-MIAMI
ORD-06443,CUST-JOIN-6443,2026-08-19,692.95,WH-MIAMI
ORD-06444,CUST-JOIN-6444,2026-08-19,6195.43,WH-MIAMI
ORD-06445,CUST-JOIN-6445,2026-08-19,1355.82,WH-NEWYORK
ORD-06446,CUST-JOIN-6446,2026-08-19,6986.35,WH-NEWYORK
ORD-06447,CUST-JOIN-6447,2026-08-19,5845.54,WH-MIAMI
ORD-06448,CUST-JOIN-6448,2026-08-19,4260.59,WH-NEWYORK
ORD-06449,CUST-JOIN-6449,2026-08-19,7033.39,WH-CHICAGO
ORD-06450,CUST-JOIN-6450,2026-08-19,988.23,WH-CHICAGO
ORD-06451,CUST-JOIN-6451,2026-08-19,5531.07,WH-MIAMI
ORD-06452,CUST-JOIN-6452,2026-08-19,2642.74,WH-MIAMI
ORD-06453,CUST-JOIN-6453,2026-08-19,5791.2,WH-CHICAGO
ORD-06454,CUST-JOIN-6454,2026-08-19,4389.17,WH-NEWYORK
ORD-06455,CUST-JOIN-6455,2026-08-19,7042.35,WH-MIAMI
ORD-06456,CUST-JOIN-6456,2026-08-19,1810.69,WH-CHICAGO
ORD-06457,CUST-JOIN-6457,2026-08-20,7952.28,WH-DETROIT
ORD-06458,CUST-JOIN-6458,2026-08-20,2439.34,WH-DETROIT
ORD-06459,CUST-JOIN-6459,2026-08-20,5372.61,WH-CHICAGO
ORD-06460,CUST-JOIN-6460,2026-08-20,6837.01,WH-DETROIT
ORD-06461,CUST-JOIN-6461,2026-08-20,721.07,WH-MIAMI
ORD-06462,CUST-JOIN-6462,2026-08-20,928.2,WH-MIAMI
ORD-06463,CUST-JOIN-6463,2026-08-20,1051.46,WH-MIAMI
ORD-06464,CUST-JOIN-6464,2026-08-20,7877.04,WH-NEWYORK
ORD-06465,CUST-JOIN-6465,2026-08-20,2847.1,WH-NEWYORK
ORD-06466,CUST-JOIN-6466,2026-08-20,3685.83,WH-DETROIT
ORD-06467,CUST-JOIN-6467,2026-08-20,6576.81,WH-DETROIT
ORD-06468,CUST-JOIN-6468,2026-08-20,4811.35,WH-CHICAGO
ORD-06469,CUST-JOIN-6469,2026-08-20,1604.67,WH-CHICAGO
ORD-06470,CUST-JOIN-6470,2026-08-20,774.91,WH-DETROIT
ORD-06471,CUST-JOIN-6471,2026-08-20,5016.05,WH-DETROIT
ORD-06472,CUST-JOIN-6472,2026-08-20,426.49,WH-NEWYORK
ORD-06473,CUST-JOIN-6473,2026-08-20,1529.4,WH-NEWYORK
ORD-06474,CUST-JOIN-6474,2026-08-20,5572.8,WH-MIAMI
ORD-06475,CUST-JOIN-6475,2026-08-20,4963.27,WH-CHICAGO
ORD-06476,CUST-JOIN-6476,2026-08-20,4386.92,WH-MIAMI
ORD-06477,CUST-JOIN-6477,2026-08-20,3426.91,WH-NEWYORK
ORD-06478,CUST-JOIN-6478,2026-08-20,1742.77,WH-DETROIT
ORD-06479,CUST-JOIN-6479,2026-08-20,5868.95,WH-NEWYORK
ORD-06480,CUST-JOIN-6480,2026-08-20,913.29,WH-CHICAGO
ORD-06481,CUST-JOIN-6481,2026-08-21,7895.42,WH-NEWYORK
ORD-06482,CUST-JOIN-6482,2026-08-21,404.87,WH-MIAMI
ORD-06483,CUST-JOIN-6483,2026-08-21,5350.48,WH-CHICAGO
ORD-06484,CUST-JOIN-6484,2026-08-21,7045.03,WH-CHICAGO
ORD-06485,CUST-JOIN-6485,2026-08-21,2319.55,WH-MIAMI
ORD-06486,CUST-JOIN-6486,2026-08-21,4525.97,WH-CHICAGO
ORD-06487,CUST-JOIN-6487,2026-08-21,7970.47,WH-CHICAGO
ORD-06488,CUST-JOIN-6488,2026-08-21,6091.3,WH-DETROIT
ORD-06489,CUST-JOIN-6489,2026-08-21,1746.13,WH-NEWYORK
ORD-06490,CUST-JOIN-6490,2026-08-21,3362.37,WH-DETROIT
ORD-06491,CUST-JOIN-6491,2026-08-21,2712.92,WH-DETROIT
ORD-06492,CUST-JOIN-6492,2026-08-21,2994.3,WH-CHICAGO
ORD-06493,CUST-JOIN-6493,2026-08-21,723.66,WH-MIAMI
ORD-06494,CUST-JOIN-6494,2026-08-21,445.17,WH-NEWYORK
ORD-06495,CUST-JOIN-6495,2026-08-21,6184.44,WH-NEWYORK
ORD-06496,CUST-JOIN-6496,2026-08-21,7618.62,WH-NEWYORK
ORD-06497,CUST-JOIN-6497,2026-08-21,2867.13,WH-DETROIT
ORD-06498,CUST-JOIN-6498,2026-08-21,6223.68,WH-DETROIT
ORD-06499,CUST-JOIN-6499,2026-08-21,6092.39,WH-CHICAGO
ORD-06500,CUST-JOIN-6500,2026-08-21,1539.02,WH-MIAMI
ORD-06501,CUST-JOIN-6501,2026-08-21,410.68,WH-CHICAGO
ORD-06502,CUST-JOIN-6502,2026-08-21,3511.63,WH-CHICAGO
ORD-06503,CUST-JOIN-6503,2026-08-21,838.49,WH-CHICAGO
ORD-06504,CUST-JOIN-6504,2026-08-21,664.74,WH-NEWYORK
ORD-06505,CUST-JOIN-6505,2026-08-22,5437.91,WH-CHICAGO
ORD-06506,CUST-JOIN-6506,2026-08-22,2061.3,WH-MIAMI
ORD-06507,CUST-JOIN-6507,2026-08-22,5872.24,WH-MIAMI
ORD-06508,CUST-JOIN-6508,2026-08-22,3438.46,WH-NEWYORK
ORD-06509,CUST-JOIN-6509,2026-08-22,847.54,WH-NEWYORK
ORD-06510,CUST-JOIN-6510,2026-08-22,7880.96,WH-CHICAGO
ORD-06511,CUST-JOIN-6511,2026-08-22,1877.43,WH-DETROIT
ORD-06512,CUST-JOIN-6512,2026-08-22,5881.46,WH-DETROIT
ORD-06513,CUST-JOIN-6513,2026-08-22,4080.37,WH-NEWYORK
ORD-06514,CUST-JOIN-6514,2026-08-22,5026.12,WH-CHICAGO
ORD-06515,CUST-JOIN-6515,2026-08-22,4428.3,WH-NEWYORK
ORD-06516,CUST-JOIN-6516,2026-08-22,1858.02,WH-MIAMI
ORD-06517,CUST-JOIN-6517,2026-08-22,3540.11,WH-DETROIT
ORD-06518,CUST-JOIN-6518,2026-08-22,1186.77,WH-CHICAGO
ORD-06519,CUST-JOIN-6519,2026-08-22,7909.92,WH-CHICAGO
ORD-06520,CUST-JOIN-6520,2026-08-22,4029.91,WH-CHICAGO
ORD-06521,CUST-JOIN-6521,2026-08-22,6148.34,WH-MIAMI
ORD-06522,CUST-JOIN-6522,2026-08-22,7408.49,WH-DETROIT
ORD-06523,CUST-JOIN-6523,2026-08-22,4243.93,WH-MIAMI
ORD-06524,CUST-JOIN-6524,2026-08-22,673.5,WH-NEWYORK
ORD-06525,CUST-JOIN-6525,2026-08-22,5013.8,WH-NEWYORK
ORD-06526,CUST-JOIN-6526,2026-08-22,618.74,WH-MIAMI
ORD-06527,CUST-JOIN-6527,2026-08-22,4217.29,WH-CHICAGO
ORD-06528,CUST-JOIN-6528,2026-08-22,6036.74,WH-CHICAGO
ORD-06529,CUST-JOIN-6529,2026-08-23,955.58,WH-NEWYORK
ORD-06530,CUST-JOIN-6530,2026-08-23,5126.41,WH-NEWYORK
ORD-06531,CUST-JOIN-6531,2026-08-23,2203.52,WH-DETROIT
ORD-06532,CUST-JOIN-6532,2026-08-23,543.5,WH-CHICAGO
ORD-06533,CUST-JOIN-6533,2026-08-23,7736.98,WH-CHICAGO
ORD-06534,CUST-JOIN-6534,2026-08-23,5389.78,WH-DETROIT
ORD-06535,CUST-JOIN-6535,2026-08-23,6916.48,WH-DETROIT
ORD-06536,CUST-JOIN-6536,2026-08-23,4534.38,WH-NEWYORK
ORD-06537,CUST-JOIN-6537,2026-08-23,7303.86,WH-CHICAGO
ORD-06538,CUST-JOIN-6538,2026-08-23,2215.79,WH-DETROIT
ORD-06539,CUST-JOIN-6539,2026-08-23,6764.55,WH-DETROIT
ORD-06540,CUST-JOIN-6540,2026-08-23,2426.74,WH-MIAMI
ORD-06541,CUST-JOIN-6541,2026-08-23,1494.8,WH-MIAMI
ORD-06542,CUST-JOIN-6542,2026-08-23,1206.06,WH-CHICAGO
ORD-06543,CUST-JOIN-6543,2026-08-23,3169.73,WH-NEWYORK
ORD-06544,CUST-JOIN-6544,2026-08-23,555.15,WH-MIAMI
ORD-06545,CUST-JOIN-6545,2026-08-23,7087.39,WH-NEWYORK
ORD-06546,CUST-JOIN-6546,2026-08-23,6722.88,WH-MIAMI
ORD-06547,CUST-JOIN-6547,2026-08-23,5211.09,WH-DETROIT
ORD-06548,CUST-JOIN-6548,2026-08-23,1419.95,WH-NEWYORK
ORD-06549,CUST-JOIN-6549,2026-08-23,7661.33,WH-MIAMI
ORD-06550,CUST-JOIN-6550,2026-08-23,4299.92,WH-NEWYORK
ORD-06551,CUST-JOIN-6551,2026-08-23,7154.13,WH-NEWYORK
ORD-06552,CUST-JOIN-6552,2026-08-23,5498.41,WH-DETROIT
ORD-06553,CUST-JOIN-6553,2026-08-24,4875.24,WH-MIAMI
ORD-06554,CUST-JOIN-6554,2026-08-24,6753.22,WH-DETROIT
ORD-06555,CUST-JOIN-6555,2026-08-24,4977.97,WH-NEWYORK
ORD-06556,CUST-JOIN-6556,2026-08-24,2368.85,WH-MIAMI
ORD-06557,CUST-JOIN-6557,2026-08-24,1822.45,WH-MIAMI
ORD-06558,CUST-JOIN-6558,2026-08-24,1948.27,WH-DETROIT
ORD-06559,CUST-JOIN-6559,2026-08-24,6414.1,WH-NEWYORK
ORD-06560,CUST-JOIN-6560,2026-08-24,3233.91,WH-NEWYORK
ORD-06561,CUST-JOIN-6561,2026-08-24,6726.26,WH-CHICAGO
ORD-06562,CUST-JOIN-6562,2026-08-24,7297.7,WH-DETROIT
ORD-06563,CUST-JOIN-6563,2026-08-24,1038.1,WH-CHICAGO
ORD-06564,CUST-JOIN-6564,2026-08-24,7629.9,WH-NEWYORK
ORD-06565,CUST-JOIN-6565,2026-08-24,973.67,WH-MIAMI
ORD-06566,CUST-JOIN-6566,2026-08-24,1424.22,WH-NEWYORK
ORD-06567,CUST-JOIN-6567,2026-08-24,7289.77,WH-NEWYORK
ORD-06568,CUST-JOIN-6568,2026-08-24,7705.5,WH-CHICAGO
ORD-06569,CUST-JOIN-6569,2026-08-24,3166.85,WH-DETROIT
ORD-06570,CUST-JOIN-6570,2026-08-24,7450.24,WH-CHICAGO
ORD-06571,CUST-JOIN-6571,2026-08-24,6287.72,WH-MIAMI
ORD-06572,CUST-JOIN-6572,2026-08-24,3534.63,WH-CHICAGO
ORD-06573,CUST-JOIN-6573,2026-08-24,1200.54,WH-NEWYORK
ORD-06574,CUST-JOIN-6574,2026-08-24,3344.06,WH-DETROIT
ORD-06575,CUST-JOIN-6575,2026-08-24,5088.88,WH-MIAMI
ORD-06576,CUST-JOIN-6576,2026-08-24,4676.45,WH-MIAMI
ORD-06577,CUST-JOIN-6577,2026-08-25,3453.45,WH-MIAMI
ORD-06578,CUST-JOIN-6578,2026-08-25,5515.01,WH-NEWYORK
ORD-06579,CUST-JOIN-6579,2026-08-25,3100.82,WH-CHICAGO
ORD-06580,CUST-JOIN-6580,2026-08-25,7164.09,WH-DETROIT
ORD-06581,CUST-JOIN-6581,2026-08-25,2237.32,WH-CHICAGO
ORD-06582,CUST-JOIN-6582,2026-08-25,4951.87,WH-MIAMI
ORD-06583,CUST-JOIN-6583,2026-08-25,5466.29,WH-NEWYORK
ORD-06584,CUST-JOIN-6584,2026-08-25,3840.67,WH-CHICAGO
ORD-06585,CUST-JOIN-6585,2026-08-25,668.94,WH-DETROIT
ORD-06586,CUST-JOIN-6586,2026-08-25,4020.45,WH-NEWYORK
ORD-06587,CUST-JOIN-6587,2026-08-25,1485.99,WH-MIAMI
ORD-06588,CUST-JOIN-6588,2026-08-25,2526.55,WH-CHICAGO
ORD-06589,CUST-JOIN-6589,2026-08-25,4482.31,WH-MIAMI
ORD-06590,CUST-JOIN-6590,2026-08-25,5669.29,WH-MIAMI
ORD-06591,CUST-JOIN-6591,2026-08-25,2400.19,WH-DETROIT
ORD-06592,CUST-JOIN-6592,2026-08-25,5195.31,WH-MIAMI
ORD-06593,CUST-JOIN-6593,2026-08-25,4522.27,WH-NEWYORK
ORD-06594,CUST-JOIN-6594,2026-08-25,2684.44,WH-MIAMI
ORD-06595,CUST-JOIN-6595,2026-08-25,2970.32,WH-MIAMI
ORD-06596,CUST-JOIN-6596,2026-08-25,881.09,WH-DETROIT
ORD-06597,CUST-JOIN-6597,2026-08-25,1783.11,WH-NEWYORK
ORD-06598,CUST-JOIN-6598,2026-08-25,2756.53,WH-CHICAGO
ORD-06599,CUST-JOIN-6599,2026-08-25,7639.87,WH-MIAMI
ORD-06600,CUST-JOIN-6600,2026-08-25,6575.93,WH-CHICAGO
ORD-06601,CUST-JOIN-6601,2026-08-26,6824.24,WH-MIAMI
ORD-06602,CUST-JOIN-6602,2026-08-26,4544.83,WH-NEWYORK
ORD-06603,CUST-JOIN-6603,2026-08-26,2103.42,WH-NEWYORK
ORD-06604,CUST-JOIN-6604,2026-08-26,2923.39,WH-DETROIT
ORD-06605,CUST-JOIN-6605,2026-08-26,7236.1,WH-DETROIT
ORD-06606,CUST-JOIN-6606,2026-08-26,6005.12,WH-MIAMI
ORD-06607,CUST-JOIN-6607,2026-08-26,5805.82,WH-NEWYORK
ORD-06608,CUST-JOIN-6608,2026-08-26,4443.95,WH-NEWYORK
ORD-06609,CUST-JOIN-6609,2026-08-26,6438.17,WH-NEWYORK
ORD-06610,CUST-JOIN-6610,2026-08-26,6808.89,WH-MIAMI
ORD-06611,CUST-JOIN-6611,2026-08-26,5877.69,WH-NEWYORK
ORD-06612,CUST-JOIN-6612,2026-08-26,6982.75,WH-DETROIT
ORD-06613,CUST-JOIN-6613,2026-08-26,4421.97,WH-MIAMI
ORD-06614,CUST-JOIN-6614,2026-08-26,1615.1,WH-MIAMI
ORD-06615,CUST-JOIN-6615,2026-08-26,3963.98,WH-DETROIT
ORD-06616,CUST-JOIN-6616,2026-08-26,3123.29,WH-CHICAGO
ORD-06617,CUST-JOIN-6617,2026-08-26,5703.77,WH-DETROIT
ORD-06618,CUST-JOIN-6618,2026-08-26,2452.59,WH-DETROIT
ORD-06619,CUST-JOIN-6619,2026-08-26,5979.26,WH-NEWYORK
ORD-06620,CUST-JOIN-6620,2026-08-26,1251.29,WH-NEWYORK
ORD-06621,CUST-JOIN-6621,2026-08-26,1398.91,WH-MIAMI
ORD-06622,CUST-JOIN-6622,2026-08-26,4305.15,WH-DETROIT
ORD-06623,CUST-JOIN-6623,2026-08-26,1066.17,WH-NEWYORK
ORD-06624,CUST-JOIN-6624,2026-08-26,849.12,WH-NEWYORK
ORD-06625,CUST-JOIN-6625,2026-08-27,4041.41,WH-NEWYORK
ORD-06626,CUST-JOIN-6626,2026-08-27,7864.97,WH-DETROIT
ORD-06627,CUST-JOIN-6627,2026-08-27,5695.58,WH-NEWYORK
ORD-06628,CUST-JOIN-6628,2026-08-27,7550.57,WH-CHICAGO
ORD-06629,CUST-JOIN-6629,2026-08-27,6264.49,WH-CHICAGO
ORD-06630,CUST-JOIN-6630,2026-08-27,7545.89,WH-CHICAGO
ORD-06631,CUST-JOIN-6631,2026-08-27,6921.01,WH-DETROIT
ORD-06632,CUST-JOIN-6632,2026-08-27,5874.91,WH-CHICAGO
ORD-06633,CUST-JOIN-6633,2026-08-27,3067.65,WH-NEWYORK
ORD-06634,CUST-JOIN-6634,2026-08-27,5264.03,WH-DETROIT
ORD-06635,CUST-JOIN-6635,2026-08-27,7426.88,WH-DETROIT
ORD-06636,CUST-JOIN-6636,2026-08-27,6076.29,WH-DETROIT
ORD-06637,CUST-JOIN-6637,2026-08-27,5380.0,WH-NEWYORK
ORD-06638,CUST-JOIN-6638,2026-08-27,4603.61,WH-DETROIT
ORD-06639,CUST-JOIN-6639,2026-08-27,5660.31,WH-CHICAGO
ORD-06640,CUST-JOIN-6640,2026-08-27,1378.04,WH-NEWYORK
ORD-06641,CUST-JOIN-6641,2026-08-27,5470.26,WH-NEWYORK
ORD-06642,CUST-JOIN-6642,2026-08-27,477.95,WH-DETROIT
ORD-06643,CUST-JOIN-6643,2026-08-27,4279.84,WH-DETROIT
ORD-06644,CUST-JOIN-6644,2026-08-27,3008.81,WH-NEWYORK
ORD-06645,CUST-JOIN-6645,2026-08-27,4484.72,WH-MIAMI
ORD-06646,CUST-JOIN-6646,2026-08-27,6146.54,WH-DETROIT
ORD-06647,CUST-JOIN-6647,2026-08-27,2401.66,WH-MIAMI
ORD-06648,CUST-JOIN-6648,2026-08-27,7967.39,WH-DETROIT
ORD-06649,CUST-JOIN-6649,2026-08-28,410.31,WH-MIAMI
ORD-06650,CUST-JOIN-6650,2026-08-28,4965.63,WH-MIAMI
ORD-06651,CUST-JOIN-6651,2026-08-28,5275.58,WH-CHICAGO
ORD-06652,CUST-JOIN-6652,2026-08-28,3308.26,WH-DETROIT
ORD-06653,CUST-JOIN-6653,2026-08-28,3091.55,WH-DETROIT
ORD-06654,CUST-JOIN-6654,2026-08-28,2596.92,WH-DETROIT
ORD-06655,CUST-JOIN-6655,2026-08-28,4649.63,WH-DETROIT
ORD-06656,CUST-JOIN-6656,2026-08-28,4473.06,WH-CHICAGO
ORD-06657,CUST-JOIN-6657,2026-08-28,1482.68,WH-NEWYORK
ORD-06658,CUST-JOIN-6658,2026-08-28,7003.38,WH-MIAMI
ORD-06659,CUST-JOIN-6659,2026-08-28,7513.04,WH-DETROIT
ORD-06660,CUST-JOIN-6660,2026-08-28,4765.64,WH-CHICAGO
ORD-06661,CUST-JOIN-6661,2026-08-28,7901.44,WH-MIAMI
ORD-06662,CUST-JOIN-6662,2026-08-28,5607.89,WH-NEWYORK
ORD-06663,CUST-JOIN-6663,2026-08-28,6205.76,WH-MIAMI
ORD-06664,CUST-JOIN-6664,2026-08-28,4362.36,WH-NEWYORK
ORD-06665,CUST-JOIN-6665,2026-08-28,3031.84,WH-CHICAGO
ORD-06666,CUST-JOIN-6666,2026-08-28,7143.41,WH-NEWYORK
ORD-06667,CUST-JOIN-6667,2026-08-28,2766.05,WH-DETROIT
ORD-06668,CUST-JOIN-6668,2026-08-28,4795.84,WH-NEWYORK
ORD-06669,CUST-JOIN-6669,2026-08-28,3792.76,WH-NEWYORK
ORD-06670,CUST-JOIN-6670,2026-08-28,4222.16,WH-DETROIT
ORD-06671,CUST-JOIN-6671,2026-08-28,4472.69,WH-NEWYORK
ORD-06672,CUST-JOIN-6672,2026-08-28,3669.68,WH-MIAMI
ORD-06673,CUST-JOIN-6673,2026-08-29,4892.4,WH-CHICAGO
ORD-06674,CUST-JOIN-6674,2026-08-29,4405.28,WH-NEWYORK
ORD-06675,CUST-JOIN-6675,2026-08-29,6955.44,WH-DETROIT
ORD-06676,CUST-JOIN-6676,2026-08-29,4120.78,WH-NEWYORK
ORD-06677,CUST-JOIN-6677,2026-08-29,4801.97,WH-CHICAGO
ORD-06678,CUST-JOIN-6678,2026-08-29,2781.94,WH-NEWYORK
ORD-06679,CUST-JOIN-6679,2026-08-29,3911.95,WH-NEWYORK
ORD-06680,CUST-JOIN-6680,2026-08-29,3281.54,WH-NEWYORK
ORD-06681,CUST-JOIN-6681,2026-08-29,7429.65,WH-NEWYORK
ORD-06682,CUST-JOIN-6682,2026-08-29,5780.57,WH-MIAMI
ORD-06683,CUST-JOIN-6683,2026-08-29,2017.69,WH-NEWYORK
ORD-06684,CUST-JOIN-6684,2026-08-29,520.23,WH-MIAMI
ORD-06685,CUST-JOIN-6685,2026-08-29,1443.77,WH-CHICAGO
ORD-06686,CUST-JOIN-6686,2026-08-29,7555.51,WH-CHICAGO
ORD-06687,CUST-JOIN-6687,2026-08-29,6285.22,WH-DETROIT
ORD-06688,CUST-JOIN-6688,2026-08-29,4289.51,WH-NEWYORK
ORD-06689,CUST-JOIN-6689,2026-08-29,7298.35,WH-NEWYORK
ORD-06690,CUST-JOIN-6690,2026-08-29,6091.74,WH-CHICAGO
ORD-06691,CUST-JOIN-6691,2026-08-29,573.89,WH-NEWYORK
ORD-06692,CUST-JOIN-6692,2026-08-29,3325.44,WH-CHICAGO
ORD-06693,CUST-JOIN-6693,2026-08-29,1342.93,WH-NEWYORK
ORD-06694,CUST-JOIN-6694,2026-08-29,613.96,WH-NEWYORK
ORD-06695,CUST-JOIN-6695,2026-08-29,7462.38,WH-DETROIT
ORD-06696,CUST-JOIN-6696,2026-08-29,2108.12,WH-DETROIT
ORD-06697,CUST-JOIN-6697,2026-08-30,1024.95,WH-MIAMI
ORD-06698,CUST-JOIN-6698,2026-08-30,4717.63,WH-MIAMI
ORD-06699,CUST-JOIN-6699,2026-08-30,4307.96,WH-NEWYORK
ORD-06700,CUST-JOIN-6700,2026-08-30,201.21,WH-DETROIT
ORD-06701,CUST-JOIN-6701,2026-08-30,2077.67,WH-DETROIT
ORD-06702,CUST-JOIN-6702,2026-08-30,7931.61,WH-MIAMI
ORD-06703,CUST-JOIN-6703,2026-08-30,5808.91,WH-NEWYORK
ORD-06704,CUST-JOIN-6704,2026-08-30,7857.18,WH-MIAMI
ORD-06705,CUST-JOIN-6705,2026-08-30,4177.95,WH-MIAMI
ORD-06706,CUST-JOIN-6706,2026-08-30,3901.25,WH-CHICAGO
ORD-06707,CUST-JOIN-6707,2026-08-30,3112.32,WH-DETROIT
ORD-06708,CUST-JOIN-6708,2026-08-30,3052.05,WH-NEWYORK
ORD-06709,CUST-JOIN-6709,2026-08-30,3979.85,WH-NEWYORK
ORD-06710,CUST-JOIN-6710,2026-08-30,7648.67,WH-NEWYORK
ORD-06711,CUST-JOIN-6711,2026-08-30,6029.78,WH-MIAMI
ORD-06712,CUST-JOIN-6712,2026-08-30,202.1,WH-DETROIT
ORD-06713,CUST-JOIN-6713,2026-08-30,6722.26,WH-DETROIT
ORD-06714,CUST-JOIN-6714,2026-08-30,6715.9,WH-NEWYORK
ORD-06715,CUST-JOIN-6715,2026-08-30,5475.7,WH-CHICAGO
ORD-06716,CUST-JOIN-6716,2026-08-30,1771.01,WH-DETROIT
ORD-06717,CUST-JOIN-6717,2026-08-30,2050.74,WH-MIAMI
ORD-06718,CUST-JOIN-6718,2026-08-30,2972.85,WH-MIAMI
ORD-06719,CUST-JOIN-6719,2026-08-30,2872.96,WH-NEWYORK
ORD-06720,CUST-JOIN-6720,2026-08-30,392.79,WH-MIAMI
ORD-06721,CUST-JOIN-6721,2026-08-31,260.4,WH-CHICAGO
ORD-06722,CUST-JOIN-6722,2026-08-31,2228.49,WH-CHICAGO
ORD-06723,CUST-JOIN-6723,2026-08-31,7241.12,WH-CHICAGO
ORD-06724,CUST-JOIN-6724,2026-08-31,574.87,WH-NEWYORK
ORD-06725,CUST-JOIN-6725,2026-08-31,3431.08,WH-NEWYORK
ORD-06726,CUST-JOIN-6726,2026-08-31,4596.13,WH-MIAMI
ORD-06727,CUST-JOIN-6727,2026-08-31,7141.55,WH-CHICAGO
ORD-06728,CUST-JOIN-6728,2026-08-31,1182.2,WH-MIAMI
ORD-06729,CUST-JOIN-6729,2026-08-31,4807.55,WH-MIAMI
ORD-06730,CUST-JOIN-6730,2026-08-31,7061.64,WH-MIAMI
ORD-06731,CUST-JOIN-6731,2026-08-31,5581.59,WH-CHICAGO
ORD-06732,CUST-JOIN-6732,2026-08-31,922.84,WH-NEWYORK
ORD-06733,CUST-JOIN-6733,2026-08-31,7975.28,WH-DETROIT
ORD-06734,CUST-JOIN-6734,2026-08-31,4518.71,WH-NEWYORK
ORD-06735,CUST-JOIN-6735,2026-08-31,4771.87,WH-CHICAGO
ORD-06736,CUST-JOIN-6736,2026-08-31,6195.64,WH-DETROIT
ORD-06737,CUST-JOIN-6737,2026-08-31,5860.73,WH-DETROIT
ORD-06738,CUST-JOIN-6738,2026-08-31,1970.11,WH-MIAMI
ORD-06739,CUST-JOIN-6739,2026-08-31,6809.14,WH-MIAMI
ORD-06740,CUST-JOIN-6740,2026-08-31,1041.83,WH-NEWYORK
ORD-06741,CUST-JOIN-6741,2026-08-31,4612.12,WH-CHICAGO
ORD-06742,CUST-JOIN-6742,2026-08-31,4301.72,WH-DETROIT
ORD-06743,CUST-JOIN-6743,2026-08-31,2918.43,WH-NEWYORK
ORD-06744,CUST-JOIN-6744,2026-08-31,1857.37,WH-MIAMI
ORD-06745,CUST-JOIN-6745,2026-09-01,5609.94,WH-CHICAGO
ORD-06746,CUST-JOIN-6746,2026-09-01,4608.32,WH-DETROIT
ORD-06747,CUST-JOIN-6747,2026-09-01,6860.61,WH-DETROIT
ORD-06748,CUST-JOIN-6748,2026-09-01,5753.47,WH-MIAMI
ORD-06749,CUST-JOIN-6749,2026-09-01,5026.89,WH-CHICAGO
ORD-06750,CUST-JOIN-6750,2026-09-01,7271.96,WH-NEWYORK
ORD-06751,CUST-JOIN-6751,2026-09-01,485.61,WH-CHICAGO
ORD-06752,CUST-JOIN-6752,2026-09-01,3729.7,WH-CHICAGO
ORD-06753,CUST-JOIN-6753,2026-09-01,5391.17,WH-MIAMI
ORD-06754,CUST-JOIN-6754,2026-09-01,1347.71,WH-DETROIT
ORD-06755,CUST-JOIN-6755,2026-09-01,1374.75,WH-MIAMI
ORD-06756,CUST-JOIN-6756,2026-09-01,3554.73,WH-MIAMI
ORD-06757,CUST-JOIN-6757,2026-09-01,4152.82,WH-NEWYORK
ORD-06758,CUST-JOIN-6758,2026-09-01,2404.14,WH-DETROIT
ORD-06759,CUST-JOIN-6759,2026-09-01,4094.37,WH-NEWYORK
ORD-06760,CUST-JOIN-6760,2026-09-01,4067.11,WH-NEWYORK
ORD-06761,CUST-JOIN-6761,2026-09-01,5966.53,WH-DETROIT
ORD-06762,CUST-JOIN-6762,2026-09-01,6121.53,WH-DETROIT
ORD-06763,CUST-JOIN-6763,2026-09-01,7693.78,WH-MIAMI
ORD-06764,CUST-JOIN-6764,2026-09-01,1701.37,WH-NEWYORK
ORD-06765,CUST-JOIN-6765,2026-09-01,6400.77,WH-NEWYORK
ORD-06766,CUST-JOIN-6766,2026-09-01,1864.77,WH-NEWYORK
ORD-06767,CUST-JOIN-6767,2026-09-01,7042.36,WH-CHICAGO
ORD-06768,CUST-JOIN-6768,2026-09-01,282.03,WH-DETROIT
ORD-06769,CUST-JOIN-6769,2026-09-02,5788.1,WH-DETROIT
ORD-06770,CUST-JOIN-6770,2026-09-02,6942.93,WH-DETROIT
ORD-06771,CUST-JOIN-6771,2026-09-02,7958.88,WH-MIAMI
ORD-06772,CUST-JOIN-6772,2026-09-02,2676.28,WH-MIAMI
ORD-06773,CUST-JOIN-6773,2026-09-02,5370.22,WH-NEWYORK
ORD-06774,CUST-JOIN-6774,2026-09-02,4432.24,WH-CHICAGO
ORD-06775,CUST-JOIN-6775,2026-09-02,2826.42,WH-MIAMI
ORD-06776,CUST-JOIN-6776,2026-09-02,3838.09,WH-NEWYORK
ORD-06777,CUST-JOIN-6777,2026-09-02,5514.04,WH-DETROIT
ORD-06778,CUST-JOIN-6778,2026-09-02,5087.9,WH-DETROIT
ORD-06779,CUST-JOIN-6779,2026-09-02,6802.46,WH-CHICAGO
ORD-06780,CUST-JOIN-6780,2026-09-02,7913.4,WH-CHICAGO
ORD-06781,CUST-JOIN-6781,2026-09-02,6652.12,WH-NEWYORK
ORD-06782,CUST-JOIN-6782,2026-09-02,5802.21,WH-MIAMI
ORD-06783,CUST-JOIN-6783,2026-09-02,5898.08,WH-CHICAGO
ORD-06784,CUST-JOIN-6784,2026-09-02,7568.91,WH-NEWYORK
ORD-06785,CUST-JOIN-6785,2026-09-02,1337.42,WH-CHICAGO
ORD-06786,CUST-JOIN-6786,2026-09-02,3981.71,WH-CHICAGO
ORD-06787,CUST-JOIN-6787,2026-09-02,5568.9,WH-DETROIT
ORD-06788,CUST-JOIN-6788,2026-09-02,2575.16,WH-CHICAGO
ORD-06789,CUST-JOIN-6789,2026-09-02,3699.67,WH-DETROIT
ORD-06790,CUST-JOIN-6790,2026-09-02,2158.25,WH-CHICAGO
ORD-06791,CUST-JOIN-6791,2026-09-02,5436.43,WH-DETROIT
ORD-06792,CUST-JOIN-6792,2026-09-02,2608.29,WH-CHICAGO
ORD-06793,CUST-JOIN-6793,2026-09-03,1872.57,WH-NEWYORK
ORD-06794,CUST-JOIN-6794,2026-09-03,5054.3,WH-CHICAGO
ORD-06795,CUST-JOIN-6795,2026-09-03,4177.77,WH-DETROIT
ORD-06796,CUST-JOIN-6796,2026-09-03,7850.76,WH-DETROIT
ORD-06797,CUST-JOIN-6797,2026-09-03,2730.13,WH-NEWYORK
ORD-06798,CUST-JOIN-6798,2026-09-03,1398.23,WH-DETROIT
ORD-06799,CUST-JOIN-6799,2026-09-03,1446.49,WH-NEWYORK
ORD-06800,CUST-JOIN-6800,2026-09-03,5510.8,WH-CHICAGO
ORD-06801,CUST-JOIN-6801,2026-09-03,1753.29,WH-CHICAGO
ORD-06802,CUST-JOIN-6802,2026-09-03,3682.28,WH-MIAMI
ORD-06803,CUST-JOIN-6803,2026-09-03,3867.61,WH-NEWYORK
ORD-06804,CUST-JOIN-6804,2026-09-03,4680.67,WH-MIAMI
ORD-06805,CUST-JOIN-6805,2026-09-03,7214.31,WH-NEWYORK
ORD-06806,CUST-JOIN-6806,2026-09-03,245.16,WH-MIAMI
ORD-06807,CUST-JOIN-6807,2026-09-03,4626.79,WH-MIAMI
ORD-06808,CUST-JOIN-6808,2026-09-03,3036.25,WH-NEWYORK
ORD-06809,CUST-JOIN-6809,2026-09-03,7022.53,WH-CHICAGO
ORD-06810,CUST-JOIN-6810,2026-09-03,7587.26,WH-NEWYORK
ORD-06811,CUST-JOIN-6811,2026-09-03,7748.58,WH-DETROIT
ORD-06812,CUST-JOIN-6812,2026-09-03,4963.05,WH-DETROIT
ORD-06813,CUST-JOIN-6813,2026-09-03,7927.42,WH-DETROIT
ORD-06814,CUST-JOIN-6814,2026-09-03,6405.73,WH-NEWYORK
ORD-06815,CUST-JOIN-6815,2026-09-03,1154.5,WH-MIAMI
ORD-06816,CUST-JOIN-6816,2026-09-03,1058.75,WH-MIAMI
ORD-06817,CUST-JOIN-6817,2026-09-04,4735.68,WH-CHICAGO
ORD-06818,CUST-JOIN-6818,2026-09-04,3378.21,WH-DETROIT
ORD-06819,CUST-JOIN-6819,2026-09-04,5148.63,WH-MIAMI
ORD-06820,CUST-JOIN-6820,2026-09-04,5968.47,WH-MIAMI
ORD-06821,CUST-JOIN-6821,2026-09-04,2397.2,WH-CHICAGO
ORD-06822,CUST-JOIN-6822,2026-09-04,444.64,WH-MIAMI
ORD-06823,CUST-JOIN-6823,2026-09-04,3557.9,WH-DETROIT
ORD-06824,CUST-JOIN-6824,2026-09-04,2861.38,WH-NEWYORK
ORD-06825,CUST-JOIN-6825,2026-09-04,2959.66,WH-CHICAGO
ORD-06826,CUST-JOIN-6826,2026-09-04,6650.79,WH-MIAMI
ORD-06827,CUST-JOIN-6827,2026-09-04,2327.72,WH-DETROIT
ORD-06828,CUST-JOIN-6828,2026-09-04,7389.59,WH-MIAMI
ORD-06829,CUST-JOIN-6829,2026-09-04,6442.64,WH-CHICAGO
ORD-06830,CUST-JOIN-6830,2026-09-04,2015.22,WH-CHICAGO
ORD-06831,CUST-JOIN-6831,2026-09-04,4864.27,WH-MIAMI
ORD-06832,CUST-JOIN-6832,2026-09-04,3958.17,WH-DETROIT
ORD-06833,CUST-JOIN-6833,2026-09-04,7714.18,WH-DETROIT
ORD-06834,CUST-JOIN-6834,2026-09-04,1986.07,WH-MIAMI
ORD-06835,CUST-JOIN-6835,2026-09-04,4068.46,WH-MIAMI
ORD-06836,CUST-JOIN-6836,2026-09-04,3750.3,WH-DETROIT
ORD-06837,CUST-JOIN-6837,2026-09-04,4482.39,WH-CHICAGO
ORD-06838,CUST-JOIN-6838,2026-09-04,2289.39,WH-NEWYORK
ORD-06839,CUST-JOIN-6839,2026-09-04,1445.59,WH-NEWYORK
ORD-06840,CUST-JOIN-6840,2026-09-04,4884.92,WH-MIAMI
ORD-06841,CUST-JOIN-6841,2026-09-05,1615.84,WH-NEWYORK
ORD-06842,CUST-JOIN-6842,2026-09-05,3158.23,WH-NEWYORK
ORD-06843,CUST-JOIN-6843,2026-09-05,4815.56,WH-MIAMI
ORD-06844,CUST-JOIN-6844,2026-09-05,4014.48,WH-NEWYORK
ORD-06845,CUST-JOIN-6845,2026-09-05,6427.64,WH-MIAMI
ORD-06846,CUST-JOIN-6846,2026-09-05,302.05,WH-CHICAGO
ORD-06847,CUST-JOIN-6847,2026-09-05,664.67,WH-MIAMI
ORD-06848,CUST-JOIN-6848,2026-09-05,6876.97,WH-NEWYORK
ORD-06849,CUST-JOIN-6849,2026-09-05,2658.42,WH-MIAMI
ORD-06850,CUST-JOIN-6850,2026-09-05,932.88,WH-NEWYORK
ORD-06851,CUST-JOIN-6851,2026-09-05,807.88,WH-CHICAGO
ORD-06852,CUST-JOIN-6852,2026-09-05,4213.73,WH-DETROIT
ORD-06853,CUST-JOIN-6853,2026-09-05,6315.88,WH-MIAMI
ORD-06854,CUST-JOIN-6854,2026-09-05,5376.82,WH-MIAMI
ORD-06855,CUST-JOIN-6855,2026-09-05,6659.96,WH-DETROIT
ORD-06856,CUST-JOIN-6856,2026-09-05,5369.6,WH-DETROIT
ORD-06857,CUST-JOIN-6857,2026-09-05,231.1,WH-CHICAGO
ORD-06858,CUST-JOIN-6858,2026-09-05,7290.37,WH-NEWYORK
ORD-06859,CUST-JOIN-6859,2026-09-05,6471.67,WH-MIAMI
ORD-06860,CUST-JOIN-6860,2026-09-05,1103.29,WH-MIAMI
ORD-06861,CUST-JOIN-6861,2026-09-05,3404.79,WH-DETROIT
ORD-06862,CUST-JOIN-6862,2026-09-05,6825.87,WH-DETROIT
ORD-06863,CUST-JOIN-6863,2026-09-05,1231.28,WH-CHICAGO
ORD-06864,CUST-JOIN-6864,2026-09-05,1461.89,WH-DETROIT
ORD-06865,CUST-JOIN-6865,2026-09-06,1851.38,WH-NEWYORK
ORD-06866,CUST-JOIN-6866,2026-09-06,365.95,WH-DETROIT
ORD-06867,CUST-JOIN-6867,2026-09-06,1867.75,WH-DETROIT
ORD-06868,CUST-JOIN-6868,2026-09-06,4167.33,WH-DETROIT
ORD-06869,CUST-JOIN-6869,2026-09-06,4231.34,WH-CHICAGO
ORD-06870,CUST-JOIN-6870,2026-09-06,5991.02,WH-CHICAGO
ORD-06871,CUST-JOIN-6871,2026-09-06,4034.94,WH-CHICAGO
ORD-06872,CUST-JOIN-6872,2026-09-06,5126.96,WH-CHICAGO
ORD-06873,CUST-JOIN-6873,2026-09-06,2101.25,WH-NEWYORK
ORD-06874,CUST-JOIN-6874,2026-09-06,7577.13,WH-CHICAGO
ORD-06875,CUST-JOIN-6875,2026-09-06,3112.72,WH-CHICAGO
ORD-06876,CUST-JOIN-6876,2026-09-06,4375.85,WH-CHICAGO
ORD-06877,CUST-JOIN-6877,2026-09-06,4709.63,WH-DETROIT
ORD-06878,CUST-JOIN-6878,2026-09-06,2574.26,WH-DETROIT
ORD-06879,CUST-JOIN-6879,2026-09-06,459.25,WH-MIAMI
ORD-06880,CUST-JOIN-6880,2026-09-06,3237.26,WH-MIAMI
ORD-06881,CUST-JOIN-6881,2026-09-06,3134.08,WH-DETROIT
ORD-06882,CUST-JOIN-6882,2026-09-06,6180.36,WH-NEWYORK
ORD-06883,CUST-JOIN-6883,2026-09-06,4997.76,WH-CHICAGO
ORD-06884,CUST-JOIN-6884,2026-09-06,7299.31,WH-DETROIT
ORD-06885,CUST-JOIN-6885,2026-09-06,270.21,WH-NEWYORK
ORD-06886,CUST-JOIN-6886,2026-09-06,332.36,WH-CHICAGO
ORD-06887,CUST-JOIN-6887,2026-09-06,6769.09,WH-NEWYORK
ORD-06888,CUST-JOIN-6888,2026-09-06,1937.51,WH-NEWYORK
ORD-06889,CUST-JOIN-6889,2026-09-07,5150.62,WH-CHICAGO
ORD-06890,CUST-JOIN-6890,2026-09-07,5999.4,WH-MIAMI
ORD-06891,CUST-JOIN-6891,2026-09-07,5961.46,WH-CHICAGO
ORD-06892,CUST-JOIN-6892,2026-09-07,7849.37,WH-CHICAGO
ORD-06893,CUST-JOIN-6893,2026-09-07,2984.89,WH-NEWYORK
ORD-06894,CUST-JOIN-6894,2026-09-07,7228.5,WH-DETROIT
ORD-06895,CUST-JOIN-6895,2026-09-07,4946.32,WH-MIAMI
ORD-06896,CUST-JOIN-6896,2026-09-07,6989.48,WH-DETROIT
ORD-06897,CUST-JOIN-6897,2026-09-07,5305.26,WH-MIAMI
ORD-06898,CUST-JOIN-6898,2026-09-07,1204.92,WH-NEWYORK
ORD-06899,CUST-JOIN-6899,2026-09-07,6424.0,WH-CHICAGO
ORD-06900,CUST-JOIN-6900,2026-09-07,2831.55,WH-DETROIT
ORD-06901,CUST-JOIN-6901,2026-09-07,2086.14,WH-NEWYORK
ORD-06902,CUST-JOIN-6902,2026-09-07,4214.31,WH-CHICAGO
ORD-06903,CUST-JOIN-6903,2026-09-07,665.19,WH-NEWYORK
ORD-06904,CUST-JOIN-6904,2026-09-07,4739.52,WH-MIAMI
ORD-06905,CUST-JOIN-6905,2026-09-07,6374.92,WH-NEWYORK
ORD-06906,CUST-JOIN-6906,2026-09-07,3191.39,WH-NEWYORK
ORD-06907,CUST-JOIN-6907,2026-09-07,6571.01,WH-NEWYORK
ORD-06908,CUST-JOIN-6908,2026-09-07,1651.0,WH-NEWYORK
ORD-06909,CUST-JOIN-6909,2026-09-07,1188.9,WH-NEWYORK
ORD-06910,CUST-JOIN-6910,2026-09-07,6478.28,WH-MIAMI
ORD-06911,CUST-JOIN-6911,2026-09-07,1391.87,WH-DETROIT
ORD-06912,CUST-JOIN-6912,2026-09-07,7233.72,WH-NEWYORK
ORD-06913,CUST-JOIN-6913,2026-09-08,5811.44,WH-MIAMI
ORD-06914,CUST-JOIN-6914,2026-09-08,440.29,WH-DETROIT
ORD-06915,CUST-JOIN-6915,2026-09-08,4967.14,WH-NEWYORK
ORD-06916,CUST-JOIN-6916,2026-09-08,6761.89,WH-MIAMI
ORD-06917,CUST-JOIN-6917,2026-09-08,6515.99,WH-DETROIT
ORD-06918,CUST-JOIN-6918,2026-09-08,2167.96,WH-NEWYORK
ORD-06919,CUST-JOIN-6919,2026-09-08,1980.45,WH-NEWYORK
ORD-06920,CUST-JOIN-6920,2026-09-08,6001.76,WH-NEWYORK
ORD-06921,CUST-JOIN-6921,2026-09-08,3430.69,WH-NEWYORK
ORD-06922,CUST-JOIN-6922,2026-09-08,4145.52,WH-NEWYORK
ORD-06923,CUST-JOIN-6923,2026-09-08,3834.19,WH-NEWYORK
ORD-06924,CUST-JOIN-6924,2026-09-08,7484.6,WH-MIAMI
ORD-06925,CUST-JOIN-6925,2026-09-08,7902.9,WH-MIAMI
ORD-06926,CUST-JOIN-6926,2026-09-08,6232.82,WH-CHICAGO
ORD-06927,CUST-JOIN-6927,2026-09-08,7445.99,WH-MIAMI
ORD-06928,CUST-JOIN-6928,2026-09-08,3441.0,WH-MIAMI
ORD-06929,CUST-JOIN-6929,2026-09-08,5816.6,WH-NEWYORK
ORD-06930,CUST-JOIN-6930,2026-09-08,2593.44,WH-MIAMI
ORD-06931,CUST-JOIN-6931,2026-09-08,366.96,WH-MIAMI
ORD-06932,CUST-JOIN-6932,2026-09-08,7978.12,WH-CHICAGO
ORD-06933,CUST-JOIN-6933,2026-09-08,1073.51,WH-NEWYORK
ORD-06934,CUST-JOIN-6934,2026-09-08,5383.1,WH-CHICAGO
ORD-06935,CUST-JOIN-6935,2026-09-08,5233.74,WH-NEWYORK
ORD-06936,CUST-JOIN-6936,2026-09-08,1990.01,WH-NEWYORK
ORD-06937,CUST-JOIN-6937,2026-09-09,6051.5,WH-DETROIT
ORD-06938,CUST-JOIN-6938,2026-09-09,6307.88,WH-CHICAGO
ORD-06939,CUST-JOIN-6939,2026-09-09,1857.48,WH-MIAMI
ORD-06940,CUST-JOIN-6940,2026-09-09,1762.33,WH-NEWYORK
ORD-06941,CUST-JOIN-6941,2026-09-09,7247.18,WH-DETROIT
ORD-06942,CUST-JOIN-6942,2026-09-09,4946.8,WH-MIAMI
ORD-06943,CUST-JOIN-6943,2026-09-09,3986.8,WH-NEWYORK
ORD-06944,CUST-JOIN-6944,2026-09-09,3784.42,WH-CHICAGO
ORD-06945,CUST-JOIN-6945,2026-09-09,4372.36,WH-CHICAGO
ORD-06946,CUST-JOIN-6946,2026-09-09,4380.36,WH-NEWYORK
ORD-06947,CUST-JOIN-6947,2026-09-09,7337.07,WH-MIAMI
ORD-06948,CUST-JOIN-6948,2026-09-09,5321.66,WH-DETROIT
ORD-06949,CUST-JOIN-6949,2026-09-09,5184.43,WH-NEWYORK
ORD-06950,CUST-JOIN-6950,2026-09-09,2647.76,WH-DETROIT
ORD-06951,CUST-JOIN-6951,2026-09-09,6009.13,WH-CHICAGO
ORD-06952,CUST-JOIN-6952,2026-09-09,1453.83,WH-CHICAGO
ORD-06953,CUST-JOIN-6953,2026-09-09,2314.9,WH-MIAMI
ORD-06954,CUST-JOIN-6954,2026-09-09,7086.43,WH-DETROIT
ORD-06955,CUST-JOIN-6955,2026-09-09,4264.41,WH-CHICAGO
ORD-06956,CUST-JOIN-6956,2026-09-09,1954.57,WH-DETROIT
ORD-06957,CUST-JOIN-6957,2026-09-09,2267.22,WH-NEWYORK
ORD-06958,CUST-JOIN-6958,2026-09-09,349.06,WH-MIAMI
ORD-06959,CUST-JOIN-6959,2026-09-09,238.12,WH-MIAMI
ORD-06960,CUST-JOIN-6960,2026-09-09,395.42,WH-CHICAGO
ORD-06961,CUST-JOIN-6961,2026-09-10,6425.34,WH-CHICAGO
ORD-06962,CUST-JOIN-6962,2026-09-10,2630.29,WH-NEWYORK
ORD-06963,CUST-JOIN-6963,2026-09-10,3475.05,WH-NEWYORK
ORD-06964,CUST-JOIN-6964,2026-09-10,2916.0,WH-MIAMI
ORD-06965,CUST-JOIN-6965,2026-09-10,655.94,WH-DETROIT
ORD-06966,CUST-JOIN-6966,2026-09-10,5814.54,WH-NEWYORK
ORD-06967,CUST-JOIN-6967,2026-09-10,1486.03,WH-NEWYORK
ORD-06968,CUST-JOIN-6968,2026-09-10,7216.06,WH-DETROIT
ORD-06969,CUST-JOIN-6969,2026-09-10,6593.41,WH-CHICAGO
ORD-06970,CUST-JOIN-6970,2026-09-10,5705.42,WH-NEWYORK
ORD-06971,CUST-JOIN-6971,2026-09-10,5002.4,WH-DETROIT
ORD-06972,CUST-JOIN-6972,2026-09-10,2815.49,WH-NEWYORK
ORD-06973,CUST-JOIN-6973,2026-09-10,6694.54,WH-NEWYORK
ORD-06974,CUST-JOIN-6974,2026-09-10,976.07,WH-NEWYORK
ORD-06975,CUST-JOIN-6975,2026-09-10,2395.05,WH-CHICAGO
ORD-06976,CUST-JOIN-6976,2026-09-10,7659.41,WH-MIAMI
ORD-06977,CUST-JOIN-6977,2026-09-10,761.39,WH-CHICAGO
ORD-06978,CUST-JOIN-6978,2026-09-10,5388.72,WH-DETROIT
ORD-06979,CUST-JOIN-6979,2026-09-10,2588.74,WH-CHICAGO
ORD-06980,CUST-JOIN-6980,2026-09-10,7211.47,WH-MIAMI
ORD-06981,CUST-JOIN-6981,2026-09-10,3516.95,WH-CHICAGO
ORD-06982,CUST-JOIN-6982,2026-09-10,7191.09,WH-MIAMI
ORD-06983,CUST-JOIN-6983,2026-09-10,3797.51,WH-DETROIT
ORD-06984,CUST-JOIN-6984,2026-09-10,3999.39,WH-NEWYORK
ORD-06985,CUST-JOIN-6985,2026-09-11,3021.53,WH-MIAMI
ORD-06986,CUST-JOIN-6986,2026-09-11,7653.09,WH-NEWYORK
ORD-06987,CUST-JOIN-6987,2026-09-11,1765.48,WH-CHICAGO
ORD-06988,CUST-JOIN-6988,2026-09-11,7478.73,WH-CHICAGO
ORD-06989,CUST-JOIN-6989,2026-09-11,3267.76,WH-CHICAGO
ORD-06990,CUST-JOIN-6990,2026-09-11,2087.03,WH-NEWYORK
ORD-06991,CUST-JOIN-6991,2026-09-11,3726.36,WH-CHICAGO
ORD-06992,CUST-JOIN-6992,2026-09-11,4844.12,WH-NEWYORK
ORD-06993,CUST-JOIN-6993,2026-09-11,3537.75,WH-NEWYORK
ORD-06994,CUST-JOIN-6994,2026-09-11,5514.07,WH-NEWYORK
ORD-06995,CUST-JOIN-6995,2026-09-11,6739.17,WH-NEWYORK
ORD-06996,CUST-JOIN-6996,2026-09-11,6582.51,WH-DETROIT
ORD-06997,CUST-JOIN-6997,2026-09-11,4224.66,WH-NEWYORK
ORD-06998,CUST-JOIN-6998,2026-09-11,1051.31,WH-MIAMI
ORD-06999,CUST-JOIN-6999,2026-09-11,7042.92,WH-MIAMI
ORD-07000,CUST-JOIN-7000,2026-09-11,4790.37,WH-CHICAGO
ORD-07001,CUST-JOIN-7001,2026-08-01,277.83,WH-DETROIT
ORD-07002,CUST-JOIN-7002,2026-08-01,6478.24,WH-CHICAGO
ORD-07003,CUST-JOIN-7003,2026-08-01,3116.54,WH-NEWYORK
ORD-07004,CUST-JOIN-7004,2026-08-01,2545.3,WH-MIAMI
ORD-07005,CUST-JOIN-7005,2026-08-01,3010.48,WH-DETROIT
ORD-07006,CUST-JOIN-7006,2026-08-01,2795.49,WH-CHICAGO
ORD-07007,CUST-JOIN-7007,2026-08-01,688.21,WH-NEWYORK
ORD-07008,CUST-JOIN-7008,2026-08-01,6923.12,WH-CHICAGO
ORD-07009,CUST-JOIN-7009,2026-08-01,5042.13,WH-CHICAGO
ORD-07010,CUST-JOIN-7010,2026-08-01,1018.36,WH-MIAMI
ORD-07011,CUST-JOIN-7011,2026-08-01,3582.59,WH-DETROIT
ORD-07012,CUST-JOIN-7012,2026-08-01,6323.32,WH-NEWYORK
ORD-07013,CUST-JOIN-7013,2026-08-01,5280.16,WH-NEWYORK
ORD-07014,CUST-JOIN-7014,2026-08-01,3239.03,WH-MIAMI
ORD-07015,CUST-JOIN-7015,2026-08-01,6049.81,WH-DETROIT
ORD-07016,CUST-JOIN-7016,2026-08-01,4371.55,WH-CHICAGO
ORD-07017,CUST-JOIN-7017,2026-08-01,2525.73,WH-DETROIT
ORD-07018,CUST-JOIN-7018,2026-08-01,671.46,WH-MIAMI
ORD-07019,CUST-JOIN-7019,2026-08-01,3151.02,WH-MIAMI
ORD-07020,CUST-JOIN-7020,2026-08-01,373.25,WH-NEWYORK
ORD-07021,CUST-JOIN-7021,2026-08-01,7325.49,WH-MIAMI
ORD-07022,CUST-JOIN-7022,2026-08-01,5595.59,WH-DETROIT
ORD-07023,CUST-JOIN-7023,2026-08-01,5038.75,WH-MIAMI
ORD-07024,CUST-JOIN-7024,2026-08-01,405.09,WH-MIAMI
ORD-07025,CUST-JOIN-7025,2026-08-02,4787.28,WH-MIAMI
ORD-07026,CUST-JOIN-7026,2026-08-02,7921.03,WH-DETROIT
ORD-07027,CUST-JOIN-7027,2026-08-02,5090.3,WH-NEWYORK
ORD-07028,CUST-JOIN-7028,2026-08-02,4494.5,WH-MIAMI
ORD-07029,CUST-JOIN-7029,2026-08-02,2521.29,WH-NEWYORK
ORD-07030,CUST-JOIN-7030,2026-08-02,7359.78,WH-CHICAGO
ORD-07031,CUST-JOIN-7031,2026-08-02,4498.67,WH-CHICAGO
ORD-07032,CUST-JOIN-7032,2026-08-02,3520.13,WH-DETROIT
ORD-07033,CUST-JOIN-7033,2026-08-02,2584.53,WH-DETROIT
ORD-07034,CUST-JOIN-7034,2026-08-02,541.05,WH-CHICAGO
ORD-07035,CUST-JOIN-7035,2026-08-02,339.67,WH-CHICAGO
ORD-07036,CUST-JOIN-7036,2026-08-02,1766.12,WH-CHICAGO
ORD-07037,CUST-JOIN-7037,2026-08-02,3712.36,WH-MIAMI
ORD-07038,CUST-JOIN-7038,2026-08-02,7736.26,WH-DETROIT
ORD-07039,CUST-JOIN-7039,2026-08-02,3200.31,WH-NEWYORK
ORD-07040,CUST-JOIN-7040,2026-08-02,1667.69,WH-MIAMI
ORD-07041,CUST-JOIN-7041,2026-08-02,2238.25,WH-NEWYORK
ORD-07042,CUST-JOIN-7042,2026-08-02,5676.88,WH-CHICAGO
ORD-07043,CUST-JOIN-7043,2026-08-02,5414.46,WH-NEWYORK
ORD-07044,CUST-JOIN-7044,2026-08-02,6640.66,WH-NEWYORK
ORD-07045,CUST-JOIN-7045,2026-08-02,2347.44,WH-NEWYORK
ORD-07046,CUST-JOIN-7046,2026-08-02,6824.6,WH-NEWYORK
ORD-07047,CUST-JOIN-7047,2026-08-02,7060.41,WH-CHICAGO
ORD-07048,CUST-JOIN-7048,2026-08-02,1891.92,WH-DETROIT
ORD-07049,CUST-JOIN-7049,2026-08-03,3455.18,WH-MIAMI
ORD-07050,CUST-JOIN-7050,2026-08-03,720.92,WH-NEWYORK
ORD-07051,CUST-JOIN-7051,2026-08-03,396.65,WH-MIAMI
ORD-07052,CUST-JOIN-7052,2026-08-03,5106.31,WH-CHICAGO
ORD-07053,CUST-JOIN-7053,2026-08-03,1427.99,WH-NEWYORK
ORD-07054,CUST-JOIN-7054,2026-08-03,4460.38,WH-MIAMI
ORD-07055,CUST-JOIN-7055,2026-08-03,3008.16,WH-NEWYORK
ORD-07056,CUST-JOIN-7056,2026-08-03,3382.08,WH-CHICAGO
ORD-07057,CUST-JOIN-7057,2026-08-03,7096.56,WH-MIAMI
ORD-07058,CUST-JOIN-7058,2026-08-03,3511.93,WH-CHICAGO
ORD-07059,CUST-JOIN-7059,2026-08-03,4068.21,WH-DETROIT
ORD-07060,CUST-JOIN-7060,2026-08-03,7230.74,WH-NEWYORK
ORD-07061,CUST-JOIN-7061,2026-08-03,507.67,WH-MIAMI
ORD-07062,CUST-JOIN-7062,2026-08-03,3920.19,WH-DETROIT
ORD-07063,CUST-JOIN-7063,2026-08-03,3509.08,WH-MIAMI
ORD-07064,CUST-JOIN-7064,2026-08-03,2592.54,WH-DETROIT
ORD-07065,CUST-JOIN-7065,2026-08-03,5718.77,WH-DETROIT
ORD-07066,CUST-JOIN-7066,2026-08-03,5317.36,WH-CHICAGO
ORD-07067,CUST-JOIN-7067,2026-08-03,7303.77,WH-MIAMI
ORD-07068,CUST-JOIN-7068,2026-08-03,1477.78,WH-CHICAGO
ORD-07069,CUST-JOIN-7069,2026-08-03,1782.61,WH-MIAMI
ORD-07070,CUST-JOIN-7070,2026-08-03,3935.37,WH-NEWYORK
ORD-07071,CUST-JOIN-7071,2026-08-03,5670.7,WH-NEWYORK
ORD-07072,CUST-JOIN-7072,2026-08-03,5344.69,WH-DETROIT
ORD-07073,CUST-JOIN-7073,2026-08-04,5752.71,WH-NEWYORK
ORD-07074,CUST-JOIN-7074,2026-08-04,7700.76,WH-NEWYORK
ORD-07075,CUST-JOIN-7075,2026-08-04,3844.75,WH-CHICAGO
ORD-07076,CUST-JOIN-7076,2026-08-04,6028.7,WH-NEWYORK
ORD-07077,CUST-JOIN-7077,2026-08-04,4646.74,WH-MIAMI
ORD-07078,CUST-JOIN-7078,2026-08-04,7224.15,WH-MIAMI
ORD-07079,CUST-JOIN-7079,2026-08-04,1388.54,WH-CHICAGO
ORD-07080,CUST-JOIN-7080,2026-08-04,5845.61,WH-MIAMI
ORD-07081,CUST-JOIN-7081,2026-08-04,5698.35,WH-NEWYORK
ORD-07082,CUST-JOIN-7082,2026-08-04,6558.8,WH-MIAMI
ORD-07083,CUST-JOIN-7083,2026-08-04,3626.08,WH-NEWYORK
ORD-07084,CUST-JOIN-7084,2026-08-04,5919.66,WH-DETROIT
ORD-07085,CUST-JOIN-7085,2026-08-04,4046.51,WH-NEWYORK
ORD-07086,CUST-JOIN-7086,2026-08-04,4801.78,WH-DETROIT
ORD-07087,CUST-JOIN-7087,2026-08-04,5308.46,WH-NEWYORK
ORD-07088,CUST-JOIN-7088,2026-08-04,6903.83,WH-NEWYORK
ORD-07089,CUST-JOIN-7089,2026-08-04,1042.62,WH-DETROIT
ORD-07090,CUST-JOIN-7090,2026-08-04,6639.38,WH-NEWYORK
ORD-07091,CUST-JOIN-7091,2026-08-04,7338.37,WH-NEWYORK
ORD-07092,CUST-JOIN-7092,2026-08-04,1685.84,WH-MIAMI
ORD-07093,CUST-JOIN-7093,2026-08-04,4523.79,WH-MIAMI
ORD-07094,CUST-JOIN-7094,2026-08-04,1885.68,WH-MIAMI
ORD-07095,CUST-JOIN-7095,2026-08-04,1230.27,WH-CHICAGO
ORD-07096,CUST-JOIN-7096,2026-08-04,7436.71,WH-MIAMI
ORD-07097,CUST-JOIN-7097,2026-08-05,3665.51,WH-MIAMI
ORD-07098,CUST-JOIN-7098,2026-08-05,3159.97,WH-MIAMI
ORD-07099,CUST-JOIN-7099,2026-08-05,4991.39,WH-CHICAGO
ORD-07100,CUST-JOIN-7100,2026-08-05,4292.26,WH-DETROIT
ORD-07101,CUST-JOIN-7101,2026-08-05,1524.04,WH-NEWYORK
ORD-07102,CUST-JOIN-7102,2026-08-05,7826.42,WH-DETROIT
ORD-07103,CUST-JOIN-7103,2026-08-05,5520.84,WH-MIAMI
ORD-07104,CUST-JOIN-7104,2026-08-05,7755.48,WH-CHICAGO
ORD-07105,CUST-JOIN-7105,2026-08-05,6971.86,WH-CHICAGO
ORD-07106,CUST-JOIN-7106,2026-08-05,7635.85,WH-DETROIT
ORD-07107,CUST-JOIN-7107,2026-08-05,3688.66,WH-MIAMI
ORD-07108,CUST-JOIN-7108,2026-08-05,2121.69,WH-CHICAGO
ORD-07109,CUST-JOIN-7109,2026-08-05,7321.48,WH-DETROIT
ORD-07110,CUST-JOIN-7110,2026-08-05,7471.84,WH-CHICAGO
ORD-07111,CUST-JOIN-7111,2026-08-05,3552.64,WH-NEWYORK
ORD-07112,CUST-JOIN-7112,2026-08-05,7376.54,WH-DETROIT
ORD-07113,CUST-JOIN-7113,2026-08-05,2408.81,WH-NEWYORK
ORD-07114,CUST-JOIN-7114,2026-08-05,4028.19,WH-NEWYORK
ORD-07115,CUST-JOIN-7115,2026-08-05,6526.28,WH-NEWYORK
ORD-07116,CUST-JOIN-7116,2026-08-05,7449.43,WH-MIAMI
ORD-07117,CUST-JOIN-7117,2026-08-05,5604.99,WH-DETROIT
ORD-07118,CUST-JOIN-7118,2026-08-05,2726.68,WH-DETROIT
ORD-07119,CUST-JOIN-7119,2026-08-05,1460.43,WH-DETROIT
ORD-07120,CUST-JOIN-7120,2026-08-05,1998.8,WH-DETROIT
ORD-07121,CUST-JOIN-7121,2026-08-06,5854.22,WH-NEWYORK
ORD-07122,CUST-JOIN-7122,2026-08-06,6854.58,WH-MIAMI
ORD-07123,CUST-JOIN-7123,2026-08-06,2857.99,WH-CHICAGO
ORD-07124,CUST-JOIN-7124,2026-08-06,6709.63,WH-DETROIT
ORD-07125,CUST-JOIN-7125,2026-08-06,1570.04,WH-DETROIT
ORD-07126,CUST-JOIN-7126,2026-08-06,4475.0,WH-CHICAGO
ORD-07127,CUST-JOIN-7127,2026-08-06,3502.62,WH-CHICAGO
ORD-07128,CUST-JOIN-7128,2026-08-06,272.96,WH-NEWYORK
ORD-07129,CUST-JOIN-7129,2026-08-06,7705.76,WH-CHICAGO
ORD-07130,CUST-JOIN-7130,2026-08-06,5143.73,WH-CHICAGO
ORD-07131,CUST-JOIN-7131,2026-08-06,4921.97,WH-DETROIT
ORD-07132,CUST-JOIN-7132,2026-08-06,7441.38,WH-MIAMI
ORD-07133,CUST-JOIN-7133,2026-08-06,2973.84,WH-DETROIT
ORD-07134,CUST-JOIN-7134,2026-08-06,2605.17,WH-MIAMI
ORD-07135,CUST-JOIN-7135,2026-08-06,7855.6,WH-DETROIT
ORD-07136,CUST-JOIN-7136,2026-08-06,7508.68,WH-MIAMI
ORD-07137,CUST-JOIN-7137,2026-08-06,7928.5,WH-CHICAGO
ORD-07138,CUST-JOIN-7138,2026-08-06,1441.91,WH-NEWYORK
ORD-07139,CUST-JOIN-7139,2026-08-06,7861.92,WH-MIAMI
ORD-07140,CUST-JOIN-7140,2026-08-06,5821.19,WH-CHICAGO
ORD-07141,CUST-JOIN-7141,2026-08-06,3494.65,WH-MIAMI
ORD-07142,CUST-JOIN-7142,2026-08-06,6723.86,WH-CHICAGO
ORD-07143,CUST-JOIN-7143,2026-08-06,3860.06,WH-NEWYORK
ORD-07144,CUST-JOIN-7144,2026-08-06,7050.78,WH-CHICAGO
ORD-07145,CUST-JOIN-7145,2026-08-07,2344.43,WH-MIAMI
ORD-07146,CUST-JOIN-7146,2026-08-07,6461.51,WH-MIAMI
ORD-07147,CUST-JOIN-7147,2026-08-07,4858.17,WH-MIAMI
ORD-07148,CUST-JOIN-7148,2026-08-07,3241.41,WH-NEWYORK
ORD-07149,CUST-JOIN-7149,2026-08-07,5479.78,WH-MIAMI
ORD-07150,CUST-JOIN-7150,2026-08-07,4845.22,WH-CHICAGO
ORD-07151,CUST-JOIN-7151,2026-08-07,3779.97,WH-DETROIT
ORD-07152,CUST-JOIN-7152,2026-08-07,4514.45,WH-CHICAGO
ORD-07153,CUST-JOIN-7153,2026-08-07,6128.79,WH-DETROIT
ORD-07154,CUST-JOIN-7154,2026-08-07,5850.5,WH-NEWYORK
ORD-07155,CUST-JOIN-7155,2026-08-07,1158.74,WH-MIAMI
ORD-07156,CUST-JOIN-7156,2026-08-07,6493.45,WH-MIAMI
ORD-07157,CUST-JOIN-7157,2026-08-07,1017.92,WH-MIAMI
ORD-07158,CUST-JOIN-7158,2026-08-07,6309.03,WH-CHICAGO
ORD-07159,CUST-JOIN-7159,2026-08-07,6164.17,WH-MIAMI
ORD-07160,CUST-JOIN-7160,2026-08-07,5210.06,WH-CHICAGO
ORD-07161,CUST-JOIN-7161,2026-08-07,2526.42,WH-CHICAGO
ORD-07162,CUST-JOIN-7162,2026-08-07,5356.86,WH-CHICAGO
ORD-07163,CUST-JOIN-7163,2026-08-07,4814.07,WH-NEWYORK
ORD-07164,CUST-JOIN-7164,2026-08-07,4836.24,WH-DETROIT
ORD-07165,CUST-JOIN-7165,2026-08-07,4572.67,WH-NEWYORK
ORD-07166,CUST-JOIN-7166,2026-08-07,2655.52,WH-NEWYORK
ORD-07167,CUST-JOIN-7167,2026-08-07,6099.96,WH-MIAMI
ORD-07168,CUST-JOIN-7168,2026-08-07,3041.95,WH-MIAMI
ORD-07169,CUST-JOIN-7169,2026-08-08,6404.86,WH-DETROIT
ORD-07170,CUST-JOIN-7170,2026-08-08,5421.05,WH-MIAMI
ORD-07171,CUST-JOIN-7171,2026-08-08,3426.29,WH-CHICAGO
ORD-07172,CUST-JOIN-7172,2026-08-08,3679.41,WH-CHICAGO
ORD-07173,CUST-JOIN-7173,2026-08-08,3016.82,WH-DETROIT
ORD-07174,CUST-JOIN-7174,2026-08-08,892.05,WH-NEWYORK
ORD-07175,CUST-JOIN-7175,2026-08-08,2028.52,WH-NEWYORK
ORD-07176,CUST-JOIN-7176,2026-08-08,2490.83,WH-NEWYORK
ORD-07177,CUST-JOIN-7177,2026-08-08,1239.17,WH-NEWYORK
ORD-07178,CUST-JOIN-7178,2026-08-08,5749.08,WH-DETROIT
ORD-07179,CUST-JOIN-7179,2026-08-08,2600.37,WH-CHICAGO
ORD-07180,CUST-JOIN-7180,2026-08-08,3914.22,WH-CHICAGO
ORD-07181,CUST-JOIN-7181,2026-08-08,6455.38,WH-CHICAGO
ORD-07182,CUST-JOIN-7182,2026-08-08,4841.47,WH-DETROIT
ORD-07183,CUST-JOIN-7183,2026-08-08,6117.48,WH-CHICAGO
ORD-07184,CUST-JOIN-7184,2026-08-08,4617.94,WH-DETROIT
ORD-07185,CUST-JOIN-7185,2026-08-08,6205.5,WH-CHICAGO
ORD-07186,CUST-JOIN-7186,2026-08-08,2031.9,WH-DETROIT
ORD-07187,CUST-JOIN-7187,2026-08-08,4129.4,WH-NEWYORK
ORD-07188,CUST-JOIN-7188,2026-08-08,1899.71,WH-CHICAGO
ORD-07189,CUST-JOIN-7189,2026-08-08,3946.3,WH-MIAMI
ORD-07190,CUST-JOIN-7190,2026-08-08,6691.77,WH-NEWYORK
ORD-07191,CUST-JOIN-7191,2026-08-08,1830.32,WH-MIAMI
ORD-07192,CUST-JOIN-7192,2026-08-08,7610.13,WH-MIAMI
ORD-07193,CUST-JOIN-7193,2026-08-09,3822.66,WH-DETROIT
ORD-07194,CUST-JOIN-7194,2026-08-09,6103.53,WH-CHICAGO
ORD-07195,CUST-JOIN-7195,2026-08-09,3099.77,WH-CHICAGO
ORD-07196,CUST-JOIN-7196,2026-08-09,2564.04,WH-CHICAGO
ORD-07197,CUST-JOIN-7197,2026-08-09,220.93,WH-MIAMI
ORD-07198,CUST-JOIN-7198,2026-08-09,1272.61,WH-CHICAGO
ORD-07199,CUST-JOIN-7199,2026-08-09,3288.75,WH-DETROIT
ORD-07200,CUST-JOIN-7200,2026-08-09,6243.38,WH-NEWYORK
ORD-07201,CUST-JOIN-7201,2026-08-09,306.18,WH-NEWYORK
ORD-07202,CUST-JOIN-7202,2026-08-09,5233.9,WH-DETROIT
ORD-07203,CUST-JOIN-7203,2026-08-09,5882.12,WH-DETROIT
ORD-07204,CUST-JOIN-7204,2026-08-09,6872.55,WH-MIAMI
ORD-07205,CUST-JOIN-7205,2026-08-09,4858.25,WH-CHICAGO
ORD-07206,CUST-JOIN-7206,2026-08-09,2657.03,WH-DETROIT
ORD-07207,CUST-JOIN-7207,2026-08-09,5073.59,WH-NEWYORK
ORD-07208,CUST-JOIN-7208,2026-08-09,4131.05,WH-DETROIT
ORD-07209,CUST-JOIN-7209,2026-08-09,4641.61,WH-CHICAGO
ORD-07210,CUST-JOIN-7210,2026-08-09,1931.36,WH-NEWYORK
ORD-07211,CUST-JOIN-7211,2026-08-09,4407.21,WH-MIAMI
ORD-07212,CUST-JOIN-7212,2026-08-09,7128.69,WH-DETROIT
ORD-07213,CUST-JOIN-7213,2026-08-09,7389.52,WH-NEWYORK
ORD-07214,CUST-JOIN-7214,2026-08-09,1339.33,WH-NEWYORK
ORD-07215,CUST-JOIN-7215,2026-08-09,840.36,WH-NEWYORK
ORD-07216,CUST-JOIN-7216,2026-08-09,5961.56,WH-NEWYORK
ORD-07217,CUST-JOIN-7217,2026-08-10,1579.21,WH-NEWYORK
ORD-07218,CUST-JOIN-7218,2026-08-10,7334.57,WH-NEWYORK
ORD-07219,CUST-JOIN-7219,2026-08-10,7456.79,WH-CHICAGO
ORD-07220,CUST-JOIN-7220,2026-08-10,7239.95,WH-NEWYORK
ORD-07221,CUST-JOIN-7221,2026-08-10,3151.32,WH-MIAMI
ORD-07222,CUST-JOIN-7222,2026-08-10,7221.11,WH-CHICAGO
ORD-07223,CUST-JOIN-7223,2026-08-10,4719.95,WH-CHICAGO
ORD-07224,CUST-JOIN-7224,2026-08-10,3102.87,WH-NEWYORK
ORD-07225,CUST-JOIN-7225,2026-08-10,6425.44,WH-CHICAGO
ORD-07226,CUST-JOIN-7226,2026-08-10,4545.51,WH-MIAMI
ORD-07227,CUST-JOIN-7227,2026-08-10,2415.59,WH-DETROIT
ORD-07228,CUST-JOIN-7228,2026-08-10,7297.06,WH-DETROIT
ORD-07229,CUST-JOIN-7229,2026-08-10,3156.81,WH-DETROIT
ORD-07230,CUST-JOIN-7230,2026-08-10,6885.91,WH-DETROIT
ORD-07231,CUST-JOIN-7231,2026-08-10,5431.5,WH-MIAMI
ORD-07232,CUST-JOIN-7232,2026-08-10,6606.53,WH-MIAMI
ORD-07233,CUST-JOIN-7233,2026-08-10,5571.7,WH-MIAMI
ORD-07234,CUST-JOIN-7234,2026-08-10,5619.19,WH-NEWYORK
ORD-07235,CUST-JOIN-7235,2026-08-10,2121.06,WH-CHICAGO
ORD-07236,CUST-JOIN-7236,2026-08-10,1038.53,WH-CHICAGO
ORD-07237,CUST-JOIN-7237,2026-08-10,5180.09,WH-NEWYORK
ORD-07238,CUST-JOIN-7238,2026-08-10,5197.63,WH-DETROIT
ORD-07239,CUST-JOIN-7239,2026-08-10,4011.12,WH-MIAMI
ORD-07240,CUST-JOIN-7240,2026-08-10,7128.57,WH-NEWYORK
ORD-07241,CUST-JOIN-7241,2026-08-11,5286.69,WH-DETROIT
ORD-07242,CUST-JOIN-7242,2026-08-11,2686.46,WH-CHICAGO
ORD-07243,CUST-JOIN-7243,2026-08-11,972.74,WH-DETROIT
ORD-07244,CUST-JOIN-7244,2026-08-11,7599.52,WH-MIAMI
ORD-07245,CUST-JOIN-7245,2026-08-11,4177.05,WH-MIAMI
ORD-07246,CUST-JOIN-7246,2026-08-11,4716.96,WH-CHICAGO
ORD-07247,CUST-JOIN-7247,2026-08-11,3267.74,WH-MIAMI
ORD-07248,CUST-JOIN-7248,2026-08-11,1224.09,WH-NEWYORK
ORD-07249,CUST-JOIN-7249,2026-08-11,3439.68,WH-MIAMI
ORD-07250,CUST-JOIN-7250,2026-08-11,6272.32,WH-NEWYORK
ORD-07251,CUST-JOIN-7251,2026-08-11,3484.97,WH-MIAMI
ORD-07252,CUST-JOIN-7252,2026-08-11,3711.84,WH-NEWYORK
ORD-07253,CUST-JOIN-7253,2026-08-11,7801.46,WH-NEWYORK
ORD-07254,CUST-JOIN-7254,2026-08-11,1735.57,WH-DETROIT
ORD-07255,CUST-JOIN-7255,2026-08-11,3690.82,WH-MIAMI
ORD-07256,CUST-JOIN-7256,2026-08-11,3836.59,WH-NEWYORK
ORD-07257,CUST-JOIN-7257,2026-08-11,1161.66,WH-DETROIT
ORD-07258,CUST-JOIN-7258,2026-08-11,2808.1,WH-DETROIT
ORD-07259,CUST-JOIN-7259,2026-08-11,6599.92,WH-CHICAGO
ORD-07260,CUST-JOIN-7260,2026-08-11,3190.05,WH-DETROIT
ORD-07261,CUST-JOIN-7261,2026-08-11,6652.57,WH-NEWYORK
ORD-07262,CUST-JOIN-7262,2026-08-11,3496.54,WH-DETROIT
ORD-07263,CUST-JOIN-7263,2026-08-11,550.68,WH-DETROIT
ORD-07264,CUST-JOIN-7264,2026-08-11,6090.42,WH-CHICAGO
ORD-07265,CUST-JOIN-7265,2026-08-12,3910.67,WH-NEWYORK
ORD-07266,CUST-JOIN-7266,2026-08-12,1763.48,WH-DETROIT
ORD-07267,CUST-JOIN-7267,2026-08-12,2215.81,WH-MIAMI
ORD-07268,CUST-JOIN-7268,2026-08-12,6078.33,WH-MIAMI
ORD-07269,CUST-JOIN-7269,2026-08-12,2376.46,WH-MIAMI
ORD-07270,CUST-JOIN-7270,2026-08-12,7460.77,WH-CHICAGO
ORD-07271,CUST-JOIN-7271,2026-08-12,6790.03,WH-DETROIT
ORD-07272,CUST-JOIN-7272,2026-08-12,3891.35,WH-DETROIT
ORD-07273,CUST-JOIN-7273,2026-08-12,3049.23,WH-NEWYORK
ORD-07274,CUST-JOIN-7274,2026-08-12,5354.7,WH-MIAMI
ORD-07275,CUST-JOIN-7275,2026-08-12,2342.99,WH-NEWYORK
ORD-07276,CUST-JOIN-7276,2026-08-12,5080.22,WH-DETROIT
ORD-07277,CUST-JOIN-7277,2026-08-12,4536.02,WH-DETROIT
ORD-07278,CUST-JOIN-7278,2026-08-12,5400.48,WH-NEWYORK
ORD-07279,CUST-JOIN-7279,2026-08-12,7536.87,WH-MIAMI
ORD-07280,CUST-JOIN-7280,2026-08-12,4837.45,WH-DETROIT
ORD-07281,CUST-JOIN-7281,2026-08-12,1498.65,WH-MIAMI
ORD-07282,CUST-JOIN-7282,2026-08-12,4660.49,WH-CHICAGO
ORD-07283,CUST-JOIN-7283,2026-08-12,2726.49,WH-CHICAGO
ORD-07284,CUST-JOIN-7284,2026-08-12,357.19,WH-DETROIT
ORD-07285,CUST-JOIN-7285,2026-08-12,977.09,WH-DETROIT
ORD-07286,CUST-JOIN-7286,2026-08-12,7727.62,WH-MIAMI
ORD-07287,CUST-JOIN-7287,2026-08-12,7336.85,WH-DETROIT
ORD-07288,CUST-JOIN-7288,2026-08-12,6913.75,WH-MIAMI
ORD-07289,CUST-JOIN-7289,2026-08-13,604.02,WH-CHICAGO
ORD-07290,CUST-JOIN-7290,2026-08-13,1017.37,WH-NEWYORK
ORD-07291,CUST-JOIN-7291,2026-08-13,6262.1,WH-NEWYORK
ORD-07292,CUST-JOIN-7292,2026-08-13,1602.79,WH-NEWYORK
ORD-07293,CUST-JOIN-7293,2026-08-13,2955.32,WH-MIAMI
ORD-07294,CUST-JOIN-7294,2026-08-13,5928.17,WH-NEWYORK
ORD-07295,CUST-JOIN-7295,2026-08-13,3342.47,WH-DETROIT
ORD-07296,CUST-JOIN-7296,2026-08-13,7891.11,WH-MIAMI
ORD-07297,CUST-JOIN-7297,2026-08-13,6371.99,WH-NEWYORK
ORD-07298,CUST-JOIN-7298,2026-08-13,1445.04,WH-DETROIT
ORD-07299,CUST-JOIN-7299,2026-08-13,6019.18,WH-DETROIT
ORD-07300,CUST-JOIN-7300,2026-08-13,6915.8,WH-CHICAGO
ORD-07301,CUST-JOIN-7301,2026-08-13,803.51,WH-NEWYORK
ORD-07302,CUST-JOIN-7302,2026-08-13,4306.3,WH-DETROIT
ORD-07303,CUST-JOIN-7303,2026-08-13,6364.63,WH-MIAMI
ORD-07304,CUST-JOIN-7304,2026-08-13,4402.87,WH-NEWYORK
ORD-07305,CUST-JOIN-7305,2026-08-13,981.72,WH-DETROIT
ORD-07306,CUST-JOIN-7306,2026-08-13,2913.22,WH-CHICAGO
ORD-07307,CUST-JOIN-7307,2026-08-13,2644.04,WH-NEWYORK
ORD-07308,CUST-JOIN-7308,2026-08-13,2638.32,WH-NEWYORK
ORD-07309,CUST-JOIN-7309,2026-08-13,3610.64,WH-DETROIT
ORD-07310,CUST-JOIN-7310,2026-08-13,1307.24,WH-CHICAGO
ORD-07311,CUST-JOIN-7311,2026-08-13,4080.23,WH-NEWYORK
ORD-07312,CUST-JOIN-7312,2026-08-13,5287.22,WH-DETROIT
ORD-07313,CUST-JOIN-7313,2026-08-14,3460.03,WH-CHICAGO
ORD-07314,CUST-JOIN-7314,2026-08-14,4101.41,WH-NEWYORK
ORD-07315,CUST-JOIN-7315,2026-08-14,6008.1,WH-NEWYORK
ORD-07316,CUST-JOIN-7316,2026-08-14,6192.05,WH-NEWYORK
ORD-07317,CUST-JOIN-7317,2026-08-14,3212.01,WH-CHICAGO
ORD-07318,CUST-JOIN-7318,2026-08-14,215.47,WH-NEWYORK
ORD-07319,CUST-JOIN-7319,2026-08-14,6166.45,WH-NEWYORK
ORD-07320,CUST-JOIN-7320,2026-08-14,6839.59,WH-DETROIT
ORD-07321,CUST-JOIN-7321,2026-08-14,5107.39,WH-MIAMI
ORD-07322,CUST-JOIN-7322,2026-08-14,1023.67,WH-NEWYORK
ORD-07323,CUST-JOIN-7323,2026-08-14,4051.25,WH-NEWYORK
ORD-07324,CUST-JOIN-7324,2026-08-14,2122.38,WH-DETROIT
ORD-07325,CUST-JOIN-7325,2026-08-14,4830.37,WH-MIAMI
ORD-07326,CUST-JOIN-7326,2026-08-14,4195.38,WH-NEWYORK
ORD-07327,CUST-JOIN-7327,2026-08-14,4059.17,WH-MIAMI
ORD-07328,CUST-JOIN-7328,2026-08-14,3273.93,WH-MIAMI
ORD-07329,CUST-JOIN-7329,2026-08-14,882.15,WH-NEWYORK
ORD-07330,CUST-JOIN-7330,2026-08-14,4877.03,WH-MIAMI
ORD-07331,CUST-JOIN-7331,2026-08-14,6733.84,WH-CHICAGO
ORD-07332,CUST-JOIN-7332,2026-08-14,6154.64,WH-CHICAGO
ORD-07333,CUST-JOIN-7333,2026-08-14,6125.93,WH-NEWYORK
ORD-07334,CUST-JOIN-7334,2026-08-14,6489.94,WH-DETROIT
ORD-07335,CUST-JOIN-7335,2026-08-14,3413.01,WH-NEWYORK
ORD-07336,CUST-JOIN-7336,2026-08-14,5689.59,WH-DETROIT
ORD-07337,CUST-JOIN-7337,2026-08-15,7145.28,WH-NEWYORK
ORD-07338,CUST-JOIN-7338,2026-08-15,7477.93,WH-CHICAGO
ORD-07339,CUST-JOIN-7339,2026-08-15,2292.79,WH-MIAMI
ORD-07340,CUST-JOIN-7340,2026-08-15,7490.86,WH-DETROIT
ORD-07341,CUST-JOIN-7341,2026-08-15,5833.04,WH-CHICAGO
ORD-07342,CUST-JOIN-7342,2026-08-15,6352.16,WH-DETROIT
ORD-07343,CUST-JOIN-7343,2026-08-15,1146.05,WH-DETROIT
ORD-07344,CUST-JOIN-7344,2026-08-15,4192.43,WH-DETROIT
ORD-07345,CUST-JOIN-7345,2026-08-15,4547.92,WH-MIAMI
ORD-07346,CUST-JOIN-7346,2026-08-15,4831.95,WH-MIAMI
ORD-07347,CUST-JOIN-7347,2026-08-15,6309.21,WH-CHICAGO
ORD-07348,CUST-JOIN-7348,2026-08-15,4159.89,WH-DETROIT
ORD-07349,CUST-JOIN-7349,2026-08-15,3473.02,WH-MIAMI
ORD-07350,CUST-JOIN-7350,2026-08-15,3827.31,WH-DETROIT
ORD-07351,CUST-JOIN-7351,2026-08-15,244.16,WH-NEWYORK
ORD-07352,CUST-JOIN-7352,2026-08-15,5953.85,WH-NEWYORK
ORD-07353,CUST-JOIN-7353,2026-08-15,4918.41,WH-MIAMI
ORD-07354,CUST-JOIN-7354,2026-08-15,949.59,WH-NEWYORK
ORD-07355,CUST-JOIN-7355,2026-08-15,3048.53,WH-CHICAGO
ORD-07356,CUST-JOIN-7356,2026-08-15,6622.0,WH-DETROIT
ORD-07357,CUST-JOIN-7357,2026-08-15,5704.36,WH-DETROIT
ORD-07358,CUST-JOIN-7358,2026-08-15,484.52,WH-CHICAGO
ORD-07359,CUST-JOIN-7359,2026-08-15,4344.35,WH-NEWYORK
ORD-07360,CUST-JOIN-7360,2026-08-15,6561.74,WH-MIAMI
ORD-07361,CUST-JOIN-7361,2026-08-16,7990.43,WH-MIAMI
ORD-07362,CUST-JOIN-7362,2026-08-16,4942.05,WH-DETROIT
ORD-07363,CUST-JOIN-7363,2026-08-16,3018.13,WH-MIAMI
ORD-07364,CUST-JOIN-7364,2026-08-16,4541.89,WH-CHICAGO
ORD-07365,CUST-JOIN-7365,2026-08-16,6072.68,WH-MIAMI
ORD-07366,CUST-JOIN-7366,2026-08-16,1102.3,WH-DETROIT
ORD-07367,CUST-JOIN-7367,2026-08-16,2336.26,WH-NEWYORK
ORD-07368,CUST-JOIN-7368,2026-08-16,598.04,WH-MIAMI
ORD-07369,CUST-JOIN-7369,2026-08-16,774.04,WH-CHICAGO
ORD-07370,CUST-JOIN-7370,2026-08-16,7809.09,WH-NEWYORK
ORD-07371,CUST-JOIN-7371,2026-08-16,5726.36,WH-CHICAGO
ORD-07372,CUST-JOIN-7372,2026-08-16,4544.41,WH-NEWYORK
ORD-07373,CUST-JOIN-7373,2026-08-16,5804.34,WH-DETROIT
ORD-07374,CUST-JOIN-7374,2026-08-16,5146.07,WH-MIAMI
ORD-07375,CUST-JOIN-7375,2026-08-16,4153.74,WH-CHICAGO
ORD-07376,CUST-JOIN-7376,2026-08-16,7321.54,WH-NEWYORK
ORD-07377,CUST-JOIN-7377,2026-08-16,5007.02,WH-DETROIT
ORD-07378,CUST-JOIN-7378,2026-08-16,2473.38,WH-MIAMI
ORD-07379,CUST-JOIN-7379,2026-08-16,2854.56,WH-NEWYORK
ORD-07380,CUST-JOIN-7380,2026-08-16,1587.93,WH-DETROIT
ORD-07381,CUST-JOIN-7381,2026-08-16,7865.94,WH-NEWYORK
ORD-07382,CUST-JOIN-7382,2026-08-16,4727.56,WH-NEWYORK
ORD-07383,CUST-JOIN-7383,2026-08-16,2368.81,WH-MIAMI
ORD-07384,CUST-JOIN-7384,2026-08-16,1647.33,WH-DETROIT
ORD-07385,CUST-JOIN-7385,2026-08-17,6789.73,WH-NEWYORK
ORD-07386,CUST-JOIN-7386,2026-08-17,1351.76,WH-MIAMI
ORD-07387,CUST-JOIN-7387,2026-08-17,627.05,WH-DETROIT
ORD-07388,CUST-JOIN-7388,2026-08-17,848.02,WH-DETROIT
ORD-07389,CUST-JOIN-7389,2026-08-17,5486.13,WH-DETROIT
ORD-07390,CUST-JOIN-7390,2026-08-17,5783.02,WH-MIAMI
ORD-07391,CUST-JOIN-7391,2026-08-17,5751.83,WH-NEWYORK
ORD-07392,CUST-JOIN-7392,2026-08-17,4595.24,WH-DETROIT
ORD-07393,CUST-JOIN-7393,2026-08-17,2490.02,WH-DETROIT
ORD-07394,CUST-JOIN-7394,2026-08-17,6635.69,WH-DETROIT
ORD-07395,CUST-JOIN-7395,2026-08-17,416.08,WH-CHICAGO
ORD-07396,CUST-JOIN-7396,2026-08-17,5693.78,WH-MIAMI
ORD-07397,CUST-JOIN-7397,2026-08-17,7854.87,WH-DETROIT
ORD-07398,CUST-JOIN-7398,2026-08-17,3203.42,WH-NEWYORK
ORD-07399,CUST-JOIN-7399,2026-08-17,5566.7,WH-CHICAGO
ORD-07400,CUST-JOIN-7400,2026-08-17,6224.29,WH-MIAMI
ORD-07401,CUST-JOIN-7401,2026-08-17,7389.81,WH-NEWYORK
ORD-07402,CUST-JOIN-7402,2026-08-17,1288.05,WH-NEWYORK
ORD-07403,CUST-JOIN-7403,2026-08-17,7400.6,WH-DETROIT
ORD-07404,CUST-JOIN-7404,2026-08-17,7459.42,WH-MIAMI
ORD-07405,CUST-JOIN-7405,2026-08-17,3338.84,WH-DETROIT
ORD-07406,CUST-JOIN-7406,2026-08-17,3132.84,WH-DETROIT
ORD-07407,CUST-JOIN-7407,2026-08-17,7328.65,WH-CHICAGO
ORD-07408,CUST-JOIN-7408,2026-08-17,2715.49,WH-MIAMI
ORD-07409,CUST-JOIN-7409,2026-08-18,4892.39,WH-NEWYORK
ORD-07410,CUST-JOIN-7410,2026-08-18,905.95,WH-MIAMI
ORD-07411,CUST-JOIN-7411,2026-08-18,3480.06,WH-NEWYORK
ORD-07412,CUST-JOIN-7412,2026-08-18,3554.77,WH-MIAMI
ORD-07413,CUST-JOIN-7413,2026-08-18,4729.95,WH-CHICAGO
ORD-07414,CUST-JOIN-7414,2026-08-18,1853.42,WH-CHICAGO
ORD-07415,CUST-JOIN-7415,2026-08-18,7674.31,WH-CHICAGO
ORD-07416,CUST-JOIN-7416,2026-08-18,3921.74,WH-MIAMI
ORD-07417,CUST-JOIN-7417,2026-08-18,4126.11,WH-DETROIT
ORD-07418,CUST-JOIN-7418,2026-08-18,7132.55,WH-MIAMI
ORD-07419,CUST-JOIN-7419,2026-08-18,4619.08,WH-MIAMI
ORD-07420,CUST-JOIN-7420,2026-08-18,1378.25,WH-NEWYORK
ORD-07421,CUST-JOIN-7421,2026-08-18,6056.82,WH-DETROIT
ORD-07422,CUST-JOIN-7422,2026-08-18,3067.49,WH-MIAMI
ORD-07423,CUST-JOIN-7423,2026-08-18,2021.27,WH-NEWYORK
ORD-07424,CUST-JOIN-7424,2026-08-18,2701.73,WH-CHICAGO
ORD-07425,CUST-JOIN-7425,2026-08-18,5332.23,WH-NEWYORK
ORD-07426,CUST-JOIN-7426,2026-08-18,3647.26,WH-MIAMI
ORD-07427,CUST-JOIN-7427,2026-08-18,7523.89,WH-MIAMI
ORD-07428,CUST-JOIN-7428,2026-08-18,5110.69,WH-MIAMI
ORD-07429,CUST-JOIN-7429,2026-08-18,7533.5,WH-CHICAGO
ORD-07430,CUST-JOIN-7430,2026-08-18,5330.08,WH-MIAMI
ORD-07431,CUST-JOIN-7431,2026-08-18,4982.43,WH-DETROIT
ORD-07432,CUST-JOIN-7432,2026-08-18,6911.32,WH-DETROIT
ORD-07433,CUST-JOIN-7433,2026-08-19,6393.11,WH-DETROIT
ORD-07434,CUST-JOIN-7434,2026-08-19,7430.59,WH-CHICAGO
ORD-07435,CUST-JOIN-7435,2026-08-19,330.62,WH-CHICAGO
ORD-07436,CUST-JOIN-7436,2026-08-19,5994.7,WH-NEWYORK
ORD-07437,CUST-JOIN-7437,2026-08-19,5439.63,WH-MIAMI
ORD-07438,CUST-JOIN-7438,2026-08-19,2624.4,WH-CHICAGO
ORD-07439,CUST-JOIN-7439,2026-08-19,4282.87,WH-NEWYORK
ORD-07440,CUST-JOIN-7440,2026-08-19,3025.62,WH-CHICAGO
ORD-07441,CUST-JOIN-7441,2026-08-19,274.37,WH-NEWYORK
ORD-07442,CUST-JOIN-7442,2026-08-19,6776.02,WH-MIAMI
ORD-07443,CUST-JOIN-7443,2026-08-19,1652.38,WH-NEWYORK
ORD-07444,CUST-JOIN-7444,2026-08-19,3245.32,WH-MIAMI
ORD-07445,CUST-JOIN-7445,2026-08-19,5483.54,WH-MIAMI
ORD-07446,CUST-JOIN-7446,2026-08-19,4392.01,WH-DETROIT
ORD-07447,CUST-JOIN-7447,2026-08-19,6422.27,WH-CHICAGO
ORD-07448,CUST-JOIN-7448,2026-08-19,1991.68,WH-MIAMI
ORD-07449,CUST-JOIN-7449,2026-08-19,7615.63,WH-NEWYORK
ORD-07450,CUST-JOIN-7450,2026-08-19,7455.82,WH-DETROIT
ORD-07451,CUST-JOIN-7451,2026-08-19,2445.95,WH-NEWYORK
ORD-07452,CUST-JOIN-7452,2026-08-19,7704.16,WH-MIAMI
ORD-07453,CUST-JOIN-7453,2026-08-19,6570.74,WH-DETROIT
ORD-07454,CUST-JOIN-7454,2026-08-19,3938.9,WH-NEWYORK
ORD-07455,CUST-JOIN-7455,2026-08-19,6564.93,WH-NEWYORK
ORD-07456,CUST-JOIN-7456,2026-08-19,4299.99,WH-DETROIT
ORD-07457,CUST-JOIN-7457,2026-08-20,1220.87,WH-MIAMI
ORD-07458,CUST-JOIN-7458,2026-08-20,4839.95,WH-CHICAGO
ORD-07459,CUST-JOIN-7459,2026-08-20,4545.88,WH-CHICAGO
ORD-07460,CUST-JOIN-7460,2026-08-20,4030.26,WH-MIAMI
ORD-07461,CUST-JOIN-7461,2026-08-20,6680.81,WH-DETROIT
ORD-07462,CUST-JOIN-7462,2026-08-20,5177.9,WH-CHICAGO
ORD-07463,CUST-JOIN-7463,2026-08-20,1926.7,WH-DETROIT
ORD-07464,CUST-JOIN-7464,2026-08-20,7880.93,WH-NEWYORK
ORD-07465,CUST-JOIN-7465,2026-08-20,6143.76,WH-CHICAGO
ORD-07466,CUST-JOIN-7466,2026-08-20,2304.06,WH-CHICAGO
ORD-07467,CUST-JOIN-7467,2026-08-20,6514.98,WH-CHICAGO
ORD-07468,CUST-JOIN-7468,2026-08-20,1761.13,WH-CHICAGO
ORD-07469,CUST-JOIN-7469,2026-08-20,4562.34,WH-DETROIT
ORD-07470,CUST-JOIN-7470,2026-08-20,6599.37,WH-MIAMI
ORD-07471,CUST-JOIN-7471,2026-08-20,630.91,WH-DETROIT
ORD-07472,CUST-JOIN-7472,2026-08-20,7449.78,WH-CHICAGO
ORD-07473,CUST-JOIN-7473,2026-08-20,7171.72,WH-MIAMI
ORD-07474,CUST-JOIN-7474,2026-08-20,3463.59,WH-DETROIT
ORD-07475,CUST-JOIN-7475,2026-08-20,6753.04,WH-MIAMI
ORD-07476,CUST-JOIN-7476,2026-08-20,6018.42,WH-MIAMI
ORD-07477,CUST-JOIN-7477,2026-08-20,7179.82,WH-DETROIT
ORD-07478,CUST-JOIN-7478,2026-08-20,3417.04,WH-NEWYORK
ORD-07479,CUST-JOIN-7479,2026-08-20,861.35,WH-CHICAGO
ORD-07480,CUST-JOIN-7480,2026-08-20,2859.54,WH-CHICAGO
ORD-07481,CUST-JOIN-7481,2026-08-21,2864.78,WH-MIAMI
ORD-07482,CUST-JOIN-7482,2026-08-21,1594.54,WH-NEWYORK
ORD-07483,CUST-JOIN-7483,2026-08-21,4632.17,WH-CHICAGO
ORD-07484,CUST-JOIN-7484,2026-08-21,3458.73,WH-CHICAGO
ORD-07485,CUST-JOIN-7485,2026-08-21,3216.36,WH-MIAMI
ORD-07486,CUST-JOIN-7486,2026-08-21,6366.92,WH-DETROIT
ORD-07487,CUST-JOIN-7487,2026-08-21,4175.95,WH-MIAMI
ORD-07488,CUST-JOIN-7488,2026-08-21,4530.82,WH-DETROIT
ORD-07489,CUST-JOIN-7489,2026-08-21,7477.97,WH-DETROIT
ORD-07490,CUST-JOIN-7490,2026-08-21,4317.76,WH-NEWYORK
ORD-07491,CUST-JOIN-7491,2026-08-21,4815.02,WH-CHICAGO
ORD-07492,CUST-JOIN-7492,2026-08-21,4935.74,WH-MIAMI
ORD-07493,CUST-JOIN-7493,2026-08-21,4104.32,WH-CHICAGO
ORD-07494,CUST-JOIN-7494,2026-08-21,3337.91,WH-CHICAGO
ORD-07495,CUST-JOIN-7495,2026-08-21,3154.05,WH-DETROIT
ORD-07496,CUST-JOIN-7496,2026-08-21,1752.14,WH-NEWYORK
ORD-07497,CUST-JOIN-7497,2026-08-21,5795.09,WH-DETROIT
ORD-07498,CUST-JOIN-7498,2026-08-21,3253.73,WH-CHICAGO
ORD-07499,CUST-JOIN-7499,2026-08-21,4765.44,WH-CHICAGO
ORD-07500,CUST-JOIN-7500,2026-08-21,3431.35,WH-CHICAGO
ORD-07501,CUST-JOIN-0001,2026-08-21,7698.04,WH-MIAMI
ORD-07502,CUST-JOIN-0002,2026-08-21,5725.36,WH-NEWYORK
ORD-07503,CUST-JOIN-0003,2026-08-21,4523.1,WH-CHICAGO
ORD-07504,CUST-JOIN-0004,2026-08-21,3024.35,WH-CHICAGO
ORD-07505,CUST-JOIN-0005,2026-08-22,1707.34,WH-MIAMI
ORD-07506,CUST-JOIN-0006,2026-08-22,1865.24,WH-MIAMI
ORD-07507,CUST-JOIN-0007,2026-08-22,283.38,WH-DETROIT
ORD-07508,CUST-JOIN-0008,2026-08-22,4821.52,WH-DETROIT
ORD-07509,CUST-JOIN-0009,2026-08-22,2862.51,WH-MIAMI
ORD-07510,CUST-JOIN-0010,2026-08-22,571.64,WH-DETROIT
ORD-07511,CUST-JOIN-0011,2026-08-22,7055.26,WH-NEWYORK
ORD-07512,CUST-JOIN-0012,2026-08-22,1220.92,WH-DETROIT
ORD-07513,CUST-JOIN-0013,2026-08-22,6809.37,WH-MIAMI
ORD-07514,CUST-JOIN-0014,2026-08-22,6109.38,WH-DETROIT
ORD-07515,CUST-JOIN-0015,2026-08-22,2138.85,WH-DETROIT
ORD-07516,CUST-JOIN-0016,2026-08-22,5286.5,WH-DETROIT
ORD-07517,CUST-JOIN-0017,2026-08-22,4907.58,WH-DETROIT
ORD-07518,CUST-JOIN-0018,2026-08-22,3357.03,WH-NEWYORK
ORD-07519,CUST-JOIN-0019,2026-08-22,5894.28,WH-DETROIT
ORD-07520,CUST-JOIN-0020,2026-08-22,5344.15,WH-CHICAGO
ORD-07521,CUST-JOIN-0021,2026-08-22,7547.83,WH-NEWYORK
ORD-07522,CUST-JOIN-0022,2026-08-22,7336.77,WH-NEWYORK
ORD-07523,CUST-JOIN-0023,2026-08-22,289.62,WH-NEWYORK
ORD-07524,CUST-JOIN-0024,2026-08-22,5081.74,WH-CHICAGO
ORD-07525,CUST-JOIN-0025,2026-08-22,4813.98,WH-NEWYORK
ORD-07526,CUST-JOIN-0026,2026-08-22,6849.44,WH-DETROIT
ORD-07527,CUST-JOIN-0027,2026-08-22,6159.98,WH-DETROIT
ORD-07528,CUST-JOIN-0028,2026-08-22,2548.29,WH-CHICAGO
ORD-07529,CUST-JOIN-0029,2026-08-23,951.85,WH-CHICAGO
ORD-07530,CUST-JOIN-0030,2026-08-23,6489.97,WH-CHICAGO
ORD-07531,CUST-JOIN-0031,2026-08-23,7285.83,WH-NEWYORK
ORD-07532,CUST-JOIN-0032,2026-08-23,6596.46,WH-MIAMI
ORD-07533,CUST-JOIN-0033,2026-08-23,2244.85,WH-MIAMI
ORD-07534,CUST-JOIN-0034,2026-08-23,3765.19,WH-NEWYORK
ORD-07535,CUST-JOIN-0035,2026-08-23,6615.76,WH-MIAMI
ORD-07536,CUST-JOIN-0036,2026-08-23,3506.77,WH-MIAMI
ORD-07537,CUST-JOIN-0037,2026-08-23,4297.22,WH-MIAMI
ORD-07538,CUST-JOIN-0038,2026-08-23,1474.38,WH-MIAMI
ORD-07539,CUST-JOIN-0039,2026-08-23,2063.02,WH-CHICAGO
ORD-07540,CUST-JOIN-0040,2026-08-23,4582.59,WH-MIAMI
ORD-07541,CUST-JOIN-0041,2026-08-23,5231.3,WH-DETROIT
ORD-07542,CUST-JOIN-0042,2026-08-23,7464.77,WH-DETROIT
ORD-07543,CUST-JOIN-0043,2026-08-23,2140.34,WH-MIAMI
ORD-07544,CUST-JOIN-0044,2026-08-23,2572.52,WH-CHICAGO
ORD-07545,CUST-JOIN-0045,2026-08-23,7952.73,WH-DETROIT
ORD-07546,CUST-JOIN-0046,2026-08-23,2940.58,WH-MIAMI
ORD-07547,CUST-JOIN-0047,2026-08-23,4664.93,WH-DETROIT
ORD-07548,CUST-JOIN-0048,2026-08-23,239.5,WH-DETROIT
ORD-07549,CUST-JOIN-0049,2026-08-23,3204.01,WH-CHICAGO
ORD-07550,CUST-JOIN-0050,2026-08-23,3493.55,WH-CHICAGO
ORD-07551,CUST-JOIN-0051,2026-08-23,3172.99,WH-CHICAGO
ORD-07552,CUST-JOIN-0052,2026-08-23,5232.92,WH-MIAMI
ORD-07553,CUST-JOIN-0053,2026-08-24,3620.83,WH-NEWYORK
ORD-07554,CUST-JOIN-0054,2026-08-24,3302.44,WH-NEWYORK
ORD-07555,CUST-JOIN-0055,2026-08-24,4658.55,WH-DETROIT
ORD-07556,CUST-JOIN-0056,2026-08-24,7790.36,WH-DETROIT
ORD-07557,CUST-JOIN-0057,2026-08-24,2722.56,WH-DETROIT
ORD-07558,CUST-JOIN-0058,2026-08-24,4430.25,WH-DETROIT
ORD-07559,CUST-JOIN-0059,2026-08-24,5649.39,WH-CHICAGO
ORD-07560,CUST-JOIN-0060,2026-08-24,4387.35,WH-DETROIT
ORD-07561,CUST-JOIN-0061,2026-08-24,4612.24,WH-NEWYORK
ORD-07562,CUST-JOIN-0062,2026-08-24,5345.61,WH-MIAMI
ORD-07563,CUST-JOIN-0063,2026-08-24,7268.3,WH-NEWYORK
ORD-07564,CUST-JOIN-0064,2026-08-24,3132.69,WH-MIAMI
ORD-07565,CUST-JOIN-0065,2026-08-24,6342.86,WH-CHICAGO
ORD-07566,CUST-JOIN-0066,2026-08-24,6337.39,WH-CHICAGO
ORD-07567,CUST-JOIN-0067,2026-08-24,4537.0,WH-CHICAGO
ORD-07568,CUST-JOIN-0068,2026-08-24,3131.89,WH-DETROIT
ORD-07569,CUST-JOIN-0069,2026-08-24,6075.83,WH-NEWYORK
ORD-07570,CUST-JOIN-0070,2026-08-24,4263.98,WH-MIAMI
ORD-07571,CUST-JOIN-0071,2026-08-24,347.66,WH-CHICAGO
ORD-07572,CUST-JOIN-0072,2026-08-24,6880.85,WH-MIAMI
ORD-07573,CUST-JOIN-0073,2026-08-24,5319.87,WH-NEWYORK
ORD-07574,CUST-JOIN-0074,2026-08-24,4365.79,WH-CHICAGO
ORD-07575,CUST-JOIN-0075,2026-08-24,1861.52,WH-NEWYORK
ORD-07576,CUST-JOIN-0076,2026-08-24,4814.9,WH-CHICAGO
ORD-07577,CUST-JOIN-0077,2026-08-25,3122.06,WH-MIAMI
ORD-07578,CUST-JOIN-0078,2026-08-25,2013.1,WH-DETROIT
ORD-07579,CUST-JOIN-0079,2026-08-25,5852.92,WH-MIAMI
ORD-07580,CUST-JOIN-0080,2026-08-25,6702.58,WH-DETROIT
ORD-07581,CUST-JOIN-0081,2026-08-25,209.03,WH-DETROIT
ORD-07582,CUST-JOIN-0082,2026-08-25,5823.66,WH-MIAMI
ORD-07583,CUST-JOIN-0083,2026-08-25,5650.27,WH-DETROIT
ORD-07584,CUST-JOIN-0084,2026-08-25,469.98,WH-NEWYORK
ORD-07585,CUST-JOIN-0085,2026-08-25,4672.98,WH-DETROIT
ORD-07586,CUST-JOIN-0086,2026-08-25,349.67,WH-MIAMI
ORD-07587,CUST-JOIN-0087,2026-08-25,5330.15,WH-NEWYORK
ORD-07588,CUST-JOIN-0088,2026-08-25,2939.28,WH-DETROIT
ORD-07589,CUST-JOIN-0089,2026-08-25,6729.81,WH-DETROIT
ORD-07590,CUST-JOIN-0090,2026-08-25,6765.63,WH-DETROIT
ORD-07591,CUST-JOIN-0091,2026-08-25,5937.83,WH-DETROIT
ORD-07592,CUST-JOIN-0092,2026-08-25,3801.04,WH-NEWYORK
ORD-07593,CUST-JOIN-0093,2026-08-25,1250.77,WH-CHICAGO
ORD-07594,CUST-JOIN-0094,2026-08-25,2897.76,WH-DETROIT
ORD-07595,CUST-JOIN-0095,2026-08-25,2899.86,WH-DETROIT
ORD-07596,CUST-JOIN-0096,2026-08-25,3887.98,WH-DETROIT
ORD-07597,CUST-JOIN-0097,2026-08-25,2560.37,WH-CHICAGO
ORD-07598,CUST-JOIN-0098,2026-08-25,1980.59,WH-NEWYORK
ORD-07599,CUST-JOIN-0099,2026-08-25,405.22,WH-CHICAGO
ORD-07600,CUST-JOIN-0100,2026-08-25,4329.71,WH-CHICAGO
ORD-07601,CUST-JOIN-0101,2026-08-26,3020.68,WH-DETROIT
ORD-07602,CUST-JOIN-0102,2026-08-26,6372.91,WH-MIAMI
ORD-07603,CUST-JOIN-0103,2026-08-26,3238.52,WH-CHICAGO
ORD-07604,CUST-JOIN-0104,2026-08-26,2165.62,WH-MIAMI
ORD-07605,CUST-JOIN-0105,2026-08-26,566.41,WH-DETROIT
ORD-07606,CUST-JOIN-0106,2026-08-26,3736.12,WH-CHICAGO
ORD-07607,CUST-JOIN-0107,2026-08-26,2007.33,WH-NEWYORK
ORD-07608,CUST-JOIN-0108,2026-08-26,2646.74,WH-DETROIT
ORD-07609,CUST-JOIN-0109,2026-08-26,2098.84,WH-MIAMI
ORD-07610,CUST-JOIN-0110,2026-08-26,563.15,WH-MIAMI
ORD-07611,CUST-JOIN-0111,2026-08-26,2435.09,WH-DETROIT
ORD-07612,CUST-JOIN-0112,2026-08-26,5098.1,WH-DETROIT
ORD-07613,CUST-JOIN-0113,2026-08-26,1334.35,WH-MIAMI
ORD-07614,CUST-JOIN-0114,2026-08-26,4945.07,WH-NEWYORK
ORD-07615,CUST-JOIN-0115,2026-08-26,7988.46,WH-CHICAGO
ORD-07616,CUST-JOIN-0116,2026-08-26,6416.9,WH-CHICAGO
ORD-07617,CUST-JOIN-0117,2026-08-26,1305.83,WH-NEWYORK
ORD-07618,CUST-JOIN-0118,2026-08-26,5610.55,WH-NEWYORK
ORD-07619,CUST-JOIN-0119,2026-08-26,2733.37,WH-DETROIT
ORD-07620,CUST-JOIN-0120,2026-08-26,3015.17,WH-DETROIT
ORD-07621,CUST-JOIN-0121,2026-08-26,5797.21,WH-DETROIT
ORD-07622,CUST-JOIN-0122,2026-08-26,7900.48,WH-CHICAGO
ORD-07623,CUST-JOIN-0123,2026-08-26,998.02,WH-NEWYORK
ORD-07624,CUST-JOIN-0124,2026-08-26,4135.96,WH-DETROIT
ORD-07625,CUST-JOIN-0125,2026-08-27,2624.08,WH-NEWYORK
ORD-07626,CUST-JOIN-0126,2026-08-27,4238.03,WH-DETROIT
ORD-07627,CUST-JOIN-0127,2026-08-27,393.81,WH-MIAMI
ORD-07628,CUST-JOIN-0128,2026-08-27,208.53,WH-MIAMI
ORD-07629,CUST-JOIN-0129,2026-08-27,7675.82,WH-MIAMI
ORD-07630,CUST-JOIN-0130,2026-08-27,322.63,WH-CHICAGO
ORD-07631,CUST-JOIN-0131,2026-08-27,943.17,WH-CHICAGO
ORD-07632,CUST-JOIN-0132,2026-08-27,230.81,WH-NEWYORK
ORD-07633,CUST-JOIN-0133,2026-08-27,1663.22,WH-NEWYORK
ORD-07634,CUST-JOIN-0134,2026-08-27,5334.92,WH-DETROIT
ORD-07635,CUST-JOIN-0135,2026-08-27,7450.18,WH-DETROIT
ORD-07636,CUST-JOIN-0136,2026-08-27,584.63,WH-DETROIT
ORD-07637,CUST-JOIN-0137,2026-08-27,1484.35,WH-NEWYORK
ORD-07638,CUST-JOIN-0138,2026-08-27,5881.05,WH-MIAMI
ORD-07639,CUST-JOIN-0139,2026-08-27,3390.25,WH-CHICAGO
ORD-07640,CUST-JOIN-0140,2026-08-27,4328.77,WH-CHICAGO
ORD-07641,CUST-JOIN-0141,2026-08-27,3885.56,WH-CHICAGO
ORD-07642,CUST-JOIN-0142,2026-08-27,3138.81,WH-NEWYORK
ORD-07643,CUST-JOIN-0143,2026-08-27,5089.38,WH-DETROIT
ORD-07644,CUST-JOIN-0144,2026-08-27,4829.02,WH-DETROIT
ORD-07645,CUST-JOIN-0145,2026-08-27,4624.57,WH-DETROIT
ORD-07646,CUST-JOIN-0146,2026-08-27,3172.61,WH-CHICAGO
ORD-07647,CUST-JOIN-0147,2026-08-27,5265.77,WH-MIAMI
ORD-07648,CUST-JOIN-0148,2026-08-27,3464.39,WH-DETROIT
ORD-07649,CUST-JOIN-0149,2026-08-28,7890.49,WH-MIAMI
ORD-07650,CUST-JOIN-0150,2026-08-28,2628.31,WH-CHICAGO
ORD-07651,CUST-JOIN-0151,2026-08-28,392.61,WH-DETROIT
ORD-07652,CUST-JOIN-0152,2026-08-28,1920.38,WH-MIAMI
ORD-07653,CUST-JOIN-0153,2026-08-28,6609.18,WH-CHICAGO
ORD-07654,CUST-JOIN-0154,2026-08-28,4617.38,WH-DETROIT
ORD-07655,CUST-JOIN-0155,2026-08-28,3287.6,WH-CHICAGO
ORD-07656,CUST-JOIN-0156,2026-08-28,251.97,WH-CHICAGO
ORD-07657,CUST-JOIN-0157,2026-08-28,6272.46,WH-NEWYORK
ORD-07658,CUST-JOIN-0158,2026-08-28,5772.62,WH-NEWYORK
ORD-07659,CUST-JOIN-0159,2026-08-28,3854.06,WH-MIAMI
ORD-07660,CUST-JOIN-0160,2026-08-28,7457.37,WH-CHICAGO
ORD-07661,CUST-JOIN-0161,2026-08-28,4011.11,WH-MIAMI
ORD-07662,CUST-JOIN-0162,2026-08-28,1417.21,WH-MIAMI
ORD-07663,CUST-JOIN-0163,2026-08-28,4105.31,WH-NEWYORK
ORD-07664,CUST-JOIN-0164,2026-08-28,201.78,WH-MIAMI
ORD-07665,CUST-JOIN-0165,2026-08-28,1648.15,WH-CHICAGO
ORD-07666,CUST-JOIN-0166,2026-08-28,2626.11,WH-CHICAGO
ORD-07667,CUST-JOIN-0167,2026-08-28,6007.91,WH-MIAMI
ORD-07668,CUST-JOIN-0168,2026-08-28,7379.66,WH-NEWYORK
ORD-07669,CUST-JOIN-0169,2026-08-28,869.6,WH-NEWYORK
ORD-07670,CUST-JOIN-0170,2026-08-28,2602.33,WH-DETROIT
ORD-07671,CUST-JOIN-0171,2026-08-28,2840.02,WH-MIAMI
ORD-07672,CUST-JOIN-0172,2026-08-28,1996.25,WH-NEWYORK
ORD-07673,CUST-JOIN-0173,2026-08-29,4867.45,WH-NEWYORK
ORD-07674,CUST-JOIN-0174,2026-08-29,1456.42,WH-MIAMI
ORD-07675,CUST-JOIN-0175,2026-08-29,7578.19,WH-CHICAGO
ORD-07676,CUST-JOIN-0176,2026-08-29,3389.59,WH-MIAMI
ORD-07677,CUST-JOIN-0177,2026-08-29,4124.93,WH-MIAMI
ORD-07678,CUST-JOIN-0178,2026-08-29,5692.31,WH-MIAMI
ORD-07679,CUST-JOIN-0179,2026-08-29,1234.35,WH-NEWYORK
ORD-07680,CUST-JOIN-0180,2026-08-29,6803.46,WH-CHICAGO
ORD-07681,CUST-JOIN-0181,2026-08-29,6570.18,WH-DETROIT
ORD-07682,CUST-JOIN-0182,2026-08-29,7587.69,WH-NEWYORK
ORD-07683,CUST-JOIN-0183,2026-08-29,845.06,WH-CHICAGO
ORD-07684,CUST-JOIN-0184,2026-08-29,1079.02,WH-MIAMI
ORD-07685,CUST-JOIN-0185,2026-08-29,1479.24,WH-MIAMI
ORD-07686,CUST-JOIN-0186,2026-08-29,4726.22,WH-DETROIT
ORD-07687,CUST-JOIN-0187,2026-08-29,4786.8,WH-NEWYORK
ORD-07688,CUST-JOIN-0188,2026-08-29,1091.06,WH-CHICAGO
ORD-07689,CUST-JOIN-0189,2026-08-29,5793.4,WH-DETROIT
ORD-07690,CUST-JOIN-0190,2026-08-29,5545.71,WH-NEWYORK
ORD-07691,CUST-JOIN-0191,2026-08-29,3180.74,WH-CHICAGO
ORD-07692,CUST-JOIN-0192,2026-08-29,2896.12,WH-MIAMI
ORD-07693,CUST-JOIN-0193,2026-08-29,4692.41,WH-MIAMI
ORD-07694,CUST-JOIN-0194,2026-08-29,6825.63,WH-NEWYORK
ORD-07695,CUST-JOIN-0195,2026-08-29,2986.97,WH-DETROIT
ORD-07696,CUST-JOIN-0196,2026-08-29,6014.27,WH-NEWYORK
ORD-07697,CUST-JOIN-0197,2026-08-30,2872.75,WH-DETROIT
ORD-07698,CUST-JOIN-0198,2026-08-30,7001.99,WH-NEWYORK
ORD-07699,CUST-JOIN-0199,2026-08-30,1434.46,WH-DETROIT
ORD-07700,CUST-JOIN-0200,2026-08-30,4746.9,WH-MIAMI
ORD-07701,CUST-JOIN-0201,2026-08-30,1445.48,WH-CHICAGO
ORD-07702,CUST-JOIN-0202,2026-08-30,3082.55,WH-CHICAGO
ORD-07703,CUST-JOIN-0203,2026-08-30,5513.44,WH-MIAMI
ORD-07704,CUST-JOIN-0204,2026-08-30,4126.85,WH-NEWYORK
ORD-07705,CUST-JOIN-0205,2026-08-30,5859.24,WH-NEWYORK
ORD-07706,CUST-JOIN-0206,2026-08-30,1974.42,WH-CHICAGO
ORD-07707,CUST-JOIN-0207,2026-08-30,5920.78,WH-CHICAGO
ORD-07708,CUST-JOIN-0208,2026-08-30,5094.14,WH-NEWYORK
ORD-07709,CUST-JOIN-0209,2026-08-30,4604.98,WH-MIAMI
ORD-07710,CUST-JOIN-0210,2026-08-30,6531.93,WH-DETROIT
ORD-07711,CUST-JOIN-0211,2026-08-30,209.1,WH-NEWYORK
ORD-07712,CUST-JOIN-0212,2026-08-30,1224.23,WH-MIAMI
ORD-07713,CUST-JOIN-0213,2026-08-30,479.31,WH-DETROIT
ORD-07714,CUST-JOIN-0214,2026-08-30,5616.91,WH-CHICAGO
ORD-07715,CUST-JOIN-0215,2026-08-30,703.97,WH-CHICAGO
ORD-07716,CUST-JOIN-0216,2026-08-30,2189.43,WH-DETROIT
ORD-07717,CUST-JOIN-0217,2026-08-30,3627.56,WH-NEWYORK
ORD-07718,CUST-JOIN-0218,2026-08-30,4642.42,WH-CHICAGO
ORD-07719,CUST-JOIN-0219,2026-08-30,3569.66,WH-NEWYORK
ORD-07720,CUST-JOIN-0220,2026-08-30,419.44,WH-DETROIT
ORD-07721,CUST-JOIN-0221,2026-08-31,2779.5,WH-NEWYORK
ORD-07722,CUST-JOIN-0222,2026-08-31,980.86,WH-MIAMI
ORD-07723,CUST-JOIN-0223,2026-08-31,5782.78,WH-MIAMI
ORD-07724,CUST-JOIN-0224,2026-08-31,1617.26,WH-CHICAGO
ORD-07725,CUST-JOIN-0225,2026-08-31,7638.82,WH-MIAMI
ORD-07726,CUST-JOIN-0226,2026-08-31,7976.99,WH-CHICAGO
ORD-07727,CUST-JOIN-0227,2026-08-31,7025.99,WH-CHICAGO
ORD-07728,CUST-JOIN-0228,2026-08-31,4621.72,WH-DETROIT
ORD-07729,CUST-JOIN-0229,2026-08-31,6800.24,WH-DETROIT
ORD-07730,CUST-JOIN-0230,2026-08-31,7556.1,WH-CHICAGO
ORD-07731,CUST-JOIN-0231,2026-08-31,6688.8,WH-NEWYORK
ORD-07732,CUST-JOIN-0232,2026-08-31,3031.7,WH-NEWYORK
ORD-07733,CUST-JOIN-0233,2026-08-31,5103.89,WH-MIAMI
ORD-07734,CUST-JOIN-0234,2026-08-31,4233.68,WH-CHICAGO
ORD-07735,CUST-JOIN-0235,2026-08-31,5770.77,WH-NEWYORK
ORD-07736,CUST-JOIN-0236,2026-08-31,629.8,WH-DETROIT
ORD-07737,CUST-JOIN-0237,2026-08-31,3446.63,WH-DETROIT
ORD-07738,CUST-JOIN-0238,2026-08-31,6842.91,WH-MIAMI
ORD-07739,CUST-JOIN-0239,2026-08-31,4941.75,WH-NEWYORK
ORD-07740,CUST-JOIN-0240,2026-08-31,5481.41,WH-MIAMI
ORD-07741,CUST-JOIN-0241,2026-08-31,1691.49,WH-NEWYORK
ORD-07742,CUST-JOIN-0242,2026-08-31,4268.2,WH-MIAMI
ORD-07743,CUST-JOIN-0243,2026-08-31,7223.24,WH-MIAMI
ORD-07744,CUST-JOIN-0244,2026-08-31,6041.74,WH-CHICAGO
ORD-07745,CUST-JOIN-0245,2026-09-01,6820.58,WH-DETROIT
ORD-07746,CUST-JOIN-0246,2026-09-01,6915.55,WH-MIAMI
ORD-07747,CUST-JOIN-0247,2026-09-01,3833.76,WH-MIAMI
ORD-07748,CUST-JOIN-0248,2026-09-01,4191.02,WH-NEWYORK
ORD-07749,CUST-JOIN-0249,2026-09-01,3860.01,WH-DETROIT
ORD-07750,CUST-JOIN-0250,2026-09-01,2215.48,WH-NEWYORK
ORD-07751,CUST-JOIN-0251,2026-09-01,6400.65,WH-MIAMI
ORD-07752,CUST-JOIN-0252,2026-09-01,5785.34,WH-MIAMI
ORD-07753,CUST-JOIN-0253,2026-09-01,2896.64,WH-NEWYORK
ORD-07754,CUST-JOIN-0254,2026-09-01,1640.0,WH-NEWYORK
ORD-07755,CUST-JOIN-0255,2026-09-01,4320.14,WH-DETROIT
ORD-07756,CUST-JOIN-0256,2026-09-01,3193.31,WH-NEWYORK
ORD-07757,CUST-JOIN-0257,2026-09-01,2848.71,WH-NEWYORK
ORD-07758,CUST-JOIN-0258,2026-09-01,7778.97,WH-CHICAGO
ORD-07759,CUST-JOIN-0259,2026-09-01,3088.46,WH-DETROIT
ORD-07760,CUST-JOIN-0260,2026-09-01,1346.44,WH-DETROIT
ORD-07761,CUST-JOIN-0261,2026-09-01,5271.43,WH-NEWYORK
ORD-07762,CUST-JOIN-0262,2026-09-01,7140.68,WH-CHICAGO
ORD-07763,CUST-JOIN-0263,2026-09-01,7340.62,WH-DETROIT
ORD-07764,CUST-JOIN-0264,2026-09-01,2650.12,WH-MIAMI
ORD-07765,CUST-JOIN-0265,2026-09-01,6051.84,WH-DETROIT
ORD-07766,CUST-JOIN-0266,2026-09-01,1761.55,WH-MIAMI
ORD-07767,CUST-JOIN-0267,2026-09-01,7951.14,WH-MIAMI
ORD-07768,CUST-JOIN-0268,2026-09-01,3292.95,WH-NEWYORK
ORD-07769,CUST-JOIN-0269,2026-09-02,2262.73,WH-MIAMI
ORD-07770,CUST-JOIN-0270,2026-09-02,3200.92,WH-NEWYORK
ORD-07771,CUST-JOIN-0271,2026-09-02,2678.6,WH-MIAMI
ORD-07772,CUST-JOIN-0272,2026-09-02,1937.98,WH-DETROIT
ORD-07773,CUST-JOIN-0273,2026-09-02,1858.48,WH-NEWYORK
ORD-07774,CUST-JOIN-0274,2026-09-02,1337.78,WH-NEWYORK
ORD-07775,CUST-JOIN-0275,2026-09-02,4279.76,WH-NEWYORK
ORD-07776,CUST-JOIN-0276,2026-09-02,5766.53,WH-DETROIT
ORD-07777,CUST-JOIN-0277,2026-09-02,3990.14,WH-DETROIT
ORD-07778,CUST-JOIN-0278,2026-09-02,430.47,WH-MIAMI
ORD-07779,CUST-JOIN-0279,2026-09-02,3047.85,WH-NEWYORK
ORD-07780,CUST-JOIN-0280,2026-09-02,3717.14,WH-DETROIT
ORD-07781,CUST-JOIN-0281,2026-09-02,7003.06,WH-CHICAGO
ORD-07782,CUST-JOIN-0282,2026-09-02,2108.95,WH-CHICAGO
ORD-07783,CUST-JOIN-0283,2026-09-02,2578.23,WH-CHICAGO
ORD-07784,CUST-JOIN-0284,2026-09-02,4187.68,WH-CHICAGO
ORD-07785,CUST-JOIN-0285,2026-09-02,3626.21,WH-MIAMI
ORD-07786,CUST-JOIN-0286,2026-09-02,1764.92,WH-DETROIT
ORD-07787,CUST-JOIN-0287,2026-09-02,6046.81,WH-CHICAGO
ORD-07788,CUST-JOIN-0288,2026-09-02,948.9,WH-NEWYORK
ORD-07789,CUST-JOIN-0289,2026-09-02,2020.96,WH-NEWYORK
ORD-07790,CUST-JOIN-0290,2026-09-02,6231.75,WH-CHICAGO
ORD-07791,CUST-JOIN-0291,2026-09-02,2046.1,WH-NEWYORK
ORD-07792,CUST-JOIN-0292,2026-09-02,1736.13,WH-CHICAGO
ORD-07793,CUST-JOIN-0293,2026-09-03,7670.27,WH-CHICAGO
ORD-07794,CUST-JOIN-0294,2026-09-03,5478.85,WH-NEWYORK
ORD-07795,CUST-JOIN-0295,2026-09-03,4271.75,WH-CHICAGO
ORD-07796,CUST-JOIN-0296,2026-09-03,5633.17,WH-CHICAGO
ORD-07797,CUST-JOIN-0297,2026-09-03,5651.24,WH-NEWYORK
ORD-07798,CUST-JOIN-0298,2026-09-03,3818.72,WH-CHICAGO
ORD-07799,CUST-JOIN-0299,2026-09-03,4550.32,WH-DETROIT
ORD-07800,CUST-JOIN-0300,2026-09-03,6312.18,WH-DETROIT
ORD-07801,CUST-JOIN-0301,2026-09-03,5449.68,WH-NEWYORK
ORD-07802,CUST-JOIN-0302,2026-09-03,2960.95,WH-CHICAGO
ORD-07803,CUST-JOIN-0303,2026-09-03,7884.64,WH-DETROIT
ORD-07804,CUST-JOIN-0304,2026-09-03,4171.91,WH-NEWYORK
ORD-07805,CUST-JOIN-0305,2026-09-03,1099.83,WH-MIAMI
ORD-07806,CUST-JOIN-0306,2026-09-03,3884.25,WH-DETROIT
ORD-07807,CUST-JOIN-0307,2026-09-03,6414.61,WH-CHICAGO
ORD-07808,CUST-JOIN-0308,2026-09-03,2702.71,WH-MIAMI
ORD-07809,CUST-JOIN-0309,2026-09-03,6885.8,WH-NEWYORK
ORD-07810,CUST-JOIN-0310,2026-09-03,4346.33,WH-DETROIT
ORD-07811,CUST-JOIN-0311,2026-09-03,4066.22,WH-NEWYORK
ORD-07812,CUST-JOIN-0312,2026-09-03,2997.23,WH-MIAMI
ORD-07813,CUST-JOIN-0313,2026-09-03,2192.19,WH-DETROIT
ORD-07814,CUST-JOIN-0314,2026-09-03,1948.87,WH-NEWYORK
ORD-07815,CUST-JOIN-0315,2026-09-03,3746.94,WH-DETROIT
ORD-07816,CUST-JOIN-0316,2026-09-03,3208.08,WH-NEWYORK
ORD-07817,CUST-JOIN-0317,2026-09-04,3557.0,WH-NEWYORK
ORD-07818,CUST-JOIN-0318,2026-09-04,5171.48,WH-CHICAGO
ORD-07819,CUST-JOIN-0319,2026-09-04,6164.0,WH-MIAMI
ORD-07820,CUST-JOIN-0320,2026-09-04,2414.55,WH-CHICAGO
ORD-07821,CUST-JOIN-0321,2026-09-04,7910.95,WH-NEWYORK
ORD-07822,CUST-JOIN-0322,2026-09-04,2082.74,WH-DETROIT
ORD-07823,CUST-JOIN-0323,2026-09-04,685.53,WH-DETROIT
ORD-07824,CUST-JOIN-0324,2026-09-04,4203.91,WH-DETROIT
ORD-07825,CUST-JOIN-0325,2026-09-04,7583.77,WH-CHICAGO
ORD-07826,CUST-JOIN-0326,2026-09-04,5139.91,WH-CHICAGO
ORD-07827,CUST-JOIN-0327,2026-09-04,2799.06,WH-MIAMI
ORD-07828,CUST-JOIN-0328,2026-09-04,7715.53,WH-DETROIT
ORD-07829,CUST-JOIN-0329,2026-09-04,3893.85,WH-NEWYORK
ORD-07830,CUST-JOIN-0330,2026-09-04,7027.11,WH-DETROIT
ORD-07831,CUST-JOIN-0331,2026-09-04,5442.61,WH-MIAMI
ORD-07832,CUST-JOIN-0332,2026-09-04,4526.77,WH-CHICAGO
ORD-07833,CUST-JOIN-0333,2026-09-04,4156.21,WH-CHICAGO
ORD-07834,CUST-JOIN-0334,2026-09-04,4354.54,WH-NEWYORK
ORD-07835,CUST-JOIN-0335,2026-09-04,7610.82,WH-MIAMI
ORD-07836,CUST-JOIN-0336,2026-09-04,2772.74,WH-CHICAGO
ORD-07837,CUST-JOIN-0337,2026-09-04,5332.14,WH-CHICAGO
ORD-07838,CUST-JOIN-0338,2026-09-04,1045.25,WH-DETROIT
ORD-07839,CUST-JOIN-0339,2026-09-04,2671.35,WH-CHICAGO
ORD-07840,CUST-JOIN-0340,2026-09-04,3818.7,WH-CHICAGO
ORD-07841,CUST-JOIN-0341,2026-09-05,1442.87,WH-NEWYORK
ORD-07842,CUST-JOIN-0342,2026-09-05,5955.72,WH-NEWYORK
ORD-07843,CUST-JOIN-0343,2026-09-05,2706.42,WH-MIAMI
ORD-07844,CUST-JOIN-0344,2026-09-05,2048.15,WH-DETROIT
ORD-07845,CUST-JOIN-0345,2026-09-05,5270.89,WH-CHICAGO
ORD-07846,CUST-JOIN-0346,2026-09-05,288.87,WH-NEWYORK
ORD-07847,CUST-JOIN-0347,2026-09-05,7447.88,WH-NEWYORK
ORD-07848,CUST-JOIN-0348,2026-09-05,4843.51,WH-DETROIT
ORD-07849,CUST-JOIN-0349,2026-09-05,1041.24,WH-DETROIT
ORD-07850,CUST-JOIN-0350,2026-09-05,3519.44,WH-NEWYORK
ORD-07851,CUST-JOIN-0351,2026-09-05,681.55,WH-CHICAGO
ORD-07852,CUST-JOIN-0352,2026-09-05,3417.48,WH-DETROIT
ORD-07853,CUST-JOIN-0353,2026-09-05,2911.52,WH-CHICAGO
ORD-07854,CUST-JOIN-0354,2026-09-05,3712.11,WH-MIAMI
ORD-07855,CUST-JOIN-0355,2026-09-05,3179.46,WH-CHICAGO
ORD-07856,CUST-JOIN-0356,2026-09-05,6817.87,WH-DETROIT
ORD-07857,CUST-JOIN-0357,2026-09-05,2369.45,WH-MIAMI
ORD-07858,CUST-JOIN-0358,2026-09-05,3992.66,WH-NEWYORK
ORD-07859,CUST-JOIN-0359,2026-09-05,7996.07,WH-CHICAGO
ORD-07860,CUST-JOIN-0360,2026-09-05,5162.15,WH-DETROIT
ORD-07861,CUST-JOIN-0361,2026-09-05,7754.07,WH-MIAMI
ORD-07862,CUST-JOIN-0362,2026-09-05,3506.7,WH-CHICAGO
ORD-07863,CUST-JOIN-0363,2026-09-05,2708.81,WH-CHICAGO
ORD-07864,CUST-JOIN-0364,2026-09-05,2115.38,WH-CHICAGO
ORD-07865,CUST-JOIN-0365,2026-09-06,6203.56,WH-NEWYORK
ORD-07866,CUST-JOIN-0366,2026-09-06,3490.05,WH-DETROIT
ORD-07867,CUST-JOIN-0367,2026-09-06,4686.28,WH-CHICAGO
ORD-07868,CUST-JOIN-0368,2026-09-06,3338.41,WH-CHICAGO
ORD-07869,CUST-JOIN-0369,2026-09-06,2074.33,WH-CHICAGO
ORD-07870,CUST-JOIN-0370,2026-09-06,859.89,WH-MIAMI
ORD-07871,CUST-JOIN-0371,2026-09-06,3552.83,WH-MIAMI
ORD-07872,CUST-JOIN-0372,2026-09-06,5923.01,WH-DETROIT
ORD-07873,CUST-JOIN-0373,2026-09-06,5800.23,WH-MIAMI
ORD-07874,CUST-JOIN-0374,2026-09-06,4485.79,WH-CHICAGO
ORD-07875,CUST-JOIN-0375,2026-09-06,1282.38,WH-MIAMI
ORD-07876,CUST-JOIN-0376,2026-09-06,518.8,WH-DETROIT
ORD-07877,CUST-JOIN-0377,2026-09-06,7909.2,WH-NEWYORK
ORD-07878,CUST-JOIN-0378,2026-09-06,3501.73,WH-DETROIT
ORD-07879,CUST-JOIN-0379,2026-09-06,1409.81,WH-CHICAGO
ORD-07880,CUST-JOIN-0380,2026-09-06,3725.28,WH-MIAMI
ORD-07881,CUST-JOIN-0381,2026-09-06,408.15,WH-DETROIT
ORD-07882,CUST-JOIN-0382,2026-09-06,2532.76,WH-DETROIT
ORD-07883,CUST-JOIN-0383,2026-09-06,5642.62,WH-MIAMI
ORD-07884,CUST-JOIN-0384,2026-09-06,1596.7,WH-DETROIT
ORD-07885,CUST-JOIN-0385,2026-09-06,1492.2,WH-CHICAGO
ORD-07886,CUST-JOIN-0386,2026-09-06,2717.87,WH-DETROIT
ORD-07887,CUST-JOIN-0387,2026-09-06,2869.89,WH-MIAMI
ORD-07888,CUST-JOIN-0388,2026-09-06,6163.96,WH-CHICAGO
ORD-07889,CUST-JOIN-0389,2026-09-07,5992.51,WH-NEWYORK
ORD-07890,CUST-JOIN-0390,2026-09-07,1166.8,WH-DETROIT
ORD-07891,CUST-JOIN-0391,2026-09-07,5005.35,WH-CHICAGO
ORD-07892,CUST-JOIN-0392,2026-09-07,7648.98,WH-CHICAGO
ORD-07893,CUST-JOIN-0393,2026-09-07,6596.5,WH-NEWYORK
ORD-07894,CUST-JOIN-0394,2026-09-07,3060.23,WH-MIAMI
ORD-07895,CUST-JOIN-0395,2026-09-07,2231.76,WH-CHICAGO
ORD-07896,CUST-JOIN-0396,2026-09-07,7285.78,WH-NEWYORK
ORD-07897,CUST-JOIN-0397,2026-09-07,5933.36,WH-CHICAGO
ORD-07898,CUST-JOIN-0398,2026-09-07,3155.68,WH-MIAMI
ORD-07899,CUST-JOIN-0399,2026-09-07,7708.67,WH-CHICAGO
ORD-07900,CUST-JOIN-0400,2026-09-07,6253.33,WH-DETROIT
ORD-07901,CUST-JOIN-0401,2026-09-07,3298.98,WH-MIAMI
ORD-07902,CUST-JOIN-0402,2026-09-07,230.32,WH-DETROIT
ORD-07903,CUST-JOIN-0403,2026-09-07,4229.06,WH-NEWYORK
ORD-07904,CUST-JOIN-0404,2026-09-07,4067.69,WH-DETROIT
ORD-07905,CUST-JOIN-0405,2026-09-07,7185.16,WH-CHICAGO
ORD-07906,CUST-JOIN-0406,2026-09-07,7267.83,WH-CHICAGO
ORD-07907,CUST-JOIN-0407,2026-09-07,1489.25,WH-CHICAGO
ORD-07908,CUST-JOIN-0408,2026-09-07,5487.58,WH-DETROIT
ORD-07909,CUST-JOIN-0409,2026-09-07,4090.56,WH-CHICAGO
ORD-07910,CUST-JOIN-0410,2026-09-07,1260.79,WH-NEWYORK
ORD-07911,CUST-JOIN-0411,2026-09-07,3772.67,WH-CHICAGO
ORD-07912,CUST-JOIN-0412,2026-09-07,2968.83,WH-MIAMI
ORD-07913,CUST-JOIN-0413,2026-09-08,7911.3,WH-NEWYORK
ORD-07914,CUST-JOIN-0414,2026-09-08,933.99,WH-DETROIT
ORD-07915,CUST-JOIN-0415,2026-09-08,3348.9,WH-NEWYORK
ORD-07916,CUST-JOIN-0416,2026-09-08,4186.69,WH-DETROIT
ORD-07917,CUST-JOIN-0417,2026-09-08,4504.53,WH-DETROIT
ORD-07918,CUST-JOIN-0418,2026-09-08,595.33,WH-NEWYORK
ORD-07919,CUST-JOIN-0419,2026-09-08,630.67,WH-MIAMI
ORD-07920,CUST-JOIN-0420,2026-09-08,4409.65,WH-MIAMI
ORD-07921,CUST-JOIN-0421,2026-09-08,3004.46,WH-DETROIT
ORD-07922,CUST-JOIN-0422,2026-09-08,4892.42,WH-DETROIT
ORD-07923,CUST-JOIN-0423,2026-09-08,6853.07,WH-MIAMI
ORD-07924,CUST-JOIN-0424,2026-09-08,4223.85,WH-DETROIT
ORD-07925,CUST-JOIN-0425,2026-09-08,7304.98,WH-NEWYORK
ORD-07926,CUST-JOIN-0426,2026-09-08,5131.7,WH-DETROIT
ORD-07927,CUST-JOIN-0427,2026-09-08,728.13,WH-CHICAGO
ORD-07928,CUST-JOIN-0428,2026-09-08,7203.02,WH-CHICAGO
ORD-07929,CUST-JOIN-0429,2026-09-08,4461.21,WH-NEWYORK
ORD-07930,CUST-JOIN-0430,2026-09-08,684.21,WH-DETROIT
ORD-07931,CUST-JOIN-0431,2026-09-08,591.05,WH-DETROIT
ORD-07932,CUST-JOIN-0432,2026-09-08,7664.42,WH-MIAMI
ORD-07933,CUST-JOIN-0433,2026-09-08,6661.97,WH-CHICAGO
ORD-07934,CUST-JOIN-0434,2026-09-08,5213.77,WH-MIAMI
ORD-07935,CUST-JOIN-0435,2026-09-08,4531.63,WH-DETROIT
ORD-07936,CUST-JOIN-0436,2026-09-08,2862.63,WH-MIAMI
ORD-07937,CUST-JOIN-0437,2026-09-09,2840.39,WH-NEWYORK
ORD-07938,CUST-JOIN-0438,2026-09-09,6663.06,WH-NEWYORK
ORD-07939,CUST-JOIN-0439,2026-09-09,1491.92,WH-DETROIT
ORD-07940,CUST-JOIN-0440,2026-09-09,7197.6,WH-CHICAGO
ORD-07941,CUST-JOIN-0441,2026-09-09,6810.66,WH-CHICAGO
ORD-07942,CUST-JOIN-0442,2026-09-09,1259.92,WH-DETROIT
ORD-07943,CUST-JOIN-0443,2026-09-09,440.13,WH-CHICAGO
ORD-07944,CUST-JOIN-0444,2026-09-09,894.28,WH-MIAMI
ORD-07945,CUST-JOIN-0445,2026-09-09,1557.87,WH-NEWYORK
ORD-07946,CUST-JOIN-0446,2026-09-09,7610.77,WH-NEWYORK
ORD-07947,CUST-JOIN-0447,2026-09-09,3785.29,WH-NEWYORK
ORD-07948,CUST-JOIN-0448,2026-09-09,4150.94,WH-CHICAGO
ORD-07949,CUST-JOIN-0449,2026-09-09,1295.12,WH-CHICAGO
ORD-07950,CUST-JOIN-0450,2026-09-09,6602.86,WH-CHICAGO
ORD-07951,CUST-JOIN-0451,2026-09-09,2111.31,WH-MIAMI
ORD-07952,CUST-JOIN-0452,2026-09-09,1267.91,WH-NEWYORK
ORD-07953,CUST-JOIN-0453,2026-09-09,2038.09,WH-MIAMI
ORD-07954,CUST-JOIN-0454,2026-09-09,5013.16,WH-CHICAGO
ORD-07955,CUST-JOIN-0455,2026-09-09,7818.95,WH-DETROIT
ORD-07956,CUST-JOIN-0456,2026-09-09,5554.52,WH-NEWYORK
ORD-07957,CUST-JOIN-0457,2026-09-09,5766.18,WH-NEWYORK
ORD-07958,CUST-JOIN-0458,2026-09-09,3528.4,WH-MIAMI
ORD-07959,CUST-JOIN-0459,2026-09-09,2182.96,WH-CHICAGO
ORD-07960,CUST-JOIN-0460,2026-09-09,500.23,WH-NEWYORK
ORD-07961,CUST-JOIN-0461,2026-09-10,1069.75,WH-CHICAGO
ORD-07962,CUST-JOIN-0462,2026-09-10,3499.25,WH-DETROIT
ORD-07963,CUST-JOIN-0463,2026-09-10,5807.07,WH-NEWYORK
ORD-07964,CUST-JOIN-0464,2026-09-10,5420.87,WH-MIAMI
ORD-07965,CUST-JOIN-0465,2026-09-10,7636.74,WH-DETROIT
ORD-07966,CUST-JOIN-0466,2026-09-10,5042.22,WH-NEWYORK
ORD-07967,CUST-JOIN-0467,2026-09-10,3735.55,WH-MIAMI
ORD-07968,CUST-JOIN-0468,2026-09-10,6956.53,WH-MIAMI
ORD-07969,CUST-JOIN-0469,2026-09-10,1584.48,WH-NEWYORK
ORD-07970,CUST-JOIN-0470,2026-09-10,1213.5,WH-NEWYORK
ORD-07971,CUST-JOIN-0471,2026-09-10,7128.34,WH-MIAMI
ORD-07972,CUST-JOIN-0472,2026-09-10,4418.09,WH-NEWYORK
ORD-07973,CUST-JOIN-0473,2026-09-10,3186.61,WH-CHICAGO
ORD-07974,CUST-JOIN-0474,2026-09-10,3209.9,WH-CHICAGO
ORD-07975,CUST-JOIN-0475,2026-09-10,1801.12,WH-NEWYORK
ORD-07976,CUST-JOIN-0476,2026-09-10,7220.51,WH-CHICAGO
ORD-07977,CUST-JOIN-0477,2026-09-10,5919.56,WH-NEWYORK
ORD-07978,CUST-JOIN-0478,2026-09-10,4590.29,WH-DETROIT
ORD-07979,CUST-JOIN-0479,2026-09-10,2532.46,WH-DETROIT
ORD-07980,CUST-JOIN-0480,2026-09-10,3796.13,WH-CHICAGO
ORD-07981,CUST-JOIN-0481,2026-09-10,2539.86,WH-DETROIT
ORD-07982,CUST-JOIN-0482,2026-09-10,2385.68,WH-NEWYORK
ORD-07983,CUST-JOIN-0483,2026-09-10,3732.63,WH-DETROIT
ORD-07984,CUST-JOIN-0484,2026-09-10,4194.16,WH-MIAMI
ORD-07985,CUST-JOIN-0485,2026-09-11,7250.26,WH-MIAMI
ORD-07986,CUST-JOIN-0486,2026-09-11,5698.29,WH-MIAMI
ORD-07987,CUST-JOIN-0487,2026-09-11,5809.46,WH-DETROIT
ORD-07988,CUST-JOIN-0488,2026-09-11,5782.93,WH-MIAMI
ORD-07989,CUST-JOIN-0489,2026-09-11,7609.13,WH-DETROIT
ORD-07990,CUST-JOIN-0490,2026-09-11,4223.69,WH-DETROIT
ORD-07991,CUST-JOIN-0491,2026-09-11,7911.74,WH-CHICAGO
ORD-07992,CUST-JOIN-0492,2026-09-11,6237.95,WH-DETROIT
ORD-07993,CUST-JOIN-0493,2026-09-11,5603.45,WH-DETROIT
ORD-07994,CUST-JOIN-0494,2026-09-11,2390.3,WH-MIAMI
ORD-07995,CUST-JOIN-0495,2026-09-11,2696.37,WH-CHICAGO
ORD-07996,CUST-JOIN-0496,2026-09-11,6114.95,WH-MIAMI
ORD-07997,CUST-JOIN-0497,2026-09-11,6457.25,WH-NEWYORK
ORD-07998,CUST-JOIN-0498,2026-09-11,2017.76,WH-NEWYORK
ORD-07999,CUST-JOIN-0499,2026-09-11,6655.69,WH-MIAMI
ORD-08000,CUST-JOIN-0500,2026-09-11,5344.03,WH-DETROIT
ORD-08001,CUST-JOIN-0501,2026-08-01,604.65,WH-CHICAGO
ORD-08002,CUST-JOIN-0502,2026-08-01,7230.89,WH-CHICAGO
ORD-08003,CUST-JOIN-0503,2026-08-01,4804.86,WH-MIAMI
ORD-08004,CUST-JOIN-0504,2026-08-01,5654.08,WH-MIAMI
ORD-08005,CUST-JOIN-0505,2026-08-01,2719.93,WH-DETROIT
ORD-08006,CUST-JOIN-0506,2026-08-01,7518.06,WH-CHICAGO
ORD-08007,CUST-JOIN-0507,2026-08-01,4204.79,WH-CHICAGO
ORD-08008,CUST-JOIN-0508,2026-08-01,2350.02,WH-DETROIT
ORD-08009,CUST-JOIN-0509,2026-08-01,1966.33,WH-MIAMI
ORD-08010,CUST-JOIN-0510,2026-08-01,6939.2,WH-DETROIT
ORD-08011,CUST-JOIN-0511,2026-08-01,894.28,WH-MIAMI
ORD-08012,CUST-JOIN-0512,2026-08-01,3148.18,WH-NEWYORK
ORD-08013,CUST-JOIN-0513,2026-08-01,1011.16,WH-CHICAGO
ORD-08014,CUST-JOIN-0514,2026-08-01,7508.19,WH-CHICAGO
ORD-08015,CUST-JOIN-0515,2026-08-01,4369.91,WH-NEWYORK
ORD-08016,CUST-JOIN-0516,2026-08-01,4839.24,WH-CHICAGO
ORD-08017,CUST-JOIN-0517,2026-08-01,6812.3,WH-NEWYORK
ORD-08018,CUST-JOIN-0518,2026-08-01,2422.55,WH-MIAMI
ORD-08019,CUST-JOIN-0519,2026-08-01,1557.37,WH-DETROIT
ORD-08020,CUST-JOIN-0520,2026-08-01,3615.95,WH-CHICAGO
ORD-08021,CUST-JOIN-0521,2026-08-01,1784.51,WH-DETROIT
ORD-08022,CUST-JOIN-0522,2026-08-01,5218.89,WH-DETROIT
ORD-08023,CUST-JOIN-0523,2026-08-01,6129.15,WH-MIAMI
ORD-08024,CUST-JOIN-0524,2026-08-01,2293.21,WH-CHICAGO
ORD-08025,CUST-JOIN-0525,2026-08-02,7653.29,WH-NEWYORK
ORD-08026,CUST-JOIN-0526,2026-08-02,6100.93,WH-MIAMI
ORD-08027,CUST-JOIN-0527,2026-08-02,5226.36,WH-NEWYORK
ORD-08028,CUST-JOIN-0528,2026-08-02,4978.23,WH-MIAMI
ORD-08029,CUST-JOIN-0529,2026-08-02,7307.99,WH-MIAMI
ORD-08030,CUST-JOIN-0530,2026-08-02,5697.91,WH-CHICAGO
ORD-08031,CUST-JOIN-0531,2026-08-02,7769.46,WH-CHICAGO
ORD-08032,CUST-JOIN-0532,2026-08-02,1655.33,WH-CHICAGO
ORD-08033,CUST-JOIN-0533,2026-08-02,2171.44,WH-CHICAGO
ORD-08034,CUST-JOIN-0534,2026-08-02,6516.52,WH-MIAMI
ORD-08035,CUST-JOIN-0535,2026-08-02,914.86,WH-DETROIT
ORD-08036,CUST-JOIN-0536,2026-08-02,7840.65,WH-CHICAGO
ORD-08037,CUST-JOIN-0537,2026-08-02,3219.18,WH-MIAMI
ORD-08038,CUST-JOIN-0538,2026-08-02,2449.25,WH-CHICAGO
ORD-08039,CUST-JOIN-0539,2026-08-02,1167.05,WH-MIAMI
ORD-08040,CUST-JOIN-0540,2026-08-02,2368.37,WH-NEWYORK
ORD-08041,CUST-JOIN-0541,2026-08-02,3342.64,WH-MIAMI
ORD-08042,CUST-JOIN-0542,2026-08-02,230.77,WH-DETROIT
ORD-08043,CUST-JOIN-0543,2026-08-02,5269.31,WH-NEWYORK
ORD-08044,CUST-JOIN-0544,2026-08-02,7445.26,WH-MIAMI
ORD-08045,CUST-JOIN-0545,2026-08-02,4705.71,WH-CHICAGO
ORD-08046,CUST-JOIN-0546,2026-08-02,506.82,WH-MIAMI
ORD-08047,CUST-JOIN-0547,2026-08-02,3176.42,WH-DETROIT
ORD-08048,CUST-JOIN-0548,2026-08-02,6597.01,WH-CHICAGO
ORD-08049,CUST-JOIN-0549,2026-08-03,1597.44,WH-MIAMI
ORD-08050,CUST-JOIN-0550,2026-08-03,5114.54,WH-CHICAGO
ORD-08051,CUST-JOIN-0551,2026-08-03,3541.03,WH-DETROIT
ORD-08052,CUST-JOIN-0552,2026-08-03,1459.66,WH-CHICAGO
ORD-08053,CUST-JOIN-0553,2026-08-03,3356.41,WH-NEWYORK
ORD-08054,CUST-JOIN-0554,2026-08-03,2744.55,WH-CHICAGO
ORD-08055,CUST-JOIN-0555,2026-08-03,7095.45,WH-DETROIT
ORD-08056,CUST-JOIN-0556,2026-08-03,742.29,WH-MIAMI
ORD-08057,CUST-JOIN-0557,2026-08-03,2831.97,WH-MIAMI
ORD-08058,CUST-JOIN-0558,2026-08-03,6675.88,WH-CHICAGO
ORD-08059,CUST-JOIN-0559,2026-08-03,2892.48,WH-MIAMI
ORD-08060,CUST-JOIN-0560,2026-08-03,3823.2,WH-CHICAGO
ORD-08061,CUST-JOIN-0561,2026-08-03,2945.57,WH-DETROIT
ORD-08062,CUST-JOIN-0562,2026-08-03,582.38,WH-MIAMI
ORD-08063,CUST-JOIN-0563,2026-08-03,2608.73,WH-NEWYORK
ORD-08064,CUST-JOIN-0564,2026-08-03,7243.7,WH-DETROIT
ORD-08065,CUST-JOIN-0565,2026-08-03,3546.51,WH-MIAMI
ORD-08066,CUST-JOIN-0566,2026-08-03,3576.72,WH-DETROIT
ORD-08067,CUST-JOIN-0567,2026-08-03,7725.25,WH-NEWYORK
ORD-08068,CUST-JOIN-0568,2026-08-03,7998.95,WH-NEWYORK
ORD-08069,CUST-JOIN-0569,2026-08-03,7464.5,WH-MIAMI
ORD-08070,CUST-JOIN-0570,2026-08-03,4876.82,WH-CHICAGO
ORD-08071,CUST-JOIN-0571,2026-08-03,5371.12,WH-MIAMI
ORD-08072,CUST-JOIN-0572,2026-08-03,6052.05,WH-DETROIT
ORD-08073,CUST-JOIN-0573,2026-08-04,346.7,WH-MIAMI
ORD-08074,CUST-JOIN-0574,2026-08-04,5381.23,WH-DETROIT
ORD-08075,CUST-JOIN-0575,2026-08-04,5846.64,WH-DETROIT
ORD-08076,CUST-JOIN-0576,2026-08-04,4513.77,WH-DETROIT
ORD-08077,CUST-JOIN-0577,2026-08-04,7021.3,WH-NEWYORK
ORD-08078,CUST-JOIN-0578,2026-08-04,6263.26,WH-NEWYORK
ORD-08079,CUST-JOIN-0579,2026-08-04,7139.92,WH-DETROIT
ORD-08080,CUST-JOIN-0580,2026-08-04,7464.11,WH-MIAMI
ORD-08081,CUST-JOIN-0581,2026-08-04,3981.72,WH-MIAMI
ORD-08082,CUST-JOIN-0582,2026-08-04,4730.08,WH-NEWYORK
ORD-08083,CUST-JOIN-0583,2026-08-04,1652.01,WH-CHICAGO
ORD-08084,CUST-JOIN-0584,2026-08-04,5789.79,WH-DETROIT
ORD-08085,CUST-JOIN-0585,2026-08-04,3860.59,WH-NEWYORK
ORD-08086,CUST-JOIN-0586,2026-08-04,4992.27,WH-MIAMI
ORD-08087,CUST-JOIN-0587,2026-08-04,5344.22,WH-DETROIT
ORD-08088,CUST-JOIN-0588,2026-08-04,2196.77,WH-CHICAGO
ORD-08089,CUST-JOIN-0589,2026-08-04,7411.44,WH-DETROIT
ORD-08090,CUST-JOIN-0590,2026-08-04,1472.17,WH-MIAMI
ORD-08091,CUST-JOIN-0591,2026-08-04,6443.22,WH-MIAMI
ORD-08092,CUST-JOIN-0592,2026-08-04,7812.85,WH-DETROIT
ORD-08093,CUST-JOIN-0593,2026-08-04,425.31,WH-DETROIT
ORD-08094,CUST-JOIN-0594,2026-08-04,2112.02,WH-NEWYORK
ORD-08095,CUST-JOIN-0595,2026-08-04,6597.44,WH-MIAMI
ORD-08096,CUST-JOIN-0596,2026-08-04,1013.89,WH-DETROIT
ORD-08097,CUST-JOIN-0597,2026-08-05,1239.52,WH-DETROIT
ORD-08098,CUST-JOIN-0598,2026-08-05,2873.14,WH-NEWYORK
ORD-08099,CUST-JOIN-0599,2026-08-05,249.04,WH-MIAMI
ORD-08100,CUST-JOIN-0600,2026-08-05,2402.43,WH-DETROIT
ORD-08101,CUST-JOIN-0601,2026-08-05,7477.82,WH-DETROIT
ORD-08102,CUST-JOIN-0602,2026-08-05,5647.09,WH-NEWYORK
ORD-08103,CUST-JOIN-0603,2026-08-05,6572.14,WH-DETROIT
ORD-08104,CUST-JOIN-0604,2026-08-05,2274.98,WH-NEWYORK
ORD-08105,CUST-JOIN-0605,2026-08-05,4869.38,WH-MIAMI
ORD-08106,CUST-JOIN-0606,2026-08-05,6397.67,WH-DETROIT
ORD-08107,CUST-JOIN-0607,2026-08-05,5307.92,WH-NEWYORK
ORD-08108,CUST-JOIN-0608,2026-08-05,4849.15,WH-DETROIT
ORD-08109,CUST-JOIN-0609,2026-08-05,7417.75,WH-MIAMI
ORD-08110,CUST-JOIN-0610,2026-08-05,2352.99,WH-DETROIT
ORD-08111,CUST-JOIN-0611,2026-08-05,1407.54,WH-CHICAGO
ORD-08112,CUST-JOIN-0612,2026-08-05,2775.13,WH-CHICAGO
ORD-08113,CUST-JOIN-0613,2026-08-05,2776.21,WH-NEWYORK
ORD-08114,CUST-JOIN-0614,2026-08-05,3871.09,WH-NEWYORK
ORD-08115,CUST-JOIN-0615,2026-08-05,6374.44,WH-CHICAGO
ORD-08116,CUST-JOIN-0616,2026-08-05,656.81,WH-MIAMI
ORD-08117,CUST-JOIN-0617,2026-08-05,7826.12,WH-NEWYORK
ORD-08118,CUST-JOIN-0618,2026-08-05,7058.95,WH-DETROIT
ORD-08119,CUST-JOIN-0619,2026-08-05,1720.24,WH-CHICAGO
ORD-08120,CUST-JOIN-0620,2026-08-05,4784.94,WH-NEWYORK
ORD-08121,CUST-JOIN-0621,2026-08-06,6246.33,WH-NEWYORK
ORD-08122,CUST-JOIN-0622,2026-08-06,4779.64,WH-CHICAGO
ORD-08123,CUST-JOIN-0623,2026-08-06,7093.67,WH-MIAMI
ORD-08124,CUST-JOIN-0624,2026-08-06,6222.82,WH-DETROIT
ORD-08125,CUST-JOIN-0625,2026-08-06,6170.17,WH-MIAMI
ORD-08126,CUST-JOIN-0626,2026-08-06,283.75,WH-MIAMI
ORD-08127,CUST-JOIN-0627,2026-08-06,3835.15,WH-DETROIT
ORD-08128,CUST-JOIN-0628,2026-08-06,1743.7,WH-NEWYORK
ORD-08129,CUST-JOIN-0629,2026-08-06,7737.46,WH-DETROIT
ORD-08130,CUST-JOIN-0630,2026-08-06,4858.39,WH-DETROIT
ORD-08131,CUST-JOIN-0631,2026-08-06,2494.8,WH-DETROIT
ORD-08132,CUST-JOIN-0632,2026-08-06,960.91,WH-DETROIT
ORD-08133,CUST-JOIN-0633,2026-08-06,517.48,WH-NEWYORK
ORD-08134,CUST-JOIN-0634,2026-08-06,5089.46,WH-DETROIT
ORD-08135,CUST-JOIN-0635,2026-08-06,4453.36,WH-CHICAGO
ORD-08136,CUST-JOIN-0636,2026-08-06,3912.33,WH-MIAMI
ORD-08137,CUST-JOIN-0637,2026-08-06,5805.61,WH-DETROIT
ORD-08138,CUST-JOIN-0638,2026-08-06,3949.54,WH-NEWYORK
ORD-08139,CUST-JOIN-0639,2026-08-06,6024.97,WH-CHICAGO
ORD-08140,CUST-JOIN-0640,2026-08-06,2553.28,WH-MIAMI
ORD-08141,CUST-JOIN-0641,2026-08-06,2554.15,WH-DETROIT
ORD-08142,CUST-JOIN-0642,2026-08-06,1731.84,WH-DETROIT
ORD-08143,CUST-JOIN-0643,2026-08-06,2169.45,WH-NEWYORK
ORD-08144,CUST-JOIN-0644,2026-08-06,1131.93,WH-MIAMI
ORD-08145,CUST-JOIN-0645,2026-08-07,1016.63,WH-MIAMI
ORD-08146,CUST-JOIN-0646,2026-08-07,3544.97,WH-NEWYORK
ORD-08147,CUST-JOIN-0647,2026-08-07,484.86,WH-NEWYORK
ORD-08148,CUST-JOIN-0648,2026-08-07,4923.62,WH-NEWYORK
ORD-08149,CUST-JOIN-0649,2026-08-07,2473.94,WH-DETROIT
ORD-08150,CUST-JOIN-0650,2026-08-07,7257.56,WH-MIAMI
ORD-08151,CUST-JOIN-0651,2026-08-07,321.53,WH-NEWYORK
ORD-08152,CUST-JOIN-0652,2026-08-07,7052.63,WH-DETROIT
ORD-08153,CUST-JOIN-0653,2026-08-07,6700.35,WH-NEWYORK
ORD-08154,CUST-JOIN-0654,2026-08-07,4929.52,WH-MIAMI
ORD-08155,CUST-JOIN-0655,2026-08-07,2812.64,WH-CHICAGO
ORD-08156,CUST-JOIN-0656,2026-08-07,3447.82,WH-MIAMI
ORD-08157,CUST-JOIN-0657,2026-08-07,6649.74,WH-DETROIT
ORD-08158,CUST-JOIN-0658,2026-08-07,7313.41,WH-DETROIT
ORD-08159,CUST-JOIN-0659,2026-08-07,6464.94,WH-DETROIT
ORD-08160,CUST-JOIN-0660,2026-08-07,3593.75,WH-CHICAGO
ORD-08161,CUST-JOIN-0661,2026-08-07,7172.19,WH-MIAMI
ORD-08162,CUST-JOIN-0662,2026-08-07,2205.19,WH-NEWYORK
ORD-08163,CUST-JOIN-0663,2026-08-07,272.41,WH-CHICAGO
ORD-08164,CUST-JOIN-0664,2026-08-07,7849.48,WH-CHICAGO
ORD-08165,CUST-JOIN-0665,2026-08-07,1220.99,WH-DETROIT
ORD-08166,CUST-JOIN-0666,2026-08-07,2311.41,WH-NEWYORK
ORD-08167,CUST-JOIN-0667,2026-08-07,803.38,WH-MIAMI
ORD-08168,CUST-JOIN-0668,2026-08-07,5940.38,WH-CHICAGO
ORD-08169,CUST-JOIN-0669,2026-08-08,1171.06,WH-NEWYORK
ORD-08170,CUST-JOIN-0670,2026-08-08,4230.69,WH-MIAMI
ORD-08171,CUST-JOIN-0671,2026-08-08,2438.44,WH-CHICAGO
ORD-08172,CUST-JOIN-0672,2026-08-08,1717.95,WH-DETROIT
ORD-08173,CUST-JOIN-0673,2026-08-08,5820.13,WH-DETROIT
ORD-08174,CUST-JOIN-0674,2026-08-08,3552.4,WH-CHICAGO
ORD-08175,CUST-JOIN-0675,2026-08-08,1568.03,WH-DETROIT
ORD-08176,CUST-JOIN-0676,2026-08-08,1777.13,WH-NEWYORK
ORD-08177,CUST-JOIN-0677,2026-08-08,1549.93,WH-DETROIT
ORD-08178,CUST-JOIN-0678,2026-08-08,3324.48,WH-DETROIT
ORD-08179,CUST-JOIN-0679,2026-08-08,340.06,WH-CHICAGO
ORD-08180,CUST-JOIN-0680,2026-08-08,2613.91,WH-DETROIT
ORD-08181,CUST-JOIN-0681,2026-08-08,801.87,WH-MIAMI
ORD-08182,CUST-JOIN-0682,2026-08-08,560.14,WH-MIAMI
ORD-08183,CUST-JOIN-0683,2026-08-08,1618.77,WH-DETROIT
ORD-08184,CUST-JOIN-0684,2026-08-08,1498.02,WH-DETROIT
ORD-08185,CUST-JOIN-0685,2026-08-08,7395.7,WH-MIAMI
ORD-08186,CUST-JOIN-0686,2026-08-08,7941.0,WH-NEWYORK
ORD-08187,CUST-JOIN-0687,2026-08-08,1150.24,WH-NEWYORK
ORD-08188,CUST-JOIN-0688,2026-08-08,7255.74,WH-MIAMI
ORD-08189,CUST-JOIN-0689,2026-08-08,5173.84,WH-CHICAGO
ORD-08190,CUST-JOIN-0690,2026-08-08,7407.52,WH-NEWYORK
ORD-08191,CUST-JOIN-0691,2026-08-08,479.08,WH-NEWYORK
ORD-08192,CUST-JOIN-0692,2026-08-08,5849.92,WH-CHICAGO
ORD-08193,CUST-JOIN-0693,2026-08-09,1231.16,WH-DETROIT
ORD-08194,CUST-JOIN-0694,2026-08-09,432.54,WH-MIAMI
ORD-08195,CUST-JOIN-0695,2026-08-09,3207.47,WH-DETROIT
ORD-08196,CUST-JOIN-0696,2026-08-09,2402.08,WH-MIAMI
ORD-08197,CUST-JOIN-0697,2026-08-09,6893.61,WH-NEWYORK
ORD-08198,CUST-JOIN-0698,2026-08-09,6884.45,WH-CHICAGO
ORD-08199,CUST-JOIN-0699,2026-08-09,7659.04,WH-CHICAGO
ORD-08200,CUST-JOIN-0700,2026-08-09,6127.9,WH-DETROIT
ORD-08201,CUST-JOIN-0701,2026-08-09,5123.48,WH-CHICAGO
ORD-08202,CUST-JOIN-0702,2026-08-09,5093.64,WH-CHICAGO
ORD-08203,CUST-JOIN-0703,2026-08-09,6406.92,WH-DETROIT
ORD-08204,CUST-JOIN-0704,2026-08-09,7167.58,WH-NEWYORK
ORD-08205,CUST-JOIN-0705,2026-08-09,2764.27,WH-DETROIT
ORD-08206,CUST-JOIN-0706,2026-08-09,342.16,WH-NEWYORK
ORD-08207,CUST-JOIN-0707,2026-08-09,7132.42,WH-MIAMI
ORD-08208,CUST-JOIN-0708,2026-08-09,7698.39,WH-MIAMI
ORD-08209,CUST-JOIN-0709,2026-08-09,6299.08,WH-CHICAGO
ORD-08210,CUST-JOIN-0710,2026-08-09,772.86,WH-CHICAGO
ORD-08211,CUST-JOIN-0711,2026-08-09,2112.58,WH-DETROIT
ORD-08212,CUST-JOIN-0712,2026-08-09,3924.36,WH-DETROIT
ORD-08213,CUST-JOIN-0713,2026-08-09,2743.36,WH-DETROIT
ORD-08214,CUST-JOIN-0714,2026-08-09,3426.88,WH-DETROIT
ORD-08215,CUST-JOIN-0715,2026-08-09,6207.94,WH-MIAMI
ORD-08216,CUST-JOIN-0716,2026-08-09,2885.98,WH-CHICAGO
ORD-08217,CUST-JOIN-0717,2026-08-10,4906.34,WH-DETROIT
ORD-08218,CUST-JOIN-0718,2026-08-10,7995.42,WH-NEWYORK
ORD-08219,CUST-JOIN-0719,2026-08-10,7811.4,WH-NEWYORK
ORD-08220,CUST-JOIN-0720,2026-08-10,1867.52,WH-DETROIT
ORD-08221,CUST-JOIN-0721,2026-08-10,1848.8,WH-MIAMI
ORD-08222,CUST-JOIN-0722,2026-08-10,4838.27,WH-CHICAGO
ORD-08223,CUST-JOIN-0723,2026-08-10,2918.0,WH-DETROIT
ORD-08224,CUST-JOIN-0724,2026-08-10,879.26,WH-DETROIT
ORD-08225,CUST-JOIN-0725,2026-08-10,1072.45,WH-DETROIT
ORD-08226,CUST-JOIN-0726,2026-08-10,5573.92,WH-DETROIT
ORD-08227,CUST-JOIN-0727,2026-08-10,4279.3,WH-NEWYORK
ORD-08228,CUST-JOIN-0728,2026-08-10,1231.78,WH-CHICAGO
ORD-08229,CUST-JOIN-0729,2026-08-10,1780.05,WH-NEWYORK
ORD-08230,CUST-JOIN-0730,2026-08-10,6688.37,WH-NEWYORK
ORD-08231,CUST-JOIN-0731,2026-08-10,7492.01,WH-NEWYORK
ORD-08232,CUST-JOIN-0732,2026-08-10,801.88,WH-NEWYORK
ORD-08233,CUST-JOIN-0733,2026-08-10,3330.88,WH-NEWYORK
ORD-08234,CUST-JOIN-0734,2026-08-10,2581.81,WH-DETROIT
ORD-08235,CUST-JOIN-0735,2026-08-10,4091.41,WH-MIAMI
ORD-08236,CUST-JOIN-0736,2026-08-10,5759.98,WH-NEWYORK
ORD-08237,CUST-JOIN-0737,2026-08-10,5721.37,WH-NEWYORK
ORD-08238,CUST-JOIN-0738,2026-08-10,5034.78,WH-MIAMI
ORD-08239,CUST-JOIN-0739,2026-08-10,5371.83,WH-NEWYORK
ORD-08240,CUST-JOIN-0740,2026-08-10,245.29,WH-CHICAGO
ORD-08241,CUST-JOIN-0741,2026-08-11,1394.98,WH-CHICAGO
ORD-08242,CUST-JOIN-0742,2026-08-11,4560.5,WH-CHICAGO
ORD-08243,CUST-JOIN-0743,2026-08-11,486.0,WH-MIAMI
ORD-08244,CUST-JOIN-0744,2026-08-11,7741.42,WH-MIAMI
ORD-08245,CUST-JOIN-0745,2026-08-11,2827.64,WH-MIAMI
ORD-08246,CUST-JOIN-0746,2026-08-11,1077.31,WH-MIAMI
ORD-08247,CUST-JOIN-0747,2026-08-11,1066.34,WH-CHICAGO
ORD-08248,CUST-JOIN-0748,2026-08-11,3894.0,WH-DETROIT
ORD-08249,CUST-JOIN-0749,2026-08-11,3367.01,WH-CHICAGO
ORD-08250,CUST-JOIN-0750,2026-08-11,3510.91,WH-DETROIT
ORD-08251,CUST-JOIN-0751,2026-08-11,4576.39,WH-DETROIT
ORD-08252,CUST-JOIN-0752,2026-08-11,4149.75,WH-CHICAGO
ORD-08253,CUST-JOIN-0753,2026-08-11,6402.71,WH-NEWYORK
ORD-08254,CUST-JOIN-0754,2026-08-11,639.13,WH-DETROIT
ORD-08255,CUST-JOIN-0755,2026-08-11,2411.95,WH-CHICAGO
ORD-08256,CUST-JOIN-0756,2026-08-11,285.01,WH-DETROIT
ORD-08257,CUST-JOIN-0757,2026-08-11,3136.83,WH-DETROIT
ORD-08258,CUST-JOIN-0758,2026-08-11,7420.43,WH-CHICAGO
ORD-08259,CUST-JOIN-0759,2026-08-11,6053.05,WH-DETROIT
ORD-08260,CUST-JOIN-0760,2026-08-11,6924.28,WH-MIAMI
ORD-08261,CUST-JOIN-0761,2026-08-11,5352.76,WH-NEWYORK
ORD-08262,CUST-JOIN-0762,2026-08-11,794.46,WH-CHICAGO
ORD-08263,CUST-JOIN-0763,2026-08-11,3445.41,WH-NEWYORK
ORD-08264,CUST-JOIN-0764,2026-08-11,2041.93,WH-DETROIT
ORD-08265,CUST-JOIN-0765,2026-08-12,1874.16,WH-DETROIT
ORD-08266,CUST-JOIN-0766,2026-08-12,7683.82,WH-DETROIT
ORD-08267,CUST-JOIN-0767,2026-08-12,4317.21,WH-MIAMI
ORD-08268,CUST-JOIN-0768,2026-08-12,6063.21,WH-NEWYORK
ORD-08269,CUST-JOIN-0769,2026-08-12,7989.84,WH-MIAMI
ORD-08270,CUST-JOIN-0770,2026-08-12,4840.47,WH-NEWYORK
ORD-08271,CUST-JOIN-0771,2026-08-12,3297.44,WH-NEWYORK
ORD-08272,CUST-JOIN-0772,2026-08-12,7073.86,WH-NEWYORK
ORD-08273,CUST-JOIN-0773,2026-08-12,6112.5,WH-CHICAGO
ORD-08274,CUST-JOIN-0774,2026-08-12,5959.14,WH-NEWYORK
ORD-08275,CUST-JOIN-0775,2026-08-12,6867.29,WH-DETROIT
ORD-08276,CUST-JOIN-0776,2026-08-12,2756.46,WH-NEWYORK
ORD-08277,CUST-JOIN-0777,2026-08-12,314.41,WH-NEWYORK
ORD-08278,CUST-JOIN-0778,2026-08-12,6283.54,WH-NEWYORK
ORD-08279,CUST-JOIN-0779,2026-08-12,4817.65,WH-NEWYORK
ORD-08280,CUST-JOIN-0780,2026-08-12,4372.19,WH-CHICAGO
ORD-08281,CUST-JOIN-0781,2026-08-12,1495.56,WH-MIAMI
ORD-08282,CUST-JOIN-0782,2026-08-12,4810.82,WH-NEWYORK
ORD-08283,CUST-JOIN-0783,2026-08-12,2147.38,WH-CHICAGO
ORD-08284,CUST-JOIN-0784,2026-08-12,5741.34,WH-CHICAGO
ORD-08285,CUST-JOIN-0785,2026-08-12,1114.06,WH-NEWYORK
ORD-08286,CUST-JOIN-0786,2026-08-12,6180.22,WH-NEWYORK
ORD-08287,CUST-JOIN-0787,2026-08-12,7371.5,WH-MIAMI
ORD-08288,CUST-JOIN-0788,2026-08-12,891.31,WH-DETROIT
ORD-08289,CUST-JOIN-0789,2026-08-13,4927.44,WH-MIAMI
ORD-08290,CUST-JOIN-0790,2026-08-13,4853.59,WH-MIAMI
ORD-08291,CUST-JOIN-0791,2026-08-13,1115.2,WH-NEWYORK
ORD-08292,CUST-JOIN-0792,2026-08-13,6709.4,WH-DETROIT
ORD-08293,CUST-JOIN-0793,2026-08-13,5347.39,WH-NEWYORK
ORD-08294,CUST-JOIN-0794,2026-08-13,6450.58,WH-MIAMI
ORD-08295,CUST-JOIN-0795,2026-08-13,373.53,WH-DETROIT
ORD-08296,CUST-JOIN-0796,2026-08-13,6205.82,WH-CHICAGO
ORD-08297,CUST-JOIN-0797,2026-08-13,7886.01,WH-NEWYORK
ORD-08298,CUST-JOIN-0798,2026-08-13,7288.0,WH-CHICAGO
ORD-08299,CUST-JOIN-0799,2026-08-13,4960.49,WH-DETROIT
ORD-08300,CUST-JOIN-0800,2026-08-13,509.69,WH-CHICAGO
ORD-08301,CUST-JOIN-0801,2026-08-13,2026.48,WH-CHICAGO
ORD-08302,CUST-JOIN-0802,2026-08-13,3635.29,WH-MIAMI
ORD-08303,CUST-JOIN-0803,2026-08-13,6069.47,WH-MIAMI
ORD-08304,CUST-JOIN-0804,2026-08-13,5807.86,WH-CHICAGO
ORD-08305,CUST-JOIN-0805,2026-08-13,3347.71,WH-MIAMI
ORD-08306,CUST-JOIN-0806,2026-08-13,6755.89,WH-DETROIT
ORD-08307,CUST-JOIN-0807,2026-08-13,693.35,WH-NEWYORK
ORD-08308,CUST-JOIN-0808,2026-08-13,7358.21,WH-CHICAGO
ORD-08309,CUST-JOIN-0809,2026-08-13,3550.9,WH-NEWYORK
ORD-08310,CUST-JOIN-0810,2026-08-13,3959.35,WH-DETROIT
ORD-08311,CUST-JOIN-0811,2026-08-13,1348.79,WH-NEWYORK
ORD-08312,CUST-JOIN-0812,2026-08-13,7973.09,WH-MIAMI
ORD-08313,CUST-JOIN-0813,2026-08-14,3366.43,WH-CHICAGO
ORD-08314,CUST-JOIN-0814,2026-08-14,981.87,WH-MIAMI
ORD-08315,CUST-JOIN-0815,2026-08-14,3271.32,WH-CHICAGO
ORD-08316,CUST-JOIN-0816,2026-08-14,3315.11,WH-MIAMI
ORD-08317,CUST-JOIN-0817,2026-08-14,4077.5,WH-NEWYORK
ORD-08318,CUST-JOIN-0818,2026-08-14,3128.53,WH-MIAMI
ORD-08319,CUST-JOIN-0819,2026-08-14,1435.06,WH-MIAMI
ORD-08320,CUST-JOIN-0820,2026-08-14,3228.45,WH-NEWYORK
ORD-08321,CUST-JOIN-0821,2026-08-14,6194.43,WH-NEWYORK
ORD-08322,CUST-JOIN-0822,2026-08-14,5553.74,WH-CHICAGO
ORD-08323,CUST-JOIN-0823,2026-08-14,3267.8,WH-CHICAGO
ORD-08324,CUST-JOIN-0824,2026-08-14,2806.29,WH-CHICAGO
ORD-08325,CUST-JOIN-0825,2026-08-14,7595.92,WH-CHICAGO
ORD-08326,CUST-JOIN-0826,2026-08-14,3187.15,WH-DETROIT
ORD-08327,CUST-JOIN-0827,2026-08-14,5906.01,WH-DETROIT
ORD-08328,CUST-JOIN-0828,2026-08-14,2704.59,WH-MIAMI
ORD-08329,CUST-JOIN-0829,2026-08-14,5045.37,WH-DETROIT
ORD-08330,CUST-JOIN-0830,2026-08-14,865.4,WH-DETROIT
ORD-08331,CUST-JOIN-0831,2026-08-14,4419.37,WH-CHICAGO
ORD-08332,CUST-JOIN-0832,2026-08-14,6113.79,WH-MIAMI
ORD-08333,CUST-JOIN-0833,2026-08-14,213.49,WH-DETROIT
ORD-08334,CUST-JOIN-0834,2026-08-14,7049.15,WH-MIAMI
ORD-08335,CUST-JOIN-0835,2026-08-14,4039.77,WH-NEWYORK
ORD-08336,CUST-JOIN-0836,2026-08-14,6508.89,WH-MIAMI
ORD-08337,CUST-JOIN-0837,2026-08-15,6243.87,WH-DETROIT
ORD-08338,CUST-JOIN-0838,2026-08-15,488.12,WH-DETROIT
ORD-08339,CUST-JOIN-0839,2026-08-15,2313.77,WH-CHICAGO
ORD-08340,CUST-JOIN-0840,2026-08-15,1994.31,WH-MIAMI
ORD-08341,CUST-JOIN-0841,2026-08-15,1970.66,WH-CHICAGO
ORD-08342,CUST-JOIN-0842,2026-08-15,1301.2,WH-MIAMI
ORD-08343,CUST-JOIN-0843,2026-08-15,2628.09,WH-MIAMI
ORD-08344,CUST-JOIN-0844,2026-08-15,4159.13,WH-DETROIT
ORD-08345,CUST-JOIN-0845,2026-08-15,3146.47,WH-DETROIT
ORD-08346,CUST-JOIN-0846,2026-08-15,786.19,WH-DETROIT
ORD-08347,CUST-JOIN-0847,2026-08-15,4660.11,WH-NEWYORK
ORD-08348,CUST-JOIN-0848,2026-08-15,871.91,WH-DETROIT
ORD-08349,CUST-JOIN-0849,2026-08-15,2161.35,WH-CHICAGO
ORD-08350,CUST-JOIN-0850,2026-08-15,2673.99,WH-DETROIT
ORD-08351,CUST-JOIN-0851,2026-08-15,3954.18,WH-CHICAGO
ORD-08352,CUST-JOIN-0852,2026-08-15,5842.38,WH-DETROIT
ORD-08353,CUST-JOIN-0853,2026-08-15,4108.96,WH-DETROIT
ORD-08354,CUST-JOIN-0854,2026-08-15,495.42,WH-CHICAGO
ORD-08355,CUST-JOIN-0855,2026-08-15,4640.86,WH-CHICAGO
ORD-08356,CUST-JOIN-0856,2026-08-15,4536.07,WH-NEWYORK
ORD-08357,CUST-JOIN-0857,2026-08-15,2459.26,WH-MIAMI
ORD-08358,CUST-JOIN-0858,2026-08-15,7776.7,WH-CHICAGO
ORD-08359,CUST-JOIN-0859,2026-08-15,3539.29,WH-DETROIT
ORD-08360,CUST-JOIN-0860,2026-08-15,2239.49,WH-MIAMI
ORD-08361,CUST-JOIN-0861,2026-08-16,3418.39,WH-DETROIT
ORD-08362,CUST-JOIN-0862,2026-08-16,5623.56,WH-CHICAGO
ORD-08363,CUST-JOIN-0863,2026-08-16,6585.49,WH-CHICAGO
ORD-08364,CUST-JOIN-0864,2026-08-16,2784.08,WH-MIAMI
ORD-08365,CUST-JOIN-0865,2026-08-16,1226.99,WH-DETROIT
ORD-08366,CUST-JOIN-0866,2026-08-16,3788.37,WH-CHICAGO
ORD-08367,CUST-JOIN-0867,2026-08-16,4331.38,WH-CHICAGO
ORD-08368,CUST-JOIN-0868,2026-08-16,6786.02,WH-CHICAGO
ORD-08369,CUST-JOIN-0869,2026-08-16,2019.76,WH-NEWYORK
ORD-08370,CUST-JOIN-0870,2026-08-16,2897.64,WH-NEWYORK
ORD-08371,CUST-JOIN-0871,2026-08-16,4073.09,WH-DETROIT
ORD-08372,CUST-JOIN-0872,2026-08-16,7196.91,WH-MIAMI
ORD-08373,CUST-JOIN-0873,2026-08-16,6106.16,WH-NEWYORK
ORD-08374,CUST-JOIN-0874,2026-08-16,2276.96,WH-MIAMI
ORD-08375,CUST-JOIN-0875,2026-08-16,6042.28,WH-CHICAGO
ORD-08376,CUST-JOIN-0876,2026-08-16,3393.21,WH-NEWYORK
ORD-08377,CUST-JOIN-0877,2026-08-16,6447.05,WH-CHICAGO
ORD-08378,CUST-JOIN-0878,2026-08-16,1994.1,WH-MIAMI
ORD-08379,CUST-JOIN-0879,2026-08-16,7251.61,WH-NEWYORK
ORD-08380,CUST-JOIN-0880,2026-08-16,638.3,WH-NEWYORK
ORD-08381,CUST-JOIN-0881,2026-08-16,6324.25,WH-NEWYORK
ORD-08382,CUST-JOIN-0882,2026-08-16,2770.42,WH-NEWYORK
ORD-08383,CUST-JOIN-0883,2026-08-16,6428.83,WH-CHICAGO
ORD-08384,CUST-JOIN-0884,2026-08-16,1330.84,WH-NEWYORK
ORD-08385,CUST-JOIN-0885,2026-08-17,2029.72,WH-MIAMI
ORD-08386,CUST-JOIN-0886,2026-08-17,2970.08,WH-NEWYORK
ORD-08387,CUST-JOIN-0887,2026-08-17,6885.07,WH-DETROIT
ORD-08388,CUST-JOIN-0888,2026-08-17,1410.4,WH-MIAMI
ORD-08389,CUST-JOIN-0889,2026-08-17,767.14,WH-CHICAGO
ORD-08390,CUST-JOIN-0890,2026-08-17,6090.62,WH-MIAMI
ORD-08391,CUST-JOIN-0891,2026-08-17,3919.88,WH-MIAMI
ORD-08392,CUST-JOIN-0892,2026-08-17,898.81,WH-DETROIT
ORD-08393,CUST-JOIN-0893,2026-08-17,1204.49,WH-DETROIT
ORD-08394,CUST-JOIN-0894,2026-08-17,4816.04,WH-MIAMI
ORD-08395,CUST-JOIN-0895,2026-08-17,216.29,WH-CHICAGO
ORD-08396,CUST-JOIN-0896,2026-08-17,4183.13,WH-NEWYORK
ORD-08397,CUST-JOIN-0897,2026-08-17,1024.24,WH-CHICAGO
ORD-08398,CUST-JOIN-0898,2026-08-17,4000.2,WH-MIAMI
ORD-08399,CUST-JOIN-0899,2026-08-17,3501.61,WH-DETROIT
ORD-08400,CUST-JOIN-0900,2026-08-17,4746.94,WH-DETROIT
ORD-08401,CUST-JOIN-0901,2026-08-17,3265.78,WH-CHICAGO
ORD-08402,CUST-JOIN-0902,2026-08-17,3241.33,WH-NEWYORK
ORD-08403,CUST-JOIN-0903,2026-08-17,1453.37,WH-DETROIT
ORD-08404,CUST-JOIN-0904,2026-08-17,578.6,WH-CHICAGO
ORD-08405,CUST-JOIN-0905,2026-08-17,3106.21,WH-CHICAGO
ORD-08406,CUST-JOIN-0906,2026-08-17,5748.85,WH-DETROIT
ORD-08407,CUST-JOIN-0907,2026-08-17,5428.7,WH-DETROIT
ORD-08408,CUST-JOIN-0908,2026-08-17,3203.64,WH-DETROIT
ORD-08409,CUST-JOIN-0909,2026-08-18,7752.04,WH-DETROIT
ORD-08410,CUST-JOIN-0910,2026-08-18,2542.38,WH-CHICAGO
ORD-08411,CUST-JOIN-0911,2026-08-18,6331.48,WH-MIAMI
ORD-08412,CUST-JOIN-0912,2026-08-18,7972.31,WH-CHICAGO
ORD-08413,CUST-JOIN-0913,2026-08-18,4291.44,WH-MIAMI
ORD-08414,CUST-JOIN-0914,2026-08-18,7551.13,WH-MIAMI
ORD-08415,CUST-JOIN-0915,2026-08-18,3601.04,WH-CHICAGO
ORD-08416,CUST-JOIN-0916,2026-08-18,2026.84,WH-DETROIT
ORD-08417,CUST-JOIN-0917,2026-08-18,1203.1,WH-MIAMI
ORD-08418,CUST-JOIN-0918,2026-08-18,298.04,WH-CHICAGO
ORD-08419,CUST-JOIN-0919,2026-08-18,5377.9,WH-MIAMI
ORD-08420,CUST-JOIN-0920,2026-08-18,3160.97,WH-MIAMI
ORD-08421,CUST-JOIN-0921,2026-08-18,1300.59,WH-DETROIT
ORD-08422,CUST-JOIN-0922,2026-08-18,5697.87,WH-DETROIT
ORD-08423,CUST-JOIN-0923,2026-08-18,4942.77,WH-MIAMI
ORD-08424,CUST-JOIN-0924,2026-08-18,6643.08,WH-CHICAGO
ORD-08425,CUST-JOIN-0925,2026-08-18,6450.08,WH-DETROIT
ORD-08426,CUST-JOIN-0926,2026-08-18,2040.66,WH-MIAMI
ORD-08427,CUST-JOIN-0927,2026-08-18,2226.55,WH-NEWYORK
ORD-08428,CUST-JOIN-0928,2026-08-18,6374.39,WH-DETROIT
ORD-08429,CUST-JOIN-0929,2026-08-18,792.17,WH-DETROIT
ORD-08430,CUST-JOIN-0930,2026-08-18,7968.66,WH-CHICAGO
ORD-08431,CUST-JOIN-0931,2026-08-18,2189.21,WH-CHICAGO
ORD-08432,CUST-JOIN-0932,2026-08-18,1468.15,WH-MIAMI
ORD-08433,CUST-JOIN-0933,2026-08-19,7788.91,WH-DETROIT
ORD-08434,CUST-JOIN-0934,2026-08-19,1949.47,WH-NEWYORK
ORD-08435,CUST-JOIN-0935,2026-08-19,5306.33,WH-MIAMI
ORD-08436,CUST-JOIN-0936,2026-08-19,1571.24,WH-NEWYORK
ORD-08437,CUST-JOIN-0937,2026-08-19,7280.51,WH-MIAMI
ORD-08438,CUST-JOIN-0938,2026-08-19,7789.32,WH-MIAMI
ORD-08439,CUST-JOIN-0939,2026-08-19,4285.16,WH-MIAMI
ORD-08440,CUST-JOIN-0940,2026-08-19,5635.66,WH-DETROIT
ORD-08441,CUST-JOIN-0941,2026-08-19,7053.08,WH-MIAMI
ORD-08442,CUST-JOIN-0942,2026-08-19,5171.01,WH-DETROIT
ORD-08443,CUST-JOIN-0943,2026-08-19,7100.15,WH-MIAMI
ORD-08444,CUST-JOIN-0944,2026-08-19,4960.84,WH-MIAMI
ORD-08445,CUST-JOIN-0945,2026-08-19,1464.75,WH-DETROIT
ORD-08446,CUST-JOIN-0946,2026-08-19,2354.62,WH-DETROIT
ORD-08447,CUST-JOIN-0947,2026-08-19,3921.39,WH-DETROIT
ORD-08448,CUST-JOIN-0948,2026-08-19,3516.65,WH-NEWYORK
ORD-08449,CUST-JOIN-0949,2026-08-19,4194.43,WH-CHICAGO
ORD-08450,CUST-JOIN-0950,2026-08-19,6334.3,WH-DETROIT
ORD-08451,CUST-JOIN-0951,2026-08-19,2320.67,WH-NEWYORK
ORD-08452,CUST-JOIN-0952,2026-08-19,2722.33,WH-NEWYORK
ORD-08453,CUST-JOIN-0953,2026-08-19,4138.45,WH-DETROIT
ORD-08454,CUST-JOIN-0954,2026-08-19,6170.52,WH-MIAMI
ORD-08455,CUST-JOIN-0955,2026-08-19,1818.07,WH-DETROIT
ORD-08456,CUST-JOIN-0956,2026-08-19,7474.52,WH-CHICAGO
ORD-08457,CUST-JOIN-0957,2026-08-20,2557.59,WH-DETROIT
ORD-08458,CUST-JOIN-0958,2026-08-20,792.91,WH-CHICAGO
ORD-08459,CUST-JOIN-0959,2026-08-20,3796.06,WH-DETROIT
ORD-08460,CUST-JOIN-0960,2026-08-20,2425.99,WH-DETROIT
ORD-08461,CUST-JOIN-0961,2026-08-20,1937.82,WH-MIAMI
ORD-08462,CUST-JOIN-0962,2026-08-20,429.88,WH-MIAMI
ORD-08463,CUST-JOIN-0963,2026-08-20,5050.83,WH-DETROIT
ORD-08464,CUST-JOIN-0964,2026-08-20,4341.04,WH-DETROIT
ORD-08465,CUST-JOIN-0965,2026-08-20,6637.88,WH-MIAMI
ORD-08466,CUST-JOIN-0966,2026-08-20,2110.13,WH-DETROIT
ORD-08467,CUST-JOIN-0967,2026-08-20,3875.22,WH-DETROIT
ORD-08468,CUST-JOIN-0968,2026-08-20,6756.3,WH-CHICAGO
ORD-08469,CUST-JOIN-0969,2026-08-20,3134.18,WH-MIAMI
ORD-08470,CUST-JOIN-0970,2026-08-20,2733.16,WH-NEWYORK
ORD-08471,CUST-JOIN-0971,2026-08-20,4764.2,WH-MIAMI
ORD-08472,CUST-JOIN-0972,2026-08-20,4110.65,WH-CHICAGO
ORD-08473,CUST-JOIN-0973,2026-08-20,6770.81,WH-MIAMI
ORD-08474,CUST-JOIN-0974,2026-08-20,801.67,WH-NEWYORK
ORD-08475,CUST-JOIN-0975,2026-08-20,6470.53,WH-DETROIT
ORD-08476,CUST-JOIN-0976,2026-08-20,7391.83,WH-DETROIT
ORD-08477,CUST-JOIN-0977,2026-08-20,3920.41,WH-CHICAGO
ORD-08478,CUST-JOIN-0978,2026-08-20,4207.98,WH-MIAMI
ORD-08479,CUST-JOIN-0979,2026-08-20,1954.62,WH-NEWYORK
ORD-08480,CUST-JOIN-0980,2026-08-20,836.68,WH-NEWYORK
ORD-08481,CUST-JOIN-0981,2026-08-21,4596.71,WH-DETROIT
ORD-08482,CUST-JOIN-0982,2026-08-21,2123.67,WH-NEWYORK
ORD-08483,CUST-JOIN-0983,2026-08-21,1285.34,WH-DETROIT
ORD-08484,CUST-JOIN-0984,2026-08-21,4043.44,WH-CHICAGO
ORD-08485,CUST-JOIN-0985,2026-08-21,4704.04,WH-CHICAGO
ORD-08486,CUST-JOIN-0986,2026-08-21,4728.07,WH-DETROIT
ORD-08487,CUST-JOIN-0987,2026-08-21,2544.0,WH-MIAMI
ORD-08488,CUST-JOIN-0988,2026-08-21,567.55,WH-CHICAGO
ORD-08489,CUST-JOIN-0989,2026-08-21,7732.58,WH-MIAMI
ORD-08490,CUST-JOIN-0990,2026-08-21,4470.47,WH-MIAMI
ORD-08491,CUST-JOIN-0991,2026-08-21,2444.96,WH-DETROIT
ORD-08492,CUST-JOIN-0992,2026-08-21,660.67,WH-MIAMI
ORD-08493,CUST-JOIN-0993,2026-08-21,7175.94,WH-NEWYORK
ORD-08494,CUST-JOIN-0994,2026-08-21,1196.42,WH-DETROIT
ORD-08495,CUST-JOIN-0995,2026-08-21,2389.81,WH-NEWYORK
ORD-08496,CUST-JOIN-0996,2026-08-21,2319.48,WH-MIAMI
ORD-08497,CUST-JOIN-0997,2026-08-21,7237.61,WH-NEWYORK
ORD-08498,CUST-JOIN-0998,2026-08-21,4074.95,WH-NEWYORK
ORD-08499,CUST-JOIN-0999,2026-08-21,3118.31,WH-CHICAGO
ORD-08500,CUST-JOIN-1000,2026-08-21,3494.62,WH-CHICAGO
ORD-08501,CUST-JOIN-1001,2026-08-21,4202.95,WH-NEWYORK
ORD-08502,CUST-JOIN-1002,2026-08-21,3092.48,WH-CHICAGO
ORD-08503,CUST-JOIN-1003,2026-08-21,3491.7,WH-DETROIT
ORD-08504,CUST-JOIN-1004,2026-08-21,1251.22,WH-NEWYORK
ORD-08505,CUST-JOIN-1005,2026-08-22,2211.13,WH-CHICAGO
ORD-08506,CUST-JOIN-1006,2026-08-22,2235.97,WH-DETROIT
ORD-08507,CUST-JOIN-1007,2026-08-22,5764.74,WH-NEWYORK
ORD-08508,CUST-JOIN-1008,2026-08-22,6361.93,WH-CHICAGO
ORD-08509,CUST-JOIN-1009,2026-08-22,7996.32,WH-MIAMI
ORD-08510,CUST-JOIN-1010,2026-08-22,7970.95,WH-MIAMI
ORD-08511,CUST-JOIN-1011,2026-08-22,7795.73,WH-MIAMI
ORD-08512,CUST-JOIN-1012,2026-08-22,522.69,WH-DETROIT
ORD-08513,CUST-JOIN-1013,2026-08-22,4615.92,WH-CHICAGO
ORD-08514,CUST-JOIN-1014,2026-08-22,5227.78,WH-MIAMI
ORD-08515,CUST-JOIN-1015,2026-08-22,722.76,WH-NEWYORK
ORD-08516,CUST-JOIN-1016,2026-08-22,7034.82,WH-CHICAGO
ORD-08517,CUST-JOIN-1017,2026-08-22,651.37,WH-DETROIT
ORD-08518,CUST-JOIN-1018,2026-08-22,5614.91,WH-DETROIT
ORD-08519,CUST-JOIN-1019,2026-08-22,1764.37,WH-MIAMI
ORD-08520,CUST-JOIN-1020,2026-08-22,4508.28,WH-CHICAGO
ORD-08521,CUST-JOIN-1021,2026-08-22,1675.55,WH-CHICAGO
ORD-08522,CUST-JOIN-1022,2026-08-22,7409.07,WH-CHICAGO
ORD-08523,CUST-JOIN-1023,2026-08-22,6343.64,WH-CHICAGO
ORD-08524,CUST-JOIN-1024,2026-08-22,6045.92,WH-NEWYORK
ORD-08525,CUST-JOIN-1025,2026-08-22,2437.38,WH-DETROIT
ORD-08526,CUST-JOIN-1026,2026-08-22,4064.69,WH-NEWYORK
ORD-08527,CUST-JOIN-1027,2026-08-22,4079.86,WH-NEWYORK
ORD-08528,CUST-JOIN-1028,2026-08-22,1927.15,WH-NEWYORK
ORD-08529,CUST-JOIN-1029,2026-08-23,4135.43,WH-CHICAGO
ORD-08530,CUST-JOIN-1030,2026-08-23,1738.15,WH-MIAMI
ORD-08531,CUST-JOIN-1031,2026-08-23,1988.73,WH-MIAMI
ORD-08532,CUST-JOIN-1032,2026-08-23,7184.68,WH-MIAMI
ORD-08533,CUST-JOIN-1033,2026-08-23,4770.12,WH-NEWYORK
ORD-08534,CUST-JOIN-1034,2026-08-23,2552.73,WH-DETROIT
ORD-08535,CUST-JOIN-1035,2026-08-23,271.27,WH-NEWYORK
ORD-08536,CUST-JOIN-1036,2026-08-23,5782.77,WH-NEWYORK
ORD-08537,CUST-JOIN-1037,2026-08-23,3122.03,WH-DETROIT
ORD-08538,CUST-JOIN-1038,2026-08-23,1638.9,WH-DETROIT
ORD-08539,CUST-JOIN-1039,2026-08-23,1750.89,WH-MIAMI
ORD-08540,CUST-JOIN-1040,2026-08-23,2084.69,WH-MIAMI
ORD-08541,CUST-JOIN-1041,2026-08-23,1553.23,WH-NEWYORK
ORD-08542,CUST-JOIN-1042,2026-08-23,537.37,WH-MIAMI
ORD-08543,CUST-JOIN-1043,2026-08-23,2546.72,WH-MIAMI
ORD-08544,CUST-JOIN-1044,2026-08-23,1053.65,WH-DETROIT
ORD-08545,CUST-JOIN-1045,2026-08-23,7308.47,WH-MIAMI
ORD-08546,CUST-JOIN-1046,2026-08-23,6689.12,WH-CHICAGO
ORD-08547,CUST-JOIN-1047,2026-08-23,7366.52,WH-MIAMI
ORD-08548,CUST-JOIN-1048,2026-08-23,5508.39,WH-NEWYORK
ORD-08549,CUST-JOIN-1049,2026-08-23,7538.49,WH-DETROIT
ORD-08550,CUST-JOIN-1050,2026-08-23,5523.76,WH-NEWYORK
ORD-08551,CUST-JOIN-1051,2026-08-23,5160.72,WH-DETROIT
ORD-08552,CUST-JOIN-1052,2026-08-23,2047.52,WH-DETROIT
ORD-08553,CUST-JOIN-1053,2026-08-24,3036.53,WH-DETROIT
ORD-08554,CUST-JOIN-1054,2026-08-24,2634.82,WH-CHICAGO
ORD-08555,CUST-JOIN-1055,2026-08-24,7440.11,WH-MIAMI
ORD-08556,CUST-JOIN-1056,2026-08-24,1149.36,WH-NEWYORK
ORD-08557,CUST-JOIN-1057,2026-08-24,7665.34,WH-DETROIT
ORD-08558,CUST-JOIN-1058,2026-08-24,3901.12,WH-MIAMI
ORD-08559,CUST-JOIN-1059,2026-08-24,907.95,WH-NEWYORK
ORD-08560,CUST-JOIN-1060,2026-08-24,7077.58,WH-NEWYORK
ORD-08561,CUST-JOIN-1061,2026-08-24,7030.33,WH-DETROIT
ORD-08562,CUST-JOIN-1062,2026-08-24,3557.56,WH-CHICAGO
ORD-08563,CUST-JOIN-1063,2026-08-24,4023.25,WH-DETROIT
ORD-08564,CUST-JOIN-1064,2026-08-24,2452.11,WH-NEWYORK
ORD-08565,CUST-JOIN-1065,2026-08-24,6189.55,WH-NEWYORK
ORD-08566,CUST-JOIN-1066,2026-08-24,6766.23,WH-CHICAGO
ORD-08567,CUST-JOIN-1067,2026-08-24,382.49,WH-MIAMI
ORD-08568,CUST-JOIN-1068,2026-08-24,7360.65,WH-MIAMI
ORD-08569,CUST-JOIN-1069,2026-08-24,3809.4,WH-NEWYORK
ORD-08570,CUST-JOIN-1070,2026-08-24,4493.53,WH-DETROIT
ORD-08571,CUST-JOIN-1071,2026-08-24,2152.58,WH-DETROIT
ORD-08572,CUST-JOIN-1072,2026-08-24,737.74,WH-DETROIT
ORD-08573,CUST-JOIN-1073,2026-08-24,7649.49,WH-CHICAGO
ORD-08574,CUST-JOIN-1074,2026-08-24,4062.04,WH-NEWYORK
ORD-08575,CUST-JOIN-1075,2026-08-24,4382.75,WH-CHICAGO
ORD-08576,CUST-JOIN-1076,2026-08-24,1527.46,WH-MIAMI
ORD-08577,CUST-JOIN-1077,2026-08-25,5245.82,WH-NEWYORK
ORD-08578,CUST-JOIN-1078,2026-08-25,4527.2,WH-MIAMI
ORD-08579,CUST-JOIN-1079,2026-08-25,3616.58,WH-NEWYORK
ORD-08580,CUST-JOIN-1080,2026-08-25,7463.53,WH-MIAMI
ORD-08581,CUST-JOIN-1081,2026-08-25,4489.58,WH-CHICAGO
ORD-08582,CUST-JOIN-1082,2026-08-25,1931.52,WH-DETROIT
ORD-08583,CUST-JOIN-1083,2026-08-25,4204.86,WH-DETROIT
ORD-08584,CUST-JOIN-1084,2026-08-25,4709.2,WH-MIAMI
ORD-08585,CUST-JOIN-1085,2026-08-25,5185.99,WH-NEWYORK
ORD-08586,CUST-JOIN-1086,2026-08-25,6567.69,WH-NEWYORK
ORD-08587,CUST-JOIN-1087,2026-08-25,4585.16,WH-DETROIT
ORD-08588,CUST-JOIN-1088,2026-08-25,4116.05,WH-CHICAGO
ORD-08589,CUST-JOIN-1089,2026-08-25,3886.38,WH-DETROIT
ORD-08590,CUST-JOIN-1090,2026-08-25,7431.66,WH-NEWYORK
ORD-08591,CUST-JOIN-1091,2026-08-25,1116.67,WH-MIAMI
ORD-08592,CUST-JOIN-1092,2026-08-25,2648.99,WH-NEWYORK
ORD-08593,CUST-JOIN-1093,2026-08-25,5403.95,WH-NEWYORK
ORD-08594,CUST-JOIN-1094,2026-08-25,1117.24,WH-MIAMI
ORD-08595,CUST-JOIN-1095,2026-08-25,2773.87,WH-DETROIT
ORD-08596,CUST-JOIN-1096,2026-08-25,2124.76,WH-MIAMI
ORD-08597,CUST-JOIN-1097,2026-08-25,3028.14,WH-MIAMI
ORD-08598,CUST-JOIN-1098,2026-08-25,4907.64,WH-NEWYORK
ORD-08599,CUST-JOIN-1099,2026-08-25,2759.31,WH-NEWYORK
ORD-08600,CUST-JOIN-1100,2026-08-25,6632.85,WH-MIAMI
ORD-08601,CUST-JOIN-1101,2026-08-26,300.24,WH-DETROIT
ORD-08602,CUST-JOIN-1102,2026-08-26,3812.43,WH-NEWYORK
ORD-08603,CUST-JOIN-1103,2026-08-26,2896.37,WH-DETROIT
ORD-08604,CUST-JOIN-1104,2026-08-26,3668.92,WH-CHICAGO
ORD-08605,CUST-JOIN-1105,2026-08-26,5192.25,WH-DETROIT
ORD-08606,CUST-JOIN-1106,2026-08-26,7511.92,WH-MIAMI
ORD-08607,CUST-JOIN-1107,2026-08-26,2225.41,WH-NEWYORK
ORD-08608,CUST-JOIN-1108,2026-08-26,1448.18,WH-DETROIT
ORD-08609,CUST-JOIN-1109,2026-08-26,1713.17,WH-MIAMI
ORD-08610,CUST-JOIN-1110,2026-08-26,6792.03,WH-CHICAGO
ORD-08611,CUST-JOIN-1111,2026-08-26,4041.31,WH-CHICAGO
ORD-08612,CUST-JOIN-1112,2026-08-26,1429.16,WH-NEWYORK
ORD-08613,CUST-JOIN-1113,2026-08-26,2281.97,WH-CHICAGO
ORD-08614,CUST-JOIN-1114,2026-08-26,6308.04,WH-DETROIT
ORD-08615,CUST-JOIN-1115,2026-08-26,7414.52,WH-CHICAGO
ORD-08616,CUST-JOIN-1116,2026-08-26,7642.63,WH-NEWYORK
ORD-08617,CUST-JOIN-1117,2026-08-26,1795.27,WH-CHICAGO
ORD-08618,CUST-JOIN-1118,2026-08-26,4080.81,WH-MIAMI
ORD-08619,CUST-JOIN-1119,2026-08-26,6048.6,WH-MIAMI
ORD-08620,CUST-JOIN-1120,2026-08-26,5868.87,WH-CHICAGO
ORD-08621,CUST-JOIN-1121,2026-08-26,1208.17,WH-NEWYORK
ORD-08622,CUST-JOIN-1122,2026-08-26,7888.92,WH-MIAMI
ORD-08623,CUST-JOIN-1123,2026-08-26,4748.67,WH-MIAMI
ORD-08624,CUST-JOIN-1124,2026-08-26,895.78,WH-MIAMI
ORD-08625,CUST-JOIN-1125,2026-08-27,2447.77,WH-CHICAGO
ORD-08626,CUST-JOIN-1126,2026-08-27,5843.76,WH-CHICAGO
ORD-08627,CUST-JOIN-1127,2026-08-27,5976.12,WH-DETROIT
ORD-08628,CUST-JOIN-1128,2026-08-27,3744.84,WH-CHICAGO
ORD-08629,CUST-JOIN-1129,2026-08-27,3504.65,WH-DETROIT
ORD-08630,CUST-JOIN-1130,2026-08-27,2506.01,WH-NEWYORK
ORD-08631,CUST-JOIN-1131,2026-08-27,7014.62,WH-DETROIT
ORD-08632,CUST-JOIN-1132,2026-08-27,647.89,WH-MIAMI
ORD-08633,CUST-JOIN-1133,2026-08-27,5118.91,WH-MIAMI
ORD-08634,CUST-JOIN-1134,2026-08-27,6104.13,WH-NEWYORK
ORD-08635,CUST-JOIN-1135,2026-08-27,7570.1,WH-DETROIT
ORD-08636,CUST-JOIN-1136,2026-08-27,4984.27,WH-MIAMI
ORD-08637,CUST-JOIN-1137,2026-08-27,4157.49,WH-DETROIT
ORD-08638,CUST-JOIN-1138,2026-08-27,4041.7,WH-MIAMI
ORD-08639,CUST-JOIN-1139,2026-08-27,5076.43,WH-NEWYORK
ORD-08640,CUST-JOIN-1140,2026-08-27,3228.05,WH-CHICAGO
ORD-08641,CUST-JOIN-1141,2026-08-27,2772.42,WH-NEWYORK
ORD-08642,CUST-JOIN-1142,2026-08-27,6911.48,WH-DETROIT
ORD-08643,CUST-JOIN-1143,2026-08-27,7587.55,WH-CHICAGO
ORD-08644,CUST-JOIN-1144,2026-08-27,7516.06,WH-DETROIT
ORD-08645,CUST-JOIN-1145,2026-08-27,6728.52,WH-CHICAGO
ORD-08646,CUST-JOIN-1146,2026-08-27,4979.73,WH-CHICAGO
ORD-08647,CUST-JOIN-1147,2026-08-27,1743.7,WH-DETROIT
ORD-08648,CUST-JOIN-1148,2026-08-27,1725.0,WH-MIAMI
ORD-08649,CUST-JOIN-1149,2026-08-28,1046.96,WH-NEWYORK
ORD-08650,CUST-JOIN-1150,2026-08-28,330.5,WH-MIAMI
ORD-08651,CUST-JOIN-1151,2026-08-28,5733.82,WH-NEWYORK
ORD-08652,CUST-JOIN-1152,2026-08-28,5519.24,WH-CHICAGO
ORD-08653,CUST-JOIN-1153,2026-08-28,1687.02,WH-NEWYORK
ORD-08654,CUST-JOIN-1154,2026-08-28,7384.22,WH-DETROIT
ORD-08655,CUST-JOIN-1155,2026-08-28,7033.17,WH-MIAMI
ORD-08656,CUST-JOIN-1156,2026-08-28,2257.61,WH-MIAMI
ORD-08657,CUST-JOIN-1157,2026-08-28,1650.41,WH-NEWYORK
ORD-08658,CUST-JOIN-1158,2026-08-28,6062.17,WH-NEWYORK
ORD-08659,CUST-JOIN-1159,2026-08-28,2294.19,WH-NEWYORK
ORD-08660,CUST-JOIN-1160,2026-08-28,2999.59,WH-NEWYORK
ORD-08661,CUST-JOIN-1161,2026-08-28,6899.45,WH-DETROIT
ORD-08662,CUST-JOIN-1162,2026-08-28,6657.91,WH-MIAMI
ORD-08663,CUST-JOIN-1163,2026-08-28,1235.61,WH-DETROIT
ORD-08664,CUST-JOIN-1164,2026-08-28,6055.56,WH-NEWYORK
ORD-08665,CUST-JOIN-1165,2026-08-28,2711.54,WH-NEWYORK
ORD-08666,CUST-JOIN-1166,2026-08-28,2219.88,WH-NEWYORK
ORD-08667,CUST-JOIN-1167,2026-08-28,2330.94,WH-DETROIT
ORD-08668,CUST-JOIN-1168,2026-08-28,6983.04,WH-DETROIT
ORD-08669,CUST-JOIN-1169,2026-08-28,745.43,WH-MIAMI
ORD-08670,CUST-JOIN-1170,2026-08-28,3535.36,WH-MIAMI
ORD-08671,CUST-JOIN-1171,2026-08-28,3107.79,WH-CHICAGO
ORD-08672,CUST-JOIN-1172,2026-08-28,6480.05,WH-MIAMI
ORD-08673,CUST-JOIN-1173,2026-08-29,659.65,WH-DETROIT
ORD-08674,CUST-JOIN-1174,2026-08-29,5480.66,WH-MIAMI
ORD-08675,CUST-JOIN-1175,2026-08-29,3821.45,WH-NEWYORK
ORD-08676,CUST-JOIN-1176,2026-08-29,7466.2,WH-MIAMI
ORD-08677,CUST-JOIN-1177,2026-08-29,2216.19,WH-CHICAGO
ORD-08678,CUST-JOIN-1178,2026-08-29,7078.53,WH-DETROIT
ORD-08679,CUST-JOIN-1179,2026-08-29,1554.4,WH-NEWYORK
ORD-08680,CUST-JOIN-1180,2026-08-29,5538.96,WH-NEWYORK
ORD-08681,CUST-JOIN-1181,2026-08-29,4077.73,WH-DETROIT
ORD-08682,CUST-JOIN-1182,2026-08-29,7453.29,WH-DETROIT
ORD-08683,CUST-JOIN-1183,2026-08-29,3312.03,WH-MIAMI
ORD-08684,CUST-JOIN-1184,2026-08-29,4156.41,WH-CHICAGO
ORD-08685,CUST-JOIN-1185,2026-08-29,7092.71,WH-NEWYORK
ORD-08686,CUST-JOIN-1186,2026-08-29,6425.29,WH-DETROIT
ORD-08687,CUST-JOIN-1187,2026-08-29,3431.91,WH-MIAMI
ORD-08688,CUST-JOIN-1188,2026-08-29,6297.07,WH-MIAMI
ORD-08689,CUST-JOIN-1189,2026-08-29,7852.14,WH-MIAMI
ORD-08690,CUST-JOIN-1190,2026-08-29,7936.69,WH-NEWYORK
ORD-08691,CUST-JOIN-1191,2026-08-29,1480.46,WH-DETROIT
ORD-08692,CUST-JOIN-1192,2026-08-29,2131.39,WH-NEWYORK
ORD-08693,CUST-JOIN-1193,2026-08-29,2364.59,WH-DETROIT
ORD-08694,CUST-JOIN-1194,2026-08-29,7970.18,WH-NEWYORK
ORD-08695,CUST-JOIN-1195,2026-08-29,6124.18,WH-MIAMI
ORD-08696,CUST-JOIN-1196,2026-08-29,968.06,WH-NEWYORK
ORD-08697,CUST-JOIN-1197,2026-08-30,1457.11,WH-CHICAGO
ORD-08698,CUST-JOIN-1198,2026-08-30,7724.1,WH-DETROIT
ORD-08699,CUST-JOIN-1199,2026-08-30,4271.27,WH-CHICAGO
ORD-08700,CUST-JOIN-1200,2026-08-30,6207.33,WH-NEWYORK
ORD-08701,CUST-JOIN-1201,2026-08-30,2139.6,WH-DETROIT
ORD-08702,CUST-JOIN-1202,2026-08-30,2506.77,WH-NEWYORK
ORD-08703,CUST-JOIN-1203,2026-08-30,5058.33,WH-DETROIT
ORD-08704,CUST-JOIN-1204,2026-08-30,4191.14,WH-MIAMI
ORD-08705,CUST-JOIN-1205,2026-08-30,5704.58,WH-CHICAGO
ORD-08706,CUST-JOIN-1206,2026-08-30,5722.12,WH-CHICAGO
ORD-08707,CUST-JOIN-1207,2026-08-30,3688.15,WH-NEWYORK
ORD-08708,CUST-JOIN-1208,2026-08-30,305.46,WH-DETROIT
ORD-08709,CUST-JOIN-1209,2026-08-30,7702.64,WH-NEWYORK
ORD-08710,CUST-JOIN-1210,2026-08-30,3826.19,WH-DETROIT
ORD-08711,CUST-JOIN-1211,2026-08-30,1387.68,WH-NEWYORK
ORD-08712,CUST-JOIN-1212,2026-08-30,4544.81,WH-DETROIT
ORD-08713,CUST-JOIN-1213,2026-08-30,7541.03,WH-MIAMI
ORD-08714,CUST-JOIN-1214,2026-08-30,6151.29,WH-NEWYORK
ORD-08715,CUST-JOIN-1215,2026-08-30,7542.52,WH-MIAMI
ORD-08716,CUST-JOIN-1216,2026-08-30,5389.01,WH-CHICAGO
ORD-08717,CUST-JOIN-1217,2026-08-30,839.99,WH-MIAMI
ORD-08718,CUST-JOIN-1218,2026-08-30,5203.55,WH-CHICAGO
ORD-08719,CUST-JOIN-1219,2026-08-30,6897.79,WH-DETROIT
ORD-08720,CUST-JOIN-1220,2026-08-30,5258.25,WH-CHICAGO
ORD-08721,CUST-JOIN-1221,2026-08-31,7640.6,WH-DETROIT
ORD-08722,CUST-JOIN-1222,2026-08-31,7034.78,WH-NEWYORK
ORD-08723,CUST-JOIN-1223,2026-08-31,3674.85,WH-CHICAGO
ORD-08724,CUST-JOIN-1224,2026-08-31,6791.7,WH-NEWYORK
ORD-08725,CUST-JOIN-1225,2026-08-31,7201.45,WH-CHICAGO
ORD-08726,CUST-JOIN-1226,2026-08-31,622.97,WH-DETROIT
ORD-08727,CUST-JOIN-1227,2026-08-31,2420.5,WH-NEWYORK
ORD-08728,CUST-JOIN-1228,2026-08-31,6952.49,WH-NEWYORK
ORD-08729,CUST-JOIN-1229,2026-08-31,1142.02,WH-DETROIT
ORD-08730,CUST-JOIN-1230,2026-08-31,2356.69,WH-DETROIT
ORD-08731,CUST-JOIN-1231,2026-08-31,6041.2,WH-MIAMI
ORD-08732,CUST-JOIN-1232,2026-08-31,1161.44,WH-CHICAGO
ORD-08733,CUST-JOIN-1233,2026-08-31,6681.91,WH-NEWYORK
ORD-08734,CUST-JOIN-1234,2026-08-31,6091.85,WH-NEWYORK
ORD-08735,CUST-JOIN-1235,2026-08-31,2072.61,WH-CHICAGO
ORD-08736,CUST-JOIN-1236,2026-08-31,1149.16,WH-NEWYORK
ORD-08737,CUST-JOIN-1237,2026-08-31,7000.31,WH-CHICAGO
ORD-08738,CUST-JOIN-1238,2026-08-31,650.6,WH-DETROIT
ORD-08739,CUST-JOIN-1239,2026-08-31,3754.95,WH-MIAMI
ORD-08740,CUST-JOIN-1240,2026-08-31,3223.49,WH-NEWYORK
ORD-08741,CUST-JOIN-1241,2026-08-31,4999.41,WH-DETROIT
ORD-08742,CUST-JOIN-1242,2026-08-31,6853.81,WH-CHICAGO
ORD-08743,CUST-JOIN-1243,2026-08-31,2414.53,WH-MIAMI
ORD-08744,CUST-JOIN-1244,2026-08-31,825.39,WH-MIAMI
ORD-08745,CUST-JOIN-1245,2026-09-01,6208.33,WH-DETROIT
ORD-08746,CUST-JOIN-1246,2026-09-01,4033.38,WH-MIAMI
ORD-08747,CUST-JOIN-1247,2026-09-01,2319.61,WH-CHICAGO
ORD-08748,CUST-JOIN-1248,2026-09-01,3036.22,WH-MIAMI
ORD-08749,CUST-JOIN-1249,2026-09-01,7477.99,WH-NEWYORK
ORD-08750,CUST-JOIN-1250,2026-09-01,292.85,WH-CHICAGO
ORD-08751,CUST-JOIN-1251,2026-09-01,5068.33,WH-DETROIT
ORD-08752,CUST-JOIN-1252,2026-09-01,1213.12,WH-MIAMI
ORD-08753,CUST-JOIN-1253,2026-09-01,7106.58,WH-CHICAGO
ORD-08754,CUST-JOIN-1254,2026-09-01,4848.87,WH-MIAMI
ORD-08755,CUST-JOIN-1255,2026-09-01,2335.09,WH-MIAMI
ORD-08756,CUST-JOIN-1256,2026-09-01,5175.35,WH-CHICAGO
ORD-08757,CUST-JOIN-1257,2026-09-01,3970.13,WH-DETROIT
ORD-08758,CUST-JOIN-1258,2026-09-01,4370.26,WH-DETROIT
ORD-08759,CUST-JOIN-1259,2026-09-01,2077.56,WH-CHICAGO
ORD-08760,CUST-JOIN-1260,2026-09-01,7090.87,WH-NEWYORK
ORD-08761,CUST-JOIN-1261,2026-09-01,7598.76,WH-MIAMI
ORD-08762,CUST-JOIN-1262,2026-09-01,6290.87,WH-MIAMI
ORD-08763,CUST-JOIN-1263,2026-09-01,899.33,WH-NEWYORK
ORD-08764,CUST-JOIN-1264,2026-09-01,7350.35,WH-MIAMI
ORD-08765,CUST-JOIN-1265,2026-09-01,3438.65,WH-DETROIT
ORD-08766,CUST-JOIN-1266,2026-09-01,3209.61,WH-MIAMI
ORD-08767,CUST-JOIN-1267,2026-09-01,979.69,WH-MIAMI
ORD-08768,CUST-JOIN-1268,2026-09-01,6016.75,WH-NEWYORK
ORD-08769,CUST-JOIN-1269,2026-09-02,394.15,WH-CHICAGO
ORD-08770,CUST-JOIN-1270,2026-09-02,6152.07,WH-CHICAGO
ORD-08771,CUST-JOIN-1271,2026-09-02,483.71,WH-NEWYORK
ORD-08772,CUST-JOIN-1272,2026-09-02,1250.65,WH-CHICAGO
ORD-08773,CUST-JOIN-1273,2026-09-02,4568.17,WH-CHICAGO
ORD-08774,CUST-JOIN-1274,2026-09-02,3935.79,WH-CHICAGO
ORD-08775,CUST-JOIN-1275,2026-09-02,3321.45,WH-DETROIT
ORD-08776,CUST-JOIN-1276,2026-09-02,6288.13,WH-NEWYORK
ORD-08777,CUST-JOIN-1277,2026-09-02,7362.25,WH-MIAMI
ORD-08778,CUST-JOIN-1278,2026-09-02,716.77,WH-NEWYORK
ORD-08779,CUST-JOIN-1279,2026-09-02,3757.73,WH-CHICAGO
ORD-08780,CUST-JOIN-1280,2026-09-02,3362.26,WH-DETROIT
ORD-08781,CUST-JOIN-1281,2026-09-02,6229.39,WH-CHICAGO
ORD-08782,CUST-JOIN-1282,2026-09-02,1159.08,WH-MIAMI
ORD-08783,CUST-JOIN-1283,2026-09-02,4098.84,WH-MIAMI
ORD-08784,CUST-JOIN-1284,2026-09-02,2892.84,WH-DETROIT
ORD-08785,CUST-JOIN-1285,2026-09-02,4294.73,WH-NEWYORK
ORD-08786,CUST-JOIN-1286,2026-09-02,6173.85,WH-CHICAGO
ORD-08787,CUST-JOIN-1287,2026-09-02,6349.84,WH-CHICAGO
ORD-08788,CUST-JOIN-1288,2026-09-02,828.11,WH-CHICAGO
ORD-08789,CUST-JOIN-1289,2026-09-02,395.67,WH-CHICAGO
ORD-08790,CUST-JOIN-1290,2026-09-02,7204.8,WH-CHICAGO
ORD-08791,CUST-JOIN-1291,2026-09-02,329.95,WH-DETROIT
ORD-08792,CUST-JOIN-1292,2026-09-02,7978.87,WH-MIAMI
ORD-08793,CUST-JOIN-1293,2026-09-03,1017.47,WH-MIAMI
ORD-08794,CUST-JOIN-1294,2026-09-03,202.66,WH-DETROIT
ORD-08795,CUST-JOIN-1295,2026-09-03,4533.74,WH-CHICAGO
ORD-08796,CUST-JOIN-1296,2026-09-03,3613.81,WH-CHICAGO
ORD-08797,CUST-JOIN-1297,2026-09-03,1412.95,WH-CHICAGO
ORD-08798,CUST-JOIN-1298,2026-09-03,6814.26,WH-CHICAGO
ORD-08799,CUST-JOIN-1299,2026-09-03,2229.51,WH-MIAMI
ORD-08800,CUST-JOIN-1300,2026-09-03,1555.46,WH-DETROIT
ORD-08801,CUST-JOIN-1301,2026-09-03,5850.75,WH-DETROIT
ORD-08802,CUST-JOIN-1302,2026-09-03,615.25,WH-CHICAGO
ORD-08803,CUST-JOIN-1303,2026-09-03,5893.78,WH-DETROIT
ORD-08804,CUST-JOIN-1304,2026-09-03,1323.09,WH-DETROIT
ORD-08805,CUST-JOIN-1305,2026-09-03,6519.43,WH-CHICAGO
ORD-08806,CUST-JOIN-1306,2026-09-03,1379.32,WH-DETROIT
ORD-08807,CUST-JOIN-1307,2026-09-03,7216.24,WH-CHICAGO
ORD-08808,CUST-JOIN-1308,2026-09-03,1883.77,WH-MIAMI
ORD-08809,CUST-JOIN-1309,2026-09-03,3372.75,WH-DETROIT
ORD-08810,CUST-JOIN-1310,2026-09-03,622.95,WH-NEWYORK
ORD-08811,CUST-JOIN-1311,2026-09-03,1958.91,WH-NEWYORK
ORD-08812,CUST-JOIN-1312,2026-09-03,2731.27,WH-CHICAGO
ORD-08813,CUST-JOIN-1313,2026-09-03,7586.38,WH-MIAMI
ORD-08814,CUST-JOIN-1314,2026-09-03,6117.44,WH-DETROIT
ORD-08815,CUST-JOIN-1315,2026-09-03,4328.15,WH-NEWYORK
ORD-08816,CUST-JOIN-1316,2026-09-03,1818.24,WH-NEWYORK
ORD-08817,CUST-JOIN-1317,2026-09-04,4350.65,WH-NEWYORK
ORD-08818,CUST-JOIN-1318,2026-09-04,7111.64,WH-MIAMI
ORD-08819,CUST-JOIN-1319,2026-09-04,7948.8,WH-DETROIT
ORD-08820,CUST-JOIN-1320,2026-09-04,5544.54,WH-NEWYORK
ORD-08821,CUST-JOIN-1321,2026-09-04,4944.26,WH-CHICAGO
ORD-08822,CUST-JOIN-1322,2026-09-04,4875.51,WH-MIAMI
ORD-08823,CUST-JOIN-1323,2026-09-04,7326.47,WH-CHICAGO
ORD-08824,CUST-JOIN-1324,2026-09-04,4613.34,WH-MIAMI
ORD-08825,CUST-JOIN-1325,2026-09-04,3320.74,WH-CHICAGO
ORD-08826,CUST-JOIN-1326,2026-09-04,6379.43,WH-DETROIT
ORD-08827,CUST-JOIN-1327,2026-09-04,7006.28,WH-DETROIT
ORD-08828,CUST-JOIN-1328,2026-09-04,4511.3,WH-CHICAGO
ORD-08829,CUST-JOIN-1329,2026-09-04,4256.56,WH-DETROIT
ORD-08830,CUST-JOIN-1330,2026-09-04,1844.83,WH-DETROIT
ORD-08831,CUST-JOIN-1331,2026-09-04,7220.55,WH-CHICAGO
ORD-08832,CUST-JOIN-1332,2026-09-04,899.94,WH-CHICAGO
ORD-08833,CUST-JOIN-1333,2026-09-04,1830.85,WH-NEWYORK
ORD-08834,CUST-JOIN-1334,2026-09-04,5946.73,WH-DETROIT
ORD-08835,CUST-JOIN-1335,2026-09-04,3184.07,WH-DETROIT
ORD-08836,CUST-JOIN-1336,2026-09-04,1297.46,WH-DETROIT
ORD-08837,CUST-JOIN-1337,2026-09-04,6265.36,WH-MIAMI
ORD-08838,CUST-JOIN-1338,2026-09-04,4134.62,WH-MIAMI
ORD-08839,CUST-JOIN-1339,2026-09-04,561.02,WH-MIAMI
ORD-08840,CUST-JOIN-1340,2026-09-04,3910.6,WH-DETROIT
ORD-08841,CUST-JOIN-1341,2026-09-05,5759.28,WH-DETROIT
ORD-08842,CUST-JOIN-1342,2026-09-05,6206.18,WH-CHICAGO
ORD-08843,CUST-JOIN-1343,2026-09-05,4326.75,WH-DETROIT
ORD-08844,CUST-JOIN-1344,2026-09-05,1637.78,WH-NEWYORK
ORD-08845,CUST-JOIN-1345,2026-09-05,4233.31,WH-CHICAGO
ORD-08846,CUST-JOIN-1346,2026-09-05,2336.76,WH-NEWYORK
ORD-08847,CUST-JOIN-1347,2026-09-05,4682.6,WH-NEWYORK
ORD-08848,CUST-JOIN-1348,2026-09-05,6409.83,WH-NEWYORK
ORD-08849,CUST-JOIN-1349,2026-09-05,5790.04,WH-NEWYORK
ORD-08850,CUST-JOIN-1350,2026-09-05,7154.58,WH-MIAMI
ORD-08851,CUST-JOIN-1351,2026-09-05,855.27,WH-MIAMI
ORD-08852,CUST-JOIN-1352,2026-09-05,5718.69,WH-DETROIT
ORD-08853,CUST-JOIN-1353,2026-09-05,5110.89,WH-MIAMI
ORD-08854,CUST-JOIN-1354,2026-09-05,3046.62,WH-CHICAGO
ORD-08855,CUST-JOIN-1355,2026-09-05,7508.88,WH-CHICAGO
ORD-08856,CUST-JOIN-1356,2026-09-05,5486.46,WH-DETROIT
ORD-08857,CUST-JOIN-1357,2026-09-05,6273.4,WH-CHICAGO
ORD-08858,CUST-JOIN-1358,2026-09-05,4967.22,WH-DETROIT
ORD-08859,CUST-JOIN-1359,2026-09-05,3500.02,WH-DETROIT
ORD-08860,CUST-JOIN-1360,2026-09-05,4545.08,WH-DETROIT
ORD-08861,CUST-JOIN-1361,2026-09-05,3513.11,WH-NEWYORK
ORD-08862,CUST-JOIN-1362,2026-09-05,2500.53,WH-NEWYORK
ORD-08863,CUST-JOIN-1363,2026-09-05,2260.21,WH-MIAMI
ORD-08864,CUST-JOIN-1364,2026-09-05,4605.21,WH-CHICAGO
ORD-08865,CUST-JOIN-1365,2026-09-06,6829.7,WH-NEWYORK
ORD-08866,CUST-JOIN-1366,2026-09-06,480.8,WH-DETROIT
ORD-08867,CUST-JOIN-1367,2026-09-06,2309.64,WH-MIAMI
ORD-08868,CUST-JOIN-1368,2026-09-06,310.62,WH-MIAMI
ORD-08869,CUST-JOIN-1369,2026-09-06,2615.52,WH-NEWYORK
ORD-08870,CUST-JOIN-1370,2026-09-06,1277.29,WH-CHICAGO
ORD-08871,CUST-JOIN-1371,2026-09-06,3573.08,WH-CHICAGO
ORD-08872,CUST-JOIN-1372,2026-09-06,1772.24,WH-DETROIT
ORD-08873,CUST-JOIN-1373,2026-09-06,5343.04,WH-CHICAGO
ORD-08874,CUST-JOIN-1374,2026-09-06,6615.12,WH-DETROIT
ORD-08875,CUST-JOIN-1375,2026-09-06,1316.53,WH-CHICAGO
ORD-08876,CUST-JOIN-1376,2026-09-06,2607.56,WH-NEWYORK
ORD-08877,CUST-JOIN-1377,2026-09-06,266.03,WH-NEWYORK
ORD-08878,CUST-JOIN-1378,2026-09-06,3412.55,WH-NEWYORK
ORD-08879,CUST-JOIN-1379,2026-09-06,4714.5,WH-NEWYORK
ORD-08880,CUST-JOIN-1380,2026-09-06,4911.3,WH-NEWYORK
ORD-08881,CUST-JOIN-1381,2026-09-06,6149.2,WH-DETROIT
ORD-08882,CUST-JOIN-1382,2026-09-06,5448.22,WH-NEWYORK
ORD-08883,CUST-JOIN-1383,2026-09-06,3244.2,WH-NEWYORK
ORD-08884,CUST-JOIN-1384,2026-09-06,5342.4,WH-MIAMI
ORD-08885,CUST-JOIN-1385,2026-09-06,2295.74,WH-MIAMI
ORD-08886,CUST-JOIN-1386,2026-09-06,5459.01,WH-MIAMI
ORD-08887,CUST-JOIN-1387,2026-09-06,7446.44,WH-CHICAGO
ORD-08888,CUST-JOIN-1388,2026-09-06,5359.34,WH-NEWYORK
ORD-08889,CUST-JOIN-1389,2026-09-07,2119.51,WH-CHICAGO
ORD-08890,CUST-JOIN-1390,2026-09-07,4316.84,WH-MIAMI
ORD-08891,CUST-JOIN-1391,2026-09-07,5878.0,WH-NEWYORK
ORD-08892,CUST-JOIN-1392,2026-09-07,6343.51,WH-DETROIT
ORD-08893,CUST-JOIN-1393,2026-09-07,7202.02,WH-NEWYORK
ORD-08894,CUST-JOIN-1394,2026-09-07,6308.01,WH-MIAMI
ORD-08895,CUST-JOIN-1395,2026-09-07,1982.68,WH-MIAMI
ORD-08896,CUST-JOIN-1396,2026-09-07,5232.94,WH-DETROIT
ORD-08897,CUST-JOIN-1397,2026-09-07,7122.57,WH-MIAMI
ORD-08898,CUST-JOIN-1398,2026-09-07,6265.98,WH-MIAMI
ORD-08899,CUST-JOIN-1399,2026-09-07,599.68,WH-DETROIT
ORD-08900,CUST-JOIN-1400,2026-09-07,3869.83,WH-NEWYORK
ORD-08901,CUST-JOIN-1401,2026-09-07,4227.24,WH-CHICAGO
ORD-08902,CUST-JOIN-1402,2026-09-07,6647.81,WH-CHICAGO
ORD-08903,CUST-JOIN-1403,2026-09-07,6316.37,WH-DETROIT
ORD-08904,CUST-JOIN-1404,2026-09-07,3068.29,WH-CHICAGO
ORD-08905,CUST-JOIN-1405,2026-09-07,4445.04,WH-NEWYORK
ORD-08906,CUST-JOIN-1406,2026-09-07,1974.86,WH-CHICAGO
ORD-08907,CUST-JOIN-1407,2026-09-07,540.41,WH-NEWYORK
ORD-08908,CUST-JOIN-1408,2026-09-07,3522.88,WH-NEWYORK
ORD-08909,CUST-JOIN-1409,2026-09-07,5475.9,WH-NEWYORK
ORD-08910,CUST-JOIN-1410,2026-09-07,4348.75,WH-CHICAGO
ORD-08911,CUST-JOIN-1411,2026-09-07,4742.67,WH-DETROIT
ORD-08912,CUST-JOIN-1412,2026-09-07,1446.82,WH-DETROIT
ORD-08913,CUST-JOIN-1413,2026-09-08,7294.83,WH-CHICAGO
ORD-08914,CUST-JOIN-1414,2026-09-08,5803.48,WH-CHICAGO
ORD-08915,CUST-JOIN-1415,2026-09-08,6856.88,WH-DETROIT
ORD-08916,CUST-JOIN-1416,2026-09-08,6791.91,WH-CHICAGO
ORD-08917,CUST-JOIN-1417,2026-09-08,3541.9,WH-MIAMI
ORD-08918,CUST-JOIN-1418,2026-09-08,6486.03,WH-NEWYORK
ORD-08919,CUST-JOIN-1419,2026-09-08,3748.09,WH-NEWYORK
ORD-08920,CUST-JOIN-1420,2026-09-08,4292.51,WH-NEWYORK
ORD-08921,CUST-JOIN-1421,2026-09-08,3617.75,WH-NEWYORK
ORD-08922,CUST-JOIN-1422,2026-09-08,1313.91,WH-NEWYORK
ORD-08923,CUST-JOIN-1423,2026-09-08,5824.33,WH-DETROIT
ORD-08924,CUST-JOIN-1424,2026-09-08,1678.73,WH-NEWYORK
ORD-08925,CUST-JOIN-1425,2026-09-08,7926.33,WH-NEWYORK
ORD-08926,CUST-JOIN-1426,2026-09-08,7916.32,WH-NEWYORK
ORD-08927,CUST-JOIN-1427,2026-09-08,5272.7,WH-CHICAGO
ORD-08928,CUST-JOIN-1428,2026-09-08,3071.21,WH-CHICAGO
ORD-08929,CUST-JOIN-1429,2026-09-08,6037.67,WH-MIAMI
ORD-08930,CUST-JOIN-1430,2026-09-08,1755.31,WH-DETROIT
ORD-08931,CUST-JOIN-1431,2026-09-08,3800.42,WH-CHICAGO
ORD-08932,CUST-JOIN-1432,2026-09-08,7932.75,WH-DETROIT
ORD-08933,CUST-JOIN-1433,2026-09-08,2487.73,WH-DETROIT
ORD-08934,CUST-JOIN-1434,2026-09-08,2563.33,WH-DETROIT
ORD-08935,CUST-JOIN-1435,2026-09-08,1128.94,WH-MIAMI
ORD-08936,CUST-JOIN-1436,2026-09-08,6875.77,WH-MIAMI
ORD-08937,CUST-JOIN-1437,2026-09-09,4779.55,WH-CHICAGO
ORD-08938,CUST-JOIN-1438,2026-09-09,5371.57,WH-MIAMI
ORD-08939,CUST-JOIN-1439,2026-09-09,4201.65,WH-CHICAGO
ORD-08940,CUST-JOIN-1440,2026-09-09,4601.02,WH-DETROIT
ORD-08941,CUST-JOIN-1441,2026-09-09,3446.84,WH-CHICAGO
ORD-08942,CUST-JOIN-1442,2026-09-09,6899.25,WH-MIAMI
ORD-08943,CUST-JOIN-1443,2026-09-09,4419.78,WH-CHICAGO
ORD-08944,CUST-JOIN-1444,2026-09-09,5781.18,WH-DETROIT
ORD-08945,CUST-JOIN-1445,2026-09-09,7378.64,WH-CHICAGO
ORD-08946,CUST-JOIN-1446,2026-09-09,5426.41,WH-CHICAGO
ORD-08947,CUST-JOIN-1447,2026-09-09,349.97,WH-CHICAGO
ORD-08948,CUST-JOIN-1448,2026-09-09,7722.42,WH-DETROIT
ORD-08949,CUST-JOIN-1449,2026-09-09,6763.23,WH-CHICAGO
ORD-08950,CUST-JOIN-1450,2026-09-09,1304.41,WH-NEWYORK
ORD-08951,CUST-JOIN-1451,2026-09-09,7394.42,WH-NEWYORK
ORD-08952,CUST-JOIN-1452,2026-09-09,4116.47,WH-DETROIT
ORD-08953,CUST-JOIN-1453,2026-09-09,3303.28,WH-MIAMI
ORD-08954,CUST-JOIN-1454,2026-09-09,4428.87,WH-MIAMI
ORD-08955,CUST-JOIN-1455,2026-09-09,3296.65,WH-MIAMI
ORD-08956,CUST-JOIN-1456,2026-09-09,5898.59,WH-MIAMI
ORD-08957,CUST-JOIN-1457,2026-09-09,1189.32,WH-MIAMI
ORD-08958,CUST-JOIN-1458,2026-09-09,2557.98,WH-DETROIT
ORD-08959,CUST-JOIN-1459,2026-09-09,7788.09,WH-CHICAGO
ORD-08960,CUST-JOIN-1460,2026-09-09,1597.99,WH-NEWYORK
ORD-08961,CUST-JOIN-1461,2026-09-10,6035.42,WH-CHICAGO
ORD-08962,CUST-JOIN-1462,2026-09-10,5882.37,WH-MIAMI
ORD-08963,CUST-JOIN-1463,2026-09-10,5266.83,WH-CHICAGO
ORD-08964,CUST-JOIN-1464,2026-09-10,6919.58,WH-NEWYORK
ORD-08965,CUST-JOIN-1465,2026-09-10,250.46,WH-MIAMI
ORD-08966,CUST-JOIN-1466,2026-09-10,480.78,WH-CHICAGO
ORD-08967,CUST-JOIN-1467,2026-09-10,7476.19,WH-DETROIT
ORD-08968,CUST-JOIN-1468,2026-09-10,4225.73,WH-CHICAGO
ORD-08969,CUST-JOIN-1469,2026-09-10,3291.27,WH-CHICAGO
ORD-08970,CUST-JOIN-1470,2026-09-10,4663.07,WH-MIAMI
ORD-08971,CUST-JOIN-1471,2026-09-10,5442.97,WH-CHICAGO
ORD-08972,CUST-JOIN-1472,2026-09-10,4550.11,WH-DETROIT
ORD-08973,CUST-JOIN-1473,2026-09-10,4844.73,WH-MIAMI
ORD-08974,CUST-JOIN-1474,2026-09-10,6546.94,WH-CHICAGO
ORD-08975,CUST-JOIN-1475,2026-09-10,7464.1,WH-CHICAGO
ORD-08976,CUST-JOIN-1476,2026-09-10,3620.79,WH-DETROIT
ORD-08977,CUST-JOIN-1477,2026-09-10,5511.59,WH-NEWYORK
ORD-08978,CUST-JOIN-1478,2026-09-10,1266.29,WH-CHICAGO
ORD-08979,CUST-JOIN-1479,2026-09-10,3742.11,WH-MIAMI
ORD-08980,CUST-JOIN-1480,2026-09-10,7193.46,WH-NEWYORK
ORD-08981,CUST-JOIN-1481,2026-09-10,4406.5,WH-NEWYORK
ORD-08982,CUST-JOIN-1482,2026-09-10,6119.03,WH-CHICAGO
ORD-08983,CUST-JOIN-1483,2026-09-10,928.21,WH-NEWYORK
ORD-08984,CUST-JOIN-1484,2026-09-10,552.28,WH-CHICAGO
ORD-08985,CUST-JOIN-1485,2026-09-11,6280.62,WH-MIAMI
ORD-08986,CUST-JOIN-1486,2026-09-11,2110.6,WH-NEWYORK
ORD-08987,CUST-JOIN-1487,2026-09-11,4623.51,WH-NEWYORK
ORD-08988,CUST-JOIN-1488,2026-09-11,4124.21,WH-NEWYORK
ORD-08989,CUST-JOIN-1489,2026-09-11,5610.52,WH-MIAMI
ORD-08990,CUST-JOIN-1490,2026-09-11,4236.65,WH-MIAMI
ORD-08991,CUST-JOIN-1491,2026-09-11,6276.92,WH-MIAMI
ORD-08992,CUST-JOIN-1492,2026-09-11,3765.99,WH-MIAMI
ORD-08993,CUST-JOIN-1493,2026-09-11,2987.55,WH-DETROIT
ORD-08994,CUST-JOIN-1494,2026-09-11,4085.78,WH-NEWYORK
ORD-08995,CUST-JOIN-1495,2026-09-11,3778.04,WH-DETROIT
ORD-08996,CUST-JOIN-1496,2026-09-11,588.82,WH-NEWYORK
ORD-08997,CUST-JOIN-1497,2026-09-11,778.38,WH-DETROIT
ORD-08998,CUST-JOIN-1498,2026-09-11,4861.36,WH-NEWYORK
ORD-08999,CUST-JOIN-1499,2026-09-11,691.33,WH-MIAMI
ORD-09000,CUST-JOIN-1500,2026-09-11,5657.99,WH-MIAMI
ORD-09001,CUST-JOIN-1501,2026-08-01,721.22,WH-NEWYORK
ORD-09002,CUST-JOIN-1502,2026-08-01,4560.66,WH-DETROIT
ORD-09003,CUST-JOIN-1503,2026-08-01,2439.97,WH-MIAMI
ORD-09004,CUST-JOIN-1504,2026-08-01,5389.36,WH-CHICAGO
ORD-09005,CUST-JOIN-1505,2026-08-01,2309.2,WH-CHICAGO
ORD-09006,CUST-JOIN-1506,2026-08-01,1861.93,WH-MIAMI
ORD-09007,CUST-JOIN-1507,2026-08-01,5834.67,WH-CHICAGO
ORD-09008,CUST-JOIN-1508,2026-08-01,4625.23,WH-CHICAGO
ORD-09009,CUST-JOIN-1509,2026-08-01,5447.86,WH-MIAMI
ORD-09010,CUST-JOIN-1510,2026-08-01,6365.65,WH-NEWYORK
ORD-09011,CUST-JOIN-1511,2026-08-01,6535.79,WH-MIAMI
ORD-09012,CUST-JOIN-1512,2026-08-01,375.58,WH-CHICAGO
ORD-09013,CUST-JOIN-1513,2026-08-01,3003.56,WH-CHICAGO
ORD-09014,CUST-JOIN-1514,2026-08-01,3979.27,WH-CHICAGO
ORD-09015,CUST-JOIN-1515,2026-08-01,528.31,WH-DETROIT
ORD-09016,CUST-JOIN-1516,2026-08-01,3230.68,WH-NEWYORK
ORD-09017,CUST-JOIN-1517,2026-08-01,1674.77,WH-DETROIT
ORD-09018,CUST-JOIN-1518,2026-08-01,4195.76,WH-NEWYORK
ORD-09019,CUST-JOIN-1519,2026-08-01,6719.3,WH-MIAMI
ORD-09020,CUST-JOIN-1520,2026-08-01,6391.44,WH-NEWYORK
ORD-09021,CUST-JOIN-1521,2026-08-01,7615.94,WH-MIAMI
ORD-09022,CUST-JOIN-1522,2026-08-01,6600.62,WH-DETROIT
ORD-09023,CUST-JOIN-1523,2026-08-01,1997.23,WH-MIAMI
ORD-09024,CUST-JOIN-1524,2026-08-01,1761.19,WH-MIAMI
ORD-09025,CUST-JOIN-1525,2026-08-02,4443.97,WH-MIAMI
ORD-09026,CUST-JOIN-1526,2026-08-02,855.52,WH-DETROIT
ORD-09027,CUST-JOIN-1527,2026-08-02,3841.9,WH-NEWYORK
ORD-09028,CUST-JOIN-1528,2026-08-02,3520.0,WH-CHICAGO
ORD-09029,CUST-JOIN-1529,2026-08-02,5055.15,WH-DETROIT
ORD-09030,CUST-JOIN-1530,2026-08-02,4352.8,WH-MIAMI
ORD-09031,CUST-JOIN-1531,2026-08-02,7056.0,WH-DETROIT
ORD-09032,CUST-JOIN-1532,2026-08-02,3044.06,WH-CHICAGO
ORD-09033,CUST-JOIN-1533,2026-08-02,5797.03,WH-MIAMI
ORD-09034,CUST-JOIN-1534,2026-08-02,3912.64,WH-NEWYORK
ORD-09035,CUST-JOIN-1535,2026-08-02,2630.07,WH-MIAMI
ORD-09036,CUST-JOIN-1536,2026-08-02,5837.98,WH-CHICAGO
ORD-09037,CUST-JOIN-1537,2026-08-02,4302.82,WH-MIAMI
ORD-09038,CUST-JOIN-1538,2026-08-02,267.65,WH-MIAMI
ORD-09039,CUST-JOIN-1539,2026-08-02,6282.72,WH-CHICAGO
ORD-09040,CUST-JOIN-1540,2026-08-02,3241.71,WH-DETROIT
ORD-09041,CUST-JOIN-1541,2026-08-02,1810.04,WH-MIAMI
ORD-09042,CUST-JOIN-1542,2026-08-02,1698.33,WH-NEWYORK
ORD-09043,CUST-JOIN-1543,2026-08-02,4629.51,WH-DETROIT
ORD-09044,CUST-JOIN-1544,2026-08-02,3821.27,WH-NEWYORK
ORD-09045,CUST-JOIN-1545,2026-08-02,1835.59,WH-NEWYORK
ORD-09046,CUST-JOIN-1546,2026-08-02,5699.72,WH-CHICAGO
ORD-09047,CUST-JOIN-1547,2026-08-02,4903.74,WH-CHICAGO
ORD-09048,CUST-JOIN-1548,2026-08-02,5375.5,WH-DETROIT
ORD-09049,CUST-JOIN-1549,2026-08-03,1153.79,WH-DETROIT
ORD-09050,CUST-JOIN-1550,2026-08-03,7772.94,WH-MIAMI
ORD-09051,CUST-JOIN-1551,2026-08-03,4252.3,WH-NEWYORK
ORD-09052,CUST-JOIN-1552,2026-08-03,4166.64,WH-CHICAGO
ORD-09053,CUST-JOIN-1553,2026-08-03,3627.94,WH-DETROIT
ORD-09054,CUST-JOIN-1554,2026-08-03,5433.03,WH-MIAMI
ORD-09055,CUST-JOIN-1555,2026-08-03,7314.76,WH-MIAMI
ORD-09056,CUST-JOIN-1556,2026-08-03,4351.38,WH-CHICAGO
ORD-09057,CUST-JOIN-1557,2026-08-03,4223.67,WH-MIAMI
ORD-09058,CUST-JOIN-1558,2026-08-03,4939.52,WH-NEWYORK
ORD-09059,CUST-JOIN-1559,2026-08-03,910.15,WH-NEWYORK
ORD-09060,CUST-JOIN-1560,2026-08-03,951.07,WH-MIAMI
ORD-09061,CUST-JOIN-1561,2026-08-03,2904.26,WH-DETROIT
ORD-09062,CUST-JOIN-1562,2026-08-03,7036.4,WH-MIAMI
ORD-09063,CUST-JOIN-1563,2026-08-03,4324.56,WH-NEWYORK
ORD-09064,CUST-JOIN-1564,2026-08-03,3138.16,WH-DETROIT
ORD-09065,CUST-JOIN-1565,2026-08-03,6314.49,WH-CHICAGO
ORD-09066,CUST-JOIN-1566,2026-08-03,1807.17,WH-MIAMI
ORD-09067,CUST-JOIN-1567,2026-08-03,3688.29,WH-NEWYORK
ORD-09068,CUST-JOIN-1568,2026-08-03,6399.44,WH-MIAMI
ORD-09069,CUST-JOIN-1569,2026-08-03,3646.84,WH-MIAMI
ORD-09070,CUST-JOIN-1570,2026-08-03,2431.58,WH-DETROIT
ORD-09071,CUST-JOIN-1571,2026-08-03,3215.09,WH-CHICAGO
ORD-09072,CUST-JOIN-1572,2026-08-03,5850.89,WH-NEWYORK
ORD-09073,CUST-JOIN-1573,2026-08-04,3202.34,WH-CHICAGO
ORD-09074,CUST-JOIN-1574,2026-08-04,2731.21,WH-CHICAGO
ORD-09075,CUST-JOIN-1575,2026-08-04,596.49,WH-DETROIT
ORD-09076,CUST-JOIN-1576,2026-08-04,1625.99,WH-CHICAGO
ORD-09077,CUST-JOIN-1577,2026-08-04,4283.35,WH-DETROIT
ORD-09078,CUST-JOIN-1578,2026-08-04,3684.14,WH-NEWYORK
ORD-09079,CUST-JOIN-1579,2026-08-04,6174.72,WH-NEWYORK
ORD-09080,CUST-JOIN-1580,2026-08-04,4084.23,WH-NEWYORK
ORD-09081,CUST-JOIN-1581,2026-08-04,1941.42,WH-NEWYORK
ORD-09082,CUST-JOIN-1582,2026-08-04,1903.87,WH-CHICAGO
ORD-09083,CUST-JOIN-1583,2026-08-04,6382.92,WH-DETROIT
ORD-09084,CUST-JOIN-1584,2026-08-04,2986.13,WH-CHICAGO
ORD-09085,CUST-JOIN-1585,2026-08-04,6051.1,WH-NEWYORK
ORD-09086,CUST-JOIN-1586,2026-08-04,5575.97,WH-DETROIT
ORD-09087,CUST-JOIN-1587,2026-08-04,5964.76,WH-MIAMI
ORD-09088,CUST-JOIN-1588,2026-08-04,2223.12,WH-DETROIT
ORD-09089,CUST-JOIN-1589,2026-08-04,5028.92,WH-NEWYORK
ORD-09090,CUST-JOIN-1590,2026-08-04,2106.48,WH-NEWYORK
ORD-09091,CUST-JOIN-1591,2026-08-04,6259.24,WH-MIAMI
ORD-09092,CUST-JOIN-1592,2026-08-04,5807.68,WH-MIAMI
ORD-09093,CUST-JOIN-1593,2026-08-04,2782.28,WH-CHICAGO
ORD-09094,CUST-JOIN-1594,2026-08-04,4023.95,WH-DETROIT
ORD-09095,CUST-JOIN-1595,2026-08-04,4684.12,WH-MIAMI
ORD-09096,CUST-JOIN-1596,2026-08-04,2254.8,WH-DETROIT
ORD-09097,CUST-JOIN-1597,2026-08-05,7813.8,WH-CHICAGO
ORD-09098,CUST-JOIN-1598,2026-08-05,3311.93,WH-MIAMI
ORD-09099,CUST-JOIN-1599,2026-08-05,6675.46,WH-MIAMI
ORD-09100,CUST-JOIN-1600,2026-08-05,2921.38,WH-CHICAGO
ORD-09101,CUST-JOIN-1601,2026-08-05,3236.26,WH-DETROIT
ORD-09102,CUST-JOIN-1602,2026-08-05,6420.36,WH-CHICAGO
ORD-09103,CUST-JOIN-1603,2026-08-05,1107.3,WH-NEWYORK
ORD-09104,CUST-JOIN-1604,2026-08-05,1717.67,WH-MIAMI
ORD-09105,CUST-JOIN-1605,2026-08-05,2824.42,WH-DETROIT
ORD-09106,CUST-JOIN-1606,2026-08-05,6044.21,WH-DETROIT
ORD-09107,CUST-JOIN-1607,2026-08-05,4614.18,WH-MIAMI
ORD-09108,CUST-JOIN-1608,2026-08-05,4837.97,WH-NEWYORK
ORD-09109,CUST-JOIN-1609,2026-08-05,3351.16,WH-CHICAGO
ORD-09110,CUST-JOIN-1610,2026-08-05,1143.49,WH-NEWYORK
ORD-09111,CUST-JOIN-1611,2026-08-05,7955.84,WH-MIAMI
ORD-09112,CUST-JOIN-1612,2026-08-05,6250.18,WH-DETROIT
ORD-09113,CUST-JOIN-1613,2026-08-05,7718.47,WH-DETROIT
ORD-09114,CUST-JOIN-1614,2026-08-05,5638.87,WH-MIAMI
ORD-09115,CUST-JOIN-1615,2026-08-05,1369.64,WH-MIAMI
ORD-09116,CUST-JOIN-1616,2026-08-05,494.96,WH-NEWYORK
ORD-09117,CUST-JOIN-1617,2026-08-05,2361.23,WH-DETROIT
ORD-09118,CUST-JOIN-1618,2026-08-05,4410.56,WH-CHICAGO
ORD-09119,CUST-JOIN-1619,2026-08-05,2059.14,WH-MIAMI
ORD-09120,CUST-JOIN-1620,2026-08-05,434.69,WH-CHICAGO
ORD-09121,CUST-JOIN-1621,2026-08-06,607.62,WH-DETROIT
ORD-09122,CUST-JOIN-1622,2026-08-06,1182.33,WH-DETROIT
ORD-09123,CUST-JOIN-1623,2026-08-06,1129.81,WH-NEWYORK
ORD-09124,CUST-JOIN-1624,2026-08-06,1609.72,WH-NEWYORK
ORD-09125,CUST-JOIN-1625,2026-08-06,1609.85,WH-MIAMI
ORD-09126,CUST-JOIN-1626,2026-08-06,2946.02,WH-MIAMI
ORD-09127,CUST-JOIN-1627,2026-08-06,6227.94,WH-MIAMI
ORD-09128,CUST-JOIN-1628,2026-08-06,4571.57,WH-MIAMI
ORD-09129,CUST-JOIN-1629,2026-08-06,4950.1,WH-MIAMI
ORD-09130,CUST-JOIN-1630,2026-08-06,3525.63,WH-MIAMI
ORD-09131,CUST-JOIN-1631,2026-08-06,5294.33,WH-DETROIT
ORD-09132,CUST-JOIN-1632,2026-08-06,1828.52,WH-DETROIT
ORD-09133,CUST-JOIN-1633,2026-08-06,2502.49,WH-CHICAGO
ORD-09134,CUST-JOIN-1634,2026-08-06,1724.43,WH-DETROIT
ORD-09135,CUST-JOIN-1635,2026-08-06,1473.08,WH-CHICAGO
ORD-09136,CUST-JOIN-1636,2026-08-06,4458.26,WH-DETROIT
ORD-09137,CUST-JOIN-1637,2026-08-06,890.44,WH-NEWYORK
ORD-09138,CUST-JOIN-1638,2026-08-06,4742.63,WH-CHICAGO
ORD-09139,CUST-JOIN-1639,2026-08-06,3443.22,WH-NEWYORK
ORD-09140,CUST-JOIN-1640,2026-08-06,1619.32,WH-NEWYORK
ORD-09141,CUST-JOIN-1641,2026-08-06,6401.28,WH-MIAMI
ORD-09142,CUST-JOIN-1642,2026-08-06,1098.97,WH-MIAMI
ORD-09143,CUST-JOIN-1643,2026-08-06,825.13,WH-CHICAGO
ORD-09144,CUST-JOIN-1644,2026-08-06,7770.93,WH-DETROIT
ORD-09145,CUST-JOIN-1645,2026-08-07,5535.53,WH-MIAMI
ORD-09146,CUST-JOIN-1646,2026-08-07,7487.66,WH-DETROIT
ORD-09147,CUST-JOIN-1647,2026-08-07,3036.36,WH-NEWYORK
ORD-09148,CUST-JOIN-1648,2026-08-07,7012.74,WH-DETROIT
ORD-09149,CUST-JOIN-1649,2026-08-07,6692.36,WH-CHICAGO
ORD-09150,CUST-JOIN-1650,2026-08-07,3875.94,WH-MIAMI
ORD-09151,CUST-JOIN-1651,2026-08-07,1084.63,WH-CHICAGO
ORD-09152,CUST-JOIN-1652,2026-08-07,2831.81,WH-CHICAGO
ORD-09153,CUST-JOIN-1653,2026-08-07,625.66,WH-NEWYORK
ORD-09154,CUST-JOIN-1654,2026-08-07,388.01,WH-MIAMI
ORD-09155,CUST-JOIN-1655,2026-08-07,6566.34,WH-DETROIT
ORD-09156,CUST-JOIN-1656,2026-08-07,879.35,WH-NEWYORK
ORD-09157,CUST-JOIN-1657,2026-08-07,4065.45,WH-CHICAGO
ORD-09158,CUST-JOIN-1658,2026-08-07,4778.75,WH-DETROIT
ORD-09159,CUST-JOIN-1659,2026-08-07,1463.97,WH-NEWYORK
ORD-09160,CUST-JOIN-1660,2026-08-07,2140.58,WH-DETROIT
ORD-09161,CUST-JOIN-1661,2026-08-07,218.7,WH-CHICAGO
ORD-09162,CUST-JOIN-1662,2026-08-07,5773.96,WH-DETROIT
ORD-09163,CUST-JOIN-1663,2026-08-07,3983.37,WH-CHICAGO
ORD-09164,CUST-JOIN-1664,2026-08-07,1737.73,WH-NEWYORK
ORD-09165,CUST-JOIN-1665,2026-08-07,2990.49,WH-CHICAGO
ORD-09166,CUST-JOIN-1666,2026-08-07,1391.69,WH-CHICAGO
ORD-09167,CUST-JOIN-1667,2026-08-07,385.84,WH-CHICAGO
ORD-09168,CUST-JOIN-1668,2026-08-07,2935.19,WH-CHICAGO
ORD-09169,CUST-JOIN-1669,2026-08-08,5550.61,WH-DETROIT
ORD-09170,CUST-JOIN-1670,2026-08-08,5038.38,WH-NEWYORK
ORD-09171,CUST-JOIN-1671,2026-08-08,6540.31,WH-NEWYORK
ORD-09172,CUST-JOIN-1672,2026-08-08,1975.57,WH-NEWYORK
ORD-09173,CUST-JOIN-1673,2026-08-08,863.61,WH-NEWYORK
ORD-09174,CUST-JOIN-1674,2026-08-08,5917.62,WH-CHICAGO
ORD-09175,CUST-JOIN-1675,2026-08-08,5778.38,WH-NEWYORK
ORD-09176,CUST-JOIN-1676,2026-08-08,4249.43,WH-DETROIT
ORD-09177,CUST-JOIN-1677,2026-08-08,6544.19,WH-DETROIT
ORD-09178,CUST-JOIN-1678,2026-08-08,2101.97,WH-CHICAGO
ORD-09179,CUST-JOIN-1679,2026-08-08,7063.92,WH-NEWYORK
ORD-09180,CUST-JOIN-1680,2026-08-08,1184.3,WH-DETROIT
ORD-09181,CUST-JOIN-1681,2026-08-08,4599.78,WH-NEWYORK
ORD-09182,CUST-JOIN-1682,2026-08-08,5004.94,WH-DETROIT
ORD-09183,CUST-JOIN-1683,2026-08-08,1938.63,WH-DETROIT
ORD-09184,CUST-JOIN-1684,2026-08-08,7712.11,WH-CHICAGO
ORD-09185,CUST-JOIN-1685,2026-08-08,2390.57,WH-CHICAGO
ORD-09186,CUST-JOIN-1686,2026-08-08,2824.83,WH-NEWYORK
ORD-09187,CUST-JOIN-1687,2026-08-08,6786.35,WH-CHICAGO
ORD-09188,CUST-JOIN-1688,2026-08-08,4730.49,WH-DETROIT
ORD-09189,CUST-JOIN-1689,2026-08-08,927.71,WH-NEWYORK
ORD-09190,CUST-JOIN-1690,2026-08-08,4872.6,WH-NEWYORK
ORD-09191,CUST-JOIN-1691,2026-08-08,4970.75,WH-CHICAGO
ORD-09192,CUST-JOIN-1692,2026-08-08,5661.49,WH-MIAMI
ORD-09193,CUST-JOIN-1693,2026-08-09,2379.14,WH-MIAMI
ORD-09194,CUST-JOIN-1694,2026-08-09,1384.16,WH-NEWYORK
ORD-09195,CUST-JOIN-1695,2026-08-09,283.98,WH-MIAMI
ORD-09196,CUST-JOIN-1696,2026-08-09,6629.58,WH-CHICAGO
ORD-09197,CUST-JOIN-1697,2026-08-09,1641.8,WH-DETROIT
ORD-09198,CUST-JOIN-1698,2026-08-09,542.31,WH-NEWYORK
ORD-09199,CUST-JOIN-1699,2026-08-09,879.62,WH-MIAMI
ORD-09200,CUST-JOIN-1700,2026-08-09,490.96,WH-CHICAGO
ORD-09201,CUST-JOIN-1701,2026-08-09,1301.45,WH-DETROIT
ORD-09202,CUST-JOIN-1702,2026-08-09,2015.23,WH-MIAMI
ORD-09203,CUST-JOIN-1703,2026-08-09,631.48,WH-DETROIT
ORD-09204,CUST-JOIN-1704,2026-08-09,3708.93,WH-DETROIT
ORD-09205,CUST-JOIN-1705,2026-08-09,2567.08,WH-DETROIT
ORD-09206,CUST-JOIN-1706,2026-08-09,787.62,WH-NEWYORK
ORD-09207,CUST-JOIN-1707,2026-08-09,1501.89,WH-NEWYORK
ORD-09208,CUST-JOIN-1708,2026-08-09,1755.18,WH-CHICAGO
ORD-09209,CUST-JOIN-1709,2026-08-09,3595.54,WH-CHICAGO
ORD-09210,CUST-JOIN-1710,2026-08-09,7555.68,WH-DETROIT
ORD-09211,CUST-JOIN-1711,2026-08-09,6556.35,WH-DETROIT
ORD-09212,CUST-JOIN-1712,2026-08-09,2189.58,WH-CHICAGO
ORD-09213,CUST-JOIN-1713,2026-08-09,3370.4,WH-MIAMI
ORD-09214,CUST-JOIN-1714,2026-08-09,6421.45,WH-MIAMI
ORD-09215,CUST-JOIN-1715,2026-08-09,2907.09,WH-CHICAGO
ORD-09216,CUST-JOIN-1716,2026-08-09,3504.96,WH-CHICAGO
ORD-09217,CUST-JOIN-1717,2026-08-10,1401.84,WH-CHICAGO
ORD-09218,CUST-JOIN-1718,2026-08-10,2838.73,WH-CHICAGO
ORD-09219,CUST-JOIN-1719,2026-08-10,7848.78,WH-NEWYORK
ORD-09220,CUST-JOIN-1720,2026-08-10,2534.43,WH-DETROIT
ORD-09221,CUST-JOIN-1721,2026-08-10,4344.3,WH-CHICAGO
ORD-09222,CUST-JOIN-1722,2026-08-10,1221.58,WH-MIAMI
ORD-09223,CUST-JOIN-1723,2026-08-10,4191.04,WH-DETROIT
ORD-09224,CUST-JOIN-1724,2026-08-10,3518.18,WH-DETROIT
ORD-09225,CUST-JOIN-1725,2026-08-10,6855.13,WH-MIAMI
ORD-09226,CUST-JOIN-1726,2026-08-10,5378.0,WH-CHICAGO
ORD-09227,CUST-JOIN-1727,2026-08-10,2648.71,WH-CHICAGO
ORD-09228,CUST-JOIN-1728,2026-08-10,2620.88,WH-MIAMI
ORD-09229,CUST-JOIN-1729,2026-08-10,2557.71,WH-DETROIT
ORD-09230,CUST-JOIN-1730,2026-08-10,3856.33,WH-DETROIT
ORD-09231,CUST-JOIN-1731,2026-08-10,4512.91,WH-DETROIT
ORD-09232,CUST-JOIN-1732,2026-08-10,2487.4,WH-CHICAGO
ORD-09233,CUST-JOIN-1733,2026-08-10,1070.32,WH-DETROIT
ORD-09234,CUST-JOIN-1734,2026-08-10,2065.06,WH-NEWYORK
ORD-09235,CUST-JOIN-1735,2026-08-10,7532.42,WH-NEWYORK
ORD-09236,CUST-JOIN-1736,2026-08-10,1247.97,WH-DETROIT
ORD-09237,CUST-JOIN-1737,2026-08-10,6944.29,WH-NEWYORK
ORD-09238,CUST-JOIN-1738,2026-08-10,301.69,WH-CHICAGO
ORD-09239,CUST-JOIN-1739,2026-08-10,5822.66,WH-NEWYORK
ORD-09240,CUST-JOIN-1740,2026-08-10,5243.35,WH-DETROIT
ORD-09241,CUST-JOIN-1741,2026-08-11,7079.7,WH-MIAMI
ORD-09242,CUST-JOIN-1742,2026-08-11,3515.87,WH-CHICAGO
ORD-09243,CUST-JOIN-1743,2026-08-11,4812.57,WH-NEWYORK
ORD-09244,CUST-JOIN-1744,2026-08-11,5680.52,WH-MIAMI
ORD-09245,CUST-JOIN-1745,2026-08-11,4228.72,WH-DETROIT
ORD-09246,CUST-JOIN-1746,2026-08-11,5330.42,WH-DETROIT
ORD-09247,CUST-JOIN-1747,2026-08-11,2326.62,WH-CHICAGO
ORD-09248,CUST-JOIN-1748,2026-08-11,4844.68,WH-DETROIT
ORD-09249,CUST-JOIN-1749,2026-08-11,5349.19,WH-CHICAGO
ORD-09250,CUST-JOIN-1750,2026-08-11,3564.39,WH-NEWYORK
ORD-09251,CUST-JOIN-1751,2026-08-11,3750.01,WH-MIAMI
ORD-09252,CUST-JOIN-1752,2026-08-11,7544.29,WH-DETROIT
ORD-09253,CUST-JOIN-1753,2026-08-11,7491.98,WH-DETROIT
ORD-09254,CUST-JOIN-1754,2026-08-11,1116.36,WH-DETROIT
ORD-09255,CUST-JOIN-1755,2026-08-11,6448.41,WH-MIAMI
ORD-09256,CUST-JOIN-1756,2026-08-11,2928.41,WH-MIAMI
ORD-09257,CUST-JOIN-1757,2026-08-11,2528.21,WH-MIAMI
ORD-09258,CUST-JOIN-1758,2026-08-11,5572.41,WH-NEWYORK
ORD-09259,CUST-JOIN-1759,2026-08-11,1136.65,WH-DETROIT
ORD-09260,CUST-JOIN-1760,2026-08-11,1203.66,WH-MIAMI
ORD-09261,CUST-JOIN-1761,2026-08-11,4251.0,WH-NEWYORK
ORD-09262,CUST-JOIN-1762,2026-08-11,2119.13,WH-MIAMI
ORD-09263,CUST-JOIN-1763,2026-08-11,3834.0,WH-CHICAGO
ORD-09264,CUST-JOIN-1764,2026-08-11,7596.64,WH-MIAMI
ORD-09265,CUST-JOIN-1765,2026-08-12,7419.04,WH-MIAMI
ORD-09266,CUST-JOIN-1766,2026-08-12,7482.82,WH-CHICAGO
ORD-09267,CUST-JOIN-1767,2026-08-12,5247.0,WH-MIAMI
ORD-09268,CUST-JOIN-1768,2026-08-12,4616.14,WH-NEWYORK
ORD-09269,CUST-JOIN-1769,2026-08-12,1679.46,WH-MIAMI
ORD-09270,CUST-JOIN-1770,2026-08-12,6227.33,WH-MIAMI
ORD-09271,CUST-JOIN-1771,2026-08-12,4361.17,WH-DETROIT
ORD-09272,CUST-JOIN-1772,2026-08-12,3425.51,WH-CHICAGO
ORD-09273,CUST-JOIN-1773,2026-08-12,2519.06,WH-NEWYORK
ORD-09274,CUST-JOIN-1774,2026-08-12,7823.59,WH-MIAMI
ORD-09275,CUST-JOIN-1775,2026-08-12,4862.49,WH-DETROIT
ORD-09276,CUST-JOIN-1776,2026-08-12,3137.68,WH-NEWYORK
ORD-09277,CUST-JOIN-1777,2026-08-12,4680.18,WH-MIAMI
ORD-09278,CUST-JOIN-1778,2026-08-12,308.51,WH-CHICAGO
ORD-09279,CUST-JOIN-1779,2026-08-12,6909.31,WH-NEWYORK
ORD-09280,CUST-JOIN-1780,2026-08-12,4661.92,WH-NEWYORK
ORD-09281,CUST-JOIN-1781,2026-08-12,7799.56,WH-DETROIT
ORD-09282,CUST-JOIN-1782,2026-08-12,5357.28,WH-DETROIT
ORD-09283,CUST-JOIN-1783,2026-08-12,4466.33,WH-NEWYORK
ORD-09284,CUST-JOIN-1784,2026-08-12,1194.31,WH-DETROIT
ORD-09285,CUST-JOIN-1785,2026-08-12,3925.07,WH-CHICAGO
ORD-09286,CUST-JOIN-1786,2026-08-12,7494.98,WH-NEWYORK
ORD-09287,CUST-JOIN-1787,2026-08-12,3181.56,WH-CHICAGO
ORD-09288,CUST-JOIN-1788,2026-08-12,1995.58,WH-CHICAGO
ORD-09289,CUST-JOIN-1789,2026-08-13,5762.99,WH-CHICAGO
ORD-09290,CUST-JOIN-1790,2026-08-13,546.88,WH-CHICAGO
ORD-09291,CUST-JOIN-1791,2026-08-13,5292.33,WH-DETROIT
ORD-09292,CUST-JOIN-1792,2026-08-13,3376.9,WH-DETROIT
ORD-09293,CUST-JOIN-1793,2026-08-13,847.58,WH-MIAMI
ORD-09294,CUST-JOIN-1794,2026-08-13,2025.69,WH-MIAMI
ORD-09295,CUST-JOIN-1795,2026-08-13,2325.66,WH-CHICAGO
ORD-09296,CUST-JOIN-1796,2026-08-13,6784.73,WH-DETROIT
ORD-09297,CUST-JOIN-1797,2026-08-13,794.03,WH-CHICAGO
ORD-09298,CUST-JOIN-1798,2026-08-13,1892.43,WH-NEWYORK
ORD-09299,CUST-JOIN-1799,2026-08-13,3963.65,WH-DETROIT
ORD-09300,CUST-JOIN-1800,2026-08-13,3031.99,WH-CHICAGO
ORD-09301,CUST-JOIN-1801,2026-08-13,7547.04,WH-CHICAGO
ORD-09302,CUST-JOIN-1802,2026-08-13,6619.37,WH-DETROIT
ORD-09303,CUST-JOIN-1803,2026-08-13,7023.99,WH-MIAMI
ORD-09304,CUST-JOIN-1804,2026-08-13,778.8,WH-MIAMI
ORD-09305,CUST-JOIN-1805,2026-08-13,7547.43,WH-DETROIT
ORD-09306,CUST-JOIN-1806,2026-08-13,1493.12,WH-CHICAGO
ORD-09307,CUST-JOIN-1807,2026-08-13,4207.71,WH-CHICAGO
ORD-09308,CUST-JOIN-1808,2026-08-13,4925.96,WH-CHICAGO
ORD-09309,CUST-JOIN-1809,2026-08-13,1159.37,WH-MIAMI
ORD-09310,CUST-JOIN-1810,2026-08-13,5278.6,WH-DETROIT
ORD-09311,CUST-JOIN-1811,2026-08-13,2204.37,WH-DETROIT
ORD-09312,CUST-JOIN-1812,2026-08-13,5767.08,WH-NEWYORK
ORD-09313,CUST-JOIN-1813,2026-08-14,999.49,WH-DETROIT
ORD-09314,CUST-JOIN-1814,2026-08-14,6727.04,WH-MIAMI
ORD-09315,CUST-JOIN-1815,2026-08-14,6783.05,WH-NEWYORK
ORD-09316,CUST-JOIN-1816,2026-08-14,330.78,WH-CHICAGO
ORD-09317,CUST-JOIN-1817,2026-08-14,4742.9,WH-MIAMI
ORD-09318,CUST-JOIN-1818,2026-08-14,6174.65,WH-MIAMI
ORD-09319,CUST-JOIN-1819,2026-08-14,2113.09,WH-CHICAGO
ORD-09320,CUST-JOIN-1820,2026-08-14,6983.86,WH-DETROIT
ORD-09321,CUST-JOIN-1821,2026-08-14,3837.36,WH-CHICAGO
ORD-09322,CUST-JOIN-1822,2026-08-14,3412.98,WH-DETROIT
ORD-09323,CUST-JOIN-1823,2026-08-14,400.06,WH-MIAMI
ORD-09324,CUST-JOIN-1824,2026-08-14,3898.09,WH-MIAMI
ORD-09325,CUST-JOIN-1825,2026-08-14,7793.96,WH-MIAMI
ORD-09326,CUST-JOIN-1826,2026-08-14,4682.97,WH-MIAMI
ORD-09327,CUST-JOIN-1827,2026-08-14,2986.94,WH-DETROIT
ORD-09328,CUST-JOIN-1828,2026-08-14,449.13,WH-CHICAGO
ORD-09329,CUST-JOIN-1829,2026-08-14,6970.28,WH-NEWYORK
ORD-09330,CUST-JOIN-1830,2026-08-14,598.95,WH-MIAMI
ORD-09331,CUST-JOIN-1831,2026-08-14,2072.83,WH-MIAMI
ORD-09332,CUST-JOIN-1832,2026-08-14,665.56,WH-CHICAGO
ORD-09333,CUST-JOIN-1833,2026-08-14,5964.52,WH-DETROIT
ORD-09334,CUST-JOIN-1834,2026-08-14,3915.01,WH-NEWYORK
ORD-09335,CUST-JOIN-1835,2026-08-14,2374.86,WH-NEWYORK
ORD-09336,CUST-JOIN-1836,2026-08-14,754.25,WH-CHICAGO
ORD-09337,CUST-JOIN-1837,2026-08-15,2649.86,WH-MIAMI
ORD-09338,CUST-JOIN-1838,2026-08-15,5035.17,WH-DETROIT
ORD-09339,CUST-JOIN-1839,2026-08-15,2883.81,WH-MIAMI
ORD-09340,CUST-JOIN-1840,2026-08-15,5858.06,WH-DETROIT
ORD-09341,CUST-JOIN-1841,2026-08-15,2060.36,WH-DETROIT
ORD-09342,CUST-JOIN-1842,2026-08-15,4456.84,WH-DETROIT
ORD-09343,CUST-JOIN-1843,2026-08-15,1305.17,WH-NEWYORK
ORD-09344,CUST-JOIN-1844,2026-08-15,1231.6,WH-NEWYORK
ORD-09345,CUST-JOIN-1845,2026-08-15,3537.65,WH-NEWYORK
ORD-09346,CUST-JOIN-1846,2026-08-15,2967.98,WH-NEWYORK
ORD-09347,CUST-JOIN-1847,2026-08-15,7891.09,WH-MIAMI
ORD-09348,CUST-JOIN-1848,2026-08-15,5545.55,WH-MIAMI
ORD-09349,CUST-JOIN-1849,2026-08-15,4442.97,WH-MIAMI
ORD-09350,CUST-JOIN-1850,2026-08-15,4601.05,WH-MIAMI
ORD-09351,CUST-JOIN-1851,2026-08-15,3314.79,WH-NEWYORK
ORD-09352,CUST-JOIN-1852,2026-08-15,1242.7,WH-NEWYORK
ORD-09353,CUST-JOIN-1853,2026-08-15,5657.65,WH-CHICAGO
ORD-09354,CUST-JOIN-1854,2026-08-15,390.8,WH-NEWYORK
ORD-09355,CUST-JOIN-1855,2026-08-15,360.62,WH-NEWYORK
ORD-09356,CUST-JOIN-1856,2026-08-15,584.73,WH-CHICAGO
ORD-09357,CUST-JOIN-1857,2026-08-15,1844.1,WH-DETROIT
ORD-09358,CUST-JOIN-1858,2026-08-15,4798.03,WH-CHICAGO
ORD-09359,CUST-JOIN-1859,2026-08-15,6746.51,WH-NEWYORK
ORD-09360,CUST-JOIN-1860,2026-08-15,1466.55,WH-DETROIT
ORD-09361,CUST-JOIN-1861,2026-08-16,6747.01,WH-NEWYORK
ORD-09362,CUST-JOIN-1862,2026-08-16,7432.46,WH-MIAMI
ORD-09363,CUST-JOIN-1863,2026-08-16,975.12,WH-DETROIT
ORD-09364,CUST-JOIN-1864,2026-08-16,5263.05,WH-NEWYORK
ORD-09365,CUST-JOIN-1865,2026-08-16,3883.53,WH-CHICAGO
ORD-09366,CUST-JOIN-1866,2026-08-16,2998.01,WH-MIAMI
ORD-09367,CUST-JOIN-1867,2026-08-16,2408.42,WH-CHICAGO
ORD-09368,CUST-JOIN-1868,2026-08-16,1390.82,WH-MIAMI
ORD-09369,CUST-JOIN-1869,2026-08-16,4257.2,WH-DETROIT
ORD-09370,CUST-JOIN-1870,2026-08-16,7696.01,WH-DETROIT
ORD-09371,CUST-JOIN-1871,2026-08-16,6169.9,WH-CHICAGO
ORD-09372,CUST-JOIN-1872,2026-08-16,1387.27,WH-MIAMI
ORD-09373,CUST-JOIN-1873,2026-08-16,5107.38,WH-MIAMI
ORD-09374,CUST-JOIN-1874,2026-08-16,5140.05,WH-CHICAGO
ORD-09375,CUST-JOIN-1875,2026-08-16,386.42,WH-MIAMI
ORD-09376,CUST-JOIN-1876,2026-08-16,7308.85,WH-NEWYORK
ORD-09377,CUST-JOIN-1877,2026-08-16,3333.19,WH-CHICAGO
ORD-09378,CUST-JOIN-1878,2026-08-16,2212.96,WH-MIAMI
ORD-09379,CUST-JOIN-1879,2026-08-16,2762.75,WH-NEWYORK
ORD-09380,CUST-JOIN-1880,2026-08-16,4508.7,WH-MIAMI
ORD-09381,CUST-JOIN-1881,2026-08-16,1958.03,WH-CHICAGO
ORD-09382,CUST-JOIN-1882,2026-08-16,618.01,WH-CHICAGO
ORD-09383,CUST-JOIN-1883,2026-08-16,4436.59,WH-MIAMI
ORD-09384,CUST-JOIN-1884,2026-08-16,6534.45,WH-NEWYORK
ORD-09385,CUST-JOIN-1885,2026-08-17,933.89,WH-CHICAGO
ORD-09386,CUST-JOIN-1886,2026-08-17,1175.57,WH-DETROIT
ORD-09387,CUST-JOIN-1887,2026-08-17,2935.58,WH-MIAMI
ORD-09388,CUST-JOIN-1888,2026-08-17,7370.84,WH-CHICAGO
ORD-09389,CUST-JOIN-1889,2026-08-17,3201.46,WH-CHICAGO
ORD-09390,CUST-JOIN-1890,2026-08-17,2897.2,WH-DETROIT
ORD-09391,CUST-JOIN-1891,2026-08-17,4302.38,WH-MIAMI
ORD-09392,CUST-JOIN-1892,2026-08-17,4721.66,WH-DETROIT
ORD-09393,CUST-JOIN-1893,2026-08-17,4573.3,WH-MIAMI
ORD-09394,CUST-JOIN-1894,2026-08-17,1879.48,WH-CHICAGO
ORD-09395,CUST-JOIN-1895,2026-08-17,2859.86,WH-MIAMI
ORD-09396,CUST-JOIN-1896,2026-08-17,5791.21,WH-CHICAGO
ORD-09397,CUST-JOIN-1897,2026-08-17,1767.14,WH-MIAMI
ORD-09398,CUST-JOIN-1898,2026-08-17,4691.55,WH-CHICAGO
ORD-09399,CUST-JOIN-1899,2026-08-17,7491.36,WH-DETROIT
ORD-09400,CUST-JOIN-1900,2026-08-17,2739.92,WH-CHICAGO
ORD-09401,CUST-JOIN-1901,2026-08-17,5853.13,WH-MIAMI
ORD-09402,CUST-JOIN-1902,2026-08-17,1559.01,WH-CHICAGO
ORD-09403,CUST-JOIN-1903,2026-08-17,4478.73,WH-DETROIT
ORD-09404,CUST-JOIN-1904,2026-08-17,2876.68,WH-MIAMI
ORD-09405,CUST-JOIN-1905,2026-08-17,7380.76,WH-MIAMI
ORD-09406,CUST-JOIN-1906,2026-08-17,870.08,WH-MIAMI
ORD-09407,CUST-JOIN-1907,2026-08-17,6022.8,WH-DETROIT
ORD-09408,CUST-JOIN-1908,2026-08-17,5296.24,WH-MIAMI
ORD-09409,CUST-JOIN-1909,2026-08-18,3696.6,WH-NEWYORK
ORD-09410,CUST-JOIN-1910,2026-08-18,1044.33,WH-DETROIT
ORD-09411,CUST-JOIN-1911,2026-08-18,3739.54,WH-DETROIT
ORD-09412,CUST-JOIN-1912,2026-08-18,5505.25,WH-NEWYORK
ORD-09413,CUST-JOIN-1913,2026-08-18,1473.05,WH-CHICAGO
ORD-09414,CUST-JOIN-1914,2026-08-18,6782.65,WH-NEWYORK
ORD-09415,CUST-JOIN-1915,2026-08-18,7278.97,WH-CHICAGO
ORD-09416,CUST-JOIN-1916,2026-08-18,7726.23,WH-CHICAGO
ORD-09417,CUST-JOIN-1917,2026-08-18,7673.87,WH-CHICAGO
ORD-09418,CUST-JOIN-1918,2026-08-18,1251.76,WH-MIAMI
ORD-09419,CUST-JOIN-1919,2026-08-18,302.86,WH-NEWYORK
ORD-09420,CUST-JOIN-1920,2026-08-18,4787.65,WH-MIAMI
ORD-09421,CUST-JOIN-1921,2026-08-18,5921.31,WH-DETROIT
ORD-09422,CUST-JOIN-1922,2026-08-18,7261.51,WH-CHICAGO
ORD-09423,CUST-JOIN-1923,2026-08-18,6431.46,WH-DETROIT
ORD-09424,CUST-JOIN-1924,2026-08-18,4750.44,WH-NEWYORK
ORD-09425,CUST-JOIN-1925,2026-08-18,7442.63,WH-MIAMI
ORD-09426,CUST-JOIN-1926,2026-08-18,5618.53,WH-NEWYORK
ORD-09427,CUST-JOIN-1927,2026-08-18,2170.86,WH-NEWYORK
ORD-09428,CUST-JOIN-1928,2026-08-18,5804.26,WH-MIAMI
ORD-09429,CUST-JOIN-1929,2026-08-18,7806.47,WH-DETROIT
ORD-09430,CUST-JOIN-1930,2026-08-18,6134.95,WH-DETROIT
ORD-09431,CUST-JOIN-1931,2026-08-18,5050.11,WH-DETROIT
ORD-09432,CUST-JOIN-1932,2026-08-18,5967.05,WH-MIAMI
ORD-09433,CUST-JOIN-1933,2026-08-19,4212.35,WH-NEWYORK
ORD-09434,CUST-JOIN-1934,2026-08-19,7549.98,WH-CHICAGO
ORD-09435,CUST-JOIN-1935,2026-08-19,6569.33,WH-DETROIT
ORD-09436,CUST-JOIN-1936,2026-08-19,3873.35,WH-DETROIT
ORD-09437,CUST-JOIN-1937,2026-08-19,6494.91,WH-NEWYORK
ORD-09438,CUST-JOIN-1938,2026-08-19,7226.69,WH-NEWYORK
ORD-09439,CUST-JOIN-1939,2026-08-19,4435.26,WH-MIAMI
ORD-09440,CUST-JOIN-1940,2026-08-19,3534.24,WH-CHICAGO
ORD-09441,CUST-JOIN-1941,2026-08-19,4327.48,WH-CHICAGO
ORD-09442,CUST-JOIN-1942,2026-08-19,6922.37,WH-NEWYORK
ORD-09443,CUST-JOIN-1943,2026-08-19,2327.63,WH-CHICAGO
ORD-09444,CUST-JOIN-1944,2026-08-19,3449.42,WH-CHICAGO
ORD-09445,CUST-JOIN-1945,2026-08-19,1614.14,WH-NEWYORK
ORD-09446,CUST-JOIN-1946,2026-08-19,5240.47,WH-NEWYORK
ORD-09447,CUST-JOIN-1947,2026-08-19,6767.82,WH-MIAMI
ORD-09448,CUST-JOIN-1948,2026-08-19,6867.06,WH-DETROIT
ORD-09449,CUST-JOIN-1949,2026-08-19,7669.37,WH-DETROIT
ORD-09450,CUST-JOIN-1950,2026-08-19,270.54,WH-DETROIT
ORD-09451,CUST-JOIN-1951,2026-08-19,1150.03,WH-MIAMI
ORD-09452,CUST-JOIN-1952,2026-08-19,6669.24,WH-CHICAGO
ORD-09453,CUST-JOIN-1953,2026-08-19,2566.69,WH-DETROIT
ORD-09454,CUST-JOIN-1954,2026-08-19,4333.4,WH-NEWYORK
ORD-09455,CUST-JOIN-1955,2026-08-19,2914.54,WH-MIAMI
ORD-09456,CUST-JOIN-1956,2026-08-19,4192.29,WH-DETROIT
ORD-09457,CUST-JOIN-1957,2026-08-20,2227.39,WH-NEWYORK
ORD-09458,CUST-JOIN-1958,2026-08-20,5351.75,WH-MIAMI
ORD-09459,CUST-JOIN-1959,2026-08-20,7384.13,WH-CHICAGO
ORD-09460,CUST-JOIN-1960,2026-08-20,1293.22,WH-MIAMI
ORD-09461,CUST-JOIN-1961,2026-08-20,3938.77,WH-DETROIT
ORD-09462,CUST-JOIN-1962,2026-08-20,621.82,WH-CHICAGO
ORD-09463,CUST-JOIN-1963,2026-08-20,7034.95,WH-MIAMI
ORD-09464,CUST-JOIN-1964,2026-08-20,6067.61,WH-NEWYORK
ORD-09465,CUST-JOIN-1965,2026-08-20,3768.38,WH-CHICAGO
ORD-09466,CUST-JOIN-1966,2026-08-20,3606.66,WH-MIAMI
ORD-09467,CUST-JOIN-1967,2026-08-20,650.2,WH-NEWYORK
ORD-09468,CUST-JOIN-1968,2026-08-20,3689.26,WH-NEWYORK
ORD-09469,CUST-JOIN-1969,2026-08-20,5900.43,WH-DETROIT
ORD-09470,CUST-JOIN-1970,2026-08-20,7346.89,WH-DETROIT
ORD-09471,CUST-JOIN-1971,2026-08-20,4175.4,WH-CHICAGO
ORD-09472,CUST-JOIN-1972,2026-08-20,7730.48,WH-CHICAGO
ORD-09473,CUST-JOIN-1973,2026-08-20,3803.86,WH-CHICAGO
ORD-09474,CUST-JOIN-1974,2026-08-20,2098.99,WH-NEWYORK
ORD-09475,CUST-JOIN-1975,2026-08-20,7391.17,WH-DETROIT
ORD-09476,CUST-JOIN-1976,2026-08-20,5994.48,WH-DETROIT
ORD-09477,CUST-JOIN-1977,2026-08-20,6065.15,WH-MIAMI
ORD-09478,CUST-JOIN-1978,2026-08-20,5468.34,WH-MIAMI
ORD-09479,CUST-JOIN-1979,2026-08-20,3011.41,WH-NEWYORK
ORD-09480,CUST-JOIN-1980,2026-08-20,1732.69,WH-CHICAGO
ORD-09481,CUST-JOIN-1981,2026-08-21,4929.84,WH-MIAMI
ORD-09482,CUST-JOIN-1982,2026-08-21,6876.98,WH-DETROIT
ORD-09483,CUST-JOIN-1983,2026-08-21,1580.21,WH-CHICAGO
ORD-09484,CUST-JOIN-1984,2026-08-21,2984.02,WH-DETROIT
ORD-09485,CUST-JOIN-1985,2026-08-21,5547.87,WH-DETROIT
ORD-09486,CUST-JOIN-1986,2026-08-21,7340.9,WH-MIAMI
ORD-09487,CUST-JOIN-1987,2026-08-21,1395.84,WH-CHICAGO
ORD-09488,CUST-JOIN-1988,2026-08-21,7264.35,WH-DETROIT
ORD-09489,CUST-JOIN-1989,2026-08-21,4801.33,WH-DETROIT
ORD-09490,CUST-JOIN-1990,2026-08-21,2726.56,WH-DETROIT
ORD-09491,CUST-JOIN-1991,2026-08-21,2380.04,WH-CHICAGO
ORD-09492,CUST-JOIN-1992,2026-08-21,5898.49,WH-CHICAGO
ORD-09493,CUST-JOIN-1993,2026-08-21,1887.34,WH-DETROIT
ORD-09494,CUST-JOIN-1994,2026-08-21,4385.96,WH-CHICAGO
ORD-09495,CUST-JOIN-1995,2026-08-21,1332.38,WH-CHICAGO
ORD-09496,CUST-JOIN-1996,2026-08-21,7648.1,WH-NEWYORK
ORD-09497,CUST-JOIN-1997,2026-08-21,7069.59,WH-DETROIT
ORD-09498,CUST-JOIN-1998,2026-08-21,3952.63,WH-CHICAGO
ORD-09499,CUST-JOIN-1999,2026-08-21,5235.78,WH-DETROIT
ORD-09500,CUST-JOIN-2000,2026-08-21,764.44,WH-CHICAGO
ORD-09501,CUST-JOIN-2001,2026-08-21,6232.29,WH-DETROIT
ORD-09502,CUST-JOIN-2002,2026-08-21,7472.24,WH-MIAMI
ORD-09503,CUST-JOIN-2003,2026-08-21,686.68,WH-DETROIT
ORD-09504,CUST-JOIN-2004,2026-08-21,787.81,WH-DETROIT
ORD-09505,CUST-JOIN-2005,2026-08-22,7119.38,WH-MIAMI
ORD-09506,CUST-JOIN-2006,2026-08-22,1426.81,WH-CHICAGO
ORD-09507,CUST-JOIN-2007,2026-08-22,587.94,WH-DETROIT
ORD-09508,CUST-JOIN-2008,2026-08-22,5811.65,WH-NEWYORK
ORD-09509,CUST-JOIN-2009,2026-08-22,6146.84,WH-CHICAGO
ORD-09510,CUST-JOIN-2010,2026-08-22,6045.28,WH-MIAMI
ORD-09511,CUST-JOIN-2011,2026-08-22,2723.99,WH-CHICAGO
ORD-09512,CUST-JOIN-2012,2026-08-22,2391.25,WH-MIAMI
ORD-09513,CUST-JOIN-2013,2026-08-22,5770.86,WH-DETROIT
ORD-09514,CUST-JOIN-2014,2026-08-22,4880.75,WH-DETROIT
ORD-09515,CUST-JOIN-2015,2026-08-22,2105.4,WH-MIAMI
ORD-09516,CUST-JOIN-2016,2026-08-22,802.68,WH-DETROIT
ORD-09517,CUST-JOIN-2017,2026-08-22,2039.73,WH-MIAMI
ORD-09518,CUST-JOIN-2018,2026-08-22,1491.78,WH-CHICAGO
ORD-09519,CUST-JOIN-2019,2026-08-22,1924.03,WH-NEWYORK
ORD-09520,CUST-JOIN-2020,2026-08-22,4069.98,WH-NEWYORK
ORD-09521,CUST-JOIN-2021,2026-08-22,7796.04,WH-NEWYORK
ORD-09522,CUST-JOIN-2022,2026-08-22,4200.88,WH-MIAMI
ORD-09523,CUST-JOIN-2023,2026-08-22,4818.34,WH-DETROIT
ORD-09524,CUST-JOIN-2024,2026-08-22,2709.66,WH-CHICAGO
ORD-09525,CUST-JOIN-2025,2026-08-22,6840.46,WH-NEWYORK
ORD-09526,CUST-JOIN-2026,2026-08-22,6853.97,WH-CHICAGO
ORD-09527,CUST-JOIN-2027,2026-08-22,5530.44,WH-NEWYORK
ORD-09528,CUST-JOIN-2028,2026-08-22,4267.93,WH-MIAMI
ORD-09529,CUST-JOIN-2029,2026-08-23,2156.9,WH-MIAMI
ORD-09530,CUST-JOIN-2030,2026-08-23,5796.39,WH-CHICAGO
ORD-09531,CUST-JOIN-2031,2026-08-23,5397.54,WH-MIAMI
ORD-09532,CUST-JOIN-2032,2026-08-23,6688.76,WH-NEWYORK
ORD-09533,CUST-JOIN-2033,2026-08-23,7309.3,WH-NEWYORK
ORD-09534,CUST-JOIN-2034,2026-08-23,5567.25,WH-CHICAGO
ORD-09535,CUST-JOIN-2035,2026-08-23,1181.5,WH-CHICAGO
ORD-09536,CUST-JOIN-2036,2026-08-23,4124.91,WH-DETROIT
ORD-09537,CUST-JOIN-2037,2026-08-23,7690.13,WH-DETROIT
ORD-09538,CUST-JOIN-2038,2026-08-23,6406.93,WH-DETROIT
ORD-09539,CUST-JOIN-2039,2026-08-23,3726.63,WH-MIAMI
ORD-09540,CUST-JOIN-2040,2026-08-23,4546.22,WH-DETROIT
ORD-09541,CUST-JOIN-2041,2026-08-23,6231.56,WH-DETROIT
ORD-09542,CUST-JOIN-2042,2026-08-23,488.66,WH-DETROIT
ORD-09543,CUST-JOIN-2043,2026-08-23,659.79,WH-CHICAGO
ORD-09544,CUST-JOIN-2044,2026-08-23,7449.71,WH-DETROIT
ORD-09545,CUST-JOIN-2045,2026-08-23,610.01,WH-DETROIT
ORD-09546,CUST-JOIN-2046,2026-08-23,6196.54,WH-CHICAGO
ORD-09547,CUST-JOIN-2047,2026-08-23,4303.55,WH-MIAMI
ORD-09548,CUST-JOIN-2048,2026-08-23,7292.37,WH-CHICAGO
ORD-09549,CUST-JOIN-2049,2026-08-23,3816.68,WH-CHICAGO
ORD-09550,CUST-JOIN-2050,2026-08-23,2937.72,WH-DETROIT
ORD-09551,CUST-JOIN-2051,2026-08-23,7661.11,WH-CHICAGO
ORD-09552,CUST-JOIN-2052,2026-08-23,7897.41,WH-NEWYORK
ORD-09553,CUST-JOIN-2053,2026-08-24,1549.5,WH-DETROIT
ORD-09554,CUST-JOIN-2054,2026-08-24,3022.79,WH-CHICAGO
ORD-09555,CUST-JOIN-2055,2026-08-24,3901.57,WH-NEWYORK
ORD-09556,CUST-JOIN-2056,2026-08-24,7317.13,WH-CHICAGO
ORD-09557,CUST-JOIN-2057,2026-08-24,311.54,WH-CHICAGO
ORD-09558,CUST-JOIN-2058,2026-08-24,995.95,WH-DETROIT
ORD-09559,CUST-JOIN-2059,2026-08-24,3785.93,WH-NEWYORK
ORD-09560,CUST-JOIN-2060,2026-08-24,791.03,WH-MIAMI
ORD-09561,CUST-JOIN-2061,2026-08-24,7711.79,WH-MIAMI
ORD-09562,CUST-JOIN-2062,2026-08-24,956.22,WH-CHICAGO
ORD-09563,CUST-JOIN-2063,2026-08-24,3583.63,WH-CHICAGO
ORD-09564,CUST-JOIN-2064,2026-08-24,4263.05,WH-CHICAGO
ORD-09565,CUST-JOIN-2065,2026-08-24,518.5,WH-NEWYORK
ORD-09566,CUST-JOIN-2066,2026-08-24,4668.79,WH-NEWYORK
ORD-09567,CUST-JOIN-2067,2026-08-24,4730.99,WH-MIAMI
ORD-09568,CUST-JOIN-2068,2026-08-24,6863.81,WH-DETROIT
ORD-09569,CUST-JOIN-2069,2026-08-24,5802.3,WH-CHICAGO
ORD-09570,CUST-JOIN-2070,2026-08-24,3527.91,WH-MIAMI
ORD-09571,CUST-JOIN-2071,2026-08-24,6467.29,WH-CHICAGO
ORD-09572,CUST-JOIN-2072,2026-08-24,5396.62,WH-DETROIT
ORD-09573,CUST-JOIN-2073,2026-08-24,5884.27,WH-DETROIT
ORD-09574,CUST-JOIN-2074,2026-08-24,1947.06,WH-CHICAGO
ORD-09575,CUST-JOIN-2075,2026-08-24,2885.05,WH-CHICAGO
ORD-09576,CUST-JOIN-2076,2026-08-24,2200.56,WH-NEWYORK
ORD-09577,CUST-JOIN-2077,2026-08-25,2659.63,WH-CHICAGO
ORD-09578,CUST-JOIN-2078,2026-08-25,5427.31,WH-DETROIT
ORD-09579,CUST-JOIN-2079,2026-08-25,5661.91,WH-MIAMI
ORD-09580,CUST-JOIN-2080,2026-08-25,5311.87,WH-NEWYORK
ORD-09581,CUST-JOIN-2081,2026-08-25,2137.25,WH-NEWYORK
ORD-09582,CUST-JOIN-2082,2026-08-25,642.02,WH-MIAMI
ORD-09583,CUST-JOIN-2083,2026-08-25,5469.89,WH-NEWYORK
ORD-09584,CUST-JOIN-2084,2026-08-25,4782.98,WH-NEWYORK
ORD-09585,CUST-JOIN-2085,2026-08-25,5672.27,WH-MIAMI
ORD-09586,CUST-JOIN-2086,2026-08-25,3613.5,WH-DETROIT
ORD-09587,CUST-JOIN-2087,2026-08-25,7012.92,WH-NEWYORK
ORD-09588,CUST-JOIN-2088,2026-08-25,5329.0,WH-CHICAGO
ORD-09589,CUST-JOIN-2089,2026-08-25,5224.03,WH-CHICAGO
ORD-09590,CUST-JOIN-2090,2026-08-25,1220.01,WH-CHICAGO
ORD-09591,CUST-JOIN-2091,2026-08-25,572.97,WH-MIAMI
ORD-09592,CUST-JOIN-2092,2026-08-25,4785.67,WH-NEWYORK
ORD-09593,CUST-JOIN-2093,2026-08-25,5761.15,WH-MIAMI
ORD-09594,CUST-JOIN-2094,2026-08-25,7825.61,WH-DETROIT
ORD-09595,CUST-JOIN-2095,2026-08-25,2159.96,WH-NEWYORK
ORD-09596,CUST-JOIN-2096,2026-08-25,7759.44,WH-NEWYORK
ORD-09597,CUST-JOIN-2097,2026-08-25,1169.79,WH-MIAMI
ORD-09598,CUST-JOIN-2098,2026-08-25,2032.75,WH-NEWYORK
ORD-09599,CUST-JOIN-2099,2026-08-25,7110.65,WH-MIAMI
ORD-09600,CUST-JOIN-2100,2026-08-25,712.21,WH-NEWYORK
ORD-09601,CUST-JOIN-2101,2026-08-26,6527.62,WH-NEWYORK
ORD-09602,CUST-JOIN-2102,2026-08-26,6618.23,WH-DETROIT
ORD-09603,CUST-JOIN-2103,2026-08-26,2263.81,WH-NEWYORK
ORD-09604,CUST-JOIN-2104,2026-08-26,4915.7,WH-MIAMI
ORD-09605,CUST-JOIN-2105,2026-08-26,5852.11,WH-NEWYORK
ORD-09606,CUST-JOIN-2106,2026-08-26,3373.69,WH-CHICAGO
ORD-09607,CUST-JOIN-2107,2026-08-26,5894.0,WH-CHICAGO
ORD-09608,CUST-JOIN-2108,2026-08-26,4921.23,WH-DETROIT
ORD-09609,CUST-JOIN-2109,2026-08-26,2374.36,WH-MIAMI
ORD-09610,CUST-JOIN-2110,2026-08-26,5090.1,WH-CHICAGO
ORD-09611,CUST-JOIN-2111,2026-08-26,3238.49,WH-NEWYORK
ORD-09612,CUST-JOIN-2112,2026-08-26,6367.7,WH-NEWYORK
ORD-09613,CUST-JOIN-2113,2026-08-26,1411.86,WH-NEWYORK
ORD-09614,CUST-JOIN-2114,2026-08-26,3150.51,WH-MIAMI
ORD-09615,CUST-JOIN-2115,2026-08-26,2736.51,WH-NEWYORK
ORD-09616,CUST-JOIN-2116,2026-08-26,4188.23,WH-CHICAGO
ORD-09617,CUST-JOIN-2117,2026-08-26,5459.19,WH-DETROIT
ORD-09618,CUST-JOIN-2118,2026-08-26,3037.64,WH-NEWYORK
ORD-09619,CUST-JOIN-2119,2026-08-26,818.74,WH-DETROIT
ORD-09620,CUST-JOIN-2120,2026-08-26,5241.75,WH-NEWYORK
ORD-09621,CUST-JOIN-2121,2026-08-26,3835.4,WH-DETROIT
ORD-09622,CUST-JOIN-2122,2026-08-26,1670.78,WH-DETROIT
ORD-09623,CUST-JOIN-2123,2026-08-26,6850.71,WH-CHICAGO
ORD-09624,CUST-JOIN-2124,2026-08-26,3217.56,WH-DETROIT
ORD-09625,CUST-JOIN-2125,2026-08-27,5628.25,WH-MIAMI
ORD-09626,CUST-JOIN-2126,2026-08-27,3230.82,WH-MIAMI
ORD-09627,CUST-JOIN-2127,2026-08-27,3689.42,WH-CHICAGO
ORD-09628,CUST-JOIN-2128,2026-08-27,3103.77,WH-CHICAGO
ORD-09629,CUST-JOIN-2129,2026-08-27,362.56,WH-MIAMI
ORD-09630,CUST-JOIN-2130,2026-08-27,7617.05,WH-NEWYORK
ORD-09631,CUST-JOIN-2131,2026-08-27,2969.27,WH-NEWYORK
ORD-09632,CUST-JOIN-2132,2026-08-27,5171.19,WH-NEWYORK
ORD-09633,CUST-JOIN-2133,2026-08-27,6190.31,WH-MIAMI
ORD-09634,CUST-JOIN-2134,2026-08-27,3278.88,WH-MIAMI
ORD-09635,CUST-JOIN-2135,2026-08-27,5840.1,WH-CHICAGO
ORD-09636,CUST-JOIN-2136,2026-08-27,6575.77,WH-CHICAGO
ORD-09637,CUST-JOIN-2137,2026-08-27,5264.93,WH-CHICAGO
ORD-09638,CUST-JOIN-2138,2026-08-27,2620.56,WH-MIAMI
ORD-09639,CUST-JOIN-2139,2026-08-27,6148.53,WH-NEWYORK
ORD-09640,CUST-JOIN-2140,2026-08-27,3149.4,WH-CHICAGO
ORD-09641,CUST-JOIN-2141,2026-08-27,7931.8,WH-NEWYORK
ORD-09642,CUST-JOIN-2142,2026-08-27,3970.22,WH-CHICAGO
ORD-09643,CUST-JOIN-2143,2026-08-27,818.59,WH-MIAMI
ORD-09644,CUST-JOIN-2144,2026-08-27,240.47,WH-DETROIT
ORD-09645,CUST-JOIN-2145,2026-08-27,4587.93,WH-CHICAGO
ORD-09646,CUST-JOIN-2146,2026-08-27,5196.04,WH-DETROIT
ORD-09647,CUST-JOIN-2147,2026-08-27,7424.6,WH-DETROIT
ORD-09648,CUST-JOIN-2148,2026-08-27,3237.53,WH-MIAMI
ORD-09649,CUST-JOIN-2149,2026-08-28,5024.52,WH-MIAMI
ORD-09650,CUST-JOIN-2150,2026-08-28,1762.2,WH-CHICAGO
ORD-09651,CUST-JOIN-2151,2026-08-28,3731.11,WH-MIAMI
ORD-09652,CUST-JOIN-2152,2026-08-28,3494.12,WH-NEWYORK
ORD-09653,CUST-JOIN-2153,2026-08-28,5226.51,WH-MIAMI
ORD-09654,CUST-JOIN-2154,2026-08-28,2678.59,WH-MIAMI
ORD-09655,CUST-JOIN-2155,2026-08-28,7738.99,WH-MIAMI
ORD-09656,CUST-JOIN-2156,2026-08-28,5877.62,WH-MIAMI
ORD-09657,CUST-JOIN-2157,2026-08-28,3669.46,WH-MIAMI
ORD-09658,CUST-JOIN-2158,2026-08-28,1009.04,WH-CHICAGO
ORD-09659,CUST-JOIN-2159,2026-08-28,4219.61,WH-CHICAGO
ORD-09660,CUST-JOIN-2160,2026-08-28,4937.19,WH-MIAMI
ORD-09661,CUST-JOIN-2161,2026-08-28,6571.59,WH-DETROIT
ORD-09662,CUST-JOIN-2162,2026-08-28,6097.6,WH-MIAMI
ORD-09663,CUST-JOIN-2163,2026-08-28,4759.45,WH-MIAMI
ORD-09664,CUST-JOIN-2164,2026-08-28,6597.31,WH-MIAMI
ORD-09665,CUST-JOIN-2165,2026-08-28,6188.03,WH-CHICAGO
ORD-09666,CUST-JOIN-2166,2026-08-28,297.39,WH-NEWYORK
ORD-09667,CUST-JOIN-2167,2026-08-28,7472.96,WH-CHICAGO
ORD-09668,CUST-JOIN-2168,2026-08-28,5772.19,WH-MIAMI
ORD-09669,CUST-JOIN-2169,2026-08-28,830.28,WH-MIAMI
ORD-09670,CUST-JOIN-2170,2026-08-28,5135.32,WH-NEWYORK
ORD-09671,CUST-JOIN-2171,2026-08-28,944.83,WH-CHICAGO
ORD-09672,CUST-JOIN-2172,2026-08-28,1418.58,WH-NEWYORK
ORD-09673,CUST-JOIN-2173,2026-08-29,4315.73,WH-MIAMI
ORD-09674,CUST-JOIN-2174,2026-08-29,1366.55,WH-NEWYORK
ORD-09675,CUST-JOIN-2175,2026-08-29,7873.81,WH-NEWYORK
ORD-09676,CUST-JOIN-2176,2026-08-29,5565.69,WH-MIAMI
ORD-09677,CUST-JOIN-2177,2026-08-29,4115.69,WH-CHICAGO
ORD-09678,CUST-JOIN-2178,2026-08-29,1374.48,WH-CHICAGO
ORD-09679,CUST-JOIN-2179,2026-08-29,6008.75,WH-MIAMI
ORD-09680,CUST-JOIN-2180,2026-08-29,244.85,WH-DETROIT
ORD-09681,CUST-JOIN-2181,2026-08-29,1538.93,WH-DETROIT
ORD-09682,CUST-JOIN-2182,2026-08-29,5827.22,WH-DETROIT
ORD-09683,CUST-JOIN-2183,2026-08-29,7023.69,WH-MIAMI
ORD-09684,CUST-JOIN-2184,2026-08-29,6337.74,WH-MIAMI
ORD-09685,CUST-JOIN-2185,2026-08-29,7660.61,WH-MIAMI
ORD-09686,CUST-JOIN-2186,2026-08-29,305.12,WH-MIAMI
ORD-09687,CUST-JOIN-2187,2026-08-29,3291.95,WH-NEWYORK
ORD-09688,CUST-JOIN-2188,2026-08-29,976.82,WH-DETROIT
ORD-09689,CUST-JOIN-2189,2026-08-29,1590.27,WH-DETROIT
ORD-09690,CUST-JOIN-2190,2026-08-29,2197.55,WH-NEWYORK
ORD-09691,CUST-JOIN-2191,2026-08-29,6246.31,WH-NEWYORK
ORD-09692,CUST-JOIN-2192,2026-08-29,1421.5,WH-MIAMI
ORD-09693,CUST-JOIN-2193,2026-08-29,5774.02,WH-NEWYORK
ORD-09694,CUST-JOIN-2194,2026-08-29,1702.48,WH-DETROIT
ORD-09695,CUST-JOIN-2195,2026-08-29,2143.06,WH-CHICAGO
ORD-09696,CUST-JOIN-2196,2026-08-29,524.12,WH-NEWYORK
ORD-09697,CUST-JOIN-2197,2026-08-30,882.24,WH-DETROIT
ORD-09698,CUST-JOIN-2198,2026-08-30,1699.87,WH-DETROIT
ORD-09699,CUST-JOIN-2199,2026-08-30,1833.74,WH-MIAMI
ORD-09700,CUST-JOIN-2200,2026-08-30,6811.25,WH-DETROIT
ORD-09701,CUST-JOIN-2201,2026-08-30,5883.3,WH-NEWYORK
ORD-09702,CUST-JOIN-2202,2026-08-30,1972.13,WH-MIAMI
ORD-09703,CUST-JOIN-2203,2026-08-30,5996.15,WH-CHICAGO
ORD-09704,CUST-JOIN-2204,2026-08-30,5351.82,WH-DETROIT
ORD-09705,CUST-JOIN-2205,2026-08-30,6947.66,WH-CHICAGO
ORD-09706,CUST-JOIN-2206,2026-08-30,940.09,WH-CHICAGO
ORD-09707,CUST-JOIN-2207,2026-08-30,7389.23,WH-MIAMI
ORD-09708,CUST-JOIN-2208,2026-08-30,3719.27,WH-DETROIT
ORD-09709,CUST-JOIN-2209,2026-08-30,7129.15,WH-DETROIT
ORD-09710,CUST-JOIN-2210,2026-08-30,4548.98,WH-CHICAGO
ORD-09711,CUST-JOIN-2211,2026-08-30,5720.0,WH-NEWYORK
ORD-09712,CUST-JOIN-2212,2026-08-30,974.94,WH-CHICAGO
ORD-09713,CUST-JOIN-2213,2026-08-30,7705.95,WH-MIAMI
ORD-09714,CUST-JOIN-2214,2026-08-30,3111.16,WH-DETROIT
ORD-09715,CUST-JOIN-2215,2026-08-30,5444.0,WH-NEWYORK
ORD-09716,CUST-JOIN-2216,2026-08-30,4174.05,WH-CHICAGO
ORD-09717,CUST-JOIN-2217,2026-08-30,3876.77,WH-NEWYORK
ORD-09718,CUST-JOIN-2218,2026-08-30,5677.9,WH-NEWYORK
ORD-09719,CUST-JOIN-2219,2026-08-30,5637.37,WH-MIAMI
ORD-09720,CUST-JOIN-2220,2026-08-30,6488.85,WH-DETROIT
ORD-09721,CUST-JOIN-2221,2026-08-31,4418.67,WH-MIAMI
ORD-09722,CUST-JOIN-2222,2026-08-31,5855.46,WH-MIAMI
ORD-09723,CUST-JOIN-2223,2026-08-31,3155.31,WH-CHICAGO
ORD-09724,CUST-JOIN-2224,2026-08-31,7937.76,WH-CHICAGO
ORD-09725,CUST-JOIN-2225,2026-08-31,7368.58,WH-NEWYORK
ORD-09726,CUST-JOIN-2226,2026-08-31,6703.04,WH-NEWYORK
ORD-09727,CUST-JOIN-2227,2026-08-31,2041.07,WH-MIAMI
ORD-09728,CUST-JOIN-2228,2026-08-31,7779.88,WH-MIAMI
ORD-09729,CUST-JOIN-2229,2026-08-31,5681.66,WH-CHICAGO
ORD-09730,CUST-JOIN-2230,2026-08-31,272.52,WH-NEWYORK
ORD-09731,CUST-JOIN-2231,2026-08-31,4100.55,WH-CHICAGO
ORD-09732,CUST-JOIN-2232,2026-08-31,1407.36,WH-CHICAGO
ORD-09733,CUST-JOIN-2233,2026-08-31,2904.66,WH-DETROIT
ORD-09734,CUST-JOIN-2234,2026-08-31,7909.9,WH-CHICAGO
ORD-09735,CUST-JOIN-2235,2026-08-31,6417.28,WH-NEWYORK
ORD-09736,CUST-JOIN-2236,2026-08-31,4255.68,WH-DETROIT
ORD-09737,CUST-JOIN-2237,2026-08-31,3450.02,WH-MIAMI
ORD-09738,CUST-JOIN-2238,2026-08-31,4585.8,WH-DETROIT
ORD-09739,CUST-JOIN-2239,2026-08-31,3179.84,WH-NEWYORK
ORD-09740,CUST-JOIN-2240,2026-08-31,6397.36,WH-CHICAGO
ORD-09741,CUST-JOIN-2241,2026-08-31,3297.65,WH-MIAMI
ORD-09742,CUST-JOIN-2242,2026-08-31,2813.34,WH-NEWYORK
ORD-09743,CUST-JOIN-2243,2026-08-31,6376.85,WH-DETROIT
ORD-09744,CUST-JOIN-2244,2026-08-31,1329.92,WH-MIAMI
ORD-09745,CUST-JOIN-2245,2026-09-01,4112.95,WH-CHICAGO
ORD-09746,CUST-JOIN-2246,2026-09-01,7734.18,WH-CHICAGO
ORD-09747,CUST-JOIN-2247,2026-09-01,5579.22,WH-MIAMI
ORD-09748,CUST-JOIN-2248,2026-09-01,3854.23,WH-DETROIT
ORD-09749,CUST-JOIN-2249,2026-09-01,1347.48,WH-MIAMI
ORD-09750,CUST-JOIN-2250,2026-09-01,3514.98,WH-CHICAGO
ORD-09751,CUST-JOIN-2251,2026-09-01,3855.51,WH-MIAMI
ORD-09752,CUST-JOIN-2252,2026-09-01,2169.31,WH-NEWYORK
ORD-09753,CUST-JOIN-2253,2026-09-01,3557.29,WH-MIAMI
ORD-09754,CUST-JOIN-2254,2026-09-01,5954.8,WH-NEWYORK
ORD-09755,CUST-JOIN-2255,2026-09-01,3798.22,WH-MIAMI
ORD-09756,CUST-JOIN-2256,2026-09-01,1514.39,WH-MIAMI
ORD-09757,CUST-JOIN-2257,2026-09-01,4326.83,WH-NEWYORK
ORD-09758,CUST-JOIN-2258,2026-09-01,271.82,WH-DETROIT
ORD-09759,CUST-JOIN-2259,2026-09-01,5580.05,WH-NEWYORK
ORD-09760,CUST-JOIN-2260,2026-09-01,428.62,WH-CHICAGO
ORD-09761,CUST-JOIN-2261,2026-09-01,2756.95,WH-NEWYORK
ORD-09762,CUST-JOIN-2262,2026-09-01,4688.4,WH-NEWYORK
ORD-09763,CUST-JOIN-2263,2026-09-01,3243.53,WH-MIAMI
ORD-09764,CUST-JOIN-2264,2026-09-01,2808.12,WH-CHICAGO
ORD-09765,CUST-JOIN-2265,2026-09-01,7439.6,WH-MIAMI
ORD-09766,CUST-JOIN-2266,2026-09-01,5833.68,WH-CHICAGO
ORD-09767,CUST-JOIN-2267,2026-09-01,3273.71,WH-NEWYORK
ORD-09768,CUST-JOIN-2268,2026-09-01,3523.47,WH-NEWYORK
ORD-09769,CUST-JOIN-2269,2026-09-02,2392.3,WH-NEWYORK
ORD-09770,CUST-JOIN-2270,2026-09-02,1090.04,WH-NEWYORK
ORD-09771,CUST-JOIN-2271,2026-09-02,5897.11,WH-DETROIT
ORD-09772,CUST-JOIN-2272,2026-09-02,2134.08,WH-DETROIT
ORD-09773,CUST-JOIN-2273,2026-09-02,434.41,WH-CHICAGO
ORD-09774,CUST-JOIN-2274,2026-09-02,5593.33,WH-NEWYORK
ORD-09775,CUST-JOIN-2275,2026-09-02,4032.45,WH-DETROIT
ORD-09776,CUST-JOIN-2276,2026-09-02,5426.72,WH-DETROIT
ORD-09777,CUST-JOIN-2277,2026-09-02,5087.78,WH-MIAMI
ORD-09778,CUST-JOIN-2278,2026-09-02,1475.21,WH-CHICAGO
ORD-09779,CUST-JOIN-2279,2026-09-02,5335.58,WH-DETROIT
ORD-09780,CUST-JOIN-2280,2026-09-02,6790.87,WH-DETROIT
ORD-09781,CUST-JOIN-2281,2026-09-02,1390.48,WH-CHICAGO
ORD-09782,CUST-JOIN-2282,2026-09-02,5479.1,WH-DETROIT
ORD-09783,CUST-JOIN-2283,2026-09-02,4919.98,WH-DETROIT
ORD-09784,CUST-JOIN-2284,2026-09-02,398.51,WH-NEWYORK
ORD-09785,CUST-JOIN-2285,2026-09-02,4692.58,WH-DETROIT
ORD-09786,CUST-JOIN-2286,2026-09-02,4948.47,WH-CHICAGO
ORD-09787,CUST-JOIN-2287,2026-09-02,6643.59,WH-MIAMI
ORD-09788,CUST-JOIN-2288,2026-09-02,6248.47,WH-MIAMI
ORD-09789,CUST-JOIN-2289,2026-09-02,1893.24,WH-NEWYORK
ORD-09790,CUST-JOIN-2290,2026-09-02,5687.04,WH-NEWYORK
ORD-09791,CUST-JOIN-2291,2026-09-02,531.83,WH-CHICAGO
ORD-09792,CUST-JOIN-2292,2026-09-02,3563.69,WH-NEWYORK
ORD-09793,CUST-JOIN-2293,2026-09-03,2809.14,WH-CHICAGO
ORD-09794,CUST-JOIN-2294,2026-09-03,7361.43,WH-MIAMI
ORD-09795,CUST-JOIN-2295,2026-09-03,4731.38,WH-CHICAGO
ORD-09796,CUST-JOIN-2296,2026-09-03,6715.43,WH-DETROIT
ORD-09797,CUST-JOIN-2297,2026-09-03,5207.32,WH-MIAMI
ORD-09798,CUST-JOIN-2298,2026-09-03,6585.12,WH-CHICAGO
ORD-09799,CUST-JOIN-2299,2026-09-03,7918.05,WH-MIAMI
ORD-09800,CUST-JOIN-2300,2026-09-03,600.57,WH-NEWYORK
ORD-09801,CUST-JOIN-2301,2026-09-03,6585.32,WH-NEWYORK
ORD-09802,CUST-JOIN-2302,2026-09-03,5805.44,WH-CHICAGO
ORD-09803,CUST-JOIN-2303,2026-09-03,797.03,WH-NEWYORK
ORD-09804,CUST-JOIN-2304,2026-09-03,3065.28,WH-MIAMI
ORD-09805,CUST-JOIN-2305,2026-09-03,4672.48,WH-MIAMI
ORD-09806,CUST-JOIN-2306,2026-09-03,7093.09,WH-NEWYORK
ORD-09807,CUST-JOIN-2307,2026-09-03,2159.97,WH-DETROIT
ORD-09808,CUST-JOIN-2308,2026-09-03,637.73,WH-CHICAGO
ORD-09809,CUST-JOIN-2309,2026-09-03,566.14,WH-NEWYORK
ORD-09810,CUST-JOIN-2310,2026-09-03,3433.05,WH-DETROIT
ORD-09811,CUST-JOIN-2311,2026-09-03,6787.76,WH-MIAMI
ORD-09812,CUST-JOIN-2312,2026-09-03,7629.77,WH-CHICAGO
ORD-09813,CUST-JOIN-2313,2026-09-03,3693.61,WH-CHICAGO
ORD-09814,CUST-JOIN-2314,2026-09-03,3800.52,WH-MIAMI
ORD-09815,CUST-JOIN-2315,2026-09-03,6855.01,WH-DETROIT
ORD-09816,CUST-JOIN-2316,2026-09-03,6297.0,WH-MIAMI
ORD-09817,CUST-JOIN-2317,2026-09-04,4652.66,WH-DETROIT
ORD-09818,CUST-JOIN-2318,2026-09-04,2050.59,WH-NEWYORK
ORD-09819,CUST-JOIN-2319,2026-09-04,6732.98,WH-NEWYORK
ORD-09820,CUST-JOIN-2320,2026-09-04,4682.67,WH-DETROIT
ORD-09821,CUST-JOIN-2321,2026-09-04,5010.91,WH-DETROIT
ORD-09822,CUST-JOIN-2322,2026-09-04,5353.3,WH-CHICAGO
ORD-09823,CUST-JOIN-2323,2026-09-04,2639.15,WH-NEWYORK
ORD-09824,CUST-JOIN-2324,2026-09-04,6371.32,WH-NEWYORK
ORD-09825,CUST-JOIN-2325,2026-09-04,7665.45,WH-MIAMI
ORD-09826,CUST-JOIN-2326,2026-09-04,7539.7,WH-CHICAGO
ORD-09827,CUST-JOIN-2327,2026-09-04,2871.9,WH-MIAMI
ORD-09828,CUST-JOIN-2328,2026-09-04,1960.16,WH-DETROIT
ORD-09829,CUST-JOIN-2329,2026-09-04,6823.12,WH-NEWYORK
ORD-09830,CUST-JOIN-2330,2026-09-04,6844.22,WH-MIAMI
ORD-09831,CUST-JOIN-2331,2026-09-04,3296.98,WH-CHICAGO
ORD-09832,CUST-JOIN-2332,2026-09-04,5907.5,WH-NEWYORK
ORD-09833,CUST-JOIN-2333,2026-09-04,6966.19,WH-NEWYORK
ORD-09834,CUST-JOIN-2334,2026-09-04,6328.33,WH-NEWYORK
ORD-09835,CUST-JOIN-2335,2026-09-04,3945.94,WH-DETROIT
ORD-09836,CUST-JOIN-2336,2026-09-04,3924.14,WH-MIAMI
ORD-09837,CUST-JOIN-2337,2026-09-04,1488.63,WH-CHICAGO
ORD-09838,CUST-JOIN-2338,2026-09-04,2860.57,WH-DETROIT
ORD-09839,CUST-JOIN-2339,2026-09-04,398.73,WH-NEWYORK
ORD-09840,CUST-JOIN-2340,2026-09-04,639.83,WH-MIAMI
ORD-09841,CUST-JOIN-2341,2026-09-05,7478.49,WH-CHICAGO
ORD-09842,CUST-JOIN-2342,2026-09-05,1966.07,WH-CHICAGO
ORD-09843,CUST-JOIN-2343,2026-09-05,6114.93,WH-NEWYORK
ORD-09844,CUST-JOIN-2344,2026-09-05,3841.69,WH-CHICAGO
ORD-09845,CUST-JOIN-2345,2026-09-05,4823.95,WH-NEWYORK
ORD-09846,CUST-JOIN-2346,2026-09-05,3810.68,WH-CHICAGO
ORD-09847,CUST-JOIN-2347,2026-09-05,6545.91,WH-NEWYORK
ORD-09848,CUST-JOIN-2348,2026-09-05,4832.24,WH-NEWYORK
ORD-09849,CUST-JOIN-2349,2026-09-05,3418.81,WH-CHICAGO
ORD-09850,CUST-JOIN-2350,2026-09-05,7686.88,WH-DETROIT
ORD-09851,CUST-JOIN-2351,2026-09-05,1486.14,WH-CHICAGO
ORD-09852,CUST-JOIN-2352,2026-09-05,1946.89,WH-NEWYORK
ORD-09853,CUST-JOIN-2353,2026-09-05,345.35,WH-NEWYORK
ORD-09854,CUST-JOIN-2354,2026-09-05,4143.11,WH-DETROIT
ORD-09855,CUST-JOIN-2355,2026-09-05,2658.59,WH-CHICAGO
ORD-09856,CUST-JOIN-2356,2026-09-05,6793.74,WH-DETROIT
ORD-09857,CUST-JOIN-2357,2026-09-05,2551.55,WH-DETROIT
ORD-09858,CUST-JOIN-2358,2026-09-05,7067.39,WH-NEWYORK
ORD-09859,CUST-JOIN-2359,2026-09-05,2723.53,WH-DETROIT
ORD-09860,CUST-JOIN-2360,2026-09-05,2497.0,WH-DETROIT
ORD-09861,CUST-JOIN-2361,2026-09-05,7282.37,WH-MIAMI
ORD-09862,CUST-JOIN-2362,2026-09-05,4322.9,WH-NEWYORK
ORD-09863,CUST-JOIN-2363,2026-09-05,3890.63,WH-MIAMI
ORD-09864,CUST-JOIN-2364,2026-09-05,4887.12,WH-NEWYORK
ORD-09865,CUST-JOIN-2365,2026-09-06,3702.83,WH-DETROIT
ORD-09866,CUST-JOIN-2366,2026-09-06,5671.89,WH-NEWYORK
ORD-09867,CUST-JOIN-2367,2026-09-06,2962.71,WH-CHICAGO
ORD-09868,CUST-JOIN-2368,2026-09-06,2720.25,WH-NEWYORK
ORD-09869,CUST-JOIN-2369,2026-09-06,6508.86,WH-NEWYORK
ORD-09870,CUST-JOIN-2370,2026-09-06,6777.83,WH-DETROIT
ORD-09871,CUST-JOIN-2371,2026-09-06,1677.04,WH-NEWYORK
ORD-09872,CUST-JOIN-2372,2026-09-06,3872.03,WH-DETROIT
ORD-09873,CUST-JOIN-2373,2026-09-06,2130.67,WH-NEWYORK
ORD-09874,CUST-JOIN-2374,2026-09-06,4402.62,WH-DETROIT
ORD-09875,CUST-JOIN-2375,2026-09-06,3144.55,WH-MIAMI
ORD-09876,CUST-JOIN-2376,2026-09-06,6903.5,WH-CHICAGO
ORD-09877,CUST-JOIN-2377,2026-09-06,4941.02,WH-NEWYORK
ORD-09878,CUST-JOIN-2378,2026-09-06,288.35,WH-NEWYORK
ORD-09879,CUST-JOIN-2379,2026-09-06,6778.53,WH-MIAMI
ORD-09880,CUST-JOIN-2380,2026-09-06,7767.76,WH-NEWYORK
ORD-09881,CUST-JOIN-2381,2026-09-06,5236.13,WH-NEWYORK
ORD-09882,CUST-JOIN-2382,2026-09-06,7581.15,WH-MIAMI
ORD-09883,CUST-JOIN-2383,2026-09-06,435.5,WH-CHICAGO
ORD-09884,CUST-JOIN-2384,2026-09-06,6938.33,WH-NEWYORK
ORD-09885,CUST-JOIN-2385,2026-09-06,4906.99,WH-DETROIT
ORD-09886,CUST-JOIN-2386,2026-09-06,3219.01,WH-DETROIT
ORD-09887,CUST-JOIN-2387,2026-09-06,6548.67,WH-CHICAGO
ORD-09888,CUST-JOIN-2388,2026-09-06,871.88,WH-CHICAGO
ORD-09889,CUST-JOIN-2389,2026-09-07,5642.01,WH-CHICAGO
ORD-09890,CUST-JOIN-2390,2026-09-07,264.72,WH-NEWYORK
ORD-09891,CUST-JOIN-2391,2026-09-07,5456.2,WH-NEWYORK
ORD-09892,CUST-JOIN-2392,2026-09-07,3154.79,WH-NEWYORK
ORD-09893,CUST-JOIN-2393,2026-09-07,4935.46,WH-NEWYORK
ORD-09894,CUST-JOIN-2394,2026-09-07,737.63,WH-CHICAGO
ORD-09895,CUST-JOIN-2395,2026-09-07,4497.18,WH-MIAMI
ORD-09896,CUST-JOIN-2396,2026-09-07,4759.95,WH-MIAMI
ORD-09897,CUST-JOIN-2397,2026-09-07,5850.17,WH-MIAMI
ORD-09898,CUST-JOIN-2398,2026-09-07,3140.79,WH-DETROIT
ORD-09899,CUST-JOIN-2399,2026-09-07,4564.56,WH-CHICAGO
ORD-09900,CUST-JOIN-2400,2026-09-07,2660.19,WH-CHICAGO
ORD-09901,CUST-JOIN-2401,2026-09-07,2449.73,WH-MIAMI
ORD-09902,CUST-JOIN-2402,2026-09-07,5720.55,WH-MIAMI
ORD-09903,CUST-JOIN-2403,2026-09-07,992.65,WH-MIAMI
ORD-09904,CUST-JOIN-2404,2026-09-07,6527.64,WH-DETROIT
ORD-09905,CUST-JOIN-2405,2026-09-07,5967.88,WH-CHICAGO
ORD-09906,CUST-JOIN-2406,2026-09-07,7966.7,WH-MIAMI
ORD-09907,CUST-JOIN-2407,2026-09-07,2532.89,WH-NEWYORK
ORD-09908,CUST-JOIN-2408,2026-09-07,2301.49,WH-DETROIT
ORD-09909,CUST-JOIN-2409,2026-09-07,7780.36,WH-NEWYORK
ORD-09910,CUST-JOIN-2410,2026-09-07,7917.98,WH-CHICAGO
ORD-09911,CUST-JOIN-2411,2026-09-07,3373.84,WH-NEWYORK
ORD-09912,CUST-JOIN-2412,2026-09-07,772.02,WH-NEWYORK
ORD-09913,CUST-JOIN-2413,2026-09-08,7153.09,WH-DETROIT
ORD-09914,CUST-JOIN-2414,2026-09-08,980.59,WH-DETROIT
ORD-09915,CUST-JOIN-2415,2026-09-08,218.41,WH-MIAMI
ORD-09916,CUST-JOIN-2416,2026-09-08,7718.06,WH-DETROIT
ORD-09917,CUST-JOIN-2417,2026-09-08,5275.08,WH-CHICAGO
ORD-09918,CUST-JOIN-2418,2026-09-08,1960.66,WH-NEWYORK
ORD-09919,CUST-JOIN-2419,2026-09-08,5105.48,WH-NEWYORK
ORD-09920,CUST-JOIN-2420,2026-09-08,3114.84,WH-CHICAGO
ORD-09921,CUST-JOIN-2421,2026-09-08,1000.82,WH-MIAMI
ORD-09922,CUST-JOIN-2422,2026-09-08,5802.63,WH-NEWYORK
ORD-09923,CUST-JOIN-2423,2026-09-08,6750.51,WH-NEWYORK
ORD-09924,CUST-JOIN-2424,2026-09-08,4553.44,WH-CHICAGO
ORD-09925,CUST-JOIN-2425,2026-09-08,2071.01,WH-DETROIT
ORD-09926,CUST-JOIN-2426,2026-09-08,7698.61,WH-CHICAGO
ORD-09927,CUST-JOIN-2427,2026-09-08,2945.63,WH-DETROIT
ORD-09928,CUST-JOIN-2428,2026-09-08,1025.46,WH-MIAMI
ORD-09929,CUST-JOIN-2429,2026-09-08,4586.59,WH-MIAMI
ORD-09930,CUST-JOIN-2430,2026-09-08,1997.38,WH-NEWYORK
ORD-09931,CUST-JOIN-2431,2026-09-08,7117.42,WH-NEWYORK
ORD-09932,CUST-JOIN-2432,2026-09-08,6073.28,WH-MIAMI
ORD-09933,CUST-JOIN-2433,2026-09-08,4407.34,WH-NEWYORK
ORD-09934,CUST-JOIN-2434,2026-09-08,1460.41,WH-NEWYORK
ORD-09935,CUST-JOIN-2435,2026-09-08,5400.49,WH-CHICAGO
ORD-09936,CUST-JOIN-2436,2026-09-08,3144.9,WH-CHICAGO
ORD-09937,CUST-JOIN-2437,2026-09-09,3186.01,WH-NEWYORK
ORD-09938,CUST-JOIN-2438,2026-09-09,795.14,WH-MIAMI
ORD-09939,CUST-JOIN-2439,2026-09-09,1249.62,WH-CHICAGO
ORD-09940,CUST-JOIN-2440,2026-09-09,5195.22,WH-CHICAGO
ORD-09941,CUST-JOIN-2441,2026-09-09,1544.55,WH-MIAMI
ORD-09942,CUST-JOIN-2442,2026-09-09,4788.91,WH-DETROIT
ORD-09943,CUST-JOIN-2443,2026-09-09,662.9,WH-MIAMI
ORD-09944,CUST-JOIN-2444,2026-09-09,1862.11,WH-NEWYORK
ORD-09945,CUST-JOIN-2445,2026-09-09,4124.87,WH-NEWYORK
ORD-09946,CUST-JOIN-2446,2026-09-09,475.98,WH-MIAMI
ORD-09947,CUST-JOIN-2447,2026-09-09,2944.49,WH-NEWYORK
ORD-09948,CUST-JOIN-2448,2026-09-09,3994.4,WH-MIAMI
ORD-09949,CUST-JOIN-2449,2026-09-09,2991.58,WH-DETROIT
ORD-09950,CUST-JOIN-2450,2026-09-09,4696.29,WH-CHICAGO
ORD-09951,CUST-JOIN-2451,2026-09-09,4782.48,WH-NEWYORK
ORD-09952,CUST-JOIN-2452,2026-09-09,7618.52,WH-CHICAGO
ORD-09953,CUST-JOIN-2453,2026-09-09,4412.11,WH-MIAMI
ORD-09954,CUST-JOIN-2454,2026-09-09,1697.48,WH-CHICAGO
ORD-09955,CUST-JOIN-2455,2026-09-09,6306.0,WH-DETROIT
ORD-09956,CUST-JOIN-2456,2026-09-09,2727.11,WH-MIAMI
ORD-09957,CUST-JOIN-2457,2026-09-09,335.55,WH-MIAMI
ORD-09958,CUST-JOIN-2458,2026-09-09,2833.53,WH-MIAMI
ORD-09959,CUST-JOIN-2459,2026-09-09,2955.69,WH-NEWYORK
ORD-09960,CUST-JOIN-2460,2026-09-09,1991.03,WH-CHICAGO
ORD-09961,CUST-JOIN-2461,2026-09-10,2093.69,WH-DETROIT
ORD-09962,CUST-JOIN-2462,2026-09-10,1302.83,WH-MIAMI
ORD-09963,CUST-JOIN-2463,2026-09-10,7813.29,WH-CHICAGO
ORD-09964,CUST-JOIN-2464,2026-09-10,4434.36,WH-DETROIT
ORD-09965,CUST-JOIN-2465,2026-09-10,7335.95,WH-DETROIT
ORD-09966,CUST-JOIN-2466,2026-09-10,7849.31,WH-MIAMI
ORD-09967,CUST-JOIN-2467,2026-09-10,4756.27,WH-NEWYORK
ORD-09968,CUST-JOIN-2468,2026-09-10,4496.8,WH-DETROIT
ORD-09969,CUST-JOIN-2469,2026-09-10,1892.58,WH-DETROIT
ORD-09970,CUST-JOIN-2470,2026-09-10,5760.07,WH-DETROIT
ORD-09971,CUST-JOIN-2471,2026-09-10,7793.86,WH-CHICAGO
ORD-09972,CUST-JOIN-2472,2026-09-10,6342.96,WH-MIAMI
ORD-09973,CUST-JOIN-2473,2026-09-10,6426.3,WH-NEWYORK
ORD-09974,CUST-JOIN-2474,2026-09-10,1522.66,WH-MIAMI
ORD-09975,CUST-JOIN-2475,2026-09-10,4082.14,WH-DETROIT
ORD-09976,CUST-JOIN-2476,2026-09-10,3854.52,WH-DETROIT
ORD-09977,CUST-JOIN-2477,2026-09-10,3326.59,WH-DETROIT
ORD-09978,CUST-JOIN-2478,2026-09-10,2418.35,WH-DETROIT
ORD-09979,CUST-JOIN-2479,2026-09-10,2438.54,WH-NEWYORK
ORD-09980,CUST-JOIN-2480,2026-09-10,2562.24,WH-MIAMI
ORD-09981,CUST-JOIN-2481,2026-09-10,6575.06,WH-DETROIT
ORD-09982,CUST-JOIN-2482,2026-09-10,7333.59,WH-DETROIT
ORD-09983,CUST-JOIN-2483,2026-09-10,449.79,WH-DETROIT
ORD-09984,CUST-JOIN-2484,2026-09-10,3115.27,WH-DETROIT
ORD-09985,CUST-JOIN-2485,2026-09-11,4706.48,WH-DETROIT
ORD-09986,CUST-JOIN-2486,2026-09-11,4039.71,WH-DETROIT
ORD-09987,CUST-JOIN-2487,2026-09-11,997.52,WH-MIAMI
ORD-09988,CUST-JOIN-2488,2026-09-11,7150.5,WH-CHICAGO
ORD-09989,CUST-JOIN-2489,2026-09-11,3205.69,WH-MIAMI
ORD-09990,CUST-JOIN-2490,2026-09-11,3167.78,WH-MIAMI
ORD-09991,CUST-JOIN-2491,2026-09-11,2456.63,WH-CHICAGO
ORD-09992,CUST-JOIN-2492,2026-09-11,3984.88,WH-CHICAGO
ORD-09993,CUST-JOIN-2493,2026-09-11,7558.37,WH-NEWYORK
ORD-09994,CUST-JOIN-2494,2026-09-11,6686.85,WH-DETROIT
ORD-09995,CUST-JOIN-2495,2026-09-11,7245.79,WH-MIAMI
ORD-09996,CUST-JOIN-2496,2026-09-11,2949.34,WH-CHICAGO
ORD-09997,CUST-JOIN-2497,2026-09-11,5494.06,WH-CHICAGO
ORD-09998,CUST-JOIN-2498,2026-09-11,433.3,WH-DETROIT
ORD-09999,CUST-JOIN-2499,2026-09-11,2044.03,WH-NEWYORK
ORD-10000,CUST-JOIN-2500,2026-09-11,3267.21,WH-MIAMI
